0.073120117187500 3700105
0.070495605468750 3700000
0.071044921875000 3699894
0.069335937500000 3700035
0.069824218750000 3700035
0.061645507812500 3699964
0.068908691406250 3700000
0.068115234375000 3699610
0.069335937500000 3697068
0.070922851562500 3699964
0.069824218750000 3700035
0.000000000000000 3699964
0.070617675781250 3699964
0.068664550781250 3684166
0.070617675781250 3684917
0.070068359375000 3700070
0.072021484375000 3700000
0.068115234375000 3699964
0.070678710937500 3699963
0.073608398437500 3700070
0.070617675781250 3700000
0.070251464843750 3700035
0.069274902343750 3699964
0.000000000000000 3700035
0.070678710937500 3699964
0.069580078125000 3700000
0.069091796875000 3700035
0.070861816406250 3699964
0.067016601562500 3700000
0.072082519531250 3700035
0.068237304687500 3699964
0.070861816406250 3700000
0.069335937500000 3700035
0.070007324218750 3699651
0.071533203125000 3696845
0.068420410156250 3700000
0.000000000000000 3700000
0.070129394531250 3699964
0.068481445312500 3700035
0.061828613281250 3700035
0.068420410156250 3700000
0.068908691406250 3699580
0.071594238281250 3689945
0.070495605468750 3700035
0.071960449218750 3699964
0.067260742187500 3700035
0.070251464843750 3699964
0.067749023437500 3700035
0.073181152343750 3699964
0.069641113281250 3699929
0.062316894531250 3700105
0.070190429687500 3700000
0.000000000000000 3699964
0.069396972656250 3689644
0.071289062500000 3700000
0.068237304687500 3699964
0.070251464843750 3700035
0.068908691406250 3700000
0.071472167968750 3700000
0.071166992187500 3700000
0.069335937500000 3700000
0.070861816406250 3699929
0.068725585937500 3693091
0.071838378906250 3696519
0.070068359375000 3700000
0.000000000000000 3700000
0.070373535156250 3700000
0.071105957031250 3700035
0.068725585937500 3699964
0.071411132812500 3689701
0.067443847656250 3700000
0.070312500000000 3699964
0.069152832031250 3700035
0.070556640625000 3699929
0.070983886718750 3700000
0.071533203125000 3700000
0.069274902343750 3700035
0.070251464843750 3700000
0.000000000000000 3700035
0.070678710937500 3699964
0.068298339843750 3700035
0.071533203125000 3700000
0.069274902343750 3699964
0.070739746093750 3700035
0.072143554687500 3699964
0.068481445312500 3700000
0.070251464843750 3700000
0.070068359375000 3699964
0.069824218750000 3700070
0.072753906250000 3700000
0.067810058593750 3700000
0.000000000000000 3700000
0.073486328125000 3699964
0.070861816406250 3700000
0.069396972656250 3700000
0.070495605468750 3700000
0.070068359375000 3700000
0.072082519531250 3689350
0.068664550781250 3699583
0.067260742187500 3699964
0.070373535156250 3699964
0.069763183593750 3700035
0.068786621093750 3691236
0.000000000000000 3698439
0.068664550781250 3700000
0.070434570312500 3700000
0.070068359375000 3700000
0.069885253906250 3699929
0.068481445312500 3700035
0.069580078125000 3699929
0.068115234375000 3696686
0.069458007812500 3700000
0.068786621093750 3699964
0.070861816406250 3700000
0.070495605468750 3700000
0.068725585937500 3700000
0.061035156250000 3700000
0.071655273437500 3700000
0.000000000000000 3699929
0.070373535156250 3700070
0.068481445312500 3700000
0.068420410156250 3700035
0.073425292968750 3699964
0.068298339843750 3700035
0.068542480468750 3699964
0.067871093750000 3700000
0.072875976562500 3700035
0.067687988281250 3700000
0.061828613281250 3699964
0.072326660156250 3700000
0.068542480468750 3699964
0.071716308593750 3696619
0.000000000000000 3699964
0.068054199218750 3700035
0.070617675781250 3700000
0.069580078125000 3699964
0.070983886718750 3687749
0.070678710937500 3694652
0.069335937500000 3699929
0.069824218750000 3700035
0.068359375000000 3699929
0.071044921875000 3700035
0.069091796875000 3700035
0.070922851562500 3700035
0.071044921875000 3699964
0.000000000000000 3700000
0.069274902343750 3700000
0.067321777343750 3700035
0.068298339843750 3700000
0.069274902343750 3699964
0.068115234375000 3689176
0.071960449218750 3696943
0.069091796875000 3700035
0.071105957031250 3700000
0.070129394531250 3700035
0.069213867187500 3699964
0.069580078125000 3696618
0.066955566406250 3699964
0.000000000000000 3700000
0.071472167968750 3700000
0.069519042968750 3699929
0.060913085937500 3698830
0.071044921875000 3690624
0.069335937500000 3700000
0.070800781250000 3700035
0.070251464843750 3699929
0.069030761718750 3700035
0.067687988281250 3700000
0.069091796875000 3700000
0.071716308593750 3700000
0.068725585937500 3696574
0.070556640625000 3700000
0.000000000000000 3700000
0.070068359375000 3699964
0.068725585937500 3700000
0.069458007812500 3700000
0.069091796875000 3700035
0.071960449218750 3699964
0.068786621093750 3693101
0.070556640625000 3700000
0.070678710937500 3700035
0.071350097656250 3696521
0.068908691406250 3700000
0.068969726562500 3700000
0.073181152343750 3700000
0.000000000000000 3695910
0.069396972656250 3693716
0.070800781250000 3696646
0.068786621093750 3699894
0.069763183593750 3700070
0.070190429687500 3700035
0.070556640625000 3699964
0.070556640625000 3693026
0.069519042968750 3699894
0.072448730468750 3700070
0.068786621093750 3700000
0.068481445312500 3700000
0.069946289062500 3700000
0.000000000000000 3700000
0.132019042968750 3700000
0.000000000000000 3700000
0.069213867187500 3700035
0.069885253906250 3690252
0.069030761718750 3698894
0.071472167968750 3699357
0.069641113281250 3697244
0.069763183593750 3699964
0.068664550781250 3700035
0.069702148437500 3700000
0.071960449218750 3700000
0.067199707031250 3700035
0.069152832031250 3699894
0.069946289062500 3700070
0.062011718750000 3699929
0.069152832031250 3696651
0.000000000000000 3700000
0.070373535156250 3700000
0.071044921875000 3700000
0.067504882812500 3700000
0.070739746093750 3700035
0.067565917968750 3699929
0.072143554687500 3700035
0.068359375000000 3700035
0.069763183593750 3700000
0.071960449218750 3699929
0.069641113281250 3700035
0.069885253906250 3695847
0.000000000000000 3683334
0.068847656250000 3696557
0.070129394531250 3699964
0.070190429687500 3699964
0.070617675781250 3700000
0.070800781250000 3700070
0.071166992187500 3700000
0.071289062500000 3700000
0.069763183593750 3699964
0.071105957031250 3700035
0.068603515625000 3700000
0.071960449218750 3692997
0.000000000000000 3700000
0.071411132812500 3700070
0.068237304687500 3685769
0.070251464843750 3699964
0.069152832031250 3700035
0.069641113281250 3690385
0.066467285156250 3695252
0.069885253906250 3699929
0.070373535156250 3700035
0.070251464843750 3700000
0.069580078125000 3700035
0.068725585937500 3699964
0.070800781250000 3693465
0.069152832031250 3693790
0.000000000000000 3698863
0.071289062500000 3699964
0.069335937500000 3700000
0.069702148437500 3700035
0.069458007812500 3700000
0.069458007812500 3699964
0.070251464843750 3696348
0.068359375000000 3700000
0.071105957031250 3700000
0.073120117187500 3700000
0.068542480468750 3699964
0.070434570312500 3700035
0.068969726562500 3700035
0.000000000000000 3700000
0.069580078125000 3700000
0.071472167968750 3699964
0.069030761718750 3700035
0.067199707031250 3700000
0.070861816406250 3699964
0.073181152343750 3699964
0.068847656250000 3700035
0.068542480468750 3700035
0.068481445312500 3700000
0.071594238281250 3699964
0.069030761718750 3700000
0.000000000000000 3700000
0.071289062500000 3700000
0.072143554687500 3700000
0.068725585937500 3700000
0.069885253906250 3699139
0.067321777343750 3694003
0.070617675781250 3700000
0.066589355468750 3699964
0.071777343750000 3700000
0.072753906250000 3700000
0.068725585937500 3700000
0.068542480468750 3696299
0.070861816406250 3700035
0.000000000000000 3696425
0.071716308593750 3687672
0.068481445312500 3683703
0.071228027343750 3696211
0.070312500000000 3579303
0.069091796875000 3700035
0.062194824218750 3699964
0.069824218750000 3700035
0.061828613281250 3699134
0.070373535156250 3697466
0.061828613281250 3699964
0.068847656250000 3699964
0.068969726562500 3699011
0.071960449218750 3700000
0.068481445312500 3699964
0.072509765625000 3700000
0.070190429687500 3700035
0.068908691406250 3700000
0.000000000000000 3700000
0.067565917968750 3700000
0.070190429687500 3699964
0.069885253906250 3700000
0.069335937500000 3700000
0.068298339843750 3700000
0.068542480468750 3700035
0.070800781250000 3699964
0.068481445312500 3696566
0.069396972656250 3700000
0.071960449218750 3700070
0.069152832031250 3699964
0.069030761718750 3700035
0.000000000000000 3696644
0.068603515625000 3699964
0.068725585937500 3700035
0.071044921875000 3699964
0.071533203125000 3700000
0.070190429687500 3700000
0.067749023437500 3692997
0.070373535156250 3699929
0.070495605468750 3699964
0.070251464843750 3700035
0.068969726562500 3693211
0.069702148437500 3699964
0.069152832031250 3700000
0.062072753906250 3700000
0.070800781250000 3700035
0.000000000000000 3696562
0.068786621093750 3700000
0.070190429687500 3699929
0.069641113281250 3700105
0.072143554687500 3699964
0.069458007812500 3700035
0.070007324218750 3686186
0.071472167968750 3699882
0.069763183593750 3700035
0.069274902343750 3699964
0.069030761718750 3700000
0.069580078125000 3700000
0.067199707031250 3700000
0.071472167968750 3700000
0.000000000000000 3697153
0.071472167968750 3695982
0.069152832031250 3699964
0.070495605468750 3700000
0.068359375000000 3700000
0.068908691406250 3700000
0.069274902343750 3700000
0.068542480468750 3699964
0.071105957031250 3700000
0.070556640625000 3700035
0.059204101562500 3616056
0.064636230468750 3600000
0.067443847656250 3599931
0.000000000000000 3600068
0.066345214843750 3600000
0.065551757812500 3599965
0.064453125000000 3599965
0.066955566406250 3600068
0.064697265625000 3600000
0.065002441406250 3600000
0.063415527343750 3600000
0.064575195312500 3600000
0.065856933593750 3600000
0.065307617187500 3596596
0.065795898437500 3600000
0.064392089843750 3600000
0.000000000000000 3600000
0.065124511718750 3600000
0.064697265625000 3599965
0.064453125000000 3599931
0.066345214843750 3600137
0.065795898437500 3599965
0.064575195312500 3600000
0.067199707031250 3600000
0.063049316406250 3600000
0.065124511718750 3600000
0.064147949218750 3600000
0.065063476562500 3599897
0.000000000000000 3600102
0.066650390625000 3600000
0.062500000000000 3600000
0.065673828125000 3600000
0.064208984375000 3600034
0.065795898437500 3599965
0.063659667968750 3599965
0.064025878906250 3600034
0.065063476562500 3600000
0.065612792968750 3600000
0.067321777343750 3600034
0.063110351562500 3599965
0.064208984375000 3599965
0.000000000000000 3600034
0.063293457031250 3600000
0.057128906250000 3599965
0.063598632812500 3600034
0.067016601562500 3600000
0.064880371093750 3600034
0.063171386718750 3600000
0.065002441406250 3599965
0.065795898437500 3600000
0.064025878906250 3599965
0.061706542968750 3600000
0.065979003906250 3600034
0.065979003906250 3600000
0.063903808593750 3600000
0.064697265625000 3600000
0.000000000000000 3599931
0.062438964843750 3600102
0.064819335937500 3599965
0.065002441406250 3600000
0.065246582031250 3525814
0.064392089843750 3506158
0.064697265625000 3600034
0.066223144531250 3600000
0.065063476562500 3600000
0.066894531250000 3600000
0.063049316406250 3600000
0.057617187500000 3600000
0.063232421875000 3596662
0.066162109375000 3599934
0.000000000000000 3599897
0.064147949218750 3600102
0.065063476562500 3600000
0.064147949218750 3600000
0.064208984375000 3600000
0.065185546875000 3600000
0.064147949218750 3599965
0.065307617187500 3600034
0.064270019531250 3599965
0.064208984375000 3599965
0.064025878906250 3600102
0.065124511718750 3593063
0.064270019531250 3600000
0.062927246093750 3600000
0.000000000000000 3599965
0.064086914062500 3600034
0.065979003906250 3600000
0.064697265625000 3600034
0.064208984375000 3599965
0.062255859375000 3599931
0.066101074218750 3600068
0.064086914062500 3600000
0.066955566406250 3600000
0.064270019531250 3599965
0.064331054687500 3599931
0.065795898437500 3600102
0.000000000000000 3600000
0.064514160156250 3600000
0.064453125000000 3600034
0.063110351562500 3599965
0.066406250000000 3599931
0.067260742187500 3600068
0.062622070312500 3600000
0.065673828125000 3600000
0.065612792968750 3600000
0.065856933593750 3597010
0.064147949218750 3596312
0.065673828125000 3593601
0.000000000000000 3599965
0.066650390625000 3600000
0.064880371093750 3600000
0.065246582031250 3600000
0.062927246093750 3600000
0.064086914062500 3599965
0.065124511718750 3600034
0.064147949218750 3600000
0.066406250000000 3596910
0.064025878906250 3599711
0.064941406250000 3599965
0.063537597656250 3600034
0.065673828125000 3599965
0.062683105468750 3599931
0.056884765625000 3600034
0.000000000000000 3600034
0.121398925781250 3600000
0.000000000000000 3600000
0.067687988281250 3600000
0.064880371093750 3600000
0.064697265625000 3599931
0.063293457031250 3600068
0.057128906250000 3600034
0.062561035156250 3599931
0.063354492187500 3600034
0.064208984375000 3599965
0.065063476562500 3600034
0.058044433593750 3599931
0.062744140625000 3589357
0.064514160156250 3596430
0.063781738281250 3599965
0.064636230468750 3600000
0.065002441406250 3599965
0.000000000000000 3600000
0.065551757812500 3600034
0.066833496093750 3600000
0.063537597656250 3600000
0.067260742187500 3600000
0.062377929687500 3600034
0.064819335937500 3599965
0.063293457031250 3600000
0.063964843750000 3600000
0.065979003906250 3600034
0.063293457031250 3599896
0.063781738281250 3600068
0.064636230468750 3600000
0.000000000000000 3600000
0.066467285156250 3599965
0.063354492187500 3600034
0.064697265625000 3600034
0.064147949218750 3599965
0.063964843750000 3600000
0.065246582031250 3600000
0.063720703125000 3599965
0.065795898437500 3600034
0.063476562500000 3600000
0.064636230468750 3600000
0.065979003906250 3600000
0.062927246093750 3600000
0.000000000000000 3600000
0.064697265625000 3599931
0.062561035156250 3600068
0.064819335937500 3600000
0.065429687500000 3600000
0.065307617187500 3600000
0.063781738281250 3600000
0.065734863281250 3599931
0.064453125000000 3600068
0.063842773437500 3600000
0.064270019531250 3600000
0.062194824218750 3600000
0.065734863281250 3600000
0.064208984375000 3600000
0.000000000000000 3599931
0.065551757812500 3600034
0.064514160156250 3600068
0.064514160156250 3599965
0.064208984375000 3600000
0.063049316406250 3600000
0.065185546875000 3600000
0.064086914062500 3600034
0.066345214843750 3599965
0.064025878906250 3600000
0.062988281250000 3600034
0.065429687500000 3599931
0.056762695312500 3600034
0.063781738281250 3599931
0.064636230468750 3600068
0.057434082031250 3600000
0.063171386718750 3599965
0.057189941406250 3600034
0.062561035156250 3599931
0.057006835937500 3600068
0.000000000000000 3600000
0.066467285156250 3600000
0.063171386718750 3600000
0.067382812500000 3599965
0.062805175781250 3600034
0.067199707031250 3600000
0.063049316406250 3599965
0.066833496093750 3600034
0.066101074218750 3600000
0.066040039062500 3600000
0.064208984375000 3600000
0.063171386718750 3600000
0.000000000000000 3600000
0.064453125000000 3599965
0.064147949218750 3600034
0.065063476562500 3600000
0.066467285156250 3600000
0.063476562500000 3599965
0.064331054687500 3600000
0.063720703125000 3600000
0.064758300781250 3600034
0.062255859375000 3599931
0.067077636718750 3600068
0.064208984375000 3600000
0.064453125000000 3600000
0.000000000000000 3600000
0.064392089843750 3600000
0.065063476562500 3599965
0.064453125000000 3600034
0.062377929687500 3600000
0.064270019531250 3600000
0.065063476562500 3600000
0.065734863281250 3599931
0.065368652343750 3600068
0.062744140625000 3599965
0.065490722656250 3600000
0.064697265625000 3600000
0.064392089843750 3600034
0.000000000000000 3600000
0.066528320312500 3600000
0.065490722656250 3600000
0.068420410156250 3600000
0.063354492187500 3600000
0.065002441406250 3600000
0.062683105468750 3600000
0.064941406250000 3600000
0.065673828125000 3599965
0.063720703125000 3600034
0.065979003906250 3600000
0.063354492187500 3599931
0.000000000000000 3600068
0.066223144531250 3599965
0.063110351562500 3600034
0.066101074218750 3599965
0.063354492187500 3600034
0.063354492187500 3600000
0.056762695312500 3600000
0.063171386718750 3600000
0.065246582031250 3600000
0.066284179687500 3612561
0.068786621093750 3800000
0.073547363281250 3800000
0.068847656250000 3800000
0.071899414062500 3732619
0.000000000000000 3700000
0.070495605468750 3699964
0.063842773437500 3699964
0.069152832031250 3700035
0.068969726562500 3700035
0.069946289062500 3699964
0.070617675781250 3700035
0.071716308593750 3700000
0.068237304687500 3700000
0.070251464843750 3699964
0.069641113281250 3700035
0.062011718750000 3696082
0.071777343750000 3699964
0.071594238281250 3700000
0.068969726562500 3700035
0.069519042968750 3699964
0.000000000000000 3697616
0.070922851562500 3699929
0.069641113281250 3700105
0.069946289062500 3689520
0.069519042968750 3700035
0.071472167968750 3700035
0.072753906250000 3699964
0.068420410156250 3696545
0.070861816406250 3700035
0.069641113281250 3700035
0.071899414062500 3699929
0.069641113281250 3700035
0.070861816406250 3700035
0.000000000000000 3700000
0.070922851562500 3696595
0.070068359375000 3699964
0.069763183593750 3699964
0.069702148437500 3699964
0.070495605468750 3700105
0.068420410156250 3699929
0.070434570312500 3699964
0.068908691406250 3700070
0.071228027343750 3700000
0.069213867187500 3699964
0.069580078125000 3700000
0.071350097656250 3700035
0.000000000000000 3700000
0.070800781250000 3699964
0.067382812500000 3700070
0.068054199218750 3700000
0.072265625000000 3700000
0.073303222656250 3699964
0.067443847656250 3700035
0.072265625000000 3699964
0.074035644531250 3700035
0.071105957031250 3699929
0.065856933593750 3700035
0.068420410156250 3700035
0.000000000000000 3699964
0.075317382812500 3700000
0.070068359375000 3700000
0.069152832031250 3691673
0.066955566406250 3694134
0.062500000000000 3699964
0.065856933593750 3699964
0.072998046875000 3700000
0.068115234375000 3700070
0.062316894531250 3699964
0.073486328125000 3700000
0.070800781250000 3700000
0.071960449218750 3700035
0.062866210937500 3699929
0.070617675781250 3700035
0.071044921875000 3700035
0.070495605468750 3700000
0.064086914062500 3699894
0.068847656250000 3700070
0.000000000000000 3700000
0.071472167968750 3700035
0.068664550781250 3699964
0.069213867187500 3700035
0.069458007812500 3699964
0.070983886718750 3700000
0.071411132812500 3700000
0.068664550781250 3699964
0.070190429687500 3700000
0.069213867187500 3700035
0.068969726562500 3700035
0.071044921875000 3700000
0.070129394531250 3700000
0.000000000000000 3700000
0.071105957031250 3699929
0.068420410156250 3700035
0.072753906250000 3700000
0.068725585937500 3700000
0.070739746093750 3700000
0.067993164062500 3700035
0.069396972656250 3699964
0.070617675781250 3700035
0.070922851562500 3700000
0.068908691406250 3699964
0.068603515625000 3699964
0.070251464843750 3696665
0.071044921875000 3699964
0.000000000000000 3699929
0.070251464843750 3700070
0.068237304687500 3700000
0.069274902343750 3700035
0.072082519531250 3699929
0.067871093750000 3700000
0.070007324218750 3699964
0.069152832031250 3700035
0.072021484375000 3700070
0.068969726562500 3699894
0.069641113281250 3700105
0.070678710937500 3700000
0.068908691406250 3700000
0.061706542968750 3700000
0.068603515625000 3699964
0.000000000000000 3700035
0.069946289062500 3699964
0.069641113281250 3700000
0.072265625000000 3700035
0.070312500000000 3699188
0.062011718750000 3686760
0.071777343750000 3700000
0.070495605468750 3700000
0.062377929687500 3700035
0.067260742187500 3696527
0.070617675781250 3699929
0.069519042968750 3700070
0.072082519531250 3699894
0.064697265625000 3700140
0.065002441406250 3700000
0.069702148437500 3699964
0.069641113281250 3700000
0.062011718750000 3700000
0.067810058593750 3700000
0.000000000000000 3700035
0.070312500000000 3699964
0.068664550781250 3700035
0.070190429687500 3699964
0.069335937500000 3700000
0.072998046875000 3700000
0.069396972656250 3700000
0.067932128906250 3700035
0.072326660156250 3699964
0.070068359375000 3700000
0.069152832031250 3692464
0.070434570312500 3699964
0.071594238281250 3700000
0.000000000000000 3699964
0.070434570312500 3699964
0.069335937500000 3700070
0.069946289062500 3700035
0.067687988281250 3700000
0.070678710937500 3700000
0.068054199218750 3700000
0.070312500000000 3700000
0.070861816406250 3699964
0.068054199218750 3700000
0.071289062500000 3699964
0.068542480468750 3700000
0.069641113281250 3700035
0.067749023437500 3699589
0.000000000000000 3697032
0.071350097656250 3700000
0.072082519531250 3699929
0.070861816406250 3700035
0.071533203125000 3700000
0.069335937500000 3700000
0.071350097656250 3700000
0.069396972656250 3699929
0.071594238281250 3700105
0.070983886718750 3699964
0.070190429687500 3700000
0.068725585937500 3700035
0.000000000000000 3699964
0.070068359375000 3700000
0.070373535156250 3700035
0.067993164062500 3699964
0.072570800781250 3700000
0.069702148437500 3700035
0.068359375000000 3700000
0.072082519531250 3700000
0.069030761718750 3699964
0.072509765625000 3693124
0.068847656250000 3696564
0.068542480468750 3700035
0.070922851562500 3700000
0.000000000000000 3689366
0.069396972656250 3700000
0.071472167968750 3700000
0.068847656250000 3700035
0.069946289062500 3699929
0.070983886718750 3700070
0.071350097656250 3700000
0.070861816406250 3699964
0.068603515625000 3700035
0.070495605468750 3699964
0.070922851562500 3700035
0.070678710937500 3699929
0.068603515625000 3695039
0.000000000000000 3690684
0.070068359375000 3700035
0.072631835937500 3700000
0.068176269531250 3700000
0.070983886718750 3700000
0.069824218750000 3700000
0.070739746093750 3699964
0.069396972656250 3699964
0.071044921875000 3700070
0.070800781250000 3699894
0.068847656250000 3700070
0.071960449218750 3700035
0.067382812500000 3699964
0.000000000000000 3699964
0.070922851562500 3700035
0.070007324218750 3699755
0.069396972656250 3696800
0.071044921875000 3700000
0.069702148437500 3700035
0.070068359375000 3699964
0.068786621093750 3700035
0.070251464843750 3699964
0.067749023437500 3700035
0.070678710937500 3699964
0.067565917968750 3700000
0.069885253906250 3699929
0.070861816406250 3700105
0.000000000000000 3699964
0.068481445312500 3693609
0.069335937500000 3695826
0.068176269531250 3700000
0.072082519531250 3700000
0.069396972656250 3700000
0.071289062500000 3699964
0.069335937500000 3700000
0.068054199218750 3699964
0.070434570312500 3700070
0.070068359375000 3699964
0.068908691406250 3700000
0.069824218750000 3700000
0.000000000000000 3700035
0.072509765625000 3696554
0.071594238281250 3699964
0.069152832031250 3696614
0.071044921875000 3699964
0.067749023437500 3700000
0.072631835937500 3700035
0.069091796875000 3700000
0.071105957031250 3700035
0.070373535156250 3700000
0.068969726562500 3699929
0.071289062500000 3700035
0.067626953125000 3698051
0.069274902343750 3695069
0.000000000000000 3700000
0.068725585937500 3700000
0.061645507812500 3700035
0.070007324218750 3699929
0.071716308593750 3700070
0.070556640625000 3699964
0.070373535156250 3700035
0.069946289062500 3700000
0.069030761718750 3699964
0.069091796875000 3700000
0.069946289062500 3700000
0.070495605468750 3700035
0.069702148437500 3700000
0.069274902343750 3699894
0.071289062500000 3700105
0.000000000000000 3699964
0.070922851562500 3699964
0.069885253906250 3696525
0.068542480468750 3699079
0.069885253906250 3697482
0.070739746093750 3700000
0.071716308593750 3700000
0.069519042968750 3700000
0.068542480468750 3700035
0.072082519531250 3699929
0.070068359375000 3689446
0.070861816406250 3700035
0.069580078125000 3699964
0.000000000000000 3700000
0.068725585937500 3700000
0.070678710937500 3700035
0.071044921875000 3699964
0.069152832031250 3700035
0.068420410156250 3700000
0.070251464843750 3699929
0.073913574218750 3700035
0.068054199218750 3700035
0.069702148437500 3700000
0.069946289062500 3699964
0.069824218750000 3699964
0.070251464843750 3699964
0.000000000000000 3700070
0.069946289062500 3700000
0.070251464843750 3700035
0.068115234375000 3699929
0.072631835937500 3700000
0.068603515625000 3700070
0.070434570312500 3699964
0.068786621093750 3700000
0.061767578125000 3700000
0.070007324218750 3700035
0.071044921875000 3699964
0.069763183593750 3700000
0.069274902343750 3697219
0.070861816406250 3699415
0.067749023437500 3699964
0.000000000000000 3700035
0.070251464843750 3699964
0.069946289062500 3700000
0.071411132812500 3700000
0.072387695312500 3700000
0.067749023437500 3697921
0.070007324218750 3698713
0.067565917968750 3699929
0.070434570312500 3696615
0.068969726562500 3700000
0.072448730468750 3700000
0.070312500000000 3700035
0.067871093750000 3699964
0.071289062500000 3700000
0.000000000000000 3700035
0.069519042968750 3699964
0.069274902343750 3699929
0.068298339843750 3700105
0.072265625000000 3699894
0.070922851562500 3700070
0.069091796875000 3696555
0.070312500000000 3700000
0.068542480468750 3700000
0.071105957031250 3700000
0.069946289062500 3700000
0.072143554687500 3700035
0.070434570312500 3699964
0.000000000000000 3700000
0.069396972656250 3699964
0.071289062500000 3700035
0.069519042968750 3700035
0.069641113281250 3699807
0.070434570312500 3687238
0.070739746093750 3698831
0.071228027343750 3692444
0.069641113281250 3693385
0.069824218750000 3699964
0.071716308593750 3700035
0.070068359375000 3700000
0.068847656250000 3700000
0.000000000000000 3699964
0.070190429687500 3700035
0.068176269531250 3700000
0.074523925781250 3700000
0.069824218750000 3694753
0.068420410156250 3698247
0.069824218750000 3696470
0.070312500000000 3700035
0.070739746093750 3694589
0.068725585937500 3698318
0.072570800781250 3700000
0.070861816406250 3699964
0.070068359375000 3696438
0.000000000000000 3693162
0.068115234375000 3700000
0.068969726562500 3700035
0.067565917968750 3699964
0.070800781250000 3700035
0.069702148437500 3699964
0.070617675781250 3700035
0.069152832031250 3700000
0.069152832031250 3700000
0.070739746093750 3699964
0.069885253906250 3700035
0.069152832031250 3700000
0.069946289062500 3700000
0.072082519531250 3699964
0.000000000000000 3700035
0.068725585937500 3700000
0.070678710937500 3699964
0.070068359375000 3700035
0.069885253906250 3700000
0.070678710937500 3699964
0.069519042968750 3700000
0.069824218750000 3700000
0.070190429687500 3700035
0.072143554687500 3700000
0.069091796875000 3700000
0.070373535156250 3699964
0.068298339843750 3700035
0.000000000000000 3700000
0.070617675781250 3700000
0.072082519531250 3699964
0.069763183593750 3700000
0.071166992187500 3700000
0.071105957031250 3700035
0.071716308593750 3700000
0.068237304687500 3699929
0.070556640625000 3700070
0.071411132812500 3699964
0.068420410156250 3700035
0.071960449218750 3700000
0.068054199218750 3699929
0.000000000000000 3700070
0.072509765625000 3699929
0.069152832031250 3700070
0.070068359375000 3700000
0.070495605468750 3699964
0.069946289062500 3699964
0.070434570312500 3700035
0.068969726562500 3700000
0.070983886718750 3700035
0.068237304687500 3700000
0.072143554687500 3699964
0.070312500000000 3700035
0.069519042968750 3699964
0.000000000000000 3700000
0.069335937500000 3700000
0.068420410156250 3700000
0.070190429687500 3700000
0.070556640625000 3700035
0.070739746093750 3699964
0.070190429687500 3696547
0.069824218750000 3700035
0.070312500000000 3699894
0.070251464843750 3700070
0.069702148437500 3699964
0.067443847656250 3700035
0.070983886718750 3700000
0.068542480468750 3699964
0.000000000000000 3700035
0.071289062500000 3700035
0.070922851562500 3700000
0.070129394531250 3700000
0.070739746093750 3700000
0.069824218750000 3700000
0.067810058593750 3699964
0.070251464843750 3699964
0.069458007812500 3700035
0.070251464843750 3696544
0.070068359375000 3700000
0.068725585937500 3700000
0.069580078125000 3700035
0.000000000000000 3699964
0.070495605468750 3700035
0.070373535156250 3699964
0.071838378906250 3700035
0.071166992187500 3700000
0.069458007812500 3699964
0.070678710937500 3699929
0.068176269531250 3700070
0.071655273437500 3700000
0.067810058593750 3699964
0.071228027343750 3700035
0.071716308593750 3700035
0.070068359375000 3700000
0.000000000000000 3700000
0.070129394531250 3693093
0.069152832031250 3700035
0.069946289062500 3699964
0.069885253906250 3700035
0.071411132812500 3699964
0.070861816406250 3700035
0.068481445312500 3699929
0.070861816406250 3700000
0.069763183593750 3700070
0.070068359375000 3700000
0.067565917968750 3700000
0.071228027343750 3699964
0.000000000000000 3700035
0.071716308593750 3700000
0.069152832031250 3699929
0.071289062500000 3700070
0.068054199218750 3700000
0.062255859375000 3699964
0.068603515625000 3700000
0.070983886718750 3700035
0.069396972656250 3692643
0.070861816406250 3700000
0.070556640625000 3700000
0.067687988281250 3700000
0.070190429687500 3696121
0.069274902343750 3700000
0.070922851562500 3699964
0.000000000000000 3700035
0.069519042968750 3700000
0.069885253906250 3699964
0.070007324218750 3700035
0.068725585937500 3699964
0.071228027343750 3700035
0.070617675781250 3699964
0.070434570312500 3700035
0.068786621093750 3699964
0.072814941406250 3700000
0.070556640625000 3700035
0.069519042968750 3699964
0.071105957031250 3700035
0.000000000000000 3700000
0.069458007812500 3699964
0.071228027343750 3700000
0.067932128906250 3700000
0.069580078125000 3700000
0.070983886718750 3700000
0.069396972656250 3700035
0.070373535156250 3700000
0.069641113281250 3699929
0.070373535156250 3700035
0.069824218750000 3700000
0.071838378906250 3700035
0.068664550781250 3699964
0.000000000000000 3700000
0.069519042968750 3700000
0.069213867187500 3699964
0.070617675781250 3700035
0.071655273437500 3700035
0.067993164062500 3700000
0.069824218750000 3699929
0.070495605468750 3700035
0.070861816406250 3700000
0.069519042968750 3700035
0.068115234375000 3700000
0.068786621093750 3699964
0.072692871093750 3700035
0.061828613281250 3700000
0.070312500000000 3699964
0.000000000000000 3700035
0.070556640625000 3700000
0.069030761718750 3700000
0.069580078125000 3699964
0.070190429687500 3700035
0.068969726562500 3700000
0.069702148437500 3699929
0.070739746093750 3700035
0.071044921875000 3700000
0.069580078125000 3700000
0.069519042968750 3700035
0.070739746093750 3699964
0.070068359375000 3700000
0.068664550781250 3700035
0.000000000000000 3700000
0.069519042968750 3699964
0.070861816406250 3700000
0.072387695312500 3700000
0.069152832031250 3700000
0.069580078125000 3700000
0.069152832031250 3700035
0.070617675781250 3700000
0.069396972656250 3700000
0.071716308593750 3699964
0.070617675781250 3700035
0.069274902343750 3700000
0.000000000000000 3699929
0.070861816406250 3700035
0.068664550781250 3700035
0.070434570312500 3699964
0.068969726562500 3700000
0.069274902343750 3700035
0.070495605468750 3700000
0.071044921875000 3700000
0.072204589843750 3699964
0.069213867187500 3700035
0.062805175781250 3699964
0.068115234375000 3700000
0.070190429687500 3700000
0.069946289062500 3700000
0.071838378906250 3700000
0.000000000000000 3700035
0.071960449218750 3700000
0.068115234375000 3700000
0.070068359375000 3699964
0.068054199218750 3700000
0.072448730468750 3700000
0.069152832031250 3700000
0.069885253906250 3700000
0.071411132812500 3700000
0.069091796875000 3700035
0.071289062500000 3700000
0.068176269531250 3700000
0.061706542968750 3699964
0.067993164062500 3700035
0.070617675781250 3700000
0.067871093750000 3700000
0.000000000000000 3699964
0.072143554687500 3699929
0.071289062500000 3700070
0.069763183593750 3700000
0.070312500000000 3700000
0.070068359375000 3700000
0.070190429687500 3700035
0.067932128906250 3699964
0.069580078125000 3700000
0.064636230468750 3779309
0.073974609375000 3800036
0.076049804687500 3800000
0.073730468750000 3800000
0.076477050781250 3800000
0.000000000000000 3800000
0.073303222656250 3800000
0.075073242187500 3799927
0.075195312500000 3800072
0.073364257812500 3800036
0.074707031250000 3799927
0.073059082031250 3800036
0.077392578125000 3800036
0.075073242187500 3799963
0.065856933593750 3800000
0.075683593750000 3800000
0.075866699218750 3800000
0.077575683593750 3800000
0.075378417968750 3800000
0.066406250000000 3800000
0.072387695312500 3800000
0.000000000000000 3800000
0.076904296875000 3799963
0.073181152343750 3800036
0.075561523437500 3800000
0.076904296875000 3800000
0.072509765625000 3800000
0.074462890625000 3800000
0.074157714843750 3800000
0.077697753906250 3800000
0.073974609375000 3800036
0.074707031250000 3799963
0.074157714843750 3800000
0.077209472656250 3799891
0.000000000000000 3800108
0.075866699218750 3800000
0.072937011718750 3800000
0.074523925781250 3799963
0.072448730468750 3800036
0.067443847656250 3800000
0.075500488281250 3800000
0.077026367187500 3800000
0.075500488281250 3800000
0.074829101562500 3800000
0.075500488281250 3800000
0.073852539062500 3800000
0.075317382812500 3800000
0.073852539062500 3800000
0.077453613281250 3800036
0.000000000000000 3799963
0.077880859375000 3800000
0.075012207031250 3800036
0.075927734375000 3799963
0.077148437500000 3800000
0.074890136718750 3800000
0.074218750000000 3800000
0.078186035156250 3800000
0.077453613281250 3800000
0.074707031250000 3800000
0.076660156250000 3800000
0.075805664062500 3800000
0.000000000000000 3800000
0.074096679687500 3800000
0.074768066406250 3800036
0.075134277343750 3799963
0.076416015625000 3800000
0.072631835937500 3800036
0.073181152343750 3799963
0.075500488281250 3799963
0.074523925781250 3800036
0.074340820312500 3800000
0.075622558593750 3800000
0.067321777343750 3800000
0.077331542968750 3800000
0.077636718750000 3800000
0.073669433593750 3800036
0.000000000000000 3799963
0.076354980468750 3799963
0.075195312500000 3800000
0.077697753906250 3800000
0.073852539062500 3800036
0.077453613281250 3800036
0.077514648437500 3799891
0.073364257812500 3800072
0.077453613281250 3800000
0.074340820312500 3800000
0.077514648437500 3800000
0.000000000000000 3800036
0.076843261718750 3799963
0.073852539062500 3800036
0.077331542968750 3799963
0.071899414062500 3800000
0.075927734375000 3800000
0.074401855468750 3799963
0.074645996093750 3800036
0.077453613281250 3800000
0.073425292968750 3800000
0.077331542968750 3800000
0.074462890625000 3800000
0.073974609375000 3800000
0.000000000000000 3800000
0.075195312500000 3800036
0.077392578125000 3799963
0.077697753906250 3800000
0.074096679687500 3800000
0.075744628906250 3800000
0.073913574218750 3800000
0.076416015625000 3800000
0.073669433593750 3800000
0.076171875000000 3800000
0.077453613281250 3800000
0.075378417968750 3800000
0.075500488281250 3800000
0.000000000000000 3800000
0.073425292968750 3800000
0.075561523437500 3799963
0.072814941406250 3800036
0.065734863281250 3800000
0.072631835937500 3800000
0.076416015625000 3800000
0.075439453125000 3800000
0.075988769531250 3800000
0.075805664062500 3799963
0.074523925781250 3800036
0.079345703125000 3800000
0.073608398437500 3799927
0.078002929687500 3800072
0.077087402343750 3800000
0.000000000000000 3800000
0.136047363281250 3800000
0.000000000000000 3800000
0.073242187500000 3800000
0.062866210937500 3800000
0.072143554687500 3800000
0.072204589843750 3799963
0.071960449218750 3800036
0.063659667968750 3800000
0.072265625000000 3800000
0.071228027343750 3799963
0.073242187500000 3800036
0.070739746093750 3800000
0.070678710937500 3799963
0.071838378906250 3800036
0.072082519531250 3800000
0.072937011718750 3800000
0.000000000000000 3800000
0.071228027343750 3800000
0.071960449218750 3800000
0.071166992187500 3800000
0.072509765625000 3800000
0.071899414062500 3800000
0.070983886718750 3800000
0.072387695312500 3800000
0.072326660156250 3800000
0.072265625000000 3800000
0.071777343750000 3800000
0.072143554687500 3800000
0.071228027343750 3800000
0.000000000000000 3800000
0.071166992187500 3800000
0.074096679687500 3800000
0.073730468750000 3799963
0.070800781250000 3800036
0.072753906250000 3800000
0.071533203125000 3800000
0.072814941406250 3800000
0.072875976562500 3800000
0.073181152343750 3800000
0.072326660156250 3800000
0.000000000000000 3800000
0.071594238281250 3800000
0.069763183593750 3800000
0.073486328125000 3799963
0.070007324218750 3800036
0.071350097656250 3800000
0.075256347656250 3800000
0.072204589843750 3799963
0.072448730468750 3800072
0.072387695312500 3799963
0.063781738281250 3800000
0.069458007812500 3800000
0.074157714843750 3800036
0.073425292968750 3799963
0.000000000000000 3800000
0.071716308593750 3800000
0.072875976562500 3800000
0.071105957031250 3800000
0.071411132812500 3800000
0.072937011718750 3800000
0.071350097656250 3800000
0.075805664062500 3800000
0.071777343750000 3800000
0.073242187500000 3800000
0.071716308593750 3800000
0.000000000000000 3800000
0.072021484375000 3800000
0.070312500000000 3800000
0.072387695312500 3800000
0.072387695312500 3800000
0.071289062500000 3800000
0.075195312500000 3800000
0.068481445312500 3800000
0.071594238281250 3800000
0.069885253906250 3800000
0.071533203125000 3800000
0.073974609375000 3800000
0.069702148437500 3800000
0.071777343750000 3800000
0.000000000000000 3800000
0.072082519531250 3800000
0.071655273437500 3800036
0.069152832031250 3799963
0.072692871093750 3800000
0.071899414062500 3799927
0.070739746093750 3800072
0.073120117187500 3800000
0.070495605468750 3800000
0.072387695312500 3800000
0.072814941406250 3799963
0.072998046875000 3800036
0.000000000000000 3799963
0.070678710937500 3800036
0.071228027343750 3799963
0.071350097656250 3800036
0.072082519531250 3800000
0.073669433593750 3800000
0.072265625000000 3800000
0.071716308593750 3800000
0.074401855468750 3799927
0.070373535156250 3800072
0.070190429687500 3800000
0.070800781250000 3800000
0.070800781250000 3800000
0.000000000000000 3800000
0.071594238281250 3800000
0.071289062500000 3800000
0.071655273437500 3800000
0.069396972656250 3800000
0.073120117187500 3799963
0.069946289062500 3800000
0.071838378906250 3800036
0.071350097656250 3799927
0.072998046875000 3800072
0.073852539062500 3800000
0.070739746093750 3800000
0.072631835937500 3799963
0.000000000000000 3800036
0.070861816406250 3799963
0.071777343750000 3800072
0.063232421875000 3799963
0.072326660156250 3800000
0.072814941406250 3799963
0.071166992187500 3800000
0.072204589843750 3800000
0.072326660156250 3800036
0.071899414062500 3799963
0.069763183593750 3800036
0.072692871093750 3800000
0.069580078125000 3800000
0.073669433593750 3799963
0.000000000000000 3800036
0.074096679687500 3800000
0.070861816406250 3799963
0.072570800781250 3800036
0.072387695312500 3800000
0.071594238281250 3800000
0.072509765625000 3800000
0.073852539062500 3800036
0.072631835937500 3799963
0.071899414062500 3800000
0.071289062500000 3800000
0.070007324218750 3800000
0.000000000000000 3800000
0.072631835937500 3799963
0.072448730468750 3800036
0.073303222656250 3800000
0.072570800781250 3800000
0.071960449218750 3800000
0.072082519531250 3800000
0.068908691406250 3800000
0.071594238281250 3800036
0.072692871093750 3799963
0.072998046875000 3800000
0.071350097656250 3800000
0.000000000000000 3800000
0.071105957031250 3800000
0.125366210937500 3800036
0.000000000000000 3799963
0.072875976562500 3800000
0.070007324218750 3800000
0.071777343750000 3799963
0.073608398437500 3800036
0.070678710937500 3800000
0.073913574218750 3799963
0.072204589843750 3800036
0.071105957031250 3800000
0.072082519531250 3800000
0.069824218750000 3800000
0.072448730468750 3800000
0.000000000000000 3800000
0.070007324218750 3799891
0.075744628906250 3800108
0.072753906250000 3800000
0.070373535156250 3800000
0.070129394531250 3799963
0.072326660156250 3800036
0.073669433593750 3800000
0.071350097656250 3799927
0.074401855468750 3800036
0.067810058593750 3800036
0.072326660156250 3800036
0.000000000000000 3799963
0.071044921875000 3800000
0.073242187500000 3800000
0.071838378906250 3800000
0.072998046875000 3800036
0.063476562500000 3799963
0.070556640625000 3800000
0.073364257812500 3800000
0.068542480468750 3800000
0.071044921875000 3800000
0.075195312500000 3800000
0.069030761718750 3800000
0.072387695312500 3800000
0.069030761718750 3800000
0.000000000000000 3800000
0.074401855468750 3800000
0.071411132812500 3800000
0.073181152343750 3800000
0.073608398437500 3799963
0.070312500000000 3800036
0.063537597656250 3799963
0.070617675781250 3800036
0.072570800781250 3800000
0.070190429687500 3800000
0.072448730468750 3800000
0.070434570312500 3799963
0.071716308593750 3800036
0.070495605468750 3800000
0.069885253906250 3800000
0.000000000000000 3800000
0.072082519531250 3800000
0.068115234375000 3799963
0.073120117187500 3800036
0.070007324218750 3800000
0.072753906250000 3800000
0.071777343750000 3800000
0.070983886718750 3800000
0.071899414062500 3800000
0.070190429687500 3799927
0.072875976562500 3800072
0.071350097656250 3800000
0.073669433593750 3800000
0.000000000000000 3800000
0.071594238281250 3800000
0.071228027343750 3800000
0.073791503906250 3799963
0.070434570312500 3800036
0.072204589843750 3800000
0.069885253906250 3800000
0.075927734375000 3800000
0.072570800781250 3800000
0.068664550781250 3799963
0.071594238281250 3800036
0.063964843750000 3800000
0.071044921875000 3800036
0.070556640625000 3799963
0.000000000000000 3800036
0.071655273437500 3799963
0.070129394531250 3800000
0.075195312500000 3800000
0.072937011718750 3800000
0.072509765625000 3800000
0.072204589843750 3800000
0.071411132812500 3800000
0.071594238281250 3800000
0.070495605468750 3800000
0.071716308593750 3800000
0.072692871093750 3800036
0.215576171875000 3799990
0.071411132812500 3800036
0.071105957031250 3799963
0.073974609375000 3800000
0.073181152343750 3800000
0.070312500000000 3800000
0.073852539062500 3800000
0.070922851562500 3799963
0.000000000000000 3800036
0.072448730468750 3799963
0.070800781250000 3800072
0.070068359375000 3799963
0.063110351562500 3800000
0.071777343750000 3800000
0.072326660156250 3800000
0.070983886718750 3800036
0.072204589843750 3799963
0.071716308593750 3800000
0.070922851562500 3800036
0.073059082031250 3799963
0.073059082031250 3799963
0.074279785156250 3800036
0.067626953125000 3800000
0.000000000000000 3800036
0.070983886718750 3799963
0.070556640625000 3799963
0.063842773437500 3800000
0.074157714843750 3800000
0.075561523437500 3800036
0.075195312500000 3800000
0.068481445312500 3800000
0.070678710937500 3800036
0.065063476562500 3799963
0.075500488281250 3800000
0.067077636718750 3800000
0.071838378906250 3800000
0.070190429687500 3800000
0.066345214843750 3800000
0.069396972656250 3800000
0.063903808593750 3800000
0.070068359375000 3800000
0.067138671875000 3800000
0.063110351562500 3799963
0.000000000000000 3800036
0.073364257812500 3800000
0.072875976562500 3800000
0.064270019531250 3800000
0.072631835937500 3800000
0.071594238281250 3800000
0.071960449218750 3800000
0.065063476562500 3800000
0.071105957031250 3799927
0.071472167968750 3800072
0.070617675781250 3800036
0.074218750000000 3799963
0.071289062500000 3800000
0.072631835937500 3800000
0.071472167968750 3800000
0.000000000000000 3800036
0.070312500000000 3799963
0.071594238281250 3800000
0.071350097656250 3800000
0.071777343750000 3800000
0.071044921875000 3800000
0.070556640625000 3800036
0.070373535156250 3799963
0.072387695312500 3800000
0.071838378906250 3800000
0.070739746093750 3800000
0.072265625000000 3800000
0.073059082031250 3800036
0.069458007812500 3799927
0.000000000000000 3800036
0.072509765625000 3800000
0.069885253906250 3800000
0.070678710937500 3800000
0.072326660156250 3799963
0.071777343750000 3800000
0.069335937500000 3800072
0.074096679687500 3799963
0.073913574218750 3799963
0.069335937500000 3800036
0.072143554687500 3800000
0.069763183593750 3800000
0.073364257812500 3799963
0.000000000000000 3800036
0.072082519531250 3800000
0.073852539062500 3800000
0.072692871093750 3800000
0.071228027343750 3800000
0.071716308593750 3800000
0.071166992187500 3800000
0.072204589843750 3800000
0.069458007812500 3800000
0.073608398437500 3799963
0.073730468750000 3800000
0.070007324218750 3800036
0.072692871093750 3800036
0.000000000000000 3799963
0.073608398437500 3800000
0.064270019531250 3800000
0.071105957031250 3799963
0.064697265625000 3799963
0.071105957031250 3800072
0.064941406250000 3799963
0.073730468750000 3800036
0.063537597656250 3800000
0.068237304687500 3800000
0.066833496093750 3800000
0.069458007812500 3800000
0.072143554687500 3800000
0.070800781250000 3800000
0.070800781250000 3800000
0.072692871093750 3800000
0.074890136718750 3800000
0.071655273437500 3799927
0.071777343750000 3800000
0.000000000000000 3800072
0.070678710937500 3800000
0.071166992187500 3800000
0.070495605468750 3799963
0.071472167968750 3800036
0.072326660156250 3800000
0.070312500000000 3800000
0.075683593750000 3799963
0.069702148437500 3800036
0.072875976562500 3800000
0.070190429687500 3800000
0.069580078125000 3800036
0.074401855468750 3799963
0.000000000000000 3799963
0.070678710937500 3800036
0.072814941406250 3800000
0.070373535156250 3800000
0.064331054687500 3800000
0.072204589843750 3800000
0.072448730468750 3800000
0.073547363281250 3800000
0.070190429687500 3800000
0.064697265625000 3800000
0.070983886718750 3800000
0.072265625000000 3800000
0.072570800781250 3799927
0.063842773437500 3800072
0.070861816406250 3800000
0.072631835937500 3800000
0.072570800781250 3800000
0.000000000000000 3800000
0.070068359375000 3799963
0.064270019531250 3800036
0.069946289062500 3800000
0.072753906250000 3800000
0.068969726562500 3799963
0.074890136718750 3800036
0.069519042968750 3800000
0.072082519531250 3799963
0.071716308593750 3800036
0.071777343750000 3800000
0.073242187500000 3800000
0.070495605468750 3800000
0.072631835937500 3800000
0.069091796875000 3800000
0.000000000000000 3800000
0.072570800781250 3800000
0.071960449218750 3800000
0.068786621093750 3799963
0.071166992187500 3800036
0.071533203125000 3800000
0.072753906250000 3799963
0.070556640625000 3800036
0.070739746093750 3800000
0.070983886718750 3800000
0.070739746093750 3800000
0.072326660156250 3800000
0.071350097656250 3799963
0.000000000000000 3800036
0.071166992187500 3800000
0.070434570312500 3799927
0.073852539062500 3800108
0.071960449218750 3799963
0.071044921875000 3800000
0.070800781250000 3800000
0.071594238281250 3799963
0.071411132812500 3800000
0.071289062500000 3800036
0.070495605468750 3800000
0.073059082031250 3800000
0.073059082031250 3800000
0.069396972656250 3800000
0.000000000000000 3800000
0.070495605468750 3800000
0.071594238281250 3800000
0.071289062500000 3800000
0.070617675781250 3800000
0.071472167968750 3799963
0.073303222656250 3800036
0.071105957031250 3800000
0.073608398437500 3800000
0.070678710937500 3799927
0.069274902343750 3800072
0.072265625000000 3800000
0.000000000000000 3800000
0.074768066406250 3800000
0.069702148437500 3799963
0.072448730468750 3799963
0.070068359375000 3800072
0.072875976562500 3800000
0.072875976562500 3800000
0.071044921875000 3800000
0.073120117187500 3800000
0.069335937500000 3800000
0.072875976562500 3800000
0.069885253906250 3800000
0.072082519531250 3799927
0.070800781250000 3800036
0.000000000000000 3800036
0.072998046875000 3800000
0.069641113281250 3800000
0.071960449218750 3800000
0.071533203125000 3800036
0.071533203125000 3799927
0.072509765625000 3800036
0.071166992187500 3800000
0.071228027343750 3800000
0.071166992187500 3800000
0.074401855468750 3799963
0.072021484375000 3799963
0.000000000000000 3800108
0.069091796875000 3799963
0.072021484375000 3800000
0.070495605468750 3800036
0.071960449218750 3800000
0.070434570312500 3799963
0.072204589843750 3800000
0.070800781250000 3800000
0.070739746093750 3800000
0.073303222656250 3800000
0.069702148437500 3800000
0.070068359375000 3800000
0.071105957031250 3800000
0.074157714843750 3800036
0.000000000000000 3799963
0.071655273437500 3800000
0.069458007812500 3799963
0.070922851562500 3799927
0.069946289062500 3800108
0.073364257812500 3800000
0.070190429687500 3799927
0.072204589843750 3800072
0.072448730468750 3800000
0.071472167968750 3800000
0.072509765625000 3800000
0.069519042968750 3799963
0.071838378906250 3800036
0.069274902343750 3800000
0.000000000000000 3800000
0.074096679687500 3800000
0.071350097656250 3800000
0.070861816406250 3800000
0.070861816406250 3800000
0.072143554687500 3799963
0.070617675781250 3800036
0.068481445312500 3800000
0.073486328125000 3800000
0.072326660156250 3800000
0.070617675781250 3800000
0.072326660156250 3800000
0.069396972656250 3799963
0.000000000000000 3800036
0.071655273437500 3800000
0.072631835937500 3800000
0.072631835937500 3800036
0.070129394531250 3799963
0.071960449218750 3800000
0.071411132812500 3800000
0.072021484375000 3798166
0.070495605468750 3683299
0.068115234375000 3683368
0.072082519531250 3684581
0.069519042968750 3697317
0.070739746093750 3693945
0.000000000000000 3694177
0.070251464843750 3688560
0.068908691406250 3697839
0.069274902343750 3697349
0.071228027343750 3697063
0.070861816406250 3700000
0.068725585937500 3699964
0.070373535156250 3697001
0.070983886718750 3700000
0.068054199218750 3700035
0.068603515625000 3699964
0.068054199218750 3695073
0.068908691406250 3691138
0.000000000000000 3700000
0.069458007812500 3693080
0.071472167968750 3695042
0.070922851562500 3700070
0.070434570312500 3699929
0.062744140625000 3690981
0.067687988281250 3683905
0.071350097656250 3691322
0.068115234375000 3692884
0.071044921875000 3700035
0.071166992187500 3700000
0.069458007812500 3699964
0.070434570312500 3697296
0.068237304687500 3695526
0.000000000000000 3689549
0.071044921875000 3692998
0.068725585937500 3700035
0.068725585937500 3684126
0.069519042968750 3698311
0.071166992187500 3700035
0.061401367187500 3699894
0.068786621093750 3700105
0.069213867187500 3699964
0.067687988281250 3700000
0.069580078125000 3700000
0.069580078125000 3693128
0.071716308593750 3700035
0.068725585937500 3696558
0.000000000000000 3700035
0.069274902343750 3699964
0.069702148437500 3692630
0.069580078125000 3695809
0.069030761718750 3692682
0.070190429687500 3700000
0.062072753906250 3686140
0.071350097656250 3689137
0.068786621093750 3700035
0.070434570312500 3699964
0.068847656250000 3700035
0.072204589843750 3686155
0.070129394531250 3693095
0.070800781250000 3700000
0.070373535156250 3693102
0.000000000000000 3700035
0.070800781250000 3696540
0.070312500000000 3696158
0.068908691406250 3690027
0.070922851562500 3696482
0.068176269531250 3695101
0.063720703125000 3683332
0.068725585937500 3685760
0.071228027343750 3685008
0.068725585937500 3694583
0.071228027343750 3694768
0.069885253906250 3693136
0.069030761718750 3696599
0.070251464843750 3684821
0.000000000000000 3686423
0.069396972656250 3689643
0.072875976562500 3684676
0.070068359375000 3688766
0.068847656250000 3700000
0.070007324218750 3684689
0.070617675781250 3690675
0.069396972656250 3683334
0.069702148437500 3690723
0.071777343750000 3691227
0.068603515625000 3700000
0.071899414062500 3697383
0.000000000000000 3695463
0.070495605468750 3700035
0.067504882812500 3700000
0.069641113281250 3697539
0.072143554687500 3683299
0.068298339843750 3694675
0.071105957031250 3693356
0.069702148437500 3689732
0.069274902343750 3694209
0.069763183593750 3691396
0.070434570312500 3689995
0.068725585937500 3692378
0.000000000000000 3699964
0.068054199218750 3696738
0.070434570312500 3696456
0.067504882812500 3699929
0.070861816406250 3699200
0.069763183593750 3683331
0.069519042968750 3699846
0.072143554687500 3700000
0.068054199218750 3693034
0.061035156250000 3684961
0.069396972656250 3699929
0.071044921875000 3700070
0.068176269531250 3692957
0.068664550781250 3694747
0.069885253906250 3690253
0.000000000000000 3692287
0.070312500000000 3692494
0.073181152343750 3700035
0.068664550781250 3700000
0.069091796875000 3700000
0.068298339843750 3696586
0.070556640625000 3700000
0.069519042968750 3698645
0.069335937500000 3700000
0.071533203125000 3700000
0.068725585937500 3693111
0.062377929687500 3700000
0.069946289062500 3696377
0.070251464843750 3689721
0.000000000000000 3699929
0.071655273437500 3700070
0.069030761718750 3699964
0.070983886718750 3700000
0.069885253906250 3696594
0.070678710937500 3700000
0.068115234375000 3696601
0.072998046875000 3699929
0.068664550781250 3700070
0.071289062500000 3700000
0.068603515625000 3697797
0.071472167968750 3697914
0.070129394531250 3700000
0.000000000000000 3689092
0.068725585937500 3686435
0.072631835937500 3689718
0.069396972656250 3698902
0.062255859375000 3699664
0.069824218750000 3686453
0.071289062500000 3696609
0.070190429687500 3700000
0.071838378906250 3688887
0.068969726562500 3697204
0.067504882812500 3700035
0.070007324218750 3700000
0.068237304687500 3692241
0.072204589843750 3683541
0.000000000000000 3699929
0.070068359375000 3697644
0.068786621093750 3700000
0.071228027343750 3699964
0.070251464843750 3700035
0.071044921875000 3700035
0.068298339843750 3699964
0.070861816406250 3700000
0.070312500000000 3696631
0.070129394531250 3699500
0.069885253906250 3688291
0.069152832031250 3696129
0.072265625000000 3697799
0.000000000000000 3700035
0.070800781250000 3693282
0.071228027343750 3699159
0.070129394531250 3700000
0.068908691406250 3699861
0.060974121093750 3683297
0.070739746093750 3686036
0.070617675781250 3686816
0.069946289062500 3686709
0.068969726562500 3683334
0.073547363281250 3689994
0.067810058593750 3687908
0.069030761718750 3683266
0.000000000000000 3684202
0.067260742187500 3696381
0.070739746093750 3695627
0.067871093750000 3685492
0.071655273437500 3696539
0.068847656250000 3688914
0.066955566406250 3693275
0.071228027343750 3700000
0.069641113281250 3699249
0.070983886718750 3683369
0.067565917968750 3690857
0.068969726562500 3699964
0.070617675781250 3699034
0.000000000000000 3694125
0.067749023437500 3693085
0.069763183593750 3691125
0.067749023437500 3694039
0.070312500000000 3697945
0.067810058593750 3700000
0.070129394531250 3684131
0.071655273437500 3695015
0.068420410156250 3699964
0.072509765625000 3700035
0.068359375000000 3698093
0.070190429687500 3698495
0.068603515625000 3685832
0.063049316406250 3699682
0.068725585937500 3698321
0.000000000000000 3698213
0.072937011718750 3700035
0.070678710937500 3700000
0.067504882812500 3700000
0.061828613281250 3699964
0.069335937500000 3700000
0.068786621093750 3700035
0.067932128906250 3685897
0.069702148437500 3699894
0.070129394531250 3700105
0.072387695312500 3700000
0.070007324218750 3700035
0.067932128906250 3700000
0.072631835937500 3700000
0.000000000000000 3699964
0.068054199218750 3700000
0.069885253906250 3700000
0.068603515625000 3700035
0.071105957031250 3700000
0.070190429687500 3699964
0.067932128906250 3696618
0.070068359375000 3699964
0.069091796875000 3696697
0.062255859375000 3700035
0.068664550781250 3696557
0.069641113281250 3700000
0.070861816406250 3700000
0.071533203125000 3700000
0.071044921875000 3699964
0.000000000000000 3700000
0.070068359375000 3700000
0.069580078125000 3692980
0.067687988281250 3700000
0.071533203125000 3699964
0.071105957031250 3695449
0.069946289062500 3687235
0.071777343750000 3699964
0.068725585937500 3700035
0.063354492187500 3700000
0.069946289062500 3700000
0.068786621093750 3699964
0.067443847656250 3700000
0.071228027343750 3700035
0.000000000000000 3696392
0.070434570312500 3700000
0.070678710937500 3699964
0.068603515625000 3700035
0.069213867187500 3694029
0.071655273437500 3693860
0.069763183593750 3683402
0.070739746093750 3683331
0.069274902343750 3693023
0.068847656250000 3699964
0.071350097656250 3700000
0.067504882812500 3700035
0.069152832031250 3700000
0.068969726562500 3700000
0.000000000000000 3696569
0.070617675781250 3699929
0.068786621093750 3692874
0.070190429687500 3694288
0.070434570312500 3700035
0.069152832031250 3699964
0.069274902343750 3700000
0.068298339843750 3696114
0.062011718750000 3696634
0.071594238281250 3700000
0.072875976562500 3700000
0.072021484375000 3699964
0.069335937500000 3700000
0.000000000000000 3700035
0.072875976562500 3699964
0.066833496093750 3700000
0.062866210937500 3700000
0.072509765625000 3700000
0.067871093750000 3699929
0.070312500000000 3700070
0.069580078125000 3696635
0.069763183593750 3688491
0.069824218750000 3697574
0.071960449218750 3696959
0.069885253906250 3699614
0.068481445312500 3700000
0.069824218750000 3700000
0.000000000000000 3696423
0.067626953125000 3700035
0.070434570312500 3700035
0.069763183593750 3699964
0.070983886718750 3700000
0.072692871093750 3700000
0.067810058593750 3700000
0.068786621093750 3700000
0.071960449218750 3700035
0.070373535156250 3697452
0.067749023437500 3700035
0.071411132812500 3699964
0.000000000000000 3700000
0.072326660156250 3699964
0.066894531250000 3700070
0.070434570312500 3699964
0.066711425781250 3700000
0.070495605468750 3700035
0.069702148437500 3699929
0.069396972656250 3700035
0.069274902343750 3700035
0.071411132812500 3696528
0.070129394531250 3700035
0.068115234375000 3699964
0.069946289062500 3700070
0.067810058593750 3700000
0.000000000000000 3696601
0.070068359375000 3689600
0.069946289062500 3699964
0.072082519531250 3689851
0.070678710937500 3685635
0.068481445312500 3699964
0.072204589843750 3700035
0.067565917968750 3696535
0.070434570312500 3700000
0.070251464843750 3699964
0.072204589843750 3698178
0.071472167968750 3700035
0.000000000000000 3696441
0.069885253906250 3700000
0.070068359375000 3700035
0.069641113281250 3700000
0.071350097656250 3693026
0.071960449218750 3700035
0.070617675781250 3699440
0.069213867187500 3690200
0.067687988281250 3690535
0.062316894531250 3695506
0.069091796875000 3696646
0.071166992187500 3696582
0.070678710937500 3688829
0.061462402343750 3699964
0.070800781250000 3700035
0.000000000000000 3699964
0.068115234375000 3700035
0.071166992187500 3700000
0.067749023437500 3699964
0.070495605468750 3700035
0.068786621093750 3699964
0.069335937500000 3700000
0.071594238281250 3700035
0.069885253906250 3699964
0.070312500000000 3699964
0.069152832031250 3700035
0.070312500000000 3696612
0.068176269531250 3700000
0.000000000000000 3699964
0.070678710937500 3700035
0.070251464843750 3700000
0.069274902343750 3683583
0.070495605468750 3692074
0.072143554687500 3700000
0.068908691406250 3700000
0.066833496093750 3699964
0.070007324218750 3700000
0.068115234375000 3700035
0.073974609375000 3690133
0.071472167968750 3699422
0.000000000000000 3700000
0.070495605468750 3700035
0.069702148437500 3696952
0.069824218750000 3695977
0.070129394531250 3700035
0.071411132812500 3700000
0.070922851562500 3700035
0.070068359375000 3700000
0.070373535156250 3700000
0.071411132812500 3700000
0.069030761718750 3700000
0.070190429687500 3696406
0.070922851562500 3700000
0.000000000000000 3699964
0.068298339843750 3700070
0.070312500000000 3696498
0.069030761718750 3699964
0.069580078125000 3700035
0.071716308593750 3699964
0.069824218750000 3700000
0.070617675781250 3700000
0.067993164062500 3693354
0.073486328125000 3683298
0.070617675781250 3690325
0.071716308593750 3693638
0.000000000000000 3683332
0.071289062500000 3699691
0.073181152343750 3700035
0.068847656250000 3699351
0.068176269531250 3697169
0.068298339843750 3696366
0.068664550781250 3696489
0.071411132812500 3700035
0.067321777343750 3700000
0.071655273437500 3700000
0.070068359375000 3692944
0.068908691406250 3700000
0.070861816406250 3700000
0.069335937500000 3700000
0.000000000000000 3700035
0.069763183593750 3696581
0.070800781250000 3699964
0.062438964843750 3700000
0.067749023437500 3699964
0.072692871093750 3700035
0.069763183593750 3700035
0.066955566406250 3696455
0.071350097656250 3700035
0.068298339843750 3697824
0.069396972656250 3684850
0.068664550781250 3700000
0.072143554687500 3699929
0.071533203125000 3700070
0.000000000000000 3699964
0.068298339843750 3696396
0.071044921875000 3696554
0.070129394531250 3700035
0.071105957031250 3699964
0.071655273437500 3699964
0.069213867187500 3700070
0.071105957031250 3700000
0.071411132812500 3699964
0.069519042968750 3700035
0.067077636718750 3698202
0.071166992187500 3693446
0.067932128906250 3692570
0.000000000000000 3700000
0.072082519531250 3696028
0.070434570312500 3693324
0.068481445312500 3700000
0.070068359375000 3699964
0.068542480468750 3693083
0.069458007812500 3692991
0.070861816406250 3700035
0.069580078125000 3700000
0.071716308593750 3690226
0.070739746093750 3692366
0.069641113281250 3700000
0.068298339843750 3700035
0.000000000000000 3700000
0.072448730468750 3699964
0.070678710937500 3689262
0.070617675781250 3686939
0.071166992187500 3695815
0.070068359375000 3700035
0.070312500000000 3700000
0.070678710937500 3695479
0.070739746093750 3688749
0.067687988281250 3696107
0.071655273437500 3689932
0.000000000000000 3698042
0.071289062500000 3692628
0.069763183593750 3700000
0.071411132812500 3700000
0.068115234375000 3700035
0.072265625000000 3700000
0.070373535156250 3699964
0.071960449218750 3700035
0.069824218750000 3700000
0.068542480468750 3700000
0.073181152343750 3689947
0.071411132812500 3695860
0.000000000000000 3700035
0.070007324218750 3693003
0.070007324218750 3700070
0.069396972656250 3700000
0.069946289062500 3699894
0.069824218750000 3700105
0.072326660156250 3700000
0.069519042968750 3699964
0.069030761718750 3699964
0.069030761718750 3700035
0.069946289062500 3700035
0.070739746093750 3699964
0.068969726562500 3700000
0.000000000000000 3700035
0.071411132812500 3700000
0.069335937500000 3699964
0.072387695312500 3696435
0.068237304687500 3700000
0.072875976562500 3699929
0.070739746093750 3700035
0.068664550781250 3579315
0.061340332031250 3700035
0.069519042968750 3694670
0.062683105468750 3691332
0.069213867187500 3689810
0.071594238281250 3696003
0.068481445312500 3700070
0.061889648437500 3700000
0.070983886718750 3699964
0.068115234375000 3691780
0.069213867187500 3694421
0.000000000000000 3696622
0.069030761718750 3683334
0.070373535156250 3699236
0.069030761718750 3699964
0.069946289062500 3697516
0.070312500000000 3695284
0.071960449218750 3696422
0.071777343750000 3700000
0.067443847656250 3696598
0.069396972656250 3700035
0.070251464843750 3700000
0.063476562500000 3700000
0.069335937500000 3690612
0.071411132812500 3683366
0.000000000000000 3694300
0.069885253906250 3700000
0.070678710937500 3700035
0.069030761718750 3700000
0.068298339843750 3685964
0.069641113281250 3692726
0.070251464843750 3699894
0.071472167968750 3698039
0.069030761718750 3700000
0.067504882812500 3700000
0.071289062500000 3700000
0.070007324218750 3699964
0.070495605468750 3700035
0.067443847656250 3700000
0.000000000000000 3698256
0.071533203125000 3693457
0.071838378906250 3699964
0.061706542968750 3685946
0.070861816406250 3700000
0.066772460937500 3692936
0.070983886718750 3692851
0.066833496093750 3698130
0.072326660156250 3698496
0.071044921875000 3699964
0.068481445312500 3700000
0.069580078125000 3695252
0.068847656250000 3697965
0.069580078125000 3696546
0.067871093750000 3693059
0.000000000000000 3699964
0.069641113281250 3700070
0.068664550781250 3700000
0.071533203125000 3693905
0.071533203125000 3692059
0.068054199218750 3700000
0.068969726562500 3699964
0.071533203125000 3700000
0.070739746093750 3700000
0.070800781250000 3700000
0.070251464843750 3700035
0.068298339843750 3691822
0.000000000000000 3687249
0.072387695312500 3699964
0.069519042968750 3700035
0.067993164062500 3700000
0.069824218750000 3699964
0.069396972656250 3700035
0.069885253906250 3698448
0.070678710937500 3687222
0.067687988281250 3700000
0.070678710937500 3700000
0.069458007812500 3700000
0.068786621093750 3699964
0.067810058593750 3700070
0.000000000000000 3700000
0.132263183593750 3700000
0.000000000000000 3699964
0.068969726562500 3700000
0.068969726562500 3696621
0.068237304687500 3696145
0.069213867187500 3693162
0.070434570312500 3699964
0.069274902343750 3689312
0.068298339843750 3700000
0.070068359375000 3700000
0.072448730468750 3700035
0.068664550781250 3700000
0.069885253906250 3699964
0.068908691406250 3700035
0.071777343750000 3699964
0.000000000000000 3700035
0.069885253906250 3699964
0.070678710937500 3700000
0.070434570312500 3698360
0.068969726562500 3698261
0.070678710937500 3699929
0.069030761718750 3700035
0.069702148437500 3700000
0.068725585937500 3700000
0.070129394531250 3700035
0.072387695312500 3700000
0.069458007812500 3699964
0.068725585937500 3700000
0.000000000000000 3700000
0.070251464843750 3700035
0.071166992187500 3699964
0.068786621093750 3700000
0.069946289062500 3700000
0.070007324218750 3700035
0.067932128906250 3699964
0.070495605468750 3700035
0.066894531250000 3699964
0.068359375000000 3700035
0.070983886718750 3692997
0.072143554687500 3699949
0.068298339843750 3683334
0.000000000000000 3695911
0.070922851562500 3700000
0.069274902343750 3700035
0.068359375000000 3699964
0.061950683593750 3700000
0.069824218750000 3699964
0.070617675781250 3693282
0.069885253906250 3699864
0.072265625000000 3700000
0.068176269531250 3700000
0.068725585937500 3700035
0.069274902343750 3693054
0.069213867187500 3700035
0.070922851562500 3700000
0.067810058593750 3699964
0.000000000000000 3692579
0.070983886718750 3694628
0.068176269531250 3694917
0.071777343750000 3700000
0.070068359375000 3697484
0.069274902343750 3683300
0.067810058593750 3691014
0.070190429687500 3696529
0.072814941406250 3700035
0.071350097656250 3699964
0.069030761718750 3700000
0.069335937500000 3700035
0.068603515625000 3694286
0.071105957031250 3698461
0.000000000000000 3700000
0.069519042968750 3700000
0.061889648437500 3696551
0.067993164062500 3700000
0.070678710937500 3700000
0.073181152343750 3697940
0.068054199218750 3691560
0.069458007812500 3699964
0.069213867187500 3699964
0.070190429687500 3700035
0.070617675781250 3700000
0.071411132812500 3700000
0.070739746093750 3700035
0.068908691406250 3699964
0.000000000000000 3700000
0.070434570312500 3700035
0.069030761718750 3692798
0.071350097656250 3699964
0.069152832031250 3700070
0.069885253906250 3699929
0.070617675781250 3700070
0.070007324218750 3700000
0.069702148437500 3692722
0.069580078125000 3700035
0.071289062500000 3700070
0.069152832031250 3699964
0.071533203125000 3700035
0.000000000000000 3693086
0.069885253906250 3699964
0.069702148437500 3700035
0.071594238281250 3700000
0.068664550781250 3699929
0.069946289062500 3700035
0.073730468750000 3700000
0.071166992187500 3700000
0.070983886718750 3700000
0.070556640625000 3700035
0.072814941406250 3700000
0.000000000000000 3700000
0.069641113281250 3699964
0.070861816406250 3700035
0.069885253906250 3700000
0.069458007812500 3700000
0.072265625000000 3700000
0.068054199218750 3699859
0.069824218750000 3700140
0.069458007812500 3700000
0.072998046875000 3700000
0.071044921875000 3699964
0.069335937500000 3700035
0.000000000000000 3699964
0.071594238281250 3700000
0.070312500000000 3700035
0.061889648437500 3700000
0.067260742187500 3700000
0.070800781250000 3700000
0.072448730468750 3699929
0.071594238281250 3700035
0.073669433593750 3700000
0.069885253906250 3700035
0.062438964843750 3700000
0.065979003906250 3700000
0.070861816406250 3699964
0.067993164062500 3700035
0.073974609375000 3699964
0.000000000000000 3700035
0.068420410156250 3699964
0.066894531250000 3700000
0.069702148437500 3700035
0.061401367187500 3700000
0.066162109375000 3700000
0.071289062500000 3700000
0.068542480468750 3699964
0.065856933593750 3700035
0.071533203125000 3700000
0.062133789062500 3700000
0.068298339843750 3700000
0.066101074218750 3700000
0.068237304687500 3699964
0.071777343750000 3700035
0.068359375000000 3699964
0.063781738281250 3700000
0.069702148437500 3700035
0.071716308593750 3700000
0.069702148437500 3700000
0.069030761718750 3700000
0.000000000000000 3699964
0.072204589843750 3700000
0.069946289062500 3700035
0.069946289062500 3700000
0.068725585937500 3700000
0.070007324218750 3699964
0.070922851562500 3700035
0.070190429687500 3699964
0.067749023437500 3700035
0.067443847656250 3699929
0.070495605468750 3700070
0.068420410156250 3700000
0.070190429687500 3699929
0.000000000000000 3700035
0.070312500000000 3700035
0.067138671875000 3700000
0.072814941406250 3700000
0.068908691406250 3699964
0.069274902343750 3700035
0.069824218750000 3700000
0.069580078125000 3699964
0.072021484375000 3700000
0.068603515625000 3700035
0.069946289062500 3699964
0.069702148437500 3700035
0.071044921875000 3699964
0.000000000000000 3700035
0.068420410156250 3699964
0.070983886718750 3699929
0.069946289062500 3700105
0.069519042968750 3700000
0.069335937500000 3700000
0.067443847656250 3699894
0.072326660156250 3700105
0.067382812500000 3700000
0.071350097656250 3699964
0.068664550781250 3700000
0.070068359375000 3700000
0.070007324218750 3700000
0.000000000000000 3700000
0.071044921875000 3699964
0.070617675781250 3700070
0.068725585937500 3700000
0.069396972656250 3699964
0.061706542968750 3700000
0.060668945312500 3700035
0.070312500000000 3700000
0.071472167968750 3699964
0.069702148437500 3693497
0.070983886718750 3685521
0.072509765625000 3699964
0.063171386718750 3700035
0.063659667968750 3699964
0.063903808593750 3700000
0.069885253906250 3700000
0.072448730468750 3700000
0.070251464843750 3700000
0.069152832031250 3700035
0.000000000000000 3700000
0.069274902343750 3685609
0.070617675781250 3686530
0.068847656250000 3699964
0.061584472656250 3700035
0.070312500000000 3700035
0.072204589843750 3699964
0.071105957031250 3700000
0.068054199218750 3700000
0.069335937500000 3700035
0.071899414062500 3696452
0.071533203125000 3694855
0.069641113281250 3690440
0.000000000000000 3700000
0.072387695312500 3699964
0.069091796875000 3700000
0.070800781250000 3700035
0.071044921875000 3700000
0.068054199218750 3699964
0.069946289062500 3700035
0.069458007812500 3699964
0.070007324218750 3700000
0.070373535156250 3696475
0.070068359375000 3700035
0.071777343750000 3700000
0.071044921875000 3699964
0.000000000000000 3700000
0.069396972656250 3700000
0.068969726562500 3700035
0.070739746093750 3699929
0.071533203125000 3700035
0.068725585937500 3700000
0.072143554687500 3700000
0.069763183593750 3700000
0.070129394531250 3700000
0.070983886718750 3700035
0.071594238281250 3700000
0.072265625000000 3699929
0.000000000000000 3700070
0.068786621093750 3699964
0.070190429687500 3700035
0.070007324218750 3699929
0.070007324218750 3700035
0.071166992187500 3700000
0.069396972656250 3699964
0.062683105468750 3700035
0.068603515625000 3700000
0.068420410156250 3700000
0.068237304687500 3700035
0.073547363281250 3699929
0.068359375000000 3699328
0.070739746093750 3683260
0.000000000000000 3696500
0.071289062500000 3700035
0.071105957031250 3692716
0.062072753906250 3700000
0.068237304687500 3700035
0.071655273437500 3698674
0.068725585937500 3697848
0.070861816406250 3699964
0.073059082031250 3700000
0.069458007812500 3685195
0.070861816406250 3690421
0.069335937500000 3695987
0.070861816406250 3691731
0.069580078125000 3694401
0.000000000000000 3700035
0.068481445312500 3699964
0.072265625000000 3700000
0.070129394531250 3700035
0.071044921875000 3699964
0.067687988281250 3697955
0.071533203125000 3698515
0.070190429687500 3700035
0.062561035156250 3693072
0.068908691406250 3699919
0.071166992187500 3691408
0.069213867187500 3694733
0.070007324218750 3699964
0.069702148437500 3700000
0.000000000000000 3693082
0.070251464843750 3700035
0.069702148437500 3700000
0.071105957031250 3700035
0.072753906250000 3700000
0.070312500000000 3699964
0.069030761718750 3696590
0.071044921875000 3699069
0.068603515625000 3700000
0.069763183593750 3683359
0.067993164062500 3698914
0.070922851562500 3700000
0.069030761718750 3700000
0.069213867187500 3700000
0.000000000000000 3700000
0.069519042968750 3700000
0.069030761718750 3696976
0.070556640625000 3700000
0.070190429687500 3700035
0.070251464843750 3700000
0.070800781250000 3696495
0.068054199218750 3700070
0.070312500000000 3698422
0.070068359375000 3698163
0.069458007812500 3700000
0.068054199218750 3690856
0.069580078125000 3687044
0.000000000000000 3694002
0.072021484375000 3700000
0.068237304687500 3700000
0.069946289062500 3698841
0.068603515625000 3692837
0.070922851562500 3696176
0.069641113281250 3687575
0.071044921875000 3683334
0.071228027343750 3697578
0.069519042968750 3699964
0.071533203125000 3700070
0.068847656250000 3689597
0.069274902343750 3689333
0.000000000000000 3693473
0.070861816406250 3700000
0.073059082031250 3699964
0.071594238281250 3693052
0.068420410156250 3700000
0.070739746093750 3699964
0.069396972656250 3700035
0.071533203125000 3699400
0.068969726562500 3683333
0.071044921875000 3696365
0.072814941406250 3698108
0.069335937500000 3697452
0.061828613281250 3697540
0.068969726562500 3700070
0.000000000000000 3697059
0.070922851562500 3699964
0.070129394531250 3700000
0.070678710937500 3693872
0.069213867187500 3690230
0.071777343750000 3687832
0.068481445312500 3693327
0.067687988281250 3689449
0.062133789062500 3700035
0.068542480468750 3700000
0.069030761718750 3700000
0.068054199218750 3700000
0.072875976562500 3700000
0.070007324218750 3691863
0.070129394531250 3694015
0.000000000000000 3692982
0.071289062500000 3700000
0.067810058593750 3699009
0.071838378906250 3690629
0.068420410156250 3700035
0.070983886718750 3699964
0.067810058593750 3699964
0.074340820312500 3700070
0.070739746093750 3699964
0.068786621093750 3700000
0.070983886718750 3700000
0.069335937500000 3695835
0.000000000000000 3699291
0.072875976562500 3696535
0.068969726562500 3700000
0.068420410156250 3700035
0.071228027343750 3699964
0.068969726562500 3700000
0.071411132812500 3700000
0.068359375000000 3700035
0.070190429687500 3699964
0.071594238281250 3700035
0.069824218750000 3696504
0.071472167968750 3700000
0.000000000000000 3696563
0.069580078125000 3700000
0.070068359375000 3700000
0.070312500000000 3700000
0.070190429687500 3700000
0.070739746093750 3689765
0.069519042968750 3685720
0.070983886718750 3700035
0.071533203125000 3700000
0.063476562500000 3700035
0.069885253906250 3697183
0.070312500000000 3699413
0.068969726562500 3693094
0.072326660156250 3700000
0.000000000000000 3693139
0.070861816406250 3696515
0.068115234375000 3700035
0.071411132812500 3692823
0.070678710937500 3696369
0.071960449218750 3698010
0.072082519531250 3698689
0.069030761718750 3699964
0.071655273437500 3686338
0.068237304687500 3699581
0.072021484375000 3700000
0.067810058593750 3686472
0.070617675781250 3691128
0.000000000000000 3699964
0.069152832031250 3700000
0.070861816406250 3700000
0.070312500000000 3700035
0.067077636718750 3693114
0.072021484375000 3698716
0.070373535156250 3694205
0.069641113281250 3700000
0.068908691406250 3689571
0.069519042968750 3699964
0.071533203125000 3700070
0.069885253906250 3699964
0.000000000000000 3700035
0.070922851562500 3699749
0.071228027343750 3696788
0.072265625000000 3696599
0.073425292968750 3700035
0.070678710937500 3700000
0.070739746093750 3697336
0.069458007812500 3699140
0.070373535156250 3700000
0.071960449218750 3700000
0.071289062500000 3700000
0.000000000000000 3700000
0.070434570312500 3693020
0.067810058593750 3689567
0.069335937500000 3700035
0.067565917968750 3699964
0.071411132812500 3700035
0.068786621093750 3700000
0.070617675781250 3683898
0.071105957031250 3694988
0.069763183593750 3700000
0.070739746093750 3700000
0.061645507812500 3692687
0.070861816406250 3699147
0.069824218750000 3693849
0.069946289062500 3699964
0.000000000000000 3700035
0.070190429687500 3700035
0.061645507812500 3700000
0.069519042968750 3700000
0.068237304687500 3699964
0.070312500000000 3700000
0.071350097656250 3700000
0.069885253906250 3700000
0.067687988281250 3696608
0.071716308593750 3699964
0.070495605468750 3700000
0.068786621093750 3700000
0.070922851562500 3700000
0.069213867187500 3700035
0.000000000000000 3700000
0.070617675781250 3700000
0.281433105468750 3699984
0.072631835937500 3700035
0.068969726562500 3700035
0.071228027343750 3700000
0.067504882812500 3699964
0.071350097656250 3697161
0.073974609375000 3687714
0.069641113281250 3694976
0.072082519531250 3699964
0.069580078125000 3700000
0.068969726562500 3700035
0.070739746093750 3700000
0.000000000000000 3697844
0.070434570312500 3690772
0.071166992187500 3698415
0.069641113281250 3700035
0.062805175781250 3696614
0.069641113281250 3699964
0.070617675781250 3696592
0.068725585937500 3700000
0.070861816406250 3699964
0.073486328125000 3700000
0.067687988281250 3700000
0.072448730468750 3700035
0.070007324218750 3699929
0.070739746093750 3700035
0.000000000000000 3700035
0.067687988281250 3692795
0.071350097656250 3700035
0.069152832031250 3699964
0.068664550781250 3700035
0.071044921875000 3699964
0.070373535156250 3700000
0.070068359375000 3700000
0.068542480468750 3696555
0.071166992187500 3700000
0.073242187500000 3698798
0.067321777343750 3692166
0.070739746093750 3697349
0.000000000000000 3684757
0.131530761718750 3700000
0.000000000000000 3693978
0.071716308593750 3699182
0.069946289062500 3700000
0.068176269531250 3700035
0.072753906250000 3699964
0.068481445312500 3697962
0.070922851562500 3695155
0.071960449218750 3700000
0.069030761718750 3700035
0.062744140625000 3699964
0.067871093750000 3693012
0.069824218750000 3690187
0.070922851562500 3700000
0.069641113281250 3700000
0.000000000000000 3699608
0.070983886718750 3693524
0.067932128906250 3700000
0.071289062500000 3700000
0.069824218750000 3696571
0.071960449218750 3699964
0.069091796875000 3689558
0.067687988281250 3700035
0.061889648437500 3700000
0.067871093750000 3699964
0.070495605468750 3696623
0.069396972656250 3700000
0.069641113281250 3699964
0.067932128906250 3700035
0.070922851562500 3694591
0.070129394531250 3694158
0.000000000000000 3683330
0.069152832031250 3692924
0.071899414062500 3696561
0.069213867187500 3700000
0.069213867187500 3700035
0.069274902343750 3700000
0.069702148437500 3694605
0.070922851562500 3686820
0.069030761718750 3693829
0.070068359375000 3696832
0.069824218750000 3698066
0.070007324218750 3695786
0.068603515625000 3700035
0.000000000000000 3693321
0.072265625000000 3692542
0.071105957031250 3699964
0.068054199218750 3696624
0.068908691406250 3699964
0.070190429687500 3700000
0.070007324218750 3700000
0.071411132812500 3693560
0.070190429687500 3685467
0.070495605468750 3699964
0.070129394531250 3689159
0.070861816406250 3686570
0.000000000000000 3700000
0.069946289062500 3698991
0.069519042968750 3687038
0.068603515625000 3700070
0.070129394531250 3700000
0.072692871093750 3699964
0.068237304687500 3699666
0.069824218750000 3696812
0.070495605468750 3700000
0.069885253906250 3700000
0.068664550781250 3696644
0.070617675781250 3694317
0.000000000000000 3700000
0.071289062500000 3700000
0.069396972656250 3700000
0.068481445312500 3700000
0.068847656250000 3700000
0.069702148437500 3699929
0.068603515625000 3700070
0.061584472656250 3700000
0.067687988281250 3699964
0.072265625000000 3700035
0.071228027343750 3699964
0.070739746093750 3692868
0.068176269531250 3699964
0.070922851562500 3700070
0.070495605468750 3699894
0.000000000000000 3695227
0.070312500000000 3687458
0.072082519531250 3689692
0.070617675781250 3696156
0.070312500000000 3700000
0.071044921875000 3696529
0.069702148437500 3700000
0.069274902343750 3700000
0.068176269531250 3696572
0.071228027343750 3700000
0.071960449218750 3699929
0.069396972656250 3696635
0.069396972656250 3700000
0.000000000000000 3696624
0.067810058593750 3700000
0.072448730468750 3700000
0.073913574218750 3698642
0.068847656250000 3697663
0.070434570312500 3700105
0.066833496093750 3688114
0.071716308593750 3691437
0.069763183593750 3700000
0.070373535156250 3699964
0.068969726562500 3696619
0.071289062500000 3700000
0.000000000000000 3700000
0.068969726562500 3699964
0.070495605468750 3700035
0.069580078125000 3700000
0.069641113281250 3700000
0.062133789062500 3696534
0.067993164062500 3700035
0.068237304687500 3700000
0.071716308593750 3700000
0.069152832031250 3696362
0.070190429687500 3689593
0.068786621093750 3700035
0.070190429687500 3692949
0.069030761718750 3696527
0.072204589843750 3700000
0.000000000000000 3700035
0.070678710937500 3700000
0.068420410156250 3696354
0.069335937500000 3700000
0.070373535156250 3700035
0.070007324218750 3700000
0.070068359375000 3700000
0.061340332031250 3700000
0.069824218750000 3692993
0.071472167968750 3700070
0.070129394531250 3700000
0.068359375000000 3700035
0.069824218750000 3693036
0.072265625000000 3695685
0.070495605468750 3690469
0.000000000000000 3700000
0.069030761718750 3700000
0.069946289062500 3700000
0.070373535156250 3699964
0.071655273437500 3700000
0.070556640625000 3699929
0.068420410156250 3698974
0.069763183593750 3690449
0.068969726562500 3700000
0.069091796875000 3700035
0.071777343750000 3699964
0.068786621093750 3700000
0.071350097656250 3700035
0.000000000000000 3699964
0.069763183593750 3700035
0.069702148437500 3700000
0.069091796875000 3699964
0.069946289062500 3700000
0.074829101562500 3700000
0.068969726562500 3700035
0.069396972656250 3699964
0.070251464843750 3699964
0.070251464843750 3700035
0.069885253906250 3700000
0.069702148437500 3700035
0.070556640625000 3700000
0.000000000000000 3699964
0.070495605468750 3699929
0.071350097656250 3700105
0.067321777343750 3700000
0.071044921875000 3700000
0.070678710937500 3699964
0.070434570312500 3700035
0.072509765625000 3700000
0.068420410156250 3699964
0.071350097656250 3700035
0.067749023437500 3693102
0.070434570312500 3695781
0.070068359375000 3686803
0.000000000000000 3696562
0.071411132812500 3700035
0.072631835937500 3700000
0.069091796875000 3700000
0.072875976562500 3700000
0.071533203125000 3699964
0.071166992187500 3700035
0.067871093750000 3700000
0.061828613281250 3700000
0.070800781250000 3697556
0.070129394531250 3692033
0.071105957031250 3699929
0.070678710937500 3700105
0.000000000000000 3699964
0.069763183593750 3700035
0.068176269531250 3699964
0.071289062500000 3700035
0.070251464843750 3700000
0.069274902343750 3696474
0.069885253906250 3685950
0.070800781250000 3700000
0.069580078125000 3699964
0.067687988281250 3688538
0.071716308593750 3686772
0.067810058593750 3700035
0.070373535156250 3700000
0.000000000000000 3699964
0.069702148437500 3700035
0.069641113281250 3700000
0.070190429687500 3699964
0.069702148437500 3699964
0.070251464843750 3700070
0.068725585937500 3699964
0.071533203125000 3697722
0.068908691406250 3698860
0.068176269531250 3700000
0.070922851562500 3696620
0.071289062500000 3700000
0.068908691406250 3700000
0.067810058593750 3700000
0.069030761718750 3699964
0.000000000000000 3700035
0.067993164062500 3699929
0.071594238281250 3700035
0.069458007812500 3700000
0.068054199218750 3700035
0.070800781250000 3700000
0.069335937500000 3696775
0.070129394531250 3699779
0.070434570312500 3700000
0.067626953125000 3700000
0.071350097656250 3700035
0.069458007812500 3699964
0.000000000000000 3700035
0.070983886718750 3700000
0.069152832031250 3700000
0.071166992187500 3699964
0.073364257812500 3700000
0.067077636718750 3700035
0.068847656250000 3689593
0.068359375000000 3697318
0.068969726562500 3695775
0.071411132812500 3699964
0.068786621093750 3700000
0.071899414062500 3700035
0.068054199218750 3699964
0.070434570312500 3700035
0.000000000000000 3700000
0.068237304687500 3699964
0.071105957031250 3698730
0.068542480468750 3690738
0.068237304687500 3700000
0.070068359375000 3700000
0.072265625000000 3699964
0.068481445312500 3700000
0.068481445312500 3700000
0.070617675781250 3687394
0.067260742187500 3691833
0.070922851562500 3700035
0.067626953125000 3700000
0.069580078125000 3700000
0.000000000000000 3700000
0.072814941406250 3699929
0.066040039062500 3700070
0.070373535156250 3699964
0.068420410156250 3696571
0.073242187500000 3700000
0.069824218750000 3700035
0.070678710937500 3699964
0.069091796875000 3700035
0.068603515625000 3700000
0.072082519531250 3699964
0.068725585937500 3700000
0.070007324218750 3700035
0.000000000000000 3700000
0.068603515625000 3700000
0.071533203125000 3699964
0.070922851562500 3699929
0.070617675781250 3700105
0.069763183593750 3700000
0.068054199218750 3699964
0.070983886718750 3700000
0.069458007812500 3700035
0.070678710937500 3700000
0.072265625000000 3700000
0.070373535156250 3699964
0.000000000000000 3700035
0.071838378906250 3700000
0.068969726562500 3699964
0.071166992187500 3700000
0.068603515625000 3700035
0.071899414062500 3699964
0.070190429687500 3697066
0.069641113281250 3699404
0.069702148437500 3700035
0.072265625000000 3699964
0.071044921875000 3700000
0.068481445312500 3699894
0.070007324218750 3700140
0.000000000000000 3700000
0.131835937500000 3700000
0.000000000000000 3700000
0.069396972656250 3699964
0.067443847656250 3700000
0.073364257812500 3700000
0.070068359375000 3700000
0.072021484375000 3700000
0.070312500000000 3700035
0.068481445312500 3700000
0.069519042968750 3699964
0.069458007812500 3699964
0.071838378906250 3700070
0.067749023437500 3700000
0.000000000000000 3700000
0.070434570312500 3700000
0.070434570312500 3700000
0.068542480468750 3700000
0.070983886718750 3699964
0.067932128906250 3700000
0.069641113281250 3700035
0.068725585937500 3699929
0.069519042968750 3700035
0.070129394531250 3693958
0.069946289062500 3699162
0.072326660156250 3543360
0.070068359375000 3699929
0.000000000000000 3700035
0.071960449218750 3700070
0.071289062500000 3699277
0.069946289062500 3693856
0.074645996093750 3699964
0.068603515625000 3700035
0.072021484375000 3700000
0.069335937500000 3700000
0.071594238281250 3699964
0.069396972656250 3700000
0.073364257812500 3693160
0.068420410156250 3696590
0.000000000000000 3699964
0.069519042968750 3700000
0.061340332031250 3696568
0.068481445312500 3695563
0.068908691406250 3699929
0.069702148437500 3700070
0.071716308593750 3699829
0.070251464843750 3696763
0.071350097656250 3700035
0.069091796875000 3700000
0.068054199218750 3696957
0.071228027343750 3689089
0.067932128906250 3700000
0.069396972656250 3700000
0.000000000000000 3700000
0.069702148437500 3699929
0.073425292968750 3700070
0.069641113281250 3685248
0.070556640625000 3696332
0.069274902343750 3700070
0.068176269531250 3693047
0.070068359375000 3699340
0.068420410156250 3692771
0.073181152343750 3700035
0.068176269531250 3700000
0.070556640625000 3699964
0.000000000000000 3700000
0.070434570312500 3696456
0.069702148437500 3689690
0.070800781250000 3699964
0.071166992187500 3700035
0.070373535156250 3700000
0.068664550781250 3700000
0.067871093750000 3700000
0.069763183593750 3699964
0.069580078125000 3700000
0.070495605468750 3700000
0.071716308593750 3693459
0.067504882812500 3697637
0.000000000000000 3700000
0.071289062500000 3700035
0.071411132812500 3699964
0.068725585937500 3696620
0.068786621093750 3699964
0.070617675781250 3699964
0.070434570312500 3700070
0.070922851562500 3700000
0.070190429687500 3694987
0.069213867187500 3691131
0.070617675781250 3700035
0.069763183593750 3700000
0.070434570312500 3699964
0.000000000000000 3700035
0.130004882812500 3696561
0.000000000000000 3691184
0.070983886718750 3698865
0.068237304687500 3700035
0.071899414062500 3700000
0.069458007812500 3700000
0.068908691406250 3700000
0.070068359375000 3700000
0.069030761718750 3700000
0.073242187500000 3693030
0.069702148437500 3696518
0.072265625000000 3699781
0.068725585937500 3698684
0.000000000000000 3697288
0.069763183593750 3699964
0.067382812500000 3700035
0.069030761718750 3699964
0.069824218750000 3699964
0.068786621093750 3700035
0.069702148437500 3700000
0.067504882812500 3700000
0.073608398437500 3696620
0.067443847656250 3699964
0.069213867187500 3700035
0.071411132812500 3692425
0.067687988281250 3693698
0.000000000000000 3699964
0.073242187500000 3700035
0.070739746093750 3700000
0.071166992187500 3692943
0.068115234375000 3696726
0.061828613281250 3699964
0.072021484375000 3700035
0.069396972656250 3700000
0.069519042968750 3699964
0.068603515625000 3688935
0.070739746093750 3700035
0.071411132812500 3700000
0.062438964843750 3699964
0.071960449218750 3689632
0.000000000000000 3700035
0.071594238281250 3699964
0.069763183593750 3700035
0.069091796875000 3699964
0.072082519531250 3700000
0.070495605468750 3700035
0.070617675781250 3696407
0.069824218750000 3696513
0.069702148437500 3699964
0.069946289062500 3700035
0.071655273437500 3697132
0.071533203125000 3695945
0.070129394531250 3699192
0.000000000000000 3686753
0.070983886718750 3700000
0.069458007812500 3700035
0.071289062500000 3699964
0.068359375000000 3700035
0.069458007812500 3700000
0.069091796875000 3700000
0.070251464843750 3700000
0.069335937500000 3700000
0.068664550781250 3699964
0.071289062500000 3700035
0.070251464843750 3699964
0.000000000000000 3700035
0.068847656250000 3699964
0.071044921875000 3700035
0.069763183593750 3699964
0.071899414062500 3700035
0.071777343750000 3699894
0.069702148437500 3700105
0.068786621093750 3700000
0.071472167968750 3699964
0.067749023437500 3700000
0.069641113281250 3700000
0.068725585937500 3699964
0.066894531250000 3700070
0.000000000000000 3699964
0.069702148437500 3700000
0.072509765625000 3700035
0.067749023437500 3695368
0.070312500000000 3685229
0.068603515625000 3700000
0.068359375000000 3700035
0.069702148437500 3693066
0.070739746093750 3700000
0.072326660156250 3696267
0.069091796875000 3696623
0.072753906250000 3698551
0.067382812500000 3694397
0.000000000000000 3700035
0.071594238281250 3700000
0.069763183593750 3693089
0.069519042968750 3696606
0.072448730468750 3693366
0.070495605468750 3699929
0.069519042968750 3689716
0.069641113281250 3699964
0.062194824218750 3700035
0.067871093750000 3690878
0.070251464843750 3683300
0.069274902343750 3683365
0.068298339843750 3683263
0.000000000000000 3685288
0.070922851562500 3692604
0.068786621093750 3699929
0.070495605468750 3700070
0.067993164062500 3700035
0.062133789062500 3699964
0.070739746093750 3699964
0.068908691406250 3700070
0.069396972656250 3700000
0.069335937500000 3699964
0.072387695312500 3700035
0.067260742187500 3693082
0.070129394531250 3700000
0.070739746093750 3696553
0.068786621093750 3697071
0.000000000000000 3695968
0.068481445312500 3700035
0.069702148437500 3696382
0.072021484375000 3694319
0.068115234375000 3695254
0.062011718750000 3700035
0.069702148437500 3699964
0.070617675781250 3700000
0.070068359375000 3689141
0.068176269531250 3692761
0.072998046875000 3699964
0.068725585937500 3700035
0.061828613281250 3699964
0.071838378906250 3700035
0.071655273437500 3684666
0.000000000000000 3690902
0.069885253906250 3700035
0.067199707031250 3699929
0.069519042968750 3700070
0.068176269531250 3700000
0.070678710937500 3699964
0.069824218750000 3696593
0.068969726562500 3700000
0.070190429687500 3696584
0.069824218750000 3685969
0.070678710937500 3700035
0.068298339843750 3700035
0.070251464843750 3699894
0.000000000000000 3700070
0.070251464843750 3700035
0.071838378906250 3692206
0.069274902343750 3690288
0.068481445312500 3699624
0.071289062500000 3700035
0.071228027343750 3696590
0.070068359375000 3700000
0.067626953125000 3700000
0.069946289062500 3685970
0.069396972656250 3700000
0.072082519531250 3700035
0.070800781250000 3699964
0.000000000000000 3700035
0.070312500000000 3695193
0.070739746093750 3697664
0.071716308593750 3700000
0.069396972656250 3693010
0.073181152343750 3700000
0.069030761718750 3696267
0.070983886718750 3700000
0.069030761718750 3700000
0.069763183593750 3700000
0.070556640625000 3700035
0.070556640625000 3699964
0.061828613281250 3698656
0.070251464843750 3700000
0.000000000000000 3698549
0.067260742187500 3686851
0.069274902343750 3693385
0.069335937500000 3694917
0.072204589843750 3700000
0.073913574218750 3699964
0.074096679687500 3696560
0.073486328125000 3697220
0.068969726562500 3700000
0.064636230468750 3700000
0.066345214843750 3700035
0.073059082031250 3699964
0.000000000000000 3700035
0.067749023437500 3699964
0.070129394531250 3700035
0.066162109375000 3700000
0.074218750000000 3699910
0.069274902343750 3693029
0.061645507812500 3700000
0.063720703125000 3700035
0.068176269531250 3700000
0.067871093750000 3700000
0.063659667968750 3700000
0.072021484375000 3700000
0.063720703125000 3700000
0.067138671875000 3700000
0.068481445312500 3697322
0.072814941406250 3700000
0.064025878906250 3699964
0.070434570312500 3700070
0.068786621093750 3699964
0.000000000000000 3700035
0.070800781250000 3700000
0.070678710937500 3700000
0.070434570312500 3699964
0.071350097656250 3692961
0.068969726562500 3700035
0.071899414062500 3700000
0.067993164062500 3700000
0.070373535156250 3699964
0.067504882812500 3696627
0.070190429687500 3700000
0.069946289062500 3699964
0.066772460937500 3700035
0.070495605468750 3697709
0.000000000000000 3698719
0.070373535156250 3699421
0.071166992187500 3697109
0.067871093750000 3700035
0.069763183593750 3699964
0.070495605468750 3700035
0.068054199218750 3700000
0.072326660156250 3700000
0.068298339843750 3700000
0.070495605468750 3700000
0.068420410156250 3700000
0.070922851562500 3700000
0.071960449218750 3689379
0.000000000000000 3686775
0.068969726562500 3697778
0.072998046875000 3700000
0.067260742187500 3699964
0.071289062500000 3700035
0.069152832031250 3685408
0.072082519531250 3689611
0.071350097656250 3700000
0.069702148437500 3700000
0.070800781250000 3700000
0.067565917968750 3700000
0.069702148437500 3700000
0.000000000000000 3691436
0.068969726562500 3694404
0.070556640625000 3699964
0.070007324218750 3700000
0.069335937500000 3700000
0.068969726562500 3700035
0.068664550781250 3699929
0.062255859375000 3700070
0.071411132812500 3699964
0.072265625000000 3689481
0.071228027343750 3700000
0.071289062500000 3700000
0.062927246093750 3700000
0.062866210937500 3700000
0.064941406250000 3699929
0.073242187500000 3699964
0.064575195312500 3700035
0.060668945312500 3700035
0.070068359375000 3700000
0.000000000000000 3700035
0.069519042968750 3699964
0.073547363281250 3689393
0.070678710937500 3699964
0.068603515625000 3700035
0.068969726562500 3700000
0.068176269531250 3699550
0.062133789062500 3696952
0.069702148437500 3700000
0.071166992187500 3684812
0.069885253906250 3690755
0.069763183593750 3700035
0.070800781250000 3698651
0.069946289062500 3694491
0.000000000000000 3699964
0.070129394531250 3692820
0.068725585937500 3700000
0.061767578125000 3700000
0.070678710937500 3700000
0.070495605468750 3700000
0.072387695312500 3699964
0.071655273437500 3700000
0.071228027343750 3700000
0.069335937500000 3684873
0.071533203125000 3683297
0.066650390625000 3693527
0.062011718750000 3696508
0.072265625000000 3700000
0.067565917968750 3700035
0.000000000000000 3700000
0.070556640625000 3698372
0.069213867187500 3694569
0.071533203125000 3700000
0.069519042968750 3699964
0.069946289062500 3700035
0.071472167968750 3699964
0.071411132812500 3693688
0.061584472656250 3683367
0.068420410156250 3698571
0.071472167968750 3696594
0.070007324218750 3700000
0.071716308593750 3693080
0.000000000000000 3700000
0.070129394531250 3700000
0.069335937500000 3699964
0.070434570312500 3700000
0.070373535156250 3700035
0.070190429687500 3700000
0.067504882812500 3699964
0.070312500000000 3700035
0.069702148437500 3700000
0.068664550781250 3700000
0.071350097656250 3700000
0.068176269531250 3699964
0.070251464843750 3700035
0.000000000000000 3696596
0.069152832031250 3699964
0.071044921875000 3700000
0.070983886718750 3700000
0.066955566406250 3700000
0.068603515625000 3700035
0.069213867187500 3699964
0.069335937500000 3696805
0.068969726562500 3700035
0.070617675781250 3700000
0.068969726562500 3699964
0.072692871093750 3700035
0.070556640625000 3699964
0.000000000000000 3700000
0.068420410156250 3700000
0.069274902343750 3700035
0.071228027343750 3699964
0.070434570312500 3700000
0.069091796875000 3700035
0.071228027343750 3695730
0.063842773437500 3697088
0.070068359375000 3700000
0.068481445312500 3700035
0.069946289062500 3693106
0.068298339843750 3699846
0.070678710937500 3692633
0.069763183593750 3699929
0.000000000000000 3700105
0.069946289062500 3698409
0.068115234375000 3698146
0.070983886718750 3700000
0.068176269531250 3700035
0.072509765625000 3699964
0.069335937500000 3700035
0.070678710937500 3700000
0.070922851562500 3689596
0.070251464843750 3699964
0.070190429687500 3700035
0.068542480468750 3700000
0.071655273437500 3700035
0.000000000000000 3691802
0.068847656250000 3693844
0.071472167968750 3657207
0.069213867187500 3599965
0.066650390625000 3600034
0.057434082031250 3596795
0.065307617187500 3599738
0.057189941406250 3600000
0.063659667968750 3600034
0.065307617187500 3596556
0.063903808593750 3599965
0.066467285156250 3599897
0.065734863281250 3600102
0.064392089843750 3600000
0.065734863281250 3600000
0.000000000000000 3600000
0.063049316406250 3599931
0.065063476562500 3600068
0.063659667968750 3600000
0.065429687500000 3600000
0.065856933593750 3600000
0.063720703125000 3600000
0.064453125000000 3600000
0.063842773437500 3600000
0.065612792968750 3596599
0.062072753906250 3600000
0.067077636718750 3600000
0.066040039062500 3600000
0.000000000000000 3600000
0.065856933593750 3600000
0.064636230468750 3599965
0.062744140625000 3600034
0.066101074218750 3599965
0.062805175781250 3600034
0.065856933593750 3600000
0.065307617187500 3600000
0.063476562500000 3599931
0.064147949218750 3600068
0.057067871093750 3600000
0.064880371093750 3600000
0.062927246093750 3600034
0.064147949218750 3596303
0.063354492187500 3600000
0.000000000000000 3599699
0.066040039062500 3589825
0.065002441406250 3600000
0.064270019531250 3599364
0.065551757812500 3597220
0.065734863281250 3600000
0.064086914062500 3599965
0.062500000000000 3600000
0.064819335937500 3600034
0.063903808593750 3599965
0.064758300781250 3600068
0.064819335937500 3589224
0.062988281250000 3599965
0.000000000000000 3600000
0.066040039062500 3600000
0.064697265625000 3600000
0.065368652343750 3599965
0.063720703125000 3600034
0.065124511718750 3600000
0.067565917968750 3600000
0.060974121093750 3600000
0.057617187500000 3600034
0.063354492187500 3599965
0.066101074218750 3600000
0.067565917968750 3600000
0.063354492187500 3599965
0.065429687500000 3600034
0.063171386718750 3600000
0.000000000000000 3600034
0.065673828125000 3599965
0.065979003906250 3600000
0.064880371093750 3600000
0.064331054687500 3600000
0.060302734375000 3600000
0.064758300781250 3600034
0.064575195312500 3599965
0.063842773437500 3600000
0.062927246093750 3599965
0.066040039062500 3600034
0.063476562500000 3600000
0.057373046875000 3600000
0.065795898437500 3600000
0.000000000000000 3600000
0.065124511718750 3599897
0.067443847656250 3600137
0.080444335937500 3599965
0.083679199218750 3600000
0.000000000000000 3600000
0.084106445312500 3600000
0.085327148437500 3600000
0.000000000000000 3600000
0.083251953125000 3599931
0.067626953125000 3600034
0.058715820312500 3600034
0.065612792968750 3600000
0.057983398437500 3600000
0.064025878906250 3599965
0.066223144531250 3600034
0.065429687500000 3600000
0.066955566406250 3600000
0.066345214843750 3599965
0.000000000000000 3600034
0.064575195312500 3600000
0.065490722656250 3600000
0.065612792968750 3600034
0.065551757812500 3599931
0.064758300781250 3600034
0.067016601562500 3599965
0.064880371093750 3600068
0.063781738281250 3599965
0.065368652343750 3600000
0.062805175781250 3600000
0.064147949218750 3600000
0.000000000000000 3600000
0.065551757812500 3600000
0.065124511718750 3600000
0.065551757812500 3599965
0.063842773437500 3600034
0.066833496093750 3600000
0.064697265625000 3599931
0.065673828125000 3600000
0.066345214843750 3600068
0.066101074218750 3600000
0.066284179687500 3600000
0.000000000000000 3600000
0.063781738281250 3600000
0.065063476562500 3599965
0.062500000000000 3600034
0.057983398437500 3600000
0.062377929687500 3600000
0.065124511718750 3600000
0.065979003906250 3599931
0.067077636718750 3600034
0.066406250000000 3600034
0.062744140625000 3600000
0.065124511718750 3600000
0.065673828125000 3600000
0.057556152343750 3600000
0.067077636718750 3600000
0.063537597656250 3600000
0.000000000000000 3600000
0.065856933593750 3600000
0.063537597656250 3600000
0.063842773437500 3596811
0.064941406250000 3599685
0.063232421875000 3596578
0.066406250000000 3600000
0.063110351562500 3600034
0.066101074218750 3599931
0.065979003906250 3600034
0.065856933593750 3600000
0.065917968750000 3600000
0.000000000000000 3600000
0.064697265625000 3600000
0.063415527343750 3600000
0.064514160156250 3600034
0.064025878906250 3599931
0.065307617187500 3600034
0.065673828125000 3600000
0.063598632812500 3569731
0.065551757812500 3600034
0.067077636718750 3599931
0.066223144531250 3600034
0.065734863281250 3600000
0.000000000000000 3600000
0.063232421875000 3600000
0.065124511718750 3600000
0.063903808593750 3600000
0.065795898437500 3600000
0.057556152343750 3600000
0.062866210937500 3600000
0.065246582031250 3600000
0.065063476562500 3600000
0.064025878906250 3600000
0.063903808593750 3600000
0.064941406250000 3600000
0.066833496093750 3599965
0.062500000000000 3600068
0.065002441406250 3599965
0.000000000000000 3600000
0.065368652343750 3600000
0.065612792968750 3600000
0.066528320312500 3600000
0.065063476562500 3600034
0.067321777343750 3599965
0.064270019531250 3600000
0.064025878906250 3599965
0.063354492187500 3600034
0.065856933593750 3600000
0.063476562500000 3600000
0.065612792968750 3600000
0.000000000000000 3600000
0.067382812500000 3600000
0.064514160156250 3600000
0.064453125000000 3600000
0.065185546875000 3600000
0.057983398437500 3600000
0.063903808593750 3600000
0.064636230468750 3600000
0.063659667968750 3600000
0.065979003906250 3600000
0.057373046875000 3600000
0.062011718750000 3600000
0.057067871093750 3599965
0.063171386718750 3600068
0.066040039062500 3599931
0.063171386718750 3600034
0.065246582031250 3600000
0.000000000000000 3600000
0.064880371093750 3600000
0.066406250000000 3600000
0.064880371093750 3600000
0.063354492187500 3600000
0.065551757812500 3600000
0.066467285156250 3600000
0.065734863281250 3600000
0.066345214843750 3600000
0.065551757812500 3600000
0.063781738281250 3596318
0.000000000000000 3600034
0.123229980468750 3599965
0.000000000000000 3592923
0.064453125000000 3600000
0.064331054687500 3600068
0.063659667968750 3600000
0.056762695312500 3600000
0.057128906250000 3600000
0.056762695312500 3600000
0.064819335937500 3599965
0.062744140625000 3600034
0.067443847656250 3600034
0.064453125000000 3599965
0.065612792968750 3600000
0.063476562500000 3600000
0.063964843750000 3599965
0.066833496093750 3599965
0.064270019531250 3600068
0.065490722656250 3600000
0.000000000000000 3599931
0.065979003906250 3600102
0.064697265625000 3600000
0.063354492187500 3599965
0.064819335937500 3600000
0.065063476562500 3600000
0.063110351562500 3600000
0.066101074218750 3600000
0.063293457031250 3600000
0.064086914062500 3600000
0.063415527343750 3599931
0.068054199218750 3600068
0.000000000000000 3600000
0.065551757812500 3600000
0.062377929687500 3600034
0.065490722656250 3599965
0.063659667968750 3600000
0.057800292968750 3600000
0.064758300781250 3600000
0.065490722656250 3600000
0.064270019531250 3600034
0.069213867187500 3763076
0.071472167968750 3800108
0.068237304687500 3800000
0.073120117187500 3703796
0.070312500000000 3700035
0.063293457031250 3700000
0.067932128906250 3700000
0.000000000000000 3700000
0.071716308593750 3700000
0.069458007812500 3700000
0.071289062500000 3699964
0.069274902343750 3700035
0.068847656250000 3699894
0.071166992187500 3700070
0.069091796875000 3700035
0.071228027343750 3700000
0.069519042968750 3699964
0.069091796875000 3700035
0.068542480468750 3700000
0.071289062500000 3700000
0.069763183593750 3700000
0.000000000000000 3700000
0.069641113281250 3699964
0.070129394531250 3700000
0.071044921875000 3700000
0.071289062500000 3700000
0.069824218750000 3700000
0.069030761718750 3699964
0.070312500000000 3700035
0.070617675781250 3700035
0.070739746093750 3700000
0.070312500000000 3699964
0.067932128906250 3700000
0.000000000000000 3696614
0.069396972656250 3699964
0.069274902343750 3700000
0.070312500000000 3700000
0.068359375000000 3700035
0.069641113281250 3700000
0.070190429687500 3699964
0.070983886718750 3700000
0.070861816406250 3699964
0.069091796875000 3700070
0.070068359375000 3699964
0.070312500000000 3700000
0.069519042968750 3700035
0.071289062500000 3699964
0.000000000000000 3700035
0.069458007812500 3700000
0.072631835937500 3699964
0.068725585937500 3700000
0.069213867187500 3700000
0.067749023437500 3700035
0.066955566406250 3699964
0.068298339843750 3700035
0.069335937500000 3699964
0.071838378906250 3700000
0.069152832031250 3700000
0.070861816406250 3700035
0.067810058593750 3700000
0.069763183593750 3699964
0.000000000000000 3700000
0.069763183593750 3700000
0.069396972656250 3700000
0.073791503906250 3700035
0.067016601562500 3699964
0.069824218750000 3694365
0.068359375000000 3698741
0.073608398437500 3700000
0.067626953125000 3696642
0.071105957031250 3700000
0.070495605468750 3700000
0.069641113281250 3700000
0.070800781250000 3699964
0.000000000000000 3700000
0.068237304687500 3699964
0.069030761718750 3700070
0.069274902343750 3699964
0.070068359375000 3700035
0.069885253906250 3699964
0.069763183593750 3700000
0.070373535156250 3699964
0.069030761718750 3700035
0.070434570312500 3700035
0.067565917968750 3700000
0.070983886718750 3699964
0.072021484375000 3700035
0.000000000000000 3699964
0.071044921875000 3700000
0.069152832031250 3696641
0.068847656250000 3700000
0.070312500000000 3699929
0.069580078125000 3700035
0.072082519531250 3700035
0.071472167968750 3699929
0.068969726562500 3700035
0.069519042968750 3696623
0.070861816406250 3699964
0.070922851562500 3700035
0.067810058593750 3699964
0.068969726562500 3700035
0.000000000000000 3700000
0.067382812500000 3699964
0.072143554687500 3700000
0.070068359375000 3700000
0.067749023437500 3700000
0.069763183593750 3700000
0.071472167968750 3700000
0.069641113281250 3700000
0.070068359375000 3700000
0.069824218750000 3697473
0.068847656250000 3695591
0.069763183593750 3700035
0.067993164062500 3699964
0.069335937500000 3700000
0.000000000000000 3700000
0.071289062500000 3700035
0.070556640625000 3700000
0.069396972656250 3699964
0.070312500000000 3700035
0.068847656250000 3699964
0.070007324218750 3700000
0.070739746093750 3700000
0.069763183593750 3699964
0.069030761718750 3700070
0.068908691406250 3699964
0.073425292968750 3699964
0.068847656250000 3700035
0.000000000000000 3700035
0.071350097656250 3700000
0.068725585937500 3699964
0.070556640625000 3699929
0.069885253906250 3700105
0.070617675781250 3700000
0.071655273437500 3699964
0.073364257812500 3791654
0.076965332031250 3799963
0.075500488281250 3799963
0.074951171875000 3800036
0.072448730468750 3800000
0.000000000000000 3800000
0.077636718750000 3800000
0.075622558593750 3800000
0.074768066406250 3800000
0.073242187500000 3799927
0.073913574218750 3800072
0.076965332031250 3799963
0.073303222656250 3800036
0.074340820312500 3800000
0.077880859375000 3800000
0.073303222656250 3799963
0.076416015625000 3800000
0.072448730468750 3800072
0.000000000000000 3799963
0.075317382812500 3799963
0.072814941406250 3800000
0.066589355468750 3800036
0.072998046875000 3800000
0.075439453125000 3800000
0.074584960937500 3800000
0.073486328125000 3800000
0.077331542968750 3800000
0.072326660156250 3799963
0.075195312500000 3800000
0.072998046875000 3800000
0.079345703125000 3800036
0.074157714843750 3800000
0.076110839843750 3800000
0.000000000000000 3800000
0.075500488281250 3800000
0.073425292968750 3800000
0.076721191406250 3800000
0.072143554687500 3800000
0.073852539062500 3799963
0.076843261718750 3800000
0.075317382812500 3800036
0.075073242187500 3800000
0.072448730468750 3800000
0.075744628906250 3800000
0.075012207031250 3800036
0.066833496093750 3799963
0.073120117187500 3799963
0.076782226562500 3800036
0.000000000000000 3800036
0.075439453125000 3799963
0.078796386718750 3800036
0.076293945312500 3799963
0.074096679687500 3800000
0.075012207031250 3800000
0.076965332031250 3800000
0.076904296875000 3800000
0.073059082031250 3800000
0.073303222656250 3800036
0.076782226562500 3799963
0.074890136718750 3799963
0.000000000000000 3800036
0.076110839843750 3800000
0.076477050781250 3800000
0.074645996093750 3800000
0.076171875000000 3800000
0.074218750000000 3800000
0.076599121093750 3799963
0.073486328125000 3800036
0.076904296875000 3800000
0.076232910156250 3800000
0.074462890625000 3800000
0.076599121093750 3799963
0.073364257812500 3800036
0.000000000000000 3800000
0.075927734375000 3799963
0.075012207031250 3800036
0.076660156250000 3799963
0.076416015625000 3800036
0.074401855468750 3800000
0.066467285156250 3800000
0.073791503906250 3800000
0.075805664062500 3800000
0.073181152343750 3800000
0.075500488281250 3800000
0.076293945312500 3800000
0.076965332031250 3800000
0.074645996093750 3799963
0.000000000000000 3800036
0.073425292968750 3800036
0.076293945312500 3799891
0.075439453125000 3800036
0.077392578125000 3800036
0.073242187500000 3800000
0.074768066406250 3799963
0.066223144531250 3800036
0.074157714843750 3800000
0.075500488281250 3799963
0.075500488281250 3800036
0.076049804687500 3800000
0.074584960937500 3799963
0.076538085937500 3800036
0.072814941406250 3799927
0.000000000000000 3800072
0.076110839843750 3800000
0.076049804687500 3799963
0.074157714843750 3800036
0.077697753906250 3800000
0.073669433593750 3800036
0.075195312500000 3800000
0.076660156250000 3799963
0.077148437500000 3800000
0.075805664062500 3799963
0.073669433593750 3800036
0.076477050781250 3799927
0.072814941406250 3800072
0.000000000000000 3800000
0.074890136718750 3799963
0.075012207031250 3800036
0.077087402343750 3800000
0.066833496093750 3800000
0.073364257812500 3800000
0.078063964843750 3800000
0.073486328125000 3800000
0.077941894531250 3800000
0.073303222656250 3799963
0.074218750000000 3800036
0.077941894531250 3800000
0.074890136718750 3800000
0.077209472656250 3800000
0.072692871093750 3800000
0.000000000000000 3799963
0.077148437500000 3800036
0.073059082031250 3800000
0.076354980468750 3800000
0.078186035156250 3800000
0.075378417968750 3799963
0.075439453125000 3800000
0.073059082031250 3800036
0.079345703125000 3800000
0.074035644531250 3800000
0.075256347656250 3800000
0.077453613281250 3800000
0.000000000000000 3800000
0.077575683593750 3800000
0.077331542968750 3800036
0.072631835937500 3799927
0.074340820312500 3800036
0.074157714843750 3799963
0.078491210937500 3800036
0.078002929687500 3800000
0.074279785156250 3746209
0.077270507812500 3755608
0.079101562500000 3800036
0.000000000000000 3799963
0.078247070312500 3799927
0.073974609375000 3800072
0.076293945312500 3800036
0.074523925781250 3799963
0.074829101562500 3799963
0.077209472656250 3800036
0.073120117187500 3800000
0.075256347656250 3800036
0.073791503906250 3799963
0.076416015625000 3800000
0.076599121093750 3799963
0.074096679687500 3800036
0.076171875000000 3800000
0.000000000000000 3799927
0.075927734375000 3800072
0.077636718750000 3800000
0.074584960937500 3799963
0.076660156250000 3800036
0.078552246093750 3800000
0.072998046875000 3800000
0.075866699218750 3800000
0.075500488281250 3800000
0.066955566406250 3800000
0.078613281250000 3800000
0.074401855468750 3800000
0.075012207031250 3800000
0.076416015625000 3799963
0.000000000000000 3800036
0.075927734375000 3800000
0.075317382812500 3800000
0.073364257812500 3800000
0.074035644531250 3799963
0.078613281250000 3800072
0.076354980468750 3799927
0.076721191406250 3800000
0.075622558593750 3800072
0.076171875000000 3799963
0.076904296875000 3800000
0.074096679687500 3800000
0.074951171875000 3800000
0.000000000000000 3800000
0.073669433593750 3799963
0.077087402343750 3800036
0.076538085937500 3800000
0.072570800781250 3800000
0.071594238281250 3799927
0.071594238281250 3800072
0.072326660156250 3800000
0.075073242187500 3800000
0.069946289062500 3800000
0.070739746093750 3800036
0.070251464843750 3799963
0.000000000000000 3800000
0.073242187500000 3800000
0.069824218750000 3800000
0.072509765625000 3800000
0.070800781250000 3800000
0.073974609375000 3800000
0.072448730468750 3800000
0.070251464843750 3800000
0.072631835937500 3800000
0.069030761718750 3800000
0.072204589843750 3800036
0.070495605468750 3799891
0.072631835937500 3800072
0.000000000000000 3800000
0.070922851562500 3800000
0.071838378906250 3800000
0.072143554687500 3800000
0.070007324218750 3800000
0.072448730468750 3800000
0.070007324218750 3799963
0.074279785156250 3800000
0.070068359375000 3800036
0.072875976562500 3800000
0.071105957031250 3800000
0.070373535156250 3800036
0.071350097656250 3800000
0.069458007812500 3799963
0.000000000000000 3800036
0.071594238281250 3799963
0.072204589843750 3800000
0.071472167968750 3800000
0.071228027343750 3800000
0.070983886718750 3800000
0.072021484375000 3800000
0.072204589843750 3800036
0.071899414062500 3799927
0.071228027343750 3800036
0.070251464843750 3800000
0.070983886718750 3800000
0.072387695312500 3800000
0.000000000000000 3800000
0.071838378906250 3800000
0.069580078125000 3800000
0.072204589843750 3800000
0.073608398437500 3800000
0.070983886718750 3800000
0.072692871093750 3800000
0.069091796875000 3800000
0.073120117187500 3799963
0.071289062500000 3800000
0.072387695312500 3800036
0.071716308593750 3800000
0.069641113281250 3800000
0.000000000000000 3799963
0.075561523437500 3800036
0.071105957031250 3800000
0.072021484375000 3800000
0.070617675781250 3799963
0.072326660156250 3800036
0.075195312500000 3800000
0.073303222656250 3799963
0.072570800781250 3800036
0.070007324218750 3799927
0.071472167968750 3800108
0.068420410156250 3799963
0.069702148437500 3799927
0.000000000000000 3800072
0.073425292968750 3800000
0.071228027343750 3800000
0.074951171875000 3800000
0.073486328125000 3800000
0.071350097656250 3800000
0.069702148437500 3800000
0.072509765625000 3800036
0.071472167968750 3800000
0.070556640625000 3800000
0.070983886718750 3799963
0.069702148437500 3799927
0.074584960937500 3800072
0.000000000000000 3800000
0.070068359375000 3800000
0.070495605468750 3799963
0.071533203125000 3800036
0.073791503906250 3800000
0.073181152343750 3800000
0.068969726562500 3800000
0.072631835937500 3800000
0.070922851562500 3799963
0.071044921875000 3800036
0.071533203125000 3800000
0.069702148437500 3800000
0.072448730468750 3800000
0.000000000000000 3800000
0.072692871093750 3800000
0.071228027343750 3800000
0.070556640625000 3800000
0.073364257812500 3799927
0.071166992187500 3800036
0.071166992187500 3800036
0.070861816406250 3800000
0.069763183593750 3800000
0.071960449218750 3800000
0.071777343750000 3800000
0.071044921875000 3800000
0.070678710937500 3800000
0.000000000000000 3800000
0.072570800781250 3799927
0.070312500000000 3800072
0.071228027343750 3800000
0.072204589843750 3800000
0.071350097656250 3800000
0.070495605468750 3800000
0.072937011718750 3800000
0.071289062500000 3799963
0.070373535156250 3800036
0.071960449218750 3800000
0.072937011718750 3799927
0.072937011718750 3800072
0.000000000000000 3800000
0.070739746093750 3800000
0.070068359375000 3800000
0.073730468750000 3800000
0.071899414062500 3800000
0.070495605468750 3800000
0.072570800781250 3800000
0.070434570312500 3800000
0.073547363281250 3800036
0.070739746093750 3799963
0.074279785156250 3800000
0.072265625000000 3800000
0.000000000000000 3800000
0.069274902343750 3800000
0.071838378906250 3800000
0.071533203125000 3799927
0.074279785156250 3800036
0.074218750000000 3800036
0.069641113281250 3800000
0.073547363281250 3800000
0.069641113281250 3800000
0.072692871093750 3800000
0.070007324218750 3800036
0.072387695312500 3799963
0.069946289062500 3800000
0.000000000000000 3800000
0.072021484375000 3800000
0.071472167968750 3800000
0.070922851562500 3800000
0.073059082031250 3800000
0.069824218750000 3800000
0.072204589843750 3800000
0.070190429687500 3800000
0.063415527343750 3799963
0.073425292968750 3800000
0.069396972656250 3800000
0.071655273437500 3800036
0.070007324218750 3800000
0.072875976562500 3799927
0.070190429687500 3800072
0.000000000000000 3800000
0.073120117187500 3800000
0.072326660156250 3800000
0.071594238281250 3800000
0.072753906250000 3800000
0.072387695312500 3800000
0.067932128906250 3799963
0.068664550781250 3800072
0.072509765625000 3799927
0.074157714843750 3800036
0.063476562500000 3800000
0.076171875000000 3799963
0.074218750000000 3800036
0.069824218750000 3800000
0.066833496093750 3800000
0.000000000000000 3800000
0.070190429687500 3800000
0.063171386718750 3800000
0.073791503906250 3800000
0.068847656250000 3800000
0.068115234375000 3800000
0.064086914062500 3800036
0.067016601562500 3799963
0.063903808593750 3800000
0.066955566406250 3800000
0.065795898437500 3800000
0.075378417968750 3800000
0.074584960937500 3799927
0.071350097656250 3800072
0.064392089843750 3800000
0.069396972656250 3800000
0.070678710937500 3800000
0.075561523437500 3800000
0.064392089843750 3799963
0.071166992187500 3800000
0.069702148437500 3800036
0.074340820312500 3800036
0.000000000000000 3799927
0.070068359375000 3800036
0.070678710937500 3800000
0.071838378906250 3800000
0.070373535156250 3800000
0.063537597656250 3800000
0.069824218750000 3800000
0.072387695312500 3800000
0.070373535156250 3799963
0.070373535156250 3799963
0.072509765625000 3800072
0.071655273437500 3800000
0.070556640625000 3799963
0.072021484375000 3800036
0.000000000000000 3800000
0.075561523437500 3800000
0.070373535156250 3800000
0.072265625000000 3799927
0.072082519531250 3800072
0.072692871093750 3800000
0.072814941406250 3800000
0.071228027343750 3800000
0.072021484375000 3800000
0.072143554687500 3800000
0.281066894531250 3799991
0.069213867187500 3800036
0.072204589843750 3800000
0.070495605468750 3799963
0.063842773437500 3800036
0.000000000000000 3799927
0.072753906250000 3800108
0.073608398437500 3799963
0.072021484375000 3800000
0.070983886718750 3800000
0.062927246093750 3800000
0.071166992187500 3800000
0.071960449218750 3800000
0.069519042968750 3800000
0.071960449218750 3800036
0.069885253906250 3799963
0.073852539062500 3800000
0.075134277343750 3800000
0.073303222656250 3800000
0.000000000000000 3800000
0.071533203125000 3800000
0.073486328125000 3800000
0.073608398437500 3800000
0.071960449218750 3800000
0.072875976562500 3800000
0.064331054687500 3800000
0.067626953125000 3800000
0.067932128906250 3799963
0.069030761718750 3800072
0.072082519531250 3799927
0.070373535156250 3800036
0.063293457031250 3800000
0.069702148437500 3800000
0.072204589843750 3800036
0.072265625000000 3799963
0.070983886718750 3800000
0.000000000000000 3799963
0.074279785156250 3800000
0.071594238281250 3800036
0.070495605468750 3800000
0.072204589843750 3800000
0.063720703125000 3799963
0.071716308593750 3800000
0.073303222656250 3800036
0.074462890625000 3800000
0.068725585937500 3800036
0.075195312500000 3799963
0.070129394531250 3800000
0.071472167968750 3800000
0.071655273437500 3799963
0.063232421875000 3800036
0.072082519531250 3800000
0.000000000000000 3800000
0.072143554687500 3800000
0.073059082031250 3800000
0.062377929687500 3799963
0.064514160156250 3800036
0.072082519531250 3800000
0.072204589843750 3800000
0.070739746093750 3800000
0.074401855468750 3800000
0.072082519531250 3800036
0.072387695312500 3799963
0.073242187500000 3800000
0.070495605468750 3800000
0.063415527343750 3800000
0.073181152343750 3800000
0.070678710937500 3800000
0.000000000000000 3800000
0.072998046875000 3800000
0.074462890625000 3799963
0.071777343750000 3800036
0.071960449218750 3800000
0.071105957031250 3800000
0.071838378906250 3800000
0.072875976562500 3800000
0.072021484375000 3799963
0.070922851562500 3800036
0.071350097656250 3800000
0.070373535156250 3800000
0.069763183593750 3800000
0.000000000000000 3799963
0.070800781250000 3800000
0.072875976562500 3800036
0.071411132812500 3799927
0.072326660156250 3800036
0.072143554687500 3800036
0.069030761718750 3800000
0.073425292968750 3800000
0.073120117187500 3800000
0.071899414062500 3800000
0.069763183593750 3800000
0.070312500000000 3800000
0.073669433593750 3799963
0.000000000000000 3800036
0.071594238281250 3800000
0.072021484375000 3800000
0.068786621093750 3800000
0.072204589843750 3800000
0.070495605468750 3800000
0.073303222656250 3800000
0.073669433593750 3800000
0.069946289062500 3799963
0.071533203125000 3800036
0.071411132812500 3800000
0.071533203125000 3800000
0.070556640625000 3800000
0.000000000000000 3799963
0.073791503906250 3800036
0.072509765625000 3800000
0.071716308593750 3800000
0.071716308593750 3800000
0.069641113281250 3800000
0.071350097656250 3799963
0.071655273437500 3800036
0.072448730468750 3800000
0.073852539062500 3800000
0.070861816406250 3799963
0.071960449218750 3799963
0.069458007812500 3800072
0.000000000000000 3800000
0.072204589843750 3799891
0.072387695312500 3800108
0.072753906250000 3799963
0.064086914062500 3800036
0.073364257812500 3800000
0.073608398437500 3799927
0.070312500000000 3800072
0.076354980468750 3800000
0.072387695312500 3800000
0.063537597656250 3800000
0.074157714843750 3799963
0.069335937500000 3800000
0.074035644531250 3800000
0.000000000000000 3800036
0.070251464843750 3799963
0.071289062500000 3799963
0.069885253906250 3800072
0.072631835937500 3800000
0.073608398437500 3800000
0.069030761718750 3800000
0.063049316406250 3799963
0.069824218750000 3800036
0.073486328125000 3800000
0.071838378906250 3799963
0.070983886718750 3800036
0.069824218750000 3800036
0.071350097656250 3799963
0.074035644531250 3800000
0.000000000000000 3800000
0.070373535156250 3800036
0.073608398437500 3799963
0.070983886718750 3799963
0.072692871093750 3800036
0.070190429687500 3800000
0.071289062500000 3799963
0.072937011718750 3800036
0.072021484375000 3800000
0.063659667968750 3800000
0.072021484375000 3800000
0.072265625000000 3800000
0.071777343750000 3799927
0.073730468750000 3800108
0.000000000000000 3799963
0.073364257812500 3800000
0.070129394531250 3800000
0.072204589843750 3800000
0.068847656250000 3800000
0.072753906250000 3799963
0.069519042968750 3800036
0.072143554687500 3800036
0.071777343750000 3799891
0.071838378906250 3800072
0.070861816406250 3799963
0.071289062500000 3800036
0.071228027343750 3800000
0.071655273437500 3800000
0.064453125000000 3799927
0.000000000000000 3800072
0.072143554687500 3799963
0.072326660156250 3800036
0.070800781250000 3800000
0.071166992187500 3800036
0.072387695312500 3799963
0.070556640625000 3799963
0.071044921875000 3800000
0.071044921875000 3800036
0.074096679687500 3800000
0.070800781250000 3800000
0.071044921875000 3800000
0.070922851562500 3799927
0.000000000000000 3800072
0.071655273437500 3800000
0.070190429687500 3799963
0.070434570312500 3800036
0.072937011718750 3800000
0.072509765625000 3800000
0.070617675781250 3800000
0.071594238281250 3800000
0.069946289062500 3800000
0.073425292968750 3800000
0.072143554687500 3800000
0.071960449218750 3800000
0.000000000000000 3800000
0.073120117187500 3800000
0.070190429687500 3800000
0.070922851562500 3800000
0.071777343750000 3799963
0.070617675781250 3800072
0.070800781250000 3799927
0.070373535156250 3800036
0.074096679687500 3800000
0.070678710937500 3800000
0.070922851562500 3800000
0.071411132812500 3800000
0.072204589843750 3800000
0.071350097656250 3800000
0.000000000000000 3799963
0.072753906250000 3800036
0.071716308593750 3800000
0.071044921875000 3800000
0.072692871093750 3800000
0.068969726562500 3800000
0.070373535156250 3800000
0.069946289062500 3800000
0.071289062500000 3800000
0.074340820312500 3800000
0.069702148437500 3799963
0.073181152343750 3799963
0.070983886718750 3800072
0.000000000000000 3799963
0.075317382812500 3800036
0.070373535156250 3800000
0.071166992187500 3799963
0.071838378906250 3800036
0.070739746093750 3800000
0.073120117187500 3800000
0.070861816406250 3800000
0.073059082031250 3800000
0.071777343750000 3800000
0.072937011718750 3800000
0.070312500000000 3799963
0.070556640625000 3800000
0.000000000000000 3800036
0.072143554687500 3800000
0.069458007812500 3800000
0.072998046875000 3800000
0.069396972656250 3800000
0.071411132812500 3800000
0.070678710937500 3800000
0.073852539062500 3800000
0.071105957031250 3800000
0.071044921875000 3799927
0.073059082031250 3800072
0.070068359375000 3800000
0.072753906250000 3800000
0.070129394531250 3800000
0.000000000000000 3799963
0.072509765625000 3800036
0.072509765625000 3800000
0.072265625000000 3800000
0.071105957031250 3800000
0.070861816406250 3800000
0.070739746093750 3800000
0.069030761718750 3799963
0.073974609375000 3800000
0.070251464843750 3800036
0.069396972656250 3800000
0.073669433593750 3800000
0.071289062500000 3800000
0.000000000000000 3799963
0.073852539062500 3800036
0.071899414062500 3800000
0.073791503906250 3800000
0.070983886718750 3800000
0.071594238281250 3800000
0.070556640625000 3800000
0.070617675781250 3799963
0.073608398437500 3800000
0.071838378906250 3800036
0.071350097656250 3800036
0.070983886718750 3799963
0.070922851562500 3800000
0.000000000000000 3800000
0.072570800781250 3800000
0.071533203125000 3800000
0.071105957031250 3800000
0.071411132812500 3799963
0.073425292968750 3800036
0.073181152343750 3800000
0.070434570312500 3800036
0.070800781250000 3799963
0.069763183593750 3723722
0.072021484375000 3700035
0.070312500000000 3700000
0.061950683593750 3700000
0.070373535156250 3700000
0.000000000000000 3700000
0.071166992187500 3696563
0.070678710937500 3700035
0.068054199218750 3700000
0.069641113281250 3699964
0.069152832031250 3700035
0.069702148437500 3700000
0.069396972656250 3699964
0.069641113281250 3700035
0.071105957031250 3700000
0.068542480468750 3696635
0.071105957031250 3700000
0.068237304687500 3693031
0.070434570312500 3693602
0.000000000000000 3687084
0.068359375000000 3694541
0.070739746093750 3696235
0.072937011718750 3696793
0.068237304687500 3699964
0.069763183593750 3700035
0.067443847656250 3699964
0.070922851562500 3700000
0.067993164062500 3700035
0.071044921875000 3689539
0.070983886718750 3699340
0.070190429687500 3686773
0.063537597656250 3697876
0.068786621093750 3698781
0.000000000000000 3687594
0.070922851562500 3683299
0.068542480468750 3699031
0.070739746093750 3700035
0.067016601562500 3699929
0.071105957031250 3700035
0.069396972656250 3692111
0.070373535156250 3694159
0.072143554687500 3699964
0.067321777343750 3700035
0.070800781250000 3699964
0.067932128906250 3696599
0.070678710937500 3686481
0.000000000000000 3695724
0.071350097656250 3698909
0.068969726562500 3690646
0.069763183593750 3693854
0.067321777343750 3683298
0.070373535156250 3693900
0.068420410156250 3694300
0.070312500000000 3697722
0.071655273437500 3700000
0.069458007812500 3699772
0.070007324218750 3683367
0.067749023437500 3695968
0.072814941406250 3699964
0.068847656250000 3700035
0.000000000000000 3700000
0.072509765625000 3694520
0.070678710937500 3699964
0.070617675781250 3690506
0.069274902343750 3683368
0.071411132812500 3691684
0.069152832031250 3700000
0.069519042968750 3693298
0.069335937500000 3697429
0.069885253906250 3700035
0.070861816406250 3699510
0.070129394531250 3693787
0.000000000000000 3699964
0.070068359375000 3700000
0.070007324218750 3700035
0.068603515625000 3693074
0.072570800781250 3700000
0.069213867187500 3700000
0.068542480468750 3689169
0.069091796875000 3699964
0.068786621093750 3700000
0.070922851562500 3700035
0.066589355468750 3700000
0.070373535156250 3696540
0.071960449218750 3700000
0.066772460937500 3698887
0.000000000000000 3697423
0.069580078125000 3689844
0.067993164062500 3700035
0.069824218750000 3700000
0.069885253906250 3700000
0.069213867187500 3696633
0.071044921875000 3699929
0.069702148437500 3700070
0.070739746093750 3686066
0.069641113281250 3699964
0.069396972656250 3700000
0.068969726562500 3699964
0.072143554687500 3700000
0.000000000000000 3700035
0.071472167968750 3696478
0.067749023437500 3699964
0.069946289062500 3700000
0.068176269531250 3694504
0.071594238281250 3694969
0.070007324218750 3685690
0.068969726562500 3683334
0.070617675781250 3686904
0.071411132812500 3691466
0.062927246093750 3699964
0.066772460937500 3700000
0.068298339843750 3693070
0.068603515625000 3700000
0.072204589843750 3699964
0.069946289062500 3700035
0.000000000000000 3700000
0.068603515625000 3700000
0.071411132812500 3699859
0.067626953125000 3700105
0.062072753906250 3696601
0.069091796875000 3700000
0.069641113281250 3696629
0.068542480468750 3699964
0.070068359375000 3691864
0.061096191406250 3697828
0.070983886718750 3700000
0.071166992187500 3699929
0.069946289062500 3700035
0.070617675781250 3700000
0.068603515625000 3699964
0.000000000000000 3700035
0.069580078125000 3700035
0.067749023437500 3700000
0.070190429687500 3699964
0.070678710937500 3700035
0.070251464843750 3699964
0.069580078125000 3696908
0.068359375000000 3699929
0.069763183593750 3700070
0.067077636718750 3699929
0.068908691406250 3700035
0.067810058593750 3700000
0.070312500000000 3700035
0.070495605468750 3699964
0.068908691406250 3700000
0.062011718750000 3698194
0.000000000000000 3694812
0.132263183593750 3700000
0.000000000000000 3700000
0.068969726562500 3689494
0.069519042968750 3699964
0.068420410156250 3700000
0.070678710937500 3696543
0.072387695312500 3700000
0.068298339843750 3699894
0.070678710937500 3700105
0.069641113281250 3699964
0.071533203125000 3700000
0.067443847656250 3700000
0.070007324218750 3700035
0.069702148437500 3699929
0.067382812500000 3700035
0.000000000000000 3700035
0.070922851562500 3693073
0.069885253906250 3700035
0.070922851562500 3700000
0.069335937500000 3699859
0.071044921875000 3700140
0.070495605468750 3699964
0.069091796875000 3700000
0.071899414062500 3700000
0.068420410156250 3700035
0.072814941406250 3697179
0.069824218750000 3683367
0.068054199218750 3691624
0.000000000000000 3700000
0.069946289062500 3700000
0.071594238281250 3699964
0.070434570312500 3700035
0.068847656250000 3699964
0.071166992187500 3700000
0.069824218750000 3700000
0.070861816406250 3700035
0.069396972656250 3700000
0.068908691406250 3700000
0.068725585937500 3700000
0.070190429687500 3699964
0.000000000000000 3700035
0.072692871093750 3699929
0.070373535156250 3700035
0.070983886718750 3700000
0.070495605468750 3700000
0.070190429687500 3700000
0.062194824218750 3700035
0.069824218750000 3697139
0.070983886718750 3699411
0.070495605468750 3693115
0.072814941406250 3689411
0.070007324218750 3696294
0.070800781250000 3700000
0.000000000000000 3700035
0.071594238281250 3699964
0.069396972656250 3687142
0.070983886718750 3692162
0.070312500000000 3699964
0.073425292968750 3693146
0.070678710937500 3689354
0.068969726562500 3700035
0.070922851562500 3699964
0.069702148437500 3699964
0.070617675781250 3700035
0.070068359375000 3700035
0.000000000000000 3700000
0.072692871093750 3699964
0.070861816406250 3699964
0.068420410156250 3700035
0.071594238281250 3700000
0.070190429687500 3700035
0.071105957031250 3696585
0.068542480468750 3700000
0.072570800781250 3700000
0.063171386718750 3696591
0.070007324218750 3700000
0.071838378906250 3699964
0.071289062500000 3700000
0.062744140625000 3699929
0.067687988281250 3700105
0.000000000000000 3691729
0.070983886718750 3690950
0.068542480468750 3700000
0.069641113281250 3700000
0.069335937500000 3700000
0.067687988281250 3700000
0.069946289062500 3699964
0.066589355468750 3700035
0.071960449218750 3700000
0.068908691406250 3699929
0.070373535156250 3700035
0.068969726562500 3700000
0.068237304687500 3700035
0.070922851562500 3700000
0.000000000000000 3695989
0.068176269531250 3699964
0.069702148437500 3700035
0.070556640625000 3700000
0.072021484375000 3699563
0.070312500000000 3686555
0.068237304687500 3690721
0.070983886718750 3695136
0.068847656250000 3696505
0.071960449218750 3699964
0.066772460937500 3696868
0.070495605468750 3700035
0.070373535156250 3699964
0.000000000000000 3700035
0.070678710937500 3692745
0.071655273437500 3700070
0.067321777343750 3699964
0.071777343750000 3700000
0.069213867187500 3700000
0.071594238281250 3700035
0.072937011718750 3700000
0.071289062500000 3693055
0.069763183593750 3699929
0.070861816406250 3700035
0.000000000000000 3700035
0.070861816406250 3700000
0.068237304687500 3700000
0.069763183593750 3699964
0.069824218750000 3700035
0.068969726562500 3699964
0.069091796875000 3700000
0.068237304687500 3700000
0.070922851562500 3700000
0.070983886718750 3693179
0.072326660156250 3699964
0.069213867187500 3697480
0.069091796875000 3691862
0.071289062500000 3700000
0.000000000000000 3696527
0.069824218750000 3699964
0.071838378906250 3700000
0.068115234375000 3700035
0.069030761718750 3699964
0.072082519531250 3700035
0.067993164062500 3696585
0.068237304687500 3700000
0.069885253906250 3689623
0.070068359375000 3700035
0.070861816406250 3699326
0.070007324218750 3683334
0.069274902343750 3683334
0.000000000000000 3698984
0.130493164062500 3700035
0.000000000000000 3700035
0.068237304687500 3699929
0.070861816406250 3698833
0.068847656250000 3683368
0.061340332031250 3686560
0.061706542968750 3700000
0.071350097656250 3700000
0.068664550781250 3689672
0.070312500000000 3699964
0.072021484375000 3700000
0.067626953125000 3700035
0.070190429687500 3699964
0.069519042968750 3700035
0.070068359375000 3699964
0.071228027343750 3700035
0.000000000000000 3699929
0.069580078125000 3700070
0.069519042968750 3700000
0.069396972656250 3700000
0.072937011718750 3699964
0.071289062500000 3700035
0.068725585937500 3699964
0.067077636718750 3700000
0.070861816406250 3700000
0.070678710937500 3700035
0.069641113281250 3699964
0.070190429687500 3700035
0.068237304687500 3699964
0.000000000000000 3700035
0.072570800781250 3700000
0.068786621093750 3699964
0.070495605468750 3700000
0.069335937500000 3700000
0.068786621093750 3700035
0.071350097656250 3699929
0.066955566406250 3700070
0.071289062500000 3700000
0.068054199218750 3700000
0.071472167968750 3699929
0.070251464843750 3700035
0.069396972656250 3700000
0.000000000000000 3700000
0.071228027343750 3700000
0.067871093750000 3700035
0.071533203125000 3700000
0.069396972656250 3700000
0.072631835937500 3699964
0.069824218750000 3700000
0.069335937500000 3700035
0.069519042968750 3699964
0.069763183593750 3700035
0.071472167968750 3699964
0.069519042968750 3700035
0.000000000000000 3699964
0.073181152343750 3700000
0.072937011718750 3700000
0.067077636718750 3700000
0.070495605468750 3700000
0.070556640625000 3700035
0.068786621093750 3699964
0.072448730468750 3700035
0.068786621093750 3700000
0.070434570312500 3699929
0.071960449218750 3700035
0.000000000000000 3700035
0.069396972656250 3699964
0.071105957031250 3700000
0.069091796875000 3700000
0.072692871093750 3700000
0.068603515625000 3700035
0.068786621093750 3700000
0.070251464843750 3699964
0.069824218750000 3700035
0.071838378906250 3688203
0.071289062500000 3697690
0.072326660156250 3686047
0.070068359375000 3700000
0.062133789062500 3689468
0.000000000000000 3700000
0.069885253906250 3699929
0.070190429687500 3700035
0.068542480468750 3700035
0.069885253906250 3700000
0.070617675781250 3700000
0.071044921875000 3700000
0.069335937500000 3700000
0.068176269531250 3689408
0.071594238281250 3694635
0.069641113281250 3700035
0.069824218750000 3699964
0.067749023437500 3700035
0.070800781250000 3699929
0.062988281250000 3700035
0.069580078125000 3700000
0.000000000000000 3685953
0.069641113281250 3693173
0.069824218750000 3700000
0.071838378906250 3700035
0.070434570312500 3699964
0.070068359375000 3699964
0.071350097656250 3700035
0.066650390625000 3692770
0.062377929687500 3693533
0.068420410156250 3699464
0.071472167968750 3699964
0.069946289062500 3700035
0.071105957031250 3699964
0.000000000000000 3700000
0.070922851562500 3700035
0.071960449218750 3699964
0.069519042968750 3696768
0.068420410156250 3696190
0.071838378906250 3700035
0.068115234375000 3699929
0.069580078125000 3700070
0.069946289062500 3700000
0.070556640625000 3700000
0.070800781250000 3699964
0.071105957031250 3700035
0.071166992187500 3699964
0.000000000000000 3694764
0.069030761718750 3683369
0.071533203125000 3695868
0.068298339843750 3699660
0.071350097656250 3700035
0.071777343750000 3700035
0.067626953125000 3699964
0.070617675781250 3700000
0.068725585937500 3692304
0.069152832031250 3686342
0.070373535156250 3696275
0.072753906250000 3700000
0.000000000000000 3692736
0.070373535156250 3689166
0.068664550781250 3699929
0.071350097656250 3700070
0.069030761718750 3699964
0.062805175781250 3698102
0.069580078125000 3684071
0.070739746093750 3689781
0.071411132812500 3686137
0.072021484375000 3698632
0.070312500000000 3694059
0.068542480468750 3700070
0.068603515625000 3689663
0.068542480468750 3700000
0.070312500000000 3700000
0.000000000000000 3700000
0.070800781250000 3700000
0.068725585937500 3698528
0.072204589843750 3700000
0.069458007812500 3700035
0.067565917968750 3700000
0.068481445312500 3699964
0.069824218750000 3700000
0.072509765625000 3700000
0.069702148437500 3694042
0.069702148437500 3697493
0.068786621093750 3698092
0.062438964843750 3699929
0.071105957031250 3700070
0.000000000000000 3699964
0.069885253906250 3700035
0.068664550781250 3699964
0.070251464843750 3700000
0.070312500000000 3700000
0.069213867187500 3700000
0.070678710937500 3700000
0.068786621093750 3700000
0.068542480468750 3700000
0.068420410156250 3700000
0.069274902343750 3700000
0.069152832031250 3700000
0.066772460937500 3700000
0.069763183593750 3700035
0.000000000000000 3700000
0.071289062500000 3700000
0.068725585937500 3699929
0.070007324218750 3700070
0.069702148437500 3700000
0.071044921875000 3699964
0.068237304687500 3700000
0.069152832031250 3700000
0.068237304687500 3700035
0.071044921875000 3700000
0.070556640625000 3699929
0.069580078125000 3700035
0.070617675781250 3700035
0.000000000000000 3700000
0.131469726562500 3699964
0.000000000000000 3700035
0.072326660156250 3699964
0.068542480468750 3700000
0.068664550781250 3700035
0.069641113281250 3700000
0.068908691406250 3700000
0.070983886718750 3700000
0.069396972656250 3699964
0.069335937500000 3700000
0.068908691406250 3699964
0.068542480468750 3700035
0.070129394531250 3700000
0.069274902343750 3700000
0.000000000000000 3699964
0.069519042968750 3700035
0.069946289062500 3700000
0.069824218750000 3700000
0.069458007812500 3696565
0.069030761718750 3700000
0.070007324218750 3700000
0.068481445312500 3700000
0.071533203125000 3700035
0.071777343750000 3699964
0.068969726562500 3699964
0.070739746093750 3697974
0.070129394531250 3700000
0.000000000000000 3700000
0.068176269531250 3700035
0.068115234375000 3692965
0.070739746093750 3700035
0.071044921875000 3700000
0.070434570312500 3700000
0.070983886718750 3686171
0.066955566406250 3699964
0.071228027343750 3700035
0.069091796875000 3697080
0.070678710937500 3683296
0.070678710937500 3698869
0.069030761718750 3693093
0.000000000000000 3700000
0.070861816406250 3699929
0.069580078125000 3700070
0.070190429687500 3700000
0.068298339843750 3700000
0.071228027343750 3696563
0.071228027343750 3699060
0.069519042968750 3683455
0.069702148437500 3697218
0.068298339843750 3699358
0.071716308593750 3696090
0.068847656250000 3683299
0.069274902343750 3699537
0.000000000000000 3700000
0.070007324218750 3700035
0.069641113281250 3700000
0.069580078125000 3700000
0.069763183593750 3700000
0.069885253906250 3700000
0.067626953125000 3699964
0.070739746093750 3700000
0.068481445312500 3700000
0.071594238281250 3700000
0.071472167968750 3700000
0.069885253906250 3700000
0.071105957031250 3700000
0.000000000000000 3700000
0.070068359375000 3700035
0.070800781250000 3699964
0.070556640625000 3700035
0.069213867187500 3699964
0.069519042968750 3693569
0.069641113281250 3699467
0.070007324218750 3699859
0.069519042968750 3700140
0.070495605468750 3690417
0.070800781250000 3695538
0.067871093750000 3700000
0.069641113281250 3700000
0.000000000000000 3699964
0.071472167968750 3699929
0.067260742187500 3700070
0.069152832031250 3700000
0.068298339843750 3685924
0.069519042968750 3699964
0.069946289062500 3700000
0.069946289062500 3700035
0.071105957031250 3699964
0.069763183593750 3700000
0.071044921875000 3700000
0.068786621093750 3700000
0.067993164062500 3700000
0.061706542968750 3699211
0.071472167968750 3693629
0.000000000000000 3700000
0.068603515625000 3700000
0.068237304687500 3696817
0.068542480468750 3700000
0.071838378906250 3699964
0.062072753906250 3699964
0.070190429687500 3700035
0.068298339843750 3700000
0.069885253906250 3696699
0.070983886718750 3700000
0.069580078125000 3696533
0.068847656250000 3700035
0.069458007812500 3699964
0.070190429687500 3700035
0.070312500000000 3699964
0.000000000000000 3700035
0.070251464843750 3700000
0.070251464843750 3699964
0.069213867187500 3700035
0.071838378906250 3700000
0.066711425781250 3693296
0.071166992187500 3699795
0.071166992187500 3700000
0.064697265625000 3700000
0.070007324218750 3700035
0.070007324218750 3699964
0.062316894531250 3700035
0.061767578125000 3699929
0.070068359375000 3700035
0.074157714843750 3697529
0.000000000000000 3689595
0.065429687500000 3699964
0.066223144531250 3700035
0.066162109375000 3699929
0.076782226562500 3696633
0.065979003906250 3696608
0.068603515625000 3700000
0.066406250000000 3699964
0.062683105468750 3700035
0.066528320312500 3700000
0.071899414062500 3700000
0.065856933593750 3699964
0.065856933593750 3684526
0.073181152343750 3690855
0.072509765625000 3700000
0.072265625000000 3700000
0.062622070312500 3700000
0.068481445312500 3700000
0.000000000000000 3699964
0.070373535156250 3700035
0.071594238281250 3699964
0.062194824218750 3700000
0.072814941406250 3700035
0.069580078125000 3696431
0.068115234375000 3700000
0.069702148437500 3699929
0.070495605468750 3700070
0.070190429687500 3700000
0.069458007812500 3699964
0.069519042968750 3700000
0.071472167968750 3700035
0.068420410156250 3699964
0.000000000000000 3700000
0.070617675781250 3693997
0.071411132812500 3700035
0.071594238281250 3699964
0.068359375000000 3700035
0.071105957031250 3699929
0.073059082031250 3689612
0.067382812500000 3696456
0.068847656250000 3693620
0.068359375000000 3700000
0.071105957031250 3696598
0.068176269531250 3699964
0.069641113281250 3700000
0.000000000000000 3700035
0.071594238281250 3693072
0.069519042968750 3696635
0.071228027343750 3699934
0.068481445312500 3683334
0.070800781250000 3698565
0.069274902343750 3700000
0.071044921875000 3700000
0.069824218750000 3699929
0.069702148437500 3699028
0.071838378906250 3697653
0.068115234375000 3699929
0.071289062500000 3700035
0.000000000000000 3700035
0.068420410156250 3699964
0.071533203125000 3700035
0.070678710937500 3699964
0.069152832031250 3700035
0.070190429687500 3700000
0.069641113281250 3700000
0.070739746093750 3696451
0.067626953125000 3700035
0.071044921875000 3699964
0.071411132812500 3700035
0.071472167968750 3700000
0.070678710937500 3699929
0.000000000000000 3700035
0.070617675781250 3700000
0.069396972656250 3700000
0.068481445312500 3700035
0.072143554687500 3699964
0.066040039062500 3693436
0.061828613281250 3699307
0.066894531250000 3699964
0.071289062500000 3700035
0.061950683593750 3700000
0.069152832031250 3700000
0.071655273437500 3699964
0.068420410156250 3700035
0.069030761718750 3697680
0.070800781250000 3699161
0.069152832031250 3700070
0.000000000000000 3699964
0.069824218750000 3700000
0.067626953125000 3700000
0.069213867187500 3700035
0.070983886718750 3700000
0.062194824218750 3696525
0.068054199218750 3696668
0.072204589843750 3699964
0.069458007812500 3699964
0.068054199218750 3700035
0.069763183593750 3700035
0.070678710937500 3700000
0.069335937500000 3700000
0.067199707031250 3690193
0.073364257812500 3693794
0.000000000000000 3694692
0.070861816406250 3700000
0.070007324218750 3697620
0.069030761718750 3698829
0.061218261718750 3699964
0.068847656250000 3700000
0.070312500000000 3700035
0.069396972656250 3700000
0.071533203125000 3700000
0.070312500000000 3700000
0.070556640625000 3691426
0.067016601562500 3700035
0.070556640625000 3699964
0.067749023437500 3700000
0.000000000000000 3700000
0.071899414062500 3700000
0.071228027343750 3700000
0.069091796875000 3700000
0.069885253906250 3700035
0.069641113281250 3689471
0.069763183593750 3700070
0.068359375000000 3699964
0.069824218750000 3691946
0.069580078125000 3690598
0.070068359375000 3700035
0.071533203125000 3700000
0.068420410156250 3699964
0.000000000000000 3700070
0.070190429687500 3700000
0.069152832031250 3699964
0.069641113281250 3700035
0.069641113281250 3699964
0.070007324218750 3693190
0.071960449218750 3689065
0.068176269531250 3700070
0.070434570312500 3699964
0.068664550781250 3696545
0.069091796875000 3700000
0.071166992187500 3699929
0.070495605468750 3700035
0.000000000000000 3699964
0.071105957031250 3700035
0.068359375000000 3700035
0.070556640625000 3699964
0.067443847656250 3700035
0.070739746093750 3699964
0.068115234375000 3700000
0.071044921875000 3699964
0.071777343750000 3700070
0.069030761718750 3700000
0.070373535156250 3699929
0.069335937500000 3697520
0.070251464843750 3698838
0.067504882812500 3700035
0.000000000000000 3700035
0.070617675781250 3699964
0.069152832031250 3700035
0.069885253906250 3699964
0.071655273437500 3700035
0.071228027343750 3696558
0.068603515625000 3700000
0.068969726562500 3699268
0.069702148437500 3697113
0.069458007812500 3699753
0.068298339843750 3700281
0.068054199218750 3700035
0.069274902343750 3689298
0.000000000000000 3692676
0.070556640625000 3700000
0.067749023437500 3700000
0.069213867187500 3700000
0.070556640625000 3699929
0.069396972656250 3700035
0.069763183593750 3700035
0.067260742187500 3700000
0.070190429687500 3700000
0.068725585937500 3699964
0.070983886718750 3700035
0.069335937500000 3699964
0.068908691406250 3700035
0.069396972656250 3700000
0.000000000000000 3700000
0.069458007812500 3699964
0.071716308593750 3699929
0.070922851562500 3696528
0.070251464843750 3700000
0.070251464843750 3700035
0.068908691406250 3700000
0.069396972656250 3699964
0.068603515625000 3699964
0.069885253906250 3700035
0.070617675781250 3700035
0.069274902343750 3700000
0.000000000000000 3700000
0.072326660156250 3699964
0.069641113281250 3700035
0.069030761718750 3699964
0.069763183593750 3700000
0.069091796875000 3700035
0.069274902343750 3700000
0.068786621093750 3700000
0.073242187500000 3699964
0.067443847656250 3700035
0.071166992187500 3696263
0.068908691406250 3700035
0.072875976562500 3699964
0.000000000000000 3700035
0.068786621093750 3700000
0.068908691406250 3697539
0.068054199218750 3695367
0.070251464843750 3693881
0.063659667968750 3700000
0.066223144531250 3700035
0.070800781250000 3695640
0.069274902343750 3697422
0.070739746093750 3696583
0.068664550781250 3700000
0.069030761718750 3700035
0.071716308593750 3699929
0.068725585937500 3700070
0.071472167968750 3699964
0.068542480468750 3700035
0.000000000000000 3700000
0.070678710937500 3700000
0.068298339843750 3699964
0.069885253906250 3700035
0.071472167968750 3699964
0.068969726562500 3700000
0.069519042968750 3700035
0.067626953125000 3696728
0.061950683593750 3699832
0.068603515625000 3700035
0.069152832031250 3700000
0.069152832031250 3700000
0.068420410156250 3699964
0.074279785156250 3700035
0.068481445312500 3700000
0.000000000000000 3699964
0.068420410156250 3700035
0.067749023437500 3699964
0.069702148437500 3700035
0.069702148437500 3700000
0.069824218750000 3699964
0.070800781250000 3700000
0.070495605468750 3700000
0.071655273437500 3700000
0.068542480468750 3700035
0.069091796875000 3699964
0.070495605468750 3700000
0.071594238281250 3700035
0.000000000000000 3700000
0.069946289062500 3699964
0.068481445312500 3700035
0.070800781250000 3700000
0.068847656250000 3700000
0.072692871093750 3700000
0.067626953125000 3700000
0.070129394531250 3700000
0.070983886718750 3699964
0.069702148437500 3700035
0.069702148437500 3700000
0.070922851562500 3700000
0.068725585937500 3699964
0.000000000000000 3700000
0.068359375000000 3700035
0.071411132812500 3699964
0.069213867187500 3700000
0.068115234375000 3700000
0.069335937500000 3700000
0.069335937500000 3700035
0.071289062500000 3699929
0.068298339843750 3700035
0.068542480468750 3700035
0.069030761718750 3699964
0.071044921875000 3700035
0.070251464843750 3699964
0.068176269531250 3700000
0.000000000000000 3700000
0.071411132812500 3700000
0.070861816406250 3700000
0.070007324218750 3700000
0.068542480468750 3700000
0.072204589843750 3700000
0.071350097656250 3700000
0.069580078125000 3700035
0.070007324218750 3700000
0.068481445312500 3700000
0.069091796875000 3699964
0.068786621093750 3700035
0.000000000000000 3700000
0.070068359375000 3699964
0.071289062500000 3700000
0.068481445312500 3700000
0.071166992187500 3700035
0.072387695312500 3699964
0.069335937500000 3700035
0.067626953125000 3699964
0.072753906250000 3700035
0.071289062500000 3700000
0.069091796875000 3699929
0.069763183593750 3700070
0.068237304687500 3699964
0.000000000000000 3700035
0.069824218750000 3699964
0.068847656250000 3700000
0.070617675781250 3700035
0.070495605468750 3699964
0.069274902343750 3700035
0.070678710937500 3699964
0.069274902343750 3700000
0.069213867187500 3700035
0.069641113281250 3700000
0.071105957031250 3700000
0.072326660156250 3700000
0.068786621093750 3700000
0.000000000000000 3699964
0.070678710937500 3700035
0.067993164062500 3699964
0.070190429687500 3700000
0.068054199218750 3700035
0.071533203125000 3699964
0.070495605468750 3700035
0.069702148437500 3699964
0.070495605468750 3700000
0.069274902343750 3700035
0.068237304687500 3699929
0.069702148437500 3700070
0.000000000000000 3700000
0.072753906250000 3699964
0.069213867187500 3700035
0.069824218750000 3699964
0.070556640625000 3700000
0.069152832031250 3699964
0.062377929687500 3700070
0.066711425781250 3699964
0.069213867187500 3700035
0.070678710937500 3699929
0.070434570312500 3700070
0.068542480468750 3699929
0.067626953125000 3700070
0.070678710937500 3700000
0.067443847656250 3699964
0.071044921875000 3700035
0.000000000000000 3700000
0.067321777343750 3699964
0.072692871093750 3700000
0.070068359375000 3700035
0.069702148437500 3699964
0.070129394531250 3699964
0.066833496093750 3700035
0.068481445312500 3700035
0.069580078125000 3700000
0.071472167968750 3699929
0.069946289062500 3700035
0.070129394531250 3700000
0.000000000000000 3700000
0.071777343750000 3700035
0.067993164062500 3699964
0.070678710937500 3700000
0.068603515625000 3699964
0.070373535156250 3700035
0.070739746093750 3700000
0.071105957031250 3700000
0.070739746093750 3700035
0.069213867187500 3699964
0.070312500000000 3700035
0.070739746093750 3700000
0.070007324218750 3700000
0.000000000000000 3700000
0.068786621093750 3700000
0.069641113281250 3699964
0.069580078125000 3700035
0.068786621093750 3699964
0.071289062500000 3700000
0.069091796875000 3699964
0.072875976562500 3700070
0.070739746093750 3700000
0.067871093750000 3699929
0.072204589843750 3700070
0.067810058593750 3700000
0.069458007812500 3700000
0.000000000000000 3700000
0.071350097656250 3700000
0.070068359375000 3699964
0.070800781250000 3699929
0.067077636718750 3700105
0.071472167968750 3699964
0.069213867187500 3700035
0.068908691406250 3699964
0.068420410156250 3700000
0.071533203125000 3700000
0.062255859375000 3700000
0.068359375000000 3700035
0.069885253906250 3699964
0.069213867187500 3700035
0.070129394531250 3699964
0.000000000000000 3700000
0.071044921875000 3700035
0.072387695312500 3699929
0.071899414062500 3700035
0.067382812500000 3699964
0.069702148437500 3700035
0.070251464843750 3700000
0.069274902343750 3700035
0.069274902343750 3699964
0.069702148437500 3700000
0.072937011718750 3700035
0.067687988281250 3699964
0.000000000000000 3700035
0.070373535156250 3700000
0.067932128906250 3700000
0.070312500000000 3699964
0.069580078125000 3700000
0.069763183593750 3700000
0.071472167968750 3699964
0.069519042968750 3700000
0.061096191406250 3700035
0.067932128906250 3700035
0.070373535156250 3700000
0.068908691406250 3700000
0.071533203125000 3700000
0.067504882812500 3699964
0.073303222656250 3700035
0.000000000000000 3700000
0.070312500000000 3699964
0.068481445312500 3700035
0.061889648437500 3700000
0.069580078125000 3699964
0.069641113281250 3700035
0.068908691406250 3699964
0.070800781250000 3700035
0.068298339843750 3700000
0.071716308593750 3700000
0.069274902343750 3699964
0.069458007812500 3700000
0.070251464843750 3700000
0.069152832031250 3700035
0.071228027343750 3700000
0.000000000000000 3699964
0.068725585937500 3700000
0.072265625000000 3700035
0.071289062500000 3699929
0.068664550781250 3700035
0.071044921875000 3700035
0.069396972656250 3700000
0.070739746093750 3699964
0.068481445312500 3700000
0.071105957031250 3699964
0.070922851562500 3700000
0.068969726562500 3700035
0.069641113281250 3700035
0.068237304687500 3700000
0.000000000000000 3700000
0.070739746093750 3700000
0.067932128906250 3699964
0.071228027343750 3700035
0.069824218750000 3700000
0.068359375000000 3699894
0.070983886718750 3700070
0.069458007812500 3700035
0.067871093750000 3699964
0.069335937500000 3700000
0.070434570312500 3700035
0.071472167968750 3700000
0.070922851562500 3700000
0.000000000000000 3700000
0.070129394531250 3700000
0.069152832031250 3699964
0.070190429687500 3700000
0.070495605468750 3700035
0.069641113281250 3699929
0.070068359375000 3700035
0.068481445312500 3700000
0.069274902343750 3700000
0.070861816406250 3700035
0.069641113281250 3700000
0.070129394531250 3700000
0.069274902343750 3699929
0.000000000000000 3700000
0.071899414062500 3700035
0.067687988281250 3700000
0.069519042968750 3700035
0.068969726562500 3699929
0.069335937500000 3700035
0.070983886718750 3700035
0.069580078125000 3700000
0.068420410156250 3700000
0.073059082031250 3699929
0.070800781250000 3700070
0.068603515625000 3700000
0.069946289062500 3700000
0.070922851562500 3700000
0.000000000000000 3700000
0.070678710937500 3700000
0.070556640625000 3700000
0.071166992187500 3700000
0.069213867187500 3699964
0.068481445312500 3700035
0.071289062500000 3700000
0.069885253906250 3695610
0.070007324218750 3683469
0.067993164062500 3699929
0.069396972656250 3696668
0.070068359375000 3700000
0.068054199218750 3693516
0.069091796875000 3686978
0.000000000000000 3691620
0.068481445312500 3699929
0.072448730468750 3700035
0.069213867187500 3690530
0.070617675781250 3683333
0.070495605468750 3686835
0.068420410156250 3694182
0.071166992187500 3700000
0.068298339843750 3700035
0.070129394531250 3700000
0.067565917968750 3700000
0.074096679687500 3699964
0.070190429687500 3700035
0.000000000000000 3699964
0.070007324218750 3700035
0.070739746093750 3697810
0.068847656250000 3684781
0.061584472656250 3699518
0.070312500000000 3683371
0.069946289062500 3689331
0.069274902343750 3699964
0.073303222656250 3700000
0.069213867187500 3700000
0.068481445312500 3690268
0.070739746093750 3698971
0.070129394531250 3685304
0.071044921875000 3696968
0.068115234375000 3696558
0.000000000000000 3700000
0.070678710937500 3700035
0.071166992187500 3700000
0.069885253906250 3699964
0.071105957031250 3699245
0.068542480468750 3686556
0.069091796875000 3696618
0.071228027343750 3700035
0.072265625000000 3699929
0.072814941406250 3700070
0.068969726562500 3696574
0.070251464843750 3699964
0.000000000000000 3700035
0.071350097656250 3700000
0.068786621093750 3699964
0.068542480468750 3698660
0.071228027343750 3697894
0.069885253906250 3689663
0.069946289062500 3693913
0.069702148437500 3693479
0.070007324218750 3700000
0.070861816406250 3697404
0.070129394531250 3699161
0.061706542968750 3700000
0.071960449218750 3699964
0.069274902343750 3700035
0.000000000000000 3699964
0.070800781250000 3700000
0.070129394531250 3699964
0.071899414062500 3696596
0.069396972656250 3700035
0.070739746093750 3696592
0.069885253906250 3697508
0.067932128906250 3685167
0.071289062500000 3700000
0.070922851562500 3699964
0.070251464843750 3700035
0.069030761718750 3696358
0.000000000000000 3700070
0.070068359375000 3700000
0.069946289062500 3700000
0.280090332031250 3699151
0.068725585937500 3700035
0.070556640625000 3700035
0.072143554687500 3700000
0.069580078125000 3699964
0.069152832031250 3699964
0.070007324218750 3700035
0.074157714843750 3700000
0.068176269531250 3700000
0.000000000000000 3700035
0.070922851562500 3700000
0.069824218750000 3699964
0.068847656250000 3696236
0.062255859375000 3696428
0.066894531250000 3693210
0.069702148437500 3699964
0.068969726562500 3700070
0.071472167968750 3689551
0.069396972656250 3700105
0.071105957031250 3700000
0.070373535156250 3699964
0.069824218750000 3700000
0.069458007812500 3700035
0.069152832031250 3700000
0.000000000000000 3699964
0.071533203125000 3700000
0.069335937500000 3700000
0.070739746093750 3700035
0.069946289062500 3699964
0.068420410156250 3700035
0.069580078125000 3700000
0.069763183593750 3699964
0.070800781250000 3700035
0.069763183593750 3699964
0.070190429687500 3691335
0.070922851562500 3694691
0.069824218750000 3700000
0.068542480468750 3700000
0.000000000000000 3699964
0.070190429687500 3698960
0.069335937500000 3696288
0.068908691406250 3696817
0.071533203125000 3683963
0.070800781250000 3698508
0.068542480468750 3696915
0.070190429687500 3692558
0.069458007812500 3700000
0.070068359375000 3699929
0.068176269531250 3693398
0.071044921875000 3683367
0.000000000000000 3687643
0.071899414062500 3699964
0.068969726562500 3700000
0.069519042968750 3700000
0.068176269531250 3700035
0.069152832031250 3699964
0.069580078125000 3690366
0.068847656250000 3688298
0.070434570312500 3700352
0.071289062500000 3700000
0.069763183593750 3700070
0.069702148437500 3699964
0.069702148437500 3700035
0.071044921875000 3700000
0.000000000000000 3700000
0.070007324218750 3700000
0.071289062500000 3692576
0.069885253906250 3700035
0.072387695312500 3700000
0.068664550781250 3694814
0.070129394531250 3692589
0.068542480468750 3699964
0.068725585937500 3700000
0.070373535156250 3700000
0.068298339843750 3694220
0.073059082031250 3683401
0.068481445312500 3694216
0.000000000000000 3700000
0.069824218750000 3693138
0.068969726562500 3700035
0.070800781250000 3699964
0.069641113281250 3685970
0.070068359375000 3689432
0.068298339843750 3700000
0.070983886718750 3696598
0.069824218750000 3700035
0.070251464843750 3698694
0.070068359375000 3694429
0.068969726562500 3694037
0.069458007812500 3698982
0.000000000000000 3699964
0.068969726562500 3700000
0.068969726562500 3700035
0.070068359375000 3699964
0.068603515625000 3700035
0.070983886718750 3699964
0.067932128906250 3700035
0.070495605468750 3696756
0.069274902343750 3691228
0.068786621093750 3690017
0.072204589843750 3697486
0.069030761718750 3692103
0.069885253906250 3700035
0.000000000000000 3699964
0.129943847656250 3700035
0.000000000000000 3698587
0.071411132812500 3697627
0.067504882812500 3692199
0.070251464843750 3698137
0.067382812500000 3700000
0.070800781250000 3689397
0.068054199218750 3689858
0.068725585937500 3699964
0.068969726562500 3700035
0.073059082031250 3699924
0.071044921875000 3695205
0.068176269531250 3696641
0.070922851562500 3700000
0.068786621093750 3699964
0.000000000000000 3700035
0.071777343750000 3699964
0.067871093750000 3700035
0.071777343750000 3700000
0.069030761718750 3700000
0.068420410156250 3696306
0.069824218750000 3700000
0.071044921875000 3685707
0.070373535156250 3697056
0.068420410156250 3605770
0.060791015625000 3699894
0.072021484375000 3700105
0.068908691406250 3694130
0.071105957031250 3690658
0.000000000000000 3694369
0.071228027343750 3700000
0.068725585937500 3700000
0.071960449218750 3700035
0.069580078125000 3696600
0.070617675781250 3699929
0.069946289062500 3700035
0.069458007812500 3700000
0.067932128906250 3696622
0.068786621093750 3700000
0.069641113281250 3700000
0.071838378906250 3699964
0.000000000000000 3700000
0.070678710937500 3700000
0.068298339843750 3694032
0.070007324218750 3693854
0.069458007812500 3698189
0.070251464843750 3696812
0.067260742187500 3695062
0.071105957031250 3688391
0.071411132812500 3697495
0.071594238281250 3699964
0.070068359375000 3700035
0.067932128906250 3700000
0.069702148437500 3696197
0.070129394531250 3687053
0.000000000000000 3685300
0.070556640625000 3700035
0.069580078125000 3696316
0.072265625000000 3700000
0.071655273437500 3694649
0.068664550781250 3697260
0.068054199218750 3697308
0.067626953125000 3700000
0.069702148437500 3700000
0.061767578125000 3700000
0.067382812500000 3700000
0.068481445312500 3700000
0.068603515625000 3700000
0.072998046875000 3699964
0.068054199218750 3700035
0.069885253906250 3700000
0.000000000000000 3699929
0.068542480468750 3700000
0.070800781250000 3700070
0.069458007812500 3700000
0.071472167968750 3699964
0.071044921875000 3700035
0.066955566406250 3696985
0.070495605468750 3696665
0.066589355468750 3700000
0.069946289062500 3696592
0.067932128906250 3699964
0.070861816406250 3700035
0.071716308593750 3699964
0.000000000000000 3700000
0.068481445312500 3700035
0.068542480468750 3700000
0.067749023437500 3700000
0.071716308593750 3696580
0.067626953125000 3700000
0.072753906250000 3699964
0.071289062500000 3700000
0.070922851562500 3692664
0.070373535156250 3689924
0.069030761718750 3689368
0.068359375000000 3700000
0.070983886718750 3700000
0.062072753906250 3700000
0.000000000000000 3700000
0.071350097656250 3699964
0.071166992187500 3700070
0.069824218750000 3696553
0.069152832031250 3700000
0.069580078125000 3699964
0.067749023437500 3700035
0.071044921875000 3689964
0.070495605468750 3699238
0.070068359375000 3700000
0.070739746093750 3700000
0.068481445312500 3699964
0.070129394531250 3700035
0.000000000000000 3699964
0.068603515625000 3700000
0.071105957031250 3699964
0.070495605468750 3700070
0.068481445312500 3696357
0.069641113281250 3683372
0.067932128906250 3699168
0.069885253906250 3700035
0.070190429687500 3689156
0.069763183593750 3693091
0.072204589843750 3696582
0.069641113281250 3700035
0.069580078125000 3700000
0.000000000000000 3689656
0.068298339843750 3699964
0.070373535156250 3699889
0.069946289062500 3696716
0.070861816406250 3700000
0.070373535156250 3693011
0.068786621093750 3699964
0.071655273437500 3700000
0.069641113281250 3700000
0.069274902343750 3696448
0.067871093750000 3700035
0.070068359375000 3700000
0.071838378906250 3692070
0.000000000000000 3683366
0.067687988281250 3699606
0.070251464843750 3699964
0.069885253906250 3700035
0.068847656250000 3699964
0.070617675781250 3700000
0.070068359375000 3697617
0.068847656250000 3697755
0.071655273437500 3699964
0.062133789062500 3698710
0.068176269531250 3698605
0.070617675781250 3692761
0.069091796875000 3686772
0.069641113281250 3685182
0.070312500000000 3699964
0.067932128906250 3695461
0.000000000000000 3689610
0.072265625000000 3691215
0.069030761718750 3698292
0.070373535156250 3699929
0.068664550781250 3700070
0.068481445312500 3693120
0.069458007812500 3689390
0.070800781250000 3700000
0.071533203125000 3697508
0.069152832031250 3683335
0.071166992187500 3697685
0.066711425781250 3700035
0.000000000000000 3696523
0.072082519531250 3697190
0.067810058593750 3696237
0.069641113281250 3699964
0.067932128906250 3700035
0.073425292968750 3700000
0.071289062500000 3700000
0.067810058593750 3693493
0.068847656250000 3699315
0.068298339843750 3700000
0.071044921875000 3700035
0.068420410156250 3699964
0.071472167968750 3700035
0.070312500000000 3699063
0.000000000000000 3697205
0.068054199218750 3700000
0.070800781250000 3699964
0.069152832031250 3700000
0.070312500000000 3700035
0.067565917968750 3690550
0.073730468750000 3695597
0.069396972656250 3700000
0.068786621093750 3690094
0.069091796875000 3686902
0.070373535156250 3683330
0.071411132812500 3697624
0.068908691406250 3700070
0.000000000000000 3699964
0.068908691406250 3696339
0.069152832031250 3693599
0.070495605468750 3690440
0.069702148437500 3695256
0.068298339843750 3700035
0.070251464843750 3699964
0.067260742187500 3700000
0.071533203125000 3699964
0.071228027343750 3700070
0.067626953125000 3696383
0.070129394531250 3700000
0.071594238281250 3700000
0.070251464843750 3699964
0.000000000000000 3700035
0.067810058593750 3699964
0.072387695312500 3700035
0.072204589843750 3700035
0.071411132812500 3696558
0.069946289062500 3700000
0.068237304687500 3699964
0.071472167968750 3700070
0.069396972656250 3700000
0.070556640625000 3700000
0.061401367187500 3700000
0.068786621093750 3699964
0.072082519531250 3700035
0.000000000000000 3693068
0.069458007812500 3700000
0.070434570312500 3700000
0.070068359375000 3692953
0.069885253906250 3700035
0.071899414062500 3699929
0.069885253906250 3700000
0.070190429687500 3700070
0.067626953125000 3700000
0.069213867187500 3700000
0.069946289062500 3699964
0.069641113281250 3700000
0.070068359375000 3700035
0.068420410156250 3699964
0.062805175781250 3700000
0.069396972656250 3700035
0.000000000000000 3697754
0.070312500000000 3688158
0.069091796875000 3696591
0.069763183593750 3700035
0.070617675781250 3696571
0.071411132812500 3700035
0.070007324218750 3700000
0.068298339843750 3700000
0.071533203125000 3699964
0.069763183593750 3700000
0.069702148437500 3696513
0.068847656250000 3700000
0.069213867187500 3699964
0.000000000000000 3689352
0.071166992187500 3700000
0.069641113281250 3697686
0.069824218750000 3698898
0.069396972656250 3685356
0.071777343750000 3690032
0.068969726562500 3700000
0.069091796875000 3700000
0.067443847656250 3700000
0.061340332031250 3699718
0.073608398437500 3698348
0.065307617187500 3695060
0.069213867187500 3692680
0.067871093750000 3693184
0.062622070312500 3700035
0.073120117187500 3700000
0.000000000000000 3700000
0.073364257812500 3699964
0.071105957031250 3700000
0.070434570312500 3700035
0.067749023437500 3699964
0.065734863281250 3700000
0.074645996093750 3700035
0.066040039062500 3699964
0.068908691406250 3700035
0.067871093750000 3699929
0.072082519531250 3696690
0.067443847656250 3696568
0.071838378906250 3700000
0.069213867187500 3696588
0.065063476562500 3696814
0.066894531250000 3699964
0.062744140625000 3700000
0.000000000000000 3700035
0.071472167968750 3699964
0.062805175781250 3700000
0.065673828125000 3696226
0.067077636718750 3700000
0.072326660156250 3699964
0.064392089843750 3700035
0.070739746093750 3700000
0.070434570312500 3699964
0.069152832031250 3700035
0.069702148437500 3699894
0.072509765625000 3700105
0.070861816406250 3699964
0.071105957031250 3700000
0.069946289062500 3700000
0.000000000000000 3699403
0.069519042968750 3683333
0.069519042968750 3699278
0.069824218750000 3696444
0.069946289062500 3700000
0.071838378906250 3700035
0.070495605468750 3699929
0.067932128906250 3700070
0.071777343750000 3700000
0.069091796875000 3700000
0.070434570312500 3700000
0.069091796875000 3696252
0.070861816406250 3699964
0.000000000000000 3700000
0.070800781250000 3700000
0.068176269531250 3700035
0.071350097656250 3700000
0.068115234375000 3693224
0.070556640625000 3699847
0.068359375000000 3695028
0.070373535156250 3687982
0.070556640625000 3693610
0.069580078125000 3696626
0.067871093750000 3700000
0.068481445312500 3695740
0.072631835937500 3693898
0.000000000000000 3699964
0.071166992187500 3700035
0.070434570312500 3699964
0.071350097656250 3700000
0.067993164062500 3696579
0.071777343750000 3700035
0.070190429687500 3696065
0.062316894531250 3700035
0.068603515625000 3700000
0.069763183593750 3699964
0.071960449218750 3692691
0.068725585937500 3690343
0.069030761718750 3690658
0.070251464843750 3691635
0.062011718750000 3698672
0.068847656250000 3693770
0.000000000000000 3695722
0.071472167968750 3696633
0.069213867187500 3696265
0.061096191406250 3686076
0.074218750000000 3700000
0.063537597656250 3700000
0.067321777343750 3700035
0.072875976562500 3693072
0.064880371093750 3700035
0.069213867187500 3699929
0.068481445312500 3690728
0.069030761718750 3695414
0.071472167968750 3700000
0.071472167968750 3700035
0.068420410156250 3698032
0.069824218750000 3684190
0.000000000000000 3699867
0.068176269531250 3696600
0.071838378906250 3699519
0.068603515625000 3691836
0.069946289062500 3700035
0.071960449218750 3699964
0.069519042968750 3700000
0.069641113281250 3700035
0.069824218750000 3699964
0.071533203125000 3693016
0.067749023437500 3689724
0.070312500000000 3700000
0.071289062500000 3700035
0.000000000000000 3699964
0.069458007812500 3693886
0.070983886718750 3683296
0.069519042968750 3687846
0.068542480468750 3700000
0.069702148437500 3700035
0.069946289062500 3700000
0.071289062500000 3700000
0.071533203125000 3699964
0.070434570312500 3700000
0.069763183593750 3699193
0.069641113281250 3692714
0.071350097656250 3694144
0.000000000000000 3693472
0.070129394531250 3696074
0.070007324218750 3699964
0.068420410156250 3696598
0.070556640625000 3690067
0.068603515625000 3683330
0.070922851562500 3684944
0.068237304687500 3700000
0.068176269531250 3697251
0.071350097656250 3688756
0.066955566406250 3700000
0.070434570312500 3700035
0.069030761718750 3699929
0.068237304687500 3697774
0.069030761718750 3700000
0.000000000000000 3700000
0.068603515625000 3699964
0.069946289062500 3700035
0.071228027343750 3699964
0.070068359375000 3700000
0.068908691406250 3694077
0.070312500000000 3684799
0.069152832031250 3700000
0.069458007812500 3700000
0.070617675781250 3700000
0.070800781250000 3700035
0.069702148437500 3700000
0.068725585937500 3699964
0.000000000000000 3700000
0.070190429687500 3700000
0.070495605468750 3700000
0.070556640625000 3700035
0.068054199218750 3697010
0.069091796875000 3700000
0.071533203125000 3700000
0.070739746093750 3700000
0.069274902343750 3700000
0.068420410156250 3693103
0.073303222656250 3700035
0.067932128906250 3700000
0.070556640625000 3687561
0.000000000000000 3692064
0.069580078125000 3700000
0.068054199218750 3699964
0.071838378906250 3700000
0.066833496093750 3700000
0.069091796875000 3696596
0.068664550781250 3699964
0.071411132812500 3700000
0.069885253906250 3698445
0.068359375000000 3691260
0.061828613281250 3692496
0.070312500000000 3692956
0.069580078125000 3700000
0.069091796875000 3700000
0.069213867187500 3636293
0.000000000000000 3593385
0.066040039062500 3594715
0.066711425781250 3590989
0.057922363281250 3599931
0.064880371093750 3600102
0.067443847656250 3600000
0.064697265625000 3599965
0.067077636718750 3599931
0.065002441406250 3599965
0.066040039062500 3600068
0.066528320312500 3600034
0.062988281250000 3599965
0.057434082031250 3600034
0.064758300781250 3599897
0.065673828125000 3600102
0.062255859375000 3600000
0.057617187500000 3599965
0.000000000000000 3600034
0.064453125000000 3599965
0.065795898437500 3600034
0.064819335937500 3600000
0.063049316406250 3600000
0.065612792968750 3600000
0.063293457031250 3600000
0.063049316406250 3600000
0.063964843750000 3599965
0.066345214843750 3600034
0.066711425781250 3600000
0.065124511718750 3600000
0.065490722656250 3600000
0.000000000000000 3600000
0.063903808593750 3596585
0.065734863281250 3599965
0.065612792968750 3600000
0.064880371093750 3600034
0.065429687500000 3600000
0.064453125000000 3600000
0.063659667968750 3600000
0.065856933593750 3599965
0.065002441406250 3600000
0.066162109375000 3600034
0.058044433593750 3600000
0.063842773437500 3596693
0.066955566406250 3600000
0.000000000000000 3600000
0.065979003906250 3600000
0.064575195312500 3600000
0.063720703125000 3596635
0.064453125000000 3589495
0.062683105468750 3599931
0.063293457031250 3600102
0.066467285156250 3600034
0.065002441406250 3599965
0.065246582031250 3600000
0.065551757812500 3600000
0.064270019531250 3600000
0.064575195312500 3600000
0.000000000000000 3600000
0.064941406250000 3600000
0.064025878906250 3599973
0.065673828125000 3593030
0.066589355468750 3600000
0.066223144531250 3599931
0.062438964843750 3600068
0.064880371093750 3600000
0.064392089843750 3600000
0.065856933593750 3599965
0.064147949218750 3600034
0.063903808593750 3600000
0.065063476562500 3600000
0.000000000000000 3599965
0.063842773437500 3600034
0.064819335937500 3599965
0.063171386718750 3600034
0.065124511718750 3600034
0.067016601562500 3600000
0.061828613281250 3599965
0.065246582031250 3600000
0.065063476562500 3600000
0.065979003906250 3600034
0.062744140625000 3599965
0.063659667968750 3526148
0.065429687500000 3600034
0.064270019531250 3600000
0.057678222656250 3600000
0.000000000000000 3600000
0.065429687500000 3600034
0.064086914062500 3599931
0.065856933593750 3600034
0.064941406250000 3600000
0.063903808593750 3600000
0.065795898437500 3600000
0.064636230468750 3600034
0.063598632812500 3599931
0.065124511718750 3600034
0.065246582031250 3600000
0.066894531250000 3599965
0.063537597656250 3600034
0.000000000000000 3600000
0.065917968750000 3599965
0.064941406250000 3600000
0.063293457031250 3596996
0.064636230468750 3599965
0.062438964843750 3600068
0.066833496093750 3600000
0.065490722656250 3600000
0.065856933593750 3600000
0.065856933593750 3600000
0.065551757812500 3597377
0.065856933593750 3588334
0.000000000000000 3600000
0.062927246093750 3599965
0.063476562500000 3600000
0.066284179687500 3600000
0.066284179687500 3600000
0.064514160156250 3600000
0.064453125000000 3599965
0.065673828125000 3600034
0.064208984375000 3600000
0.064758300781250 3600000
0.064880371093750 3599965
0.064453125000000 3600034
0.063110351562500 3600000
0.000000000000000 3599931
0.066528320312500 3600068
0.064331054687500 3600000
0.063293457031250 3599965
0.066223144531250 3600000
0.065734863281250 3600034
0.067077636718750 3600000
0.063781738281250 3600000
0.065429687500000 3600000
0.064514160156250 3600000
0.064697265625000 3600000
0.064331054687500 3600000
0.062683105468750 3600000
0.000000000000000 3600000
0.066040039062500 3600000
0.064025878906250 3600000
0.065002441406250 3600000
0.064208984375000 3600000
0.062988281250000 3600000
0.064331054687500 3599931
0.064697265625000 3600102
0.065063476562500 3599931
0.066772460937500 3600034
0.063781738281250 3600000
0.063476562500000 3600000
0.064575195312500 3600000
0.000000000000000 3600000
0.064636230468750 3600000
0.062927246093750 3600000
0.063598632812500 3600000
0.066894531250000 3600000
0.064880371093750 3600000
0.065124511718750 3600000
0.062377929687500 3600000
0.064147949218750 3599965
0.063842773437500 3600034
0.065185546875000 3600000
0.066162109375000 3600000
0.063476562500000 3600000
0.066284179687500 3600000
0.000000000000000 3596600
0.063659667968750 3600000
0.064636230468750 3600000
0.062805175781250 3599965
0.065063476562500 3600000
0.065979003906250 3600034
0.065124511718750 3600000
0.065979003906250 3600000
0.063964843750000 3600000
0.066406250000000 3600000
0.063110351562500 3600034
0.064941406250000 3599965
0.064147949218750 3600000
0.000000000000000 3596683
0.063049316406250 3596325
0.057312011718750 3600068
0.062255859375000 3593772
0.065063476562500 3600000
0.064453125000000 3600000
0.065063476562500 3600000
0.064208984375000 3599965
0.064941406250000 3600034
0.063598632812500 3600000
0.062683105468750 3599965
0.065673828125000 3600000
0.062988281250000 3600034
0.064575195312500 3600000
0.063598632812500 3600000
0.000000000000000 3600000
0.065490722656250 3600000
0.064819335937500 3596511
0.064025878906250 3598936
0.064086914062500 3597628
0.064208984375000 3600000
0.064636230468750 3600000
0.066345214843750 3600000
0.065368652343750 3600034
0.067138671875000 3599965
0.064331054687500 3600000
0.066589355468750 3600000
0.000000000000000 3599965
0.121459960937500 3600000
0.000000000000000 3600034
0.063842773437500 3600000
0.058593750000000 3600000
0.064147949218750 3600000
0.057922363281250 3600000
0.065979003906250 3600000
0.064331054687500 3600000
0.066589355468750 3600000
0.063903808593750 3600000
0.065612792968750 3600000
0.064025878906250 3600000
0.068420410156250 3600000
0.067749023437500 3599965
0.064147949218750 3600034
0.000000000000000 3600034
0.066223144531250 3599965
0.062133789062500 3600000
0.065612792968750 3600000
0.057128906250000 3600000
0.064270019531250 3600000
0.064453125000000 3600000
0.067687988281250 3599965
0.065734863281250 3600034
0.065002441406250 3600000
0.063659667968750 3600000
0.064453125000000 3600000
0.065795898437500 3600000
0.065917968750000 3600000
0.000000000000000 3600000
0.063293457031250 3600000
0.064147949218750 3600000
0.064331054687500 3599931
0.064331054687500 3600068
0.063537597656250 3600000
0.064453125000000 3600000
0.064758300781250 3600000
0.058654785156250 3600000
0.065673828125000 3600000
0.064147949218750 3600000
0.063171386718750 3600000
0.065124511718750 3600000
0.064697265625000 3600000
0.063049316406250 3600000
0.000000000000000 3599931
0.064392089843750 3600102
0.066894531250000 3599965
0.066223144531250 3600000
0.064941406250000 3600000
0.062988281250000 3600000
0.065124511718750 3600000
0.064697265625000 3600034
0.064392089843750 3599897
0.064270019531250 3600068
0.063964843750000 3600000
0.064514160156250 3599965
0.063964843750000 3600000
0.000000000000000 3600034
0.065612792968750 3600000
0.063720703125000 3600000
0.064819335937500 3600000
0.066345214843750 3600000
0.062316894531250 3600000
0.065124511718750 3600000
0.064941406250000 3658204
0.062194824218750 3800036
0.071899414062500 3800036
0.070861816406250 3800000
0.068298339843750 3800000
0.069824218750000 3800000
0.071899414062500 3799927
0.000000000000000 3738065
0.068969726562500 3699964
0.071533203125000 3700000
0.071166992187500 3700000
0.070251464843750 3700035
0.062377929687500 3699964
0.070190429687500 3700035
0.071166992187500 3699929
0.069396972656250 3700070
0.070739746093750 3700000
0.067932128906250 3700000
0.070251464843750 3700000
0.068481445312500 3700000
0.068664550781250 3699964
0.071289062500000 3700035
0.000000000000000 3699964
0.069274902343750 3700035
0.070312500000000 3700000
0.070373535156250 3700000
0.072387695312500 3700000
0.069824218750000 3700000
0.070434570312500 3700000
0.069763183593750 3700000
0.069763183593750 3699964
0.062866210937500 3700000
0.069030761718750 3700000
0.069458007812500 3700000
0.068054199218750 3700000
0.068664550781250 3700035
0.000000000000000 3699964
0.070373535156250 3700035
0.070800781250000 3700000
0.069946289062500 3700000
0.069152832031250 3700000
0.073059082031250 3699929
0.068664550781250 3700035
0.069335937500000 3699964
0.069213867187500 3700035
0.069580078125000 3700000
0.071472167968750 3700035
0.067565917968750 3699964
0.068298339843750 3700035
0.068603515625000 3699964
0.000000000000000 3700000
0.070861816406250 3700035
0.068603515625000 3699964
0.070007324218750 3700035
0.071594238281250 3700000
0.069091796875000 3699964
0.072143554687500 3700035
0.069274902343750 3699964
0.068481445312500 3700000
0.069152832031250 3700000
0.069702148437500 3700035
0.069030761718750 3699964
0.071716308593750 3700000
0.068847656250000 3700000
0.000000000000000 3700035
0.068359375000000 3700000
0.070678710937500 3699929
0.067443847656250 3700035
0.071350097656250 3700000
0.068298339843750 3700000
0.072937011718750 3700035
0.070434570312500 3699964
0.068725585937500 3700000
0.072265625000000 3700035
0.068481445312500 3700000
0.071899414062500 3700000
0.068969726562500 3699964
0.000000000000000 3700035
0.070190429687500 3700000
0.073974609375000 3699964
0.069824218750000 3699964
0.071350097656250 3700070
0.069152832031250 3700000
0.070190429687500 3699964
0.068725585937500 3700000
0.071533203125000 3700000
0.069519042968750 3700000
0.069152832031250 3700000
0.071960449218750 3699964
0.000000000000000 3700070
0.071472167968750 3700000
0.070068359375000 3699964
0.069702148437500 3699964
0.070739746093750 3700035
0.070617675781250 3700000
0.071289062500000 3700000
0.071716308593750 3700035
0.070068359375000 3700000
0.070068359375000 3700000
0.069946289062500 3699929
0.069824218750000 3700070
0.061889648437500 3700000
0.070007324218750 3700000
0.068481445312500 3699964
0.062438964843750 3700000
0.000000000000000 3700035
0.071716308593750 3699964
0.069091796875000 3700035
0.072021484375000 3700000
0.062072753906250 3699929
0.068786621093750 3700035
0.071777343750000 3700000
0.069641113281250 3700035
0.071044921875000 3700000
0.072509765625000 3700000
0.070617675781250 3699964
0.067993164062500 3699964
0.070617675781250 3700035
0.000000000000000 3700035
0.072143554687500 3700000
0.069030761718750 3700000
0.072082519531250 3699964
0.071105957031250 3700000
0.070617675781250 3700000
0.072265625000000 3700035
0.072448730468750 3700000
0.070739746093750 3699964
0.070190429687500 3700000
0.062316894531250 3700035
0.068725585937500 3700000
0.072937011718750 3700000
0.067626953125000 3700000
0.000000000000000 3700000
0.070556640625000 3700000
0.071594238281250 3699964
0.067749023437500 3700035
0.070068359375000 3699964
0.069458007812500 3700000
0.070922851562500 3700000
0.068786621093750 3700000
0.071899414062500 3700000
0.072143554687500 3700035
0.068847656250000 3699964
0.070739746093750 3700035
0.069458007812500 3699964
0.000000000000000 3700000
0.069152832031250 3700000
0.069458007812500 3700000
0.072509765625000 3700000
0.069885253906250 3700035
0.068298339843750 3700000
0.071166992187500 3700000
0.068725585937500 3700000
0.061767578125000 3699964
0.068603515625000 3700000
0.067932128906250 3700000
0.068969726562500 3699964
0.071533203125000 3700070
0.072143554687500 3700000
0.069274902343750 3699964
0.000000000000000 3700035
0.070190429687500 3699964
0.070617675781250 3700035
0.062744140625000 3699964
0.070373535156250 3700000
0.071838378906250 3700035
0.070739746093750 3699964
0.070556640625000 3699964
0.070556640625000 3700070
0.068176269531250 3700000
0.072265625000000 3699964
0.067565917968750 3699929
0.067260742187500 3772586
0.073791503906250 3800000
0.076904296875000 3800000
0.000000000000000 3800000
0.076660156250000 3800000
0.075805664062500 3800000
0.066833496093750 3800000
0.073547363281250 3799963
0.074096679687500 3800036
0.072937011718750 3799963
0.075561523437500 3800000
0.074829101562500 3800036
0.072631835937500 3799963
0.075256347656250 3800036
0.072998046875000 3800000
0.077331542968750 3800000
0.073059082031250 3800000
0.076660156250000 3800000
0.000000000000000 3800000
0.075195312500000 3799927
0.075195312500000 3800036
0.076538085937500 3800000
0.073059082031250 3800036
0.075317382812500 3800000
0.073059082031250 3800000
0.076965332031250 3800000
0.073303222656250 3800000
0.076965332031250 3800000
0.075012207031250 3800000
0.074035644531250 3800000
0.077148437500000 3800000
0.000000000000000 3800000
0.073486328125000 3800000
0.074890136718750 3800000
0.073303222656250 3800000
0.077026367187500 3800000
0.066650390625000 3800000
0.074768066406250 3800000
0.075073242187500 3800000
0.076660156250000 3800000
0.075622558593750 3800000
0.072509765625000 3800000
0.075866699218750 3799963
0.074523925781250 3800036
0.074890136718750 3800000
0.074707031250000 3800000
0.000000000000000 3799963
0.073425292968750 3800000
0.074768066406250 3800036
0.076171875000000 3800000
0.073242187500000 3800000
0.076477050781250 3799963
0.075134277343750 3799963
0.074707031250000 3800072
0.075561523437500 3800000
0.074829101562500 3800000
0.074707031250000 3800000
0.074401855468750 3800000
0.075622558593750 3800000
0.000000000000000 3800000
0.074523925781250 3800000
0.073364257812500 3800000
0.073791503906250 3800000
0.073181152343750 3799963
0.075561523437500 3799963
0.075988769531250 3800072
0.072937011718750 3800000
0.076049804687500 3800000
0.075378417968750 3800000
0.072998046875000 3799927
0.076904296875000 3800072
0.074707031250000 3800000
0.074462890625000 3800000
0.000000000000000 3799927
0.076599121093750 3800072
0.075988769531250 3800036
0.077636718750000 3799963
0.073547363281250 3800000
0.076171875000000 3800000
0.074279785156250 3800000
0.075012207031250 3800000
0.073364257812500 3800000
0.076110839843750 3800000
0.078247070312500 3799963
0.072998046875000 3800036
0.074218750000000 3800000
0.000000000000000 3800000
0.073608398437500 3800000
0.076843261718750 3800000
0.074584960937500 3800000
0.075683593750000 3799963
0.077148437500000 3800036
0.073120117187500 3800000
0.075622558593750 3800000
0.072631835937500 3799963
0.075256347656250 3800072
0.073974609375000 3799963
0.078613281250000 3800000
0.075561523437500 3800000
0.000000000000000 3800000
0.076416015625000 3800000
0.076354980468750 3800000
0.073120117187500 3800000
0.077087402343750 3800000
0.072875976562500 3800000
0.076599121093750 3800000
0.075378417968750 3799963
0.075744628906250 3800072
0.073913574218750 3799963
0.075134277343750 3800000
0.074645996093750 3800000
0.074523925781250 3800000
0.000000000000000 3800000
0.077026367187500 3799927
0.077209472656250 3800072
0.074035644531250 3799927
0.075012207031250 3800072
0.077819824218750 3800000
0.077758789062500 3800000
0.075134277343750 3800000
0.074218750000000 3800000
0.076293945312500 3800000
0.074340820312500 3800000
0.077392578125000 3800000
0.072143554687500 3800000
0.000000000000000 3800000
0.074523925781250 3800000
0.073669433593750 3800000
0.075439453125000 3800000
0.077514648437500 3799963
0.072875976562500 3800000
0.075500488281250 3800000
0.076171875000000 3800036
0.075866699218750 3800000
0.074096679687500 3799963
0.076049804687500 3800036
0.077270507812500 3800000
0.074035644531250 3800000
0.000000000000000 3800000
0.077026367187500 3800036
0.075012207031250 3799927
0.076477050781250 3800036
0.075988769531250 3799963
0.076110839843750 3800000
0.075500488281250 3800036
0.074401855468750 3800000
0.076843261718750 3800000
0.074584960937500 3799963
0.075195312500000 3800036
0.075561523437500 3799963
0.075134277343750 3799963
0.000000000000000 3800072
0.077331542968750 3800000
0.073181152343750 3800000
0.077758789062500 3800000
0.072875976562500 3800000
0.077026367187500 3800000
0.073486328125000 3799963
0.073242187500000 3800036
0.077514648437500 3800000
0.073974609375000 3800000
0.076049804687500 3800000
0.073303222656250 3800000
0.074584960937500 3799963
0.000000000000000 3800036
0.073364257812500 3799963
0.079528808593750 3800036
0.073974609375000 3800000
0.073791503906250 3800000
0.075134277343750 3800000
0.074707031250000 3800000
0.076904296875000 3799963
0.072143554687500 3800036
0.075012207031250 3799963
0.076049804687500 3800036
0.077270507812500 3800000
0.075866699218750 3799963
0.073791503906250 3800036
0.000000000000000 3800000
0.074707031250000 3800000
0.072875976562500 3799963
0.066040039062500 3800036
0.073730468750000 3800000
0.076843261718750 3800000
0.074401855468750 3799963
0.079650878906250 3800036
0.075988769531250 3800000
0.074523925781250 3800000
0.078002929687500 3800000
0.073242187500000 3800036
0.064514160156250 3799963
0.072814941406250 3800000
0.074768066406250 3800000
0.063476562500000 3800000
0.000000000000000 3799963
0.072998046875000 3800000
0.070556640625000 3800072
0.070068359375000 3799963
0.072937011718750 3800000
0.070373535156250 3800000
0.074096679687500 3800000
0.071105957031250 3800000
0.070739746093750 3799963
0.072326660156250 3800036
0.071594238281250 3800000
0.072692871093750 3800000
0.070495605468750 3800000
0.070617675781250 3800036
0.000000000000000 3799963
0.073242187500000 3800000
0.071655273437500 3799963
0.069702148437500 3800036
0.070007324218750 3800000
0.071838378906250 3800000
0.071044921875000 3800000
0.071166992187500 3800000
0.068786621093750 3800000
0.073120117187500 3799963
0.063476562500000 3800036
0.071594238281250 3800000
0.072204589843750 3800000
0.071350097656250 3800000
0.072692871093750 3800000
0.000000000000000 3799963
0.132141113281250 3800000
0.000000000000000 3800036
0.069641113281250 3799963
0.073242187500000 3799963
0.071838378906250 3800072
0.070495605468750 3800000
0.074035644531250 3800000
0.069946289062500 3799963
0.071838378906250 3800036
0.070312500000000 3799963
0.073669433593750 3800036
0.072265625000000 3800000
0.069824218750000 3800000
0.070129394531250 3799963
0.000000000000000 3800036
0.072448730468750 3800000
0.070800781250000 3799963
0.070617675781250 3800036
0.071105957031250 3800000
0.071777343750000 3800000
0.072021484375000 3799963
0.072021484375000 3800036
0.070068359375000 3800000
0.073425292968750 3799963
0.071716308593750 3800036
0.071960449218750 3800000
0.072143554687500 3800000
0.070556640625000 3800000
0.000000000000000 3800000
0.072143554687500 3800000
0.072692871093750 3800000
0.072265625000000 3800000
0.070678710937500 3800000
0.071655273437500 3800000
0.072570800781250 3800000
0.070983886718750 3800000
0.070739746093750 3800000
0.069946289062500 3800000
0.071594238281250 3800000
0.071411132812500 3800000
0.070678710937500 3800000
0.000000000000000 3800000
0.071594238281250 3799963
0.071105957031250 3800036
0.071899414062500 3800000
0.070312500000000 3800000
0.070373535156250 3800000
0.069030761718750 3800000
0.070068359375000 3799963
0.070983886718750 3799963
0.073425292968750 3800072
0.072570800781250 3800000
0.071838378906250 3800000
0.074096679687500 3800000
0.000000000000000 3800000
0.071105957031250 3800000
0.071777343750000 3800000
0.070312500000000 3800000
0.073608398437500 3800000
0.072814941406250 3799963
0.071533203125000 3800036
0.071777343750000 3799963
0.071655273437500 3800036
0.073303222656250 3800000
0.071411132812500 3800000
0.073730468750000 3800000
0.000000000000000 3800000
0.071716308593750 3799963
0.068847656250000 3800036
0.071960449218750 3800000
0.070983886718750 3800000
0.071655273437500 3800000
0.069824218750000 3800000
0.063537597656250 3800000
0.072692871093750 3800000
0.070739746093750 3799963
0.070556640625000 3800036
0.070129394531250 3800000
0.074523925781250 3800000
0.070373535156250 3800000
0.072326660156250 3800000
0.000000000000000 3799927
0.072753906250000 3800072
0.071777343750000 3800000
0.070312500000000 3800000
0.068847656250000 3800000
0.070983886718750 3799963
0.071350097656250 3800000
0.063415527343750 3800000
0.071105957031250 3800036
0.070739746093750 3800036
0.071716308593750 3799927
0.071655273437500 3800036
0.074401855468750 3800000
0.070434570312500 3800000
0.071411132812500 3799963
0.070556640625000 3800036
0.000000000000000 3800000
0.074768066406250 3800000
0.073364257812500 3800000
0.071716308593750 3800000
0.070434570312500 3800000
0.074096679687500 3800000
0.069458007812500 3800000
0.069946289062500 3799963
0.071899414062500 3800036
0.071289062500000 3800000
0.072326660156250 3800000
0.074768066406250 3800000
0.068481445312500 3800000
0.000000000000000 3800000
0.071716308593750 3800000
0.069946289062500 3799963
0.063842773437500 3800036
0.073364257812500 3800000
0.077880859375000 3800000
0.063110351562500 3800000
0.069152832031250 3800000
0.069641113281250 3800036
0.068237304687500 3800000
0.077209472656250 3799963
0.070007324218750 3800000
0.070068359375000 3800000
0.070129394531250 3800000
0.072631835937500 3800000
0.000000000000000 3800000
0.071838378906250 3800000
0.075012207031250 3800000
0.066406250000000 3800036
0.066040039062500 3799963
0.070373535156250 3800000
0.080505371093750 3800000
0.071472167968750 3800000
0.063293457031250 3799927
0.068054199218750 3800072
0.070922851562500 3799963
0.075988769531250 3800036
0.065063476562500 3800000
0.069702148437500 3800000
0.072143554687500 3800000
0.072570800781250 3800000
0.000000000000000 3800000
0.070739746093750 3800000
0.070800781250000 3799927
0.071594238281250 3800072
0.071960449218750 3800000
0.071777343750000 3800000
0.073547363281250 3799963
0.070983886718750 3800036
0.069396972656250 3800000
0.070983886718750 3800000
0.071777343750000 3800000
0.072448730468750 3800000
0.070678710937500 3800036
0.000000000000000 3799963
0.073303222656250 3800036
0.073242187500000 3799963
0.069702148437500 3799963
0.070434570312500 3800036
0.071044921875000 3800000
0.072448730468750 3800000
0.070739746093750 3799963
0.072021484375000 3800036
0.072387695312500 3800000
0.070434570312500 3800000
0.072509765625000 3799963
0.070983886718750 3800000
0.000000000000000 3800000
0.072326660156250 3800036
0.069641113281250 3799963
0.073791503906250 3800036
0.073120117187500 3800000
0.070007324218750 3800000
0.071777343750000 3799927
0.069702148437500 3800072
0.062988281250000 3800000
0.070129394531250 3800000
0.072204589843750 3800036
0.070190429687500 3799963
0.070556640625000 3800000
0.063293457031250 3800000
0.071472167968750 3800036
0.072021484375000 3799963
0.071166992187500 3799963
0.000000000000000 3800036
0.074157714843750 3800000
0.072753906250000 3800000
0.073852539062500 3800036
0.070129394531250 3799963
0.074157714843750 3800000
0.072448730468750 3799927
0.073669433593750 3800072
0.075622558593750 3800000
0.064697265625000 3800036
0.067321777343750 3800000
0.063598632812500 3799963
0.065063476562500 3800000
0.072326660156250 3799963
0.073120117187500 3800036
0.000000000000000 3800036
0.073364257812500 3799963
0.070983886718750 3800000
0.072692871093750 3800000
0.069458007812500 3800000
0.072082519531250 3800036
0.071594238281250 3799963
0.072265625000000 3800000
0.071411132812500 3800000
0.071777343750000 3800000
0.072875976562500 3800000
0.071472167968750 3800000
0.072326660156250 3800000
0.070190429687500 3800000
0.000000000000000 3800000
0.072021484375000 3800000
0.073242187500000 3800000
0.069580078125000 3800000
0.070434570312500 3799963
0.070495605468750 3800000
0.072387695312500 3800036
0.069641113281250 3800000
0.073852539062500 3800000
0.070678710937500 3800000
0.071228027343750 3800000
0.073791503906250 3800036
0.069580078125000 3799963
0.000000000000000 3799963
0.071350097656250 3800000
0.071472167968750 3800000
0.073974609375000 3800036
0.070068359375000 3800036
0.071899414062500 3800000
0.072021484375000 3799963
0.070129394531250 3800000
0.073059082031250 3800000
0.070434570312500 3799963
0.071228027343750 3800036
0.072753906250000 3800000
0.070983886718750 3800000
0.000000000000000 3800000
0.070983886718750 3800000
0.069946289062500 3799927
0.073120117187500 3800036
0.070556640625000 3800036
0.213745117187500 3800000
0.073181152343750 3800000
0.072387695312500 3799963
0.000000000000000 3800036
0.069274902343750 3799963
0.072875976562500 3800036
0.070617675781250 3800000
0.071533203125000 3800000
0.071105957031250 3800000
0.074462890625000 3800000
0.069580078125000 3800000
0.072326660156250 3800000
0.072082519531250 3800000
0.071472167968750 3799963
0.071289062500000 3800036
0.070617675781250 3800000
0.000000000000000 3800000
0.071533203125000 3800000
0.070251464843750 3800000
0.072631835937500 3799963
0.070190429687500 3800036
0.070678710937500 3800000
0.071716308593750 3800000
0.073791503906250 3800000
0.070739746093750 3800036
0.069885253906250 3800000
0.071289062500000 3799963
0.072021484375000 3800000
0.071166992187500 3799963
0.070190429687500 3800036
0.000000000000000 3800000
0.074279785156250 3800000
0.071289062500000 3800000
0.070556640625000 3800000
0.072021484375000 3800000
0.069641113281250 3800000
0.071411132812500 3800000
0.070922851562500 3800000
0.073791503906250 3800036
0.072570800781250 3799927
0.069030761718750 3800036
0.072998046875000 3800000
0.069580078125000 3800000
0.000000000000000 3800000
0.072998046875000 3800000
0.069946289062500 3799963
0.071472167968750 3800036
0.073547363281250 3800000
0.070617675781250 3799963
0.070495605468750 3800036
0.070007324218750 3800000
0.072937011718750 3799963
0.072326660156250 3800000
0.073181152343750 3800036
0.071411132812500 3800000
0.070922851562500 3800000
0.000000000000000 3800000
0.071838378906250 3800036
0.070495605468750 3799963
0.072326660156250 3800000
0.070190429687500 3800000
0.073913574218750 3800000
0.072021484375000 3799963
0.070190429687500 3800000
0.073791503906250 3800036
0.071105957031250 3800000
0.071777343750000 3800000
0.070068359375000 3800000
0.071838378906250 3800000
0.000000000000000 3800000
0.072631835937500 3799963
0.071838378906250 3800036
0.074645996093750 3800000
0.070861816406250 3799963
0.072204589843750 3800036
0.072021484375000 3799927
0.073242187500000 3800036
0.072204589843750 3800036
0.072082519531250 3800000
0.072387695312500 3800036
0.072509765625000 3799963
0.000000000000000 3800000
0.072143554687500 3800000
0.071166992187500 3800000
0.072998046875000 3799963
0.071350097656250 3800036
0.073852539062500 3799963
0.070434570312500 3800036
0.070983886718750 3800000
0.073669433593750 3800000
0.072509765625000 3800000
0.072326660156250 3800000
0.072143554687500 3800000
0.000000000000000 3799963
0.069641113281250 3800036
0.069946289062500 3800000
0.071411132812500 3799963
0.073303222656250 3800036
0.069580078125000 3800000
0.073425292968750 3800000
0.073059082031250 3799963
0.069946289062500 3800036
0.063171386718750 3799927
0.069946289062500 3800072
0.071105957031250 3800000
0.072265625000000 3800000
0.072875976562500 3800000
0.070861816406250 3799963
0.069885253906250 3800036
0.064025878906250 3800000
0.069030761718750 3800000
0.000000000000000 3800000
0.071594238281250 3800000
0.070678710937500 3800000
0.070251464843750 3800000
0.071166992187500 3800000
0.072692871093750 3799963
0.070800781250000 3800036
0.068908691406250 3800000
0.072875976562500 3800000
0.069702148437500 3800000
0.071899414062500 3800036
0.070861816406250 3799963
0.071044921875000 3800000
0.071411132812500 3800000
0.000000000000000 3800036
0.072570800781250 3799963
0.072753906250000 3800000
0.070434570312500 3800000
0.073791503906250 3800036
0.070190429687500 3799963
0.070983886718750 3800000
0.069091796875000 3800000
0.074401855468750 3799927
0.063171386718750 3800072
0.071105957031250 3800000
0.071166992187500 3800000
0.071777343750000 3800000
0.071655273437500 3799963
0.000000000000000 3800036
0.071472167968750 3800000
0.071044921875000 3800000
0.072814941406250 3800000
0.069580078125000 3800000
0.072570800781250 3799963
0.070861816406250 3800036
0.070617675781250 3800000
0.070861816406250 3799963
0.070983886718750 3800036
0.073181152343750 3800000
0.072387695312500 3800000
0.070922851562500 3800000
0.070190429687500 3800036
0.000000000000000 3799927
0.073608398437500 3800036
0.070373535156250 3800000
0.071044921875000 3800000
0.068908691406250 3800000
0.071716308593750 3799963
0.064025878906250 3800036
0.070373535156250 3800000
0.071533203125000 3799963
0.069152832031250 3800072
0.063171386718750 3799891
0.069641113281250 3800072
0.072570800781250 3800000
0.069335937500000 3800036
0.071838378906250 3799963
0.073791503906250 3800000
0.068969726562500 3800000
0.072753906250000 3800000
0.000000000000000 3800000
0.070251464843750 3800000
0.073425292968750 3800000
0.071533203125000 3800000
0.071228027343750 3800000
0.072143554687500 3799963
0.070617675781250 3800036
0.072875976562500 3800036
0.071228027343750 3800000
0.070129394531250 3799927
0.068481445312500 3800036
0.072143554687500 3800000
0.068420410156250 3800000
0.072082519531250 3800000
0.000000000000000 3800000
0.071960449218750 3800000
0.069274902343750 3799963
0.073669433593750 3800000
0.070373535156250 3800036
0.070678710937500 3800000
0.071411132812500 3800000
0.073120117187500 3800000
0.070739746093750 3800000
0.071777343750000 3800000
0.072021484375000 3800000
0.072082519531250 3800000
0.000000000000000 3800000
0.071472167968750 3799963
0.072692871093750 3800036
0.072814941406250 3799963
0.071777343750000 3800036
0.069641113281250 3800000
0.072998046875000 3800000
0.071105957031250 3799963
0.072021484375000 3800036
0.070007324218750 3800000
0.074096679687500 3800000
0.070617675781250 3800000
0.070068359375000 3799963
0.000000000000000 3800036
0.071411132812500 3800000
0.071044921875000 3800000
0.073303222656250 3799927
0.070129394531250 3800072
0.071411132812500 3800000
0.070373535156250 3800000
0.072082519531250 3800000
0.071533203125000 3799963
0.070068359375000 3800000
0.070983886718750 3800000
0.073181152343750 3800000
0.073730468750000 3800036
0.000000000000000 3800000
0.072326660156250 3800000
0.068908691406250 3800000
0.072448730468750 3800000
0.071655273437500 3799927
0.070800781250000 3800036
0.069702148437500 3800036
0.071777343750000 3800000
0.072143554687500 3800036
0.069458007812500 3799963
0.072387695312500 3799963
0.070007324218750 3800036
0.070373535156250 3798302
0.071960449218750 3699964
0.062011718750000 3700035
0.068786621093750 3700000
0.000000000000000 3699964
0.072814941406250 3700035
0.072204589843750 3699929
0.069152832031250 3700000
0.071166992187500 3700070
0.069030761718750 3700000
0.069641113281250 3699964
0.069885253906250 3700000
0.072998046875000 3700000
0.069396972656250 3700000
0.070434570312500 3700035
0.000000000000000 3700000
0.072692871093750 3700000
0.069763183593750 3700000
0.069519042968750 3700000
0.071594238281250 3699964
0.069763183593750 3700035
0.061523437500000 3699964
0.068542480468750 3700035
0.068908691406250 3699964
0.071289062500000 3700035
0.069519042968750 3699964
0.070434570312500 3700000
0.070617675781250 3700035
0.068725585937500 3700000
0.068969726562500 3700000
0.000000000000000 3700000
0.072082519531250 3700000
0.069396972656250 3699964
0.070251464843750 3699964
0.068969726562500 3700070
0.069702148437500 3700000
0.071472167968750 3700000
0.071350097656250 3700000
0.072082519531250 3699929
0.068664550781250 3700070
0.070312500000000 3700000
0.067749023437500 3699894
0.070556640625000 3700070
0.000000000000000 3700000
0.071166992187500 3700000
0.068847656250000 3700000
0.070312500000000 3699964
0.069885253906250 3700070
0.069763183593750 3699964
0.067993164062500 3700035
0.062255859375000 3700000
0.068176269531250 3700000
0.070495605468750 3700000
0.070922851562500 3700000
0.069763183593750 3699964
0.071655273437500 3700000
0.070739746093750 3700000
0.069213867187500 3699929
0.068237304687500 3700105
0.061828613281250 3700000
0.000000000000000 3700000
0.068359375000000 3700000
0.071716308593750 3699964
0.069274902343750 3700000
0.067749023437500 3700035
0.071411132812500 3699964
0.069274902343750 3700035
0.070678710937500 3699929
0.067626953125000 3700035
0.072387695312500 3700000
0.071899414062500 3700035
0.068542480468750 3700000
0.070678710937500 3700000
0.067932128906250 3700000
0.061889648437500 3699929
0.000000000000000 3700035
0.071044921875000 3700000
0.070373535156250 3700000
0.070983886718750 3700035
0.069274902343750 3699964
0.072082519531250 3700000
0.068847656250000 3700035
0.070312500000000 3699964
0.068054199218750 3700035
0.072692871093750 3700000
0.070312500000000 3699929
0.068725585937500 3700070
0.071472167968750 3700000
0.000000000000000 3699964
0.130737304687500 3700035
0.000000000000000 3699964
0.068969726562500 3700000
0.069641113281250 3700035
0.069091796875000 3700000
0.072570800781250 3699964
0.070678710937500 3700035
0.068725585937500 3700000
0.071350097656250 3700000
0.067810058593750 3699964
0.069946289062500 3700035
0.070007324218750 3700000
0.068725585937500 3699929
0.070495605468750 3700070
0.000000000000000 3700000
0.069824218750000 3699964
0.069702148437500 3700035
0.071166992187500 3699964
0.069763183593750 3700000
0.069213867187500 3700035
0.071838378906250 3699964
0.072265625000000 3700000
0.067626953125000 3700000
0.069152832031250 3700035
0.071166992187500 3700000
0.070312500000000 3699964
0.068359375000000 3700035
0.000000000000000 3700000
0.071289062500000 3699929
0.071166992187500 3700070
0.070312500000000 3700000
0.071594238281250 3699964
0.068176269531250 3700035
0.070373535156250 3700000
0.070007324218750 3700000
0.070373535156250 3699964
0.069946289062500 3700000
0.071228027343750 3700035
0.069396972656250 3700000
0.070068359375000 3699964
0.069152832031250 3700035
0.000000000000000 3699964
0.069458007812500 3700000
0.069458007812500 3700000
0.069152832031250 3699929
0.071838378906250 3700070
0.070495605468750 3700000
0.068115234375000 3700035
0.070739746093750 3700000
0.069335937500000 3700000
0.069702148437500 3699929
0.068481445312500 3700070
0.070373535156250 3699929
0.070434570312500 3700035
0.000000000000000 3700035
0.070434570312500 3699964
0.069824218750000 3700035
0.068420410156250 3699964
0.069274902343750 3700035
0.070129394531250 3700000
0.070739746093750 3699964
0.070007324218750 3699964
0.068725585937500 3700035
0.071777343750000 3700000
0.068664550781250 3700035
0.068908691406250 3699964
0.069702148437500 3700000
0.070129394531250 3700035
0.000000000000000 3699964
0.072631835937500 3700035
0.068786621093750 3699964
0.069946289062500 3700035
0.068054199218750 3700000
0.071838378906250 3700000
0.070739746093750 3700000
0.068603515625000 3700000
0.069580078125000 3699964
0.068176269531250 3700000
0.070556640625000 3700000
0.068725585937500 3700035
0.070739746093750 3700000
0.000000000000000 3699964
0.068786621093750 3700035
0.070861816406250 3700000
0.072204589843750 3700000
0.069030761718750 3699964
0.071289062500000 3700000
0.067687988281250 3700035
0.068908691406250 3700000
0.068542480468750 3700000
0.070007324218750 3699964
0.070434570312500 3700000
0.070251464843750 3700000
0.070251464843750 3700000
0.000000000000000 3700035
0.069580078125000 3700000
0.069885253906250 3699964
0.069030761718750 3700035
0.070617675781250 3699929
0.069824218750000 3699964
0.070190429687500 3700070
0.071838378906250 3700000
0.069824218750000 3700035
0.070312500000000 3700000
0.068969726562500 3700000
0.070556640625000 3699964
0.000000000000000 3700035
0.073120117187500 3700000
0.069519042968750 3699964
0.069702148437500 3700000
0.068298339843750 3700000
0.070312500000000 3700035
0.071411132812500 3700000
0.070800781250000 3700000
0.071289062500000 3700000
0.070312500000000 3700000
0.068969726562500 3700000
0.069458007812500 3699964
0.071350097656250 3700035
0.068725585937500 3699894
0.000000000000000 3700105
0.072265625000000 3700000
0.074462890625000 3700000
0.068725585937500 3699964
0.070251464843750 3700035
0.068664550781250 3700000
0.069274902343750 3700000
0.070800781250000 3699964
0.069091796875000 3700000
0.072021484375000 3699964
0.069091796875000 3700070
0.071166992187500 3699964
0.000000000000000 3700035
0.068420410156250 3700000
0.071228027343750 3700000
0.067443847656250 3700000
0.070312500000000 3700000
0.070739746093750 3700000
0.070617675781250 3700000
0.070434570312500 3699964
0.067932128906250 3700000
0.061828613281250 3700035
0.067871093750000 3699964
0.070922851562500 3700000
0.067810058593750 3700000
0.070861816406250 3700000
0.071716308593750 3700035
0.000000000000000 3700000
0.068481445312500 3700000
0.071228027343750 3699929
0.067749023437500 3700070
0.061889648437500 3699964
0.069030761718750 3700000
0.069641113281250 3700035
0.068176269531250 3700000
0.070983886718750 3700000
0.070800781250000 3700000
0.067382812500000 3699964
0.071472167968750 3700035
0.066894531250000 3699929
0.071594238281250 3700035
0.068908691406250 3700035
0.069702148437500 3700000
0.000000000000000 3700000
0.071594238281250 3699964
0.068481445312500 3700035
0.070861816406250 3699964
0.070861816406250 3699964
0.069824218750000 3700035
0.068908691406250 3700035
0.070434570312500 3699964
0.072265625000000 3700000
0.068420410156250 3700035
0.070251464843750 3699964
0.068054199218750 3700035
0.062072753906250 3700000
0.070068359375000 3700000
0.070068359375000 3699964
0.000000000000000 3700000
0.068481445312500 3699929
0.071960449218750 3700105
0.070495605468750 3700000
0.069091796875000 3700000
0.070373535156250 3699964
0.067626953125000 3700035
0.070800781250000 3699964
0.068603515625000 3700000
0.070129394531250 3699964
0.071411132812500 3700035
0.068664550781250 3700000
0.070800781250000 3700000
0.067626953125000 3700000
0.000000000000000 3700000
0.069824218750000 3700035
0.070861816406250 3699964
0.062194824218750 3700035
0.069030761718750 3699859
0.071289062500000 3700140
0.069519042968750 3699964
0.069702148437500 3700035
0.070678710937500 3699929
0.067749023437500 3700035
0.070068359375000 3700035
0.068542480468750 3700000
0.070983886718750 3699964
0.071777343750000 3700035
0.068054199218750 3700000
0.000000000000000 3699964
0.072082519531250 3700035
0.068359375000000 3699964
0.071533203125000 3700035
0.070373535156250 3699964
0.069274902343750 3700035
0.069091796875000 3700000
0.069885253906250 3699964
0.070861816406250 3700035
0.068725585937500 3699964
0.069763183593750 3699964
0.069030761718750 3700035
0.071777343750000 3700000
0.071655273437500 3700035
0.000000000000000 3700000
0.069702148437500 3699964
0.069091796875000 3699964
0.069030761718750 3700035
0.071838378906250 3700035
0.067810058593750 3700000
0.069946289062500 3699964
0.068359375000000 3700000
0.072875976562500 3700035
0.071289062500000 3699964
0.068359375000000 3700000
0.068786621093750 3700000
0.067810058593750 3700000
0.000000000000000 3700000
0.070312500000000 3700000
0.067932128906250 3700000
0.070922851562500 3700000
0.070007324218750 3700035
0.069580078125000 3699964
0.070495605468750 3700000
0.068481445312500 3700000
0.071777343750000 3700035
0.069458007812500 3700000
0.071044921875000 3699929
0.069763183593750 3700035
0.069580078125000 3700000
0.000000000000000 3700000
0.069152832031250 3700000
0.071166992187500 3700035
0.070007324218750 3700000
0.068847656250000 3699964
0.068542480468750 3700000
0.070434570312500 3700000
0.070190429687500 3700035
0.070251464843750 3700000
0.068786621093750 3699964
0.069396972656250 3700035
0.069274902343750 3699964
0.071044921875000 3700000
0.000000000000000 3700035
0.068847656250000 3700000
0.067260742187500 3699964
0.072692871093750 3700000
0.067749023437500 3700035
0.069641113281250 3699964
0.067749023437500 3700000
0.071228027343750 3700035
0.072082519531250 3699964
0.069763183593750 3699929
0.067993164062500 3700105
0.070800781250000 3700000
0.071838378906250 3699964
0.067810058593750 3700000
0.068603515625000 3700000
0.000000000000000 3700000
0.070739746093750 3700000
0.069519042968750 3700035
0.071777343750000 3699964
0.068237304687500 3700000
0.069580078125000 3700000
0.069213867187500 3700035
0.062316894531250 3700000
0.067077636718750 3700000
0.070312500000000 3699964
0.071960449218750 3700035
0.069946289062500 3699964
0.071899414062500 3700000
0.071350097656250 3700000
0.000000000000000 3700035
0.069702148437500 3700000
0.069824218750000 3700000
0.072448730468750 3699894
0.070068359375000 3700105
0.070007324218750 3699964
0.069641113281250 3700035
0.067810058593750 3699964
0.073486328125000 3700000
0.068054199218750 3699894
0.070434570312500 3700105
0.070983886718750 3523614
0.062011718750000 3700000
0.071228027343750 3700035
0.000000000000000 3699964
0.069213867187500 3700000
0.069946289062500 3700000
0.068237304687500 3699929
0.070922851562500 3700070
0.072143554687500 3700035
0.068298339843750 3700000
0.070617675781250 3700000
0.069641113281250 3699964
0.069152832031250 3699929
0.068786621093750 3700070
0.068542480468750 3700000
0.071289062500000 3700000
0.000000000000000 3700000
0.071655273437500 3700035
0.070007324218750 3700000
0.066894531250000 3700000
0.070007324218750 3699964
0.070861816406250 3700000
0.069763183593750 3700035
0.068725585937500 3699964
0.071044921875000 3700035
0.069946289062500 3700000
0.067932128906250 3700000
0.070739746093750 3700000
0.068420410156250 3700000
0.070129394531250 3700000
0.000000000000000 3700000
0.069458007812500 3700000
0.071044921875000 3700000
0.069702148437500 3699929
0.069274902343750 3700035
0.069885253906250 3699964
0.069946289062500 3700035
0.067687988281250 3700000
0.068054199218750 3700035
0.070861816406250 3700000
0.071777343750000 3699964
0.069030761718750 3700000
0.068298339843750 3700000
0.069580078125000 3700000
0.000000000000000 3700035
0.070129394531250 3699964
0.069763183593750 3700035
0.071411132812500 3699964
0.070861816406250 3700000
0.072204589843750 3700035
0.061950683593750 3700000
0.068420410156250 3699964
0.070251464843750 3700000
0.068420410156250 3700035
0.070739746093750 3699964
0.068420410156250 3700000
0.072265625000000 3700000
0.070617675781250 3700035
0.000000000000000 3699964
0.069763183593750 3700000
0.070190429687500 3700000
0.070068359375000 3547389
0.068847656250000 3699964
0.070434570312500 3700035
0.073303222656250 3699964
0.062622070312500 3700000
0.070678710937500 3700000
0.071411132812500 3700000
0.067749023437500 3700035
0.071960449218750 3699964
0.068969726562500 3699964
0.069946289062500 3700035
0.000000000000000 3700000
0.072265625000000 3700000
0.069213867187500 3700035
0.062377929687500 3700000
0.069091796875000 3699964
0.071838378906250 3700000
0.069213867187500 3700000
0.070495605468750 3700000
0.069519042968750 3700035
0.070190429687500 3700000
0.071289062500000 3700000
0.068603515625000 3699929
0.071533203125000 3700035
0.069091796875000 3700000
0.070861816406250 3700000
0.000000000000000 3700035
0.067749023437500 3699964
0.070617675781250 3700000
0.071533203125000 3700035
0.068481445312500 3699964
0.070312500000000 3699929
0.068725585937500 3700070
0.072570800781250 3700000
0.069152832031250 3700035
0.070434570312500 3700000
0.070739746093750 3700000
0.068847656250000 3699964
0.072021484375000 3700035
0.000000000000000 3699964
0.069213867187500 3700000
0.071105957031250 3699964
0.069274902343750 3700070
0.071044921875000 3699964
0.071289062500000 3700035
0.069274902343750 3700000
0.070617675781250 3699964
0.068176269531250 3700000
0.069763183593750 3700035
0.067199707031250 3700000
0.069580078125000 3700000
0.069396972656250 3699964
0.070190429687500 3700035
0.000000000000000 3700000
0.069519042968750 3699964
0.068054199218750 3700000
0.068847656250000 3700000
0.067321777343750 3700035
0.071105957031250 3699964
0.069580078125000 3699929
0.071533203125000 3700105
0.069030761718750 3699964
0.070007324218750 3700035
0.070251464843750 3699964
0.069091796875000 3700035
0.070739746093750 3699964
0.000000000000000 3700000
0.071289062500000 3700035
0.069580078125000 3699964
0.070007324218750 3700000
0.067810058593750 3700035
0.069091796875000 3700000
0.068481445312500 3699964
0.068908691406250 3700035
0.070312500000000 3699964
0.071899414062500 3700035
0.069885253906250 3699964
0.069030761718750 3700000
0.071777343750000 3699964
0.000000000000000 3700070
0.068115234375000 3700000
0.071594238281250 3699929
0.068908691406250 3700035
0.070739746093750 3700035
0.069885253906250 3700000
0.069030761718750 3700000
0.069641113281250 3700000
0.071044921875000 3699964
0.069824218750000 3700035
0.066528320312500 3700000
0.069458007812500 3699964
0.071899414062500 3700000
0.067749023437500 3700035
0.000000000000000 3699964
0.070678710937500 3699964
0.068115234375000 3700070
0.069946289062500 3699964
0.069213867187500 3699964
0.072814941406250 3700070
0.069458007812500 3700000
0.067932128906250 3700000
0.071411132812500 3699964
0.208068847656250 3700010
0.070922851562500 3699964
0.071899414062500 3700000
0.069274902343750 3700035
0.070373535156250 3699929
0.067504882812500 3700035
0.070617675781250 3700035
0.067199707031250 3700000
0.000000000000000 3699964
0.069702148437500 3700000
0.070068359375000 3700035
0.070373535156250 3699964
0.070312500000000 3700035
0.068237304687500 3700000
0.070861816406250 3699964
0.067687988281250 3700000
0.070434570312500 3699894
0.070007324218750 3700105
0.071777343750000 3700035
0.071350097656250 3699964
0.069274902343750 3699964
0.061828613281250 3700070
0.000000000000000 3700000
0.072998046875000 3699964
0.069213867187500 3700000
0.064270019531250 3699929
0.071777343750000 3700035
0.070800781250000 3700000
0.070678710937500 3700035
0.075378417968750 3700000
0.074035644531250 3700035
0.063659667968750 3700000
0.066833496093750 3700000
0.066101074218750 3699964
0.068786621093750 3699964
0.063171386718750 3700035
0.068115234375000 3700000
0.067199707031250 3700035
0.000000000000000 3699964
0.069152832031250 3700035
0.071655273437500 3699964
0.067932128906250 3699929
0.072937011718750 3700105
0.068298339843750 3699964
0.065612792968750 3700035
0.071533203125000 3700000
0.064636230468750 3699964
0.071472167968750 3699964
0.063110351562500 3700070
0.064697265625000 3699929
0.072265625000000 3700000
0.068603515625000 3700035
0.062622070312500 3700035
0.071044921875000 3699964
0.069519042968750 3700000
0.070007324218750 3700035
0.000000000000000 3699859
0.070373535156250 3700105
0.069519042968750 3700000
0.069030761718750 3700000
0.070007324218750 3700000
0.069763183593750 3700035
0.071044921875000 3700000
0.069274902343750 3699964
0.067504882812500 3699929
0.071716308593750 3700105
0.068786621093750 3699964
0.069274902343750 3700000
0.069396972656250 3700000
0.000000000000000 3700000
0.071960449218750 3700035
0.070129394531250 3700000
0.069946289062500 3699964
0.069396972656250 3700035
0.068115234375000 3699964
0.070861816406250 3700035
0.068664550781250 3699964
0.070861816406250 3700035
0.071838378906250 3699929
0.070251464843750 3700035
0.069274902343750 3699964
0.069030761718750 3700070
0.068908691406250 3700000
0.000000000000000 3700000
0.067443847656250 3699964
0.069885253906250 3699894
0.070739746093750 3700105
0.068603515625000 3700000
0.070434570312500 3700035
0.069030761718750 3699894
0.070007324218750 3700070
0.068725585937500 3700000
0.070190429687500 3700000
0.069763183593750 3700000
0.069946289062500 3700035
0.061889648437500 3699964
0.069030761718750 3699929
0.070495605468750 3700070
0.069274902343750 3700035
0.000000000000000 3699964
0.071472167968750 3699964
0.071044921875000 3700035
0.071960449218750 3700000
0.071716308593750 3699929
0.061523437500000 3700105
0.068908691406250 3699964
0.072448730468750 3700035
0.074584960937500 3700000
0.064392089843750 3699894
0.063293457031250 3700105
0.075744628906250 3699964
0.070861816406250 3699964
0.000000000000000 3700035
0.071350097656250 3699929
0.070007324218750 3700035
0.070251464843750 3700035
0.068786621093750 3700000
0.070495605468750 3700000
0.070922851562500 3700000
0.067199707031250 3700000
0.070617675781250 3700000
0.069213867187500 3700035
0.069396972656250 3699964
0.070922851562500 3700035
0.068969726562500 3699894
0.000000000000000 3700105
0.072387695312500 3699964
0.067993164062500 3700035
0.071044921875000 3700000
0.068054199218750 3700000
0.070129394531250 3699964
0.069274902343750 3700035
0.070556640625000 3699929
0.070068359375000 3700000
0.069519042968750 3700035
0.072204589843750 3699964
0.068359375000000 3700035
0.070861816406250 3700035
0.069274902343750 3699929
0.000000000000000 3700035
0.070190429687500 3700000
0.069396972656250 3700000
0.071533203125000 3700000
0.070312500000000 3700000
0.067626953125000 3700000
0.070861816406250 3700000
0.068908691406250 3700035
0.071838378906250 3700000
0.069335937500000 3700000
0.071044921875000 3700000
0.069885253906250 3700000
0.067810058593750 3699964
0.070190429687500 3700000
0.000000000000000 3700035
0.070617675781250 3700000
0.069702148437500 3699964
0.069335937500000 3699929
0.071411132812500 3700105
0.071716308593750 3699964
0.068786621093750 3700035
0.068054199218750 3699964
0.069458007812500 3700035
0.061950683593750 3699964
0.069213867187500 3700000
0.070983886718750 3700000
0.068603515625000 3700000
0.061950683593750 3700035
0.072387695312500 3700000
0.068664550781250 3700000
0.000000000000000 3700000
0.070434570312500 3700000
0.067810058593750 3699964
0.072204589843750 3700000
0.069885253906250 3700035
0.069519042968750 3700000
0.068969726562500 3699964
0.070861816406250 3700000
0.071472167968750 3700000
0.068664550781250 3700035
0.069580078125000 3699964
0.068237304687500 3700000
0.072082519531250 3700000
0.000000000000000 3700000
0.070312500000000 3700000
0.069641113281250 3700000
0.069458007812500 3700000
0.071594238281250 3700035
0.070190429687500 3700000
0.068115234375000 3699964
0.069396972656250 3699964
0.068847656250000 3700035
0.072143554687500 3700035
0.069946289062500 3699964
0.070068359375000 3700000
0.068847656250000 3700035
0.069824218750000 3700000
0.000000000000000 3699929
0.070373535156250 3700070
0.069213867187500 3699964
0.070922851562500 3700035
0.068847656250000 3700000
0.070129394531250 3700000
0.071166992187500 3700000
0.067565917968750 3699964
0.070617675781250 3699964
0.070678710937500 3700035
0.070739746093750 3700000
0.070312500000000 3700000
0.069213867187500 3700000
0.000000000000000 3700000
0.071044921875000 3700035
0.069824218750000 3699964
0.070983886718750 3700000
0.066955566406250 3700000
0.071166992187500 3700000
0.071594238281250 3699964
0.069763183593750 3700000
0.069458007812500 3700035
0.067565917968750 3700000
0.072814941406250 3700000
0.069763183593750 3699964
0.070190429687500 3700070
0.000000000000000 3700000
0.070678710937500 3700000
0.067687988281250 3699964
0.072998046875000 3700000
0.069335937500000 3700035
0.071289062500000 3700000
0.070373535156250 3700000
0.070617675781250 3699929
0.072326660156250 3700000
0.068054199218750 3700070
0.071472167968750 3700000
0.069213867187500 3700000
0.072326660156250 3699964
0.000000000000000 3699964
0.070434570312500 3700035
0.069946289062500 3700035
0.070068359375000 3700000
0.067077636718750 3699964
0.072387695312500 3700000
0.068908691406250 3700000
0.070190429687500 3700000
0.068847656250000 3700000
0.072143554687500 3699964
0.070373535156250 3700070
0.068420410156250 3699894
0.070190429687500 3700105
0.000000000000000 3700000
0.068908691406250 3700000
0.071228027343750 3699929
0.068176269531250 3700070
0.070007324218750 3699929
0.070251464843750 3700035
0.069458007812500 3700000
0.070800781250000 3700035
0.069274902343750 3699964
0.070129394531250 3700035
0.070190429687500 3700000
0.070739746093750 3700000
0.071777343750000 3700000
0.000000000000000 3699964
0.067382812500000 3700035
0.071105957031250 3699964
0.069702148437500 3700035
0.068969726562500 3699964
0.068298339843750 3700000
0.071166992187500 3700000
0.068298339843750 3700035
0.072265625000000 3699964
0.070983886718750 3700035
0.069580078125000 3700000
0.070251464843750 3700000
0.068786621093750 3699964
0.000000000000000 3699964
0.070983886718750 3700070
0.068725585937500 3699964
0.070495605468750 3699929
0.071350097656250 3699964
0.070556640625000 3700105
0.069824218750000 3700000
0.068969726562500 3700000
0.069580078125000 3700000
0.069458007812500 3700000
0.071655273437500 3699929
0.071350097656250 3700070
0.069091796875000 3699964
0.000000000000000 3700070
0.069519042968750 3700000
0.070617675781250 3700000
0.070068359375000 3699964
0.067993164062500 3700000
0.070251464843750 3700035
0.072021484375000 3700000
0.069519042968750 3699964
0.069335937500000 3700000
0.071350097656250 3700000
0.069274902343750 3700035
0.070312500000000 3699964
0.071716308593750 3700000
0.000000000000000 3700000
0.070495605468750 3700000
0.067932128906250 3700035
0.073425292968750 3699964
0.068176269531250 3700000
0.068603515625000 3700000
0.069885253906250 3700035
0.070983886718750 3700000
0.071166992187500 3699964
0.068237304687500 3700035
0.069519042968750 3699929
0.069946289062500 3700070
0.071960449218750 3699964
0.068115234375000 3700000
0.000000000000000 3700035
0.071044921875000 3699894
0.071350097656250 3700070
0.068847656250000 3700035
0.071411132812500 3699929
0.070922851562500 3700035
0.069274902343750 3700035
0.068359375000000 3700000
0.072387695312500 3700000
0.070495605468750 3700000
0.068115234375000 3700000
0.069702148437500 3699964
0.071044921875000 3700000
0.000000000000000 3700035
0.071533203125000 3699964
0.068908691406250 3700000
0.069396972656250 3699964
0.071716308593750 3700035
0.070983886718750 3700035
0.070617675781250 3699929
0.070312500000000 3700070
0.070251464843750 3700000
0.069824218750000 3700000
0.072631835937500 3699964
0.068786621093750 3700035
0.068969726562500 3700000
0.000000000000000 3700000
0.068786621093750 3700000
0.069519042968750 3700000
0.068176269531250 3699859
0.071228027343750 3700140
0.070556640625000 3699964
0.070068359375000 3699964
0.070922851562500 3700070
0.070190429687500 3699964
0.071350097656250 3699964
0.068847656250000 3700035
0.069519042968750 3700035
0.000000000000000 3700000
0.070251464843750 3699929
0.070434570312500 3700035
0.069458007812500 3700035
0.068542480468750 3699964
0.069824218750000 3700035
0.070068359375000 3700000
0.068359375000000 3700000
0.069396972656250 3699964
0.072692871093750 3700000
0.069213867187500 3700035
0.070068359375000 3699964
0.068969726562500 3699964
0.070068359375000 3700070
0.000000000000000 3700000
0.071105957031250 3700000
0.070068359375000 3699964
0.071411132812500 3700000
0.067626953125000 3700000
0.070068359375000 3700035
0.067565917968750 3699964
0.069824218750000 3699964
0.069702148437500 3700000
0.069091796875000 3700070
0.071289062500000 3700000
0.067932128906250 3700000
0.071289062500000 3699929
0.000000000000000 3700035
0.066833496093750 3700000
0.069885253906250 3700035
0.066528320312500 3699964
0.071166992187500 3700000
0.068298339843750 3700000
0.071350097656250 3700035
0.070556640625000 3699964
0.068664550781250 3700000
0.068786621093750 3700035
0.068725585937500 3699964
0.069030761718750 3700035
0.069274902343750 3700000
0.069824218750000 3699929
0.000000000000000 3700035
0.069396972656250 3700035
0.068176269531250 3699929
0.072265625000000 3700070
0.068847656250000 3700000
0.070678710937500 3700000
0.067749023437500 3699964
0.062011718750000 3700035
0.067504882812500 3699964
0.071044921875000 3700000
0.069641113281250 3699964
0.068664550781250 3700070
0.072570800781250 3700000
0.068664550781250 3700000
0.069519042968750 3700000
0.069824218750000 3699964
0.000000000000000 3700035
0.071472167968750 3699859
0.070312500000000 3700105
0.068603515625000 3700035
0.069641113281250 3700000
0.070068359375000 3700000
0.071960449218750 3699964
0.068298339843750 3700000
0.072021484375000 3700035
0.070007324218750 3699929
0.070373535156250 3700070
0.069641113281250 3699964
0.000000000000000 3700000
0.070251464843750 3700000
0.068664550781250 3700000
0.067871093750000 3700035
0.072631835937500 3700000
0.069702148437500 3699964
0.068725585937500 3700000
0.070129394531250 3700000
0.068725585937500 3700000
0.070861816406250 3699929
0.068481445312500 3700105
0.069946289062500 3700000
0.068603515625000 3699964
0.070373535156250 3699964
0.000000000000000 3700070
0.070983886718750 3699929
0.069519042968750 3700070
0.068969726562500 3700000
0.070678710937500 3700000
0.070922851562500 3699964
0.071044921875000 3700035
0.067810058593750 3699964
0.071533203125000 3700000
0.069335937500000 3700000
0.068359375000000 3699929
0.067687988281250 3700070
0.070800781250000 3700000
0.068847656250000 3700000
0.000000000000000 3700000
0.070678710937500 3700000
0.070190429687500 3699929
0.068481445312500 3700035
0.069213867187500 3700035
0.069885253906250 3700000
0.070739746093750 3700000
0.069946289062500 3699929
0.070617675781250 3700105
0.071228027343750 3700000
0.069274902343750 3700000
0.069885253906250 3700000
0.067749023437500 3699964
0.000000000000000 3700035
0.070556640625000 3699964
0.069824218750000 3700000
0.071166992187500 3700000
0.068786621093750 3700035
0.069580078125000 3699929
0.071350097656250 3700070
0.068664550781250 3699964
0.070129394531250 3700000
0.066467285156250 3700035
0.073364257812500 3699964
0.071594238281250 3700035
0.068969726562500 3700000
0.000000000000000 3699964
0.068542480468750 3700035
0.069824218750000 3700000
0.070739746093750 3699964
0.069580078125000 3700000
0.070495605468750 3700000
0.072082519531250 3700035
0.069885253906250 3699964
0.071472167968750 3700035
0.068481445312500 3699894
0.071105957031250 3700070
0.069152832031250 3700000
0.000000000000000 3700035
0.072143554687500 3700000
0.070983886718750 3700000
0.068664550781250 3700000
0.068603515625000 3700000
0.067749023437500 3699964
0.070861816406250 3700035
0.069274902343750 3699964
0.071472167968750 3700000
0.070190429687500 3700035
0.071472167968750 3700000
0.069824218750000 3699964
0.067443847656250 3700035
0.000000000000000 3700000
0.070312500000000 3699964
0.068237304687500 3699929
0.072143554687500 3700070
0.069580078125000 3699894
0.067810058593750 3700070
0.071350097656250 3700035
0.071044921875000 3700035
0.069030761718750 3700000
0.069396972656250 3699929
0.070373535156250 3700035
0.069152832031250 3700000
0.070556640625000 3700035
0.000000000000000 3699929
0.070068359375000 3700035
0.068176269531250 3700035
0.070800781250000 3699964
0.069702148437500 3700000
0.070312500000000 3700035
0.069458007812500 3699964
0.068176269531250 3700035
0.071228027343750 3700000
0.071655273437500 3700000
0.069152832031250 3699964
0.069702148437500 3700000
0.069335937500000 3700000
0.000000000000000 3700035
0.070678710937500 3700000
0.068969726562500 3699964
0.070190429687500 3700035
0.068908691406250 3699964
0.070373535156250 3700035
0.068298339843750 3700000
0.070068359375000 3699964
0.071105957031250 3699929
0.069396972656250 3700105
0.062133789062500 3699964
0.068481445312500 3700035
0.070678710937500 3699964
0.069641113281250 3699929
0.070434570312500 3700070
0.000000000000000 3700000
0.070800781250000 3700000
0.070678710937500 3700000
0.069213867187500 3700035
0.068420410156250 3700000
0.070800781250000 3699929
0.067871093750000 3700035
0.069580078125000 3700000
0.069763183593750 3700035
0.070678710937500 3699929
0.069335937500000 3700070
0.068481445312500 3700000
0.070495605468750 3700000
0.068115234375000 3700000
0.000000000000000 3700000
0.071350097656250 3700000
0.069030761718750 3699964
0.070495605468750 3700035
0.070739746093750 3699964
0.069091796875000 3700000
0.070922851562500 3699964
0.068115234375000 3700000
0.069213867187500 3700070
0.068237304687500 3699929
0.072448730468750 3700070
0.072204589843750 3700000
0.000000000000000 3699964
0.069824218750000 3700035
0.068725585937500 3700000
0.067016601562500 3699964
0.061828613281250 3700000
0.068725585937500 3700000
0.070739746093750 3700035
0.068786621093750 3700000
0.072509765625000 3699964
0.070556640625000 3700000
0.068725585937500 3700000
0.070434570312500 3700000
0.067687988281250 3700000
0.072387695312500 3699964
0.068542480468750 3700070
0.000000000000000 3699964
0.069519042968750 3700000
0.071472167968750 3700035
0.068969726562500 3699964
0.070190429687500 3699964
0.068542480468750 3700070
0.068969726562500 3700000
0.068847656250000 3699964
0.071533203125000 3699964
0.069702148437500 3700035
0.070190429687500 3700000
0.069885253906250 3700035
0.070495605468750 3699929
0.071228027343750 3700070
0.000000000000000 3699964
0.068786621093750 3700000
0.070617675781250 3700035
0.072326660156250 3699929
0.069946289062500 3700070
0.069213867187500 3699964
0.066711425781250 3700035
0.071228027343750 3699929
0.070007324218750 3700000
0.069519042968750 3699964
0.068481445312500 3700105
0.069519042968750 3699894
0.000000000000000 3700000
0.071594238281250 3700105
0.069702148437500 3700000
0.069763183593750 3699964
0.069580078125000 3700035
0.070861816406250 3700000
0.070739746093750 3699964
0.068664550781250 3700035
0.069274902343750 3700000
0.068969726562500 3699964
0.069152832031250 3700035
0.069458007812500 3700000
0.062683105468750 3700000
0.068969726562500 3700000
0.071350097656250 3700000
0.000000000000000 3700000
0.071166992187500 3699964
0.066833496093750 3700035
0.072082519531250 3699964
0.070373535156250 3700035
0.070190429687500 3699964
0.061767578125000 3700000
0.070617675781250 3700000
0.072448730468750 3700035
0.067749023437500 3699929
0.072204589843750 3700000
0.069274902343750 3700070
0.069641113281250 3700000
0.068725585937500 3700000
0.070678710937500 3699929
0.000000000000000 3700070
0.072021484375000 3699964
0.067932128906250 3699964
0.071899414062500 3700035
0.068542480468750 3700035
0.072265625000000 3699964
0.071105957031250 3700035
0.069763183593750 3699964
0.072021484375000 3699929
0.067565917968750 3700105
0.071472167968750 3699964
0.068420410156250 3700000
0.000000000000000 3700000
0.071533203125000 3700000
0.069702148437500 3700035
0.072021484375000 3699964
0.068786621093750 3700000
0.069213867187500 3700035
0.069152832031250 3700000
0.070007324218750 3700000
0.070312500000000 3700000
0.070129394531250 3700000
0.071472167968750 3700000
0.069152832031250 3699929
0.000000000000000 3700070
0.071533203125000 3699929
0.071472167968750 3700000
0.068481445312500 3700070
0.070861816406250 3700000
0.068115234375000 3699964
0.072082519531250 3700000
0.069213867187500 3700035
0.068786621093750 3700000
0.069885253906250 3699894
0.070007324218750 3700105
0.069091796875000 3699964
0.069885253906250 3700000
0.000000000000000 3700000
0.068969726562500 3700035
0.069458007812500 3700000
0.070190429687500 3700000
0.069519042968750 3700000
0.067749023437500 3699964
0.070007324218750 3700000
0.069030761718750 3700035
0.070861816406250 3699964
0.069396972656250 3700000
0.069030761718750 3700035
0.061950683593750 3700000
0.061279296875000 3699964
0.069824218750000 3700035
0.070434570312500 3700000
0.070312500000000 3699964
0.070373535156250 3700000
0.000000000000000 3700000
0.070068359375000 3699929
0.070678710937500 3700000
0.070373535156250 3700070
0.070983886718750 3700035
0.070312500000000 3699964
0.070983886718750 3700000
0.068786621093750 3700000
0.061828613281250 3700035
0.070495605468750 3699894
0.069885253906250 3700035
0.070922851562500 3700070
0.068298339843750 3699964
0.069885253906250 3700000
0.000000000000000 3699964
0.070800781250000 3700070
0.069885253906250 3699964
0.067871093750000 3700000
0.072998046875000 3699964
0.071472167968750 3700070
0.071777343750000 3699964
0.070190429687500 3700035
0.068054199218750 3699964
0.070617675781250 3699964
0.069885253906250 3699964
0.071472167968750 3700070
0.061767578125000 3700035
0.067871093750000 3699929
0.000000000000000 3700070
0.071960449218750 3700000
0.068969726562500 3699964
0.071105957031250 3700000
0.070251464843750 3700035
0.069213867187500 3699964
0.072631835937500 3700035
0.069030761718750 3699964
0.070129394531250 3700000
0.069763183593750 3700035
0.071716308593750 3699964
0.069946289062500 3700035
0.000000000000000 3699964
0.071716308593750 3700035
0.070251464843750 3699929
0.069274902343750 3700035
0.071899414062500 3699929
0.069335937500000 3700070
0.070800781250000 3699964
0.069580078125000 3700035
0.069946289062500 3700000
0.070373535156250 3700000
0.067382812500000 3700000
0.072326660156250 3700035
0.069702148437500 3699964
0.000000000000000 3699929
0.073181152343750 3700000
0.067626953125000 3700070
0.071228027343750 3700035
0.068420410156250 3699964
0.070007324218750 3700035
0.070251464843750 3700000
0.067810058593750 3699964
0.070556640625000 3700035
0.069946289062500 3700000
0.070129394531250 3699929
0.070129394531250 3700035
0.070068359375000 3700000
0.000000000000000 3699929
0.069091796875000 3700070
0.068603515625000 3700000
0.069885253906250 3699964
0.070678710937500 3700000
0.070251464843750 3700035
0.070007324218750 3700000
0.070922851562500 3700000
0.071289062500000 3700000
0.068359375000000 3700035
0.071166992187500 3699964
0.070129394531250 3700000
0.069885253906250 3699929
0.000000000000000 3700105
0.069580078125000 3700000
0.068786621093750 3700000
0.071716308593750 3699964
0.070495605468750 3700035
0.068542480468750 3699929
0.069274902343750 3700035
0.070312500000000 3700035
0.072326660156250 3700000
0.067932128906250 3699894
0.071716308593750 3700105
0.068481445312500 3700000
0.070678710937500 3699964
0.000000000000000 3700035
0.069702148437500 3700000
0.069091796875000 3699929
0.070190429687500 3700070
0.069885253906250 3699964
0.071716308593750 3699964
0.068847656250000 3700070
0.071594238281250 3699964
0.068969726562500 3700000
0.070556640625000 3700035
0.071899414062500 3699964
0.070373535156250 3700035
0.000000000000000 3700000
0.070617675781250 3700000
0.068603515625000 3700000
0.071777343750000 3699964
0.068847656250000 3700000
0.069702148437500 3700000
0.068054199218750 3700000
0.071166992187500 3700035
0.072204589843750 3700000
0.068115234375000 3699964
0.070190429687500 3699929
0.069091796875000 3700105
0.071166992187500 3699964
0.068664550781250 3700000
0.000000000000000 3700000
0.073059082031250 3700035
0.069702148437500 3699964
0.070373535156250 3700000
0.071838378906250 3700000
0.066772460937500 3699964
0.071044921875000 3700000
0.068847656250000 3700070
0.070922851562500 3699964
0.070190429687500 3699964
0.068176269531250 3700000
0.070373535156250 3700035
0.069702148437500 3700000
0.000000000000000 3699964
0.071533203125000 3699964
0.069641113281250 3700070
0.070556640625000 3700035
0.071777343750000 3699894
0.067932128906250 3700070
0.071655273437500 3700000
0.068420410156250 3699964
0.070434570312500 3700035
0.070251464843750 3700035
0.071594238281250 3699964
0.069030761718750 3700035
0.069335937500000 3700000
0.000000000000000 3700000
0.070617675781250 3700000
0.071044921875000 3699964
0.068908691406250 3700035
0.069519042968750 3699929
0.070861816406250 3700035
0.069335937500000 3700035
0.070251464843750 3699964
0.070495605468750 3700035
0.069519042968750 3699929
0.071411132812500 3700000
0.069763183593750 3700035
0.071228027343750 3700000
0.000000000000000 3700035
0.069824218750000 3700000
0.068908691406250 3699964
0.071044921875000 3699964
0.070678710937500 3700070
0.070678710937500 3700000
0.069152832031250 3699929
0.070556640625000 3700035
0.062011718750000 3700000
0.069213867187500 3699964
0.072265625000000 3700035
0.068847656250000 3700000
0.069335937500000 3700035
0.069702148437500 3699894
0.000000000000000 3700105
0.072570800781250 3699964
0.071533203125000 3700000
0.068176269531250 3699964
0.071350097656250 3700035
0.067749023437500 3700035
0.070495605468750 3699964
0.067443847656250 3700035
0.071166992187500 3699964
0.073242187500000 3700000
0.067626953125000 3700035
0.071166992187500 3699858
0.069274902343750 3700105
0.000000000000000 3700000
0.071166992187500 3700000
0.069885253906250 3700000
0.068786621093750 3700035
0.071594238281250 3699964
0.061889648437500 3700000
0.071716308593750 3700035
0.069641113281250 3700000
0.070251464843750 3699964
0.070068359375000 3700000
0.069946289062500 3700035
0.070739746093750 3700000
0.071044921875000 3700000
0.070922851562500 3699964
0.000000000000000 3700035
0.068603515625000 3699964
0.070739746093750 3700035
0.067993164062500 3700000
0.069274902343750 3699964
0.070495605468750 3699929
0.069702148437500 3700105
0.072387695312500 3700000
0.071411132812500 3699929
0.072082519531250 3700000
0.069763183593750 3700000
0.071228027343750 3700035
0.067871093750000 3700000
0.000000000000000 3623904
0.069091796875000 3599897
0.065246582031250 3600102
0.067504882812500 3599931
0.066345214843750 3600068
0.065124511718750 3600000
0.066833496093750 3600000
0.065429687500000 3600034
0.064331054687500 3599965
0.063903808593750 3600000
0.064880371093750 3600000
0.000000000000000 3600000
0.065856933593750 3600000
0.063720703125000 3599965
0.065002441406250 3600000
0.063842773437500 3600034
0.066223144531250 3600000
0.065307617187500 3599931
0.066406250000000 3600034
0.064147949218750 3600034
0.062255859375000 3599931
0.065795898437500 3600068
0.066223144531250 3600000
0.065307617187500 3600034
0.000000000000000 3599965
0.065856933593750 3600000
0.066040039062500 3600000
0.064575195312500 3600000
0.064697265625000 3599965
0.064086914062500 3600034
0.065673828125000 3600000
0.063842773437500 3600000
0.064758300781250 3600000
0.066528320312500 3600000
0.064575195312500 3600000
0.063293457031250 3599965
0.000000000000000 3600034
0.066772460937500 3600000
0.066406250000000 3600000
0.063964843750000 3600000
0.066040039062500 3600000
0.062866210937500 3600034
0.057006835937500 3599931
0.066040039062500 3600034
0.065429687500000 3600034
0.063659667968750 3599931
0.065307617187500 3600034
0.065429687500000 3600000
0.065856933593750 3599965
0.064575195312500 3599965
0.000000000000000 3600068
0.062988281250000 3600000
0.065856933593750 3600000
0.063293457031250 3599965
0.065368652343750 3600000
0.065307617187500 3600000
0.062194824218750 3600034
0.058593750000000 3599931
0.062622070312500 3600068
0.064941406250000 3600000
0.063842773437500 3599965
0.067260742187500 3599965
0.066711425781250 3600068
0.063354492187500 3600000
0.065307617187500 3600000
0.000000000000000 3599965
0.062683105468750 3600034
0.064758300781250 3599965
0.063903808593750 3600034
0.066894531250000 3599897
0.069030761718750 3600102
0.065734863281250 3600034
0.061157226562500 3599931
0.062622070312500 3600034
0.063964843750000 3600000
0.066894531250000 3599931
0.059265136718750 3600034
0.068237304687500 3600034
0.000000000000000 3599931
0.068603515625000 3600068
0.063232421875000 3599931
0.058776855468750 3600034
0.063903808593750 3600034
0.067749023437500 3600000
0.061889648437500 3600000
0.062561035156250 3600000
0.063110351562500 3599931
0.057556152343750 3600068
0.066894531250000 3600000
0.057250976562500 3599965
0.059814453125000 3599931
0.061523437500000 3600137
0.064636230468750 3599965
0.057800292968750 3600000
0.063659667968750 3600000
0.057128906250000 3600000
0.066711425781250 3600000
0.064514160156250 3600000
0.067504882812500 3600000
0.058471679687500 3600000
0.000000000000000 3600000
0.066040039062500 3600000
0.063720703125000 3599965
0.064636230468750 3600034
0.064392089843750 3600000
0.065368652343750 3599965
0.064575195312500 3599965
0.065795898437500 3600068
0.065673828125000 3599965
0.064819335937500 3599965
0.057250976562500 3600000
0.063049316406250 3600068
0.065490722656250 3600000
0.063720703125000 3600034
0.066711425781250 3599965
0.000000000000000 3600000
0.066650390625000 3600000
0.064514160156250 3599965
0.065551757812500 3600034
0.064575195312500 3597261
0.056884765625000 3600000
0.065856933593750 3600000
0.065063476562500 3600000
0.064758300781250 3600000
0.066894531250000 3600000
0.066101074218750 3599931
0.064331054687500 3600102
0.065429687500000 3599965
0.000000000000000 3600000
0.064025878906250 3600000
0.064575195312500 3600000
0.065063476562500 3589134
0.062988281250000 3589891
0.063476562500000 3600000
0.064392089843750 3600000
0.066101074218750 3592411
0.062927246093750 3593629
0.063537597656250 3599965
0.064208984375000 3593054
0.067443847656250 3600034
0.064514160156250 3600034
0.062744140625000 3600000
0.000000000000000 3600034
0.063537597656250 3600000
0.063110351562500 3600000
0.057495117187500 3596496
0.064514160156250 3598682
0.065246582031250 3594361
0.067810058593750 3599965
0.066345214843750 3599965
0.065551757812500 3600000
0.066223144531250 3600000
0.066894531250000 3600068
0.065429687500000 3599965
0.057189941406250 3599585
0.058837890625000 3599862
0.063171386718750 3600068
0.059997558593750 3600034
0.060852050781250 3600000
0.058959960937500 3593528
0.063720703125000 3600034
0.000000000000000 3599965
0.064636230468750 3600000
0.063110351562500 3600034
0.067871093750000 3599965
0.063842773437500 3599965
0.064636230468750 3600034
0.065124511718750 3599931
0.066955566406250 3600068
0.066894531250000 3600000
0.063171386718750 3599897
0.063781738281250 3600034
0.063171386718750 3600068
0.066650390625000 3600034
0.000000000000000 3599965
0.066040039062500 3600034
0.065795898437500 3599965
0.065063476562500 3600000
0.062683105468750 3599965
0.066223144531250 3596603
0.064392089843750 3600000
0.067932128906250 3599965
0.064270019531250 3600000
0.064636230468750 3600068
0.064575195312500 3599965
0.064819335937500 3596471
0.000000000000000 3600034
0.064880371093750 3600034
0.062744140625000 3599965
0.067871093750000 3600000
0.065917968750000 3599965
0.062622070312500 3600034
0.066040039062500 3596631
0.066650390625000 3600000
0.065246582031250 3599965
0.064331054687500 3596604
0.067749023437500 3600000
0.064819335937500 3600000
0.000000000000000 3600000
0.065673828125000 3599965
0.063354492187500 3600034
0.064819335937500 3600000
0.064819335937500 3600000
0.066711425781250 3599965
0.063720703125000 3596586
0.067382812500000 3599931
0.063476562500000 3586138
0.064819335937500 3599844
0.067016601562500 3600137
0.064392089843750 3600034
0.000000000000000 3596563
0.065551757812500 3600034
0.065429687500000 3600000
0.066101074218750 3592781
0.063903808593750 3600000
0.064758300781250 3592554
0.064819335937500 3600034
0.065612792968750 3600000
0.066040039062500 3599965
0.253112792968750 3600007
0.063415527343750 3600000
0.064941406250000 3600000
0.064819335937500 3599965
0.066894531250000 3593062
0.065856933593750 3600034
0.065124511718750 3589595
0.066589355468750 3600000
0.064697265625000 3600000
0.057373046875000 3599965
0.065734863281250 3596568
0.000000000000000 3600000
0.066467285156250 3600000
0.065063476562500 3600000
0.065429687500000 3596400
0.066589355468750 3600034
0.063476562500000 3593198
0.064331054687500 3596029
0.062805175781250 3600000
0.056823730468750 3600000
0.064514160156250 3600000
0.063110351562500 3589623
0.064270019531250 3600000
0.063720703125000 3600000
0.066162109375000 3600000
0.065979003906250 3599897
0.058105468750000 3600102
0.064514160156250 3600000
0.000000000000000 3600034
0.067504882812500 3599965
0.057434082031250 3600000
0.065795898437500 3600000
0.065490722656250 3600000
0.063781738281250 3600000
0.058959960937500 3600000
0.064270019531250 3599931
0.066467285156250 3600068
0.063720703125000 3599931
0.065795898437500 3600103
0.066345214843750 3599965
0.062744140625000 3599965
0.066284179687500 3596570
0.064941406250000 3600034
0.057006835937500 3599931
0.000000000000000 3600068
0.064392089843750 3600000
0.066772460937500 3600000
0.057861328125000 3600000
0.065368652343750 3600000
0.066772460937500 3599965
0.063049316406250 3600034
0.065490722656250 3660841
0.070251464843750 3799963
0.071777343750000 3800036
0.071594238281250 3718480
0.072509765625000 3700000
0.070861816406250 3700035
0.000000000000000 3696558
0.071411132812500 3696633
0.071594238281250 3699964
0.068603515625000 3699231
0.070434570312500 3699964
0.073608398437500 3700035
0.069702148437500 3700000
0.071594238281250 3700000
0.069519042968750 3700000
0.069885253906250 3699964
0.068847656250000 3700000
0.072509765625000 3699964
0.000000000000000 3700035
0.071899414062500 3700000
0.070190429687500 3700035
0.070678710937500 3700000
0.069458007812500 3699964
0.069396972656250 3700000
0.069152832031250 3700000
0.069763183593750 3699929
0.070983886718750 3700070
0.070068359375000 3700035
0.070312500000000 3699964
0.069580078125000 3700000
0.000000000000000 3700035
0.071228027343750 3699964
0.069335937500000 3700000
0.070068359375000 3700000
0.071655273437500 3699002
0.070129394531250 3693979
0.068847656250000 3700000
0.069641113281250 3696501
0.069641113281250 3700000
0.070129394531250 3700000
0.070251464843750 3700035
0.072265625000000 3700000
0.069702148437500 3699964
0.000000000000000 3700000
0.072570800781250 3700000
0.070739746093750 3700000
0.062866210937500 3700035
0.070922851562500 3699964
0.061950683593750 3700035
0.070434570312500 3699894
0.070739746093750 3700070
0.061645507812500 3700000
0.070678710937500 3700000
0.072631835937500 3699964
0.070190429687500 3697526
0.070434570312500 3699888
0.062133789062500 3699964
0.071228027343750 3696149
0.069335937500000 3696475
0.070678710937500 3700035
0.070068359375000 3700000
0.000000000000000 3700000
0.069885253906250 3699964
0.070556640625000 3696578
0.068847656250000 3700035
0.071472167968750 3699964
0.073303222656250 3700000
0.068359375000000 3693151
0.071838378906250 3699964
0.069030761718750 3699194
0.062744140625000 3690705
0.070434570312500 3693221
0.069458007812500 3700000
0.067810058593750 3700000
0.071899414062500 3700000
0.000000000000000 3700000
0.071899414062500 3693143
0.068725585937500 3700000
0.070068359375000 3700035
0.071044921875000 3700000
0.071960449218750 3700000
0.067993164062500 3699964
0.071105957031250 3700000
0.071655273437500 3700000
0.068420410156250 3700035
0.071960449218750 3699964
0.070007324218750 3700000
0.000000000000000 3700035
0.071533203125000 3699929
0.068237304687500 3691541
0.072326660156250 3695068
0.072387695312500 3700035
0.068298339843750 3699964
0.070312500000000 3700000
0.070373535156250 3689622
0.070068359375000 3699964
0.071960449218750 3700000
0.072204589843750 3700035
0.069091796875000 3699964
0.000000000000000 3699964
0.070312500000000 3700070
0.071350097656250 3700000
0.068786621093750 3700000
0.070617675781250 3699964
0.071350097656250 3700035
0.071960449218750 3686113
0.061950683593750 3699964
0.068664550781250 3697906
0.070739746093750 3684605
0.069763183593750 3700000
0.070678710937500 3700000
0.069885253906250 3693089
0.070434570312500 3699964
0.000000000000000 3689527
0.071838378906250 3700000
0.071838378906250 3700035
0.072265625000000 3699964
0.067687988281250 3700000
0.069763183593750 3700035
0.071044921875000 3699343
0.071166992187500 3693611
0.070922851562500 3696880
0.069152832031250 3700000
0.071899414062500 3699964
0.069885253906250 3700000
0.000000000000000 3696630
0.069824218750000 3700000
0.069702148437500 3700000
0.069641113281250 3699964
0.074523925781250 3700000
0.070739746093750 3700035
0.069763183593750 3699964
0.069885253906250 3700035
0.071838378906250 3699964
0.070434570312500 3700000
0.071838378906250 3700000
0.071044921875000 3700000
0.000000000000000 3700035
0.068542480468750 3696432
0.072387695312500 3696584
0.069519042968750 3700000
0.070617675781250 3700000
0.068603515625000 3699964
0.071594238281250 3696590
0.070617675781250 3700035
0.071289062500000 3699964
0.069274902343750 3700000
0.068786621093750 3700000
0.061828613281250 3700000
0.069274902343750 3700035
0.070617675781250 3699964
0.000000000000000 3700035
0.071228027343750 3699964
0.069030761718750 3700035
0.062744140625000 3699964
0.070922851562500 3700035
0.061828613281250 3695414
0.070068359375000 3683772
0.072387695312500 3700000
0.071166992187500 3696281
0.071655273437500 3699964
0.072265625000000 3700000
0.069335937500000 3700000
0.070922851562500 3699964
0.071228027343750 3700035
0.071350097656250 3700035
0.000000000000000 3700000
0.070373535156250 3697907
0.063293457031250 3691615
0.071044921875000 3696594
0.069152832031250 3700000
0.070007324218750 3700035
0.068603515625000 3700000
0.062622070312500 3700000
0.071228027343750 3699964
0.072021484375000 3700000
0.069519042968750 3700035
0.070495605468750 3699964
0.062622070312500 3700000
0.068420410156250 3700035
0.070251464843750 3700000
0.070373535156250 3700000
0.070007324218750 3700000
0.067871093750000 3699929
0.000000000000000 3700035
0.070129394531250 3700000
0.069885253906250 3700035
0.070190429687500 3699929
0.069030761718750 3700000
0.069824218750000 3700070
0.071289062500000 3699964
0.068603515625000 3690483
0.072937011718750 3688532
0.069152832031250 3700000
0.069396972656250 3700000
0.070678710937500 3700000
0.070495605468750 3699964
0.000000000000000 3700035
0.070617675781250 3699929
0.068786621093750 3700070
0.069091796875000 3699929
0.069396972656250 3700070
0.062255859375000 3696487
0.069091796875000 3700000
0.067443847656250 3699964
0.071716308593750 3692854
0.068481445312500 3700000
0.070495605468750 3700035
0.068664550781250 3699964
0.070617675781250 3700000
0.069396972656250 3700000
0.072082519531250 3700000
0.000000000000000 3698832
0.069641113281250 3694228
0.068054199218750 3700000
0.070190429687500 3700000
0.068969726562500 3700000
0.062622070312500 3700035
0.069335937500000 3700000
0.070251464843750 3699964
0.072875976562500 3698541
0.070983886718750 3691063
0.071289062500000 3700035
0.069641113281250 3700000
0.069213867187500 3700000
0.069030761718750 3699964
0.072387695312500 3699929
0.000000000000000 3700105
0.070251464843750 3699964
0.069335937500000 3700000
0.071228027343750 3700000
0.069580078125000 3690680
0.069458007812500 3687960
0.069641113281250 3700000
0.070678710937500 3700000
0.072082519531250 3700000
0.070068359375000 3700035
0.069702148437500 3699929
0.070434570312500 3700070
0.070129394531250 3699964
0.000000000000000 3700000
0.070800781250000 3700000
0.068603515625000 3700000
0.072631835937500 3699964
0.069885253906250 3696664
0.070007324218750 3699964
0.070373535156250 3700000
0.070495605468750 3700000
0.068969726562500 3700000
0.070068359375000 3700035
0.071960449218750 3699964
0.068359375000000 3700035
0.069580078125000 3692762
0.000000000000000 3692762
0.071044921875000 3700000
0.069396972656250 3699113
0.069274902343750 3686986
0.069030761718750 3697311
0.068359375000000 3683333
0.069641113281250 3690483
0.071411132812500 3700035
0.071594238281250 3699964
0.072082519531250 3700000
0.067504882812500 3700035
0.069030761718750 3699964
0.071044921875000 3700035
0.070373535156250 3699929
0.000000000000000 3700070
0.070312500000000 3699964
0.068542480468750 3698767
0.072204589843750 3683331
0.069519042968750 3697057
0.069946289062500 3700000
0.070556640625000 3700000
0.072143554687500 3696714
0.072387695312500 3699375
0.069396972656250 3698732
0.070678710937500 3697855
0.069519042968750 3696851
0.000000000000000 3700035
0.071350097656250 3693324
0.071777343750000 3696197
0.070617675781250 3690370
0.070190429687500 3696195
0.068969726562500 3698499
0.070983886718750 3690958
0.070373535156250 3700000
0.069213867187500 3700035
0.074401855468750 3699964
0.062072753906250 3700035
0.070556640625000 3700000
0.068420410156250 3700000
0.000000000000000 3700000
0.071044921875000 3693084
0.068054199218750 3699964
0.072082519531250 3700070
0.069763183593750 3700000
0.069641113281250 3699964
0.070495605468750 3700035
0.069946289062500 3700000
0.070312500000000 3699964
0.070373535156250 3700000
0.070739746093750 3700035
0.070129394531250 3699964
0.072265625000000 3700000
0.000000000000000 3700000
0.069641113281250 3700000
0.067077636718750 3700035
0.070312500000000 3700000
0.069641113281250 3700000
0.070373535156250 3699894
0.068481445312500 3700105
0.070861816406250 3699964
0.070739746093750 3693001
0.070617675781250 3693094
0.069946289062500 3687156
0.069824218750000 3698103
0.071350097656250 3689930
0.000000000000000 3695965
0.070861816406250 3699964
0.073120117187500 3700000
0.069824218750000 3700000
0.067077636718750 3700000
0.070800781250000 3689081
0.070190429687500 3683331
0.068969726562500 3699863
0.069763183593750 3696547
0.070190429687500 3700000
0.076049804687500 3700000
0.068969726562500 3699964
0.070251464843750 3700070
0.000000000000000 3700000
0.067504882812500 3699964
0.070983886718750 3686698
0.069946289062500 3699120
0.070983886718750 3699964
0.071411132812500 3700035
0.069458007812500 3700000
0.072265625000000 3700000
0.070068359375000 3699964
0.069519042968750 3700035
0.067871093750000 3700000
0.070373535156250 3699929
0.071655273437500 3700035
0.000000000000000 3696621
0.069152832031250 3697854
0.071716308593750 3690322
0.070129394531250 3686935
0.072143554687500 3686550
0.069885253906250 3700000
0.070373535156250 3700000
0.069641113281250 3693004
0.070556640625000 3699929
0.072387695312500 3700105
0.069030761718750 3694914
0.069519042968750 3694632
0.000000000000000 3700000
0.133422851562500 3700035
0.000000000000000 3700000
0.071594238281250 3696594
0.067504882812500 3699964
0.069580078125000 3700000
0.068481445312500 3700000
0.071350097656250 3700035
0.069458007812500 3699964
0.071533203125000 3695472
0.067382812500000 3686737
0.063171386718750 3696236
0.071166992187500 3700000
0.069824218750000 3699964
0.070861816406250 3700035
0.069519042968750 3700000
0.070617675781250 3699964
0.000000000000000 3700035
0.068969726562500 3699964
0.069641113281250 3696210
0.071899414062500 3692525
0.069335937500000 3690136
0.070190429687500 3699964
0.067871093750000 3693160
0.062133789062500 3700000
0.071533203125000 3700000
0.070373535156250 3696558
0.069396972656250 3700000
0.072265625000000 3700000
0.070434570312500 3700000
0.069091796875000 3700035
0.000000000000000 3699964
0.070312500000000 3689289
0.069641113281250 3696509
0.071044921875000 3700000
0.072265625000000 3700000
0.071960449218750 3699964
0.070007324218750 3700035
0.068908691406250 3689565
0.062744140625000 3700000
0.071044921875000 3700000
0.070190429687500 3700000
0.070617675781250 3700035
0.070678710937500 3700000
0.069702148437500 3700000
0.000000000000000 3698803
0.071838378906250 3691670
0.070617675781250 3697632
0.069763183593750 3699964
0.072204589843750 3700035
0.069824218750000 3699894
0.070495605468750 3693014
0.070617675781250 3700035
0.068481445312500 3696509
0.070373535156250 3699929
0.070983886718750 3700070
0.068603515625000 3700000
0.071228027343750 3699052
0.000000000000000 3694994
0.073486328125000 3700000
0.073608398437500 3700035
0.068176269531250 3700000
0.070373535156250 3700000
0.070068359375000 3699964
0.071044921875000 3700035
0.069396972656250 3699929
0.070861816406250 3689359
0.069519042968750 3700000
0.068420410156250 3700000
0.072021484375000 3700035
0.000000000000000 3692071
0.068298339843750 3697537
0.069458007812500 3700000
0.068847656250000 3696288
0.070556640625000 3698343
0.073059082031250 3696432
0.068603515625000 3699955
0.069702148437500 3698033
0.070007324218750 3691370
0.071228027343750 3699964
0.068969726562500 3700000
0.071289062500000 3700000
0.070495605468750 3700000
0.000000000000000 3700000
0.132385253906250 3699964
0.000000000000000 3696626
0.069519042968750 3696514
0.069152832031250 3700035
0.070068359375000 3700000
0.071716308593750 3699964
0.069396972656250 3700035
0.071044921875000 3700000
0.068725585937500 3699964
0.070800781250000 3695386
0.071594238281250 3689824
0.073059082031250 3787603
0.076965332031250 3800000
0.073181152343750 3800036
0.000000000000000 3800000
0.075622558593750 3800000
0.075317382812500 3799963
0.073669433593750 3800036
0.079040527343750 3800000
0.075622558593750 3632090
0.067749023437500 3800072
0.074279785156250 3799963
0.077941894531250 3799927
0.076782226562500 3800072
0.076110839843750 3800036
0.075805664062500 3799963
0.073486328125000 3800000
0.074279785156250 3800000
0.000000000000000 3800000
0.072937011718750 3800000
0.077026367187500 3800000
0.075683593750000 3800000
0.073303222656250 3800000
0.076782226562500 3799963
0.076110839843750 3800036
0.075622558593750 3800000
0.072998046875000 3799963
0.077087402343750 3800036
0.076843261718750 3800000
0.076782226562500 3800000
0.000000000000000 3800000
0.075134277343750 3800036
0.072692871093750 3799963
0.066284179687500 3800000
0.075622558593750 3800036
0.073425292968750 3799963
0.075500488281250 3800000
0.077758789062500 3800036
0.074218750000000 3800000
0.075866699218750 3799963
0.076171875000000 3800036
0.071838378906250 3799963
0.076965332031250 3800036
0.076049804687500 3799963
0.077819824218750 3800000
0.000000000000000 3800036
0.075317382812500 3799963
0.074340820312500 3799963
0.073303222656250 3800036
0.074096679687500 3800000
0.075317382812500 3800000
0.075134277343750 3800000
0.077880859375000 3800000
0.077087402343750 3800000
0.073059082031250 3800000
0.075500488281250 3800000
0.074768066406250 3800000
0.074890136718750 3800000
0.000000000000000 3800000
0.077087402343750 3800000
0.076049804687500 3800000
0.073974609375000 3800000
0.075439453125000 3800000
0.077453613281250 3800000
0.076477050781250 3799891
0.075073242187500 3800108
0.075073242187500 3800000
0.078430175781250 3800000
0.078674316406250 3800000
0.073913574218750 3800000
0.075378417968750 3799927
0.000000000000000 3800072
0.074218750000000 3800000
0.076721191406250 3800000
0.074340820312500 3799963
0.077026367187500 3800036
0.075622558593750 3800000
0.072753906250000 3800000
0.078979492187500 3800000
0.075073242187500 3800000
0.074829101562500 3800000
0.074707031250000 3799963
0.066833496093750 3800036
0.075439453125000 3800036
0.074768066406250 3799963
0.074523925781250 3800000
0.000000000000000 3800000
0.075683593750000 3800000
0.077026367187500 3800000
0.075378417968750 3800000
0.067443847656250 3800036
0.074707031250000 3799963
0.078186035156250 3756170
0.077148437500000 3800000
0.074951171875000 3800000
0.067077636718750 3799963
0.075378417968750 3800036
0.068420410156250 3799927
0.073242187500000 3800072
0.074707031250000 3800000
0.072265625000000 3800000
0.066284179687500 3800000
0.074035644531250 3800000
0.076782226562500 3800000
0.000000000000000 3800000
0.075683593750000 3800000
0.076049804687500 3800000
0.078369140625000 3800000
0.074218750000000 3800000
0.075927734375000 3800000
0.078002929687500 3799963
0.076660156250000 3800036
0.076599121093750 3800000
0.074768066406250 3800000
0.077148437500000 3800000
0.074218750000000 3800000
0.066955566406250 3800000
0.073547363281250 3800000
0.066528320312500 3800000
0.076049804687500 3800000
0.000000000000000 3800000
0.074523925781250 3800000
0.076965332031250 3800000
0.073791503906250 3800000
0.066406250000000 3800000
0.079528808593750 3800000
0.076477050781250 3800000
0.074890136718750 3800036
0.075744628906250 3799963
0.077514648437500 3800000
0.073730468750000 3800000
0.077087402343750 3800000
0.074890136718750 3799963
0.076232910156250 3800036
0.000000000000000 3800000
0.074218750000000 3799927
0.077392578125000 3800036
0.075256347656250 3800036
0.075744628906250 3800000
0.075256347656250 3800000
0.072143554687500 3799927
0.074829101562500 3800036
0.072509765625000 3800036
0.073303222656250 3800000
0.071960449218750 3800000
0.070861816406250 3799963
