0.068176269531250 3683369
0.000000000000000 3686244
0.069152832031250 3700000
0.071105957031250 3700000
0.067993164062500 3700000
0.070373535156250 3700000
0.068908691406250 3700000
0.068908691406250 3700035
0.067687988281250 3700000
0.070617675781250 3699964
0.069274902343750 3700000
0.070190429687500 3693193
0.069335937500000 3683299
0.068908691406250 3696332
0.000000000000000 3692710
0.069519042968750 3696240
0.067871093750000 3699515
0.070007324218750 3700000
0.067443847656250 3700000
0.071777343750000 3700035
0.070434570312500 3699964
0.067932128906250 3700000
0.070190429687500 3699929
0.068359375000000 3700105
0.067932128906250 3698293
0.067687988281250 3688913
0.000000000000000 3696575
0.070007324218750 3688058
0.071228027343750 3689012
0.070312500000000 3699964
0.067504882812500 3683582
0.067199707031250 3688535
0.069519042968750 3700035
0.067871093750000 3700035
0.069641113281250 3693238
0.068969726562500 3694932
0.067443847656250 3688838
0.067687988281250 3689625
0.069641113281250 3693352
0.068603515625000 3689668
0.000000000000000 3699205
0.067443847656250 3699733
0.069641113281250 3700000
0.069458007812500 3700000
0.069030761718750 3695652
0.067810058593750 3693315
0.067382812500000 3688911
0.070312500000000 3690242
0.067749023437500 3683335
0.070861816406250 3683367
0.068603515625000 3698620
0.067382812500000 3700035
0.070190429687500 3699964
0.000000000000000 3700035
0.068481445312500 3692906
0.068847656250000 3699964
0.068237304687500 3700000
0.069458007812500 3691170
0.072509765625000 3683329
0.068176269531250 3691947
0.070007324218750 3685949
0.068664550781250 3691770
0.070617675781250 3697281
0.068908691406250 3691515
0.069519042968750 3697571
0.069580078125000 3691306
0.066772460937500 3700035
0.061950683593750 3700000
0.067993164062500 3699964
0.000000000000000 3700000
0.068603515625000 3700035
0.069824218750000 3700000
0.071594238281250 3700000
0.068237304687500 3700000
0.069091796875000 3699964
0.069335937500000 3692898
0.070068359375000 3686538
0.070373535156250 3700070
0.068786621093750 3700000
0.068664550781250 3700035
0.067260742187500 3699964
0.000000000000000 3700035
0.071044921875000 3700000
0.069702148437500 3700000
0.069274902343750 3699271
0.069213867187500 3689413
0.067749023437500 3688978
0.071166992187500 3694212
0.067504882812500 3694722
0.069458007812500 3700000
0.068847656250000 3700000
0.068908691406250 3689057
0.070129394531250 3700035
0.068298339843750 3700000
0.000000000000000 3700000
0.067932128906250 3696866
0.070312500000000 3700035
0.070678710937500 3699964
0.068603515625000 3700035
0.068237304687500 3699964
0.069396972656250 3700000
0.068664550781250 3688934
0.068603515625000 3689896
0.066894531250000 3699050
0.069824218750000 3699964
0.068786621093750 3700035
0.067565917968750 3699964
0.069519042968750 3700000
0.000000000000000 3700000
0.067565917968750 3695426
0.069152832031250 3690461
0.068298339843750 3691787
0.069885253906250 3685510
0.070922851562500 3683333
0.068176269531250 3692737
0.070434570312500 3685205
0.070678710937500 3692549
0.069458007812500 3685280
0.068420410156250 3692449
0.061096191406250 3696611
0.066650390625000 3683298
0.062133789062500 3694572
0.070312500000000 3683334
0.000000000000000 3686567
0.070800781250000 3691397
0.069030761718750 3694500
0.061828613281250 3821591
0.078735351562500 3899962
0.070190429687500 3900000
0.079956054687500 3900000
0.081726074218750 3900000
0.072937011718750 3900000
0.071228027343750 3900000
0.081787109375000 3900000
0.082946777343750 3900037
0.070739746093750 3900000
0.078674316406250 3899962
0.074707031250000 3900000
0.080810546875000 3900000
0.084045410156250 3900037
0.085693359375000 3899962
0.000000000000000 3900037
0.080871582031250 3899962
0.077941894531250 3900000
0.075317382812500 3900000
0.082641601562500 3900000
0.078796386718750 3900037
0.075805664062500 3899962
0.066955566406250 3900037
0.079040527343750 3900000
0.077026367187500 3899962
0.076293945312500 3899962
0.074035644531250 3900074
0.075134277343750 3899925
0.000000000000000 3900037
0.073974609375000 3900037
0.077575683593750 3900000
0.076782226562500 3900000
0.073791503906250 3899963
0.076232910156250 3900000
0.076049804687500 3900000
0.073730468750000 3900037
0.073547363281250 3899962
0.074584960937500 3900037
0.077636718750000 3899962
0.074340820312500 3900000
0.066101074218750 3900000
0.072998046875000 3900037
0.075134277343750 3899962
0.000000000000000 3900000
0.074890136718750 3900000
0.074707031250000 3900037
0.075500488281250 3899962
0.075317382812500 3900000
0.075378417968750 3900000
0.073425292968750 3900000
0.078674316406250 3900000
0.074829101562500 3900000
0.074096679687500 3900000
0.074401855468750 3900037
0.074829101562500 3899962
0.074462890625000 3900037
0.000000000000000 3899962
0.141235351562500 3900000
0.000000000000000 3900000
0.074645996093750 3900037
0.075866699218750 3899962
0.075622558593750 3900000
0.075195312500000 3900037
0.080261230468750 3900000
0.074523925781250 3899962
0.076171875000000 3900000
0.066772460937500 3900000
0.077392578125000 3900000
0.073425292968750 3900000
0.066223144531250 3899962
0.072875976562500 3900037
0.077697753906250 3900000
0.000000000000000 3900000
0.079162597656250 3900000
0.079833984375000 3900000
0.070007324218750 3900037
0.066711425781250 3900000
0.067749023437500 3899962
0.066467285156250 3900037
0.075256347656250 3899962
0.075744628906250 3900000
0.077758789062500 3900037
0.074645996093750 3897846
0.074340820312500 3902154
0.075744628906250 3900000
0.072937011718750 3899962
0.076171875000000 3900000
0.073974609375000 3900037
0.066467285156250 3899962
0.074951171875000 3900000
0.000000000000000 3900037
0.078002929687500 3899962
0.076599121093750 3899962
0.074768066406250 3900037
0.074340820312500 3900037
0.073364257812500 3900000
0.074645996093750 3899962
0.074829101562500 3900037
0.066894531250000 3900000
0.076171875000000 3899962
0.075622558593750 3900037
0.077453613281250 3900000
0.073181152343750 3899961
0.077819824218750 3900000
0.000000000000000 3900000
0.073181152343750 3900037
0.075561523437500 3899962
0.077270507812500 3900000
0.077697753906250 3900000
0.074401855468750 3900000
0.073974609375000 3900000
0.076721191406250 3900000
0.075866699218750 3900037
0.077148437500000 3899962
0.075012207031250 3900037
0.074584960937500 3900000
0.000000000000000 3900000
0.076904296875000 3900000
0.073913574218750 3899925
0.075378417968750 3900074
0.074157714843750 3900000
0.066284179687500 3899962
0.076904296875000 3900000
0.073303222656250 3900037
0.076782226562500 3899962
0.074401855468750 3900037
0.077026367187500 3899962
0.073608398437500 3900000
0.076721191406250 3900000
0.076904296875000 3900037
0.000000000000000 3899962
0.074401855468750 3900000
0.074523925781250 3900037
0.074340820312500 3900000
0.075561523437500 3899962
0.073730468750000 3899962
0.067260742187500 3900037
0.075195312500000 3900000
0.075012207031250 3900000
0.076477050781250 3900000
0.075134277343750 3900000
0.076293945312500 3900000
0.075988769531250 3900000
0.000000000000000 3900000
0.077087402343750 3900037
0.073120117187500 3900000
0.066772460937500 3899962
0.076965332031250 3900000
0.073974609375000 3900000
0.076416015625000 3900037
0.074340820312500 3899962
0.076477050781250 3900000
0.075439453125000 3900000
0.076843261718750 3900000
0.077697753906250 3900000
0.077514648437500 3900037
0.074645996093750 3899962
0.000000000000000 3900000
0.072448730468750 3900000
0.078796386718750 3900000
0.075866699218750 3900037
0.076721191406250 3861587
0.075256347656250 3900000
0.075073242187500 3900000
0.077758789062500 3900000
0.077026367187500 3900000
0.077148437500000 3900000
0.076782226562500 3900000
0.000000000000000 3899962
0.075988769531250 3900074
0.077880859375000 3899962
0.075195312500000 3900000
0.076538085937500 3900000
0.072875976562500 3900000
0.076843261718750 3900000
0.078918457031250 3900037
0.074707031250000 3899962
0.074462890625000 3900000
0.074829101562500 3900037
0.000000000000000 3899962
0.077087402343750 3900037
0.075439453125000 3899962
0.074645996093750 3900000
0.078369140625000 3900000
0.074462890625000 3900037
0.068908691406250 3900000
0.073669433593750 3899962
0.075195312500000 3900037
0.073303222656250 3899962
0.077514648437500 3900037
0.077392578125000 3899962
0.074340820312500 3900000
0.074462890625000 3900000
0.000000000000000 3900037
0.073242187500000 3899925
0.076049804687500 3900037
0.074340820312500 3900000
0.075500488281250 3900037
0.075256347656250 3900000
0.077453613281250 3899962
0.077148437500000 3900000
0.073730468750000 3899962
0.076904296875000 3900074
0.073425292968750 3900000
0.075073242187500 3899925
0.073486328125000 3900074
0.000000000000000 3900000
0.141540527343750 3900000
0.000000000000000 3899962
0.076965332031250 3900037
0.074951171875000 3899962
0.073303222656250 3900037
0.077575683593750 3900000
0.074890136718750 3899962
0.076049804687500 3900000
0.076171875000000 3900037
0.074279785156250 3900000
0.075683593750000 3899962
0.073608398437500 3899961
0.077514648437500 3900074
0.000000000000000 3900000
0.073730468750000 3899962
0.075073242187500 3900000
0.076171875000000 3900000
0.076538085937500 3900000
0.077392578125000 3900000
0.072204589843750 3900037
0.076843261718750 3899962
0.074829101562500 3900037
0.075988769531250 3899925
0.075256347656250 3900037
0.075378417968750 3836560
0.062744140625000 3800036
0.000000000000000 3800000
0.072937011718750 3800000
0.072875976562500 3800000
0.070678710937500 3799963
0.072021484375000 3800036
0.063354492187500 3800000
0.072570800781250 3799891
0.072448730468750 3800108
0.070190429687500 3800000
0.071228027343750 3800000
0.070068359375000 3800000
0.071105957031250 3799963
0.000000000000000 3800036
0.072265625000000 3799963
0.068664550781250 3800036
0.072998046875000 3800036
0.070678710937500 3799963
0.070190429687500 3799963
0.069274902343750 3800036
0.070739746093750 3800000
0.071105957031250 3800000
0.068359375000000 3800000
0.072326660156250 3800000
0.069213867187500 3800000
0.071594238281250 3800000
0.069702148437500 3800000
0.000000000000000 3800000
0.072082519531250 3799963
0.071716308593750 3800036
0.068176269531250 3800000
0.063537597656250 3800000
0.069030761718750 3800000
0.071350097656250 3800000
0.069763183593750 3800000
0.072570800781250 3800000
0.068847656250000 3800000
0.072448730468750 3800000
0.070190429687500 3800000
0.068847656250000 3800000
0.071838378906250 3800000
0.000000000000000 3800000
0.068603515625000 3799963
0.070556640625000 3800036
0.070617675781250 3799927
0.073242187500000 3800072
0.069641113281250 3800000
0.069274902343750 3800000
0.069519042968750 3800000
0.069274902343750 3800000
0.069519042968750 3800000
0.070068359375000 3800000
0.072021484375000 3800000
0.069396972656250 3800000
0.070861816406250 3800000
0.000000000000000 3800000
0.071166992187500 3800000
0.069396972656250 3800000
0.070739746093750 3800000
0.068115234375000 3800000
0.072753906250000 3800000
0.072937011718750 3800000
0.069152832031250 3799963
0.069702148437500 3800036
0.070312500000000 3799963
0.071960449218750 3800036
0.070068359375000 3800000
0.069641113281250 3800000
0.000000000000000 3800000
0.071350097656250 3800000
0.071533203125000 3800000
0.070251464843750 3799963
0.069335937500000 3800036
0.071899414062500 3800000
0.062194824218750 3800000
0.071533203125000 3800000
0.071228027343750 3799927
0.072082519531250 3800072
0.072570800781250 3800000
0.071228027343750 3800000
0.070495605468750 3800000
0.068542480468750 3799927
0.000000000000000 3800036
0.071838378906250 3800036
0.072509765625000 3800036
0.069396972656250 3799963
0.069030761718750 3800000
0.068969726562500 3800000
0.071350097656250 3800000
0.071044921875000 3800000
0.070861816406250 3800000
0.069030761718750 3800000
0.072326660156250 3800000
0.062927246093750 3800000
0.070922851562500 3800000
0.070007324218750 3800000
0.000000000000000 3800000
0.069885253906250 3800000
0.071105957031250 3800000
0.070678710937500 3800000
0.070190429687500 3799927
0.071166992187500 3800108
0.069763183593750 3799963
0.071228027343750 3800000
0.070800781250000 3800000
0.072143554687500 3800000
0.070800781250000 3800000
0.071655273437500 3800000
0.000000000000000 3800000
0.072509765625000 3799963
0.070434570312500 3800000
0.071533203125000 3800036
0.072204589843750 3800000
0.063476562500000 3800000
0.069458007812500 3800000
0.070556640625000 3800000
0.070190429687500 3800000
0.069641113281250 3800036
0.071655273437500 3799963
0.068725585937500 3800000
0.062316894531250 3800000
0.070251464843750 3800036
0.074707031250000 3799963
0.000000000000000 3799963
0.070068359375000 3800072
0.069641113281250 3799963
0.072448730468750 3800000
0.069213867187500 3800000
0.071228027343750 3800000
0.071105957031250 3800000
0.071472167968750 3800000
0.068298339843750 3800000
0.072937011718750 3800036
0.070983886718750 3799963
0.069641113281250 3799963
0.069641113281250 3800036
0.000000000000000 3800000
0.068542480468750 3800000
0.072021484375000 3800000
0.070617675781250 3800000
0.072937011718750 3800000
0.072143554687500 3800000
0.069885253906250 3800000
0.072326660156250 3800000
0.069030761718750 3800000
0.072021484375000 3800000
0.070861816406250 3800000
0.062683105468750 3799963
0.071105957031250 3800036
0.069458007812500 3800000
0.000000000000000 3800000
0.070007324218750 3799963
0.070434570312500 3800036
0.070251464843750 3800000
0.070312500000000 3800000
0.070068359375000 3800036
0.073059082031250 3799963
0.070739746093750 3799927
0.070800781250000 3800072
0.069458007812500 3800000
0.070983886718750 3800000
0.071655273437500 3800000
0.000000000000000 3799963
0.071105957031250 3800036
0.071899414062500 3800000
0.071594238281250 3800000
0.071716308593750 3800036
0.070861816406250 3799963
0.071777343750000 3800036
0.069885253906250 3799963
0.071838378906250 3800000
0.062744140625000 3800000
0.071594238281250 3800000
0.069885253906250 3799891
0.071411132812500 3800072
0.000000000000000 3800036
0.133789062500000 3800000
0.062316894531250 3800000
0.068603515625000 3800000
0.000000000000000 3799963
0.068847656250000 3799963
0.073791503906250 3800072
0.072326660156250 3800000
0.071838378906250 3800000
0.070678710937500 3800000
0.071960449218750 3800000
0.069519042968750 3799963
0.070617675781250 3800036
0.073059082031250 3800000
0.071777343750000 3800000
0.000000000000000 3800000
0.070983886718750 3800000
0.070556640625000 3800000
0.071228027343750 3800000
0.069091796875000 3800000
0.072143554687500 3800000
0.062011718750000 3799963
0.071655273437500 3800036
0.069885253906250 3799963
0.070678710937500 3800072
0.070312500000000 3800000
0.070251464843750 3799963
0.069091796875000 3800036
0.069580078125000 3800000
0.071777343750000 3800000
0.000000000000000 3799963
0.072326660156250 3800000
0.069641113281250 3800000
0.071044921875000 3800000
0.068359375000000 3800000
0.071105957031250 3800036
0.069580078125000 3799963
0.071655273437500 3799963
0.071411132812500 3800036
0.068969726562500 3799963
0.073791503906250 3800036
0.068786621093750 3800000
0.070129394531250 3800000
0.000000000000000 3800000
0.069458007812500 3800000
0.071594238281250 3800000
0.062072753906250 3800000
0.067260742187500 3800000
0.071350097656250 3799963
0.069824218750000 3800036
0.073059082031250 3799963
0.069152832031250 3800036
0.069641113281250 3800000
0.072570800781250 3800000
0.067871093750000 3800000
0.070861816406250 3800000
0.070739746093750 3800000
0.071105957031250 3800000
0.000000000000000 3800000
0.069274902343750 3800000
0.073242187500000 3800000
0.072021484375000 3800036
0.068237304687500 3799963
0.070678710937500 3800000
0.070739746093750 3800000
0.073242187500000 3800036
0.069213867187500 3800000
0.069641113281250 3799963
0.073730468750000 3800036
0.070434570312500 3799963
0.000000000000000 3800036
0.069641113281250 3799963
0.070129394531250 3800000
0.071777343750000 3800000
0.070739746093750 3800000
0.073608398437500 3800000
0.069580078125000 3799963
0.070739746093750 3800036
0.071716308593750 3800000
0.072204589843750 3800000
0.068969726562500 3800000
0.070556640625000 3800000
0.000000000000000 3800000
0.071594238281250 3800000
0.071350097656250 3799963
0.069824218750000 3800000
0.070434570312500 3800036
0.071716308593750 3800000
0.071105957031250 3799963
0.069885253906250 3800072
0.070556640625000 3799963
0.073364257812500 3800000
0.069641113281250 3800000
0.069213867187500 3800000
0.072448730468750 3800000
0.000000000000000 3800000
0.071228027343750 3800000
0.068115234375000 3800000
0.072021484375000 3799963
0.072570800781250 3800036
0.071533203125000 3800000
0.070739746093750 3799927
0.070007324218750 3800072
0.070739746093750 3800036
0.071411132812500 3799963
0.070800781250000 3800000
0.062316894531250 3800000
0.069335937500000 3800000
0.063903808593750 3800000
0.070068359375000 3800000
0.000000000000000 3800000
0.071350097656250 3800000
0.070068359375000 3800000
0.071777343750000 3800000
0.071838378906250 3800000
0.070251464843750 3799963
0.072143554687500 3800036
0.071228027343750 3800000
0.062988281250000 3800000
0.069274902343750 3800000
0.070068359375000 3800000
0.070373535156250 3800000
0.069335937500000 3800000
0.000000000000000 3800036
0.075073242187500 3799963
0.071350097656250 3799963
0.070312500000000 3800036
0.070190429687500 3800000
0.071472167968750 3800000
0.069213867187500 3800000
0.071655273437500 3800000
0.072875976562500 3800036
0.069824218750000 3799963
0.062988281250000 3799963
0.068176269531250 3800000
0.071899414062500 3800036
0.068359375000000 3799963
0.063232421875000 3800000
0.070495605468750 3800036
0.000000000000000 3800036
0.071655273437500 3799963
0.070190429687500 3800000
0.070434570312500 3800000
0.070922851562500 3800036
0.069274902343750 3799963
0.070007324218750 3800000
0.070007324218750 3800000
0.071655273437500 3800000
0.072143554687500 3800000
0.068969726562500 3800000
0.071533203125000 3800000
0.068115234375000 3800000
0.062316894531250 3800000
0.072570800781250 3800000
0.000000000000000 3800000
0.070678710937500 3800000
0.069335937500000 3800000
0.072204589843750 3800000
0.071655273437500 3800000
0.071899414062500 3800000
0.072143554687500 3799963
0.068420410156250 3800036
0.072204589843750 3800000
0.068847656250000 3800000
0.071472167968750 3800000
0.069152832031250 3800000
0.070190429687500 3800000
0.000000000000000 3800000
0.072143554687500 3800000
0.068908691406250 3800000
0.069824218750000 3800000
0.070617675781250 3800000
0.072326660156250 3800000
0.068847656250000 3800036
0.070800781250000 3799963
0.070678710937500 3800036
0.069458007812500 3799963
0.071350097656250 3799963
0.068847656250000 3800072
0.073059082031250 3799963
0.000000000000000 3800000
0.070312500000000 3800000
0.070617675781250 3800000
0.071838378906250 3800000
0.070922851562500 3800000
0.070251464843750 3800000
0.068603515625000 3800000
0.072937011718750 3800000
0.070434570312500 3800000
0.070312500000000 3800000
0.069274902343750 3800000
0.071228027343750 3800000
0.069274902343750 3800000
0.000000000000000 3799963
0.069763183593750 3800072
0.069763183593750 3799963
0.071472167968750 3799891
0.070556640625000 3800108
0.070861816406250 3800000
0.069274902343750 3800000
0.070678710937500 3800000
0.071655273437500 3800000
0.070129394531250 3800036
0.071044921875000 3799963
0.071350097656250 3800000
0.070556640625000 3800000
0.000000000000000 3800000
0.070983886718750 3800000
0.069763183593750 3800000
0.071350097656250 3800000
0.070190429687500 3800000
0.072021484375000 3800000
0.069946289062500 3799963
0.070190429687500 3800000
0.069335937500000 3800036
0.070983886718750 3800000
0.070312500000000 3800000
0.071899414062500 3800036
0.000000000000000 3799927
0.071533203125000 3800036
0.070312500000000 3800000
0.072509765625000 3800000
0.070678710937500 3800000
0.069885253906250 3800000
0.071044921875000 3800000
0.072326660156250 3799963
0.072143554687500 3800072
0.070800781250000 3799963
0.071105957031250 3800000
0.068847656250000 3800000
0.062072753906250 3800000
0.069091796875000 3799963
0.000000000000000 3800036
0.070800781250000 3800000
0.069580078125000 3800000
0.071105957031250 3800000
0.070739746093750 3800000
0.070068359375000 3799963
0.071105957031250 3800036
0.069396972656250 3800000
0.072021484375000 3800000
0.068542480468750 3800036
0.071655273437500 3800000
0.072021484375000 3799927
0.069396972656250 3800000
0.000000000000000 3800036
0.071899414062500 3800000
0.067810058593750 3800000
0.073242187500000 3800000
0.069213867187500 3800000
0.071838378906250 3800000
0.071105957031250 3800036
0.068847656250000 3799927
0.062194824218750 3800036
0.069335937500000 3800036
0.062438964843750 3799963
0.068603515625000 3800000
0.071105957031250 3800000
0.070190429687500 3799963
0.073791503906250 3800036
0.071350097656250 3800000
0.000000000000000 3800000
0.070434570312500 3800000
0.070251464843750 3800000
0.069580078125000 3800000
0.073547363281250 3800000
0.069702148437500 3800000
0.071716308593750 3800000
0.070434570312500 3800000
0.069335937500000 3799963
0.072204589843750 3800036
0.068542480468750 3799963
0.071655273437500 3800000
0.069458007812500 3800036
0.000000000000000 3800000
0.072387695312500 3800000
0.070678710937500 3800000
0.068725585937500 3800000
0.071655273437500 3800000
0.068176269531250 3800000
0.071899414062500 3800000
0.069396972656250 3800000
0.071044921875000 3800000
0.071105957031250 3800000
0.071838378906250 3799963
0.071533203125000 3800036
0.069885253906250 3800000
0.000000000000000 3800000
0.069824218750000 3799963
0.068847656250000 3800036
0.074279785156250 3800000
0.070068359375000 3800000
0.070556640625000 3800000
0.070861816406250 3799963
0.070800781250000 3800036
0.071350097656250 3800000
0.069519042968750 3800000
0.071228027343750 3800036
0.070678710937500 3799963
0.000000000000000 3800000
0.133972167968750 3800000
0.000000000000000 3800000
0.069519042968750 3800000
0.072021484375000 3800000
0.068847656250000 3799963
0.069580078125000 3800036
0.071899414062500 3800000
0.070739746093750 3800000
0.071716308593750 3800000
0.070739746093750 3800000
0.071350097656250 3799927
0.070190429687500 3800072
0.070983886718750 3800000
0.062866210937500 3800000
0.070678710937500 3799963
0.000000000000000 3800000
0.071716308593750 3800036
0.069885253906250 3800036
0.069641113281250 3799963
0.071655273437500 3800000
0.070129394531250 3800000
0.068237304687500 3800000
0.069519042968750 3800000
0.071533203125000 3800000
0.070495605468750 3800000
0.071594238281250 3799963
0.069580078125000 3800036
0.071044921875000 3799963
0.070068359375000 3800036
0.000000000000000 3800000
0.071228027343750 3800000
0.070556640625000 3800036
0.070129394531250 3799963
0.072692871093750 3799963
0.068542480468750 3800000
0.070312500000000 3800036
0.069458007812500 3800000
0.072204589843750 3800000
0.071899414062500 3800000
0.068725585937500 3800000
0.071655273437500 3799963
0.068786621093750 3800036
0.000000000000000 3799963
0.072082519531250 3800036
0.068298339843750 3800000
0.071044921875000 3800000
0.072509765625000 3800000
0.068908691406250 3800000
0.073608398437500 3800000
0.070068359375000 3800000
0.070312500000000 3800000
0.071777343750000 3800000
0.072875976562500 3800000
0.070373535156250 3800000
0.000000000000000 3800000
0.068054199218750 3800000
0.070373535156250 3799963
0.069702148437500 3800036
0.071533203125000 3800000
0.069091796875000 3800000
0.072998046875000 3800000
0.070739746093750 3800000
0.071228027343750 3800000
0.070678710937500 3800000
0.068969726562500 3800000
0.071716308593750 3800000
0.067687988281250 3800036
0.000000000000000 3799963
0.071777343750000 3800000
0.070800781250000 3800000
0.069824218750000 3800000
0.071350097656250 3800000
0.069519042968750 3800000
0.072387695312500 3800000
0.070129394531250 3799963
0.070434570312500 3800036
0.072265625000000 3800000
0.073425292968750 3800036
0.062805175781250 3799963
0.069580078125000 3800000
0.070312500000000 3800036
0.000000000000000 3799963
0.070434570312500 3800000
0.069580078125000 3800000
0.072265625000000 3800000
0.069519042968750 3800000
0.069580078125000 3799963
0.071594238281250 3800036
0.070495605468750 3800000
0.069519042968750 3800000
0.070678710937500 3800000
0.070068359375000 3800036
0.070861816406250 3799963
0.071655273437500 3800000
0.000000000000000 3800000
0.068725585937500 3800000
0.069763183593750 3800000
0.072021484375000 3800036
0.070190429687500 3799963
0.069885253906250 3800000
0.072998046875000 3800000
0.062072753906250 3800000
0.068847656250000 3800000
0.071960449218750 3800000
0.068969726562500 3799927
0.070678710937500 3800072
0.071044921875000 3800036
0.071228027343750 3799963
0.000000000000000 3799963
0.071899414062500 3800072
0.067993164062500 3799963
0.072387695312500 3799963
0.069274902343750 3800036
0.070251464843750 3800000
0.070068359375000 3800000
0.069885253906250 3799963
0.072082519531250 3800036
0.070678710937500 3800000
0.069213867187500 3800000
0.070312500000000 3800000
0.071350097656250 3800000
0.068359375000000 3800000
0.000000000000000 3800000
0.069641113281250 3799891
0.068786621093750 3800108
0.072143554687500 3800000
0.072998046875000 3800000
0.068847656250000 3800000
0.070007324218750 3800000
0.069091796875000 3800000
0.073791503906250 3800000
0.068420410156250 3800000
0.070190429687500 3800000
0.071350097656250 3800000
0.070068359375000 3800036
0.063781738281250 3799963
0.069763183593750 3800000
0.000000000000000 3800000
0.069702148437500 3800000
0.067993164062500 3800000
0.072998046875000 3800000
0.071105957031250 3800000
0.070007324218750 3800000
0.069030761718750 3800000
0.070434570312500 3800000
0.072021484375000 3799963
0.070129394531250 3800036
0.069335937500000 3799963
0.072143554687500 3800036
0.071472167968750 3800000
0.000000000000000 3800000
0.070556640625000 3799963
0.069335937500000 3800036
0.070434570312500 3800000
0.070190429687500 3800000
0.073791503906250 3800000
0.070983886718750 3800000
0.069458007812500 3800000
0.070251464843750 3800036
0.070312500000000 3799963
0.068847656250000 3800000
0.070983886718750 3800000
0.071533203125000 3800000
0.000000000000000 3800000
0.070983886718750 3800000
0.070861816406250 3800000
0.070007324218750 3799963
0.069396972656250 3800036
0.070068359375000 3800000
0.071960449218750 3800000
0.069763183593750 3800000
0.070800781250000 3800000
0.070556640625000 3800000
0.070861816406250 3799963
0.069213867187500 3800036
0.071655273437500 3800000
0.000000000000000 3800000
0.070556640625000 3800000
0.069641113281250 3799963
0.070007324218750 3800036
0.071289062500000 3800000
0.070007324218750 3800000
0.070495605468750 3799963
0.071960449218750 3800036
0.070861816406250 3800036
0.071838378906250 3799963
0.068359375000000 3800000
0.070312500000000 3800000
0.073364257812500 3800000
0.000000000000000 3800000
0.069519042968750 3800000
0.070373535156250 3799963
0.068359375000000 3800036
0.070434570312500 3800000
0.072021484375000 3800000
0.073059082031250 3800000
0.070190429687500 3800000
0.071472167968750 3800000
0.063964843750000 3800000
0.070983886718750 3800000
0.062072753906250 3799963
0.069824218750000 3800036
0.070312500000000 3799963
0.074035644531250 3800036
0.000000000000000 3799963
0.070312500000000 3800036
0.070129394531250 3800000
0.067810058593750 3800000
0.062011718750000 3800000
0.069152832031250 3800000
0.070678710937500 3800000
0.067871093750000 3800036
0.071777343750000 3799927
0.073608398437500 3800036
0.068725585937500 3799963
0.071777343750000 3800036
0.070312500000000 3800000
0.072814941406250 3800000
0.069824218750000 3800000
0.000000000000000 3800000
0.071228027343750 3800000
0.071105957031250 3800000
0.069213867187500 3799927
0.062805175781250 3800072
0.068420410156250 3799963
0.070190429687500 3800036
0.069213867187500 3800000
0.071655273437500 3800000
0.069274902343750 3800000
0.070617675781250 3800000
0.072814941406250 3800036
0.070983886718750 3799963
0.063232421875000 3800000
0.077087402343750 3800000
0.000000000000000 3799927
0.071166992187500 3800072
0.068786621093750 3799963
0.073120117187500 3800036
0.068725585937500 3800000
0.077331542968750 3800000
0.073852539062500 3800000
0.068176269531250 3800000
0.072021484375000 3800000
0.065673828125000 3800000
0.073608398437500 3800000
0.069335937500000 3800000
0.000000000000000 3800000
0.069396972656250 3800036
0.072448730468750 3799891
0.062133789062500 3800108
0.066040039062500 3799963
0.071289062500000 3800000
0.070556640625000 3799963
0.063659667968750 3800072
0.075622558593750 3799963
0.073181152343750 3800000
0.071289062500000 3800000
0.066467285156250 3800000
0.068542480468750 3800036
0.071716308593750 3799963
0.067810058593750 3800036
0.067871093750000 3799963
0.069519042968750 3800000
0.000000000000000 3800000
0.067687988281250 3800000
0.071350097656250 3800000
0.070556640625000 3800000
0.071655273437500 3800000
0.069152832031250 3800000
0.069702148437500 3800000
0.072570800781250 3800000
0.071350097656250 3800000
0.070007324218750 3800000
0.068847656250000 3800000
0.070068359375000 3799963
0.069946289062500 3800036
0.000000000000000 3800000
0.071350097656250 3800000
0.071533203125000 3800000
0.071044921875000 3800000
0.071105957031250 3800000
0.072692871093750 3800000
0.071777343750000 3800000
0.068298339843750 3799963
0.072204589843750 3800036
0.070495605468750 3800000
0.071289062500000 3800036
0.069580078125000 3799963
0.069641113281250 3800000
0.000000000000000 3800000
0.071228027343750 3800000
0.071228027343750 3800000
0.069885253906250 3800000
0.073364257812500 3800000
0.069519042968750 3800000
0.071228027343750 3799963
0.071350097656250 3800036
0.071655273437500 3800000
0.070983886718750 3799963
0.071350097656250 3800036
0.062194824218750 3800000
0.069458007812500 3800000
0.000000000000000 3800000
0.071228027343750 3799963
0.070434570312500 3800072
0.070678710937500 3799963
0.070861816406250 3800000
0.073059082031250 3799927
0.069519042968750 3800108
0.069824218750000 3799963
0.062988281250000 3800000
0.071533203125000 3800000
0.070068359375000 3800000
0.072204589843750 3800000
0.071105957031250 3800036
0.000000000000000 3799963
0.136535644531250 3800000
0.000000000000000 3799963
0.068542480468750 3800036
0.065673828125000 3800036
0.065002441406250 3799963
0.062438964843750 3800000
0.072448730468750 3800036
0.069152832031250 3799927
0.071472167968750 3800036
0.062072753906250 3800000
0.069519042968750 3799927
0.067504882812500 3800072
0.072326660156250 3800000
0.070312500000000 3799963
0.069885253906250 3800036
0.062683105468750 3800000
0.069396972656250 3800000
0.069335937500000 3800000
0.071533203125000 3800036
0.070983886718750 3799963
0.070678710937500 3800000
0.000000000000000 3800000
0.068969726562500 3800036
0.072021484375000 3799963
0.069702148437500 3800000
0.070434570312500 3800000
0.068359375000000 3800000
0.070190429687500 3800000
0.070800781250000 3800036
0.070312500000000 3799963
0.071228027343750 3800036
0.071105957031250 3799963
0.070007324218750 3800000
0.072143554687500 3800000
0.000000000000000 3800000
0.070434570312500 3800000
0.068725585937500 3799963
0.072265625000000 3800036
0.062316894531250 3799963
0.071289062500000 3800072
0.070983886718750 3799963
0.069763183593750 3800000
0.071655273437500 3800000
0.070007324218750 3800036
0.071166992187500 3799963
0.070556640625000 3800000
0.071289062500000 3800000
0.062072753906250 3800000
0.068969726562500 3800000
0.069519042968750 3800000
0.000000000000000 3800000
0.071105957031250 3800000
0.069885253906250 3800000
0.071472167968750 3800000
0.070739746093750 3800000
0.071655273437500 3799963
0.068420410156250 3800036
0.070739746093750 3800000
0.070922851562500 3800000
0.069885253906250 3800000
0.067993164062500 3800000
0.071899414062500 3800000
0.072143554687500 3799963
0.069519042968750 3800036
0.000000000000000 3800036
0.072326660156250 3799963
0.068420410156250 3800000
0.072875976562500 3800000
0.070068359375000 3800000
0.071960449218750 3800000
0.070434570312500 3799963
0.068847656250000 3800000
0.072570800781250 3800072
0.068725585937500 3799963
0.070251464843750 3799963
0.070068359375000 3800036
0.000000000000000 3799963
0.072875976562500 3800036
0.072448730468750 3800000
0.069580078125000 3800000
0.069213867187500 3800000
0.070129394531250 3799963
0.071350097656250 3800036
0.072204589843750 3799782
0.072448730468750 3800217
0.069396972656250 3800000
0.071899414062500 3800000
0.069641113281250 3800000
0.069396972656250 3800000
0.000000000000000 3800000
0.069580078125000 3800000
0.069152832031250 3800000
0.071777343750000 3799963
0.070922851562500 3800036
0.068603515625000 3800000
0.070861816406250 3800000
0.071960449218750 3799963
0.070861816406250 3800036
0.068969726562500 3800000
0.071411132812500 3800000
0.071166992187500 3800000
0.069641113281250 3800000
0.000000000000000 3800000
0.071228027343750 3799963
0.069152832031250 3800036
0.070861816406250 3800000
0.071533203125000 3799927
0.071777343750000 3800072
0.072021484375000 3800000
0.068420410156250 3800000
0.069335937500000 3800036
0.062316894531250 3800000
0.069885253906250 3799963
0.068298339843750 3800000
0.069885253906250 3800000
0.070617675781250 3800000
0.071105957031250 3800000
0.000000000000000 3800036
0.069946289062500 3799963
0.070190429687500 3800036
0.069641113281250 3800000
0.071105957031250 3799963
0.071655273437500 3800000
0.069885253906250 3800000
0.071472167968750 3799963
0.071899414062500 3800036
0.071228027343750 3799927
0.069091796875000 3800072
0.069885253906250 3800036
0.072204589843750 3799963
0.000000000000000 3799963
0.069763183593750 3800036
0.071166992187500 3800036
0.069641113281250 3799963
0.069396972656250 3800000
0.073730468750000 3800000
0.069763183593750 3799963
0.070007324218750 3800036
0.069885253906250 3799963
0.062744140625000 3800036
0.071655273437500 3800000
0.068786621093750 3800000
0.070800781250000 3800000
0.069091796875000 3800000
0.073120117187500 3800000
0.000000000000000 3799963
0.069641113281250 3800036
0.069396972656250 3800036
0.074218750000000 3799963
0.068481445312500 3779309
0.070861816406250 3700035
0.069458007812500 3698945
0.071228027343750 3700000
0.069091796875000 3700035
0.070190429687500 3700000
0.071228027343750 3693020
0.000000000000000 3693085
0.129516601562500 3688574
0.000000000000000 3699964
0.069396972656250 3700000
0.062438964843750 3690997
0.068237304687500 3694571
0.069824218750000 3692265
0.067749023437500 3685552
0.067871093750000 3683403
0.071350097656250 3699055
0.067260742187500 3700000
0.069702148437500 3686302
0.066955566406250 3683297
0.060974121093750 3685826
0.067443847656250 3700035
0.070800781250000 3699036
0.067016601562500 3692180
0.069946289062500 3687988
0.000000000000000 3700000
0.069335937500000 3700000
0.069152832031250 3700000
0.068054199218750 3698587
0.066955566406250 3700000
0.070800781250000 3685729
0.069335937500000 3698609
0.068725585937500 3700000
0.069641113281250 3700000
0.066833496093750 3699964
0.071716308593750 3700000
0.067687988281250 3700000
0.069030761718750 3700000
0.068176269531250 3700035
0.000000000000000 3700000
0.071838378906250 3700000
0.071166992187500 3699964
0.067138671875000 3700000
0.069091796875000 3696497
0.067749023437500 3700000
0.068725585937500 3700035
0.068176269531250 3700000
0.070251464843750 3699964
0.068298339843750 3700000
0.069824218750000 3700035
0.069335937500000 3699964
0.067321777343750 3700000
0.000000000000000 3700000
0.068237304687500 3700000
0.068664550781250 3700035
0.070739746093750 3700000
0.067932128906250 3699964
0.067626953125000 3700000
0.069213867187500 3700035
0.067871093750000 3699964
0.070373535156250 3700035
0.067871093750000 3699964
0.067138671875000 3700000
0.069091796875000 3699964
0.071228027343750 3700070
0.000000000000000 3700000
0.069580078125000 3699929
0.065979003906250 3700035
0.069641113281250 3699305
0.068786621093750 3687068
0.069946289062500 3699964
0.070922851562500 3700035
0.067932128906250 3700000
0.069335937500000 3700000
0.070983886718750 3700000
0.068847656250000 3700000
0.068054199218750 3699964
0.000000000000000 3700000
0.131896972656250 3700035
0.000000000000000 3699964
0.070007324218750 3700000
0.068359375000000 3694944
0.070373535156250 3690857
0.070251464843750 3688943
0.068542480468750 3692702
0.068359375000000 3696220
0.067138671875000 3692803
0.072448730468750 3684719
0.069946289062500 3693104
0.066223144531250 3694582
0.068664550781250 3683294
0.066467285156250 3695255
0.000000000000000 3700035
0.069458007812500 3699929
0.070190429687500 3700070
0.069152832031250 3699964
0.069335937500000 3700035
0.069213867187500 3700000
0.071044921875000 3699964
0.068603515625000 3700000
0.070495605468750 3700000
0.069335937500000 3700035
0.069885253906250 3699964
0.070617675781250 3700000
0.000000000000000 3700035
0.067382812500000 3699964
0.069519042968750 3700000
0.068603515625000 3700035
0.069763183593750 3700000
0.066589355468750 3700000
0.070007324218750 3700000
0.069702148437500 3699929
0.067016601562500 3700070
0.070983886718750 3700000
0.067687988281250 3700000
0.069763183593750 3697289
0.068054199218750 3687574
0.070800781250000 3700000
0.000000000000000 3700000
0.067443847656250 3699964
0.067932128906250 3700000
0.070861816406250 3700035
0.067810058593750 3699964
0.070434570312500 3700000
0.069824218750000 3700000
0.069885253906250 3700000
0.070251464843750 3697871
0.069213867187500 3691769
0.069458007812500 3699964
0.067443847656250 3699295
0.000000000000000 3696825
0.070251464843750 3683335
0.068908691406250 3694525
0.071777343750000 3691794
0.069030761718750 3700000
0.069213867187500 3699964
0.070251464843750 3700035
0.068725585937500 3699964
0.068908691406250 3697948
0.067810058593750 3683372
0.069824218750000 3685712
0.069519042968750 3700000
0.068847656250000 3699283
0.000000000000000 3691040
0.069274902343750 3700035
0.067443847656250 3699964
0.069091796875000 3686985
0.068603515625000 3683333
0.071533203125000 3694532
0.068481445312500 3683299
0.067871093750000 3694596
0.070373535156250 3690166
0.068237304687500 3700035
0.068664550781250 3699929
0.067565917968750 3700070
0.069824218750000 3699964
0.000000000000000 3700035
0.071350097656250 3694018
0.067687988281250 3694986
0.068237304687500 3700035
0.067932128906250 3700000
0.068725585937500 3694273
0.069213867187500 3683371
0.068481445312500 3688953
0.068908691406250 3688832
0.067749023437500 3694744
0.061950683593750 3694217
0.069396972656250 3699964
0.061096191406250 3700035
0.067077636718750 3700000
0.069580078125000 3699894
0.071350097656250 3695565
0.000000000000000 3689574
0.068786621093750 3688172
0.071044921875000 3689759
0.067504882812500 3699155
0.070251464843750 3689955
0.068908691406250 3687663
0.070190429687500 3690167
0.067199707031250 3687549
0.069885253906250 3694017
0.069702148437500 3690627
0.066650390625000 3690582
0.069396972656250 3686695
0.069274902343750 3691227
0.000000000000000 3686560
0.070129394531250 3699929
0.067687988281250 3684307
0.069641113281250 3683336
0.070861816406250 3683331
0.068176269531250 3683366
0.061828613281250 3688297
0.068542480468750 3700000
0.069335937500000 3700000
0.067626953125000 3699964
0.070922851562500 3700000
0.068359375000000 3700000
0.072448730468750 3700000
0.068298339843750 3700035
0.068664550781250 3698092
0.060974121093750 3683372
0.067932128906250 3696148
0.000000000000000 3699964
0.070434570312500 3700070
0.069213867187500 3700000
0.070129394531250 3699964
0.071289062500000 3700000
0.069702148437500 3700035
0.069030761718750 3700000
0.067321777343750 3699964
0.069946289062500 3696592
0.067077636718750 3700035
0.069274902343750 3699964
0.070495605468750 3699964
0.000000000000000 3700035
0.128784179687500 3699933
0.000000000000000 3683414
0.068786621093750 3683374
0.067626953125000 3699959
0.068054199218750 3688980
0.073608398437500 3683372
0.069030761718750 3694211
0.069946289062500 3688860
0.069580078125000 3689416
0.068725585937500 3697232
0.070068359375000 3700000
0.067382812500000 3688905
0.069519042968750 3700000
0.068054199218750 3688907
0.000000000000000 3699964
0.071716308593750 3700035
0.067810058593750 3700000
0.068908691406250 3700000
0.068847656250000 3700000
0.068542480468750 3699964
0.071899414062500 3700000
0.069213867187500 3700035
0.069030761718750 3700000
0.071044921875000 3700000
0.067932128906250 3699964
0.069702148437500 3700035
0.000000000000000 3690734
0.069824218750000 3686998
0.069152832031250 3700000
0.069641113281250 3696546
0.060913085937500 3683333
0.070068359375000 3698227
0.068420410156250 3699964
0.069335937500000 3700000
0.069152832031250 3691344
0.067687988281250 3683330
0.067260742187500 3691971
0.070129394531250 3688875
0.066467285156250 3700000
0.072021484375000 3700035
0.070373535156250 3700000
0.000000000000000 3697083
0.066955566406250 3700000
0.072570800781250 3696538
0.068664550781250 3700035
0.069213867187500 3700000
0.069152832031250 3700000
0.070983886718750 3695389
0.070129394531250 3699964
0.070251464843750 3700000
0.068359375000000 3700000
0.068603515625000 3699089
0.069152832031250 3699964
0.069946289062500 3700000
0.000000000000000 3700035
0.069091796875000 3688871
0.070373535156250 3700035
0.067199707031250 3699340
0.069824218750000 3689566
0.066955566406250 3699964
0.069213867187500 3700035
0.279052734375000 3691849
0.069213867187500 3688909
0.068725585937500 3692642
0.069641113281250 3695344
0.070251464843750 3700035
0.000000000000000 3700000
0.070068359375000 3700000
0.069396972656250 3700000
0.067565917968750 3692470
0.072570800781250 3695573
0.068054199218750 3693431
0.070922851562500 3683330
0.067810058593750 3690329
0.068298339843750 3700000
0.072937011718750 3700000
0.067932128906250 3688793
0.069396972656250 3700000
0.068786621093750 3688374
0.061035156250000 3689403
0.069458007812500 3699651
0.000000000000000 3689252
0.069519042968750 3699964
0.067626953125000 3694443
0.071960449218750 3694465
0.061584472656250 3700000
0.067810058593750 3689134
0.068664550781250 3688624
0.068542480468750 3700035
0.071960449218750 3683716
0.067504882812500 3683371
0.070129394531250 3688400
0.070068359375000 3700035
0.067199707031250 3695079
0.071289062500000 3693854
0.000000000000000 3700000
0.066894531250000 3700000
0.069519042968750 3699964
0.067260742187500 3700000
0.071166992187500 3700000
0.068969726562500 3700035
0.069152832031250 3699964
0.070983886718750 3700000
0.067565917968750 3700035
0.069519042968750 3699929
0.070678710937500 3700070
0.070495605468750 3699964
0.068481445312500 3700000
0.000000000000000 3700000
0.069152832031250 3696370
0.070617675781250 3683334
0.067382812500000 3698028
0.069030761718750 3700035
0.067932128906250 3700000
0.071472167968750 3699964
0.070129394531250 3700035
0.067382812500000 3700000
0.069641113281250 3700000
0.068359375000000 3685572
0.068603515625000 3694492
0.067077636718750 3683335
0.000000000000000 3683331
0.070068359375000 3691533
0.067932128906250 3696538
0.061035156250000 3700035
0.071655273437500 3700000
0.069396972656250 3699964
0.069213867187500 3700035
0.068786621093750 3700000
0.068420410156250 3697974
0.067504882812500 3697693
0.070678710937500 3700035
0.068847656250000 3700000
0.069946289062500 3699964
0.070190429687500 3700035
0.000000000000000 3692648
0.068054199218750 3700035
0.067687988281250 3700000
0.067932128906250 3699964
0.068908691406250 3700000
0.069946289062500 3700000
0.069335937500000 3698986
0.069946289062500 3683228
0.066894531250000 3696780
0.070556640625000 3693609
0.068054199218750 3695208
0.069091796875000 3700035
0.073303222656250 3700000
0.000000000000000 3699964
0.068481445312500 3696612
0.067687988281250 3694083
0.067749023437500 3694754
0.070373535156250 3694237
0.069641113281250 3683442
0.070373535156250 3700000
0.068176269531250 3700035
0.068054199218750 3699964
0.062133789062500 3700000
0.070129394531250 3700035
0.068481445312500 3700000
0.069641113281250 3699964
0.067871093750000 3700035
0.070129394531250 3699964
0.000000000000000 3700035
0.069274902343750 3699964
0.069702148437500 3700000
0.068298339843750 3700000
0.071289062500000 3700000
0.069519042968750 3695608
0.068908691406250 3693298
0.069641113281250 3695762
0.068298339843750 3693921
0.071533203125000 3695978
0.068176269531250 3693004
0.000000000000000 3684848
0.070495605468750 3692928
0.068969726562500 3699964
0.070312500000000 3700000
0.069458007812500 3688907
0.069946289062500 3690908
0.069030761718750 3686879
0.069274902343750 3698753
0.069885253906250 3700000
0.066772460937500 3700000
0.069824218750000 3700000
0.070068359375000 3691230
0.069335937500000 3694725
0.000000000000000 3691789
0.068969726562500 3686082
0.068664550781250 3691673
0.068176269531250 3699964
0.068115234375000 3700035
0.070495605468750 3688966
0.069763183593750 3700000
0.067810058593750 3697780
0.070861816406250 3683331
0.070434570312500 3694550
0.069763183593750 3690948
0.067199707031250 3700000
0.067260742187500 3700000
0.000000000000000 3700000
0.070190429687500 3700000
0.068786621093750 3699964
0.069458007812500 3700035
0.067199707031250 3700000
0.068725585937500 3691964
0.070983886718750 3700000
0.069946289062500 3700035
0.070800781250000 3700000
0.067504882812500 3700000
0.068481445312500 3696482
0.068969726562500 3689869
0.000000000000000 3688970
0.068725585937500 3700000
0.067260742187500 3699429
0.069885253906250 3693957
0.069763183593750 3696301
0.067260742187500 3700000
0.068725585937500 3700000
0.067016601562500 3699964
0.068786621093750 3689971
0.067932128906250 3699894
0.070495605468750 3700105
0.069213867187500 3700000
0.070678710937500 3699964
0.061401367187500 3700035
0.069030761718750 3699964
0.000000000000000 3700035
0.070434570312500 3700000
0.069091796875000 3699964
0.067626953125000 3700035
0.068603515625000 3700000
0.073547363281250 3699964
0.068908691406250 3700035
0.068847656250000 3699964
0.069641113281250 3700035
0.066894531250000 3700000
0.069519042968750 3688872
0.068603515625000 3700035
0.000000000000000 3699964
0.071594238281250 3700035
0.070068359375000 3699964
0.067687988281250 3690978
0.068054199218750 3686582
0.069946289062500 3691311
0.071716308593750 3698402
0.067687988281250 3694904
0.069824218750000 3700035
0.069091796875000 3691544
0.068359375000000 3683334
0.069152832031250 3691176
0.067687988281250 3697935
0.000000000000000 3683301
0.069274902343750 3691670
0.068176269531250 3700000
0.061035156250000 3700000
0.070495605468750 3700035
0.067382812500000 3700000
0.068298339843750 3699964
0.068603515625000 3687447
0.069946289062500 3690194
0.068725585937500 3688901
0.070739746093750 3693353
0.069396972656250 3689831
0.068908691406250 3700035
0.070190429687500 3699964
0.068481445312500 3693141
0.000000000000000 3700000
0.067993164062500 3699964
0.068786621093750 3700000
0.069274902343750 3700000
0.067199707031250 3700035
0.071228027343750 3699964
0.069824218750000 3700000
0.069519042968750 3700000
0.069824218750000 3700035
0.067565917968750 3699964
0.068359375000000 3700000
0.070312500000000 3700000
0.069091796875000 3700000
0.000000000000000 3700035
0.068542480468750 3699964
0.066711425781250 3700000
0.070861816406250 3700000
0.068359375000000 3700000
0.068298339843750 3700000
0.067016601562500 3700000
0.060791015625000 3700000
0.070922851562500 3688964
0.067932128906250 3699964
0.068542480468750 3692183
0.068725585937500 3690645
0.069091796875000 3694646
0.069213867187500 3683298
0.067321777343750 3683263
0.000000000000000 3683404
0.069091796875000 3689695
0.067749023437500 3700035
0.061218261718750 3696268
0.068298339843750 3683369
0.068786621093750 3688676
0.066528320312500 3691602
0.070739746093750 3683333
0.069030761718750 3683295
0.062683105468750 3694571
0.070800781250000 3683300
0.070129394531250 3694574
0.070251464843750 3683334
0.070983886718750 3696754
0.071472167968750 3700000
0.068481445312500 3700000
0.000000000000000 3700000
0.071655273437500 3699964
0.070739746093750 3699964
0.068481445312500 3698508
0.068847656250000 3683331
0.068725585937500 3694594
0.068115234375000 3683298
0.068786621093750 3694597
0.069885253906250 3683333
0.068664550781250 3695612
0.067626953125000 3700000
0.069396972656250 3700000
0.000000000000000 3700035
0.069213867187500 3693894
0.067871093750000 3693463
0.067871093750000 3700000
0.069274902343750 3698279
0.072570800781250 3688924
0.068359375000000 3699964
0.068481445312500 3699694
0.066650390625000 3689239
0.070922851562500 3700035
0.068664550781250 3694323
0.068481445312500 3683331
0.069580078125000 3694499
0.000000000000000 3694335
0.070495605468750 3700000
0.070190429687500 3700035
0.067260742187500 3700000
0.070373535156250 3700000
0.066711425781250 3700000
0.069885253906250 3699964
0.070922851562500 3683890
0.068603515625000 3693837
0.070434570312500 3699964
0.067321777343750 3700035
0.069824218750000 3700000
0.067932128906250 3700035
0.000000000000000 3700000
0.070617675781250 3700000
0.067810058593750 3684614
0.069091796875000 3693124
0.070312500000000 3688943
0.067871093750000 3699964
0.069091796875000 3688970
0.068176269531250 3690495
0.069458007812500 3698381
0.071289062500000 3700000
0.069030761718750 3696416
0.069885253906250 3692552
0.068603515625000 3699964
0.000000000000000 3692681
0.068786621093750 3696666
0.066650390625000 3683509
0.068359375000000 3700000
0.067138671875000 3700035
0.071838378906250 3696971
0.068908691406250 3683334
0.066833496093750 3694561
0.068603515625000 3691524
0.068176269531250 3688931
0.070495605468750 3691993
0.067321777343750 3696890
0.069824218750000 3699964
0.069030761718750 3700000
0.000000000000000 3700000
0.069946289062500 3700035
0.070312500000000 3683922
0.068664550781250 3694518
0.067687988281250 3683877
0.069091796875000 3688063
0.071472167968750 3692808
0.069580078125000 3695266
0.070312500000000 3693002
0.069152832031250 3695880
0.069824218750000 3697944
0.061889648437500 3694589
0.067749023437500 3683400
0.070373535156250 3686673
0.000000000000000 3685546
0.068847656250000 3700000
0.069641113281250 3700035
0.069091796875000 3700000
0.067810058593750 3700000
0.069458007812500 3700000
0.070739746093750 3700000
0.070251464843750 3700000
0.070007324218750 3699964
0.067077636718750 3700035
0.070190429687500 3699964
0.069396972656250 3697023
0.069519042968750 3688407
0.000000000000000 3689450
0.070495605468750 3688338
0.069274902343750 3698870
0.070556640625000 3700000
0.068237304687500 3700000
0.070800781250000 3699964
0.068237304687500 3700000
0.069396972656250 3700000
0.070617675781250 3700035
0.061096191406250 3700000
0.069519042968750 3700000
0.061401367187500 3699964
0.071594238281250 3699929
0.069763183593750 3700105
0.000000000000000 3699964
0.072204589843750 3699964
0.067749023437500 3700070
0.071166992187500 3699964
0.069152832031250 3700035
0.068420410156250 3700000
0.070068359375000 3699894
0.068969726562500 3700070
0.070007324218750 3697698
0.068542480468750 3697221
0.066528320312500 3683331
0.069091796875000 3686099
0.069641113281250 3691765
0.000000000000000 3697156
0.071044921875000 3692029
0.069030761718750 3685679
0.069030761718750 3700070
0.067321777343750 3697751
0.071838378906250 3691276
0.068420410156250 3688591
0.070678710937500 3698916
0.068969726562500 3700035
0.066955566406250 3699964
0.070739746093750 3700035
0.068481445312500 3699964
0.069396972656250 3700035
0.068054199218750 3700000
0.000000000000000 3699964
0.071533203125000 3700000
0.069274902343750 3700000
0.069519042968750 3700035
0.069030761718750 3699964
0.068359375000000 3700000
0.070678710937500 3699637
0.068176269531250 3683331
0.069274902343750 3694839
0.069580078125000 3700000
0.069213867187500 3699964
0.068603515625000 3700035
0.067993164062500 3699964
0.000000000000000 3683551
0.070129394531250 3694345
0.070617675781250 3683544
0.070678710937500 3694169
0.069274902343750 3700035
0.069030761718750 3689318
0.071777343750000 3697999
0.067687988281250 3700000
0.069885253906250 3693628
0.068664550781250 3700000
0.069885253906250 3700000
0.000000000000000 3700000
0.071411132812500 3700035
0.067749023437500 3689917
0.069763183593750 3683295
0.067199707031250 3697239
0.069030761718750 3699964
0.070373535156250 3700035
0.069763183593750 3699964
0.072204589843750 3690368
0.068786621093750 3697747
0.069335937500000 3699964
0.068176269531250 3700000
0.069030761718750 3700000
0.000000000000000 3685154
0.067382812500000 3696045
0.067932128906250 3688191
0.073486328125000 3690956
0.068237304687500 3697919
0.068725585937500 3700000
0.067504882812500 3700000
0.071228027343750 3699964
0.068847656250000 3700035
0.069824218750000 3700000
0.070068359375000 3692279
0.067016601562500 3683333
0.069763183593750 3683300
0.000000000000000 3690793
0.069091796875000 3690046
0.070739746093750 3700000
0.068603515625000 3699964
0.068786621093750 3700000
0.072082519531250 3700000
0.067443847656250 3692472
0.064758300781250 3694581
0.068969726562500 3683334
0.071228027343750 3696324
0.069335937500000 3700035
0.073486328125000 3699929
0.000000000000000 3700035
0.071960449218750 3700000
0.072692871093750 3700000
0.067626953125000 3700000
0.064147949218750 3700035
0.068786621093750 3699964
0.073974609375000 3700035
0.066772460937500 3699964
0.067932128906250 3700000
0.060852050781250 3700035
0.061584472656250 3699964
0.068054199218750 3700035
0.062011718750000 3699929
0.064453125000000 3700035
0.064025878906250 3700035
0.069335937500000 3699708
0.064147949218750 3697198
0.068176269531250 3700000
0.061096191406250 3700035
0.069458007812500 3700000
0.068786621093750 3699964
0.000000000000000 3697516
0.071166992187500 3694560
0.062866210937500 3694117
0.068908691406250 3683921
0.069763183593750 3693285
0.068969726562500 3688658
0.069091796875000 3683368
0.071044921875000 3687295
0.068969726562500 3700000
0.068664550781250 3688883
0.061523437500000 3700035
0.070800781250000 3688777
0.070434570312500 3691007
0.067321777343750 3697881
0.069641113281250 3700000
0.000000000000000 3688899
0.071594238281250 3691289
0.067199707031250 3686416
0.068298339843750 3700035
0.067077636718750 3697027
0.071716308593750 3683267
0.067626953125000 3686320
0.069580078125000 3691696
0.069641113281250 3696071
0.069335937500000 3700035
0.071472167968750 3699964
0.067016601562500 3691992
0.060546875000000 3683330
0.066467285156250 3696754
0.000000000000000 3697970
0.073120117187500 3690956
0.065917968750000 3688947
0.070312500000000 3700000
0.069152832031250 3700000
0.070068359375000 3699964
0.070739746093750 3698493
0.067260742187500 3690392
0.068664550781250 3698701
0.067810058593750 3686336
0.070068359375000 3698798
0.068176269531250 3690066
0.068420410156250 3693496
0.069519042968750 3684981
0.000000000000000 3683334
0.130249023437500 3683368
0.000000000000000 3694537
0.069458007812500 3683295
0.068847656250000 3684039
0.067016601562500 3699964
0.068847656250000 3688418
0.072387695312500 3689390
0.070190429687500 3688491
0.069763183593750 3699374
0.069213867187500 3700000
0.069213867187500 3694352
0.072082519531250 3683333
0.000000000000000 3683333
0.071350097656250 3683299
0.064880371093750 3692785
0.062744140625000 3683299
0.065063476562500 3691778
0.060729980468750 3700000
0.072265625000000 3688777
0.068603515625000 3700000
0.069946289062500 3683887
0.070495605468750 3683368
0.070678710937500 3699354
0.068603515625000 3700000
0.067565917968750 3700000
0.070495605468750 3700000
0.067443847656250 3700000
0.070373535156250 3700035
0.000000000000000 3688602
0.071716308593750 3693289
0.069335937500000 3700000
0.067749023437500 3695121
0.069152832031250 3687486
0.069824218750000 3700000
0.068908691406250 3699964
0.062683105468750 3700000
0.067138671875000 3700000
0.071533203125000 3700000
0.067504882812500 3700000
0.068603515625000 3700000
0.068908691406250 3696621
0.066528320312500 3700000
0.069763183593750 3690668
0.000000000000000 3685189
0.069641113281250 3693583
0.071228027343750 3683334
0.068786621093750 3683333
0.067504882812500 3691659
0.068725585937500 3699964
0.060852050781250 3700035
0.061035156250000 3699964
0.068176269531250 3700000
0.068481445312500 3700000
0.066894531250000 3700000
0.071350097656250 3700035
0.071838378906250 3699964
0.069335937500000 3700000
0.067626953125000 3700000
0.067871093750000 3696821
0.061767578125000 3683330
0.000000000000000 3696015
0.067871093750000 3700035
0.068786621093750 3694457
0.070617675781250 3683405
0.071044921875000 3694612
0.070068359375000 3683335
0.068054199218750 3683297
0.068481445312500 3689625
0.068054199218750 3688947
0.068664550781250 3693973
0.073913574218750 3694930
0.067077636718750 3700000
0.069152832031250 3688933
0.000000000000000 3700000
0.068725585937500 3688956
0.068237304687500 3688820
0.067749023437500 3700000
0.060791015625000 3692389
0.068054199218750 3692801
0.071044921875000 3694533
0.071228027343750 3693624
0.068664550781250 3700000
0.068786621093750 3689931
0.068664550781250 3698942
0.060607910156250 3700035
0.067016601562500 3693992
0.071960449218750 3700000
0.069580078125000 3700035
0.000000000000000 3700000
0.068542480468750 3700000
0.070190429687500 3699929
0.066711425781250 3700070
0.069030761718750 3700000
0.068603515625000 3688650
0.068664550781250 3691201
0.068542480468750 3683301
0.069580078125000 3692030
0.066772460937500 3699964
0.070373535156250 3691745
0.068115234375000 3697046
0.067199707031250 3700035
0.069396972656250 3700000
0.000000000000000 3699964
0.069030761718750 3697650
0.069885253906250 3683366
0.069519042968750 3694575
0.066894531250000 3683334
0.070251464843750 3683332
0.069213867187500 3683334
0.061340332031250 3683332
0.068359375000000 3689552
0.067810058593750 3694734
0.069580078125000 3690138
0.070434570312500 3700000
0.068481445312500 3699964
0.068054199218750 3687895
0.070800781250000 3683299
0.000000000000000 3695370
0.067871093750000 3700070
0.069091796875000 3688932
0.068054199218750 3700000
0.071350097656250 3699964
0.071899414062500 3700000
0.068603515625000 3699626
0.071289062500000 3683298
0.068237304687500 3683724
0.068969726562500 3700000
0.071289062500000 3699964
0.068115234375000 3699894
0.069396972656250 3688920
0.000000000000000 3686352
0.069946289062500 3687369
0.070922851562500 3699431
0.067626953125000 3700035
0.068725585937500 3700000
0.067077636718750 3696565
0.070434570312500 3700035
0.069702148437500 3699964
0.068176269531250 3700035
0.069824218750000 3699964
0.068054199218750 3700000
0.073486328125000 3700000
0.069213867187500 3700035
0.000000000000000 3699964
0.069458007812500 3700035
0.070007324218750 3699964
0.068481445312500 3700000
0.061157226562500 3700000
0.068237304687500 3700035
0.069213867187500 3699964
0.069091796875000 3690114
0.070312500000000 3692016
0.073608398437500 3697034
0.067687988281250 3691719
0.069274902343750 3691903
0.067321777343750 3699964
0.070495605468750 3700035
0.066223144531250 3699929
0.000000000000000 3697878
0.071411132812500 3692011
0.068054199218750 3698014
0.067504882812500 3683414
0.071228027343750 3686743
0.067321777343750 3683369
0.068420410156250 3684498
0.067321777343750 3693359
0.069152832031250 3694524
0.067443847656250 3692188
0.069946289062500 3688945
0.067871093750000 3699964
0.067871093750000 3699964
0.070251464843750 3694008
0.000000000000000 3694558
0.067443847656250 3683368
0.070617675781250 3683796
0.067932128906250 3694055
0.071411132812500 3694805
0.069030761718750 3700035
0.066345214843750 3699154
0.069091796875000 3700000
0.067260742187500 3699929
0.062805175781250 3700035
0.067626953125000 3699964
0.069091796875000 3700035
0.071228027343750 3700035
0.068908691406250 3699964
0.000000000000000 3700000
0.069091796875000 3700035
0.067871093750000 3699964
0.070922851562500 3700000
0.067932128906250 3696566
0.069702148437500 3700035
0.069458007812500 3699964
0.068176269531250 3700000
0.069824218750000 3683708
0.068054199218750 3698614
0.068176269531250 3700035
0.066650390625000 3699964
0.069824218750000 3700035
0.068420410156250 3692453
0.000000000000000 3700000
0.072387695312500 3687676
0.069396972656250 3700035
0.069641113281250 3697527
0.069213867187500 3690908
0.068664550781250 3686767
0.068481445312500 3700000
0.071044921875000 3685589
0.067382812500000 3691911
0.069396972656250 3697128
0.069763183593750 3691681
0.069580078125000 3699964
0.000000000000000 3691854
0.066955566406250 3694572
0.070312500000000 3691008
0.071777343750000 3700035
0.069519042968750 3699964
0.069213867187500 3690086
0.070373535156250 3700070
0.071960449218750 3688946
0.061035156250000 3692698
0.070678710937500 3683337
0.067871093750000 3683366
0.071411132812500 3683334
0.069763183593750 3692186
0.000000000000000 3700000
0.067138671875000 3700035
0.068908691406250 3699964
0.068176269531250 3700000
0.070556640625000 3700035
0.069824218750000 3693366
0.069641113281250 3694719
0.067810058593750 3694295
0.068847656250000 3683365
0.068603515625000 3688976
0.068115234375000 3688884
0.069641113281250 3694531
0.067810058593750 3694314
0.069885253906250 3700035
0.000000000000000 3700000
0.070129394531250 3683948
0.068176269531250 3683333
0.069213867187500 3691628
0.066650390625000 3692663
0.070495605468750 3698982
0.068481445312500 3700000
0.070739746093750 3700035
0.069763183593750 3699964
0.065979003906250 3696296
0.060791015625000 3683368
0.068054199218750 3683298
0.067749023437500 3692360
0.067993164062500 3696665
0.069213867187500 3683332
0.069580078125000 3683331
0.000000000000000 3691410
0.070983886718750 3700035
0.069091796875000 3700000
0.067687988281250 3699964
0.070983886718750 3700035
0.069580078125000 3700000
0.069335937500000 3700000
0.069152832031250 3700000
0.070678710937500 3699964
0.069091796875000 3686477
0.069458007812500 3691141
0.068176269531250 3700000
0.000000000000000 3699964
0.069580078125000 3698871
0.061828613281250 3700035
0.066345214843750 3698229
0.070739746093750 3683336
0.070251464843750 3696196
0.067504882812500 3700000
0.062438964843750 3700000
0.068908691406250 3700000
0.069519042968750 3700000
0.067687988281250 3700035
0.071838378906250 3700000
0.067504882812500 3700000
0.071594238281250 3700000
0.070861816406250 3699964
0.068786621093750 3700035
0.000000000000000 3699964
0.070190429687500 3700000
0.069335937500000 3700000
0.068298339843750 3688433
0.070556640625000 3683298
0.070068359375000 3694880
0.069519042968750 3691824
0.068603515625000 3688687
0.068664550781250 3683263
0.067626953125000 3694508
0.070251464843750 3683450
0.067443847656250 3693983
0.068176269531250 3695042
0.000000000000000 3693883
0.069030761718750 3684011
0.068359375000000 3693673
0.071228027343750 3695330
0.066589355468750 3683332
0.068786621093750 3690969
0.066589355468750 3700070
0.070495605468750 3688770
0.068969726562500 3700000
0.068603515625000 3695259
0.068481445312500 3694427
0.071228027343750 3696372
0.070800781250000 3700035
0.066711425781250 3699964
0.000000000000000 3700035
0.069213867187500 3699393
0.070251464843750 3691678
0.069702148437500 3697248
0.069763183593750 3700000
0.071289062500000 3699964
0.068176269531250 3700000
0.068847656250000 3700035
0.068603515625000 3700000
0.070922851562500 3700000
0.068542480468750 3693525
0.068298339843750 3698752
0.000000000000000 3690170
0.070190429687500 3698858
0.068847656250000 3690050
0.068725585937500 3700000
0.070495605468750 3698359
0.070251464843750 3700000
0.067321777343750 3699964
0.068542480468750 3700035
0.067199707031250 3700000
0.068847656250000 3699663
0.069396972656250 3683369
0.067810058593750 3694515
0.070373535156250 3683426
0.000000000000000 3694390
0.068054199218750 3683472
0.069763183593750 3694212
0.067932128906250 3700000
0.070739746093750 3700000
0.068359375000000 3700035
0.068176269531250 3700000
0.072448730468750 3699964
0.067871093750000 3700000
0.068176269531250 3698903
0.067443847656250 3700000
0.071166992187500 3699964
0.067443847656250 3700000
0.000000000000000 3700035
0.068481445312500 3700000
0.068481445312500 3688849
0.068176269531250 3700035
0.070922851562500 3696417
0.067138671875000 3692477
0.069030761718750 3700035
0.068664550781250 3699929
0.071411132812500 3700035
0.069763183593750 3700000
0.067565917968750 3700035
0.069030761718750 3700000
0.067138671875000 3697115
0.000000000000000 3691762
0.070495605468750 3697277
0.068908691406250 3690241
0.069152832031250 3699964
0.067749023437500 3700035
0.073303222656250 3699964
0.070922851562500 3700035
0.066711425781250 3699964
0.068115234375000 3692364
0.067504882812500 3685402
0.068664550781250 3692520
0.068115234375000 3685253
0.070007324218750 3692598
0.000000000000000 3683367
0.071105957031250 3690614
0.068054199218750 3698433
0.069458007812500 3690383
0.067504882812500 3695297
0.069030761718750 3700000
0.068298339843750 3699964
0.072387695312500 3700000
0.070556640625000 3700000
0.066223144531250 3700035
0.067749023437500 3683750
0.068115234375000 3698635
0.070068359375000 3700000
0.000000000000000 3699964
0.067016601562500 3700035
0.068725585937500 3699964
0.069458007812500 3688790
0.068115234375000 3697611
0.068237304687500 3699964
0.067993164062500 3688525
0.069091796875000 3696982
0.069885253906250 3700035
0.069702148437500 3700000
0.069274902343750 3699964
0.068969726562500 3699964
0.068908691406250 3700035
0.067749023437500 3700000
0.000000000000000 3697527
0.069885253906250 3689535
0.067321777343750 3699374
0.071716308593750 3689673
0.070312500000000 3694669
0.069030761718750 3683366
0.069458007812500 3694560
0.067077636718750 3698694
0.068603515625000 3692154
0.069946289062500 3699929
0.070190429687500 3700070
0.067626953125000 3695152
0.000000000000000 3699756
0.067871093750000 3692590
0.069763183593750 3687110
0.067443847656250 3699964
0.070007324218750 3700000
0.067443847656250 3700000
0.068908691406250 3700035
0.070129394531250 3699964
0.067626953125000 3700000
0.069152832031250 3700035
0.067626953125000 3697166
0.070007324218750 3691727
0.069458007812500 3688912
0.068542480468750 3695115
0.000000000000000 3694832
0.069702148437500 3691007
0.068847656250000 3686886
0.071105957031250 3690866
0.068359375000000 3688874
0.069885253906250 3692708
0.068115234375000 3683332
0.072082519531250 3686775
0.069702148437500 3695027
0.068481445312500 3685769
0.069824218750000 3683334
0.069396972656250 3683369
0.060668945312500 3695806
0.069274902343750 3700035
0.000000000000000 3688856
0.069274902343750 3700000
0.068664550781250 3693171
0.071533203125000 3699677
0.070129394531250 3694924
0.067077636718750 3696401
0.068176269531250 3700035
0.068176269531250 3696258
0.072326660156250 3686986
0.070739746093750 3692787
0.069580078125000 3683299
0.068542480468750 3698226
0.067626953125000 3700000
0.000000000000000 3699964
0.069946289062500 3700000
0.067199707031250 3700035
0.069458007812500 3700000
0.069213867187500 3695359
0.071777343750000 3688680
0.070617675781250 3700000
0.067260742187500 3700035
0.069152832031250 3700000
0.068176269531250 3690141
0.069213867187500 3698768
0.068176269531250 3690259
0.000000000000000 3687115
0.070312500000000 3699964
0.069152832031250 3700035
0.069580078125000 3700000
0.069213867187500 3699051
0.068176269531250 3700070
0.068481445312500 3699964
0.070922851562500 3700035
0.070007324218750 3696976
0.069091796875000 3683332
0.067504882812500 3694545
0.067993164062500 3683299
0.068908691406250 3683367
0.000000000000000 3697358
0.068115234375000 3683334
0.069091796875000 3691572
0.069641113281250 3683369
0.069274902343750 3694982
0.067871093750000 3688872
0.070068359375000 3700035
0.068298339843750 3700000
0.068786621093750 3686831
0.069885253906250 3683369
0.069030761718750 3690723
0.069946289062500 3688946
0.066955566406250 3700000
0.000000000000000 3699964
0.069702148437500 3692928
0.066650390625000 3683300
0.070617675781250 3683369
0.067443847656250 3695730
0.068359375000000 3700000
0.071350097656250 3698995
0.069152832031250 3689946
0.068847656250000 3687949
0.068603515625000 3689828
0.068908691406250 3699235
0.066711425781250 3692665
0.070739746093750 3699444
0.000000000000000 3683301
0.069091796875000 3689930
0.066589355468750 3699964
0.070983886718750 3700035
0.067565917968750 3700000
0.067687988281250 3700000
0.068664550781250 3700000
0.071044921875000 3700000
0.069946289062500 3699964
0.066772460937500 3689378
0.067687988281250 3695660
0.069213867187500 3700035
0.069946289062500 3699964
0.068847656250000 3700035
0.000000000000000 3698314
0.068359375000000 3693604
0.069763183593750 3695557
0.061035156250000 3683300
0.069519042968750 3698788
0.068908691406250 3700035
0.069335937500000 3700000
0.068115234375000 3699964
0.069458007812500 3695523
0.069946289062500 3683331
0.069091796875000 3683334
0.069519042968750 3696099
0.068786621093750 3699964
0.000000000000000 3700035
0.071899414062500 3700000
0.066772460937500 3699964
0.069519042968750 3700000
0.068603515625000 3700000
0.071716308593750 3700035
0.069580078125000 3700000
0.066528320312500 3700000
0.069641113281250 3700000
0.071350097656250 3699964
0.067871093750000 3700000
0.069091796875000 3700035
0.070190429687500 3699929
0.000000000000000 3700070
0.069641113281250 3700000
0.068054199218750 3699964
0.068298339843750 3700035
0.067443847656250 3699964
0.061157226562500 3700000
0.067321777343750 3700035
0.070922851562500 3700000
0.069702148437500 3699964
0.068908691406250 3700000
0.067810058593750 3700000
0.068664550781250 3700000
0.068664550781250 3700000
0.068054199218750 3700000
0.070495605468750 3700035
0.000000000000000 3700000
0.070556640625000 3695212
0.066589355468750 3700035
0.069458007812500 3687753
0.069702148437500 3690286
0.068420410156250 3699964
0.069213867187500 3700035
0.070251464843750 3699964
0.070373535156250 3700000
0.066528320312500 3700035
0.072326660156250 3699964
0.066406250000000 3700035
0.062072753906250 3699964
0.067443847656250 3700035
0.067871093750000 3699964
0.000000000000000 3700035
0.069763183593750 3699964
0.068359375000000 3700000
0.069824218750000 3700000
0.069519042968750 3700000
0.069946289062500 3700035
0.067321777343750 3700000
0.071350097656250 3699964
0.066711425781250 3699929
0.071899414062500 3700070
0.071411132812500 3700000
0.066955566406250 3700000
0.000000000000000 3700000
0.068908691406250 3700000
0.068420410156250 3700035
0.069335937500000 3684720
0.069213867187500 3684253
0.068908691406250 3700000
0.070800781250000 3690666
0.068115234375000 3683333
0.060913085937500 3694566
0.068298339843750 3696560
0.068603515625000 3683298
0.068115234375000 3686649
0.068237304687500 3700035
0.069152832031250 3700000
0.069885253906250 3700000
0.000000000000000 3700000
0.068786621093750 3700035
0.070190429687500 3700000
0.069763183593750 3700000
0.068847656250000 3688816
0.069335937500000 3691934
0.068786621093750 3699724
0.070068359375000 3700000
0.069885253906250 3697737
0.069641113281250 3686713
0.069580078125000 3700035
0.068969726562500 3692457
0.000000000000000 3690690
0.071105957031250 3683401
0.067016601562500 3696257
0.069824218750000 3699964
0.070068359375000 3699140
0.067260742187500 3690507
0.070251464843750 3700035
0.067626953125000 3699894
0.068054199218750 3699218
0.068664550781250 3699964
0.072570800781250 3699964
0.068725585937500 3700035
0.069519042968750 3689593
0.000000000000000 3693394
0.070007324218750 3695480
0.068176269531250 3699964
0.070190429687500 3700035
0.067993164062500 3699964
0.070251464843750 3700000
0.069458007812500 3700035
0.069335937500000 3699964
0.068237304687500 3700000
0.068481445312500 3700000
0.068786621093750 3700000
0.067199707031250 3700000
0.071411132812500 3700000
0.000000000000000 3700035
0.068603515625000 3700000
0.067504882812500 3700000
0.069641113281250 3699964
0.070007324218750 3700000
0.069396972656250 3700035
0.068481445312500 3699964
0.070983886718750 3691942
0.068664550781250 3689432
0.068664550781250 3699444
0.068115234375000 3700000
0.067871093750000 3684328
0.069274902343750 3683334
0.000000000000000 3683333
0.071044921875000 3683332
0.069641113281250 3687632
0.069091796875000 3700035
0.068481445312500 3684699
0.068664550781250 3693052
0.071105957031250 3684811
0.068664550781250 3683368
0.068664550781250 3698205
0.068969726562500 3700035
0.071044921875000 3699964
0.067565917968750 3691092
0.068603515625000 3686671
0.067321777343750 3691154
0.000000000000000 3694557
0.067443847656250 3692097
0.068603515625000 3700035
0.068786621093750 3700000
0.070861816406250 3688874
0.068115234375000 3691713
0.070922851562500 3685924
0.068420410156250 3699964
0.067993164062500 3686435
0.069213867187500 3683366
0.069091796875000 3694520
0.071655273437500 3691066
0.068359375000000 3697959
0.000000000000000 3690920
0.070129394531250 3698233
0.069030761718750 3683334
0.071044921875000 3684876
0.067810058593750 3700000
0.070007324218750 3700000
0.071350097656250 3700000
0.067749023437500 3700035
0.070556640625000 3699964
0.068176269531250 3700035
0.067871093750000 3699964
0.067260742187500 3700000
0.000000000000000 3700035
0.071716308593750 3698152
0.066711425781250 3687640
0.069641113281250 3700035
0.068420410156250 3699964
0.067626953125000 3700035
0.070861816406250 3699964
0.067321777343750 3688854
0.068359375000000 3699652
0.070251464843750 3689430
0.070007324218750 3694525
0.070129394531250 3693926
0.068786621093750 3695132
0.000000000000000 3684631
0.070678710937500 3699964
0.067077636718750 3700035
0.070373535156250 3690541
0.069213867187500 3683334
0.067932128906250 3687623
0.072082519531250 3700000
0.068786621093750 3699964
0.069152832031250 3700000
0.067626953125000 3700035
0.071472167968750 3700000
0.067810058593750 3700000
0.070922851562500 3694548
0.068237304687500 3686546
0.000000000000000 3691359
0.070617675781250 3690975
0.070251464843750 3700000
0.070556640625000 3700035
0.068481445312500 3700000
0.067321777343750 3700000
0.071044921875000 3700000
0.068298339843750 3699964
0.068664550781250 3700035
0.070495605468750 3700000
0.069152832031250 3699964
0.067932128906250 3700000
0.071105957031250 3696251
0.000000000000000 3683367
0.069396972656250 3690221
0.070861816406250 3699964
0.068115234375000 3699964
0.070922851562500 3700035
0.070068359375000 3700035
0.069274902343750 3699964
0.067932128906250 3700000
0.070495605468750 3700035
0.060668945312500 3700000
0.066955566406250 3688450
0.071655273437500 3690718
0.067626953125000 3699964
0.069274902343750 3700000
0.069519042968750 3700000
0.000000000000000 3700000
0.070068359375000 3700035
0.069580078125000 3700000
0.070922851562500 3700000
0.069519042968750 3694829
0.068725585937500 3694021
0.069213867187500 3684839
0.068847656250000 3700070
0.061279296875000 3699964
0.070251464843750 3689647
0.070129394531250 3688145
0.070556640625000 3699894
0.068115234375000 3689041
0.062683105468750 3699929
0.070190429687500 3688920
0.069091796875000 3700000
0.000000000000000 3699964
0.068176269531250 3700000
0.069763183593750 3695845
0.074096679687500 3693066
0.070190429687500 3688908
0.068420410156250 3690472
0.067260742187500 3698457
0.072387695312500 3694668
0.067871093750000 3694592
0.070983886718750 3690606
0.068908691406250 3699964
0.067199707031250 3700000
0.000000000000000 3692982
0.071350097656250 3700000
0.068298339843750 3700000
0.068847656250000 3700000
0.067871093750000 3700000
0.069458007812500 3699929
0.070861816406250 3700035
0.067504882812500 3700035
0.070678710937500 3700000
0.067016601562500 3700000
0.069763183593750 3700000
0.066711425781250 3699964
0.070312500000000 3700035
0.000000000000000 3700000
0.070373535156250 3700000
0.069396972656250 3700000
0.067749023437500 3688135
0.067199707031250 3700000
0.068359375000000 3700000
0.067932128906250 3700035
0.061035156250000 3698104
0.067077636718750 3690804
0.068786621093750 3699369
0.069335937500000 3689284
0.068115234375000 3685020
0.061889648437500 3700000
0.069091796875000 3692192
0.070800781250000 3700035
0.068603515625000 3700000
0.000000000000000 3700000
0.070800781250000 3700000
0.071289062500000 3699964
0.067749023437500 3700000
0.070312500000000 3700035
0.068420410156250 3699393
0.070556640625000 3700000
0.067016601562500 3688945
0.068359375000000 3694364
0.068908691406250 3689991
0.068481445312500 3700035
0.067321777343750 3699964
0.068786621093750 3700035
0.000000000000000 3700000
0.069824218750000 3699964
0.067626953125000 3700035
0.069335937500000 3695010
0.068054199218750 3698364
0.069091796875000 3700000
0.069458007812500 3700035
0.069030761718750 3699964
0.070434570312500 3700035
0.068725585937500 3700000
0.069824218750000 3699964
0.067321777343750 3700035
0.070800781250000 3700000
0.000000000000000 3699964
0.068847656250000 3700035
0.067687988281250 3700000
0.069213867187500 3699964
0.070556640625000 3700035
0.068359375000000 3699964
0.069519042968750 3695562
0.069824218750000 3688030
0.067932128906250 3697937
0.069824218750000 3700000
0.071350097656250 3699964
0.069763183593750 3700035
0.069519042968750 3692465
0.000000000000000 3699929
0.069213867187500 3700070
0.070678710937500 3699964
0.070251464843750 3700035
0.067077636718750 3700000
0.069396972656250 3700000
0.069274902343750 3699964
0.068786621093750 3700035
0.068359375000000 3700000
0.070800781250000 3699964
0.070434570312500 3692410
0.067993164062500 3694483
0.070739746093750 3693841
0.000000000000000 3693406
0.067199707031250 3695885
0.069824218750000 3698326
0.071777343750000 3683337
0.070556640625000 3696045
0.068786621093750 3700000
0.067199707031250 3700000
0.069152832031250 3700035
0.067565917968750 3700000
0.069702148437500 3699964
0.068664550781250 3700000
0.067199707031250 3700035
0.071472167968750 3699964
0.067260742187500 3700035
0.000000000000000 3699964
0.070495605468750 3700035
0.068054199218750 3694608
0.071533203125000 3695406
0.068481445312500 3700000
0.072265625000000 3700000
0.069946289062500 3699964
0.068786621093750 3699227
0.071105957031250 3685971
0.067687988281250 3695371
0.064697265625000 3699929
0.067260742187500 3699459
0.071533203125000 3700000
0.000000000000000 3699964
0.071777343750000 3700035
0.071899414062500 3700000
0.071899414062500 3699964
0.075195312500000 3700035
0.067382812500000 3700000
0.066101074218750 3700000
0.067321777343750 3700000
0.074584960937500 3700000
0.067260742187500 3696000
0.071716308593750 3699964
0.063964843750000 3700000
0.063720703125000 3700035
0.000000000000000 3700000
0.128234863281250 3699964
0.065673828125000 3700035
0.000000000000000 3699964
0.065490722656250 3700000
0.069030761718750 3700000
0.061950683593750 3700000
0.070983886718750 3700000
0.062438964843750 3700035
0.071289062500000 3700000
0.066955566406250 3699964
0.069396972656250 3700000
0.063598632812500 3700000
0.071228027343750 3700000
0.067810058593750 3700035
0.069458007812500 3697474
0.070373535156250 3689127
0.069030761718750 3695929
0.067871093750000 3691287
0.000000000000000 3699964
0.069763183593750 3700000
0.070983886718750 3700000
0.066772460937500 3700035
0.070312500000000 3700000
0.068481445312500 3699964
0.277343750000000 3697523
0.066894531250000 3700105
0.071960449218750 3684914
0.068603515625000 3713750
0.076538085937500 3900000
0.081848144531250 3900000
0.077819824218750 3900000
0.071777343750000 3900000
0.079345703125000 3900000
0.082031250000000 3900037
0.081787109375000 3899925
0.000000000000000 3900037
0.079895019531250 3900000
0.078735351562500 3900037
0.079162597656250 3899962
0.081665039062500 3900037
0.077453613281250 3899962
0.081787109375000 3900037
0.079345703125000 3899962
0.079345703125000 3900000
0.080688476562500 3900000
0.081542968750000 3900000
0.076538085937500 3900037
0.000000000000000 3899962
0.075134277343750 3900037
0.077209472656250 3899962
0.076171875000000 3900000
0.067321777343750 3900000
0.076843261718750 3900037
0.072204589843750 3900000
0.074523925781250 3899962
0.076049804687500 3900000
0.066650390625000 3900000
0.074157714843750 3900037
0.076965332031250 3899962
0.067993164062500 3900037
0.075744628906250 3899962
0.076965332031250 3900000
0.076965332031250 3899962
0.067138671875000 3900000
0.069458007812500 3900074
0.072753906250000 3899962
0.069824218750000 3900000
0.000000000000000 3900037
0.077392578125000 3899962
0.075073242187500 3900000
0.074157714843750 3900037
0.076416015625000 3900000
0.073425292968750 3899962
0.076965332031250 3900000
0.072448730468750 3900000
0.066711425781250 3900000
0.076965332031250 3900000
0.074645996093750 3900037
0.074401855468750 3899962
0.075073242187500 3900000
0.074401855468750 3900000
0.000000000000000 3900000
0.074768066406250 3900000
0.074584960937500 3900000
0.074707031250000 3900000
0.067443847656250 3900000
0.076049804687500 3900000
0.074584960937500 3900000
0.075134277343750 3900000
0.073120117187500 3899925
0.076049804687500 3900074
0.074829101562500 3900000
0.075866699218750 3900037
0.078125000000000 3900000
0.075622558593750 3899962
0.000000000000000 3900000
0.075378417968750 3900037
0.073059082031250 3900000
0.075622558593750 3900000
0.075378417968750 3900000
0.066650390625000 3899962
0.074401855468750 3899962
0.076416015625000 3900000
0.078063964843750 3900074
0.076171875000000 3899962
0.074890136718750 3899962
0.074096679687500 3900037
0.077087402343750 3900000
0.000000000000000 3900000
0.080139160156250 3900037
0.077819824218750 3899962
0.075561523437500 3900037
0.072998046875000 3899962
0.076416015625000 3900000
0.075256347656250 3900037
0.076293945312500 3900000
0.075073242187500 3899962
0.075622558593750 3900000
0.077453613281250 3900037
0.074401855468750 3900000
0.000000000000000 3899962
0.074462890625000 3900038
0.074829101562500 3899962
0.077087402343750 3900000
0.066223144531250 3900000
0.073120117187500 3900037
0.075439453125000 3899962
0.072509765625000 3900000
0.076904296875000 3900037
0.076599121093750 3900000
0.075561523437500 3899962
0.079345703125000 3900037
0.074462890625000 3900000
0.067138671875000 3899962
0.074951171875000 3900037
0.000000000000000 3899962
0.074829101562500 3900037
0.076110839843750 3900000
0.075744628906250 3899962
0.073608398437500 3900000
0.074890136718750 3899925
0.073608398437500 3900074
0.075500488281250 3900000
0.076293945312500 3900000
0.073181152343750 3900000
0.076599121093750 3900037
0.075683593750000 3900000
0.000000000000000 3900000
0.077209472656250 3900000
0.076171875000000 3899962
0.073974609375000 3900037
0.076416015625000 3899888
0.073852539062500 3900074
0.067077636718750 3900037
0.076538085937500 3900000
0.066467285156250 3900000
0.075500488281250 3899962
0.076782226562500 3900037
0.066772460937500 3899962
0.072814941406250 3900000
0.074157714843750 3900000
0.072875976562500 3900000
0.075561523437500 3900000
0.073303222656250 3900037
0.000000000000000 3899962
0.077392578125000 3900000
0.076599121093750 3900000
0.074462890625000 3900000
0.074951171875000 3900037
0.072753906250000 3899962
0.075866699218750 3900000
0.074340820312500 3900037
0.076416015625000 3900000
0.078796386718750 3899962
0.075927734375000 3900037
0.076354980468750 3899925
0.074951171875000 3900074
0.066955566406250 3899962
0.000000000000000 3899962
0.074340820312500 3900037
0.076843261718750 3900037
0.075073242187500 3899962
0.077026367187500 3899925
0.077575683593750 3899962
0.076904296875000 3900148
0.076477050781250 3899962
0.073181152343750 3900000
0.077148437500000 3900037
0.078613281250000 3899888
0.000000000000000 3900074
0.073303222656250 3900037
0.076110839843750 3899962
0.077331542968750 3900000
0.075439453125000 3900000
0.075439453125000 3900000
0.073425292968750 3900000
0.079528808593750 3900037
0.075134277343750 3900000
0.076904296875000 3900000
0.072753906250000 3900000
0.076599121093750 3899962
0.000000000000000 3900000
0.076049804687500 3900000
0.076171875000000 3900000
0.076416015625000 3900037
0.076171875000000 3899962
0.075439453125000 3900037
0.074401855468750 3899962
0.074645996093750 3900000
0.077819824218750 3900000
0.076354980468750 3900037
0.066467285156250 3900000
0.073913574218750 3900000
0.077636718750000 3900000
0.072631835937500 3899962
0.000000000000000 3900037
0.074218750000000 3899962
0.076599121093750 3900037
0.074401855468750 3899961
0.075622558593750 3900000
0.074401855468750 3900000
0.067199707031250 3900000
0.073425292968750 3900000
0.075012207031250 3900000
0.075134277343750 3899962
0.075622558593750 3900037
0.076232910156250 3900037
0.077392578125000 3899962
0.000000000000000 3900000
0.076416015625000 3900037
0.072753906250000 3899962
0.066955566406250 3900000
0.075744628906250 3900000
0.076477050781250 3900037
0.075256347656250 3899962
0.066040039062500 3900000
0.075500488281250 3900000
0.076110839843750 3900000
0.075439453125000 3899925
0.074096679687500 3900074
0.075195312500000 3900037
0.074340820312500 3899962
0.075866699218750 3899925
0.075622558593750 3900074
0.066223144531250 3900037
0.000000000000000 3899962
0.078430175781250 3900037
0.074157714843750 3900000
0.075561523437500 3899962
0.075256347656250 3900037
0.077148437500000 3900000
0.073425292968750 3899962
0.076171875000000 3900037
0.076232910156250 3899962
0.075439453125000 3899962
0.066345214843750 3900037
0.074707031250000 3899851
0.075195312500000 3900148
0.074768066406250 3859518
0.000000000000000 3800036
0.075073242187500 3800000
0.071777343750000 3799963
0.070800781250000 3800000
0.072265625000000 3800036
0.071350097656250 3800000
0.071655273437500 3800000
0.070007324218750 3800000
0.069580078125000 3800000
0.072204589843750 3799963
0.070007324218750 3800036
0.070739746093750 3800000
0.000000000000000 3800000
0.069213867187500 3800000
0.070800781250000 3800000
0.070068359375000 3800000
0.072570800781250 3799963
0.071533203125000 3800000
0.068420410156250 3800036
0.071411132812500 3800000
0.071533203125000 3800000
0.071777343750000 3800000
0.068298339843750 3800000
0.070251464843750 3800000
0.000000000000000 3800000
0.071289062500000 3800000
0.071105957031250 3799927
0.062988281250000 3800072
0.068176269531250 3800000
0.070678710937500 3799963
0.071105957031250 3800036
0.062683105468750 3800000
0.068054199218750 3800000
0.071350097656250 3800000
0.073547363281250 3800000
0.070983886718750 3799963
0.072204589843750 3800036
0.068847656250000 3800000
0.070617675781250 3799963
0.070251464843750 3800036
0.000000000000000 3800000
0.071594238281250 3800000
0.071777343750000 3800000
0.070251464843750 3799963
0.072326660156250 3800036
0.069580078125000 3800000
0.070922851562500 3800000
0.070007324218750 3800000
0.071899414062500 3800000
0.063964843750000 3799963
0.070129394531250 3800036
0.074584960937500 3800000
0.070129394531250 3800000
0.000000000000000 3800000
0.070190429687500 3797902
0.071777343750000 3802098
0.071350097656250 3800000
0.070617675781250 3800000
0.069519042968750 3800000
0.072265625000000 3800036
0.068725585937500 3799927
0.070861816406250 3800036
0.068847656250000 3800000
0.072937011718750 3800000
0.073364257812500 3800000
0.068054199218750 3800000
0.000000000000000 3800000
0.071838378906250 3800000
0.070312500000000 3799927
0.071472167968750 3800036
0.070251464843750 3800036
0.071166992187500 3800000
0.072937011718750 3800000
0.068542480468750 3800036
0.062561035156250 3800000
0.068786621093750 3800000
0.070922851562500 3800000
0.070800781250000 3799963
0.072204589843750 3799927
0.068481445312500 3800072
0.000000000000000 3800000
0.072631835937500 3800000
0.071105957031250 3800000
0.070068359375000 3800000
0.072875976562500 3799963
0.070190429687500 3800036
0.070434570312500 3800000
0.070312500000000 3800000
0.073608398437500 3800000
0.071533203125000 3800000
0.069152832031250 3800000
0.069091796875000 3800000
0.068908691406250 3800000
0.000000000000000 3799963
0.073425292968750 3800036
0.072692871093750 3800000
0.070007324218750 3800000
0.069946289062500 3800000
0.071228027343750 3799963
0.071228027343750 3800036
0.069091796875000 3800000
0.062438964843750 3800000
0.069885253906250 3800000
0.074035644531250 3799963
0.070434570312500 3800036
0.068054199218750 3800000
0.000000000000000 3800000
0.070800781250000 3800000
0.071655273437500 3800000
0.070800781250000 3800000
0.068908691406250 3800000
0.071044921875000 3799963
0.070007324218750 3800036
0.070800781250000 3800000
0.069580078125000 3800000
0.070007324218750 3800000
0.070251464843750 3799927
0.069519042968750 3800072
0.069580078125000 3800000
0.072143554687500 3799963
0.000000000000000 3800036
0.068603515625000 3800000
0.069824218750000 3800000
0.072082519531250 3800000
0.070800781250000 3800000
0.070617675781250 3800000
0.069885253906250 3800000
0.068969726562500 3800000
0.071899414062500 3800000
0.070861816406250 3800000
0.068725585937500 3800000
0.069641113281250 3799927
0.069396972656250 3800072
0.070678710937500 3799963
0.000000000000000 3800036
0.068847656250000 3800000
0.069580078125000 3800000
0.073242187500000 3800000
0.068542480468750 3800000
0.071228027343750 3800000
0.068176269531250 3799963
0.062866210937500 3800000
0.069396972656250 3800000
0.070800781250000 3800036
0.068542480468750 3800000
0.071228027343750 3799963
0.071411132812500 3800036
0.070739746093750 3800000
0.070068359375000 3800000
0.068969726562500 3800036
0.000000000000000 3799927
0.071655273437500 3800036
0.070861816406250 3800000
0.070434570312500 3800000
0.070129394531250 3800000
0.069274902343750 3800000
0.070617675781250 3800000
0.070739746093750 3800000
0.069641113281250 3800000
0.070007324218750 3800000
0.071777343750000 3800000
0.070861816406250 3800036
0.070373535156250 3799963
0.000000000000000 3800000
0.071105957031250 3799963
0.069519042968750 3800036
0.070922851562500 3800000
0.069763183593750 3800000
0.070495605468750 3796962
0.071838378906250 3803039
0.068298339843750 3800000
0.062438964843750 3800000
0.068298339843750 3800000
0.072387695312500 3800000
0.068725585937500 3800000
0.069824218750000 3800000
0.070617675781250 3800000
0.073242187500000 3800000
0.000000000000000 3800000
0.070068359375000 3800000
0.068176269531250 3800000
0.073913574218750 3800000
0.068786621093750 3800000
0.070800781250000 3800000
0.069396972656250 3800000
0.070983886718750 3800000
0.062072753906250 3800000
0.068847656250000 3800000
0.070373535156250 3800000
0.066772460937500 3799963
0.072875976562500 3800036
0.069885253906250 3800000
0.069763183593750 3800036
0.067504882812500 3799927
0.000000000000000 3800072
0.071899414062500 3799963
0.071350097656250 3799963
0.068969726562500 3800036
0.070800781250000 3800000
0.070678710937500 3800000
0.072937011718750 3800000
0.069213867187500 3800036
0.071533203125000 3799963
0.071594238281250 3800000
0.069458007812500 3800000
0.072143554687500 3800000
0.000000000000000 3797793
0.069580078125000 3802207
0.072387695312500 3800000
0.069519042968750 3799963
0.072326660156250 3800036
0.069702148437500 3799963
0.071472167968750 3800036
0.070129394531250 3799963
0.068176269531250 3800036
0.071594238281250 3800036
0.070434570312500 3799963
0.073242187500000 3800000
0.069641113281250 3800000
0.000000000000000 3800000
0.069519042968750 3800000
0.069824218750000 3800000
0.068603515625000 3800000
0.071166992187500 3800000
0.069213867187500 3800000
0.073608398437500 3800000
0.069702148437500 3800000
0.069519042968750 3800000
0.072937011718750 3800000
0.070068359375000 3800036
0.070007324218750 3799963
0.069580078125000 3800000
0.000000000000000 3800000
0.072937011718750 3800000
0.070983886718750 3799963
0.069335937500000 3800036
0.071105957031250 3800000
0.068176269531250 3800000
0.070312500000000 3800000
0.070556640625000 3800036
0.070312500000000 3799963
0.071105957031250 3800000
0.068664550781250 3800000
0.071655273437500 3800000
0.069335937500000 3800000
0.071655273437500 3800000
0.000000000000000 3800000
0.069152832031250 3799963
0.070312500000000 3800036
0.072692871093750 3800000
0.070556640625000 3799963
0.070068359375000 3800036
0.068176269531250 3800000
0.071044921875000 3800000
0.072082519531250 3800000
0.069885253906250 3800000
0.071044921875000 3800000
0.069396972656250 3800000
0.000000000000000 3800000
0.073181152343750 3800000
0.069885253906250 3799963
0.072082519531250 3800036
0.069396972656250 3800000
0.062561035156250 3799963
0.069458007812500 3800036
0.072692871093750 3800036
0.070312500000000 3799963
0.071838378906250 3800000
0.071655273437500 3800036
0.068176269531250 3799963
0.071411132812500 3799963
0.068664550781250 3800036
0.069885253906250 3800000
0.000000000000000 3800000
0.072937011718750 3800000
0.068603515625000 3800000
0.071350097656250 3800000
0.068420410156250 3800000
0.072937011718750 3800000
0.069519042968750 3800000
0.071716308593750 3800000
0.071228027343750 3800000
0.068969726562500 3800000
0.072265625000000 3800000
0.069641113281250 3799963
0.069885253906250 3800036
0.000000000000000 3799963
0.068847656250000 3800036
0.074035644531250 3800000
0.071105957031250 3800000
0.068847656250000 3799963
0.069946289062500 3800036
0.070983886718750 3800000
0.072265625000000 3800000
0.069274902343750 3800000
0.070861816406250 3799855
0.071350097656250 3800144
0.069702148437500 3800000
0.071166992187500 3800036
0.000000000000000 3799963
0.068664550781250 3800036
0.070434570312500 3799963
0.069274902343750 3800000
0.072265625000000 3800000
0.070556640625000 3799963
0.068420410156250 3800036
0.073242187500000 3799963
0.072021484375000 3800072
0.070739746093750 3799963
0.069885253906250 3800000
0.070678710937500 3800000
0.000000000000000 3800000
0.072448730468750 3800000
0.069763183593750 3800000
0.070678710937500 3800000
0.068176269531250 3800000
0.070800781250000 3800000
0.073242187500000 3800000
0.071472167968750 3800000
0.070373535156250 3800000
0.069335937500000 3799963
0.068603515625000 3800000
0.072143554687500 3800000
0.070190429687500 3800036
0.068847656250000 3800000
0.000000000000000 3800000
0.070983886718750 3800000
0.073608398437500 3800000
0.069335937500000 3800000
0.070983886718750 3799963
0.068603515625000 3800036
0.070251464843750 3800000
0.069885253906250 3800000
0.070922851562500 3800000
0.070861816406250 3800000
0.067749023437500 3800000
0.073608398437500 3800000
0.068664550781250 3800000
0.069335937500000 3800000
0.000000000000000 3799891
0.068725585937500 3800144
0.071350097656250 3799963
0.072326660156250 3800000
0.070251464843750 3800000
0.070983886718750 3799963
0.069091796875000 3800036
0.072326660156250 3800000
0.068603515625000 3800000
0.069274902343750 3800000
0.069824218750000 3800036
0.072204589843750 3799963
0.000000000000000 3800000
0.073364257812500 3800000
0.068298339843750 3800000
0.072021484375000 3800000
0.069763183593750 3800000
0.072448730468750 3800000
0.070739746093750 3800000
0.069641113281250 3799963
0.072265625000000 3800000
0.068603515625000 3800036
0.072509765625000 3800000
0.069519042968750 3800000
0.071289062500000 3800000
0.000000000000000 3800000
0.071899414062500 3800000
0.070800781250000 3800000
0.070678710937500 3800000
0.068481445312500 3800000
0.072509765625000 3800000
0.070495605468750 3800000
0.072387695312500 3800000
0.071594238281250 3800000
0.070129394531250 3800000
0.070312500000000 3800000
0.071105957031250 3800000
0.000000000000000 3800000
0.071533203125000 3800000
0.068481445312500 3800000
0.070922851562500 3800036
0.070861816406250 3799963
0.072021484375000 3799963
0.069946289062500 3800036
0.069519042968750 3800000
0.071289062500000 3800000
0.072143554687500 3800000
0.069885253906250 3800000
0.072448730468750 3800000
0.000000000000000 3800000
0.069030761718750 3800000
0.070434570312500 3800000
0.070678710937500 3800000
0.071655273437500 3800000
0.070129394531250 3799891
0.071289062500000 3800108
0.072753906250000 3800000
0.068847656250000 3800000
0.071960449218750 3800000
0.069335937500000 3799963
0.072204589843750 3800072
0.068847656250000 3799963
0.000000000000000 3800000
0.071350097656250 3800000
0.071899414062500 3800000
0.068969726562500 3799963
0.062438964843750 3800000
0.070556640625000 3800036
0.071594238281250 3800000
0.069824218750000 3800000
0.072998046875000 3800000
0.074707031250000 3799963
0.070312500000000 3800036
0.070312500000000 3800000
0.068969726562500 3800000
0.062316894531250 3800000
0.063476562500000 3800000
0.069641113281250 3799963
0.068481445312500 3800036
0.000000000000000 3800000
0.072387695312500 3800000
0.072204589843750 3800000
0.068725585937500 3800000
0.070739746093750 3800000
0.070007324218750 3800000
0.070556640625000 3800000
0.070251464843750 3800000
0.072204589843750 3800000
0.070861816406250 3800036
0.071350097656250 3799963
0.070861816406250 3799963
0.000000000000000 3800000
0.069641113281250 3799963
0.069763183593750 3800072
0.070983886718750 3800000
0.071594238281250 3800000
0.070312500000000 3799963
0.070312500000000 3800000
0.070678710937500 3800000
0.070007324218750 3800036
0.071044921875000 3800000
0.070190429687500 3800000
0.070800781250000 3800000
0.071411132812500 3800000
0.000000000000000 3800000
0.072570800781250 3800000
0.063232421875000 3800000
0.069885253906250 3800000
0.071350097656250 3799927
0.069519042968750 3800072
0.071350097656250 3799963
0.071594238281250 3800036
0.072631835937500 3800000
0.072326660156250 3800000
0.069213867187500 3800000
0.073181152343750 3799927
0.070007324218750 3800108
0.000000000000000 3799963
0.070068359375000 3800000
0.069030761718750 3799963
0.062683105468750 3800036
0.072448730468750 3800000
0.071655273437500 3800000
0.074218750000000 3800000
0.068969726562500 3800000
0.071777343750000 3800000
0.070678710937500 3800000
0.072814941406250 3799963
0.071105957031250 3800036
0.070922851562500 3800000
0.070007324218750 3799963
0.000000000000000 3800036
0.069396972656250 3800000
0.069763183593750 3800000
0.070190429687500 3800000
0.064453125000000 3800000
0.071899414062500 3800000
0.068908691406250 3800000
0.070251464843750 3800000
0.069274902343750 3799963
0.062683105468750 3800036
0.069885253906250 3800000
0.062133789062500 3800036
0.068237304687500 3799963
0.072021484375000 3800000
0.069763183593750 3800000
0.070068359375000 3800000
0.072143554687500 3800000
0.070556640625000 3800000
0.000000000000000 3800000
0.071472167968750 3799963
0.070312500000000 3800072
0.069396972656250 3799963
0.069335937500000 3800000
0.063110351562500 3800000
0.071472167968750 3800000
0.069885253906250 3800000
0.070373535156250 3800000
0.069641113281250 3800000
0.062744140625000 3800000
0.068603515625000 3800036
0.071289062500000 3799963
0.070312500000000 3800000
0.062438964843750 3800000
0.071166992187500 3800000
0.071228027343750 3800000
0.070068359375000 3799963
0.000000000000000 3800036
0.070373535156250 3799963
0.072204589843750 3800036
0.070739746093750 3800036
0.070312500000000 3799963
0.071960449218750 3800000
0.070434570312500 3800000
0.070739746093750 3800000
0.068786621093750 3800000
0.070312500000000 3800000
0.069641113281250 3800000
0.072387695312500 3800000
0.000000000000000 3800000
0.070739746093750 3799963
0.069213867187500 3800036
0.070617675781250 3800000
0.072265625000000 3800000
0.071166992187500 3800000
0.070800781250000 3799927
0.071777343750000 3800072
0.074279785156250 3800000
0.069885253906250 3800000
0.071228027343750 3800036
0.068725585937500 3799963
0.000000000000000 3799927
0.070312500000000 3800072
0.071105957031250 3800036
0.070861816406250 3799963
0.071105957031250 3799963
0.070373535156250 3800000
0.062927246093750 3800036
0.070861816406250 3799927
0.070312500000000 3800072
0.068542480468750 3800000
0.071838378906250 3800000
0.071105957031250 3799963
0.072814941406250 3800072
0.072143554687500 3799963
0.000000000000000 3800000
0.068542480468750 3800000
0.070373535156250 3800000
0.070190429687500 3799963
0.071533203125000 3800036
0.070190429687500 3800000
0.072143554687500 3800000
0.072143554687500 3799963
0.070190429687500 3800000
0.070800781250000 3800036
0.071289062500000 3800000
0.071166992187500 3799963
0.000000000000000 3800000
0.073425292968750 3800036
0.071350097656250 3800000
0.069763183593750 3800000
0.068664550781250 3800000
0.071838378906250 3799963
0.067626953125000 3800036
0.071716308593750 3800000
0.070556640625000 3800000
0.068542480468750 3799963
0.072265625000000 3800036
0.069519042968750 3799963
0.070617675781250 3799927
0.068969726562500 3800108
0.000000000000000 3800000
0.071472167968750 3800000
0.068908691406250 3799963
0.071655273437500 3800000
0.070983886718750 3800036
0.069213867187500 3800000
0.062866210937500 3800000
0.069335937500000 3800000
0.071838378906250 3800000
0.068237304687500 3800000
0.071899414062500 3800000
0.071594238281250 3800036
0.070068359375000 3799963
0.071044921875000 3800000
0.069641113281250 3800000
0.000000000000000 3800000
0.072204589843750 3800000
0.068786621093750 3800000
0.070312500000000 3800000
0.070861816406250 3800000
0.070129394531250 3799963
0.069763183593750 3800036
0.069946289062500 3799963
0.071655273437500 3800036
0.071350097656250 3800000
0.062866210937500 3800000
0.069274902343750 3799963
0.072204589843750 3800036
0.069885253906250 3800000
0.000000000000000 3800036
0.071228027343750 3799963
0.070190429687500 3800036
0.070861816406250 3799819
0.070312500000000 3800144
0.068969726562500 3800000
0.072631835937500 3800000
0.069885253906250 3800000
0.068176269531250 3800000
0.070983886718750 3800000
0.071105957031250 3800000
0.070190429687500 3800000
0.070556640625000 3800000
0.000000000000000 3800000
0.071777343750000 3800000
0.069213867187500 3800000
0.062133789062500 3800000
0.068908691406250 3800000
0.069091796875000 3799927
0.069335937500000 3800072
0.070983886718750 3800000
0.070495605468750 3800000
0.069274902343750 3800000
0.071411132812500 3800000
0.070190429687500 3799963
0.071838378906250 3800036
0.070983886718750 3800000
0.068847656250000 3800000
0.072937011718750 3800000
0.000000000000000 3800000
0.070983886718750 3800000
0.071166992187500 3800036
0.071044921875000 3799963
0.067871093750000 3800000
0.071350097656250 3800000
0.070800781250000 3800000
0.070556640625000 3800000
0.068603515625000 3800000
0.071838378906250 3799963
0.071899414062500 3800036
0.069152832031250 3800000
0.070434570312500 3706307
0.000000000000000 3799927
0.071228027343750 3800072
0.070983886718750 3800000
0.071777343750000 3800000
0.062561035156250 3800000
0.073852539062500 3800000
0.071777343750000 3800000
0.062377929687500 3799963
0.070556640625000 3800036
0.069458007812500 3799927
0.070190429687500 3800036
0.064025878906250 3800000
0.070922851562500 3800036
0.070983886718750 3800000
0.071655273437500 3800000
0.069885253906250 3799963
0.000000000000000 3800036
0.070678710937500 3800000
0.070251464843750 3800000
0.071472167968750 3800000
0.070007324218750 3800000
0.071594238281250 3800000
0.072082519531250 3800000
0.067871093750000 3800000
0.070983886718750 3800000
0.069030761718750 3800000
0.069458007812500 3800000
0.071533203125000 3799963
0.062561035156250 3799963
0.068359375000000 3800036
0.069885253906250 3800036
0.000000000000000 3799963
0.071472167968750 3800000
0.070190429687500 3800036
0.072204589843750 3800000
0.074523925781250 3800000
0.075256347656250 3800000
0.062438964843750 3800000
0.067321777343750 3799927
0.066284179687500 3800072
0.068664550781250 3800000
0.075195312500000 3800000
0.066955566406250 3799963
0.068542480468750 3800036
0.069458007812500 3800036
0.064880371093750 3799963
0.068298339843750 3800000
0.062744140625000 3800000
0.000000000000000 3800000
0.070861816406250 3800000
0.127319335937500 3800036
0.000000000000000 3799963
0.072326660156250 3800000
0.071594238281250 3800000
0.076293945312500 3800000
0.070678710937500 3800000
0.070739746093750 3800000
0.062622070312500 3800000
0.067443847656250 3800000
0.071472167968750 3800000
0.070190429687500 3800000
0.070861816406250 3800000
0.072204589843750 3800000
0.070617675781250 3800000
0.000000000000000 3800000
0.068725585937500 3800000
0.073608398437500 3800000
0.070129394531250 3800000
0.070373535156250 3800000
0.070678710937500 3799963
0.071777343750000 3800072
0.070678710937500 3799963
0.071350097656250 3800000
0.070678710937500 3799963
0.068664550781250 3800036
0.072326660156250 3800000
0.067504882812500 3800000
0.000000000000000 3800000
0.071838378906250 3800000
0.073791503906250 3800000
0.069519042968750 3800000
0.072814941406250 3799963
0.070556640625000 3800036
0.070617675781250 3800000
0.069396972656250 3800000
0.072143554687500 3800000
0.070678710937500 3800000
0.071533203125000 3800000
0.070190429687500 3799963
0.000000000000000 3800036
0.069885253906250 3800000
0.072021484375000 3800000
0.069580078125000 3800000
0.069824218750000 3800000
0.070007324218750 3800000
0.072998046875000 3800000
0.068542480468750 3799963
0.070190429687500 3800000
0.070800781250000 3800000
0.068847656250000 3800036
0.062561035156250 3800000
0.069030761718750 3799927
0.070800781250000 3800072
0.068725585937500 3799963
0.000000000000000 3800036
0.072753906250000 3800000
0.072204589843750 3800000
0.071472167968750 3800000
0.070678710937500 3799963
0.070556640625000 3800036
0.063659667968750 3800000
0.072448730468750 3799963
0.072448730468750 3800036
0.073852539062500 3800000
0.067199707031250 3800000
0.066101074218750 3800000
0.063232421875000 3799963
0.064331054687500 3800036
0.070373535156250 3800000
0.072814941406250 3800000
0.000000000000000 3799963
0.068603515625000 3800036
0.070556640625000 3800000
0.071594238281250 3800000
0.071411132812500 3800000
0.072448730468750 3800000
0.070312500000000 3800000
0.070556640625000 3800000
0.069091796875000 3800000
0.073608398437500 3800000
0.071472167968750 3799963
0.070800781250000 3800036
0.000000000000000 3800000
0.070617675781250 3799963
0.070861816406250 3800036
0.071777343750000 3800000
0.068115234375000 3800000
0.072814941406250 3799963
0.070556640625000 3800036
0.071777343750000 3800000
0.070068359375000 3800000
0.070068359375000 3800000
0.071166992187500 3799963
0.071716308593750 3800036
0.000000000000000 3800000
0.072021484375000 3800000
0.070068359375000 3800000
0.069458007812500 3800000
0.070312500000000 3799963
0.071228027343750 3800036
0.070739746093750 3800000
0.070190429687500 3800000
0.071411132812500 3800000
0.062438964843750 3800000
0.069824218750000 3800000
0.070373535156250 3800000
0.068237304687500 3799963
0.071655273437500 3800036
0.070861816406250 3800036
0.000000000000000 3799963
0.070556640625000 3800000
0.071350097656250 3799927
0.067871093750000 3800072
0.071655273437500 3800036
0.069702148437500 3799963
0.071899414062500 3800036
0.068603515625000 3799963
0.070739746093750 3800000
0.071777343750000 3799927
0.069458007812500 3800036
0.070251464843750 3800036
0.070678710937500 3800000
0.000000000000000 3800000
0.071105957031250 3799963
0.069763183593750 3800036
0.070800781250000 3800000
0.069274902343750 3800000
0.071228027343750 3800000
0.072265625000000 3800000
0.069396972656250 3800000
0.071044921875000 3799963
0.070068359375000 3800000
0.072692871093750 3800036
0.070678710937500 3800000
0.070922851562500 3800000
0.000000000000000 3800000
0.069824218750000 3800000
0.069274902343750 3800000
0.070861816406250 3800000
0.069458007812500 3799927
0.070739746093750 3800072
0.070617675781250 3800000
0.072509765625000 3799927
0.068969726562500 3800108
0.069091796875000 3799963
0.071105957031250 3800000
0.067810058593750 3800000
0.072204589843750 3800000
0.069458007812500 3800000
0.000000000000000 3799963
0.071472167968750 3800036
0.070373535156250 3800036
0.069885253906250 3799963
0.071289062500000 3800000
0.068847656250000 3800000
0.070495605468750 3800000
0.069885253906250 3800000
0.062072753906250 3800000
0.069091796875000 3800000
0.071350097656250 3800000
0.070678710937500 3800000
0.069824218750000 3800000
0.071472167968750 3800000
0.069396972656250 3800000
0.000000000000000 3800000
0.070983886718750 3800000
0.068420410156250 3800000
0.072753906250000 3800000
0.070739746093750 3800000
0.069641113281250 3799927
0.070678710937500 3800072
0.069274902343750 3800000
0.071655273437500 3800000
0.069885253906250 3800000
0.071350097656250 3800000
0.069641113281250 3800000
0.070800781250000 3799927
0.000000000000000 3800036
0.071228027343750 3800036
0.069396972656250 3800000
0.070861816406250 3800000
0.068664550781250 3800036
0.071777343750000 3799963
0.070190429687500 3800000
0.069519042968750 3800000
0.071594238281250 3800000
0.069274902343750 3800000
0.072204589843750 3800000
0.068969726562500 3800036
0.069396972656250 3799963
0.070922851562500 3800000
0.000000000000000 3800000
0.070007324218750 3799963
0.073791503906250 3800036
0.069763183593750 3800000
0.070068359375000 3800000
0.071777343750000 3800000
0.070495605468750 3800036
0.070434570312500 3799963
0.072082519531250 3800000
0.070434570312500 3800000
0.072265625000000 3800000
0.070495605468750 3800000
0.000000000000000 3800000
0.070556640625000 3800000
0.071472167968750 3800000
0.072998046875000 3800000
0.069641113281250 3800000
0.071228027343750 3800036
0.069213867187500 3799963
0.071960449218750 3800000
0.072692871093750 3799963
0.070678710937500 3800036
0.070251464843750 3800000
0.069946289062500 3800000
0.000000000000000 3799927
0.070800781250000 3800072
0.068237304687500 3800000
0.071655273437500 3800000
0.070129394531250 3799927
0.070495605468750 3800036
0.063171386718750 3800036
0.068969726562500 3800000
0.062438964843750 3800000
0.068603515625000 3800000
0.073120117187500 3800000
0.069091796875000 3800000
0.070556640625000 3799927
0.070739746093750 3800072
0.071350097656250 3800000
0.071960449218750 3800000
0.069213867187500 3800036
0.000000000000000 3799963
0.070739746093750 3799963
0.068237304687500 3800036
0.073608398437500 3800000
0.069763183593750 3800000
0.071105957031250 3800000
0.071594238281250 3800000
0.069030761718750 3800000
0.064392089843750 3800000
0.070556640625000 3800000
0.072692871093750 3799963
0.070922851562500 3800036
0.073608398437500 3799963
0.000000000000000 3800036
0.070861816406250 3800000
0.070922851562500 3800000
0.070434570312500 3800000
0.069213867187500 3800036
0.070373535156250 3799963
0.070556640625000 3800036
0.070556640625000 3799963
0.072753906250000 3777677
0.069458007812500 3688269
0.068664550781250 3700000
0.068359375000000 3688911
0.069396972656250 3689724
0.000000000000000 3688025
0.067810058593750 3689831
0.062011718750000 3687897
0.066955566406250 3699964
0.069946289062500 3684511
0.069824218750000 3693989
0.068725585937500 3694577
0.070617675781250 3693111
0.067321777343750 3700035
0.069519042968750 3690348
0.068176269531250 3683975
0.061828613281250 3700035
0.070617675781250 3700000
0.070983886718750 3699964
0.069152832031250 3700035
0.000000000000000 3699964
0.070556640625000 3700035
0.070251464843750 3699964
0.067260742187500 3700035
0.069824218750000 3699964
0.070068359375000 3700000
0.069580078125000 3700000
0.060974121093750 3693323
0.069580078125000 3700000
0.069335937500000 3699964
0.069458007812500 3700000
0.067810058593750 3699964
0.070739746093750 3696636
0.068603515625000 3700035
0.000000000000000 3700000
0.069213867187500 3699964
0.069458007812500 3700000
0.069274902343750 3700035
0.068237304687500 3692458
0.071289062500000 3694522
0.071594238281250 3683299
0.068420410156250 3695259
0.069458007812500 3699964
0.067687988281250 3696813
0.068786621093750 3683334
0.068603515625000 3694591
0.000000000000000 3683297
0.069824218750000 3694674
0.070495605468750 3692258
0.066284179687500 3699648
0.070312500000000 3683370
0.066589355468750 3694538
0.070190429687500 3688788
0.068298339843750 3689065
0.067321777343750 3683330
0.072937011718750 3694271
0.067749023437500 3699964
0.068420410156250 3689301
0.069641113281250 3683366
0.000000000000000 3692730
0.072265625000000 3688914
0.068420410156250 3689729
0.061157226562500 3687964
0.068298339843750 3700000
0.070373535156250 3684401
0.060852050781250 3683333
0.069030761718750 3687372
0.069763183593750 3700000
0.066894531250000 3693985
0.069946289062500 3699964
0.071228027343750 3699964
0.068847656250000 3700035
0.068420410156250 3699964
0.069091796875000 3700070
0.070495605468750 3700000
0.000000000000000 3699964
0.067016601562500 3700000
0.069580078125000 3691561
0.067993164062500 3697343
0.071716308593750 3691736
0.070312500000000 3686113
0.066467285156250 3700000
0.068420410156250 3688905
0.068603515625000 3692165
0.069641113281250 3695601
0.067871093750000 3692407
0.071411132812500 3694559
0.000000000000000 3683332
0.069274902343750 3685225
0.069274902343750 3700035
0.068847656250000 3688854
0.067504882812500 3692886
0.069580078125000 3684974
0.067504882812500 3700000
0.070617675781250 3687428
0.072631835937500 3683369
0.067871093750000 3695786
0.070251464843750 3693224
0.070678710937500 3694585
0.067443847656250 3683336
0.000000000000000 3694523
0.068359375000000 3689873
0.068298339843750 3688225
0.071105957031250 3683298
0.069213867187500 3694614
0.067932128906250 3689252
0.067626953125000 3700000
0.069335937500000 3694355
0.068664550781250 3699566
0.068176269531250 3700035
0.067504882812500 3699964
0.070678710937500 3700035
0.068237304687500 3700000
0.000000000000000 3699964
0.070068359375000 3700000
0.069152832031250 3700035
0.067016601562500 3700000
0.067749023437500 3700000
0.068298339843750 3700000
0.071411132812500 3684105
0.070983886718750 3693509
0.066894531250000 3700000
0.068481445312500 3690153
0.070129394531250 3694559
0.069030761718750 3683334
0.066955566406250 3683332
0.070068359375000 3692710
0.000000000000000 3685179
0.067687988281250 3692408
0.068786621093750 3699964
0.069641113281250 3694735
0.068786621093750 3683332
0.069030761718750 3692100
0.069091796875000 3688614
0.069091796875000 3700000
0.070678710937500 3697864
0.067077636718750 3700000
0.071105957031250 3699964
0.067810058593750 3700035
0.068969726562500 3700000
0.000000000000000 3699964
0.067016601562500 3700035
0.068481445312500 3700000
0.071533203125000 3699964
0.067321777343750 3700000
0.069519042968750 3700035
0.066894531250000 3692749
0.071228027343750 3684987
0.066833496093750 3700000
0.071533203125000 3687406
0.071105957031250 3690312
0.066284179687500 3700000
0.062316894531250 3700000
0.068908691406250 3700000
0.000000000000000 3700035
0.070800781250000 3699030
0.067932128906250 3689838
0.069458007812500 3688160
0.071228027343750 3683330
0.066345214843750 3695043
0.070251464843750 3700000
0.067199707031250 3699894
0.072204589843750 3700070
0.066528320312500 3696942
0.067565917968750 3689052
0.067871093750000 3688805
0.070739746093750 3697805
0.000000000000000 3700000
0.067749023437500 3687123
0.067565917968750 3683366
0.069458007812500 3699325
0.067626953125000 3696612
0.070800781250000 3683334
0.068298339843750 3690296
0.069335937500000 3683369
0.068054199218750 3683295
0.070739746093750 3694621
0.070068359375000 3692683
0.069091796875000 3696371
0.070129394531250 3683334
0.000000000000000 3683333
0.128356933593750 3692351
0.000000000000000 3689664
0.070251464843750 3700035
0.068359375000000 3696747
0.070617675781250 3692125
0.067565917968750 3688862
0.072204589843750 3700035
0.070312500000000 3688889
0.070251464843750 3700000
0.069580078125000 3697393
0.069396972656250 3691480
0.070190429687500 3686412
0.067016601562500 3694477
0.000000000000000 3697675
0.068481445312500 3683336
0.068420410156250 3685387
0.068664550781250 3700035
0.070068359375000 3688945
0.069091796875000 3699964
0.068359375000000 3688909
0.069091796875000 3700035
0.068176269531250 3687157
0.068298339843750 3683331
0.068420410156250 3696129
0.072509765625000 3696455
0.068725585937500 3698667
0.000000000000000 3692085
0.069458007812500 3688934
0.066955566406250 3700035
0.061218261718750 3697308
0.069091796875000 3693414
0.068786621093750 3694647
0.067321777343750 3689688
0.068664550781250 3699360
0.072509765625000 3683333
0.067932128906250 3683368
0.068420410156250 3689170
0.068664550781250 3699964
0.069274902343750 3700035
0.069824218750000 3700000
0.069824218750000 3699964
0.000000000000000 3700035
0.069946289062500 3699340
0.067077636718750 3683296
0.061157226562500 3694564
0.067077636718750 3693968
0.068664550781250 3695076
0.068054199218750 3683334
0.071899414062500 3688200
0.071166992187500 3700000
0.067749023437500 3699383
0.068481445312500 3696578
0.068603515625000 3700000
0.061340332031250 3700000
0.067382812500000 3695770
0.069335937500000 3693142
0.066894531250000 3688962
0.067993164062500 3699964
0.000000000000000 3700035
0.070678710937500 3699964
0.067443847656250 3700035
0.068603515625000 3691988
0.069519042968750 3687055
0.071472167968750 3700035
0.067016601562500 3690784
0.069213867187500 3700000
0.069702148437500 3700000
0.067382812500000 3700000
0.069091796875000 3700000
0.069885253906250 3700000
0.068664550781250 3700000
0.000000000000000 3695006
0.068176269531250 3697444
0.070129394531250 3700000
0.071105957031250 3688968
0.067382812500000 3700000
0.068847656250000 3686356
0.067871093750000 3683331
0.069274902343750 3696745
0.067199707031250 3700035
0.070495605468750 3688819
0.070800781250000 3699964
0.068542480468750 3700000
0.069885253906250 3700000
0.000000000000000 3700000
0.067260742187500 3693043
0.070678710937500 3695305
0.068298339843750 3693838
0.069824218750000 3686673
0.069641113281250 3693970
0.068298339843750 3694962
0.069519042968750 3700000
0.070434570312500 3699770
0.069274902343750 3689096
0.069152832031250 3699897
0.068115234375000 3683365
0.068359375000000 3694532
0.000000000000000 3699964
0.070983886718750 3689108
0.068969726562500 3688705
0.066833496093750 3689225
0.070983886718750 3699550
0.069091796875000 3700035
0.070861816406250 3688944
0.067504882812500 3689562
0.068664550781250 3688162
0.067749023437500 3697173
0.070190429687500 3695451
0.069213867187500 3686868
0.068481445312500 3698983
0.069274902343750 3700000
0.000000000000000 3699964
0.070312500000000 3700035
0.070739746093750 3700000
0.069763183593750 3700035
0.068115234375000 3699964
0.069335937500000 3691773
0.061645507812500 3697830
0.072021484375000 3691268
0.068664550781250 3686247
0.070007324218750 3696468
0.071166992187500 3700000
0.068237304687500 3700000
0.069580078125000 3699964
0.067138671875000 3699964
0.000000000000000 3696387
0.069458007812500 3700000
0.070983886718750 3700000
0.070373535156250 3700000
0.070556640625000 3700000
0.066528320312500 3700000
0.071105957031250 3693115
0.067626953125000 3699964
0.070983886718750 3700000
0.067565917968750 3700035
0.069885253906250 3699964
0.069519042968750 3700035
0.071716308593750 3700000
0.000000000000000 3699964
0.069824218750000 3700000
0.067260742187500 3700035
0.070922851562500 3700000
0.068420410156250 3700000
0.069519042968750 3700000
0.068420410156250 3699964
0.070983886718750 3700035
0.070983886718750 3699964
0.069335937500000 3700035
0.068176269531250 3698483
0.067932128906250 3700000
0.071228027343750 3699964
0.000000000000000 3700035
0.067565917968750 3696469
0.069274902343750 3693543
0.070251464843750 3700035
0.067687988281250 3689940
0.070068359375000 3683367
0.068237304687500 3693273
0.070190429687500 3699964
0.067504882812500 3690421
0.069763183593750 3683298
0.069213867187500 3692866
0.069213867187500 3698886
0.067932128906250 3693067
0.067810058593750 3688820
0.000000000000000 3691169
0.071777343750000 3694572
0.068481445312500 3686868
0.069030761718750 3686414
0.067932128906250 3700000
0.068725585937500 3685963
0.069274902343750 3683331
0.068603515625000 3697340
0.070800781250000 3700000
0.066650390625000 3686354
0.070678710937500 3691419
0.068664550781250 3700000
0.067138671875000 3692109
0.000000000000000 3694591
0.069824218750000 3695596
0.068481445312500 3698582
0.068603515625000 3699964
0.068481445312500 3700000
0.067260742187500 3700000
0.070312500000000 3700000
0.069213867187500 3700035
0.070129394531250 3700000
0.068237304687500 3699964
0.070068359375000 3700035
0.068481445312500 3699929
0.070190429687500 3700070
0.000000000000000 3700000
0.070922851562500 3699964
0.067810058593750 3700000
0.070007324218750 3700000
0.069335937500000 3700000
0.069763183593750 3700000
0.068603515625000 3698136
0.070190429687500 3683920
0.072204589843750 3700000
0.068969726562500 3700000
0.067382812500000 3699964
0.068847656250000 3697665
0.000000000000000 3683333
0.069763183593750 3694484
0.069030761718750 3689069
0.069702148437500 3696688
0.070861816406250 3694509
0.068176269531250 3694366
0.070739746093750 3694653
0.067871093750000 3694229
0.070678710937500 3700000
0.068908691406250 3689267
0.069946289062500 3694578
0.070678710937500 3683295
0.066955566406250 3699536
0.000000000000000 3700000
0.071228027343750 3684008
0.066101074218750 3693727
0.061645507812500 3684129
0.067871093750000 3683297
0.068969726562500 3699131
0.069458007812500 3689913
0.070068359375000 3698974
0.072021484375000 3700035
0.068481445312500 3700000
0.070251464843750 3699964
0.067810058593750 3700000
0.072204589843750 3693113
0.067993164062500 3688940
0.070678710937500 3699964
0.000000000000000 3696198
0.069885253906250 3683369
0.067626953125000 3683334
0.071228027343750 3683331
0.067810058593750 3683336
0.068542480468750 3692266
0.067260742187500 3700000
0.070922851562500 3691301
0.071166992187500 3683299
0.068237304687500 3691925
0.070068359375000 3685963
0.068847656250000 3691811
0.071166992187500 3700000
0.069091796875000 3700035
0.000000000000000 3697464
0.070556640625000 3683367
0.071044921875000 3696892
0.068725585937500 3700000
0.072448730468750 3699964
0.067626953125000 3700000
0.069335937500000 3700035
0.069152832031250 3699964
0.070556640625000 3700035
0.070556640625000 3692647
0.069580078125000 3694603
0.070190429687500 3683226
0.000000000000000 3694640
0.070068359375000 3683263
0.070190429687500 3683404
0.068237304687500 3683260
0.281311035156250 3696004
0.067749023437500 3691328
0.068969726562500 3697505
0.068176269531250 3699964
0.000000000000000 3700000
0.069946289062500 3700035
0.069519042968750 3699964
0.067687988281250 3688327
0.071105957031250 3697087
0.061340332031250 3699964
0.069702148437500 3688944
0.066589355468750 3692226
0.069702148437500 3683295
0.067626953125000 3683336
0.071228027343750 3693697
0.068420410156250 3699964
0.069030761718750 3700000
0.070434570312500 3700035
0.000000000000000 3695921
0.070251464843750 3695887
0.069824218750000 3641952
0.068786621093750 3683333
0.070617675781250 3694595
0.071594238281250 3689649
0.070800781250000 3700000
0.071228027343750 3700035
0.070434570312500 3699964
0.071105957031250 3694055
0.070556640625000 3697793
0.068847656250000 3696568
0.000000000000000 3700000
0.069702148437500 3700000
0.069519042968750 3700000
0.070312500000000 3696566
0.069213867187500 3694482
0.068481445312500 3688665
0.070434570312500 3696562
0.070861816406250 3700035
0.061950683593750 3699964
0.069885253906250 3700035
0.060729980468750 3699964
0.068359375000000 3695217
0.061462402343750 3683333
0.067016601562500 3699113
0.070373535156250 3700035
0.068176269531250 3699964
0.060729980468750 3697961
0.072082519531250 3700000
0.000000000000000 3690559
0.070739746093750 3698353
0.068725585937500 3690642
0.066772460937500 3683334
0.060668945312500 3683330
0.068725585937500 3690324
0.068481445312500 3687343
0.068664550781250 3693562
0.069335937500000 3695970
0.071350097656250 3700000
0.069152832031250 3700035
0.069213867187500 3699964
0.068359375000000 3700000
0.069763183593750 3700000
0.069885253906250 3696621
0.000000000000000 3700000
0.068237304687500 3700000
0.070983886718750 3700035
0.068664550781250 3692004
0.061401367187500 3696866
0.067810058593750 3700000
0.061889648437500 3688924
0.067626953125000 3693132
0.070251464843750 3700000
0.068603515625000 3700000
0.069213867187500 3700000
0.069641113281250 3700000
0.067504882812500 3693563
0.070617675781250 3690085
0.067687988281250 3687806
0.061584472656250 3689946
0.069885253906250 3688774
0.000000000000000 3700035
0.070129394531250 3700000
0.071472167968750 3700035
0.069274902343750 3700000
0.069396972656250 3699964
0.068237304687500 3700000
0.070495605468750 3694245
0.067138671875000 3694497
0.070495605468750 3689051
0.067260742187500 3688959
0.070190429687500 3688726
0.060791015625000 3700000
0.068542480468750 3699964
0.069519042968750 3689407
0.067382812500000 3683333
0.000000000000000 3683366
0.069763183593750 3692145
0.068481445312500 3683332
0.067749023437500 3698717
0.071777343750000 3700000
0.068298339843750 3688941
0.062316894531250 3699964
0.065979003906250 3700035
0.071228027343750 3690626
0.068786621093750 3694627
0.070495605468750 3693167
0.072631835937500 3700000
0.067810058593750 3697327
0.069519042968750 3699964
0.000000000000000 3695739
0.070983886718750 3694610
0.061950683593750 3700035
0.067749023437500 3700000
0.068603515625000 3697339
0.068603515625000 3697651
0.069213867187500 3700035
0.069152832031250 3698028
0.067260742187500 3683294
0.070617675781250 3688359
0.067504882812500 3693050
0.071228027343750 3696168
0.069396972656250 3700000
0.069335937500000 3699964
0.000000000000000 3700035
0.069885253906250 3698521
0.067138671875000 3693878
0.070922851562500 3695219
0.068359375000000 3699964
0.069580078125000 3688331
0.069091796875000 3699170
0.071044921875000 3699964
0.068908691406250 3700000
0.068786621093750 3699779
0.070251464843750 3691176
0.070861816406250 3690271
0.000000000000000 3689347
0.071472167968750 3698726
0.068969726562500 3690649
0.069396972656250 3700000
0.069946289062500 3700035
0.069458007812500 3695648
0.069152832031250 3686847
0.067871093750000 3700000
0.068786621093750 3700000
0.068664550781250 3700000
0.071350097656250 3684102
0.069946289062500 3696060
0.067016601562500 3699964
0.000000000000000 3700000
0.069824218750000 3700000
0.069580078125000 3700035
0.069519042968750 3699964
0.068115234375000 3700035
0.070251464843750 3699929
0.069519042968750 3697918
0.069702148437500 3698694
0.067260742187500 3700000
0.069763183593750 3700000
0.068054199218750 3700000
0.069641113281250 3700000
0.068664550781250 3700000
0.000000000000000 3700035
0.069763183593750 3683709
0.068969726562500 3683336
0.070129394531250 3683295
0.068481445312500 3696806
0.070373535156250 3700000
0.068725585937500 3699929
0.072570800781250 3696302
0.070800781250000 3696836
0.068908691406250 3692382
0.068847656250000 3698758
0.067749023437500 3700018
0.069641113281250 3683330
0.000000000000000 3694075
0.069763183593750 3700000
0.070007324218750 3695342
0.069458007812500 3700000
0.066833496093750 3699964
0.070800781250000 3688963
0.067382812500000 3699964
0.070068359375000 3688495
0.067382812500000 3689350
0.071472167968750 3688932
0.062255859375000 3700000
0.068542480468750 3699799
0.068725585937500 3689170
0.066711425781250 3700000
0.061523437500000 3699964
0.066345214843750 3700035
0.000000000000000 3699964
0.068664550781250 3700035
0.069946289062500 3699929
0.069885253906250 3700035
0.072570800781250 3699964
0.067565917968750 3700070
0.068969726562500 3699964
0.068603515625000 3700000
0.070190429687500 3700000
0.066955566406250 3700000
0.069396972656250 3700035
0.069946289062500 3699964
0.067443847656250 3700035
0.000000000000000 3699964
0.071105957031250 3700035
0.068481445312500 3700000
0.070617675781250 3699894
0.067138671875000 3700105
0.070556640625000 3684720
0.071350097656250 3683295
0.068847656250000 3687455
0.071411132812500 3700000
0.067749023437500 3700035
0.062011718750000 3700000
0.070007324218750 3699964
0.060791015625000 3700035
0.069885253906250 3700000
0.071716308593750 3700000
0.000000000000000 3698351
0.068908691406250 3699964
0.067626953125000 3700035
0.070678710937500 3699964
0.069091796875000 3699964
0.070129394531250 3691406
0.070678710937500 3697138
0.071472167968750 3700000
0.068176269531250 3700000
0.068969726562500 3700035
0.069519042968750 3695912
0.068969726562500 3700000
0.000000000000000 3700000
0.071105957031250 3700035
0.071350097656250 3699964
0.064880371093750 3696621
0.070251464843750 3694423
0.067199707031250 3692611
0.070373535156250 3694560
0.071472167968750 3683365
0.073242187500000 3698202
0.073608398437500 3700000
0.065124511718750 3698578
0.000000000000000 3683334
0.067687988281250 3694503
0.065063476562500 3700070
0.072998046875000 3691498
0.067382812500000 3690036
0.068176269531250 3694832
0.069213867187500 3683331
0.069824218750000 3695861
0.064880371093750 3700000
0.071838378906250 3700000
0.065246582031250 3700035
0.066345214843750 3699929
0.069152832031250 3694154
0.076049804687500 3694793
0.000000000000000 3700000
0.072021484375000 3700000
0.064880371093750 3694415
0.064025878906250 3689426
0.071289062500000 3700035
0.066101074218750 3699664
0.071838378906250 3690257
0.072326660156250 3700070
0.062011718750000 3683891
0.070434570312500 3683331
0.069519042968750 3694558
0.069091796875000 3693723
0.069763183593750 3695408
0.060791015625000 3683335
0.069091796875000 3572383
0.069213867187500 3690154
0.061096191406250 3690053
0.061889648437500 3700105
0.069152832031250 3699964
0.000000000000000 3700000
0.131225585937500 3696300
0.000000000000000 3692591
0.069580078125000 3700035
0.067993164062500 3699964
0.069030761718750 3700000
0.070739746093750 3699624
0.067504882812500 3700070
0.070251464843750 3700070
0.070190429687500 3699929
0.068237304687500 3700070
0.070373535156250 3699929
0.069030761718750 3700035
0.069824218750000 3700000
0.000000000000000 3700035
0.068969726562500 3700000
0.070678710937500 3691990
0.068359375000000 3694611
0.070007324218750 3691128
0.067138671875000 3700000
0.068176269531250 3699894
0.068481445312500 3690099
0.070190429687500 3687728
0.070312500000000 3685068
0.070251464843750 3692862
0.069152832031250 3699664
0.069763183593750 3700000
0.000000000000000 3699964
0.069885253906250 3700035
0.070312500000000 3699964
0.067932128906250 3699964
0.067810058593750 3688945
0.071533203125000 3693533
0.069091796875000 3695364
0.071411132812500 3683366
0.062255859375000 3683333
0.070800781250000 3696639
0.071472167968750 3700000
0.061584472656250 3695389
0.068725585937500 3700000
0.061340332031250 3700000
0.074401855468750 3700035
0.061950683593750 3700000
0.063903808593750 3700000
0.063354492187500 3699964
0.065734863281250 3700000
0.000000000000000 3700000
0.071594238281250 3700000
0.068603515625000 3700035
0.068420410156250 3699964
0.069763183593750 3700035
0.070983886718750 3699964
0.067810058593750 3700035
0.069030761718750 3700000
0.068908691406250 3700000
0.070190429687500 3689503
0.069824218750000 3687853
0.072570800781250 3700000
0.000000000000000 3700035
0.069213867187500 3700000
0.067932128906250 3700000
0.071289062500000 3700000
0.069396972656250 3696093
0.068725585937500 3692812
0.067382812500000 3696168
0.070861816406250 3692740
0.070678710937500 3688836
0.067260742187500 3700000
0.068115234375000 3698181
0.069213867187500 3697390
0.060974121093750 3696749
0.070922851562500 3690485
0.000000000000000 3683298
0.070434570312500 3691787
0.071838378906250 3686548
0.070861816406250 3698237
0.062194824218750 3691855
0.067504882812500 3700035
0.067504882812500 3697662
0.067504882812500 3691245
0.071350097656250 3700000
0.067626953125000 3692269
0.070251464843750 3683332
0.070434570312500 3691001
0.067932128906250 3698061
0.061340332031250 3683302
0.067993164062500 3685187
0.069519042968750 3692740
0.000000000000000 3694531
0.067321777343750 3683336
0.072082519531250 3693570
0.070617675781250 3700035
0.067565917968750 3699964
0.069763183593750 3700000
0.066711425781250 3699964
0.071166992187500 3700035
0.067260742187500 3700000
0.070556640625000 3700000
0.072143554687500 3700000
0.069274902343750 3700035
0.068969726562500 3699964
0.000000000000000 3700035
0.068786621093750 3700000
0.071716308593750 3700000
0.067443847656250 3700000
0.069824218750000 3700000
0.070800781250000 3700000
0.066772460937500 3700000
0.069946289062500 3688872
0.067626953125000 3694487
0.070617675781250 3683261
0.067871093750000 3700018
0.069702148437500 3696793
0.069458007812500 3698587
0.000000000000000 3700000
0.070617675781250 3688966
0.066162109375000 3689684
0.067016601562500 3697890
0.068725585937500 3700035
0.067810058593750 3700000
0.070373535156250 3699964
0.067993164062500 3700000
0.071838378906250 3700000
0.070129394531250 3700035
0.069641113281250 3699964
0.069091796875000 3697466
0.066894531250000 3700000
0.000000000000000 3688944
0.068115234375000 3691008
0.069335937500000 3696532
0.071655273437500 3691111
0.069519042968750 3686308
0.068359375000000 3691629
0.070251464843750 3697248
0.071166992187500 3691942
0.069519042968750 3697398
0.068908691406250 3699964
0.069763183593750 3697748
0.069335937500000 3683366
0.000000000000000 3683299
0.071350097656250 3691106
0.070434570312500 3694555
0.067016601562500 3700070
0.069458007812500 3700000
0.071960449218750 3699893
0.066589355468750 3700070
0.069519042968750 3700035
0.068542480468750 3699964
0.071350097656250 3700035
0.068603515625000 3699964
0.068847656250000 3700000
0.066955566406250 3700000
0.000000000000000 3700035
0.069213867187500 3699964
0.068481445312500 3700000
0.067810058593750 3700000
0.069152832031250 3700035
0.068664550781250 3686945
0.067932128906250 3693963
0.068786621093750 3683896
0.070739746093750 3699964
0.070373535156250 3700000
0.067321777343750 3700035
0.069763183593750 3699859
0.066894531250000 3700070
0.069702148437500 3699887
0.000000000000000 3689058
0.067565917968750 3688937
0.068420410156250 3699964
0.072509765625000 3700000
0.069702148437500 3700035
0.068969726562500 3699964
0.067810058593750 3697566
0.070983886718750 3694210
0.068054199218750 3683717
0.067749023437500 3694025
0.070251464843750 3697642
0.068847656250000 3700000
0.071533203125000 3696163
0.067626953125000 3699964
0.000000000000000 3684419
0.069213867187500 3683263
0.067260742187500 3683403
0.071655273437500 3693198
0.071228027343750 3688933
0.067993164062500 3700000
0.069335937500000 3700035
0.068542480468750 3699929
0.061950683593750 3700070
0.066589355468750 3699929
0.069091796875000 3700035
0.070190429687500 3700000
0.071044921875000 3688911
0.069885253906250 3700000
0.000000000000000 3696612
0.069519042968750 3683296
0.071105957031250 3694554
0.067932128906250 3692144
0.069946289062500 3700035
0.068725585937500 3699964
0.071655273437500 3697226
0.070739746093750 3691686
0.069274902343750 3695533
0.068115234375000 3692290
0.066589355468750 3685450
0.069213867187500 3700035
0.067932128906250 3698122
0.000000000000000 3690792
0.069641113281250 3700035
0.071105957031250 3700000
0.067993164062500 3698385
0.068847656250000 3689356
0.071655273437500 3683332
0.068481445312500 3689959
0.068786621093750 3699964
0.067993164062500 3698631
0.070800781250000 3700000
0.070556640625000 3700000
0.069030761718750 3700000
0.000000000000000 3699964
0.067504882812500 3696582
0.068298339843750 3700035
0.070617675781250 3699964
0.070190429687500 3700000
0.070007324218750 3700035
0.070922851562500 3700000
0.069152832031250 3700000
0.071105957031250 3699964
0.068847656250000 3700000
0.069335937500000 3700035
0.069274902343750 3699964
0.000000000000000 3699964
0.071044921875000 3700035
0.068603515625000 3700000
0.068420410156250 3699790
0.067199707031250 3694459
0.069885253906250 3683299
0.068359375000000 3694508
0.069030761718750 3697111
0.068542480468750 3696561
0.067626953125000 3700035
0.073669433593750 3699964
0.067565917968750 3690400
0.068908691406250 3698977
0.069885253906250 3700000
0.000000000000000 3685027
0.071899414062500 3683366
0.062561035156250 3686715
0.068359375000000 3699964
0.068176269531250 3685659
0.069458007812500 3683335
0.071655273437500 3694608
0.068054199218750 3683295
0.069335937500000 3686018
0.070068359375000 3700000
0.068847656250000 3688867
0.061584472656250 3699964
0.067504882812500 3692025
0.069824218750000 3692081
0.068237304687500 3685328
0.063598632812500 3699964
0.070373535156250 3700000
0.000000000000000 3700000
0.070678710937500 3700000
0.069091796875000 3699964
0.070495605468750 3700035
0.071289062500000 3699964
0.066772460937500 3700070
0.072448730468750 3699964
0.067260742187500 3700000
0.061584472656250 3693598
0.069946289062500 3684237
0.068664550781250 3699964
0.071166992187500 3699341
0.067443847656250 3689466
0.061889648437500 3688894
0.000000000000000 3693963
0.068847656250000 3683332
0.069519042968750 3683332
0.069152832031250 3694781
0.069824218750000 3695305
0.071716308593750 3683297
0.067687988281250 3699856
0.068359375000000 3700000
0.067321777343750 3689327
0.071838378906250 3692805
0.067260742187500 3700035
0.070007324218750 3697189
0.069396972656250 3683372
0.000000000000000 3692719
0.069335937500000 3700000
0.070068359375000 3700035
0.068908691406250 3699964
0.067810058593750 3700000
0.066894531250000 3696643
0.072326660156250 3692300
0.068908691406250 3688889
0.067016601562500 3700000
0.069824218750000 3694228
0.070312500000000 3691927
0.069885253906250 3697052
0.000000000000000 3700000
0.069641113281250 3700035
0.072387695312500 3699964
0.061340332031250 3700035
0.068725585937500 3700000
0.069641113281250 3700000
0.068481445312500 3699964
0.069580078125000 3686776
0.067810058593750 3683336
0.069030761718750 3696494
0.069091796875000 3700000
0.068298339843750 3700000
0.069580078125000 3700000
0.070373535156250 3700000
0.067993164062500 3700000
0.067871093750000 3700000
0.000000000000000 3700000
0.069458007812500 3700035
0.074279785156250 3699964
0.070495605468750 3698980
0.071166992187500 3700000
0.067687988281250 3700000
0.069030761718750 3700000
0.071655273437500 3700000
0.068237304687500 3700000
0.070007324218750 3699964
0.067932128906250 3700000
0.000000000000000 3700000
0.071166992187500 3700035
0.069885253906250 3700000
0.069030761718750 3699964
0.068420410156250 3700035
0.070007324218750 3699964
0.071350097656250 3688939
0.067993164062500 3700000
0.071044921875000 3695145
0.068847656250000 3694831
0.070800781250000 3697171
0.070007324218750 3699445
0.000000000000000 3689946
0.071105957031250 3696679
0.069885253906250 3699964
0.070922851562500 3684624
0.060974121093750 3683331
0.069030761718750 3698663
0.071411132812500 3700000
0.066284179687500 3696189
0.061706542968750 3692780
0.069396972656250 3699964
0.060974121093750 3690739
0.071350097656250 3691368
0.067382812500000 3691535
0.061645507812500 3683334
0.067504882812500 3690318
0.070373535156250 3683330
0.070007324218750 3683333
0.061401367187500 3694512
0.068481445312500 3683333
0.069641113281250 3697361
0.000000000000000 3691684
0.068908691406250 3683334
0.067810058593750 3683368
0.071350097656250 3696583
0.068237304687500 3699964
0.068054199218750 3700035
0.069519042968750 3699894
0.072204589843750 3700105
0.068542480468750 3693076
0.067260742187500 3700000
0.069946289062500 3700035
0.068908691406250 3700000
0.070556640625000 3698445
0.000000000000000 3684772
0.068908691406250 3693202
0.068725585937500 3684570
0.069030761718750 3699448
0.069274902343750 3699964
0.069519042968750 3693588
0.067138671875000 3695287
0.069641113281250 3700000
0.069641113281250 3700000
0.060668945312500 3697657
0.070373535156250 3694990
0.069519042968750 3700000
0.069274902343750 3688689
0.070129394531250 3683334
0.068603515625000 3694563
0.000000000000000 3700035
0.068359375000000 3691005
0.069213867187500 3696143
0.069274902343750 3700000
0.060852050781250 3696009
0.073669433593750 3700000
0.069580078125000 3684186
0.069274902343750 3693577
0.070617675781250 3699964
0.069946289062500 3690043
0.069152832031250 3687404
0.071655273437500 3690456
0.069946289062500 3697976
0.000000000000000 3692611
0.070251464843750 3700035
0.068420410156250 3699964
0.067260742187500 3700035
0.070007324218750 3699964
0.068908691406250 3700035
0.069763183593750 3699964
0.070312500000000 3700000
0.068115234375000 3700035
0.067993164062500 3697788
0.070129394531250 3683804
0.068908691406250 3688216
0.068908691406250 3700035
0.000000000000000 3700000
0.069335937500000 3692938
0.070068359375000 3697119
0.068298339843750 3693089
0.069213867187500 3698044
0.067810058593750 3686347
0.070129394531250 3694559
0.068054199218750 3689786
0.068847656250000 3688885
0.071044921875000 3699964
0.068908691406250 3699964
0.070495605468750 3700035
0.067016601562500 3700035
0.000000000000000 3700000
0.069335937500000 3699964
0.067993164062500 3700035
0.067687988281250 3699964
0.071105957031250 3700000
0.067626953125000 3688861
0.069946289062500 3683331
0.067749023437500 3683336
0.062011718750000 3692224
0.069091796875000 3695317
0.061096191406250 3700000
0.067504882812500 3689369
0.070251464843750 3699537
0.070983886718750 3689542
0.067626953125000 3698748
0.070129394531250 3700000
0.000000000000000 3696556
0.069152832031250 3695044
0.070190429687500 3699205
0.067932128906250 3699964
0.069030761718750 3700035
0.068359375000000 3699929
0.066772460937500 3700035
0.070922851562500 3690269
0.066772460937500 3687490
0.069641113281250 3700000
0.066467285156250 3699964
0.071472167968750 3700035
0.066101074218750 3688606
0.000000000000000 3692638
0.071044921875000 3685267
0.069396972656250 3683365
0.067871093750000 3694563
0.060791015625000 3692399
0.068542480468750 3688855
0.069763183593750 3700000
0.070312500000000 3700000
0.067993164062500 3699929
0.072937011718750 3700105
0.069641113281250 3694132
0.067687988281250 3697379
0.069519042968750 3700000
0.060974121093750 3688944
0.067932128906250 3692906
0.068969726562500 3700035
0.000000000000000 3699964
0.067199707031250 3700000
0.068725585937500 3700035
0.060668945312500 3686706
0.066650390625000 3695079
0.069885253906250 3700000
0.069335937500000 3700035
0.070678710937500 3696322
0.071594238281250 3700000
0.069396972656250 3700000
0.068969726562500 3700000
0.069152832031250 3698024
0.069458007812500 3690184
0.068054199218750 3688911
0.000000000000000 3686423
0.070129394531250 3684469
0.067443847656250 3699964
0.060974121093750 3687992
0.068908691406250 3691958
0.068542480468750 3695605
0.069641113281250 3683435
0.067565917968750 3683335
0.069641113281250 3692026
0.068359375000000 3696915
0.068786621093750 3700000
0.068542480468750 3700035
0.072937011718750 3700000
0.070007324218750 3688810
0.068420410156250 3688964
0.000000000000000 3699964
0.068359375000000 3699964
0.069702148437500 3695813
0.061218261718750 3688941
0.068603515625000 3699964
0.067932128906250 3700000
0.072204589843750 3700000
0.068542480468750 3700000
0.061523437500000 3700035
0.066589355468750 3700000
0.069519042968750 3699964
0.067565917968750 3700000
0.069946289062500 3690235
0.067016601562500 3698876
0.069152832031250 3690345
0.071716308593750 3687358
0.000000000000000 3700035
0.068542480468750 3685006
0.069335937500000 3698292
0.069763183593750 3700000
0.067993164062500 3693889
0.069763183593750 3686864
0.070861816406250 3700000
0.071228027343750 3696688
0.067016601562500 3692243
0.069702148437500 3688912
0.069458007812500 3691339
0.069213867187500 3697571
0.068115234375000 3691530
0.000000000000000 3694596
0.070312500000000 3685690
0.071533203125000 3700035
0.068725585937500 3700000
0.067626953125000 3696712
0.068359375000000 3691419
0.069580078125000 3700035
0.067504882812500 3693027
0.070861816406250 3697872
0.069763183593750 3699871
0.070556640625000 3699964
0.068725585937500 3700035
0.000000000000000 3699964
0.068237304687500 3700035
0.069152832031250 3699964
0.068115234375000 3700035
0.069396972656250 3699964
0.061096191406250 3699964
0.069641113281250 3700035
0.068176269531250 3694186
0.068786621093750 3700000
0.068664550781250 3693293
0.070251464843750 3695637
0.068847656250000 3700035
0.069824218750000 3688001
0.066894531250000 3700000
0.000000000000000 3700035
0.070068359375000 3693964
0.069641113281250 3683931
0.069824218750000 3700000
0.067077636718750 3688939
0.069458007812500 3700035
0.071777343750000 3699725
0.066711425781250 3683334
0.069458007812500 3694608
0.067810058593750 3699929
0.068908691406250 3700070
0.069335937500000 3699964
0.069885253906250 3700035
0.000000000000000 3699929
0.069030761718750 3700070
0.069213867187500 3699964
0.072326660156250 3700000
0.067138671875000 3700000
0.068664550781250 3700035
0.069091796875000 3695823
0.068420410156250 3693203
0.070983886718750 3695847
0.066528320312500 3683300
0.068359375000000 3683330
0.067565917968750 3683368
0.069824218750000 3698323
0.067138671875000 3700000
0.000000000000000 3688906
0.070922851562500 3690824
0.066772460937500 3698062
0.070007324218750 3691135
0.070312500000000 3694690
0.067138671875000 3683294
0.068603515625000 3694560
0.068176269531250 3694568
0.070373535156250 3700000
0.069274902343750 3691645
0.070190429687500 3685911
0.068115234375000 3700035
0.068237304687500 3688909
0.000000000000000 3700000
0.072326660156250 3700000
0.066955566406250 3700000
0.069030761718750 3700000
0.070495605468750 3700035
0.070129394531250 3692240
0.068664550781250 3700035
0.067749023437500 3698017
0.061340332031250 3690823
0.069091796875000 3688935
0.061584472656250 3692644
0.068603515625000 3683402
0.069213867187500 3683299
0.067626953125000 3698881
0.070617675781250 3700000
0.070495605468750 3700035
0.000000000000000 3693135
0.067504882812500 3683299
0.069763183593750 3683331
0.070678710937500 3694596
0.071228027343750 3689800
0.068298339843750 3699213
0.070556640625000 3689638
0.069824218750000 3700000
0.068725585937500 3700035
0.069458007812500 3700000
0.067993164062500 3699964
0.069824218750000 3700035
0.068847656250000 3700000
0.000000000000000 3699964
0.071716308593750 3700000
0.069763183593750 3700000
0.067810058593750 3700035
0.068542480468750 3695404
0.070495605468750 3694592
0.071044921875000 3696773
0.069580078125000 3694991
0.069580078125000 3683330
0.069580078125000 3688296
0.069519042968750 3689629
0.068847656250000 3699178
0.000000000000000 3700000
0.068237304687500 3700000
0.069580078125000 3700000
0.067810058593750 3700035
0.070373535156250 3699964
0.069519042968750 3695798
0.068298339843750 3683372
0.069580078125000 3683330
0.060974121093750 3683334
0.071838378906250 3694612
0.067321777343750 3683298
0.069396972656250 3696778
0.067871093750000 3700000
0.068908691406250 3700035
0.069946289062500 3699964
0.000000000000000 3700035
0.068908691406250 3699964
0.068725585937500 3700035
0.069091796875000 3700000
0.069274902343750 3688909
0.071838378906250 3696294
0.067504882812500 3700000
0.070922851562500 3699315
0.070434570312500 3686286
0.069335937500000 3700000
0.067321777343750 3686285
0.069091796875000 3691444
0.000000000000000 3686447
0.073059082031250 3683364
0.067382812500000 3694562
0.070373535156250 3683332
0.068237304687500 3694521
0.070495605468750 3692490
0.070434570312500 3700000
0.070068359375000 3700000
0.067504882812500 3700035
0.068298339843750 3699964
0.070983886718750 3689317
0.067382812500000 3700000
0.000000000000000 3700000
0.070129394531250 3693060
0.069580078125000 3684729
0.071411132812500 3699964
0.071594238281250 3700000
0.070373535156250 3700000
0.070861816406250 3699964
0.068969726562500 3693606
0.062438964843750 3684194
0.066894531250000 3693822
0.069335937500000 3695167
0.067932128906250 3700000
0.068603515625000 3688458
0.060668945312500 3683331
0.068603515625000 3694800
0.069152832031250 3700000
0.000000000000000 3688747
0.128662109375000 3683333
0.000000000000000 3698166
0.067443847656250 3698615
0.069763183593750 3699964
0.069396972656250 3689912
0.070495605468750 3689124
0.069519042968750 3688551
0.067260742187500 3700000
0.069335937500000 3683802
0.068054199218750 3683366
0.069519042968750 3694498
0.067993164062500 3683369
0.070251464843750 3688084
0.068115234375000 3689884
0.000000000000000 3700035
0.129455566406250 3700000
0.000000000000000 3699964
0.067382812500000 3700000
0.069946289062500 3700035
0.068115234375000 3699964
0.068420410156250 3700035
0.073303222656250 3699964
0.068786621093750 3700035
0.068847656250000 3699964
0.069458007812500 3700000
0.069580078125000 3692955
0.066284179687500 3683335
0.068359375000000 3692345
0.067321777343750 3700000
0.000000000000000 3691072
0.070495605468750 3683334
0.070800781250000 3683368
0.066406250000000 3697593
0.070434570312500 3691432
0.067993164062500 3686172
0.068908691406250 3700000
0.067321777343750 3700000
0.069030761718750 3691898
0.070556640625000 3694609
0.065979003906250 3691309
0.069824218750000 3686582
0.065979003906250 3685426
0.068969726562500 3699964
0.000000000000000 3700035
0.069213867187500 3688853
0.070800781250000 3692733
0.069213867187500 3694639
0.067321777343750 3690351
0.069885253906250 3700035
0.068786621093750 3700000
0.070251464843750 3699964
0.067443847656250 3700035
0.068420410156250 3700000
0.068481445312500 3693454
0.070922851562500 3695462
0.070434570312500 3693593
0.000000000000000 3694488
0.068054199218750 3689722
0.069152832031250 3699548
0.069702148437500 3683019
0.060729980468750 3694906
0.068054199218750 3689218
0.068847656250000 3700035
0.069763183593750 3699964
0.070007324218750 3699964
0.070495605468750 3700035
0.067932128906250 3700000
0.069885253906250 3683506
0.067749023437500 3683333
0.072998046875000 3694595
0.070739746093750 3683294
0.000000000000000 3699836
0.067810058593750 3699964
0.068542480468750 3700000
0.070068359375000 3700000
0.069519042968750 3700000
0.068481445312500 3700000
0.069519042968750 3700035
0.070922851562500 3689751
0.068542480468750 3694573
0.071228027343750 3693507
0.068054199218750 3700000
0.070800781250000 3689969
0.069946289062500 3699980
0.000000000000000 3699964
0.070434570312500 3700070
0.068969726562500 3699964
0.067504882812500 3700000
0.070129394531250 3700035
0.071166992187500 3699964
0.070373535156250 3700035
0.067810058593750 3699964
0.070190429687500 3691037
0.070556640625000 3686639
0.068664550781250 3691249
0.070312500000000 3694533
0.068481445312500 3692033
0.000000000000000 3696998
0.068786621093750 3687081
0.068969726562500 3683300
0.068969726562500 3683333
0.070190429687500 3685822
0.067138671875000 3700000
0.072448730468750 3700000
0.068420410156250 3692148
0.068542480468750 3694590
0.067626953125000 3683334
0.074157714843750 3696550
0.071594238281250 3700035
0.000000000000000 3688909
0.068176269531250 3700000
0.070739746093750 3700000
0.068969726562500 3692912
0.071228027343750 3683264
0.068725585937500 3683367
0.070739746093750 3695843
0.071838378906250 3700035
0.068603515625000 3699964
0.070861816406250 3700000
0.069030761718750 3698929
0.069091796875000 3690004
0.068786621093750 3700000
0.000000000000000 3693583
0.074218750000000 3693856
0.070129394531250 3700000
0.068298339843750 3700035
0.070129394531250 3699964
0.066467285156250 3700000
0.070617675781250 3700000
0.068054199218750 3688944
0.068725585937500 3694422
0.069030761718750 3683309
0.069274902343750 3699960
0.068908691406250 3700000
0.066955566406250 3700035
0.000000000000000 3688996
0.067932128906250 3694836
0.068664550781250 3689086
0.070983886718750 3694561
0.069458007812500 3693789
0.070068359375000 3698037
0.068847656250000 3699964
0.069091796875000 3700035
0.068786621093750 3699929
0.068420410156250 3700000
0.073120117187500 3700070
0.067016601562500 3688911
0.000000000000000 3690401
0.069641113281250 3698499
0.068054199218750 3690509
0.068298339843750 3694561
0.068359375000000 3690473
0.061096191406250 3699964
0.071105957031250 3700000
0.069946289062500 3700035
0.068054199218750 3700000
0.068237304687500 3688870
0.071044921875000 3699964
0.068664550781250 3700000
0.068603515625000 3700035
0.069885253906250 3700000
0.060852050781250 3700000
0.069335937500000 3688935
0.067382812500000 3700000
0.000000000000000 3700000
0.068908691406250 3700000
0.069335937500000 3695919
0.069702148437500 3697036
0.069702148437500 3700035
0.067565917968750 3699964
0.069946289062500 3700035
0.071411132812500 3699964
0.068420410156250 3700000
0.068908691406250 3700000
0.068298339843750 3700035
0.070434570312500 3699964
0.070983886718750 3700000
0.000000000000000 3700000
0.069458007812500 3700000
0.069702148437500 3700000
0.069702148437500 3688934
0.071044921875000 3693677
0.069396972656250 3684168
0.070678710937500 3700000
0.068054199218750 3699964
0.070800781250000 3694042
0.070007324218750 3694593
0.068847656250000 3697776
0.069946289062500 3699964
0.067932128906250 3700035
0.000000000000000 3699766
0.070495605468750 3688882
0.068969726562500 3700035
0.070007324218750 3699964
0.072326660156250 3700000
0.068237304687500 3700035
0.070678710937500 3699964
0.067443847656250 3700000
0.069702148437500 3700035
0.067565917968750 3687138
0.072814941406250 3689557
0.071228027343750 3700000
0.067138671875000 3700000
0.000000000000000 3700000
0.069335937500000 3700000
0.069763183593750 3700000
0.071350097656250 3700000
0.066955566406250 3700000
0.071655273437500 3700000
0.070861816406250 3699964
0.069274902343750 3700035
0.069152832031250 3699964
0.069641113281250 3700035
0.069885253906250 3700000
0.071044921875000 3699964
0.000000000000000 3700000
0.073303222656250 3699964
0.065673828125000 3700070
0.068237304687500 3700000
0.070800781250000 3699964
0.062927246093750 3700000
0.063415527343750 3699964
0.070251464843750 3691483
0.073425292968750 3683331
0.064697265625000 3683369
0.066467285156250 3694544
0.067932128906250 3691701
0.071777343750000 3697555
0.067749023437500 3683301
0.070068359375000 3685759
0.000000000000000 3699964
0.065856933593750 3700035
0.070739746093750 3699964
0.071105957031250 3699964
0.062805175781250 3700035
0.063842773437500 3700000
0.069396972656250 3700000
0.066040039062500 3700000
0.063232421875000 3700035
0.071899414062500 3700000
0.062133789062500 3700000
0.067382812500000 3700000
0.069152832031250 3700000
0.066528320312500 3700000
0.064025878906250 3699964
0.069763183593750 3700000
0.069824218750000 3700035
0.068481445312500 3699929
0.066650390625000 3700035
0.000000000000000 3700000
0.071044921875000 3694035
0.067016601562500 3695693
0.069580078125000 3692131
0.068237304687500 3693919
0.069458007812500 3688938
0.069458007812500 3699929
0.067382812500000 3684193
0.068908691406250 3693614
0.068969726562500 3688909
0.069824218750000 3689918
0.069641113281250 3694629
0.066772460937500 3683333
0.000000000000000 3683333
0.069458007812500 3693101
0.070800781250000 3695976
0.068603515625000 3687367
0.068481445312500 3683369
0.067932128906250 3683297
0.069702148437500 3683367
0.066711425781250 3692695
0.069641113281250 3696296
0.068481445312500 3692615
0.069396972656250 3696409
0.069702148437500 3692444
0.069458007812500 3696554
0.000000000000000 3683334
0.069641113281250 3697792
0.066345214843750 3691199
0.068969726562500 3697714
0.069763183593750 3691357
0.068908691406250 3697590
0.068054199218750 3699964
0.070251464843750 3697114
0.071655273437500 3683365
0.068603515625000 3697217
0.069702148437500 3691836
0.069702148437500 3683337
0.069824218750000 3691466
0.000000000000000 3699964
0.070800781250000 3692106
0.060974121093750 3685704
0.068237304687500 3692226
0.070983886718750 3696704
0.070556640625000 3699964
0.069152832031250 3698063
0.070007324218750 3683295
0.070068359375000 3694538
0.070312500000000 3683333
0.071838378906250 3683300
0.062561035156250 3683330
0.070861816406250 3773959
0.069946289062500 3800000
0.000000000000000 3800000
0.078979492187500 3800000
0.077575683593750 3800036
0.075866699218750 3799963
0.075317382812500 3799927
0.076171875000000 3800072
0.077026367187500 3800000
0.075134277343750 3800036
0.074096679687500 3799963
0.074523925781250 3800000
0.076232910156250 3799963
0.073913574218750 3800036
0.000000000000000 3800000
0.076293945312500 3800000
0.075988769531250 3800000
0.073120117187500 3800036
0.077209472656250 3799963
0.075012207031250 3800000
0.150207519531250 3800000
0.076110839843750 3800000
0.075744628906250 3800000
0.075439453125000 3799891
0.077209472656250 3800108
0.073669433593750 3800000
0.075683593750000 3800000
0.000000000000000 3800000
0.076232910156250 3799963
0.072570800781250 3800036
0.075744628906250 3800000
0.073913574218750 3800000
0.077880859375000 3800000
0.075317382812500 3800000
0.076232910156250 3800000
0.078613281250000 3800000
0.075317382812500 3800000
0.075988769531250 3799963
0.073181152343750 3800036
0.000000000000000 3799963
0.073852539062500 3800036
0.073730468750000 3799963
0.075378417968750 3800036
0.074645996093750 3800000
0.074218750000000 3800000
0.076049804687500 3800000
0.075012207031250 3800000
0.076416015625000 3800000
0.073303222656250 3799927
0.076721191406250 3800072
0.076843261718750 3800000
0.000000000000000 3800000
0.073974609375000 3800000
0.073608398437500 3800000
0.075744628906250 3800000
0.075622558593750 3799963
0.072692871093750 3800000
0.075073242187500 3800000
0.075378417968750 3800000
0.074096679687500 3800000
0.076965332031250 3800036
0.072875976562500 3800000
0.075866699218750 3800000
0.075195312500000 3800000
0.000000000000000 3800000
0.077880859375000 3800000
0.074951171875000 3800036
0.072998046875000 3799963
0.077514648437500 3800000
0.073425292968750 3800000
0.076782226562500 3800036
0.075561523437500 3799963
0.076049804687500 3800000
0.076904296875000 3800000
0.075683593750000 3800000
0.000000000000000 3800000
0.075317382812500 3800000
0.073425292968750 3800000
0.074096679687500 3800000
0.074035644531250 3800000
0.076721191406250 3800000
0.074768066406250 3800000
0.073486328125000 3799963
0.074340820312500 3800036
0.075439453125000 3800000
0.074768066406250 3800000
0.073120117187500 3800000
0.076354980468750 3800000
0.074951171875000 3800000
0.000000000000000 3799963
0.075683593750000 3800036
0.074462890625000 3799963
0.073059082031250 3800036
0.078613281250000 3800036
0.066162109375000 3799963
0.074951171875000 3800000
0.075805664062500 3799963
0.073608398437500 3800036
0.073852539062500 3800000
0.074096679687500 3800000
0.075439453125000 3800000
0.072631835937500 3800000
0.075805664062500 3800000
0.000000000000000 3800000
0.076721191406250 3800000
0.074645996093750 3800000
0.074523925781250 3800000
0.075317382812500 3799963
0.075256347656250 3800036
0.074218750000000 3799963
0.076965332031250 3800036
0.077087402343750 3799963
0.073730468750000 3800036
0.076232910156250 3799927
0.073547363281250 3800072
0.065979003906250 3800000
0.075073242187500 3800000
0.000000000000000 3800036
0.075195312500000 3799963
0.076171875000000 3800000
0.076477050781250 3799963
0.074523925781250 3800036
0.075073242187500 3800000
0.066772460937500 3799927
0.073425292968750 3800036
0.075744628906250 3800036
0.073974609375000 3800000
0.073913574218750 3799963
0.077636718750000 3800000
0.075439453125000 3800000
0.000000000000000 3800036
0.077941894531250 3799963
0.074707031250000 3800036
0.066345214843750 3800000
0.074157714843750 3799891
0.074523925781250 3800108
0.074768066406250 3800000
0.074645996093750 3800000
0.077331542968750 3800000
0.073425292968750 3800000
0.077209472656250 3800000
0.075195312500000 3800000
0.078674316406250 3800036
0.000000000000000 3799963
0.075012207031250 3800000
0.074890136718750 3800000
0.073730468750000 3799963
0.074340820312500 3800036
0.075073242187500 3800000
0.074523925781250 3800000
0.074768066406250 3800000
0.074951171875000 3800000
0.075256347656250 3800000
0.075866699218750 3800000
0.074462890625000 3799963
0.076110839843750 3800036
0.073486328125000 3800036
0.000000000000000 3799963
0.075866699218750 3800000
0.074890136718750 3800000
0.072631835937500 3800000
0.076171875000000 3800000
0.074462890625000 3800000
0.075683593750000 3800000
0.074096679687500 3800000
0.078002929687500 3800000
0.076354980468750 3800000
0.074157714843750 3800036
0.075744628906250 3799963
0.000000000000000 3799963
0.075683593750000 3800036
0.076660156250000 3800000
0.073669433593750 3799927
0.075439453125000 3800072
0.074584960937500 3800000
0.076721191406250 3799963
0.076232910156250 3800036
0.075988769531250 3800000
0.074462890625000 3800000
0.072082519531250 3800000
0.075866699218750 3800000
0.065856933593750 3800000
0.072875976562500 3800000
0.000000000000000 3800000
0.075439453125000 3800000
0.074401855468750 3800000
0.065917968750000 3800036
0.075866699218750 3799963
0.076293945312500 3800000
0.075439453125000 3800000
0.077209472656250 3800000
0.076965332031250 3799963
0.072509765625000 3800036
0.075988769531250 3800000
0.073730468750000 3800036
0.075744628906250 3799963
0.000000000000000 3800000
0.074401855468750 3800000
0.075012207031250 3800000
0.066101074218750 3800000
0.072998046875000 3800000
0.066772460937500 3800000
0.072692871093750 3800000
0.066162109375000 3800000
0.075439453125000 3800000
0.075439453125000 3800000
0.073547363281250 3800000
0.074279785156250 3800000
0.072570800781250 3799963
0.070190429687500 3800036
0.063354492187500 3800000
0.070068359375000 3800000
0.070434570312500 3800000
0.070617675781250 3800000
0.000000000000000 3800036
0.071899414062500 3799963
0.075378417968750 3799963
0.069213867187500 3800036
0.072509765625000 3800000
0.067932128906250 3800000
0.071228027343750 3799963
0.070861816406250 3800036
0.070678710937500 3800000
0.062194824218750 3800000
0.071472167968750 3800000
0.073364257812500 3800036
0.069030761718750 3800000
0.071655273437500 3799963
0.000000000000000 3800000
0.070190429687500 3800000
0.071899414062500 3800036
0.068542480468750 3799963
0.072326660156250 3800000
0.070983886718750 3800000
0.069580078125000 3800000
0.072143554687500 3800000
0.069091796875000 3800000
0.070068359375000 3800000
0.069885253906250 3800000
0.072143554687500 3800000
0.000000000000000 3800000
0.071228027343750 3800000
0.070434570312500 3800000
0.069763183593750 3800000
0.069274902343750 3800000
0.071105957031250 3800000
0.069335937500000 3800000
0.070739746093750 3799963
0.071350097656250 3800000
0.071533203125000 3799963
0.071350097656250 3800072
0.070190429687500 3800000
0.071777343750000 3800000
0.000000000000000 3800000
0.134216308593750 3800000
0.000000000000000 3800036
0.071899414062500 3799963
0.069641113281250 3800000
0.072875976562500 3800000
0.072448730468750 3800000
0.071166992187500 3800000
0.070556640625000 3800000
0.070739746093750 3800000
0.062377929687500 3800000
0.069885253906250 3800000
0.070007324218750 3799963
0.069213867187500 3800036
0.071716308593750 3800000
0.000000000000000 3800000
0.070678710937500 3799927
0.069396972656250 3800108
0.070312500000000 3799963
0.069580078125000 3800000
0.070983886718750 3800000
0.070312500000000 3800000
0.071044921875000 3800000
0.067749023437500 3800000
0.069702148437500 3800000
0.071105957031250 3800000
0.071655273437500 3800000
0.071166992187500 3800000
0.067993164062500 3799963
0.000000000000000 3800036
0.072021484375000 3799963
0.071472167968750 3800036
0.070312500000000 3800000
0.069091796875000 3800000
0.069946289062500 3800000
0.063110351562500 3799963
0.068298339843750 3800036
0.070190429687500 3800000
0.068969726562500 3799963
0.071777343750000 3800036
0.073608398437500 3799963
0.071777343750000 3800036
0.071838378906250 3800000
0.000000000000000 3800000
0.070434570312500 3800000
0.071228027343750 3800000
0.068420410156250 3800000
0.070556640625000 3800000
0.071533203125000 3800000
0.072082519531250 3800000
0.072204589843750 3800000
0.068664550781250 3800000
0.071594238281250 3800000
0.069519042968750 3799963
0.071228027343750 3800036
0.070373535156250 3800000
0.000000000000000 3799963
0.073181152343750 3800000
0.070251464843750 3800036
0.069763183593750 3800000
0.063659667968750 3800000
0.069152832031250 3800000
0.071533203125000 3800036
0.068664550781250 3799963
0.071472167968750 3800000
0.071777343750000 3799963
0.072448730468750 3800036
0.070983886718750 3800000
0.068542480468750 3800000
0.062683105468750 3800000
0.071105957031250 3800000
0.000000000000000 3800000
0.071166992187500 3800000
0.069519042968750 3800000
0.070190429687500 3800000
0.074462890625000 3800000
0.069580078125000 3800000
0.070495605468750 3799963
0.070068359375000 3800036
0.071350097656250 3800000
0.069091796875000 3800000
0.070983886718750 3800000
0.071960449218750 3799963
0.068237304687500 3800036
0.000000000000000 3800000
0.072448730468750 3800000
0.068420410156250 3800000
0.070312500000000 3800000
0.067932128906250 3800000
0.062561035156250 3799927
0.070190429687500 3800072
0.073120117187500 3799963
0.072326660156250 3800000
0.068054199218750 3800036
0.071350097656250 3800000
0.071105957031250 3799963
0.072326660156250 3800036
0.072326660156250 3800000
0.000000000000000 3800000
0.070678710937500 3800000
0.073120117187500 3800000
0.068237304687500 3800000
0.070861816406250 3799963
0.070739746093750 3800000
0.071777343750000 3800000
0.069213867187500 3800036
0.070068359375000 3800000
0.071472167968750 3800000
0.071899414062500 3799963
0.069885253906250 3800036
0.069091796875000 3800000
0.000000000000000 3800000
0.069396972656250 3800000
0.071655273437500 3800000
0.071838378906250 3799963
0.072692871093750 3800036
0.069885253906250 3800000
0.070007324218750 3800000
0.071166992187500 3800000
0.071289062500000 3800000
0.068176269531250 3800000
0.070861816406250 3800000
0.071899414062500 3800000
0.069763183593750 3800000
0.000000000000000 3800000
0.070251464843750 3800000
0.070129394531250 3800000
0.070434570312500 3799963
0.070739746093750 3800036
0.070068359375000 3800000
0.071655273437500 3800000
0.067993164062500 3800000
0.071105957031250 3800000
0.071777343750000 3800000
0.069091796875000 3800000
0.070434570312500 3800036
0.072204589843750 3799963
0.063232421875000 3800000
0.000000000000000 3799963
0.070617675781250 3800036
0.069946289062500 3800000
0.067626953125000 3800000
0.070678710937500 3800000
0.071472167968750 3800000
0.069274902343750 3799963
0.073608398437500 3800036
0.070312500000000 3800000
0.072448730468750 3800000
0.070190429687500 3800000
0.070495605468750 3800036
0.072082519531250 3799963
0.000000000000000 3799963
0.072387695312500 3800072
0.073303222656250 3799963
0.069396972656250 3800000
0.071289062500000 3800000
0.070556640625000 3799927
0.072509765625000 3800072
0.070556640625000 3800000
0.071960449218750 3800000
0.070861816406250 3800000
0.069763183593750 3800036
0.072143554687500 3800000
0.000000000000000 3799963
0.069030761718750 3800000
0.069213867187500 3800000
0.069458007812500 3799963
0.072631835937500 3800036
0.071777343750000 3800000
0.069091796875000 3799963
0.071166992187500 3800036
0.071105957031250 3800000
0.072448730468750 3800000
0.070007324218750 3800000
0.072021484375000 3800000
0.000000000000000 3800000
0.132629394531250 3800000
0.000000000000000 3800000
0.072265625000000 3800000
0.068176269531250 3800000
0.073242187500000 3800000
0.069274902343750 3800000
0.071533203125000 3800000
0.071655273437500 3799963
0.068420410156250 3800036
0.073120117187500 3800000
0.069702148437500 3800000
0.069946289062500 3800000
0.067077636718750 3800000
0.069641113281250 3800000
0.000000000000000 3799963
0.069946289062500 3800036
0.073791503906250 3800000
0.069274902343750 3800000
0.070922851562500 3800000
0.070190429687500 3800036
0.070068359375000 3799963
0.072143554687500 3800000
0.068908691406250 3800000
0.070312500000000 3800000
0.070800781250000 3800036
0.070678710937500 3799963
0.070251464843750 3800000
0.000000000000000 3800000
0.068908691406250 3800000
0.070739746093750 3800000
0.070739746093750 3800000
0.072998046875000 3800000
0.070312500000000 3799927
0.072021484375000 3800072
0.069885253906250 3800000
0.069641113281250 3800000
0.062744140625000 3800000
0.070922851562500 3800000
0.069641113281250 3799963
0.071777343750000 3800036
0.070434570312500 3800036
0.000000000000000 3799963
0.072021484375000 3799963
0.070312500000000 3800036
0.070251464843750 3800000
0.069702148437500 3800000
0.070739746093750 3799963
0.072021484375000 3800036
0.069885253906250 3800000
0.071777343750000 3800000
0.071105957031250 3800000
0.070129394531250 3799927
0.068603515625000 3800072
0.069335937500000 3799963
0.000000000000000 3800036
0.074768066406250 3800000
0.069030761718750 3799963
0.070190429687500 3800072
0.071228027343750 3799963
0.072143554687500 3800000
0.069335937500000 3800000
0.072509765625000 3800000
0.070312500000000 3800000
0.068847656250000 3799963
0.062072753906250 3800036
0.069763183593750 3800000
0.070556640625000 3800036
0.068298339843750 3799891
0.062255859375000 3800036
0.071594238281250 3800036
0.000000000000000 3799963
0.071411132812500 3800036
0.071228027343750 3799963
0.068359375000000 3800036
0.063476562500000 3800000
0.069641113281250 3800000
0.069763183593750 3800036
0.068969726562500 3799963
0.070251464843750 3800000
0.071289062500000 3800000
0.071289062500000 3800000
0.070007324218750 3800000
0.069091796875000 3800000
0.071655273437500 3800000
0.070678710937500 3800000
0.000000000000000 3799963
0.070739746093750 3800072
0.070129394531250 3799963
0.072875976562500 3800000
0.073913574218750 3800000
0.070312500000000 3800000
0.069274902343750 3800000
0.069335937500000 3799963
0.071777343750000 3800036
0.069458007812500 3800000
0.071655273437500 3800000
0.069885253906250 3799963
0.070068359375000 3800036
0.000000000000000 3800000
0.072326660156250 3800000
0.069702148437500 3800000
0.070129394531250 3800000
0.070434570312500 3800000
0.073364257812500 3799963
0.070068359375000 3800036
0.070312500000000 3799963
0.069641113281250 3800036
0.068908691406250 3800000
0.071166992187500 3800036
0.069396972656250 3799963
0.070312500000000 3800036
0.000000000000000 3799891
0.072082519531250 3800072
0.070312500000000 3800000
0.070251464843750 3800000
0.068786621093750 3800000
0.072082519531250 3800000
0.071350097656250 3800000
0.062194824218750 3800000
0.069946289062500 3800000
0.062133789062500 3800000
0.071350097656250 3800000
0.071594238281250 3800000
0.069641113281250 3800000
0.070800781250000 3800000
0.070434570312500 3800000
0.069641113281250 3800000
0.000000000000000 3800000
0.070800781250000 3800000
0.070556640625000 3800000
0.070007324218750 3799963
0.071105957031250 3800000
0.069519042968750 3800036
0.071105957031250 3800000
0.069824218750000 3800000
0.071655273437500 3800000
0.072204589843750 3799963
0.062255859375000 3800000
0.071228027343750 3800000
0.069641113281250 3800036
0.072753906250000 3799963
0.000000000000000 3800036
0.070373535156250 3800000
0.071350097656250 3800000
0.073364257812500 3800000
0.070312500000000 3800000
0.071105957031250 3799963
0.071594238281250 3800036
0.133728027343750 3799986
0.071533203125000 3799963
0.071350097656250 3800072
0.071228027343750 3799963
0.070129394531250 3800000
0.068847656250000 3800036
0.063110351562500 3800000
0.072570800781250 3800000
0.070495605468750 3799927
0.069091796875000 3800072
0.070373535156250 3800000
0.072448730468750 3800000
0.069824218750000 3800000
0.000000000000000 3800000
0.070983886718750 3800000
0.068847656250000 3799963
0.073120117187500 3800000
0.070190429687500 3800000
0.070312500000000 3800036
0.071594238281250 3799963
0.069213867187500 3800036
0.071899414062500 3800000
0.070312500000000 3800000
0.069641113281250 3799963
0.070312500000000 3800036
0.071289062500000 3800000
0.000000000000000 3800000
0.074523925781250 3800000
0.069763183593750 3800000
0.070007324218750 3800000
0.070007324218750 3799963
0.070007324218750 3800072
0.071044921875000 3799963
0.071105957031250 3800000
0.070434570312500 3800000
0.069519042968750 3799963
0.062500000000000 3800072
0.071899414062500 3799963
0.071350097656250 3799963
0.070007324218750 3800000
0.000000000000000 3800000
0.071105957031250 3800072
0.072021484375000 3799963
0.070007324218750 3800000
0.072265625000000 3799927
0.068786621093750 3800072
0.062683105468750 3800000
0.070922851562500 3800000
0.070617675781250 3800036
0.070617675781250 3799963
0.071960449218750 3800000
0.072753906250000 3800036
0.068603515625000 3799963
0.072021484375000 3800000
0.000000000000000 3799963
0.069274902343750 3800036
0.070861816406250 3800036
0.069824218750000 3800000
0.074768066406250 3800000
0.072753906250000 3800000
0.068847656250000 3799963
0.071166992187500 3800000
0.068847656250000 3800000
0.071044921875000 3800000
0.068054199218750 3799963
0.072021484375000 3800036
0.000000000000000 3800000
0.071350097656250 3800000
0.067565917968750 3800000
0.070617675781250 3800000
0.069580078125000 3800036
0.072021484375000 3799963
0.068847656250000 3800000
0.071472167968750 3799963
0.070983886718750 3800000
0.072265625000000 3800000
0.070922851562500 3800000
0.069213867187500 3800036
0.070861816406250 3799963
0.068847656250000 3800036
0.000000000000000 3800000
0.072021484375000 3800000
0.070739746093750 3800000
0.069152832031250 3800036
0.071105957031250 3799963
0.071228027343750 3800000
0.070434570312500 3800000
0.070922851562500 3800000
0.070678710937500 3799963
0.071594238281250 3800036
0.071350097656250 3799963
0.071472167968750 3800036
0.000000000000000 3800000
0.071655273437500 3799963
0.069580078125000 3800036
0.071899414062500 3799927
0.072509765625000 3800072
0.069519042968750 3800000
0.070556640625000 3800036
0.072204589843750 3799927
0.070068359375000 3800036
0.071716308593750 3799963
0.069030761718750 3800036
0.072570800781250 3799963
0.000000000000000 3800036
0.073669433593750 3800000
0.069885253906250 3799963
0.071655273437500 3800036
0.070678710937500 3800000
0.072448730468750 3800000
0.069152832031250 3799963
0.071533203125000 3800036
0.071472167968750 3800000
0.070068359375000 3800000
0.071960449218750 3800000
0.069885253906250 3800000
0.000000000000000 3800000
0.069641113281250 3800000
0.070007324218750 3800000
0.071777343750000 3800000
0.070312500000000 3799927
0.071533203125000 3800072
0.071716308593750 3800000
0.069946289062500 3800000
0.062194824218750 3800000
0.072631835937500 3799963
0.074157714843750 3800036
0.070007324218750 3800000
0.070007324218750 3800000
0.000000000000000 3800000
0.072082519531250 3800000
0.069213867187500 3799963
0.072692871093750 3800036
0.070983886718750 3800000
0.073730468750000 3799963
0.070556640625000 3800036
0.070007324218750 3800000
0.071716308593750 3800000
0.063598632812500 3800000
0.071411132812500 3800000
0.070617675781250 3800000
0.070800781250000 3799963
0.070983886718750 3800036
0.000000000000000 3800000
0.070495605468750 3800000
0.070983886718750 3800000
0.067565917968750 3800000
0.071350097656250 3799963
0.070007324218750 3800036
0.070495605468750 3800000
0.070190429687500 3800000
0.070861816406250 3800000
0.070068359375000 3800036
0.070922851562500 3799963
0.070495605468750 3800000
0.070129394531250 3800000
0.062866210937500 3800000
0.070739746093750 3799963
0.062438964843750 3800000
0.000000000000000 3800000
0.071228027343750 3800036
0.071472167968750 3800000
0.071472167968750 3799963
0.070983886718750 3800036
0.070373535156250 3800036
0.069641113281250 3799963
0.070007324218750 3800000
0.074707031250000 3800000
0.071105957031250 3800000
0.071228027343750 3800000
0.067810058593750 3799927
0.000000000000000 3800036
0.070434570312500 3800036
0.069763183593750 3799963
0.071533203125000 3800036
0.070373535156250 3800000
0.072448730468750 3800000
0.071594238281250 3800000
0.069213867187500 3800000
0.069091796875000 3800000
0.069763183593750 3800000
0.072265625000000 3800000
0.072875976562500 3800036
0.069335937500000 3799927
0.000000000000000 3799927
0.071350097656250 3800108
0.070800781250000 3800000
0.070983886718750 3800000
0.070983886718750 3800000
0.070861816406250 3799963
0.071350097656250 3800036
0.069274902343750 3800000
0.072265625000000 3799963
0.069519042968750 3800036
0.070434570312500 3799963
0.069213867187500 3800036
0.070739746093750 3799963
0.000000000000000 3800036
0.073486328125000 3800000
0.069763183593750 3800000
0.070800781250000 3800000
0.069335937500000 3800000
0.062866210937500 3799963
0.072387695312500 3800036
0.070312500000000 3800000
0.073242187500000 3800000
0.071105957031250 3800000
0.069946289062500 3800000
0.069824218750000 3799927
0.071350097656250 3800072
0.000000000000000 3800000
0.069641113281250 3799927
0.070800781250000 3800036
0.070434570312500 3800036
0.070190429687500 3800000
0.070434570312500 3800000
0.070190429687500 3800000
0.062316894531250 3800000
0.067626953125000 3800000
0.072692871093750 3800000
0.068786621093750 3800000
0.071655273437500 3800000
0.072814941406250 3800000
0.069641113281250 3799963
0.069396972656250 3799927
0.000000000000000 3800108
0.070373535156250 3800000
0.071105957031250 3800000
0.070800781250000 3800000
0.070434570312500 3800000
0.071472167968750 3799963
0.071350097656250 3800036
0.070800781250000 3799963
0.068420410156250 3800036
0.070983886718750 3799963
0.070739746093750 3800000
0.068786621093750 3800036
0.072875976562500 3800000
0.000000000000000 3800000
0.070129394531250 3799963
0.070617675781250 3800000
0.069213867187500 3800036
0.070007324218750 3799927
0.069763183593750 3800072
0.072021484375000 3800000
0.072570800781250 3800000
0.068664550781250 3800000
0.070068359375000 3800000
0.068542480468750 3799963
0.070190429687500 3800036
0.070922851562500 3800000
0.000000000000000 3800000
0.072937011718750 3799927
0.072448730468750 3800072
0.068908691406250 3799963
0.072998046875000 3800036
0.069091796875000 3799927
0.062194824218750 3800036
0.069641113281250 3800000
0.070312500000000 3800072
0.070556640625000 3799927
0.071166992187500 3799963
0.071533203125000 3800036
0.069885253906250 3800036
0.073242187500000 3800000
0.068054199218750 3800000
0.000000000000000 3800000
0.071350097656250 3800000
0.068847656250000 3800000
0.071105957031250 3800000
0.072448730468750 3800036
0.070800781250000 3799963
0.070007324218750 3800000
0.069702148437500 3800000
0.072265625000000 3800000
0.069641113281250 3800000
0.071472167968750 3800000
0.070800781250000 3800000
0.069274902343750 3799963
0.062561035156250 3800036
0.000000000000000 3800000
0.069396972656250 3800000
0.069946289062500 3799963
0.070800781250000 3800036
0.070678710937500 3800000
0.062927246093750 3800000
0.070861816406250 3799963
0.069458007812500 3800036
0.070922851562500 3800000
0.071350097656250 3800000
0.070312500000000 3799963
0.072875976562500 3800036
0.073059082031250 3800036
0.000000000000000 3799963
0.075866699218750 3800000
0.071838378906250 3800000
0.066772460937500 3800000
0.067749023437500 3800000
0.073120117187500 3800000
0.067993164062500 3800000
0.067932128906250 3800000
0.067199707031250 3799963
0.074096679687500 3800072
0.070861816406250 3799963
0.062866210937500 3799963
0.064270019531250 3800036
0.067810058593750 3800000
0.071472167968750 3800000
0.078430175781250 3800036
0.000000000000000 3799963
0.069824218750000 3800000
0.064331054687500 3799963
0.068542480468750 3800000
0.070739746093750 3800000
0.073120117187500 3800000
0.074462890625000 3800036
0.069396972656250 3800000
0.070007324218750 3800000
0.072082519531250 3800000
0.071044921875000 3800000
0.070678710937500 3800000
0.070068359375000 3800000
0.000000000000000 3800000
0.069641113281250 3799927
0.071472167968750 3800036
0.070373535156250 3800036
0.070861816406250 3800000
0.070800781250000 3800000
0.068969726562500 3800000
0.070556640625000 3800000
0.068603515625000 3800000
0.072448730468750 3799927
0.068054199218750 3800036
0.062194824218750 3800036
0.071166992187500 3799963
0.070678710937500 3800000
0.070678710937500 3800000
0.068542480468750 3800036
0.000000000000000 3800000
0.072265625000000 3800000
0.072692871093750 3800000
0.071960449218750 3800036
0.071472167968750 3799963
0.071044921875000 3800000
0.069946289062500 3799963
0.068664550781250 3800036
0.070678710937500 3800000
0.069335937500000 3800000
0.072204589843750 3799963
0.071350097656250 3800036
0.000000000000000 3800000
0.130187988281250 3800000
0.000000000000000 3799927
0.071166992187500 3800036
0.070434570312500 3800036
0.067932128906250 3800000
0.070068359375000 3800000
0.071166992187500 3800000
0.072937011718750 3800036
0.069396972656250 3799963
0.070007324218750 3800000
0.072021484375000 3799963
0.071350097656250 3800036
0.072570800781250 3800000
0.000000000000000 3800000
0.070373535156250 3800000
0.072204589843750 3800000
0.073669433593750 3800000
0.071350097656250 3800000
0.071289062500000 3800000
0.066345214843750 3800000
0.063903808593750 3799927
0.065185546875000 3800072
0.073669433593750 3800000
0.074584960937500 3800000
0.068481445312500 3800000
0.071044921875000 3800000
0.069885253906250 3799963
0.000000000000000 3800036
0.071533203125000 3800000
0.070739746093750 3800036
0.070434570312500 3799963
0.073364257812500 3800000
0.070190429687500 3800000
0.065734863281250 3800000
0.070861816406250 3800000
0.071777343750000 3799963
0.072265625000000 3800036
0.062194824218750 3800000
0.069763183593750 3800036
0.072570800781250 3800000
0.000000000000000 3799963
0.072937011718750 3800000
0.069519042968750 3800000
0.071105957031250 3800000
0.070373535156250 3800000
0.070617675781250 3800036
0.069763183593750 3799963
0.069702148437500 3800000
0.070861816406250 3800000
0.070007324218750 3799963
0.072326660156250 3800036
0.068603515625000 3799963
0.070007324218750 3800036
0.070434570312500 3800000
0.000000000000000 3800000
0.072021484375000 3800000
0.070800781250000 3800036
0.068603515625000 3799963
0.070983886718750 3800000
0.068237304687500 3800000
0.071777343750000 3800036
0.070556640625000 3800000
0.072814941406250 3799963
0.071289062500000 3800000
0.069152832031250 3800000
0.062561035156250 3800000
0.069519042968750 3800000
0.071899414062500 3799963
0.070068359375000 3799963
0.000000000000000 3800072
0.072143554687500 3799963
0.070312500000000 3800036
0.070861816406250 3799927
0.072692871093750 3800036
0.070617675781250 3800072
0.071228027343750 3799963
0.069213867187500 3799963
0.070556640625000 3800072
0.072570800781250 3799963
0.069213867187500 3800000
0.072265625000000 3800000
0.000000000000000 3800000
0.069152832031250 3800000
0.070068359375000 3800036
0.071472167968750 3799963
0.072021484375000 3800000
0.071350097656250 3800000
0.069824218750000 3800000
0.071105957031250 3800036
0.071105957031250 3799963
0.070556640625000 3800000
0.069885253906250 3800000
0.069885253906250 3800000
0.070678710937500 3799927
0.000000000000000 3800072
0.069885253906250 3800000
0.070068359375000 3800000
0.068420410156250 3800000
0.070617675781250 3799963
0.070495605468750 3800072
0.070800781250000 3799927
0.068908691406250 3800036
0.073913574218750 3800000
0.070495605468750 3800000
0.070434570312500 3800000
0.071777343750000 3800000
0.070556640625000 3800000
0.000000000000000 3800000
0.072937011718750 3800000
0.074401855468750 3799927
0.071472167968750 3800072
0.069946289062500 3800000
0.069274902343750 3800000
0.070739746093750 3799963
0.069885253906250 3799963
0.069946289062500 3800072
0.071777343750000 3800000
0.071166992187500 3800036
0.000000000000000 3799963
0.070983886718750 3800036
0.068725585937500 3799963
0.070434570312500 3800000
0.068603515625000 3800000
0.071655273437500 3800000
0.073791503906250 3799963
0.068908691406250 3800036
0.070678710937500 3800000
0.068786621093750 3800000
0.063232421875000 3800000
0.068725585937500 3800000
0.062194824218750 3800000
0.068847656250000 3800000
0.071166992187500 3800000
0.073913574218750 3800000
0.070861816406250 3800000
0.000000000000000 3799891
0.071166992187500 3800108
0.068725585937500 3800000
0.070251464843750 3800000
0.069519042968750 3800000
0.071228027343750 3800000
0.068542480468750 3800000
0.071228027343750 3799963
0.063049316406250 3800036
0.071350097656250 3800000
0.071105957031250 3800000
0.070129394531250 3800000
0.071960449218750 3800000
0.070861816406250 3800000
0.000000000000000 3800000
0.070800781250000 3800000
0.069946289062500 3799927
0.069763183593750 3800072
0.072692871093750 3800000
0.068847656250000 3800000
0.070373535156250 3800000
0.069885253906250 3800000
0.070678710937500 3800000
0.072448730468750 3800036
0.068847656250000 3799963
0.070800781250000 3800036
0.068725585937500 3799963
0.071228027343750 3800000
0.000000000000000 3800000
0.069396972656250 3799891
0.062805175781250 3800072
0.069458007812500 3800036
0.070556640625000 3800000
0.062561035156250 3800000
0.068298339843750 3800000
0.072753906250000 3800000
0.069885253906250 3799891
0.063171386718750 3800144
0.068603515625000 3799963
0.072143554687500 3800000
0.069641113281250 3799963
0.071533203125000 3800036
0.062805175781250 3799963
0.069763183593750 3800036
0.071228027343750 3799963
0.068176269531250 3800036
0.071777343750000 3799963
0.000000000000000 3800036
0.071777343750000 3800000
0.070983886718750 3799963
0.072570800781250 3800072
0.069763183593750 3799963
0.071472167968750 3800000
0.069519042968750 3800000
0.071228027343750 3800000
0.069519042968750 3800036
0.070495605468750 3799963
0.072875976562500 3800000
0.069763183593750 3800000
0.070190429687500 3800000
0.000000000000000 3800000
0.071472167968750 3800000
0.072143554687500 3799927
0.070983886718750 3800072
0.071777343750000 3800000
0.071350097656250 3800000
0.072692871093750 3800000
0.071899414062500 3800000
0.068542480468750 3800000
0.069824218750000 3799963
0.068725585937500 3800036
0.062500000000000 3800000
0.068969726562500 3800000
0.070190429687500 3800000
0.000000000000000 3800000
0.072204589843750 3799963
0.069885253906250 3800036
0.070434570312500 3799927
0.069274902343750 3793174
0.070922851562500 3700000
0.070312500000000 3695555
0.071472167968750 3693086
0.069335937500000 3688871
0.068603515625000 3690487
0.069946289062500 3687125
0.068725585937500 3699894
0.062194824218750 3700105
0.000000000000000 3700000
0.069580078125000 3685531
0.069030761718750 3691545
0.073852539062500 3696868
0.068847656250000 3691973
0.070190429687500 3700000
0.068664550781250 3699964
0.069885253906250 3686045
0.069091796875000 3691240
0.070678710937500 3688928
0.070556640625000 3699964
0.069091796875000 3700000
0.000000000000000 3700035
0.070495605468750 3688854
0.070861816406250 3700000
0.061157226562500 3698542
0.068786621093750 3690423
0.070800781250000 3699964
0.061157226562500 3693138
0.069946289062500 3684512
0.071411132812500 3693629
0.070861816406250 3684072
0.068298339843750 3693945
0.070617675781250 3683975
0.069335937500000 3700000
0.068908691406250 3700000
0.000000000000000 3699964
0.130126953125000 3700000
0.000000000000000 3694204
0.071533203125000 3694568
0.070129394531250 3683295
0.069396972656250 3694646
0.069763183593750 3694473
0.069763183593750 3683296
0.069824218750000 3688793
0.069580078125000 3689136
0.068420410156250 3694570
0.070678710937500 3699234
0.060852050781250 3699929
0.068603515625000 3700070
0.068298339843750 3693975
0.000000000000000 3693807
0.070495605468750 3695233
0.069824218750000 3687204
0.068054199218750 3688907
0.070312500000000 3700035
0.067932128906250 3700000
0.069030761718750 3690309
0.069274902343750 3683366
0.069519042968750 3692717
0.069519042968750 3700000
0.068115234375000 3699964
0.069702148437500 3685230
0.000000000000000 3692535
0.069519042968750 3688707
0.071289062500000 3691227
0.071166992187500 3694537
0.070251464843750 3691983
0.072204589843750 3699964
0.066772460937500 3700000
0.069152832031250 3697291
0.067993164062500 3691610
0.070190429687500 3686272
0.070495605468750 3683366
0.068237304687500 3685857
0.000000000000000 3692011
0.070129394531250 3696897
0.067443847656250 3699964
0.062011718750000 3697928
0.068115234375000 3690938
0.068847656250000 3697926
0.070251464843750 3690957
0.070312500000000 3686979
0.070617675781250 3683298
0.066772460937500 3683405
0.067504882812500 3683296
0.066589355468750 3684954
0.062438964843750 3693188
0.069396972656250 3694666
0.069702148437500 3683333
0.068664550781250 3683334
0.000000000000000 3683333
0.071655273437500 3695336
0.068725585937500 3700000
0.069396972656250 3700035
0.068725585937500 3693938
0.068359375000000 3683963
0.071716308593750 3699964
0.070190429687500 3688948
0.067871093750000 3699964
0.070739746093750 3688926
0.069152832031250 3700000
0.070007324218750 3689239
0.000000000000000 3699845
0.069030761718750 3689161
0.069030761718750 3688685
0.070129394531250 3689133
0.070312500000000 3694581
0.070434570312500 3694042
0.069030761718750 3683935
0.069519042968750 3693866
0.067993164062500 3700000
0.068176269531250 3689645
0.072631835937500 3699194
0.068786621093750 3689815
0.000000000000000 3687830
0.069152832031250 3699964
0.067810058593750 3700035
0.061645507812500 3700035
0.067687988281250 3699964
0.068176269531250 3690421
0.069274902343750 3683369
0.069519042968750 3683331
0.069702148437500 3683334
0.069641113281250 3692567
0.068786621093750 3696447
0.070861816406250 3683367
0.068786621093750 3686848
0.067077636718750 3700000
0.070373535156250 3685496
0.000000000000000 3683369
0.071411132812500 3694560
0.067077636718750 3692094
0.068725585937500 3685792
0.067077636718750 3691782
0.069335937500000 3688936
0.070373535156250 3691735
0.069519042968750 3683369
0.070068359375000 3691556
0.066772460937500 3686338
0.072082519531250 3683335
0.068542480468750 3683333
0.068908691406250 3696960
0.000000000000000 3688920
0.067138671875000 3700000
0.070922851562500 3686714
0.069641113281250 3683301
0.068115234375000 3696568
0.071533203125000 3700000
0.069885253906250 3700035
0.070678710937500 3692733
0.067077636718750 3684757
0.069213867187500 3693133
0.069519042968750 3694534
0.068969726562500 3690165
0.000000000000000 3699964
0.069396972656250 3693417
0.067504882812500 3695352
0.061767578125000 3693679
0.067504882812500 3695199
0.068359375000000 3699964
0.070495605468750 3700035
0.068969726562500 3700000
0.068908691406250 3688604
0.067749023437500 3689104
0.071289062500000 3688883
0.067749023437500 3688907
0.060729980468750 3699964
0.068237304687500 3700035
0.067871093750000 3689139
0.072631835937500 3688599
0.068542480468750 3700035
0.000000000000000 3695153
0.069519042968750 3693722
0.068115234375000 3684110
0.070617675781250 3693535
0.068054199218750 3699964
0.069519042968750 3700035
0.068603515625000 3700000
0.066345214843750 3693796
0.207885742187500 3691763
0.000000000000000 3689554
0.067749023437500 3688310
0.071105957031250 3683369
0.070007324218750 3683298
0.070129394531250 3683296
0.069824218750000 3694846
0.067932128906250 3697450
0.060852050781250 3700000
0.067565917968750 3694559
0.069946289062500 3683330
0.068420410156250 3694538
0.069519042968750 3683298
0.068298339843750 3699652
0.066894531250000 3700000
0.069519042968750 3694462
0.000000000000000 3683295
0.068603515625000 3683368
0.071289062500000 3683299
0.067749023437500 3698976
0.072448730468750 3700035
0.068054199218750 3688845
0.070678710937500 3700000
0.068725585937500 3688906
0.067504882812500 3700000
0.070922851562500 3696095
0.068176269531250 3692850
0.071472167968750 3685007
0.000000000000000 3683369
0.068359375000000 3687067
0.069763183593750 3690838
0.068359375000000 3686251
0.068725585937500 3683336
0.071044921875000 3686265
0.067504882812500 3691657
0.070373535156250 3686080
0.069519042968750 3691815
0.068847656250000 3697119
0.070434570312500 3699964
0.067443847656250 3686578
0.070129394531250 3683330
0.000000000000000 3694594
0.069519042968750 3683334
0.068725585937500 3685458
0.070983886718750 3692332
0.068664550781250 3694775
0.069091796875000 3690671
0.069030761718750 3687217
0.070373535156250 3690371
0.067687988281250 3700000
0.071594238281250 3700000
0.070983886718750 3688719
0.068176269531250 3693998
0.070129394531250 3695131
0.000000000000000 3684435
0.068969726562500 3683436
0.069152832031250 3683300
0.069641113281250 3694556
0.070190429687500 3683493
0.069030761718750 3694429
0.071472167968750 3694558
0.061767578125000 3694338
0.068176269531250 3694808
0.070068359375000 3683330
0.067993164062500 3683336
0.070190429687500 3683262
0.070800781250000 3683367
0.066589355468750 3683334
0.000000000000000 3683331
0.068237304687500 3683366
0.068176269531250 3699201
0.070373535156250 3689853
0.068115234375000 3694532
0.069213867187500 3693403
0.070861816406250 3688897
0.068908691406250 3700000
0.069091796875000 3695794
0.067199707031250 3693184
0.071777343750000 3695861
0.067138671875000 3693032
0.000000000000000 3684819
0.069763183593750 3692932
0.068603515625000 3700035
0.068908691406250 3700000
0.069213867187500 3685097
0.068115234375000 3683366
0.062072753906250 3697974
0.068908691406250 3700000
0.068054199218750 3700000
0.068908691406250 3699964
0.070678710937500 3700000
0.068176269531250 3691426
0.066833496093750 3683298
0.069091796875000 3683337
0.067993164062500 3686189
0.000000000000000 3700000
0.071289062500000 3688803
0.066467285156250 3692000
0.070678710937500 3694750
0.069030761718750 3692049
0.070678710937500 3696841
0.069396972656250 3700000
0.069763183593750 3688914
0.071777343750000 3692582
0.070129394531250 3696385
0.070434570312500 3692645
0.069580078125000 3694556
0.067016601562500 3690635
0.000000000000000 3700000
0.070068359375000 3693030
0.067749023437500 3695926
0.069580078125000 3693102
0.069458007812500 3695758
0.069396972656250 3693333
0.070678710937500 3694672
0.069274902343750 3683264
0.069824218750000 3684233
0.067810058593750 3700035
0.070190429687500 3688908
0.068237304687500 3700000
0.070068359375000 3688803
0.000000000000000 3700105
0.071044921875000 3688465
0.067626953125000 3689320
0.068969726562500 3699964
0.068786621093750 3694221
0.068542480468750 3694711
0.067626953125000 3700000
0.068664550781250 3700035
0.072326660156250 3699964
0.068176269531250 3689317
0.068115234375000 3683402
0.066894531250000 3683333
0.068847656250000 3683331
0.000000000000000 3683335
0.069763183593750 3694537
0.070678710937500 3693648
0.070556640625000 3684282
0.066711425781250 3693545
0.071228027343750 3700000
0.068420410156250 3689973
0.067932128906250 3698898
0.067565917968750 3690122
0.070312500000000 3683296
0.070678710937500 3683332
0.069396972656250 3698517
0.062316894531250 3700035
0.066406250000000 3700000
0.000000000000000 3699964
0.070983886718750 3700035
0.067443847656250 3699929
0.069152832031250 3700035
0.067077636718750 3700000
0.070556640625000 3700000
0.070861816406250 3699929
0.068054199218750 3689013
0.068420410156250 3691207
0.069091796875000 3697663
0.069763183593750 3700000
0.066955566406250 3697024
0.070739746093750 3683371
0.000000000000000 3694534
0.068969726562500 3691677
0.068298339843750 3686303
0.070800781250000 3691506
0.068847656250000 3699929
0.068115234375000 3700035
0.067810058593750 3697774
0.071228027343750 3691120
0.069824218750000 3686698
0.067260742187500 3691092
0.069641113281250 3698000
0.067626953125000 3690801
0.069885253906250 3687032
0.000000000000000 3683333
0.068969726562500 3696205
0.069152832031250 3692899
0.070190429687500 3696220
0.068603515625000 3693118
0.068054199218750 3684657
0.070251464843750 3700035
0.068603515625000 3687714
0.067382812500000 3683336
0.070068359375000 3684251
0.070373535156250 3700035
0.067749023437500 3688884
0.068481445312500 3693664
0.067810058593750 3684141
0.000000000000000 3699964
0.068481445312500 3699477
0.066223144531250 3689456
0.070373535156250 3688946
0.067565917968750 3693062
0.069824218750000 3688628
0.068481445312500 3689126
0.069702148437500 3699956
0.061157226562500 3683395
0.066955566406250 3683333
0.070983886718750 3699976
0.068847656250000 3699894
0.068420410156250 3694817
0.071350097656250 3694110
0.069335937500000 3694915
0.000000000000000 3683369
0.068908691406250 3699469
0.066894531250000 3700035
0.069641113281250 3699964
0.070922851562500 3700035
0.070312500000000 3695421
0.068908691406250 3693435
0.067626953125000 3684501
0.070922851562500 3693272
0.068786621093750 3695805
0.069641113281250 3688217
0.066833496093750 3687514
0.069519042968750 3690359
0.000000000000000 3687284
0.070251464843750 3690648
0.069213867187500 3694546
0.069091796875000 3692557
0.067932128906250 3696538
0.069213867187500 3683336
0.069030761718750 3686830
0.069152832031250 3700035
0.069885253906250 3685502
0.067626953125000 3683334
0.070190429687500 3694569
0.070678710937500 3683331
0.000000000000000 3686456
0.069763183593750 3691507
0.067321777343750 3694546
0.071044921875000 3691788
0.071044921875000 3688944
0.067932128906250 3699964
0.068359375000000 3686301
0.066528320312500 3691285
0.069824218750000 3686605
0.068908691406250 3683299
0.071228027343750 3694610
0.070312500000000 3683299
0.068603515625000 3685426
0.000000000000000 3692475
0.070190429687500 3696504
0.069702148437500 3692567
0.068725585937500 3683365
0.068786621093750 3683333
0.070312500000000 3692524
0.070922851562500 3690580
0.067138671875000 3688934
0.068054199218750 3698860
0.067749023437500 3688911
0.070495605468750 3693230
0.067199707031250 3695742
0.069152832031250 3699964
0.000000000000000 3700035
0.069274902343750 3693626
0.069702148437500 3695285
0.068725585937500 3693902
0.068115234375000 3694559
0.069702148437500 3689461
0.068847656250000 3688358
0.070983886718750 3689383
0.069702148437500 3700000
0.067993164062500 3694150
0.069335937500000 3683370
0.066833496093750 3689043
0.000000000000000 3699964
0.069946289062500 3694492
0.067321777343750 3694445
0.068298339843750 3694616
0.070373535156250 3683332
0.069335937500000 3694500
0.068420410156250 3683332
0.068054199218750 3688427
0.070251464843750 3689498
0.069641113281250 3683299
0.067077636718750 3693753
0.069091796875000 3689015
0.066589355468750 3700000
0.070495605468750 3686892
0.000000000000000 3689876
0.068664550781250 3698931
0.069580078125000 3700035
0.069091796875000 3699964
0.070068359375000 3696648
0.070617675781250 3695851
0.068359375000000 3692992
0.069763183593750 3696011
0.067199707031250 3683369
0.070739746093750 3699359
0.067993164062500 3690602
0.062072753906250 3698291
0.067749023437500 3700035
0.069519042968750 3685259
0.000000000000000 3683299
0.070800781250000 3694566
0.066467285156250 3692408
0.069335937500000 3685519
0.068054199218750 3692218
0.082214355468750 3700000
0.067382812500000 3691288
0.069885253906250 3697659
0.069091796875000 3699964
0.069519042968750 3700035
0.061889648437500 3700000
0.069458007812500 3699964
0.000000000000000 3691846
0.071594238281250 3683230
0.067016601562500 3691487
0.071777343750000 3699964
0.061828613281250 3692213
0.070190429687500 3685642
0.063842773437500 3692294
0.068847656250000 3696616
0.070312500000000 3692420
0.070190429687500 3696432
0.069641113281250 3700035
0.071350097656250 3698298
0.068481445312500 3698979
0.060729980468750 3687373
0.065856933593750 3690364
0.069946289062500 3699964
0.068481445312500 3693226
0.000000000000000 3684476
0.067749023437500 3693423
0.069335937500000 3683298
0.069213867187500 3683334
0.067138671875000 3694553
0.064514160156250 3683335
0.062866210937500 3683968
0.064147949218750 3700035
0.070495605468750 3699518
0.069580078125000 3683368
0.069946289062500 3694745
0.072265625000000 3700000
0.070068359375000 3699964
0.070556640625000 3700000
0.069030761718750 3688908
0.069091796875000 3688724
0.068115234375000 3700000
0.000000000000000 3683647
0.068542480468750 3683299
0.068664550781250 3683366
0.069274902343750 3693924
0.070617675781250 3695426
0.071166992187500 3693507
0.069519042968750 3700000
0.067504882812500 3690010
0.070312500000000 3687637
0.070129394531250 3690254
0.069702148437500 3693755
0.070068359375000 3683333
0.000000000000000 3687514
0.069396972656250 3700000
0.069946289062500 3696016
0.067687988281250 3692715
0.068542480468750 3700035
0.068603515625000 3700000
0.069458007812500 3696403
0.071838378906250 3692492
0.068603515625000 3685441
0.070800781250000 3692191
0.070495605468750 3688908
0.071289062500000 3691261
0.067504882812500 3683368
0.069763183593750 3683263
0.000000000000000 3683365
0.069030761718750 3691861
0.068115234375000 3697181
0.069946289062500 3683298
0.071105957031250 3697332
0.068481445312500 3691786
0.068481445312500 3697048
0.069152832031250 3684675
0.069152832031250 3685792
0.070068359375000 3692136
0.067077636718750 3694688
0.067749023437500 3691052
0.071716308593750 3699964
0.000000000000000 3700035
0.067565917968750 3686917
0.069091796875000 3683333
0.067565917968750 3696304
0.060974121093750 3696637
0.070251464843750 3683336
0.067749023437500 3683298
0.070678710937500 3694620
0.068237304687500 3683295
0.070617675781250 3694594
0.068359375000000 3690242
0.068481445312500 3698802
0.068298339843750 3683231
0.071350097656250 3694626
0.072875976562500 3690008
0.000000000000000 3699122
0.069152832031250 3689752
0.071044921875000 3688912
0.066955566406250 3694037
0.071350097656250 3695024
0.068664550781250 3694003
0.069152832031250 3694593
0.069213867187500 3683299
0.070312500000000 3694762
0.068603515625000 3694293
0.069091796875000 3694570
0.069396972656250 3683434
0.069091796875000 3694470
0.000000000000000 3700035
0.070739746093750 3689177
0.070068359375000 3699627
0.067199707031250 3699964
0.070861816406250 3688910
0.068115234375000 3700035
0.069458007812500 3684080
0.067443847656250 3683297
0.071411132812500 3683368
0.069702148437500 3683333
0.069641113281250 3686287
0.067810058593750 3693320
0.068054199218750 3684553
0.069213867187500 3692819
0.000000000000000 3685050
0.069946289062500 3683331
0.069641113281250 3694518
0.068481445312500 3692651
0.067260742187500 3685764
0.068176269531250 3692476
0.069702148437500 3688929
0.068786621093750 3700000
0.069885253906250 3696713
0.070251464843750 3692160
0.072387695312500 3700035
0.067932128906250 3691318
0.068359375000000 3686395
0.000000000000000 3700000
0.069458007812500 3688701
0.069519042968750 3691815
0.067565917968750 3694563
0.070434570312500 3691425
0.072204589843750 3686555
0.069091796875000 3691246
0.069396972656250 3697741
0.068969726562500 3687736
0.069152832031250 3688888
0.067932128906250 3700035
0.068054199218750 3698100
0.072753906250000 3683330
0.000000000000000 3693412
0.069030761718750 3690673
0.069641113281250 3699363
0.067504882812500 3692913
0.062988281250000 3684710
0.069824218750000 3700000
0.061340332031250 3687765
0.067443847656250 3697212
0.071044921875000 3688877
0.070068359375000 3699894
0.068115234375000 3699353
0.070739746093750 3689587
0.068847656250000 3700035
0.069152832031250 3699964
0.071166992187500 3688388
0.069152832031250 3683334
0.069396972656250 3683689
0.070312500000000 3699964
0.061462402343750 3700035
0.000000000000000 3700000
0.067626953125000 3699964
0.070556640625000 3700000
0.069213867187500 3689068
0.069946289062500 3699864
0.068420410156250 3689145
0.069824218750000 3688642
0.072082519531250 3700000
0.067687988281250 3699964
0.060852050781250 3700000
0.067810058593750 3688931
0.070373535156250 3689723
0.069396972656250 3694558
0.067016601562500 3693527
0.069274902343750 3688946
0.070251464843750 3700000
0.000000000000000 3695723
0.070190429687500 3693234
0.069335937500000 3695793
0.071044921875000 3683297
0.069885253906250 3687540
0.068481445312500 3690348
0.067565917968750 3683337
0.070129394531250 3683367
0.064941406250000 3698381
0.066955566406250 3700035
0.068115234375000 3685149
0.069274902343750 3692553
0.068908691406250 3696467
0.072998046875000 3691338
0.000000000000000 3695220
0.069335937500000 3700035
0.074645996093750 3688879
0.071044921875000 3696791
0.067871093750000 3697799
0.067138671875000 3691251
0.066040039062500 3686470
0.071350097656250 3700000
0.070861816406250 3688909
0.068237304687500 3691821
0.069091796875000 3697121
0.061523437500000 3699929
0.066467285156250 3697623
0.072143554687500 3691353
0.064575195312500 3688890
0.063476562500000 3700000
0.000000000000000 3689000
0.072937011718750 3699964
0.063537597656250 3698152
0.073242187500000 3690768
0.062011718750000 3698201
0.068969726562500 3690712
0.068420410156250 3700000
0.073242187500000 3692835
0.062805175781250 3696018
0.069213867187500 3693039
0.066955566406250 3695908
0.068725585937500 3693084
0.071044921875000 3683330
0.070556640625000 3690124
0.069641113281250 3700035
0.067749023437500 3693397
0.000000000000000 3694554
0.070129394531250 3689722
0.067932128906250 3688908
0.068542480468750 3700035
0.071533203125000 3688926
0.070251464843750 3693998
0.062255859375000 3695064
0.069030761718750 3693975
0.070678710937500 3683333
0.069641113281250 3683333
0.072082519531250 3683336
0.068359375000000 3688970
0.071716308593750 3700000
0.000000000000000 3700035
0.069885253906250 3699964
0.069091796875000 3683570
0.061950683593750 3683335
0.069396972656250 3688561
0.070373535156250 3689305
0.067993164062500 3694521
0.072265625000000 3683368
0.071899414062500 3688120
0.069641113281250 3691594
0.070312500000000 3688937
0.067443847656250 3700000
0.061889648437500 3700000
0.070251464843750 3696269
0.000000000000000 3699964
0.070129394531250 3700000
0.069763183593750 3700035
0.070617675781250 3690558
0.067810058593750 3687192
0.068359375000000 3690696
0.068664550781250 3695016
0.067810058593750 3683371
0.069763183593750 3683331
0.070800781250000 3683299
0.067016601562500 3697962
0.070129394531250 3700035
0.069213867187500 3685562
0.000000000000000 3683299
0.070190429687500 3686422
0.069763183593750 3691450
0.069580078125000 3683330
0.073669433593750 3691839
0.069458007812500 3686205
0.061950683593750 3691409
0.062133789062500 3686425
0.064025878906250 3691261
0.062316894531250 3699964
0.065307617187500 3700000
0.063842773437500 3688933
0.069519042968750 3700000
0.067932128906250 3698099
0.069396972656250 3690774
0.069213867187500 3688934
0.068542480468750 3692942
0.067749023437500 3694485
0.069152832031250 3683367
0.000000000000000 3695890
0.070678710937500 3700000
0.067260742187500 3698863
0.069641113281250 3683404
0.070129394531250 3695341
0.068908691406250 3693860
0.068847656250000 3683295
0.068969726562500 3692162
0.060791015625000 3683335
0.068664550781250 3699890
0.069824218750000 3689101
0.068054199218750 3688466
0.069091796875000 3689490
0.068176269531250 3688316
0.000000000000000 3689626
0.070800781250000 3694522
0.069519042968750 3683366
0.067871093750000 3683334
0.070312500000000 3693518
0.067504882812500 3684394
0.069458007812500 3693289
0.068786621093750 3699401
0.067749023437500 3690181
0.068542480468750 3687587
0.068664550781250 3700000
0.070373535156250 3688909
0.071166992187500 3690505
0.000000000000000 3694547
0.068908691406250 3692642
0.070739746093750 3700035
0.068542480468750 3699964
0.069824218750000 3685360
0.067077636718750 3683333
0.071594238281250 3686748
0.069824218750000 3700035
0.070678710937500 3685613
0.067687988281250 3692095
0.069030761718750 3688591
0.070190429687500 3691734
0.069091796875000 3686039
0.000000000000000 3699964
0.069885253906250 3697713
0.071289062500000 3691232
0.072204589843750 3688964
0.070861816406250 3699964
0.067138671875000 3700000
0.061645507812500 3692636
0.067321777343750 3683329
0.069335937500000 3690560
0.069458007812500 3698489
0.068481445312500 3690444
0.070007324218750 3700000
0.069519042968750 3700000
0.000000000000000 3699964
0.070434570312500 3699964
0.066894531250000 3687935
0.070983886718750 3688723
0.067260742187500 3688644
0.070068359375000 3700035
0.070922851562500 3700000
0.068786621093750 3700000
0.067749023437500 3688617
0.067626953125000 3689093
0.069458007812500 3688840
0.067443847656250 3683331
0.069213867187500 3694229
0.067321777343750 3688969
0.000000000000000 3689310
0.070251464843750 3693166
0.072937011718750 3683295
0.068054199218750 3688251
0.068237304687500 3700070
0.067810058593750 3700000
0.071044921875000 3700000
0.069824218750000 3684262
0.068542480468750 3683367
0.068969726562500 3694618
0.067871093750000 3683295
0.070495605468750 3683334
0.067138671875000 3693006
0.000000000000000 3699964
0.069580078125000 3690601
0.067565917968750 3683337
0.070068359375000 3690649
0.068603515625000 3688449
0.067749023437500 3700035
0.071655273437500 3686426
0.067382812500000 3699964
0.069641113281250 3689005
0.067138671875000 3700035
0.070922851562500 3700000
0.068969726562500 3699964
0.069091796875000 3700000
0.000000000000000 3691954
0.068664550781250 3687226
0.069458007812500 3700035
0.069030761718750 3686554
0.068603515625000 3683298
0.068908691406250 3683371
0.069580078125000 3683298
0.068725585937500 3694677
0.069091796875000 3690339
0.070129394531250 3698645
0.069458007812500 3690236
0.068237304687500 3687670
0.069824218750000 3689597
0.000000000000000 3699389
0.068908691406250 3683369
0.068420410156250 3683295
0.068664550781250 3689439
0.067749023437500 3688966
0.071166992187500 3700000
0.070068359375000 3688946
0.069763183593750 3694191
0.067687988281250 3694719
0.068176269531250 3700000
0.069458007812500 3688907
0.068786621093750 3688791
0.069458007812500 3700000
0.000000000000000 3688888
0.071044921875000 3689232
0.067993164062500 3688419
0.071105957031250 3700000
0.067810058593750 3684058
0.069458007812500 3693728
0.069152832031250 3695304
0.068237304687500 3683335
0.070800781250000 3687906
0.068847656250000 3689982
0.069641113281250 3698925
0.069152832031250 3690264
0.071044921875000 3694532
0.066589355468750 3683331
0.000000000000000 3694552
0.070068359375000 3692773
0.067321777343750 3699964
0.071289062500000 3690793
0.071228027343750 3683330
0.070190429687500 3692485
0.068054199218750 3685406
0.067382812500000 3683333
0.070922851562500 3694678
0.067565917968750 3691962
0.069519042968750 3685928
0.069641113281250 3691557
0.066467285156250 3697698
0.000000000000000 3691211
0.070678710937500 3697815
0.067687988281250 3691142
0.068908691406250 3697880
0.066894531250000 3690993
0.069335937500000 3698025
0.067321777343750 3690918
0.070007324218750 3699964
0.068542480468750 3700000
0.068115234375000 3687282
0.061157226562500 3683370
0.067382812500000 3684726
0.068420410156250 3693071
0.067382812500000 3683368
0.069885253906250 3683296
0.000000000000000 3694552
0.070556640625000 3683334
0.070922851562500 3695606
0.069824218750000 3693467
0.068481445312500 3683302
0.068908691406250 3689501
0.069580078125000 3699964
0.069396972656250 3688630
0.069396972656250 3694873
0.069091796875000 3695486
0.069824218750000 3694710
0.067626953125000 3694357
0.069152832031250 3683370
0.000000000000000 3688882
0.068237304687500 3689043
0.072326660156250 3699866
0.070922851562500 3700000
0.068786621093750 3683642
0.067993164062500 3683368
0.069702148437500 3683298
0.070434570312500 3688162
0.067687988281250 3695686
0.068054199218750 3693188
0.070373535156250 3684709
0.060974121093750 3683333
0.069213867187500 3694544
0.067504882812500 3683368
0.000000000000000 3698463
0.067932128906250 3690559
0.068664550781250 3698369
0.060974121093750 3690708
0.067443847656250 3697874
0.067504882812500 3700035
0.070190429687500 3688844
0.069946289062500 3691483
0.067626953125000 3697496
0.068603515625000 3691548
0.070251464843750 3697344
0.068115234375000 3691722
0.069580078125000 3685995
0.070617675781250 3700035
0.068969726562500 3697661
0.000000000000000 3683334
0.068786621093750 3696721
0.069091796875000 3698424
0.069274902343750 3700000
0.067932128906250 3692852
0.068603515625000 3694555
0.069030761718750 3683332
0.067932128906250 3695151
0.070068359375000 3693120
0.067993164062500 3694592
0.068908691406250 3690163
0.068725585937500 3687671
0.069702148437500 3690061
0.000000000000000 3687833
0.067565917968750 3683331
0.070495605468750 3684274
0.069458007812500 3700000
0.070190429687500 3688152
0.070312500000000 3683331
0.070068359375000 3694574
0.069702148437500 3689402
0.071655273437500 3699644
0.067077636718750 3683330
0.067871093750000 3694267
0.068115234375000 3700035
0.000000000000000 3699964
0.068359375000000 3683844
0.069213867187500 3683337
0.069763183593750 3688248
0.070190429687500 3689894
0.068725585937500 3699018
0.071533203125000 3690009
0.066711425781250 3698904
0.070068359375000 3700000
0.067932128906250 3700000
0.069946289062500 3690333
0.070129394531250 3683295
0.067626953125000 3683336
0.000000000000000 3686869
0.068847656250000 3691023
0.066772460937500 3683366
0.274475097656250 3691519
0.069152832031250 3690139
0.071166992187500 3700035
0.068481445312500 3700000
0.068725585937500 3684987
0.070678710937500 3683369
0.070190429687500 3697923
0.067749023437500 3700000
0.000000000000000 3696733
0.070068359375000 3692220
0.069458007812500 3685677
0.067626953125000 3683332
0.069396972656250 3683331
0.069885253906250 3691755
0.068176269531250 3686116
0.067199707031250 3683330
0.070861816406250 3697119
0.070495605468750 3700000
0.068115234375000 3697676
0.067443847656250 3683297
0.069213867187500 3683369
0.062011718750000 3683331
0.069763183593750 3685470
0.000000000000000 3700000
0.071350097656250 3698141
0.070800781250000 3683334
0.071838378906250 3684817
0.068786621093750 3693087
0.069152832031250 3695862
0.068664550781250 3700035
0.067626953125000 3699964
0.070861816406250 3693297
0.069091796875000 3695339
0.068115234375000 3700035
0.069763183593750 3688257
0.000000000000000 3689443
0.069030761718750 3699590
0.070373535156250 3683365
0.069396972656250 3683228
0.068786621093750 3693854
0.068847656250000 3699912
0.070495605468750 3689035
0.069946289062500 3700070
0.068176269531250 3694497
0.069213867187500 3694387
0.068481445312500 3694669
0.068786621093750 3683367
0.069274902343750 3696985
0.067749023437500 3699964
0.061096191406250 3683841
0.000000000000000 3685965
0.068725585937500 3683330
0.069335937500000 3693474
0.067138671875000 3688912
0.069763183593750 3699964
0.067443847656250 3688903
0.069641113281250 3690230
0.071533203125000 3693607
0.068359375000000 3693013
0.067565917968750 3695986
0.071777343750000 3692923
0.069946289062500 3700035
0.067260742187500 3700000
0.000000000000000 3685072
0.068969726562500 3692590
0.068847656250000 3696401
0.070556640625000 3683405
0.069580078125000 3683331
0.068664550781250 3683296
0.067504882812500 3694542
0.070251464843750 3683336
0.069824218750000 3683297
0.068054199218750 3691567
0.066223144531250 3697498
0.061157226562500 3691337
0.069213867187500 3688875
0.070007324218750 3700000
0.000000000000000 3700035
0.069824218750000 3699964
0.069458007812500 3688909
0.072265625000000 3692577
0.067626953125000 3683260
0.070983886718750 3694541
0.068542480468750 3687132
0.068725585937500 3690659
0.069213867187500 3698362
0.070678710937500 3687094
0.069519042968750 3696057
0.069458007812500 3700000
0.061096191406250 3700000
0.068237304687500 3693107
0.000000000000000 3684562
0.067932128906250 3693220
0.066772460937500 3684475
0.061584472656250 3700000
0.069152832031250 3699964
0.068481445312500 3699964
0.071594238281250 3688946
0.069091796875000 3694028
0.069824218750000 3683696
0.067993164062500 3694227
0.070922851562500 3694334
0.069091796875000 3694735
0.068969726562500 3683332
0.068969726562500 3694560
0.069458007812500 3683368
0.000000000000000 3699487
0.070007324218750 3689566
0.068359375000000 3694679
0.071044921875000 3683330
0.068908691406250 3694525
0.072265625000000 3683334
0.069641113281250 3694780
0.068603515625000 3693195
0.070190429687500 3688939
0.068542480468750 3690329
0.068908691406250 3687425
0.070312500000000 3700000
0.000000000000000 3696257
0.069396972656250 3683332
0.072204589843750 3683366
0.069580078125000 3692568
0.061401367187500 3699964
0.067565917968750 3700000
0.061828613281250 3700035
0.067993164062500 3691153
0.070129394531250 3694556
0.069702148437500 3691520
0.070068359375000 3688870
0.070251464843750 3700000
0.070068359375000 3697712
0.070068359375000 3691228
0.069458007812500 3688941
0.068481445312500 3699964
0.000000000000000 3686781
0.067565917968750 3690961
0.069519042968750 3688907
0.068664550781250 3700000
0.067260742187500 3698323
0.070739746093750 3685987
0.068786621093750 3698506
0.069702148437500 3683370
0.067932128906250 3695880
0.070495605468750 3700000
0.070190429687500 3687635
0.071166992187500 3690156
0.069274902343750 3700035
0.066406250000000 3700000
0.000000000000000 3699964
0.072326660156250 3693517
0.068054199218750 3684337
0.070495605468750 3693553
0.066589355468750 3684187
0.070922851562500 3700000
0.070556640625000 3688804
0.067626953125000 3700000
0.069335937500000 3700035
0.068115234375000 3700000
0.069946289062500 3688877
0.067260742187500 3700035
0.069030761718750 3699964
0.000000000000000 3694488
0.067932128906250 3683333
0.070678710937500 3688767
0.068664550781250 3689365
0.071166992187500 3694563
0.069763183593750 3683369
0.065856933593750 3699371
0.061035156250000 3689618
0.071655273437500 3688075
0.067810058593750 3689793
0.069335937500000 3694511
0.070739746093750 3693493
0.069091796875000 3684432
0.067016601562500 3693334
0.000000000000000 3700035
0.068359375000000 3700000
0.069335937500000 3688909
0.071594238281250 3699964
0.069030761718750 3688947
0.067932128906250 3690519
0.069641113281250 3694537
0.069152832031250 3692838
0.069396972656250 3685113
0.071960449218750 3692651
0.069030761718750 3700000
0.069152832031250 3700000
0.000000000000000 3688839
0.067932128906250 3699964
0.069519042968750 3700070
0.069519042968750 3700000
0.068603515625000 3699894
0.070800781250000 3700105
0.069030761718750 3697936
0.068298339843750 3683334
0.067687988281250 3686105
0.067626953125000 3699964
0.071899414062500 3697536
0.071166992187500 3691408
0.000000000000000 3697616
0.071166992187500 3691296
0.067504882812500 3686632
0.069580078125000 3683332
0.069946289062500 3683337
0.069946289062500 3690143
0.067932128906250 3689017
0.067199707031250 3699964
0.073913574218750 3700035
0.069213867187500 3699964
0.068969726562500 3698776
0.069458007812500 3683266
0.070739746093750 3684589
0.000000000000000 3693347
0.067871093750000 3684385
0.069702148437500 3699964
0.070068359375000 3688078
0.067871093750000 3683298
0.069641113281250 3694557
0.066650390625000 3683337
0.069458007812500 3694594
0.068603515625000 3683331
0.070739746093750 3694512
0.069458007812500 3689017
0.068847656250000 3688968
0.068115234375000 3694463
0.068603515625000 3683334
0.000000000000000 3683330
0.070434570312500 3683370
0.069641113281250 3697931
0.069335937500000 3689364
0.070617675781250 3699499
0.069152832031250 3700000
0.070251464843750 3700000
0.066894531250000 3700000
0.070495605468750 3684228
0.068725585937500 3683370
0.069091796875000 3699034
0.070678710937500 3699964
0.069030761718750 3688907
0.000000000000000 3684400
0.068725585937500 3698400
0.071411132812500 3700000
0.070190429687500 3688943
0.067626953125000 3690769
0.069763183593750 3687006
0.068603515625000 3690942
0.071289062500000 3694520
0.068359375000000 3692313
0.070922851562500 3700000
0.067871093750000 3700000
0.070068359375000 3688935
0.000000000000000 3691516
0.068847656250000 3686260
0.070373535156250 3699407
0.068542480468750 3698758
0.069274902343750 3700000
0.070007324218750 3688869
0.070190429687500 3700000
0.067810058593750 3686376
0.069702148437500 3683335
0.071166992187500 3694711
0.068420410156250 3700000
0.070312500000000 3700035
0.067932128906250 3700000
0.068847656250000 3699964
0.000000000000000 3698192
0.072937011718750 3687220
0.068298339843750 3690027
0.072570800781250 3687831
0.070922851562500 3689925
0.063171386718750 3700035
0.066955566406250 3700000
0.061035156250000 3688049
0.067504882812500 3691099
0.068908691406250 3683375
0.070739746093750 3694469
0.068298339843750 3694366
0.071289062500000 3688969
0.069213867187500 3689104
0.062194824218750 3694556
0.070068359375000 3683330
0.068786621093750 3688500
0.000000000000000 3689371
0.067626953125000 3689423
0.069946289062500 3683334
0.061706542968750 3685639
0.070983886718750 3700000
0.070800781250000 3695847
0.068664550781250 3683366
0.070983886718750 3698526
0.066955566406250 3700000
0.069580078125000 3685103
0.069580078125000 3692646
0.071777343750000 3688898
0.071594238281250 3700000
0.000000000000000 3688933
0.067443847656250 3700000
0.070007324218750 3696697
0.068481445312500 3683331
0.069458007812500 3697761
0.068298339843750 3699964
0.068725585937500 3688759
0.070251464843750 3691616
0.067932128906250 3683299
0.060913085937500 3683368
0.068603515625000 3697142
0.068786621093750 3691897
0.068237304687500 3696924
0.067565917968750 3692091
0.070373535156250 3685789
0.000000000000000 3700000
0.069519042968750 3686761
0.069885253906250 3690936
0.068786621093750 3686997
0.069946289062500 3683368
0.067626953125000 3685046
0.068237304687500 3692864
0.071899414062500 3684908
0.068481445312500 3700000
0.071044921875000 3688910
0.067382812500000 3693142
0.068237304687500 3695745
0.068176269531250 3700000
0.000000000000000 3698998
0.069580078125000 3689922
0.066040039062500 3699964
0.068786621093750 3700000
0.071899414062500 3699256
0.066711425781250 3683367
0.060729980468750 3683986
0.068908691406250 3693937
0.068908691406250 3683643
0.067993164062500 3700035
0.072509765625000 3699845
0.068481445312500 3683296
0.070312500000000 3694562
0.067749023437500 3689081
0.070007324218750 3689902
0.000000000000000 3699900
0.071594238281250 3700000
0.066833496093750 3689358
0.069519042968750 3683336
0.068237304687500 3699678
0.070617675781250 3689298
0.069213867187500 3699645
0.066589355468750 3689434
0.069641113281250 3694554
0.068054199218750 3693812
0.069580078125000 3695447
0.070922851562500 3683295
0.070434570312500 3683335
0.000000000000000 3693302
0.070007324218750 3688914
0.069824218750000 3690276
0.069946289062500 3683333
0.068603515625000 3683297
0.068603515625000 3687264
0.067687988281250 3700000
0.070434570312500 3685207
0.069519042968750 3692377
0.068054199218750 3688934
0.069763183593750 3699964
0.068237304687500 3688929
0.069946289062500 3700035
0.000000000000000 3688792
0.067260742187500 3699374
0.071350097656250 3697185
0.068725585937500 3691781
0.069702148437500 3686203
0.068786621093750 3691466
0.068969726562500 3697542
0.072509765625000 3691371
0.068481445312500 3700000
0.070373535156250 3692168
0.070800781250000 3685549
0.068115234375000 3700000
0.000000000000000 3686810
0.070068359375000 3690975
0.068908691406250 3698105
0.070739746093750 3683295
0.068786621093750 3684947
0.071899414062500 3700070
0.071533203125000 3698573
0.068298339843750 3690361
0.069580078125000 3687488
0.070068359375000 3683371
0.069702148437500 3695356
0.069213867187500 3693720
0.067810058593750 3684029
0.000000000000000 3700000
0.070373535156250 3688945
0.068847656250000 3700000
0.070190429687500 3688468
0.069152832031250 3683296
0.068908691406250 3694556
0.068176269531250 3689051
0.069030761718750 3688895
0.072021484375000 3683295
0.068054199218750 3683334
0.068298339843750 3688785
0.067382812500000 3699964
0.072143554687500 3688861
0.000000000000000 3689289
0.067565917968750 3694556
0.069580078125000 3683367
0.069580078125000 3683297
0.069152832031250 3683336
0.070556640625000 3699224
0.067016601562500 3689821
0.070007324218750 3683370
0.068359375000000 3693450
0.071594238281250 3695535
0.069946289062500 3692959
0.068786621093750 3694191
0.068359375000000 3683335
0.068176269531250 3698275
0.000000000000000 3690685
0.070007324218750 3694781
0.067016601562500 3692301
0.069946289062500 3700000
0.072082519531250 3700035
0.070068359375000 3696855
0.070007324218750 3692016
0.067565917968750 3688945
0.068542480468750 3683689
0.068420410156250 3686326
0.061279296875000 3691618
0.067443847656250 3686118
0.070129394531250 3691742
0.069030761718750 3696530
0.069824218750000 3689299
0.000000000000000 3685989
0.069885253906250 3692006
0.067810058593750 3694557
0.067871093750000 3691284
0.069152832031250 3686745
0.071533203125000 3690947
0.068969726562500 3686945
0.067321777343750 3690789
0.069763183593750 3688944
0.068847656250000 3699964
0.069885253906250 3700000
0.067871093750000 3700000
0.068420410156250 3688867
0.000000000000000 3700035
0.070068359375000 3695109
0.069152832031250 3693124
0.071533203125000 3684621
0.066955566406250 3693305
0.071228027343750 3694537
0.069030761718750 3683334
0.069213867187500 3684322
0.070373535156250 3693828
0.068725585937500 3687376
0.067382812500000 3700000
0.070617675781250 3688360
0.000000000000000 3683295
0.067810058593750 3683404
0.068908691406250 3689071
0.069519042968750 3700000
0.070251464843750 3699964
0.066528320312500 3689062
0.069091796875000 3699780
0.067077636718750 3700000
0.069824218750000 3694969
0.068481445312500 3693975
0.068237304687500 3699964
0.070373535156250 3689526
0.070068359375000 3688155
0.000000000000000 3700000
0.071166992187500 3699308
0.066711425781250 3689963
0.071105957031250 3687808
0.068359375000000 3690085
0.069702148437500 3698011
0.070678710937500 3700000
0.069885253906250 3695924
0.068054199218750 3692982
0.068481445312500 3696078
0.070861816406250 3692587
0.068542480468750 3700000
0.000000000000000 3690924
0.069519042968750 3694702
0.070617675781250 3692242
0.067321777343750 3685704
0.060668945312500 3691931
0.068603515625000 3697134
0.070861816406250 3691807
0.069396972656250 3697269
0.068786621093750 3691671
0.071105957031250 3697424
0.068176269531250 3691485
0.068847656250000 3699964
0.067016601562500 3700000
0.061584472656250 3697740
0.065917968750000 3683299
0.071105957031250 3694580
0.000000000000000 3691165
0.068298339843750 3696535
0.071655273437500 3699894
0.070556640625000 3698281
0.068908691406250 3683294
0.067321777343750 3694577
0.066589355468750 3690691
0.060729980468750 3688908
0.068298339843750 3700000
0.070129394531250 3699964
0.068786621093750 3700035
0.071777343750000 3698726
0.069946289062500 3690213
0.069519042968750 3698859
0.000000000000000 3690015
0.069396972656250 3700035
0.069763183593750 3699929
0.070495605468750 3700035
0.070983886718750 3700000
0.068664550781250 3699385
0.067077636718750 3689203
0.068847656250000 3688723
0.069885253906250 3689054
0.068786621093750 3699964
0.068908691406250 3694575
0.072021484375000 3683334
0.000000000000000 3683295
0.069946289062500 3694237
0.067321777343750 3683689
0.068481445312500 3690847
0.069580078125000 3700000
0.068420410156250 3689508
0.069152832031250 3699401
0.071105957031250 3689672
0.067199707031250 3699239
0.070251464843750 3700000
0.069763183593750 3688944
0.067199707031250 3689935
0.068725585937500 3699001
0.000000000000000 3700000
0.069213867187500 3684580
0.069580078125000 3693200
0.070312500000000 3695854
0.069702148437500 3693020
0.069702148437500 3684930
0.069335937500000 3692859
0.068481445312500 3684974
0.069946289062500 3683368
0.069946289062500 3683295
0.068054199218750 3683334
0.068115234375000 3683369
0.069885253906250 3683298
0.000000000000000 3694686
0.069030761718750 3692117
0.066894531250000 3685763
0.069885253906250 3691973
0.070495605468750 3685915
0.068054199218750 3683371
0.068176269531250 3685958
0.067687988281250 3691897
0.069641113281250 3697027
0.068786621093750 3691975
0.069763183593750 3683366
0.071716308593750 3691132
0.067871093750000 3686721
0.061035156250000 3691088
0.000000000000000 3686881
0.067871093750000 3683330
0.069702148437500 3686858
0.069458007812500 3692586
0.068298339843750 3685176
0.068664550781250 3692677
0.070373535156250 3696228
0.067504882812500 3692789
0.068481445312500 3696123
0.071105957031250 3692940
0.067932128906250 3694579
0.069458007812500 3683331
0.069091796875000 3691579
0.000000000000000 3693219
0.069396972656250 3684349
0.069763183593750 3700035
0.069458007812500 3699964
0.068725585937500 3700000
0.067443847656250 3699964
0.070739746093750 3694010
0.069091796875000 3683296
0.069702148437500 3683331
0.068176269531250 3683368
0.066406250000000 3683335
0.061584472656250 3694557
0.068420410156250 3683332
0.068908691406250 3694566
0.066650390625000 3688996
0.000000000000000 3688906
0.069335937500000 3699950
0.070678710937500 3698452
0.070007324218750 3683497
0.067382812500000 3694242
0.068237304687500 3694876
0.068847656250000 3683297
0.067138671875000 3694621
0.068298339843750 3683330
0.068664550781250 3699460
0.070190429687500 3689591
0.069824218750000 3694559
0.068298339843750 3693738
0.069091796875000 3695322
0.000000000000000 3693514
0.067993164062500 3688981
0.063720703125000 3689929
0.069580078125000 3694575
0.066162109375000 3693259
0.066894531250000 3700035
0.070556640625000 3690285
0.072570800781250 3683330
0.072082519531250 3692910
0.073547363281250 3696107
0.070373535156250 3683366
0.068664550781250 3683295
0.064880371093750 3692651
0.066833496093750 3700035
0.061767578125000 3700000
0.065551757812500 3699964
0.000000000000000 3700000
0.069580078125000 3696654
0.064147949218750 3692215
0.063720703125000 3700035
0.064758300781250 3696774
0.071960449218750 3700035
0.065246582031250 3691602
0.065307617187500 3697243
0.072814941406250 3700035
0.072082519531250 3688858
0.071350097656250 3699964
0.061340332031250 3700000
0.070068359375000 3700035
0.066223144531250 3686618
0.070556640625000 3691054
0.061157226562500 3698060
0.070434570312500 3683364
0.068542480468750 3694524
0.000000000000000 3683332
0.130859375000000 3695396
0.000000000000000 3692785
0.066833496093750 3696161
0.071350097656250 3700000
0.067565917968750 3698531
0.068847656250000 3690381
0.071350097656250 3687542
0.068542480468750 3683298
0.068359375000000 3684477
0.068176269531250 3693449
0.070434570312500 3695465
0.068176269531250 3693596
0.069030761718750 3684179
0.069091796875000 3693766
0.000000000000000 3683334
0.070129394531250 3683329
0.070922851562500 3694594
0.066589355468750 3689444
0.070068359375000 3699594
0.069152832031250 3683335
0.069702148437500 3691310
0.069396972656250 3683333
0.068908691406250 3694559
0.070129394531250 3696962
0.067687988281250 3688854
0.072509765625000 3683334
0.000000000000000 3694250
0.068115234375000 3694736
0.067871093750000 3693881
0.071655273437500 3688911
0.068298339843750 3689704
0.069091796875000 3683369
0.069458007812500 3699534
0.069519042968750 3688905
0.068847656250000 3700035
0.070251464843750 3684474
0.069763183593750 3693228
0.068420410156250 3700035
0.069458007812500 3696348
0.000000000000000 3699964
0.067932128906250 3690493
0.069335937500000 3683333
0.068847656250000 3692873
0.069030761718750 3685017
0.069580078125000 3683365
0.062988281250000 3698202
0.069519042968750 3690789
0.068115234375000 3698083
0.060729980468750 3690962
0.062866210937500 3596921
0.063049316406250 3608001
0.070007324218750 3683295
0.061462402343750 3691684
0.062988281250000 3688853
0.064758300781250 3700000
0.067687988281250 3690143
0.061950683593750 3692120
0.069702148437500 3683299
0.070068359375000 3691166
0.069213867187500 3697857
0.067993164062500 3683334
0.070800781250000 3696359
0.000000000000000 3700000
0.067321777343750 3688924
0.071105957031250 3692715
0.069213867187500 3683437
0.069641113281250 3683267
0.069702148437500 3696013
0.066894531250000 3700000
0.072448730468750 3700000
0.067077636718750 3693212
0.071044921875000 3684517
0.066894531250000 3700000
0.072082519531250 3687912
0.000000000000000 3683301
0.069213867187500 3695264
0.067077636718750 3700035
0.070312500000000 3699964
0.068054199218750 3694038
0.071105957031250 3683898
0.068420410156250 3700035
0.070495605468750 3699648
0.069458007812500 3689228
0.069458007812500 3699964
0.068786621093750 3700070
0.067199707031250 3699964
0.068054199218750 3700000
0.000000000000000 3700000
0.068969726562500 3688876
0.073730468750000 3782602
0.078063964843750 3900000
0.080017089843750 3900037
0.078857421875000 3900000
0.080444335937500 3900000
0.082397460937500 3900000
0.079956054687500 3899962
0.080444335937500 3900000
0.079650878906250 3900000
0.000000000000000 3899962
0.078369140625000 3900037
0.080444335937500 3900000
0.079467773437500 3900000
0.078796386718750 3900000
0.082458496093750 3900037
0.076416015625000 3899925
0.066589355468750 3900037
0.076660156250000 3900000
0.076477050781250 3900037
0.074951171875000 3899962
0.074645996093750 3900000
0.075622558593750 3900037
0.074951171875000 3899962
0.067199707031250 3900037
0.000000000000000 3900000
0.076049804687500 3899962
0.076232910156250 3900000
0.072875976562500 3900037
0.066284179687500 3899962
0.073974609375000 3900037
0.075927734375000 3899962
0.075500488281250 3900000
0.074157714843750 3900000
0.075744628906250 3900037
0.075134277343750 3899925
0.075622558593750 3900074
0.073730468750000 3899962
0.074584960937500 3900000
0.000000000000000 3900037
0.078308105468750 3900000
0.073242187500000 3899962
0.074890136718750 3900000
0.073364257812500 3900037
0.079772949218750 3899962
0.073181152343750 3900000
0.077209472656250 3900037
0.076599121093750 3900000
0.074645996093750 3899962
0.075805664062500 3900037
0.075256347656250 3900000
0.074218750000000 3899962
0.000000000000000 3900000
0.075378417968750 3900000
0.076354980468750 3900000
0.077819824218750 3900037
0.074951171875000 3899962
0.075500488281250 3900000
0.073730468750000 3900000
0.076293945312500 3899925
0.075744628906250 3900111
0.076110839843750 3899925
0.077636718750000 3900037
0.075195312500000 3900000
0.000000000000000 3900037
0.074462890625000 3900000
0.074340820312500 3900000
0.074157714843750 3899888
0.074340820312500 3900111
0.076293945312500 3900000
0.077392578125000 3899962
0.073669433593750 3900000
0.075317382812500 3900037
0.073608398437500 3899962
0.076049804687500 3900000
0.073791503906250 3900037
0.075744628906250 3899962
0.000000000000000 3900000
0.077026367187500 3900000
0.075317382812500 3900037
0.073608398437500 3900000
0.074157714843750 3900000
0.075378417968750 3899962
0.074645996093750 3900000
0.076049804687500 3900000
0.076599121093750 3900037
0.072631835937500 3899962
0.076477050781250 3900037
0.074768066406250 3900000
0.073181152343750 3899962
0.000000000000000 3899922
0.074829101562500 3900074
0.074951171875000 3900037
0.073486328125000 3899962
0.077392578125000 3900037
0.073547363281250 3899962
0.073730468750000 3900037
0.073852539062500 3899962
0.076110839843750 3900000
0.074462890625000 3900000
0.074096679687500 3900000
0.074951171875000 3900037
0.078002929687500 3899962
0.073303222656250 3900000
0.000000000000000 3900037
0.073425292968750 3899962
0.074890136718750 3900000
0.074707031250000 3900000
0.075195312500000 3900000
0.076965332031250 3899962
0.076965332031250 3900074
0.073425292968750 3899962
0.077636718750000 3900000
0.072631835937500 3900037
0.075744628906250 3899962
0.072631835937500 3900000
0.074523925781250 3900000
0.000000000000000 3900000
0.079040527343750 3900000
0.073730468750000 3899962
0.075805664062500 3900037
0.074401855468750 3900000
0.076477050781250 3900000
0.072998046875000 3900037
0.074829101562500 3899962
0.076721191406250 3900000
0.075561523437500 3900037
0.076660156250000 3900000
0.074584960937500 3899962
0.075744628906250 3900037
0.000000000000000 3899962
0.074584960937500 3900000
0.079040527343750 3900037
0.075195312500000 3900000
0.073364257812500 3900000
0.076904296875000 3900000
0.074829101562500 3900000
0.076110839843750 3899962
0.073852539062500 3900037
0.076354980468750 3899962
0.075866699218750 3900000
0.075378417968750 3900000
0.000000000000000 3900000
0.073791503906250 3900000
0.075500488281250 3900000
0.075561523437500 3900037
0.075378417968750 3900000
0.076721191406250 3899962
0.076782226562500 3900038
0.074279785156250 3900000
0.074096679687500 3900000
0.075439453125000 3899962
0.076599121093750 3900000
0.075073242187500 3900037
0.000000000000000 3899962
0.076171875000000 3900000
0.074096679687500 3900037
0.077514648437500 3899962
0.075134277343750 3900037
0.075866699218750 3899925
0.076782226562500 3900037
0.074829101562500 3900037
0.076782226562500 3900000
0.075500488281250 3899962
0.075744628906250 3900037
0.075378417968750 3900000
0.000000000000000 3900000
0.075622558593750 3899962
0.076660156250000 3900037
0.075866699218750 3899962
0.073181152343750 3900000
0.075744628906250 3900000
0.075500488281250 3900000
0.075744628906250 3900037
0.073974609375000 3900000
0.075622558593750 3899962
0.075378417968750 3900037
0.076904296875000 3899962
0.000000000000000 3900037
0.074523925781250 3900000
0.072875976562500 3899962
0.066467285156250 3900037
0.072509765625000 3900000
0.066223144531250 3900000
0.074096679687500 3899962
0.076416015625000 3900000
0.074829101562500 3900000
0.078125000000000 3899961
0.075683593750000 3900037
0.072753906250000 3900000
0.068237304687500 3900000
0.074645996093750 3900037
0.076049804687500 3899962
0.076171875000000 3900000
0.075256347656250 3900000
0.000000000000000 3900000
0.077819824218750 3900037
0.075317382812500 3899962
0.072814941406250 3900000
0.076721191406250 3900037
0.077636718750000 3899962
0.075317382812500 3900000
0.075317382812500 3900000
0.076599121093750 3900000
0.073181152343750 3900037
0.074951171875000 3899962
0.073852539062500 3900037
0.073730468750000 3899962
0.000000000000000 3900000
0.073547363281250 3900037
0.076049804687500 3899925
0.074768066406250 3900074
0.074401855468750 3899962
0.077880859375000 3900037
0.075195312500000 3900000
0.066894531250000 3899962
0.075622558593750 3900037
0.076599121093750 3899962
0.072326660156250 3899962
0.078369140625000 3900074
0.074279785156250 3900000
0.074462890625000 3899925
0.000000000000000 3900037
0.074829101562500 3900037
0.073608398437500 3899962
0.066833496093750 3900037
0.074890136718750 3899962
0.075500488281250 3900000
0.076538085937500 3876583
0.072814941406250 3800036
0.062500000000000 3799963
0.070861816406250 3799963
0.072204589843750 3800036
0.070678710937500 3800000
0.073974609375000 3800000
0.072204589843750 3800000
0.069213867187500 3799963
0.000000000000000 3800036
0.069152832031250 3800000
0.068420410156250 3800000
0.075683593750000 3800000
0.070556640625000 3799963
0.070190429687500 3800000
0.070678710937500 3800036
0.071105957031250 3799927
0.070678710937500 3800072
0.070068359375000 3800000
0.071105957031250 3800000
0.068359375000000 3800000
0.072692871093750 3800000
0.000000000000000 3800000
0.071472167968750 3800000
0.071533203125000 3800000
0.070190429687500 3800000
0.070983886718750 3800000
0.070007324218750 3799963
0.069763183593750 3800036
0.071716308593750 3800000
0.072021484375000 3800000
0.070495605468750 3800036
0.071105957031250 3799963
0.070373535156250 3800000
0.000000000000000 3800000
0.070129394531250 3799963
0.070495605468750 3800036
0.071044921875000 3800000
0.071472167968750 3799927
0.069213867187500 3800072
0.070617675781250 3799963
0.070007324218750 3800036
0.072753906250000 3800000
0.069091796875000 3800000
0.073303222656250 3800000
0.074279785156250 3800000
0.000000000000000 3800000
0.068176269531250 3800000
0.070861816406250 3800000
0.068176269531250 3800000
0.072082519531250 3800000
0.071594238281250 3800000
0.073120117187500 3800000
0.070800781250000 3800000
0.072570800781250 3800000
0.062133789062500 3800000
0.067749023437500 3800000
0.069519042968750 3799963
0.069702148437500 3800036
0.070739746093750 3800000
0.069274902343750 3800000
0.000000000000000 3800000
0.072875976562500 3800000
0.071716308593750 3800000
0.069091796875000 3800000
0.073608398437500 3800000
0.068908691406250 3800000
0.071350097656250 3800000
0.069335937500000 3800000
0.074279785156250 3800000
0.073913574218750 3799963
0.069580078125000 3800036
0.070190429687500 3800000
0.000000000000000 3800000
0.070983886718750 3800000
0.063476562500000 3800000
0.070861816406250 3800036
0.072814941406250 3799891
0.070190429687500 3800072
0.069030761718750 3800000
0.072570800781250 3800000
0.070190429687500 3799963
0.071044921875000 3800036
0.070678710937500 3800000
0.073303222656250 3800000
0.070312500000000 3800000
0.000000000000000 3800000
0.069519042968750 3800036
0.069030761718750 3799963
0.069274902343750 3800000
0.072265625000000 3800000
0.068603515625000 3800000
0.071472167968750 3800000
0.070495605468750 3800000
0.070495605468750 3800000
0.071899414062500 3800000
0.069763183593750 3800000
0.070800781250000 3800000
0.069519042968750 3800000
0.062744140625000 3799963
0.072326660156250 3800072
0.000000000000000 3799963
0.067932128906250 3800000
0.070129394531250 3800000
0.072753906250000 3799963
0.068359375000000 3800000
0.070800781250000 3800036
0.069641113281250 3800000
0.071350097656250 3800036
0.069946289062500 3799963
0.070983886718750 3800000
0.070434570312500 3800036
0.070739746093750 3799927
0.069763183593750 3800036
0.000000000000000 3799927
0.071716308593750 3800072
0.069152832031250 3800000
0.071411132812500 3800000
0.069885253906250 3800000
0.071960449218750 3800000
0.071472167968750 3800000
0.069335937500000 3800000
0.070617675781250 3800000
0.072021484375000 3800000
0.070922851562500 3799963
0.069519042968750 3800036
0.071228027343750 3799963
0.000000000000000 3800036
0.072082519531250 3799927
0.070312500000000 3799963
0.071472167968750 3800108
0.073242187500000 3799963
0.068359375000000 3800036
0.070800781250000 3799963
0.067932128906250 3800036
0.071166992187500 3800000
0.069213867187500 3800000
0.071228027343750 3800000
0.070312500000000 3800000
0.072204589843750 3800000
0.000000000000000 3800000
0.071228027343750 3800000
0.068603515625000 3800000
0.072143554687500 3800000
0.067871093750000 3800000
0.072509765625000 3800000
0.069335937500000 3800000
0.071105957031250 3800000
0.072998046875000 3800000
0.068847656250000 3800000
0.071960449218750 3800000
0.070617675781250 3799963
0.000000000000000 3800036
0.072570800781250 3800000
0.069213867187500 3800000
0.071777343750000 3800000
0.069396972656250 3800000
0.070068359375000 3800000
0.070556640625000 3800000
0.067504882812500 3800000
0.071411132812500 3800000
0.069152832031250 3800000
0.072692871093750 3800000
0.070434570312500 3800000
0.069763183593750 3800000
0.070007324218750 3800036
0.000000000000000 3799963
0.069152832031250 3800000
0.073120117187500 3800036
0.070068359375000 3799963
0.071594238281250 3800036
0.072448730468750 3799963
0.070861816406250 3800036
0.071716308593750 3799963
0.070007324218750 3800000
0.070373535156250 3800000
0.067932128906250 3799963
0.073974609375000 3800036
0.000000000000000 3800000
0.071899414062500 3800000
0.069091796875000 3800000
0.071044921875000 3800000
0.069763183593750 3800000
0.071655273437500 3799963
0.069213867187500 3800072
0.071777343750000 3799963
0.071044921875000 3799963
0.071411132812500 3800036
0.069213867187500 3800000
0.068725585937500 3799963
0.070068359375000 3800036
0.000000000000000 3800000
0.072326660156250 3800000
0.070556640625000 3800000
0.070739746093750 3799963
0.070068359375000 3799963
0.071472167968750 3800072
0.072204589843750 3800000
0.071350097656250 3800036
0.069458007812500 3799963
0.071105957031250 3800000
0.071411132812500 3800000
0.068542480468750 3800000
0.071533203125000 3799963
0.000000000000000 3800036
0.070068359375000 3800000
0.069152832031250 3800000
0.070678710937500 3799963
0.070007324218750 3800036
0.071350097656250 3800000
0.069763183593750 3800000
0.072509765625000 3800000
0.069519042968750 3800000
0.069763183593750 3800000
0.070739746093750 3800000
0.070678710937500 3800000
0.062438964843750 3800000
0.068420410156250 3799963
0.071899414062500 3800036
0.000000000000000 3799963
0.130615234375000 3800036
0.000000000000000 3800000
0.069824218750000 3799963
0.071472167968750 3800036
0.069335937500000 3799963
0.070861816406250 3800000
0.062683105468750 3800072
0.072265625000000 3799963
0.073181152343750 3800000
0.069030761718750 3800000
0.066650390625000 3800000
0.069335937500000 3800000
0.071350097656250 3799963
0.070434570312500 3800000
0.071777343750000 3799963
0.000000000000000 3800072
0.070495605468750 3800000
0.070312500000000 3800000
0.070312500000000 3800000
0.069641113281250 3800000
0.071594238281250 3800000
0.069702148437500 3800000
0.072937011718750 3800000
0.070556640625000 3800000
0.069641113281250 3799963
0.071594238281250 3800000
0.068969726562500 3800036
0.072326660156250 3800000
0.000000000000000 3799963
0.070495605468750 3800036
0.072204589843750 3800000
0.070007324218750 3800000
0.069274902343750 3800000
0.069702148437500 3800000
0.070617675781250 3800000
0.071655273437500 3800000
0.068298339843750 3800000
0.072387695312500 3800000
0.071472167968750 3800000
0.071350097656250 3800000
0.068969726562500 3800000
0.000000000000000 3799963
0.070190429687500 3800072
0.070983886718750 3799963
0.068298339843750 3800000
0.072448730468750 3800000
0.072509765625000 3800036
0.069213867187500 3799963
0.070617675781250 3800000
0.071777343750000 3800000
0.069396972656250 3799963
0.069885253906250 3800000
0.071472167968750 3800072
0.070434570312500 3799963
0.000000000000000 3800000
0.070312500000000 3799963
0.071044921875000 3800036
0.069885253906250 3800000
0.070251464843750 3800000
0.071044921875000 3800036
0.071228027343750 3799963
0.070434570312500 3800000
0.069702148437500 3800000
0.071411132812500 3799963
0.070312500000000 3800036
0.070800781250000 3800036
0.068908691406250 3799963
0.000000000000000 3799963
0.070007324218750 3800036
0.072570800781250 3800000
0.069335937500000 3800000
0.071350097656250 3799963
0.069091796875000 3800036
0.070617675781250 3799963
0.071655273437500 3800036
0.070678710937500 3800000
0.070312500000000 3800000
0.069763183593750 3800000
0.072204589843750 3800000
0.069396972656250 3800000
0.000000000000000 3800036
0.069824218750000 3799927
0.068481445312500 3800036
0.069274902343750 3800000
0.070983886718750 3800000
0.068420410156250 3800000
0.070983886718750 3800000
0.069946289062500 3800036
0.072814941406250 3799891
0.069763183593750 3800036
0.070556640625000 3800036
0.068420410156250 3800000
0.071228027343750 3800000
0.062072753906250 3800000
0.068786621093750 3800000
0.069030761718750 3800000
0.000000000000000 3800000
0.070068359375000 3800000
0.072326660156250 3799891
0.067932128906250 3800108
0.069885253906250 3799385
0.072631835937500 3800615
0.069702148437500 3800000
0.071655273437500 3800000
0.069091796875000 3800000
0.069763183593750 3799963
0.070617675781250 3800000
0.072265625000000 3800000
0.071105957031250 3800036
0.068725585937500 3800036
0.062561035156250 3799963
0.000000000000000 3800000
0.070556640625000 3800000
0.064086914062500 3800000
0.067932128906250 3799963
0.070007324218750 3800000
0.073669433593750 3800036
0.069580078125000 3800000
0.071411132812500 3800000
0.072509765625000 3800000
0.069580078125000 3800000
0.071777343750000 3799963
0.071411132812500 3800036
0.069580078125000 3800000
0.000000000000000 3800000
0.073242187500000 3799963
0.070678710937500 3800036
0.071166992187500 3800000
0.071228027343750 3800000
0.069213867187500 3799963
0.070983886718750 3800036
0.068664550781250 3800036
0.072326660156250 3799963
0.072448730468750 3800000
0.069213867187500 3800000
0.070861816406250 3800000
0.068420410156250 3800000
0.000000000000000 3800000
0.072998046875000 3800000
0.068298339843750 3800000
0.070983886718750 3800000
0.072143554687500 3800000
0.071716308593750 3800000
0.071289062500000 3800000
0.068847656250000 3800000
0.070434570312500 3800000
0.070190429687500 3800000
0.071777343750000 3800000
0.074096679687500 3800000
0.000000000000000 3800000
0.070251464843750 3799963
0.071105957031250 3800036
0.072265625000000 3800000
0.069885253906250 3800000
0.071350097656250 3800000
0.071472167968750 3799963
0.072753906250000 3800036
0.069580078125000 3800000
0.070983886718750 3800000
0.069335937500000 3800000
0.069946289062500 3800000
0.069885253906250 3800000
0.000000000000000 3800000
0.070007324218750 3800000
0.071105957031250 3799963
0.070617675781250 3800036
0.069641113281250 3800000
0.072082519531250 3800000
0.071350097656250 3800000
0.067871093750000 3800000
0.071777343750000 3800000
0.071411132812500 3800036
0.069885253906250 3799963
0.071166992187500 3800000
0.069763183593750 3800000
0.000000000000000 3800000
0.072021484375000 3800000
0.070983886718750 3800000
0.070129394531250 3800000
0.070861816406250 3799963
0.069763183593750 3800036
0.072326660156250 3799963
0.069152832031250 3800036
0.072448730468750 3800036
0.070251464843750 3799963
0.062194824218750 3800000
0.072998046875000 3800000
0.068969726562500 3799963
0.000000000000000 3800036
0.073608398437500 3800000
0.070434570312500 3800000
0.070678710937500 3800000
0.067932128906250 3799963
0.073425292968750 3800000
0.071350097656250 3800036
0.067932128906250 3799963
0.070800781250000 3800072
0.070312500000000 3799927
0.071960449218750 3800036
0.069335937500000 3800000
0.071228027343750 3800000
0.000000000000000 3799963
0.071228027343750 3800036
0.071899414062500 3800000
0.071105957031250 3800000
0.067749023437500 3800000
0.072082519531250 3800000
0.069824218750000 3800000
0.070190429687500 3800000
0.070739746093750 3799963
0.073730468750000 3800000
0.070739746093750 3800036
0.069213867187500 3800000
0.069519042968750 3800000
0.000000000000000 3800000
0.071105957031250 3800000
0.071105957031250 3800000
0.072326660156250 3800000
0.069641113281250 3800000
0.070312500000000 3800000
0.070007324218750 3800000
0.069763183593750 3799963
0.071105957031250 3800036
0.072387695312500 3800000
0.070739746093750 3800000
0.071655273437500 3800000
0.070495605468750 3800000
0.000000000000000 3799963
0.068420410156250 3800072
0.071655273437500 3799963
0.070068359375000 3800000
0.069824218750000 3800000
0.072265625000000 3800000
0.062438964843750 3800000
0.071105957031250 3800000
0.069946289062500 3800000
0.070190429687500 3800000
0.069763183593750 3800000
0.070983886718750 3799963
0.069519042968750 3800000
0.072448730468750 3800036
0.000000000000000 3800000
0.070983886718750 3800036
0.070007324218750 3799963
0.070861816406250 3800000
0.070129394531250 3800000
0.068847656250000 3800000
0.070983886718750 3799927
0.071350097656250 3800072
0.073669433593750 3800000
0.069824218750000 3800036
0.070190429687500 3799963
0.070373535156250 3800000
0.070617675781250 3800000
0.000000000000000 3800000
0.069763183593750 3800036
0.069030761718750 3799963
0.070800781250000 3800000
0.069946289062500 3800036
0.070373535156250 3799963
0.069580078125000 3800000
0.278991699218750 3799991
0.071166992187500 3800036
0.072570800781250 3800000
0.068725585937500 3800000
0.063110351562500 3800000
0.068969726562500 3800000
0.070312500000000 3800000
0.068603515625000 3800000
0.070922851562500 3800000
0.072143554687500 3800000
0.000000000000000 3800000
0.069396972656250 3800000
0.069580078125000 3800000
0.069213867187500 3799963
0.073791503906250 3800000
0.071105957031250 3800036
0.069641113281250 3800000
0.072692871093750 3800000
0.069885253906250 3800000
0.072937011718750 3800000
0.069824218750000 3800000
0.070739746093750 3800000
0.069885253906250 3799963
0.062377929687500 3800036
0.000000000000000 3800000
0.070129394531250 3800000
0.072143554687500 3800000
0.069091796875000 3800000
0.070983886718750 3800000
0.073669433593750 3800000
0.068908691406250 3800036
0.070495605468750 3800000
0.069335937500000 3799963
0.062072753906250 3800000
0.071472167968750 3800000
0.070007324218750 3799963
0.070251464843750 3800036
0.068481445312500 3800000
0.071594238281250 3800000
0.000000000000000 3800000
0.069580078125000 3800000
0.070983886718750 3800000
0.070617675781250 3800000
0.069580078125000 3800000
0.071960449218750 3800000
0.068725585937500 3799963
0.070739746093750 3800036
0.068969726562500 3800000
0.071411132812500 3800000
0.071777343750000 3799963
0.070739746093750 3800036
0.070861816406250 3800000
0.000000000000000 3800000
0.070129394531250 3800000
0.071838378906250 3799963
0.070312500000000 3800036
0.070312500000000 3800000
0.070434570312500 3800000
0.071777343750000 3800000
0.070983886718750 3799963
0.068481445312500 3799963
0.070678710937500 3800072
0.070434570312500 3800000
0.070678710937500 3799963
0.072143554687500 3800036
0.000000000000000 3800036
0.067810058593750 3799963
0.070251464843750 3799963
0.071228027343750 3800036
0.069458007812500 3799963
0.070068359375000 3800036
0.068359375000000 3800000
0.071594238281250 3800000
0.071533203125000 3800000
0.070678710937500 3800000
0.069885253906250 3800000
0.071777343750000 3796168
0.071228027343750 3803836
0.000000000000000 3800000
0.070922851562500 3800000
0.069274902343750 3800000
0.072570800781250 3800000
0.072692871093750 3800000
0.068542480468750 3800000
0.070617675781250 3800000
0.071289062500000 3800000
0.070312500000000 3799927
0.069824218750000 3800108
0.071411132812500 3799963
0.070251464843750 3800000
0.069152832031250 3800000
0.000000000000000 3800000
0.070861816406250 3799963
0.071533203125000 3800036
0.069213867187500 3800000
0.068969726562500 3799963
0.072326660156250 3800036
-262143.927917480468750 3800000
0.070739746093750 3799963
0.069824218750000 3800000
0.069274902343750 3800036
0.062683105468750 3800000
0.067932128906250 3800036
0.072448730468750 3799963
0.070678710937500 3800036
0.069396972656250 3799963
0.062316894531250 3800000
0.069519042968750 3799963
0.000000000000000 3800000
0.071594238281250 3800036
0.068664550781250 3800000
0.070068359375000 3800000
0.070739746093750 3800000
0.070190429687500 3800000
0.070861816406250 3800000
0.068054199218750 3799963
0.070983886718750 3800036
0.062805175781250 3799963
0.062988281250000 3800036
0.063049316406250 3800000
0.071533203125000 3800000
0.069519042968750 3799963
0.075256347656250 3800036
0.076538085937500 3799963
0.000000000000000 3800036
0.073242187500000 3800000
0.063110351562500 3800000
0.068420410156250 3800000
0.063659667968750 3800000
0.068298339843750 3799963
0.065490722656250 3800036
0.066833496093750 3800000
0.070007324218750 3800000
0.067016601562500 3800000
0.062438964843750 3799963
0.067932128906250 3800036
0.074157714843750 3800000
0.067321777343750 3800000
0.064758300781250 3800000
0.072448730468750 3800000
0.066650390625000 3799963
0.073669433593750 3800036
0.062194824218750 3800000
0.069580078125000 3800000
0.070007324218750 3800000
0.073608398437500 3800000
0.062683105468750 3800000
0.068542480468750 3799927
0.000000000000000 3800072
0.070556640625000 3800000
0.069152832031250 3800000
0.071350097656250 3799963
0.068420410156250 3800036
0.069946289062500 3799963
0.072204589843750 3800036
0.072387695312500 3799963
0.070312500000000 3800036
0.068298339843750 3799963
0.072937011718750 3800036
0.067932128906250 3800000
0.072448730468750 3799963
0.000000000000000 3800036
0.070129394531250 3800000
0.068054199218750 3800000
0.070190429687500 3799963
0.070068359375000 3800036
0.070068359375000 3799963
0.070190429687500 3800036
0.073852539062500 3800000
0.070678710937500 3800000
0.070190429687500 3800036
0.070495605468750 3799963
0.068969726562500 3799963
0.070190429687500 3800000
0.068786621093750 3800072
0.000000000000000 3799963
0.071777343750000 3800000
0.070556640625000 3800000
0.068420410156250 3800000
0.070373535156250 3800000
0.070312500000000 3800000
0.072937011718750 3800000
0.069396972656250 3800000
0.070373535156250 3670113
0.075317382812500 3800108
0.070434570312500 3799927
0.072021484375000 3800072
0.000000000000000 3799963
0.072021484375000 3800000
0.071228027343750 3800036
0.068725585937500 3799963
0.071350097656250 3800036
0.073364257812500 3799963
0.069519042968750 3800036
0.062194824218750 3800000
0.071899414062500 3800000
0.071716308593750 3800000
0.069641113281250 3800000
0.071960449218750 3799927
0.072509765625000 3800072
0.062133789062500 3800000
0.065368652343750 3800000
0.063171386718750 3800000
0.069274902343750 3800000
0.064208984375000 3800000
0.065551757812500 3800000
0.070007324218750 3800000
0.000000000000000 3800000
0.070678710937500 3799927
0.070312500000000 3800072
0.071350097656250 3800000
0.071838378906250 3800000
0.068176269531250 3800000
0.071533203125000 3800000
0.071716308593750 3800000
0.069824218750000 3800000
0.069885253906250 3800000
0.073425292968750 3800000
0.062255859375000 3799927
0.071655273437500 3800072
0.000000000000000 3800000
0.072875976562500 3800000
0.071105957031250 3800000
0.072448730468750 3800000
0.072509765625000 3800000
0.070434570312500 3800000
0.073120117187500 3800036
0.063964843750000 3799963
0.072937011718750 3800000
0.071472167968750 3799927
0.071777343750000 3800072
0.069213867187500 3800000
0.062866210937500 3800036
0.068786621093750 3799927
0.000000000000000 3800036
0.072326660156250 3800000
0.071533203125000 3800000
0.070800781250000 3800000
0.062500000000000 3800036
0.072143554687500 3799963
0.072387695312500 3800000
0.070861816406250 3800000
0.071472167968750 3799963
0.074279785156250 3800000
0.070739746093750 3800036
0.072631835937500 3800000
0.070190429687500 3800036
0.000000000000000 3800000
0.070983886718750 3799963
0.068969726562500 3800000
0.071533203125000 3799927
0.069641113281250 3800108
0.073547363281250 3800000
0.062133789062500 3799963
0.068786621093750 3800000
0.070373535156250 3800000
0.069396972656250 3800000
0.062927246093750 3799963
0.070556640625000 3800036
0.072265625000000 3800000
0.070251464843750 3800036
0.069885253906250 3799927
0.000000000000000 3800036
0.071655273437500 3800000
0.068298339843750 3800000
0.071533203125000 3800000
0.069641113281250 3800000
0.072204589843750 3800000
0.069519042968750 3799963
0.068847656250000 3800000
0.071533203125000 3800036
0.069091796875000 3799963
0.071350097656250 3800036
0.068481445312500 3800000
0.070617675781250 3800000
0.074157714843750 3800000
0.000000000000000 3800000
0.069885253906250 3800036
0.070251464843750 3799963
0.069641113281250 3800000
0.069030761718750 3799963
0.071350097656250 3800072
0.072509765625000 3799963
0.072631835937500 3800000
0.068603515625000 3800000
0.062561035156250 3799927
0.070251464843750 3800108
0.071350097656250 3799963
0.069580078125000 3799927
0.070861816406250 3800108
0.069335937500000 3799963
0.000000000000000 3800000
0.074096679687500 3800000
0.070312500000000 3799927
0.069396972656250 3800072
0.071228027343750 3800000
0.069763183593750 3800000
0.070251464843750 3799963
0.069030761718750 3800036
0.070983886718750 3800000
0.070983886718750 3800036
0.071533203125000 3799927
0.071166992187500 3800036
0.000000000000000 3800000
0.069091796875000 3800000
0.070800781250000 3800000
0.070434570312500 3800000
0.070434570312500 3800000
0.071716308593750 3800000
0.069641113281250 3800000
0.068969726562500 3800000
0.072937011718750 3799963
0.070007324218750 3800036
0.068115234375000 3799963
0.071777343750000 3800000
0.062072753906250 3800036
0.068969726562500 3800000
0.070434570312500 3800000
0.000000000000000 3800000
0.070312500000000 3800000
0.071594238281250 3800000
0.070556640625000 3800000
0.072326660156250 3800000
0.071655273437500 3800000
0.069580078125000 3800000
0.062316894531250 3800000
0.071228027343750 3800000
0.071350097656250 3800000
0.068359375000000 3800000
0.071655273437500 3800000
0.071044921875000 3800036
0.071716308593750 3799963
0.000000000000000 3799963
0.070434570312500 3800036
0.069396972656250 3800000
0.072814941406250 3800000
0.069519042968750 3800036
0.070007324218750 3799963
0.070861816406250 3800000
0.071777343750000 3800000
0.070983886718750 3800000
0.069885253906250 3800000
0.071533203125000 3799963
0.069946289062500 3800036
0.072204589843750 3800000
0.000000000000000 3800000
0.068908691406250 3800000
0.071533203125000 3800000
0.069824218750000 3799963
0.070068359375000 3800000
0.071899414062500 3800036
0.070068359375000 3800000
0.071350097656250 3800000
0.068603515625000 3800000
0.072570800781250 3800000
0.069641113281250 3799927
0.068054199218750 3800072
0.071289062500000 3800000
0.000000000000000 3800000
0.070007324218750 3800000
0.072814941406250 3800000
0.069213867187500 3799963
0.070068359375000 3800036
0.071289062500000 3800036
0.070739746093750 3799963
0.069885253906250 3799963
0.069641113281250 3800036
0.069702148437500 3800000
0.069763183593750 3799963
0.071594238281250 3800036
0.070434570312500 3800000
0.069213867187500 3800000
0.000000000000000 3800000
0.071044921875000 3799963
0.069274902343750 3800036
0.071594238281250 3800000
0.068664550781250 3800000
0.071533203125000 3800000
0.070922851562500 3800000
0.069763183593750 3800000
0.070678710937500 3800000
0.069091796875000 3800000
0.069763183593750 3800000
0.070190429687500 3799963
0.070495605468750 3799963
0.000000000000000 3800072
0.072448730468750 3800000
0.071105957031250 3800000
0.070983886718750 3800000
0.069641113281250 3800000
0.070678710937500 3800000
0.069519042968750 3800000
0.069396972656250 3800000
0.070434570312500 3800000
0.072814941406250 3800000
0.068420410156250 3800000
0.068969726562500 3800000
0.070007324218750 3800036
0.071777343750000 3799963
0.000000000000000 3800000
0.070556640625000 3800000
0.069274902343750 3799963
0.071533203125000 3800036
0.072937011718750 3799891
0.069274902343750 3800108
0.070434570312500 3800000
0.069824218750000 3800000
0.071044921875000 3800000
0.071228027343750 3800000
0.070190429687500 3800000
0.071533203125000 3800000
0.000000000000000 3799963
0.071105957031250 3800036
0.072692871093750 3800000
0.069580078125000 3800000
0.070617675781250 3800000
0.068298339843750 3799963
0.072326660156250 3800036
0.071899414062500 3800000
0.069396972656250 3800000
0.070190429687500 3800036
0.070556640625000 3799963
0.072326660156250 3800000
0.068359375000000 3800000
0.000000000000000 3800000
0.071105957031250 3800000
0.071472167968750 3800000
0.068847656250000 3800000
0.073364257812500 3800000
0.069580078125000 3800000
0.070739746093750 3800000
0.068298339843750 3800000
0.071289062500000 3800000
0.069946289062500 3800000
0.069763183593750 3800000
0.071105957031250 3800000
0.068969726562500 3800000
0.000000000000000 3799963
0.071716308593750 3800000
0.069213867187500 3800036
0.070068359375000 3800000
0.072387695312500 3800000
0.070495605468750 3800000
0.069702148437500 3800000
0.070861816406250 3800000
0.070861816406250 3800000
0.068969726562500 3800000
0.073608398437500 3800000
0.071228027343750 3800000
0.069641113281250 3800000
0.000000000000000 3800000
0.070190429687500 3800000
0.072204589843750 3799963
0.070434570312500 3800036
0.069335937500000 3800000
0.069458007812500 3800000
0.072814941406250 3800000
0.070617675781250 3800000
0.071105957031250 3800000
0.070373535156250 3799963
0.070983886718750 3800000
0.069091796875000 3800000
0.069885253906250 3800000
0.000000000000000 3800036
0.071533203125000 3800036
0.070251464843750 3733213
0.070129394531250 3699964
0.069702148437500 3700000
0.072509765625000 3700035
0.067077636718750 3700000
0.069030761718750 3699929
0.071166992187500 3700070
0.067993164062500 3699894
0.070861816406250 3700070
0.069702148437500 3700000
0.000000000000000 3700035
0.070129394531250 3700000
0.070556640625000 3700000
0.070373535156250 3699964
0.069946289062500 3700000
0.070495605468750 3700000
0.069763183593750 3700000
0.070800781250000 3700035
0.069030761718750 3699964
0.069946289062500 3700035
0.070434570312500 3700000
0.061096191406250 3699964
0.069763183593750 3700000
0.000000000000000 3700035
0.068237304687500 3699964
0.067565917968750 3700000
0.070922851562500 3700035
0.068664550781250 3699964
0.069641113281250 3700035
0.071105957031250 3700000
0.068603515625000 3700000
0.061645507812500 3700000
0.067871093750000 3700000
0.068481445312500 3699964
0.069335937500000 3700000
0.070556640625000 3700035
0.070800781250000 3700000
0.000000000000000 3700000
0.068237304687500 3700000
0.069274902343750 3700000
0.067138671875000 3700000
0.070434570312500 3700000
0.067810058593750 3700000
0.070800781250000 3700000
0.070312500000000 3699964
0.069396972656250 3700035
0.068298339843750 3700000
0.068664550781250 3700000
0.068908691406250 3699929
0.068054199218750 3700070
0.000000000000000 3699964
0.070434570312500 3700000
0.072814941406250 3700000
0.069641113281250 3700035
