0.071960449218750 3799891
0.071166992187500 3800072
0.068237304687500 3800036
0.072265625000000 3800000
0.071960449218750 3800000
0.069091796875000 3800000
0.072509765625000 3800000
0.000000000000000 3800000
0.069580078125000 3800000
0.062683105468750 3799963
0.067749023437500 3800036
0.069702148437500 3796586
0.070861816406250 3799927
0.073852539062500 3800036
0.073303222656250 3800036
0.068176269531250 3800000
0.069458007812500 3800000
0.068237304687500 3800000
0.060241699218750 3794088
0.072753906250000 3783763
0.000000000000000 3798751
0.131164550781250 3800000
0.000000000000000 3800000
0.067932128906250 3794608
0.072998046875000 3794464
0.069030761718750 3783334
0.061279296875000 3790314
0.068237304687500 3794833
0.073425292968750 3796647
0.074523925781250 3799554
0.067932128906250 3784249
0.069946289062500 3799927
0.061523437500000 3800072
0.072753906250000 3796601
0.067687988281250 3800000
0.000000000000000 3800000
0.068176269531250 3800036
0.069885253906250 3796923
0.073181152343750 3792298
0.062561035156250 3785763
0.069030761718750 3796173
0.069091796875000 3795602
0.069030761718750 3783995
0.068237304687500 3791277
0.072326660156250 3794080
0.071411132812500 3798634
0.067749023437500 3798754
0.073730468750000 3784985
0.062438964843750 3790185
0.000000000000000 3794557
0.068481445312500 3783335
0.068786621093750 3792213
0.070617675781250 3800000
0.070922851562500 3800036
0.072021484375000 3799963
0.068237304687500 3800000
0.070678710937500 3800000
0.071289062500000 3800000
0.063049316406250 3789553
0.069152832031250 3799963
0.067443847656250 3799927
0.063842773437500 3800072
0.071044921875000 3788399
0.000000000000000 3783334
0.073425292968750 3799963
0.067993164062500 3799963
0.071716308593750 3800036
0.067382812500000 3800000
0.070495605468750 3800000
0.073852539062500 3800000
0.071166992187500 3796500
0.061035156250000 3800000
0.067993164062500 3800000
0.069763183593750 3799927
0.071533203125000 3797255
0.064819335937500 3800000
0.000000000000000 3800000
0.070739746093750 3800000
0.067077636718750 3800000
0.068786621093750 3798705
0.066467285156250 3796726
0.063049316406250 3800000
0.069946289062500 3800000
0.069641113281250 3800000
0.069763183593750 3800000
0.072204589843750 3800000
0.064147949218750 3800000
0.068481445312500 3792886
0.069641113281250 3794513
0.065856933593750 3798309
0.062622070312500 3799963
0.072448730468750 3795251
0.000000000000000 3800000
0.069702148437500 3789581
0.069824218750000 3797882
0.071350097656250 3800072
0.064208984375000 3784207
0.065490722656250 3783334
0.073669433593750 3794560
0.070617675781250 3783332
0.060241699218750 3786734
0.067749023437500 3800036
0.070983886718750 3799963
0.074523925781250 3800000
0.070800781250000 3800036
0.060302734375000 3799963
0.066528320312500 3800000
0.000000000000000 3793463
0.073242187500000 3793601
0.071899414062500 3797900
0.061401367187500 3788818
0.069702148437500 3797034
0.071594238281250 3799963
0.070312500000000 3800036
0.067932128906250 3800036
0.062927246093750 3799963
0.071472167968750 3800000
0.059936523437500 3800000
0.066955566406250 3800000
0.071472167968750 3800000
0.072692871093750 3800000
0.070800781250000 3796345
0.000000000000000 3796859
0.070312500000000 3800000
0.067321777343750 3795678
0.061828613281250 3793564
0.072021484375000 3800000
0.073364257812500 3787818
0.059753417968750 3797621
0.069946289062500 3800000
0.070190429687500 3800000
0.068176269531250 3794035
0.070800781250000 3799593
0.071960449218750 3790828
0.061218261718750 3794472
0.070129394531250 3800000
0.072875976562500 3793072
0.000000000000000 3800036
0.130737304687500 3800000
0.000000000000000 3800000
0.068664550781250 3800000
0.068481445312500 3800000
0.062927246093750 3800000
0.068542480468750 3795414
0.061462402343750 3799927
0.067565917968750 3800072
0.070007324218750 3800000
0.072753906250000 3797893
0.068420410156250 3800036
0.070251464843750 3800036
0.072082519531250 3800000
0.073486328125000 3799963
0.000000000000000 3797006
0.070190429687500 3797339
0.070495605468750 3792901
0.072326660156250 3800000
0.070861816406250 3796768
0.068725585937500 3798074
0.063781738281250 3800000
0.071105957031250 3799963
0.070129394531250 3800072
0.067382812500000 3799963
0.064331054687500 3796595
0.070312500000000 3792365
0.060791015625000 3796831
0.066894531250000 3800000
0.067993164062500 3796581
0.074401855468750 3800000
0.062866210937500 3788851
0.000000000000000 3783440
0.070922851562500 3799624
0.067626953125000 3795005
0.072265625000000 3792078
0.072692871093750 3783370
0.060974121093750 3797093
0.068481445312500 3783330
0.068359375000000 3790738
0.075988769531250 3788893
0.070312500000000 3800000
0.060058593750000 3798451
0.068176269531250 3786857
0.071594238281250 3783336
0.000000000000000 3786977
0.070800781250000 3797184
0.069213867187500 3790478
0.074951171875000 3798191
0.070373535156250 3800000
0.071166992187500 3784751
0.067871093750000 3799496
0.068908691406250 3797463
0.069519042968750 3783333
0.062805175781250 3785687
0.060241699218750 3800036
0.068725585937500 3799400
0.070617675781250 3783332
0.070495605468750 3789593
0.063293457031250 3797274
0.069152832031250 3785602
0.000000000000000 3795646
0.069152832031250 3800036
0.068359375000000 3800000
0.062683105468750 3791588
0.072326660156250 3783439
0.059692382812500 3794042
0.070922851562500 3800000
0.068542480468750 3800000
0.072204589843750 3800000
0.070434570312500 3800000
0.069641113281250 3800000
0.072387695312500 3800000
0.070983886718750 3800000
0.061462402343750 3800000
0.000000000000000 3800000
0.073974609375000 3796786
0.071777343750000 3787174
0.068359375000000 3796148
0.068725585937500 3799963
0.077392578125000 3800036
0.068908691406250 3800000
0.071228027343750 3800000
0.067321777343750 3793660
0.064270019531250 3783833
0.068908691406250 3793175
0.068969726562500 3793370
0.000000000000000 3799963
0.072875976562500 3800000
0.071228027343750 3800036
0.059814453125000 3799963
0.068176269531250 3800036
0.069763183593750 3799927
0.071960449218750 3800036
0.062194824218750 3800000
0.068725585937500 3799927
0.060607910156250 3800072
0.071533203125000 3800000
0.073608398437500 3800000
0.060913085937500 3800000
0.067626953125000 3800000
0.069152832031250 3800000
0.070556640625000 3800000
0.063476562500000 3800036
0.070190429687500 3799927
0.000000000000000 3800036
0.068847656250000 3800000
0.070190429687500 3800000
0.071960449218750 3799963
0.073242187500000 3800000
0.069885253906250 3800036
0.069335937500000 3790687
0.067077636718750 3788199
0.076049804687500 3800000
0.063171386718750 3800036
0.069091796875000 3799963
0.068420410156250 3798796
0.000000000000000 3787004
0.068176269531250 3800000
0.070373535156250 3800000
0.071899414062500 3800000
0.071655273437500 3800000
0.070495605468750 3800000
0.069580078125000 3799963
0.067749023437500 3800000
0.071716308593750 3800036
0.070678710937500 3800000
0.068603515625000 3800000
0.064086914062500 3799963
0.000000000000000 3800000
0.072021484375000 3800036
0.068054199218750 3799963
0.068908691406250 3800036
0.071960449218750 3800000
0.069274902343750 3800000
0.061096191406250 3800000
0.063049316406250 3795441
0.067199707031250 3793737
0.061401367187500 3790324
0.070251464843750 3783369
0.070190429687500 3797928
0.070861816406250 3799963
0.060668945312500 3797108
0.059814453125000 3791375
0.069702148437500 3795005
0.065673828125000 3800000
0.064392089843750 3787719
0.076293945312500 3792575
0.000000000000000 3800036
0.074584960937500 3800000
0.065795898437500 3799963
0.068847656250000 3800036
0.062316894531250 3800000
0.065795898437500 3800000
0.071838378906250 3795648
0.067260742187500 3793640
0.062377929687500 3796521
0.064636230468750 3800000
0.068054199218750 3792227
0.068542480468750 3793689
0.060791015625000 3787855
0.069763183593750 3783583
0.071411132812500 3794591
0.068359375000000 3789476
0.069091796875000 3786347
0.066711425781250 3800000
0.063415527343750 3800000
0.000000000000000 3797285
0.073486328125000 3788206
0.068969726562500 3789075
0.067565917968750 3792380
0.071472167968750 3797362
0.064636230468750 3783334
0.068603515625000 3790883
0.068786621093750 3800000
0.070678710937500 3799927
0.069641113281250 3796440
0.063720703125000 3799695
0.069885253906250 3793703
0.068481445312500 3786721
0.068054199218750 3798308
0.062805175781250 3800000
0.070678710937500 3800000
0.000000000000000 3800000
0.068176269531250 3800000
0.074279785156250 3800000
0.072387695312500 3800000
0.062072753906250 3800000
0.068481445312500 3794395
0.069885253906250 3800036
0.070739746093750 3794435
0.063842773437500 3787132
0.070617675781250 3800000
0.067626953125000 3799963
0.068603515625000 3800036
0.070312500000000 3800000
0.064453125000000 3800000
0.067932128906250 3797763
0.000000000000000 3795177
0.069763183593750 3791012
0.070800781250000 3800000
0.063293457031250 3800000
0.070312500000000 3800000
0.068847656250000 3800000
0.070007324218750 3799963
0.070983886718750 3800036
0.074340820312500 3800000
0.070495605468750 3800000
0.070739746093750 3797761
0.062194824218750 3794864
0.068237304687500 3799963
0.000000000000000 3795238
0.068603515625000 3790960
0.062194824218750 3786293
0.063659667968750 3800000
0.069641113281250 3800000
0.060424804687500 3800000
0.059997558593750 3800000
0.063293457031250 3799963
0.072937011718750 3799158
0.060852050781250 3790174
0.063903808593750 3800000
0.064880371093750 3798814
0.064636230468750 3799963
0.064880371093750 3800036
0.065551757812500 3799963
0.067321777343750 3800036
0.069702148437500 3800000
0.068847656250000 3794465
0.070678710937500 3797912
0.074035644531250 3794605
0.070556640625000 3783336
0.060119628906250 3794556
0.068542480468750 3783332
0.073425292968750 3794940
0.000000000000000 3783335
0.072143554687500 3795477
0.060607910156250 3800000
0.069580078125000 3800000
0.071533203125000 3800000
0.074707031250000 3800000
0.071166992187500 3799963
0.069335937500000 3800036
0.067382812500000 3800000
0.068725585937500 3800000
0.073913574218750 3800000
0.072814941406250 3800000
0.000000000000000 3791054
0.070251464843750 3795042
0.070007324218750 3800000
0.069091796875000 3800000
0.071777343750000 3796511
0.073181152343750 3800036
0.060241699218750 3800000
0.069274902343750 3800000
0.069641113281250 3800000
0.068176269531250 3800000
0.069885253906250 3800000
0.072021484375000 3784685
0.063903808593750 3791405
0.000000000000000 3785744
0.069824218750000 3795104
0.067749023437500 3800000
0.069702148437500 3800000
0.059936523437500 3800000
0.074462890625000 3799963
0.068908691406250 3800036
0.070007324218750 3800000
0.073791503906250 3784695
0.071166992187500 3794326
0.068115234375000 3800000
0.068481445312500 3800000
0.000000000000000 3798985
0.072875976562500 3788232
0.072814941406250 3784179
0.060913085937500 3800036
0.069946289062500 3799141
0.067871093750000 3799963
0.061889648437500 3800036
0.072937011718750 3799455
0.059997558593750 3786886
0.066040039062500 3789990
0.063354492187500 3792826
0.072692871093750 3786676
0.071655273437500 3800000
0.067810058593750 3784525
0.069458007812500 3793964
0.070983886718750 3800000
0.068847656250000 3790746
0.000000000000000 3791899
0.072021484375000 3800000
0.069091796875000 3795539
0.060607910156250 3799525
0.069274902343750 3800036
0.065429687500000 3799963
0.069458007812500 3789433
0.067993164062500 3783333
0.069824218750000 3786861
0.073913574218750 3792162
0.062438964843750 3789017
0.068054199218750 3799962
0.060119628906250 3800036
0.071228027343750 3800000
0.061645507812500 3787026
0.070129394531250 3791643
0.067871093750000 3800000
0.000000000000000 3800000
0.072143554687500 3800000
0.124694824218750 3800000
0.000000000000000 3800000
0.068176269531250 3800000
0.069274902343750 3800000
0.072814941406250 3800000
0.073181152343750 3800000
0.069091796875000 3800000
0.066223144531250 3799963
0.068481445312500 3800036
0.073852539062500 3800000
0.070495605468750 3785070
0.069274902343750 3797322
0.000000000000000 3800000
0.068786621093750 3800000
0.064514160156250 3800000
0.071166992187500 3800000
0.069580078125000 3799963
0.066772460937500 3800000
0.074584960937500 3797152
0.072631835937500 3783744
0.068298339843750 3799939
0.069396972656250 3800000
0.072204589843750 3799927
0.061706542968750 3800072
0.069396972656250 3800036
0.059753417968750 3799963
0.068603515625000 3799095
0.000000000000000 3797209
0.070373535156250 3784161
0.065185546875000 3783332
0.070007324218750 3783298
0.068664550781250 3793382
0.067321777343750 3795679
0.063964843750000 3785831
0.071289062500000 3783330
0.060729980468750 3784477
0.069213867187500 3792858
0.070007324218750 3796786
0.075378417968750 3799429
0.069580078125000 3800000
0.070495605468750 3800000
0.000000000000000 3800000
0.131591796875000 3800000
0.000000000000000 3800000
0.070495605468750 3800000
0.059997558593750 3800000
0.071105957031250 3800000
0.067443847656250 3800000
0.072814941406250 3800000
0.069335937500000 3800000
0.071105957031250 3800000
0.069030761718750 3800000
0.062622070312500 3784297
0.070251464843750 3791400
0.059753417968750 3800000
0.069885253906250 3800000
0.073120117187500 3792605
0.063171386718750 3783337
0.067138671875000 3793143
0.062927246093750 3799963
0.000000000000000 3799963
0.071289062500000 3790624
0.070312500000000 3799111
0.066955566406250 3800000
0.069641113281250 3799963
0.062866210937500 3800000
0.070434570312500 3800000
0.060974121093750 3800000
0.072021484375000 3800000
0.072265625000000 3800000
0.069152832031250 3799963
0.069763183593750 3800036
0.071472167968750 3800000
0.071411132812500 3800000
0.062744140625000 3799909
0.000000000000000 3797155
0.069396972656250 3800036
0.060668945312500 3799963
0.067321777343750 3800000
0.072204589843750 3800000
0.069641113281250 3800000
0.069213867187500 3800000
0.071411132812500 3800000
0.069152832031250 3800000
0.069396972656250 3799963
0.071655273437500 3800036
0.061035156250000 3800000
0.069213867187500 3800036
0.069335937500000 3799963
0.000000000000000 3800000
0.069152832031250 3800000
0.070617675781250 3800000
0.064147949218750 3800000
0.067871093750000 3800000
0.069396972656250 3800000
0.067871093750000 3800000
0.063781738281250 3800000
0.068786621093750 3800000
0.070007324218750 3800036
0.069458007812500 3799963
0.071472167968750 3800036
0.062500000000000 3799963
0.067749023437500 3800000
0.062500000000000 3800000
0.069885253906250 3800000
0.062561035156250 3800036
0.068237304687500 3799963
0.061279296875000 3800036
0.074340820312500 3799927
0.000000000000000 3799963
0.068481445312500 3800072
0.060974121093750 3800000
0.067626953125000 3800036
0.071228027343750 3799963
0.069946289062500 3800000
0.070373535156250 3800000
0.060241699218750 3799963
0.072875976562500 3800036
0.062622070312500 3800000
0.068481445312500 3800000
0.070617675781250 3799963
0.069946289062500 3800072
0.071228027343750 3799963
0.070739746093750 3800000
0.060791015625000 3800000
0.070129394531250 3799927
0.000000000000000 3800072
0.067993164062500 3800000
0.073303222656250 3800000
0.071716308593750 3800000
0.062072753906250 3800000
0.068115234375000 3800000
0.071350097656250 3800000
0.071655273437500 3800000
0.071350097656250 3800000
0.059753417968750 3800000
0.067260742187500 3800000
0.069396972656250 3789083
0.071533203125000 3797163
0.062805175781250 3799927
0.068115234375000 3800072
0.000000000000000 3800000
0.070739746093750 3800000
0.073120117187500 3800000
0.070617675781250 3799624
0.061157226562500 3783403
0.066284179687500 3792465
0.068115234375000 3788915
0.070007324218750 3799308
0.064086914062500 3799963
0.067993164062500 3800036
0.070983886718750 3795540
0.062255859375000 3797148
0.070129394531250 3794851
0.068847656250000 3799963
0.067626953125000 3800000
0.072753906250000 3800000
0.000000000000000 3800000
0.071166992187500 3800000
0.060302734375000 3800036
0.070434570312500 3796535
0.068542480468750 3792167
0.072204589843750 3783333
0.070434570312500 3788872
0.061218261718750 3800036
0.067443847656250 3789631
0.069091796875000 3799979
0.073181152343750 3800000
0.062805175781250 3800000
0.070983886718750 3799963
0.068359375000000 3800036
0.068969726562500 3799963
0.000000000000000 3800036
0.072387695312500 3800000
0.071533203125000 3800000
0.068908691406250 3800000
0.069396972656250 3800000
0.071289062500000 3800000
0.072204589843750 3800000
0.072875976562500 3800000
0.069519042968750 3800000
0.067321777343750 3800036
0.060546875000000 3799963
0.060424804687500 3797004
0.068542480468750 3791711
0.000000000000000 3800000
0.072631835937500 3799963
0.072143554687500 3799963
0.060119628906250 3800108
0.069030761718750 3799963
0.072204589843750 3800000
0.073791503906250 3800000
0.070495605468750 3800000
0.068420410156250 3800000
0.070068359375000 3800000
0.072387695312500 3800000
0.073608398437500 3800000
0.000000000000000 3799963
0.068298339843750 3800072
0.070129394531250 3799963
0.073120117187500 3800000
0.070861816406250 3800000
0.059814453125000 3800000
0.069641113281250 3800000
0.068847656250000 3800000
0.068725585937500 3800000
0.071716308593750 3800036
0.071350097656250 3799963
0.070922851562500 3800000
0.063598632812500 3800000
0.000000000000000 3800000
0.129150390625000 3800000
0.000000000000000 3800000
0.068603515625000 3800000
0.069213867187500 3800000
0.074645996093750 3800000
0.070312500000000 3800000
0.071533203125000 3800000
0.068359375000000 3799963
0.068603515625000 3800036
0.071777343750000 3800000
0.072204589843750 3800000
0.000000000000000 3799963
0.069824218750000 3800036
0.068786621093750 3800000
0.073181152343750 3800000
0.074401855468750 3800000
0.070800781250000 3800000
0.070312500000000 3800000
0.066711425781250 3800000
0.073242187500000 3800000
0.069335937500000 3800000
0.059875488281250 3800000
0.067565917968750 3800000
0.063232421875000 3799963
0.061584472656250 3800036
0.068542480468750 3799963
0.000000000000000 3800036
0.068542480468750 3800000
0.073913574218750 3800000
0.074035644531250 3800000
0.059631347656250 3800000
0.069274902343750 3800000
0.067993164062500 3799927
0.070739746093750 3800072
0.075805664062500 3800000
0.071594238281250 3800000
0.070068359375000 3800000
0.068054199218750 3800000
0.060241699218750 3800000
0.071838378906250 3799927
0.062988281250000 3800072
0.000000000000000 3800000
0.069030761718750 3799963
0.068786621093750 3800036
0.069824218750000 3800000
0.068481445312500 3800000
0.073181152343750 3800000
0.071411132812500 3800000
0.067932128906250 3800000
0.060180664062500 3799963
0.068359375000000 3800036
0.075439453125000 3800000
0.069702148437500 3800000
0.061828613281250 3800000
0.000000000000000 3800000
0.128295898437500 3800000
0.000000000000000 3800000
0.070434570312500 3800000
0.070861816406250 3799927
0.068969726562500 3800072
0.070129394531250 3800000
0.071289062500000 3800000
0.069274902343750 3800000
0.070068359375000 3800036
0.070983886718750 3799963
0.064025878906250 3800000
0.068298339843750 3800000
0.069580078125000 3800000
0.000000000000000 3800000
0.071838378906250 3800000
0.073181152343750 3800000
0.073059082031250 3800000
0.067993164062500 3800000
0.070373535156250 3800000
0.069763183593750 3800000
0.070800781250000 3800000
0.073486328125000 3800000
0.069519042968750 3800000
0.062988281250000 3799963
0.067443847656250 3800036
0.000000000000000 3800000
0.068847656250000 3800000
0.068115234375000 3800000
0.072937011718750 3800000
0.071228027343750 3799963
0.069885253906250 3800000
0.069213867187500 3800036
0.072570800781250 3800000
0.070617675781250 3800000
0.069641113281250 3800000
0.067626953125000 3800000
0.000000000000000 3800000
0.071899414062500 3800000
0.073486328125000 3800000
0.068786621093750 3800036
0.070068359375000 3799963
0.062805175781250 3800000
0.059814453125000 3799963
0.067871093750000 3800036
0.070068359375000 3799963
0.071899414062500 3800036
0.071350097656250 3800000
0.060913085937500 3800000
0.059936523437500 3799963
0.071228027343750 3800036
0.061706542968750 3800000
0.069946289062500 3800000
0.073303222656250 3800000
0.071472167968750 3800000
0.000000000000000 3788948
0.067687988281250 3798110
0.069030761718750 3800000
0.070617675781250 3785775
0.072387695312500 3800036
0.071716308593750 3799963
0.068237304687500 3800000
0.069396972656250 3797792
0.071411132812500 3795191
0.071472167968750 3793571
0.068481445312500 3795575
0.000000000000000 3795897
0.069458007812500 3783333
0.071350097656250 3790419
0.072387695312500 3795512
0.062866210937500 3800000
0.068298339843750 3785233
0.069274902343750 3800072
0.069396972656250 3800000
0.062866210937500 3796320
0.069824218750000 3790998
0.060424804687500 3790386
0.071533203125000 3797373
0.065429687500000 3790435
0.062011718750000 3783334
0.070922851562500 3797458
0.069580078125000 3797818
0.069763183593750 3795235
0.000000000000000 3800000
0.071166992187500 3798224
0.072692871093750 3798682
0.069152832031250 3800000
0.061462402343750 3800000
0.070068359375000 3800000
0.070739746093750 3800000
0.068237304687500 3800000
0.072753906250000 3800000
0.075134277343750 3800000
0.069274902343750 3799963
0.000000000000000 3799963
0.068420410156250 3794833
0.073120117187500 3798282
0.064392089843750 3800000
0.068237304687500 3800000
0.068237304687500 3800000
0.069274902343750 3800000
0.068847656250000 3800000
0.062927246093750 3800000
0.070922851562500 3800000
0.060058593750000 3800000
0.067626953125000 3800000
0.060363769531250 3793044
0.072448730468750 3800000
0.062438964843750 3800000
0.069519042968750 3800000
0.069396972656250 3800000
0.071105957031250 3800000
0.000000000000000 3797259
0.073181152343750 3795892
0.070861816406250 3798809
0.066162109375000 3798435
0.070373535156250 3790687
0.069641113281250 3784693
0.070251464843750 3800000
0.067993164062500 3800000
0.074157714843750 3800000
0.072692871093750 3800000
0.068298339843750 3797722
0.067932128906250 3791752
0.000000000000000 3800000
0.069458007812500 3800000
0.073547363281250 3800000
0.070739746093750 3800000
0.070251464843750 3800000
0.060119628906250 3800000
0.068054199218750 3800000
0.061584472656250 3800000
0.071594238281250 3800000
0.073852539062500 3800000
0.068359375000000 3800000
0.069763183593750 3800000
0.069702148437500 3800000
0.000000000000000 3793142
0.072326660156250 3799963
0.063049316406250 3800036
0.067993164062500 3800036
0.060607910156250 3799927
0.070068359375000 3800036
0.072021484375000 3796446
0.070068359375000 3800000
0.070373535156250 3800000
0.074584960937500 3799963
0.070861816406250 3800000
0.070190429687500 3800036
0.068603515625000 3799963
0.000000000000000 3798883
0.069824218750000 3794244
0.073425292968750 3800000
0.069030761718750 3800000
0.060058593750000 3800000
0.059814453125000 3800000
0.070861816406250 3800000
0.071594238281250 3799963
0.069580078125000 3800000
0.060119628906250 3800000
0.068664550781250 3800072
0.070678710937500 3799963
0.070922851562500 3800000
0.068725585937500 3800000
0.069641113281250 3800000
0.072509765625000 3800000
0.000000000000000 3800000
0.071899414062500 3797067
0.068664550781250 3783335
0.069213867187500 3783333
0.073913574218750 3794535
0.061950683593750 3789808
0.069519042968750 3793734
0.068359375000000 3796473
0.063232421875000 3800072
0.069702148437500 3800000
0.060119628906250 3800000
0.068298339843750 3799963
0.071838378906250 3800036
0.071716308593750 3800000
0.059997558593750 3792719
0.068176269531250 3800000
0.069580078125000 3799963
0.000000000000000 3800036
0.074829101562500 3790064
0.069335937500000 3799515
0.070190429687500 3800036
0.066406250000000 3799908
0.071655273437500 3789548
0.063781738281250 3788691
0.068420410156250 3800000
0.071350097656250 3799963
0.068542480468750 3800036
0.063415527343750 3800000
0.071289062500000 3800000
0.059875488281250 3800000
0.067749023437500 3790299
0.072265625000000 3783331
0.000000000000000 3798386
0.073425292968750 3799963
0.070068359375000 3800036
0.068542480468750 3800000
0.072631835937500 3800000
0.072143554687500 3799963
0.067199707031250 3800036
0.060119628906250 3799963
0.067565917968750 3800036
0.074035644531250 3800000
0.065185546875000 3800000
0.070251464843750 3800000
0.068115234375000 3800000
0.067443847656250 3800000
0.000000000000000 3800000
0.072998046875000 3800000
0.071594238281250 3800000
0.068298339843750 3792553
0.069213867187500 3800000
0.068603515625000 3800000
0.062744140625000 3799963
0.071655273437500 3800036
0.068664550781250 3800000
0.066223144531250 3800000
0.063415527343750 3800000
0.070495605468750 3800000
0.069335937500000 3800000
0.060852050781250 3800000
0.070251464843750 3799963
0.065002441406250 3800036
0.068542480468750 3800000
0.000000000000000 3799963
0.069763183593750 3800036
0.067626953125000 3800000
0.069519042968750 3800000
0.072204589843750 3800000
0.072326660156250 3800000
0.063110351562500 3800000
0.068969726562500 3800000
0.060302734375000 3800000
0.069580078125000 3800036
0.068237304687500 3792959
0.067504882812500 3783334
0.072326660156250 3790965
0.074096679687500 3800000
0.000000000000000 3800000
0.068603515625000 3798020
0.069519042968750 3798502
0.072143554687500 3800000
0.062011718750000 3800000
0.067932128906250 3800000
0.068847656250000 3800000
0.073547363281250 3791906
0.071166992187500 3790337
0.060913085937500 3783330
0.066101074218750 3797634
0.068664550781250 3790285
0.073486328125000 3783333
0.063537597656250 3788064
0.068969726562500 3800000
0.000000000000000 3800000
0.069274902343750 3800000
0.073669433593750 3798160
0.069702148437500 3799963
0.060607910156250 3797029
0.067871093750000 3792413
0.073242187500000 3800000
0.070251464843750 3800000
0.060119628906250 3800036
0.069274902343750 3799963
0.071594238281250 3800000
0.061035156250000 3799963
0.066894531250000 3800036
0.069763183593750 3800000
0.071899414062500 3800000
0.061279296875000 3796917
0.000000000000000 3795499
0.070129394531250 3792130
0.075683593750000 3793643
0.072692871093750 3800000
0.069030761718750 3800000
0.069274902343750 3799245
0.067749023437500 3794556
0.073608398437500 3786823
0.071350097656250 3792139
0.067810058593750 3800000
0.060302734375000 3800000
0.068542480468750 3800000
0.063537597656250 3800000
0.069580078125000 3800000
0.000000000000000 3800036
0.069335937500000 3790613
0.070922851562500 3783331
0.061767578125000 3783520
0.067504882812500 3790027
0.070556640625000 3791967
0.069641113281250 3787419
0.071166992187500 3800000
0.061035156250000 3800000
0.068359375000000 3794558
0.072021484375000 3785324
0.071105957031250 3797524
0.061462402343750 3799963
0.070983886718750 3799963
0.070129394531250 3800036
0.063842773437500 3800036
0.066955566406250 3799963
0.060119628906250 3800036
0.000000000000000 3799963
0.067749023437500 3800000
0.069274902343750 3800000
0.070800781250000 3800000
0.072692871093750 3800000
0.060119628906250 3799931
0.067932128906250 3797893
0.072998046875000 3793429
0.070373535156250 3800036
0.061462402343750 3793048
0.069213867187500 3800000
0.067443847656250 3800000
0.071289062500000 3800000
0.063781738281250 3800000
0.072082519531250 3800036
0.067871093750000 3799927
0.000000000000000 3800036
0.069030761718750 3799963
0.072204589843750 3800036
0.071838378906250 3800000
0.059936523437500 3800000
0.060546875000000 3800000
0.069213867187500 3796258
0.075134277343750 3800000
0.062988281250000 3800000
0.069458007812500 3800000
0.069152832031250 3800000
0.068237304687500 3796560
0.072998046875000 3800000
0.071838378906250 3797866
0.000000000000000 3802134
0.069213867187500 3800000
0.069335937500000 3800000
0.071411132812500 3800000
0.072937011718750 3800000
0.070434570312500 3800000
0.059875488281250 3800000
0.068115234375000 3800000
0.061401367187500 3800000
0.072570800781250 3800000
0.071228027343750 3800000
0.059875488281250 3800000
0.069091796875000 3800000
0.060119628906250 3800000
0.067749023437500 3800000
0.062744140625000 3800000
0.069580078125000 3800000
0.062866210937500 3800000
0.068603515625000 3797902
0.069885253906250 3802098
0.000000000000000 3800000
0.072082519531250 3800000
0.070007324218750 3800000
0.069946289062500 3800000
0.068969726562500 3800000
0.073181152343750 3797884
0.070678710937500 3798671
0.062255859375000 3796576
0.071411132812500 3800000
0.067687988281250 3800000
0.073059082031250 3799963
0.071350097656250 3800000
0.060852050781250 3790559
0.068481445312500 3795532
0.000000000000000 3793815
0.070068359375000 3790456
0.067932128906250 3800000
0.071594238281250 3800000
0.072265625000000 3794020
0.068847656250000 3793474
0.069152832031250 3800000
0.074035644531250 3800000
0.072326660156250 3800000
0.059997558593750 3800000
0.068786621093750 3800000
0.067626953125000 3800036
0.000000000000000 3799963
0.073364257812500 3788434
0.071289062500000 3797528
0.068603515625000 3800000
0.069763183593750 3800000
0.063659667968750 3800000
0.069030761718750 3800000
0.069702148437500 3800000
0.071350097656250 3800000
0.070983886718750 3800000
0.060119628906250 3800000
0.069702148437500 3799927
0.074584960937500 3800072
0.000000000000000 3800000
0.072387695312500 3800036
0.061096191406250 3799963
0.068237304687500 3800000
0.069274902343750 3800000
0.072143554687500 3800000
0.071716308593750 3800000
0.071533203125000 3800000
0.067993164062500 3800000
0.072448730468750 3793226
0.071228027343750 3799867
0.060363769531250 3800000
0.065734863281250 3800000
0.069824218750000 3800000
0.000000000000000 3800000
0.068786621093750 3800036
0.074584960937500 3788991
0.061279296875000 3790082
0.068054199218750 3800000
0.060241699218750 3796491
0.067749023437500 3800000
0.070495605468750 3800000
0.070556640625000 3800000
0.074462890625000 3800000
0.069946289062500 3800000
0.068908691406250 3800000
0.061584472656250 3800000
0.072082519531250 3795134
0.069580078125000 3794197
0.000000000000000 3800000
0.068786621093750 3787632
0.062011718750000 3791494
0.070861816406250 3800000
0.069396972656250 3799197
0.074279785156250 3790349
0.072570800781250 3787088
0.060119628906250 3793231
0.067016601562500 3799963
0.071166992187500 3799927
0.070922851562500 3800036
0.060241699218750 3800036
0.072387695312500 3800000
0.067687988281250 3800000
0.063293457031250 3800000
0.072570800781250 3799963
0.061340332031250 3800072
0.000000000000000 3799963
0.067871093750000 3800000
0.073181152343750 3800000
0.072875976562500 3800000
0.068908691406250 3800000
0.069885253906250 3800000
0.068786621093750 3800036
0.071411132812500 3799963
0.072082519531250 3800000
0.062133789062500 3792665
0.068176269531250 3783334
0.069274902343750 3785475
0.071655273437500 3796383
0.000000000000000 3800000
0.072998046875000 3800000
0.060485839843750 3800000
0.067077636718750 3788851
0.067993164062500 3800000
0.067321777343750 3794553
0.065124511718750 3783332
0.071411132812500 3790371
0.070068359375000 3796579
0.063415527343750 3796107
0.068847656250000 3800000
0.059875488281250 3800000
0.067932128906250 3791308
0.071228027343750 3783331
0.072265625000000 3789115
0.060363769531250 3800072
0.070007324218750 3800000
0.070312500000000 3799927
0.000000000000000 3800072
0.072631835937500 3800000
0.072143554687500 3799927
0.069335937500000 3800108
0.065917968750000 3796562
0.070190429687500 3800000
0.072082519531250 3800000
0.072509765625000 3794185
0.067993164062500 3794805
0.068847656250000 3800072
0.070861816406250 3800000
0.000000000000000 3800000
0.132873535156250 3792947
0.000000000000000 3796824
0.068359375000000 3800000
0.068420410156250 3800000
0.062561035156250 3796847
0.072570800781250 3800036
0.070373535156250 3788470
0.070983886718750 3797731
0.072631835937500 3799963
0.070739746093750 3800000
0.068786621093750 3800000
0.072631835937500 3800000
0.069091796875000 3800000
0.059814453125000 3800000
0.000000000000000 3800000
0.068664550781250 3800000
0.072448730468750 3800000
0.069396972656250 3800000
0.059997558593750 3800000
0.076049804687500 3800000
0.072326660156250 3800000
0.070556640625000 3800000
0.067871093750000 3800000
0.069580078125000 3795727
0.073669433593750 3790152
0.071350097656250 3800000
0.000000000000000 3800000
0.069213867187500 3800000
0.073486328125000 3800000
0.064819335937500 3800000
0.061157226562500 3800000
0.063598632812500 3800000
0.066955566406250 3800000
0.070678710937500 3792001
0.073791503906250 3790741
0.066528320312500 3800000
0.073120117187500 3800000
0.069274902343750 3793879
0.070312500000000 3783329
0.066833496093750 3796761
0.000000000000000 3800000
0.129943847656250 3800000
0.000000000000000 3800000
0.065551757812500 3800000
0.071533203125000 3849872
0.074340820312500 4000000
0.083740234375000 4000000
0.080261230468750 4000000
0.083007812500000 4000000
0.070922851562500 4000000
0.082946777343750 4000000
0.074462890625000 4000000
0.072692871093750 4000000
0.082397460937500 4000000
0.069396972656250 4000000
0.075622558593750 4000000
0.075256347656250 3999961
0.080627441406250 4000038
0.000000000000000 4000000
0.083557128906250 4000000
0.075744628906250 4000000
0.079711914062500 4000000
0.075866699218750 3999923
0.080810546875000 4000076
0.078125000000000 3999961
0.079040527343750 4000038
0.079528808593750 4000000
0.078002929687500 4000000
0.082214355468750 4000000
0.076599121093750 4000000
0.000000000000000 4000000
0.077758789062500 4000000
0.077758789062500 4000000
0.078063964843750 4000000
0.082153320312500 4000000
0.076782226562500 4000000
0.078674316406250 4000000
0.078430175781250 3999961
0.079833984375000 4000038
0.077392578125000 4000000
0.080017089843750 4000000
0.079162597656250 4000000
0.000000000000000 4000000
0.147888183593750 4000000
0.000000000000000 4000000
0.076354980468750 3999961
0.079162597656250 4000038
0.078186035156250 4000000
0.078796386718750 4000000
0.079345703125000 3999961
0.069641113281250 4000038
0.080688476562500 3999961
0.077636718750000 4000000
0.070251464843750 4000038
0.077026367187500 4000000
0.078430175781250 4000000
0.078430175781250 3999961
0.078186035156250 4000038
0.079711914062500 4000000
0.078125000000000 4000000
0.000000000000000 4000000
0.078735351562500 4000000
0.078125000000000 4000000
0.080139160156250 4000000
0.078063964843750 3999923
0.078308105468750 4000038
0.078369140625000 4000038
0.082763671875000 4000000
0.071655273437500 3999961
0.076782226562500 4000038
0.078552246093750 4000000
0.078125000000000 4000000
0.070739746093750 4000000
0.072570800781250 4000000
0.072998046875000 4000000
0.071655273437500 4000000
0.070922851562500 4000000
0.072753906250000 4000000
0.070800781250000 4000000
0.077636718750000 4000000
0.079833984375000 4000000
0.000000000000000 3999923
0.079162597656250 4000076
0.077453613281250 4000000
0.079833984375000 4000000
0.076538085937500 4000000
0.080871582031250 4000000
0.079223632812500 4000000
0.069396972656250 4000000
0.079345703125000 4000000
0.077941894531250 4000000
0.080078125000000 3999961
0.080444335937500 4000000
0.079406738281250 4000038
0.077270507812500 4000000
0.000000000000000 4000000
0.077758789062500 3999961
0.081787109375000 4000038
0.080688476562500 3999961
0.079406738281250 4000039
0.078247070312500 3999961
0.079711914062500 4000038
0.079162597656250 4000000
0.079650878906250 4000000
0.078186035156250 4000000
0.075805664062500 4000000
0.069396972656250 4000038
0.077514648437500 3999961
0.069519042968750 4000000
0.076965332031250 4000000
0.000000000000000 4000000
0.078186035156250 4000000
0.078735351562500 4000000
0.080139160156250 4000000
0.081176757812500 4000000
0.078430175781250 4000000
0.082824707031250 3999961
0.077453613281250 4000038
0.077636718750000 4000000
0.077026367187500 3999961
0.078308105468750 4000038
0.080749511718750 4000000
0.000000000000000 4000000
0.078125000000000 4000000
0.076354980468750 4000000
0.081176757812500 4000000
0.079711914062500 4000000
0.079406738281250 4000000
0.078491210937500 4000000
0.078796386718750 4000000
0.077453613281250 4000000
0.079284667968750 4000000
0.077331542968750 4000000
0.080993652343750 4000000
0.078674316406250 4000000
0.000000000000000 4000000
0.080749511718750 4000000
0.080200195312500 3964216
0.079162597656250 3800000
0.074279785156250 3800000
0.072021484375000 3799963
0.065185546875000 3800036
0.073242187500000 3800000
0.072692871093750 3800000
0.075561523437500 3800000
0.072143554687500 3800000
0.071716308593750 3799927
0.000000000000000 3800072
0.069702148437500 3800000
0.072631835937500 3800000
0.072204589843750 3800000
0.072814941406250 3800000
0.073181152343750 3800000
0.072021484375000 3800000
0.071960449218750 3800000
0.072509765625000 3800000
0.070861816406250 3800000
0.072082519531250 3790370
0.071594238281250 3799019
0.072692871093750 3785132
0.070983886718750 3792045
0.000000000000000 3783336
0.071960449218750 3791353
0.069580078125000 3794592
0.073242187500000 3792342
0.073974609375000 3800000
0.072326660156250 3800000
0.075378417968750 3795211
0.073059082031250 3783333
0.071838378906250 3790075
0.071960449218750 3793168
0.070983886718750 3783332
0.071594238281250 3797634
0.000000000000000 3800000
0.073852539062500 3799963
0.074218750000000 3800036
0.070190429687500 3800000
0.073242187500000 3799963
0.069885253906250 3800036
0.072021484375000 3800000
0.073608398437500 3793625
0.072509765625000 3798004
0.073364257812500 3790862
0.073364257812500 3796517
0.075256347656250 3783330
0.000000000000000 3785164
0.072265625000000 3800000
0.071594238281250 3798347
0.072753906250000 3783330
0.072082519531250 3793753
0.073120117187500 3800000
0.073303222656250 3800000
0.072631835937500 3800000
0.069763183593750 3800000
0.072082519531250 3800000
0.071594238281250 3800000
0.071960449218750 3793496
0.073791503906250 3798921
0.000000000000000 3800072
0.135314941406250 3800000
0.000000000000000 3800000
0.072326660156250 3800000
0.070068359375000 3800000
0.072631835937500 3800000
0.072875976562500 3800000
0.071594238281250 3800000
0.072753906250000 3800000
0.072692871093750 3798541
0.071533203125000 3800036
0.074768066406250 3799963
0.069824218750000 3784290
0.063720703125000 3800000
0.071960449218750 3794969
0.071472167968750 3783330
0.000000000000000 3787393
0.075195312500000 3800000
0.070617675781250 3786449
0.072753906250000 3800000
0.073852539062500 3784186
0.064514160156250 3793598
0.071166992187500 3794396
0.072753906250000 3793443
0.072021484375000 3784470
0.063598632812500 3783331
0.073608398437500 3798820
0.064086914062500 3800000
0.071899414062500 3784697
0.070190429687500 3783332
0.075317382812500 3798515
0.071594238281250 3790534
0.073974609375000 3797394
0.000000000000000 3795936
0.071411132812500 3785724
0.071716308593750 3783188
0.075805664062500 3783479
0.072082519531250 3791805
0.071838378906250 3797240
0.071838378906250 3791670
0.073303222656250 3786231
0.072509765625000 3783336
0.070922851562500 3783334
0.072875976562500 3790875
0.070312500000000 3786858
0.073486328125000 3791133
0.000000000000000 3800036
0.070129394531250 3793086
0.073486328125000 3785057
0.070129394531250 3792794
0.074645996093750 3796138
0.071105957031250 3793004
0.070922851562500 3794561
0.072875976562500 3797050
0.072387695312500 3800000
0.064819335937500 3788558
0.070983886718750 3796019
0.073364257812500 3800000
0.075622558593750 3789088
0.071350097656250 3783370
0.000000000000000 3783333
0.072692871093750 3789376
0.069885253906250 3799620
0.073242187500000 3787005
0.070373535156250 3786607
0.073974609375000 3797777
0.074096679687500 3800036
0.072326660156250 3799963
0.071594238281250 3800000
0.074218750000000 3800000
0.071472167968750 3800036
0.071594238281250 3799963
0.071350097656250 3800000
0.000000000000000 3800000
0.073059082031250 3799927
0.073364257812500 3800072
0.072326660156250 3799963
0.071105957031250 3800036
0.072875976562500 3800000
0.070983886718750 3799963
0.067016601562500 3800036
0.074035644531250 3800000
0.072570800781250 3800000
0.074584960937500 3800000
0.072143554687500 3800000
0.070800781250000 3799963
0.070617675781250 3800036
0.063842773437500 3800000
0.000000000000000 3800000
0.072753906250000 3800000
0.073303222656250 3799891
0.074584960937500 3800036
0.221557617187500 3800012
0.071655273437500 3800036
0.072204589843750 3800000
0.075439453125000 3799927
0.000000000000000 3800072
0.076416015625000 3799963
0.069335937500000 3800036
0.073608398437500 3800000
0.070983886718750 3800000
0.072326660156250 3800000
0.075805664062500 3800000
0.071899414062500 3799963
0.073730468750000 3800036
0.071228027343750 3800000
0.072631835937500 3799927
0.071838378906250 3800072
0.070800781250000 3800000
0.000000000000000 3800000
0.073242187500000 3800000
0.072326660156250 3800000
0.076599121093750 3800000
0.072082519531250 3800000
0.072692871093750 3800000
0.070129394531250 3800000
0.074340820312500 3800000
0.072509765625000 3799927
0.071228027343750 3800072
0.071960449218750 3800000
0.071044921875000 3800000
0.000000000000000 3799927
0.074157714843750 3800072
0.069885253906250 3800000
0.071716308593750 3800000
0.073608398437500 3800000
0.071960449218750 3800000
0.071594238281250 3800000
0.070861816406250 3800000
0.074096679687500 3800000
0.069885253906250 3800036
0.064453125000000 3797608
0.070678710937500 3787122
0.073486328125000 3790784
0.073608398437500 3786947
0.069702148437500 3800000
0.065979003906250 3800000
0.000000000000000 3790636
0.071228027343750 3795775
0.071655273437500 3791357
0.071960449218750 3783405
0.073242187500000 3783331
0.072753906250000 3796919
0.072082519531250 3800000
0.073486328125000 3796839
0.071777343750000 3800036
0.071899414062500 3786896
0.070800781250000 3790397
0.074157714843750 3786914
0.073791503906250 3786797
0.000000000000000 3797206
0.073608398437500 3799891
0.072998046875000 3800108
0.074340820312500 3800000
0.071105957031250 3800000
0.071716308593750 3800000
0.074523925781250 3800000
0.073486328125000 3793315
0.071166992187500 3783297
0.074340820312500 3783336
0.070922851562500 3794589
0.071960449218750 3783334
0.000000000000000 3787684
0.071472167968750 3800036
0.073120117187500 3788847
0.072265625000000 3793996
0.072326660156250 3783333
0.071350097656250 3783333
0.070312500000000 3783745
0.071838378906250 3800000
0.071716308593750 3788635
0.073120117187500 3789125
0.069458007812500 3799843
0.076538085937500 3783534
0.073547363281250 3783312
0.000000000000000 3794500
0.072631835937500 3794400
0.071960449218750 3788038
0.070007324218750 3783330
0.072143554687500 3783334
0.072021484375000 3787573
0.063476562500000 3800036
0.073120117187500 3800000
0.070373535156250 3800000
0.072692871093750 3800000
0.073425292968750 3791421
0.074157714843750 3793508
0.071655273437500 3783334
0.072937011718750 3783330
0.000000000000000 3788021
0.075622558593750 3799963
0.070556640625000 3788186
0.072265625000000 3790327
0.071044921875000 3798604
0.072998046875000 3800000
0.073242187500000 3800000
0.073730468750000 3800000
0.072937011718750 3796234
0.071838378906250 3783332
0.074218750000000 3783300
0.071228027343750 3783367
0.072387695312500 3786824
0.000000000000000 3783371
0.071655273437500 3786729
0.073608398437500 3792054
0.073852539062500 3797784
0.071655273437500 3800000
0.072631835937500 3795640
0.072692871093750 3791535
0.065063476562500 3800036
0.070251464843750 3799963
0.072998046875000 3797749
0.074401855468750 3791200
0.071899414062500 3798023
0.076538085937500 3790850
0.000000000000000 3800000
0.071472167968750 3800036
0.073913574218750 3788841
0.071594238281250 3793010
0.063537597656250 3796368
0.074707031250000 3783329
0.071228027343750 3794557
0.071960449218750 3790109
0.072204589843750 3798932
0.074218750000000 3783334
0.070861816406250 3784367
0.073303222656250 3800000
0.073364257812500 3787985
0.000000000000000 3789533
0.072692871093750 3795993
0.071044921875000 3787139
0.071228027343750 3794915
0.072570800781250 3797132
0.070556640625000 3783589
0.074523925781250 3793059
0.074096679687500 3799811
0.072753906250000 3794450
0.072448730468750 3783330
0.071472167968750 3783337
0.072326660156250 3787780
0.072753906250000 3794456
0.000000000000000 3783405
0.073364257812500 3785472
0.073486328125000 3793807
0.063903808593750 3784127
0.072875976562500 3783297
0.072326660156250 3783368
0.072448730468750 3795382
0.072448730468750 3784416
0.073974609375000 3790012
0.074035644531250 3783333
0.070434570312500 3783333
0.064086914062500 3795874
0.074340820312500 3796058
0.073120117187500 3800036
0.072326660156250 3792509
0.000000000000000 3794558
0.073913574218750 3792866
0.076232910156250 3798562
0.070739746093750 3798076
0.071716308593750 3788822
0.069702148437500 3800036
0.071166992187500 3798242
0.072753906250000 3800000
0.072509765625000 3800000
0.070434570312500 3800000
0.074340820312500 3800000
0.073852539062500 3800000
0.000000000000000 3800000
0.071289062500000 3800000
0.071289062500000 3800000
0.071777343750000 3799963
0.072143554687500 3800072
0.074707031250000 3799963
0.074401855468750 3800000
0.070373535156250 3800000
0.071228027343750 3800000
0.063781738281250 3800000
0.070495605468750 3800036
0.074829101562500 3799770
0.070434570312500 3783694
0.072631835937500 3800000
0.075073242187500 3800036
0.000000000000000 3796518
0.072692871093750 3800000
0.064025878906250 3800000
0.071838378906250 3800000
0.073425292968750 3799927
0.071044921875000 3799458
0.073913574218750 3783605
0.072082519531250 3794466
0.075378417968750 3793186
0.074462890625000 3794563
0.071228027343750 3790060
0.071594238281250 3800000
0.071228027343750 3800000
0.064575195312500 3799963
0.071166992187500 3800036
0.000000000000000 3789844
0.072387695312500 3785813
0.074462890625000 3794675
0.073547363281250 3789225
0.072753906250000 3793459
0.071594238281250 3799963
0.071777343750000 3800000
0.070129394531250 3800000
0.072509765625000 3800036
0.073364257812500 3799963
0.071105957031250 3800000
0.070556640625000 3800000
0.071716308593750 3800000
0.063720703125000 3800000
0.071228027343750 3800000
0.000000000000000 3800000
0.072692871093750 3800000
0.070617675781250 3799963
0.071899414062500 3800036
0.071228027343750 3793080
0.071472167968750 3800036
0.073059082031250 3800000
0.072387695312500 3799963
0.073486328125000 3800072
0.071289062500000 3799963
0.071411132812500 3800000
0.073791503906250 3800000
0.071899414062500 3800000
0.000000000000000 3800000
0.072875976562500 3800000
0.069946289062500 3800000
0.073486328125000 3785811
0.072509765625000 3794945
0.074462890625000 3791970
0.073608398437500 3796157
0.069946289062500 3800000
0.072570800781250 3800000
0.070678710937500 3786150
0.073974609375000 3788061
0.071105957031250 3785914
0.073486328125000 3792059
0.000000000000000 3796924
0.072937011718750 3800000
0.071960449218750 3786604
0.071655273437500 3790112
0.070861816406250 3800000
0.072143554687500 3800000
0.074584960937500 3790741
0.072570800781250 3790770
0.070861816406250 3798360
0.068725585937500 3789426
0.070312500000000 3791257
0.071838378906250 3793043
0.000000000000000 3783367
0.072692871093750 3789959
0.059875488281250 3799125
0.060241699218750 3794723
0.069274902343750 3800000
0.072082519531250 3800000
0.061584472656250 3800000
0.068298339843750 3796030
0.068969726562500 3792024
0.063171386718750 3794092
0.061645507812500 3783333
0.069030761718750 3783333
0.061645507812500 3794611
0.072570800781250 3800000
0.070434570312500 3798374
0.068969726562500 3794476
0.071838378906250 3794233
0.071838378906250 3800072
0.060424804687500 3800000
0.069152832031250 3789482
0.067810058593750 3783330
0.062622070312500 3789771
0.000000000000000 3794217
0.071838378906250 3794942
0.070373535156250 3800036
0.062683105468750 3791164
0.071228027343750 3789480
0.059814453125000 3794540
0.069702148437500 3793061
0.068969726562500 3788868
0.070312500000000 3790533
0.071960449218750 3787193
0.073120117187500 3795404
0.069519042968750 3797496
0.068054199218750 3792913
0.067687988281250 3800000
0.000000000000000 3789376
0.069763183593750 3783296
0.069580078125000 3785703
0.063537597656250 3785647
0.069519042968750 3792105
0.060180664062500 3795679
0.071411132812500 3791040
0.072082519531250 3786261
0.061157226562500 3789577
0.069091796875000 3797318
0.071411132812500 3791730
0.070190429687500 3786023
0.069946289062500 3791867
0.069946289062500 3785859
0.071228027343750 3800000
0.000000000000000 3791261
0.073059082031250 3788559
0.066406250000000 3795437
0.073974609375000 3783297
0.068298339843750 3783368
0.070495605468750 3790733
0.073486328125000 3787135
0.072082519531250 3783334
0.061218261718750 3791830
0.068420410156250 3800000
0.060729980468750 3788913
0.068298339843750 3796919
0.072692871093750 3799014
0.000000000000000 3790837
0.071472167968750 3783332
0.068908691406250 3784804
0.061462402343750 3783334
0.068847656250000 3789666
0.074340820312500 3788222
0.070678710937500 3783334
0.061828613281250 3790766
0.067199707031250 3789615
0.059936523437500 3785697
0.070007324218750 3800000
0.071411132812500 3797659
0.063842773437500 3788433
0.068054199218750 3789400
0.071166992187500 3783369
0.066833496093750 3793854
0.064636230468750 3784036
0.068359375000000 3791753
0.060668945312500 3789666
0.000000000000000 3796113
0.074890136718750 3797157
0.072875976562500 3799963
0.059875488281250 3800000
0.068542480468750 3784494
0.059814453125000 3787467
0.068725585937500 3790390
0.061889648437500 3787326
0.073730468750000 3790528
0.070861816406250 3794609
0.070800781250000 3792717
0.069274902343750 3788966
0.070922851562500 3790802
0.068664550781250 3797191
0.062927246093750 3799963
0.070678710937500 3792014
0.000000000000000 3783333
0.069641113281250 3786517
0.075256347656250 3791241
0.070678710937500 3787629
0.068786621093750 3783334
0.067321777343750 3796683
0.070190429687500 3800000
0.071105957031250 3786918
0.061950683593750 3790833
0.070861816406250 3799963
0.070007324218750 3792696
0.073303222656250 3794605
0.068359375000000 3783330
0.000000000000000 3783333
0.067932128906250 3787859
0.070922851562500 3796378
0.073669433593750 3796583
0.070129394531250 3787237
0.068359375000000 3789256
0.069519042968750 3797566
0.069702148437500 3789687
0.071777343750000 3788240
0.070739746093750 3789452
0.000000000000000 3800000
0.070312500000000 3794107
0.073608398437500 3783294
0.062683105468750 3787026
0.060546875000000 3793669
0.067565917968750 3800000
0.069580078125000 3793122
0.069458007812500 3800000
0.063354492187500 3796167
0.070800781250000 3800000
0.060791015625000 3800000
0.070495605468750 3795360
0.069274902343750 3793430
0.071716308593750 3783674
0.071533203125000 3793280
0.068664550781250 3784627
0.067565917968750 3790737
0.060241699218750 3795461
0.000000000000000 3800000
0.074096679687500 3800000
0.072509765625000 3799963
0.069335937500000 3800036
0.059875488281250 3792929
0.070434570312500 3797631
0.072570800781250 3791371
0.060485839843750 3787069
0.068237304687500 3783334
0.061706542968750 3783330
0.073425292968750 3783336
0.069030761718750 3793113
0.060180664062500 3791860
0.069885253906250 3789915
0.062744140625000 3795032
0.071655273437500 3791056
0.071105957031250 3790624
0.067443847656250 3798280
0.062683105468750 3783331
0.000000000000000 3797885
0.074279785156250 3800000
0.068237304687500 3800000
0.069885253906250 3800000
0.069824218750000 3800000
0.063720703125000 3799927
0.069641113281250 3800072
0.069030761718750 3800000
0.070373535156250 3800000
0.069152832031250 3800000
0.073791503906250 3793752
0.069824218750000 3783332
0.000000000000000 3783330
0.069274902343750 3797157
0.068481445312500 3790851
0.071777343750000 3785634
0.071960449218750 3800000
0.069519042968750 3795136
0.068969726562500 3799232
0.071044921875000 3796889
0.071716308593750 3792440
0.075256347656250 3788448
0.068664550781250 3800000
0.060485839843750 3800000
0.000000000000000 3789552
0.129150390625000 3792594
0.000000000000000 3799963
0.071472167968750 3800000
0.069580078125000 3787180
0.068603515625000 3793909
0.062866210937500 3792974
0.071411132812500 3789715
0.061584472656250 3800000
0.069763183593750 3788667
0.067260742187500 3783334
0.072631835937500 3786507
0.071777343750000 3791275
0.060791015625000 3790151
0.069641113281250 3791805
0.070007324218750 3793203
0.071044921875000 3800000
0.000000000000000 3793299
0.070373535156250 3790405
0.060546875000000 3785714
0.067749023437500 3800000
0.073059082031250 3788748
0.069519042968750 3788548
0.061279296875000 3783330
0.070007324218750 3789089
0.070556640625000 3797889
0.072082519531250 3783330
0.070007324218750 3795883
0.071350097656250 3797638
0.066467285156250 3798900
0.072631835937500 3797511
0.000000000000000 3797530
0.072082519531250 3792239
0.069763183593750 3796312
0.068969726562500 3802578
0.068603515625000 3789095
0.069030761718750 3794564
0.065734863281250 3794153
0.071228027343750 3797812
0.074218750000000 3795231
0.067687988281250 3788002
0.070129394531250 3791378
0.067077636718750 3794481
0.063659667968750 3790653
0.000000000000000 3787124
0.070556640625000 3800000
0.071166992187500 3785261
0.070007324218750 3783329
0.071716308593750 3797999
0.062133789062500 3797485
0.068969726562500 3800000
0.060485839843750 3797687
0.067932128906250 3797757
0.063659667968750 3802243
0.068298339843750 3800000
0.068664550781250 3800000
0.073059082031250 3800000
0.075195312500000 3787474
0.000000000000000 3783333
0.070068359375000 3784023
0.067687988281250 3794619
0.072570800781250 3783294
0.070739746093750 3797003
0.061096191406250 3799963
0.070312500000000 3800000
0.068542480468750 3800000
0.059936523437500 3800000
0.074279785156250 3800000
0.072387695312500 3799963
0.070068359375000 3800036
0.069091796875000 3800000
0.069274902343750 3799963
0.063598632812500 3785990
0.000000000000000 3796405
0.070373535156250 3796567
0.070190429687500 3800000
0.062377929687500 3800000
0.070617675781250 3799963
0.061218261718750 3800036
0.068176269531250 3800000
0.063903808593750 3800000
0.070312500000000 3800000
0.061096191406250 3798557
0.068176269531250 3786748
0.068237304687500 3797062
0.073303222656250 3800000
0.069335937500000 3800036
0.069335937500000 3800000
0.069030761718750 3800000
0.073486328125000 3800000
0.000000000000000 3800000
0.072875976562500 3800000
0.070312500000000 3796593
0.070373535156250 3799047
0.070861816406250 3786878
0.071655273437500 3789168
0.059814453125000 3784540
0.068542480468750 3783331
0.070800781250000 3794194
0.068969726562500 3784850
0.073669433593750 3800000
0.000000000000000 3800000
0.073425292968750 3793228
0.069335937500000 3797903
0.070190429687500 3792642
0.067321777343750 3783296
0.065490722656250 3785267
0.072570800781250 3785719
0.069641113281250 3796394
0.068237304687500 3796928
0.070800781250000 3800000
0.062988281250000 3800000
0.068542480468750 3799638
0.069396972656250 3793333
0.067260742187500 3792754
0.064514160156250 3787420
0.069641113281250 3783367
0.060852050781250 3786260
0.000000000000000 3798126
0.068237304687500 3787295
0.072998046875000 3789130
0.072570800781250 3795732
0.059875488281250 3800000
0.068969726562500 3800000
0.068298339843750 3800000
0.061218261718750 3794449
0.072387695312500 3783372
0.063598632812500 3793764
0.069091796875000 3790349
0.067810058593750 3799342
0.069885253906250 3800000
0.074707031250000 3800000
0.070495605468750 3799963
0.000000000000000 3799837
0.068725585937500 3783331
0.069213867187500 3797209
0.067321777343750 3798916
0.071289062500000 3798236
0.072387695312500 3800000
0.069396972656250 3795489
0.068786621093750 3800000
0.072021484375000 3800000
0.062866210937500 3788931
0.068969726562500 3792117
0.059997558593750 3791267
0.068359375000000 3794715
0.067810058593750 3797756
0.000000000000000 3793028
0.075439453125000 3783330
0.070922851562500 3783333
0.068664550781250 3783331
0.071228027343750 3788724
0.062805175781250 3792961
0.068969726562500 3785927
0.060729980468750 3793110
0.067993164062500 3797953
0.069763183593750 3783334
0.072326660156250 3783224
0.070312500000000 3792659
0.060852050781250 3796266
0.068542480468750 3789184
0.071960449218750 3800000
0.000000000000000 3797918
0.131103515625000 3787175
0.000000000000000 3794522
0.067565917968750 3783333
0.073974609375000 3783295
0.071777343750000 3792525
0.068054199218750 3795268
0.063354492187500 3790334
0.070922851562500 3796222
0.067749023437500 3800000
0.067749023437500 3794818
0.073486328125000 3796165
0.072204589843750 3786954
0.067687988281250 3798236
0.000000000000000 3800000
0.070068359375000 3800000
0.070556640625000 3799820
0.063903808593750 3789043
0.067504882812500 3798045
0.070129394531250 3800000
0.068847656250000 3794861
0.062316894531250 3783330
0.072753906250000 3783334
0.069885253906250 3794094
0.073364257812500 3783263
0.071838378906250 3796799
0.059692382812500 3800000
0.070068359375000 3799963
0.068237304687500 3797060
0.000000000000000 3796285
0.070434570312500 3799963
0.072814941406250 3793193
0.069458007812500 3786899
0.071960449218750 3798785
0.062500000000000 3793511
0.071105957031250 3783331
0.069702148437500 3792161
0.069702148437500 3796080
0.069580078125000 3793584
0.072143554687500 3790654
0.072937011718750 3783330
0.059448242187500 3797727
0.000000000000000 3790855
0.069458007812500 3795401
0.069885253906250 3800000
0.069152832031250 3800000
0.072692871093750 3799927
0.061157226562500 3800072
0.060791015625000 3800036
0.063598632812500 3799963
0.062255859375000 3800036
0.061523437500000 3799963
0.070190429687500 3793236
0.067871093750000 3794527
0.065429687500000 3792220
0.072631835937500 3797638
0.063964843750000 3789170
0.065124511718750 3799525
0.067749023437500 3799963
0.061828613281250 3800000
0.063049316406250 3800000
0.068664550781250 3800000
0.062561035156250 3800000
0.066223144531250 3799891
0.065612792968750 3800108
0.070922851562500 3800000
0.062011718750000 3800000
0.074279785156250 3792429
0.066589355468750 3797614
0.000000000000000 3794142
0.069030761718750 3789924
0.068115234375000 3789200
0.071105957031250 3789244
0.060241699218750 3800036
0.072998046875000 3796502
0.071594238281250 3799963
0.069152832031250 3793849
0.067749023437500 3788955
0.071166992187500 3794082
0.071716308593750 3787211
0.071105957031250 3798068
0.000000000000000 3787486
0.070251464843750 3785533
0.123291015625000 3783424
0.000000000000000 3789661
0.069885253906250 3794267
0.068115234375000 3794558
0.072143554687500 3799851
0.069091796875000 3800072
0.060607910156250 3800000
0.072143554687500 3800000
0.073181152343750 3800000
0.059753417968750 3800000
0.069763183593750 3800000
0.073242187500000 3800000
0.069580078125000 3800000
0.070312500000000 3791823
0.000000000000000 3793950
0.127685546875000 3798665
0.000000000000000 3800036
0.074523925781250 3797789
0.070800781250000 3793392
0.068237304687500 3796247
0.068298339843750 3789439
0.069274902343750 3800108
0.069213867187500 3800000
0.075866699218750 3800036
0.062744140625000 3799963
0.068481445312500 3800000
0.060668945312500 3790441
0.066650390625000 3799213
0.062805175781250 3792095
0.071166992187500 3785750
0.060852050781250 3798028
0.067443847656250 3791753
0.000000000000000 3792280
0.073913574218750 3791481
0.073974609375000 3791929
0.069213867187500 3787381
0.069274902343750 3800000
0.067443847656250 3795792
0.063537597656250 3794251
0.072631835937500 3795898
0.060241699218750 3783333
0.070312500000000 3787200
0.072204589843750 3798531
0.061889648437500 3796169
0.068786621093750 3789399
0.070739746093750 3799615
0.067443847656250 3788932
0.065063476562500 3797100
0.065795898437500 3797432
0.062438964843750 3786016
0.000000000000000 3797478
0.070068359375000 3800000
0.071899414062500 3795075
0.060241699218750 3786848
0.068786621093750 3786412
0.064208984375000 3787303
0.070678710937500 3794671
0.060119628906250 3799963
0.067687988281250 3788930
0.063354492187500 3791896
0.071472167968750 3795899
0.060607910156250 3800000
0.068054199218750 3796154
0.069274902343750 3790188
0.064208984375000 3790857
0.067932128906250 3795894
0.060058593750000 3796249
0.066528320312500 3786718
0.073547363281250 3785406
0.062866210937500 3786800
0.060302734375000 3798966
0.068664550781250 3799963
0.068115234375000 3791210
0.069396972656250 3796656
0.000000000000000 3800072
0.073974609375000 3795133
0.071655273437500 3783334
0.065490722656250 3791859
0.073059082031250 3799927
0.062561035156250 3800108
0.068725585937500 3794489
0.068908691406250 3795151
0.073486328125000 3785538
0.063842773437500 3792502
0.069519042968750 3783330
0.068603515625000 3790824
0.068359375000000 3787110
0.062255859375000 3783261
0.071472167968750 3784799
0.068969726562500 3792527
0.000000000000000 3798761
0.073730468750000 3790645
0.070556640625000 3795246
0.061157226562500 3795356
0.066223144531250 3784345
0.069152832031250 3795373
0.071105957031250 3794342
0.061096191406250 3798837
0.069335937500000 3799781
0.069396972656250 3793315
0.075256347656250 3790987
0.068908691406250 3789292
0.059936523437500 3794934
0.068176269531250 3800036
0.070068359375000 3799963
0.000000000000000 3800000
0.071594238281250 3800000
0.070922851562500 3800000
0.071166992187500 3798469
0.068847656250000 3799417
0.072204589843750 3796593
0.071960449218750 3799927
0.060974121093750 3800072
0.067382812500000 3799963
0.069152832031250 3793647
0.072998046875000 3798974
0.070800781250000 3799927
0.000000000000000 3800072
0.071105957031250 3796579
0.066955566406250 3800000
0.071533203125000 3800000
0.070739746093750 3800000
0.062683105468750 3799927
0.070190429687500 3800072
0.068664550781250 3800000
0.074645996093750 3800000
0.070129394531250 3799927
0.060791015625000 3800000
0.072631835937500 3800072
0.071777343750000 3799927
0.068420410156250 3800072
0.000000000000000 3799963
0.069946289062500 3800000
0.073608398437500 3800036
0.070617675781250 3800000
0.060607910156250 3800036
0.067443847656250 3799963
0.060119628906250 3800000
0.068664550781250 3800000
0.073547363281250 3800000
0.070556640625000 3800000
0.070129394531250 3800000
0.068420410156250 3800000
0.072204589843750 3800000
0.063293457031250 3800000
0.069458007812500 3799963
0.000000000000000 3800036
0.070068359375000 3799963
0.069274902343750 3800036
0.071899414062500 3800036
0.073730468750000 3799963
0.067810058593750 3800000
0.067932128906250 3799963
0.066955566406250 3800036
0.063354492187500 3799963
0.073730468750000 3800000
0.060058593750000 3799927
0.069213867187500 3800108
0.070678710937500 3799963
0.000000000000000 3800036
0.074401855468750 3800000
0.070617675781250 3800000
0.069824218750000 3800000
0.072814941406250 3800000
0.069946289062500 3800000
0.069396972656250 3800000
0.071716308593750 3800000
0.063537597656250 3800000
0.069763183593750 3799927
0.069763183593750 3800108
0.000000000000000 3799963
0.074279785156250 3800000
0.070068359375000 3796495
0.061340332031250 3796647
0.066955566406250 3796062
0.072692871093750 3799963
0.070373535156250 3800036
0.068908691406250 3800000
0.070800781250000 3800000
0.067993164062500 3800000
0.063903808593750 3800000
0.072998046875000 3800000
0.072998046875000 3800036
0.067443847656250 3799963
0.000000000000000 3800000
0.069580078125000 3799963
0.071289062500000 3800000
0.068359375000000 3800036
0.069519042968750 3800000
0.071044921875000 3800000
0.061279296875000 3800000
0.067382812500000 3799963
0.072814941406250 3800036
0.192871093750000 3800000
0.067504882812500 3800000
0.063049316406250 3789421
0.071960449218750 3800000
0.071350097656250 3799353
0.068603515625000 3797220
0.069274902343750 3800000
0.074890136718750 3800000
0.069458007812500 3799963
0.060424804687500 3800036
0.068786621093750 3800036
0.062500000000000 3790707
0.072143554687500 3800036
0.061157226562500 3797680
0.059936523437500 3786841
0.070495605468750 3795585
0.000000000000000 3800036
0.071655273437500 3797913
0.074951171875000 3798616
0.060852050781250 3799891
0.065734863281250 3800108
0.068786621093750 3793049
0.070678710937500 3800000
0.073303222656250 3800000
0.059997558593750 3800000
0.068908691406250 3800000
0.069213867187500 3800036
0.072265625000000 3799963
0.073608398437500 3795208
0.069702148437500 3783366
0.059997558593750 3796562
0.066833496093750 3798064
0.062744140625000 3800000
0.000000000000000 3800000
0.071411132812500 3797920
0.068054199218750 3791515
0.068786621093750 3800000
0.069885253906250 3800000
0.073547363281250 3800000
0.067810058593750 3795287
0.067993164062500 3787186
0.067871093750000 3789886
0.074157714843750 3800000
0.063354492187500 3800000
0.059692382812500 3796561
0.068725585937500 3800036
0.069274902343750 3789183
0.062988281250000 3797500
0.062805175781250 3791978
0.070129394531250 3799963
0.066040039062500 3800036
0.000000000000000 3799963
0.069030761718750 3799060
0.074157714843750 3799927
0.070068359375000 3792186
0.068115234375000 3800000
0.073303222656250 3799289
0.061584472656250 3790031
0.068786621093750 3800036
0.069030761718750 3799927
0.071838378906250 3800072
0.072326660156250 3800000
0.060729980468750 3800000
0.067871093750000 3800000
0.000000000000000 3799963
0.068847656250000 3800072
0.071472167968750 3799178
0.063598632812500 3797011
0.067565917968750 3797638
0.069274902343750 3783334
0.070434570312500 3794640
0.067687988281250 3800036
0.071472167968750 3793866
0.070556640625000 3791526
0.060424804687500 3800072
0.069641113281250 3800000
0.069213867187500 3800000
0.074768066406250 3800000
0.000000000000000 3800000
0.131896972656250 3800036
0.000000000000000 3800000
0.067382812500000 3799927
0.069274902343750 3800036
0.074035644531250 3800000
0.072326660156250 3800000
0.071350097656250 3800000
0.069702148437500 3800036
0.069396972656250 3799855
0.070556640625000 3800108
0.062377929687500 3800000
0.068969726562500 3800000
0.060791015625000 3800000
0.067932128906250 3799855
0.000000000000000 3800144
0.073913574218750 3799963
0.070678710937500 3800036
0.069274902343750 3800000
0.070007324218750 3800000
0.070068359375000 3800000
0.071960449218750 3800000
0.071533203125000 3800000
0.063659667968750 3799927
0.061462402343750 3800072
0.066772460937500 3800000
0.068481445312500 3800000
0.072448730468750 3800036
0.070617675781250 3799963
0.000000000000000 3800000
0.068359375000000 3800000
0.067016601562500 3800000
0.074707031250000 3799963
0.070434570312500 3800036
0.068603515625000 3800000
0.071472167968750 3800000
0.070190429687500 3800000
0.059814453125000 3800000
0.067504882812500 3800036
0.072753906250000 3799963
0.072143554687500 3800036
0.000000000000000 3799891
0.068298339843750 3800072
0.068542480468750 3799963
0.063415527343750 3800000
0.071105957031250 3800036
0.070068359375000 3800000
0.070800781250000 3800000
0.073791503906250 3800000
0.062744140625000 3800000
0.067749023437500 3800000
0.069702148437500 3800000
0.069763183593750 3800000
0.072814941406250 3800000
0.000000000000000 3800000
0.073669433593750 3800000
0.069702148437500 3800000
0.061218261718750 3800000
0.071166992187500 3800000
0.063354492187500 3799963
0.068603515625000 3800036
0.059814453125000 3800000
0.067626953125000 3800000
0.075134277343750 3800000
0.072814941406250 3799963
0.066406250000000 3800000
0.070129394531250 3800036
0.071044921875000 3799927
0.072021484375000 3800072
0.000000000000000 3800036
0.067687988281250 3799963
0.069030761718750 3799963
0.071594238281250 3799963
0.074584960937500 3800072
0.070434570312500 3800000
0.067932128906250 3799927
0.060241699218750 3800108
0.072082519531250 3799927
0.071411132812500 3800036
0.070129394531250 3800000
0.066406250000000 3799963
0.063110351562500 3800036
0.072692871093750 3800000
0.060852050781250 3800000
0.066162109375000 3800000
0.060546875000000 3799963
0.000000000000000 3800036
0.128051757812500 3800000
0.000000000000000 3800000
0.066711425781250 3800000
0.063537597656250 3800000
0.075500488281250 3800000
0.069030761718750 3800000
0.070129394531250 3800000
0.068664550781250 3800000
0.073425292968750 3800000
0.072204589843750 3800000
0.059936523437500 3800000
0.069763183593750 3800000
0.070678710937500 3800000
0.071228027343750 3799963
0.000000000000000 3800036
0.069458007812500 3799963
0.070495605468750 3800036
0.071838378906250 3800000
0.063720703125000 3800000
0.068969726562500 3800000
0.066955566406250 3799963
0.068786621093750 3800000
0.071716308593750 3800072
0.063598632812500 3799963
0.068176269531250 3800000
0.069641113281250 3800000
0.073486328125000 3800000
0.063598632812500 3799927
0.069641113281250 3800072
0.000000000000000 3795438
0.068542480468750 3799295
0.073059082031250 3800000
0.070373535156250 3800000
0.061584472656250 3800036
0.065795898437500 3799963
0.072143554687500 3799891
0.072387695312500 3800108
0.073303222656250 3796731
0.069396972656250 3787443
0.067810058593750 3787472
0.062744140625000 3783406
0.068054199218750 3784632
0.060119628906250 3783930
0.069641113281250 3783333
0.063659667968750 3786064
0.000000000000000 3800072
0.074829101562500 3800000
0.068237304687500 3799963
0.070312500000000 3800036
0.071350097656250 3800000
0.063232421875000 3800000
0.069213867187500 3800000
0.071716308593750 3800000
0.061706542968750 3800000
0.071716308593750 3800000
0.060485839843750 3800000
0.068481445312500 3799927
0.060485839843750 3800072
0.071105957031250 3800000
0.071350097656250 3800000
0.069458007812500 3799963
0.063293457031250 3800036
0.070495605468750 3799927
0.000000000000000 3800036
0.070068359375000 3800000
0.068786621093750 3800036
0.068298339843750 3797873
0.064270019531250 3800036
0.071716308593750 3800000
0.069702148437500 3789145
0.067443847656250 3800072
0.075988769531250 3799891
0.072021484375000 3792498
0.068115234375000 3786214
0.068054199218750 3800000
0.000000000000000 3800000
0.071105957031250 3800000
0.063537597656250 3800000
0.065734863281250 3800000
0.070068359375000 3800000
0.062866210937500 3800000
0.071411132812500 3799963
0.060180664062500 3800036
0.068603515625000 3800000
0.074218750000000 3796537
0.069213867187500 3799963
0.068481445312500 3787681
0.069824218750000 3783917
0.067565917968750 3797676
0.063171386718750 3794648
0.072753906250000 3791316
0.062744140625000 3800000
0.000000000000000 3796510
0.069702148437500 3800072
0.069458007812500 3800036
0.068176269531250 3799963
0.064697265625000 3794391
0.071411132812500 3783261
0.068298339843750 3791649
0.059875488281250 3800000
0.066345214843750 3800000
0.063110351562500 3797658
0.070190429687500 3783370
0.059997558593750 3783332
0.069763183593750 3783296
0.070617675781250 3794272
0.069885253906250 3793127
0.062622070312500 3799963
0.070373535156250 3788206
0.067626953125000 3787533
0.063415527343750 3793009
0.071533203125000 3794080
0.068786621093750 3800000
0.000000000000000 3800000
0.068786621093750 3796502
0.069519042968750 3797358
0.074645996093750 3800000
0.069641113281250 3787906
0.070495605468750 3800000
0.067626953125000 3800000
0.064208984375000 3799963
0.071289062500000 3800036
0.067871093750000 3799963
0.072631835937500 3796433
0.063293457031250 3800000
0.068969726562500 3799963
0.000000000000000 3788167
0.071838378906250 3794224
0.063415527343750 3800036
0.067810058593750 3800000
0.060729980468750 3796642
0.066955566406250 3799963
0.068664550781250 3800036
0.072692871093750 3795500
0.070434570312500 3790357
0.071166992187500 3799963
0.068176269531250 3800000
0.073425292968750 3800000
0.070617675781250 3800036
0.000000000000000 3796358
0.072937011718750 3800036
0.072143554687500 3800000
0.071899414062500 3800000
0.059936523437500 3800000
0.069030761718750 3800000
0.069274902343750 3800000
0.071838378906250 3796269
0.072937011718750 3800000
0.069335937500000 3800000
0.071960449218750 3800000
0.071289062500000 3800036
0.000000000000000 3799963
0.067871093750000 3800000
0.068481445312500 3800000
0.062377929687500 3800000
0.075256347656250 3799963
0.070434570312500 3800036
0.067504882812500 3800000
0.073791503906250 3800000
0.071044921875000 3800000
0.059631347656250 3800000
0.067443847656250 3800000
0.060119628906250 3800000
0.068664550781250 3800000
0.071960449218750 3800000
0.071838378906250 3800000
0.000000000000000 3800000
0.067565917968750 3800000
0.072998046875000 3800000
0.071411132812500 3800000
0.070556640625000 3791905
0.070068359375000 3793218
0.071350097656250 3793882
0.063415527343750 3799927
0.068664550781250 3800108
0.069885253906250 3800000
0.068359375000000 3800000
0.072692871093750 3799963
0.000000000000000 3800036
0.074523925781250 3800000
0.070312500000000 3799927
0.069213867187500 3796665
0.072387695312500 3784531
0.064697265625000 3797815
0.065612792968750 3797783
0.068969726562500 3800000
0.073791503906250 3800000
0.071350097656250 3799891
0.070129394531250 3796981
0.067016601562500 3800000
0.059997558593750 3799855
0.000000000000000 3797303
0.071533203125000 3792168
0.071533203125000 3794475
0.068542480468750 3797708
0.067016601562500 3800000
0.063232421875000 3791036
0.069641113281250 3796520
0.061584472656250 3799963
0.072631835937500 3790046
0.070800781250000 3783294
0.069030761718750 3795029
0.069580078125000 3800000
0.063110351562500 3799963
0.070556640625000 3800036
0.069580078125000 3800000
0.000000000000000 3800000
0.136657714843750 3800000
0.000000000000000 3800000
0.068237304687500 3800000
0.068847656250000 3800000
0.071105957031250 3789423
0.068725585937500 3800000
0.071716308593750 3800000
0.071472167968750 3791460
0.060363769531250 3794670
0.067626953125000 3789588
0.062622070312500 3800072
0.061828613281250 3790886
0.059997558593750 3794982
0.066711425781250 3800036
0.062988281250000 3799963
0.062683105468750 3800000
0.069213867187500 3792802
0.069885253906250 3800000
0.068969726562500 3800000
0.066467285156250 3800000
0.071838378906250 3800000
0.060485839843750 3799963
0.067138671875000 3800036
0.068298339843750 3796587
0.000000000000000 3791137
0.069885253906250 3783300
0.073364257812500 3791324
0.072143554687500 3793922
0.067749023437500 3792674
0.060546875000000 3796665
0.072326660156250 3800000
0.073608398437500 3799963
0.068847656250000 3800000
0.070068359375000 3800036
0.069152832031250 3800000
0.000000000000000 3800000
0.072082519531250 3794139
0.070739746093750 3787189
0.069030761718750 3794332
0.072021484375000 3788870
0.070068359375000 3793779
0.073181152343750 3785760
0.072448730468750 3783298
0.070617675781250 3790415
0.059814453125000 3783330
0.067321777343750 3783298
0.068298339843750 3798637
0.000000000000000 3800000
0.074035644531250 3800000
0.073059082031250 3800000
0.060363769531250 3800000
0.069213867187500 3800000
0.068786621093750 3800000
0.072265625000000 3800000
0.072448730468750 3799963
0.070129394531250 3800000
0.067504882812500 3800036
0.059936523437500 3800000
0.071960449218750 3800000
0.071655273437500 3800000
0.067993164062500 3800000
0.059997558593750 3793088
0.067993164062500 3796532
0.000000000000000 3800000
0.073486328125000 3799963
0.063110351562500 3800036
0.067687988281250 3800000
0.070007324218750 3784185
0.069519042968750 3790422
0.067016601562500 3790456
0.072998046875000 3791771
0.063415527343750 3800000
0.068725585937500 3800000
0.071838378906250 3800000
0.070068359375000 3800000
0.072753906250000 3800000
0.000000000000000 3799339
0.070129394531250 3800036
0.069580078125000 3800000
0.067749023437500 3799963
0.075805664062500 3797097
0.070129394531250 3800000
0.061645507812500 3798515
0.067077636718750 3794639
0.068786621093750 3800036
0.070800781250000 3787481
0.071166992187500 3783296
0.071105957031250 3793866
0.065551757812500 3800036
0.063049316406250 3796606
0.000000000000000 3800000
0.129882812500000 3800000
0.060119628906250 3800000
0.000000000000000 3800000
0.068847656250000 3786612
0.070556640625000 3792204
0.062744140625000 3794110
0.070068359375000 3794822
0.067321777343750 3797916
0.069152832031250 3797766
0.073364257812500 3789074
0.070495605468750 3797971
0.070861816406250 3783330
0.072326660156250 3783372
0.069091796875000 3795160
0.063110351562500 3796505
0.071777343750000 3799930
0.000000000000000 3799963
0.068786621093750 3800036
0.072570800781250 3800000
0.071105957031250 3799963
0.070739746093750 3799114
0.067871093750000 3783330
0.073669433593750 3786175
0.071594238281250 3799174
0.067504882812500 3796502
0.059936523437500 3800000
0.068237304687500 3800000
0.074645996093750 3796603
0.000000000000000 3796598
0.070068359375000 3799927
0.060607910156250 3800072
0.070007324218750 3784616
0.073364257812500 3790387
0.071350097656250 3797086
0.066894531250000 3800000
0.060546875000000 3798937
0.071289062500000 3795469
0.073852539062500 3800036
0.070129394531250 3800000
0.063354492187500 3795345
0.062866210937500 3787687
0.068176269531250 3794276
0.060241699218750 3788469
0.067504882812500 3800036
0.071105957031250 3800000
0.069152832031250 3794276
0.060424804687500 3786914
0.000000000000000 3800072
0.129394531250000 3796884
0.000000000000000 3799634
0.072509765625000 3800000
0.067382812500000 3800000
0.072692871093750 3786861
0.070617675781250 3783226
0.061035156250000 3796923
0.069763183593750 3800000
0.063415527343750 3792651
0.067749023437500 3796536
0.068481445312500 3799927
0.060058593750000 3800072
0.070800781250000 3800000
0.072509765625000 3800000
0.072265625000000 3800000
0.061096191406250 3796609
0.066589355468750 3800036
0.069152832031250 3800000
0.000000000000000 3784948
0.072387695312500 3791686
0.122436523437500 3796287
0.000000000000000 3799429
0.070495605468750 3791408
0.068969726562500 3798039
0.069885253906250 3800036
0.073669433593750 3799891
0.068054199218750 3798869
0.060241699218750 3793307
0.071289062500000 3783334
0.070800781250000 3788517
0.071533203125000 3800000
0.067260742187500 3786479
0.073242187500000 3794712
0.000000000000000 3798564
0.070251464843750 3800036
0.069824218750000 3786432
0.073669433593750 3796957
0.070251464843750 3799927
0.070251464843750 3800072
0.072265625000000 3799963
0.070678710937500 3800036
0.068847656250000 3792899
0.069213867187500 3790150
0.000000000000000 3800000
0.131591796875000 3800000
0.000000000000000 3800000
0.072082519531250 3800000
0.068359375000000 3800000
0.061157226562500 3800000
0.068603515625000 3799963
0.068420410156250 3800036
0.074340820312500 3800000
0.069213867187500 3800000
0.069213867187500 3800000
0.070068359375000 3800000
0.073059082031250 3799963
0.070495605468750 3800036
0.000000000000000 3799927
0.069396972656250 3800072
0.076477050781250 3800000
0.069213867187500 3800000
0.067626953125000 3800036
0.069213867187500 3799963
0.070739746093750 3800000
0.071594238281250 3730045
0.064208984375000 3725225
0.059875488281250 3800000
0.067077636718750 3800000
0.073364257812500 3800000
0.069763183593750 3800000
0.000000000000000 3800000
0.069702148437500 3800000
0.068176269531250 3800000
0.063598632812500 3800000
0.122741699218750 3800000
0.000000000000000 3800000
0.068420410156250 3800000
0.059936523437500 3800000
0.069885253906250 3800000
0.069458007812500 3800000
0.071716308593750 3800000
0.070800781250000 3799891
0.071289062500000 3800108
0.071533203125000 3800000
0.071777343750000 3797066
0.060424804687500 3795993
0.068054199218750 3796663
0.072998046875000 3800000
0.062744140625000 3800000
0.060791015625000 3800000
0.067321777343750 3800000
0.000000000000000 3800000
0.072265625000000 3800000
0.072509765625000 3800000
0.068481445312500 3800000
0.069458007812500 3800000
0.070556640625000 3800000
0.070007324218750 3800000
0.069030761718750 3800000
0.071411132812500 3800000
0.073974609375000 3800036
0.068908691406250 3797599
0.061157226562500 3783425
0.000000000000000 3786770
0.073913574218750 3786574
0.061340332031250 3794274
0.069702148437500 3800000
0.068542480468750 3797857
0.072692871093750 3788069
0.073486328125000 3800000
0.060180664062500 3800000
0.068481445312500 3798553
0.061035156250000 3783332
0.066040039062500 3783333
0.072387695312500 3799456
0.070434570312500 3799963
0.060546875000000 3785674
0.068359375000000 3796773
0.064147949218750 3793049
0.070617675781250 3800072
0.069580078125000 3800036
0.063720703125000 3800000
0.000000000000000 3799963
0.129516601562500 3800036
0.000000000000000 3799963
0.067565917968750 3800000
0.068664550781250 3800000
0.062683105468750 3800000
0.062622070312500 3800000
0.068847656250000 3800000
0.072570800781250 3800000
0.072570800781250 3800000
0.070556640625000 3800000
0.072082519531250 3799963
0.071166992187500 3796635
0.067138671875000 3800000
0.074035644531250 3799927
0.000000000000000 3800072
0.070678710937500 3800000
0.071044921875000 3800000
0.068420410156250 3800000
0.060424804687500 3800000
0.072692871093750 3800000
0.071533203125000 3800000
0.067687988281250 3800000
0.069274902343750 3800000
0.066467285156250 3800036
0.071411132812500 3799963
0.070068359375000 3800000
0.067565917968750 3800000
0.062988281250000 3799963
0.070800781250000 3800036
0.000000000000000 3800000
0.070068359375000 3799963
0.075195312500000 3800072
0.070922851562500 3799963
0.060852050781250 3800000
0.068542480468750 3800000
0.069396972656250 3800000
0.070129394531250 3800000
0.074035644531250 3800000
0.060607910156250 3800000
0.067626953125000 3800000
0.071899414062500 3800000
0.070007324218750 3800000
0.000000000000000 3800000
0.069091796875000 3800000
0.071533203125000 3800000
0.061706542968750 3800000
0.069091796875000 3800000
0.070007324218750 3800000
0.063720703125000 3800000
0.069946289062500 3800000
0.067932128906250 3800000
0.070129394531250 3800036
0.073669433593750 3793622
0.069763183593750 3793904
0.069641113281250 3788007
0.061889648437500 3796586
0.070983886718750 3792857
0.061584472656250 3800036
0.066467285156250 3793230
0.000000000000000 3786803
0.071166992187500 3797527
0.073303222656250 3783332
0.061462402343750 3796204
0.068237304687500 3637985
0.069396972656250 3797591
0.071228027343750 3800000
0.071228027343750 3800000
0.061889648437500 3796424
0.066650390625000 3800000
0.069580078125000 3800000
0.071350097656250 3800000
0.064025878906250 3800000
0.070678710937500 3800000
0.067871093750000 3800000
0.060180664062500 3799963
0.000000000000000 3800036
0.072143554687500 3800000
0.064575195312500 3800000
0.068481445312500 3800000
0.069702148437500 3800000
0.067504882812500 3799963
0.065734863281250 3800036
0.076171875000000 3800000
0.063354492187500 3800000
0.068298339843750 3800000
0.068359375000000 3800000
0.064880371093750 3800000
0.064514160156250 3800000
0.060485839843750 3800000
0.059936523437500 3799145
0.068481445312500 3793098
0.066528320312500 3796450
0.070495605468750 3783477
0.072875976562500 3800000
0.068603515625000 3800000
0.000000000000000 3800000
0.070190429687500 3800036
0.069152832031250 3799963
0.064086914062500 3800000
0.063659667968750 3800000
0.070129394531250 3800000
0.065429687500000 3798081
0.064514160156250 3793800
0.076477050781250 3800000
0.073242187500000 3800000
0.073242187500000 3800000
0.064636230468750 3794004
0.069946289062500 3784082
0.000000000000000 3789333
0.069824218750000 3799963
0.068298339843750 3797816
0.063842773437500 3800000
0.071044921875000 3799963
0.069030761718750 3800036
0.071166992187500 3800000
0.061401367187500 3793331
0.068603515625000 3793796
0.060607910156250 3794920
0.074035644531250 3799963
0.071228027343750 3800000
0.061645507812500 3800000
0.068908691406250 3793358
0.069763183593750 3790068
0.069213867187500 3796127
0.062133789062500 3800000
0.060058593750000 3800000
0.059875488281250 3800000
0.071228027343750 3800000
0.069213867187500 3800000
0.000000000000000 3800000
0.070983886718750 3800000
0.071228027343750 3800000
0.071838378906250 3800000
0.067504882812500 3800000
0.063049316406250 3800000
0.072082519531250 3800000
0.059936523437500 3800000
0.069580078125000 3787094
0.071777343750000 3800000
0.072570800781250 3798500
0.066894531250000 3800036
0.070068359375000 3796480
0.070800781250000 3796266
0.062377929687500 3788933
0.000000000000000 3791253
0.068481445312500 3797913
0.069335937500000 3793994
0.072387695312500 3795496
0.070922851562500 3800000
0.061828613281250 3796939
0.068542480468750 3793554
0.072021484375000 3795698
0.070190429687500 3788339
0.059875488281250 3800000
0.070678710937500 3786699
0.071533203125000 3788184
0.069885253906250 3800000
0.067749023437500 3800000
0.068054199218750 3800000
0.063171386718750 3799963
0.059753417968750 3800036
0.000000000000000 3800000
0.070007324218750 3800000
0.069030761718750 3799046
0.065551757812500 3797322
0.069824218750000 3793369
0.068725585937500 3799927
0.064025878906250 3799963
0.068359375000000 3800108
0.070800781250000 3786416
0.068969726562500 3785541
0.068542480468750 3800000
0.068786621093750 3793426
0.063415527343750 3787535
0.070861816406250 3791891
0.068237304687500 3800000
0.071899414062500 3797652
0.062500000000000 3788284
0.000000000000000 3796867
0.069274902343750 3796617
0.070007324218750 3796566
0.070068359375000 3800000
0.071533203125000 3792628
0.062377929687500 3783298
0.067932128906250 3783368
0.068847656250000 3798157
0.072753906250000 3800000
0.062316894531250 3800000
0.069580078125000 3800000
0.059936523437500 3800000
0.069885253906250 3800000
0.072143554687500 3800000
0.061218261718750 3800000
0.069274902343750 3800000
0.000000000000000 3800000
0.073303222656250 3800000
0.069396972656250 3800000
0.060363769531250 3800000
0.070190429687500 3800000
0.072265625000000 3799927
0.062927246093750 3800072
0.069458007812500 3800000
0.068237304687500 3799963
0.068908691406250 3800036
0.072631835937500 3800000
0.070495605468750 3799963
0.060302734375000 3800036
0.071289062500000 3800000
0.069152832031250 3798279
0.000000000000000 3800000
0.071960449218750 3797706
0.071716308593750 3791204
0.070922851562500 3797905
0.071533203125000 3791020
0.072509765625000 3791015
0.071228027343750 3800036
0.068725585937500 3793101
0.073242187500000 3800036
0.071838378906250 3799927
0.000000000000000 3800036
0.070068359375000 3800000
0.068664550781250 3800000
0.060241699218750 3800000
0.072143554687500 3800000
0.070373535156250 3800000
0.068237304687500 3800000
0.071838378906250 3800000
0.066284179687500 3800000
0.068664550781250 3800000
0.070678710937500 3800000
0.069274902343750 3800000
0.062683105468750 3800000
0.062561035156250 3800000
0.068115234375000 3800000
0.069763183593750 3799507
0.067932128906250 3800072
0.063415527343750 3799963
0.000000000000000 3800036
0.071228027343750 3800000
0.068786621093750 3799927
0.060485839843750 3800072
0.071655273437500 3800000
0.063964843750000 3800000
0.068847656250000 3800000
0.069763183593750 3800000
0.068908691406250 3800000
0.062377929687500 3799927
0.072998046875000 3800072
0.071289062500000 3800000
0.060302734375000 3799963
0.069824218750000 3790858
0.073181152343750 3789137
0.068847656250000 3796944
0.000000000000000 3790048
0.070434570312500 3795343
0.072021484375000 3797750
0.064453125000000 3800000
0.070007324218750 3786705
0.068237304687500 3798962
0.069702148437500 3794089
0.073059082031250 3795757
0.074279785156250 3800000
0.068603515625000 3800000
0.070068359375000 3796578
0.060058593750000 3800000
0.069519042968750 3800000
0.000000000000000 3792266
0.071838378906250 3799927
0.070251464843750 3791659
0.068725585937500 3783809
0.073181152343750 3797589
0.073852539062500 3799927
0.067810058593750 3797624
0.066406250000000 3799936
0.067626953125000 3792997
0.071533203125000 3797093
0.069824218750000 3800000
0.000000000000000 3800000
0.071777343750000 3786186
0.071044921875000 3792911
0.065368652343750 3788439
0.069519042968750 3795880
0.067932128906250 3800000
0.070861816406250 3800000
0.064392089843750 3800000
0.068420410156250 3799985
0.069213867187500 3791205
0.069946289062500 3791990
0.067565917968750 3794478
0.065673828125000 3793017
0.071472167968750 3796137
0.060363769531250 3792449
0.067932128906250 3786245
0.000000000000000 3799927
0.069641113281250 3796818
0.074829101562500 3796531
0.071533203125000 3794665
0.070495605468750 3783333
0.064392089843750 3799946
0.064758300781250 3797392
0.061401367187500 3784611
0.060668945312500 3797151
0.068237304687500 3796489
0.074340820312500 3797487
0.061767578125000 3791013
0.070983886718750 3792177
0.072326660156250 3792471
0.067443847656250 3800000
0.075927734375000 3800000
0.000000000000000 3800000
0.067687988281250 3800000
0.069152832031250 3790950
0.067321777343750 3796594
0.070068359375000 3800000
0.062255859375000 3800000
0.072753906250000 3799963
0.070190429687500 3790671
0.067626953125000 3798953
0.062316894531250 3800036
0.070190429687500 3800000
0.069763183593750 3799963
0.073059082031250 3800036
0.069946289062500 3800000
0.060668945312500 3800000
0.000000000000000 3791256
0.070068359375000 3791314
0.069091796875000 3800000
0.070922851562500 3800000
0.063415527343750 3800036
0.069274902343750 3799963
0.069030761718750 3800000
0.072448730468750 3800000
0.072082519531250 3800000
0.061889648437500 3800000
0.068725585937500 3800000
0.069763183593750 3800000
0.072753906250000 3793023
0.061828613281250 3796578
0.068115234375000 3797825
0.000000000000000 3790837
0.068725585937500 3790598
0.072875976562500 3789039
0.069885253906250 3788138
0.061584472656250 3784971
0.067871093750000 3792324
0.071838378906250 3786843
0.074584960937500 3784692
0.069458007812500 3790310
0.070190429687500 3792187
0.071472167968750 3794786
0.072265625000000 3799927
0.000000000000000 3789369
0.067260742187500 3800036
0.062988281250000 3800000
0.071289062500000 3800000
0.067382812500000 3796022
0.068359375000000 3800000
0.068786621093750 3800000
0.063232421875000 3800036
0.070312500000000 3797421
0.060729980468750 3795477
0.069152832031250 3797660
0.060424804687500 3792336
0.066650390625000 3795601
0.074279785156250 3788476
0.073242187500000 3797125
0.069091796875000 3797789
0.068969726562500 3783333
0.000000000000000 3792464
0.069702148437500 3796233
0.069458007812500 3800000
0.073608398437500 3800000
0.061279296875000 3800000
0.068054199218750 3800000
0.071411132812500 3800000
0.062683105468750 3800000
0.067504882812500 3800000
0.060546875000000 3800000
0.067443847656250 3800000
0.069763183593750 3800000
0.072875976562500 3799963
0.070556640625000 3800036
0.069702148437500 3800000
0.000000000000000 3793098
0.134521484375000 3800000
0.000000000000000 3800000
0.069030761718750 3794693
0.059814453125000 3798228
0.071289062500000 3800000
0.071411132812500 3800000
0.060119628906250 3800000
0.067443847656250 3800000
0.072875976562500 3800000
0.070434570312500 3800000
0.059875488281250 3800000
0.067626953125000 3799916
0.069091796875000 3796786
0.071350097656250 3793608
0.062377929687500 3788873
0.069885253906250 3799257
0.072937011718750 3795640
0.071655273437500 3800000
0.000000000000000 3800000
0.069335937500000 3800036
0.068237304687500 3799927
0.069030761718750 3793139
0.063842773437500 3797669
0.073547363281250 3783298
0.069763183593750 3787719
0.069885253906250 3800000
0.068115234375000 3789596
0.071899414062500 3800000
0.070739746093750 3800000
0.069580078125000 3792198
0.000000000000000 3793851
0.069946289062500 3798132
0.069885253906250 3800036
0.070983886718750 3798701
0.069396972656250 3794275
0.067749023437500 3799963
0.062133789062500 3800000
0.072387695312500 3800000
0.068969726562500 3799963
0.068359375000000 3800036
0.070129394531250 3800000
0.072448730468750 3800000
0.062255859375000 3800000
0.067138671875000 3800000
0.000000000000000 3800000
0.068664550781250 3800000
0.071166992187500 3800000
0.069458007812500 3800000
0.071716308593750 3800000
0.068359375000000 3800000
0.072631835937500 3800000
0.062866210937500 3800000
0.068664550781250 3800000
0.070983886718750 3800000
0.068359375000000 3795878
0.062988281250000 3789526
0.068969726562500 3800000
0.059814453125000 3789382
0.072570800781250 3793769
0.000000000000000 3794574
0.072692871093750 3797855
0.068847656250000 3785447
0.070556640625000 3792312
0.070312500000000 3800000
0.069702148437500 3799963
0.060058593750000 3787610
0.072387695312500 3785208
0.073730468750000 3800000
0.069519042968750 3794331
0.069458007812500 3792155
0.060363769531250 3799963
0.070190429687500 3795517
0.074096679687500 3795702
0.000000000000000 3787448
0.068969726562500 3791895
0.068542480468750 3785873
0.068847656250000 3792018
0.071411132812500 3783336
0.071960449218750 3794920
0.067993164062500 3797588
0.061767578125000 3790272
0.071228027343750 3785939
0.062133789062500 3800000
0.068359375000000 3791571
0.060363769531250 3792319
0.068542480468750 3799963
0.073303222656250 3800036
0.073303222656250 3800000
0.000000000000000 3800000
0.069030761718750 3800000
0.060302734375000 3800000
0.067443847656250 3796021
0.063354492187500 3800000
0.069335937500000 3800000
0.070129394531250 3800000
0.067565917968750 3800000
0.063781738281250 3800000
0.071105957031250 3799963
0.069641113281250 3800036
0.062988281250000 3788243
0.071289062500000 3793033
0.067443847656250 3800036
0.071533203125000 3800000
0.063476562500000 3800000
0.068481445312500 3791049
0.070678710937500 3796923
0.000000000000000 3800000
0.068359375000000 3800000
0.070861816406250 3783663
0.071716308593750 3786832
0.068420410156250 3796952
0.069274902343750 3800000
0.069580078125000 3800000
0.074157714843750 3799963
0.061523437500000 3800036
0.069702148437500 3800000
0.069274902343750 3799963
0.071716308593750 3800036
0.000000000000000 3800000
0.071838378906250 3800000
0.071655273437500 3800000
0.068115234375000 3799891
0.061157226562500 3800108
0.071533203125000 3799963
0.061889648437500 3800036
0.068603515625000 3800000
0.070312500000000 3800000
0.066955566406250 3800000
0.072692871093750 3800000
0.072814941406250 3800000
0.068298339843750 3796678
0.063842773437500 3797522
0.072143554687500 3797661
0.000000000000000 3800000
0.070007324218750 3800000
0.068481445312500 3800000
0.070190429687500 3800000
0.073303222656250 3798778
0.070922851562500 3790163
0.060058593750000 3793279
0.068542480468750 3800036
0.068847656250000 3800000
0.072204589843750 3800000
0.061950683593750 3800000
0.068359375000000 3800000
0.069274902343750 3792247
0.072082519531250 3786495
0.000000000000000 3796687
0.072387695312500 3790259
0.068786621093750 3789526
0.067565917968750 3789922
0.070983886718750 3784292
0.073974609375000 3797757
0.068054199218750 3789084
0.069152832031250 3789036
0.071594238281250 3787474
0.071716308593750 3799963
0.139526367187500 3800016
0.000000000000000 3796598
0.074035644531250 3795512
0.070312500000000 3794490
0.061096191406250 3787292
0.068847656250000 3792116
0.073181152343750 3795727
0.070983886718750 3783334
0.071289062500000 3795767
0.069946289062500 3800036
0.071594238281250 3787708
0.070983886718750 3792696
0.059997558593750 3800036
0.071533203125000 3800036
0.000000000000000 3799963
0.067443847656250 3796586
0.073242187500000 3800000
0.072937011718750 3800000
0.070861816406250 3793346
0.069213867187500 3799963
0.068786621093750 3800036
0.062194824218750 3799927
0.068725585937500 3794892
0.059936523437500 3796238
0.070495605468750 3800000
0.071716308593750 3800000
0.072082519531250 3792163
0.000000000000000 3799850
0.070373535156250 3794562
0.069396972656250 3795048
0.072387695312500 3793824
0.062927246093750 3791628
0.069213867187500 3786750
0.069458007812500 3795476
0.067749023437500 3800000
0.062500000000000 3800000
0.071411132812500 3800000
0.071533203125000 3796765
0.068237304687500 3794534
0.071960449218750 3800000
0.000000000000000 3800000
0.133789062500000 3800000
0.000000000000000 3799963
0.067932128906250 3787297
0.068786621093750 3800000
0.068908691406250 3791688
0.072631835937500 3797022
0.070556640625000 3800000
0.069274902343750 3800000
0.064758300781250 3794888
0.070129394531250 3791324
0.059997558593750 3800036
0.069091796875000 3800000
0.060302734375000 3800000
0.070739746093750 3800000
0.063354492187500 3800000
0.069030761718750 3800000
0.060119628906250 3800000
0.068359375000000 3799179
0.074035644531250 3793885
0.000000000000000 3800036
0.072204589843750 3800000
0.069152832031250 3793016
0.068786621093750 3800000
0.071960449218750 3799963
0.071533203125000 3800036
0.059814453125000 3798072
0.070068359375000 3794906
0.069946289062500 3799963
0.071411132812500 3800036
0.070312500000000 3792474
0.068908691406250 3799872
0.062011718750000 3783370
0.071411132812500 3799296
0.000000000000000 3799963
0.067077636718750 3789262
0.125305175781250 3783334
0.000000000000000 3793240
0.069641113281250 3790629
0.069152832031250 3792638
0.071105957031250 3783332
0.072631835937500 3783407
0.067932128906250 3795065
0.070617675781250 3794537
0.072509765625000 3796740
0.062622070312500 3783334
0.070617675781250 3792245
0.068786621093750 3797357
0.069641113281250 3789373
0.000000000000000 3799963
0.071716308593750 3800072
0.071411132812500 3792894
0.068237304687500 3800036
0.072570800781250 3800036
0.071411132812500 3799927
0.070129394531250 3800072
0.067687988281250 3800036
0.069885253906250 3799963
0.072387695312500 3800000
0.000000000000000 3800000
0.070495605468750 3797437
0.062316894531250 3800000
0.069274902343750 3800000
0.068969726562500 3800000
0.071044921875000 3800000
0.062744140625000 3798354
0.069030761718750 3798232
0.060546875000000 3800000
0.069274902343750 3800000
0.071105957031250 3800000
0.063964843750000 3800000
0.068542480468750 3790750
0.069030761718750 3795318
0.072143554687500 3800000
0.073059082031250 3790905
0.000000000000000 3800398
0.069213867187500 3785874
0.068786621093750 3789987
0.072814941406250 3797596
0.069396972656250 3790478
0.061218261718750 3793385
0.069580078125000 3800000
0.063415527343750 3800000
0.068786621093750 3799937
0.071594238281250 3786080
0.069274902343750 3800000
0.071105957031250 3788890
0.071655273437500 3800000
0.068664550781250 3800036
0.061157226562500 3799963
0.000000000000000 3800000
0.069885253906250 3799963
0.071350097656250 3800036
0.061218261718750 3800036
0.070312500000000 3799963
0.072021484375000 3800000
0.069641113281250 3800036
0.060363769531250 3799963
0.066589355468750 3800000
0.068786621093750 3800000
0.074523925781250 3800000
0.070861816406250 3800000
0.069091796875000 3800000
0.069152832031250 3800000
0.063781738281250 3800000
0.000000000000000 3800000
0.071228027343750 3800000
0.069580078125000 3800000
0.070373535156250 3800000
0.071960449218750 3800000
0.062438964843750 3800000
0.068786621093750 3799963
0.067749023437500 3800036
0.074829101562500 3800000
0.069458007812500 3800000
0.070678710937500 3799963
0.071594238281250 3800072
0.063659667968750 3799891
0.000000000000000 3800072
0.068176269531250 3800000
0.068847656250000 3800000
0.069274902343750 3800000
0.072021484375000 3800000
0.063537597656250 3800000
0.060241699218750 3800000
0.071350097656250 3800000
0.068481445312500 3800000
0.063232421875000 3800000
0.071166992187500 3799963
0.069763183593750 3800036
0.065917968750000 3800000
0.063598632812500 3800036
0.070434570312500 3799963
0.060607910156250 3800000
0.075195312500000 3799943
0.070434570312500 3796659
0.059875488281250 3800000
0.000000000000000 3800000
0.069335937500000 3799963
0.069152832031250 3800036
0.070922851562500 3799927
0.073242187500000 3796584
0.069091796875000 3800072
0.069335937500000 3800036
0.059997558593750 3799963
0.066406250000000 3800000
0.070251464843750 3799891
0.062561035156250 3800108
0.071838378906250 3800000
0.068725585937500 3800000
0.069458007812500 3800000
0.000000000000000 3799696
0.073974609375000 3790163
0.072753906250000 3792304
0.070251464843750 3799963
0.070007324218750 3798714
0.070678710937500 3800000
0.060302734375000 3800000
0.063537597656250 3800000
0.070068359375000 3793027
0.069519042968750 3800000
0.069152832031250 3795596
0.073120117187500 3800000
0.072998046875000 3800000
0.000000000000000 3800036
0.067749023437500 3799963
0.072814941406250 3800000
0.073974609375000 3800000
0.067382812500000 3800000
0.068847656250000 3800000
0.069885253906250 3800000
0.071533203125000 3800000
0.070983886718750 3788132
0.060363769531250 3791195
0.071411132812500 3796144
0.072631835937500 3784296
0.062072753906250 3794556
0.000000000000000 3783369
0.069641113281250 3783370
0.069335937500000 3783294
0.070739746093750 3785894
0.061279296875000 3792058
0.059814453125000 3792939
0.070312500000000 3799963
0.072509765625000 3797301
0.070190429687500 3792768
0.061279296875000 3797160
0.067565917968750 3788455
0.068664550781250 3787324
0.072204589843750 3790338
0.072326660156250 3789343
0.069946289062500 3794133
0.000000000000000 3788912
0.068908691406250 3794700
0.074218750000000 3783664
0.062744140625000 3800000
0.060546875000000 3800000
0.068847656250000 3800000
0.068359375000000 3800000
0.068420410156250 3799963
0.069030761718750 3800036
0.060729980468750 3800000
0.070678710937500 3800000
0.062988281250000 3800000
0.067565917968750 3796330
0.067138671875000 3792999
0.070495605468750 3793963
0.070007324218750 3794351
0.071044921875000 3794875
0.071533203125000 3794286
0.061828613281250 3791298
0.000000000000000 3783369
0.068237304687500 3797203
0.062805175781250 3794789
0.072082519531250 3800000
0.060424804687500 3793112
0.069519042968750 3798206
0.069519042968750 3796309
0.071899414062500 3785258
0.072875976562500 3800000
0.070556640625000 3800000
0.068786621093750 3800000
0.070983886718750 3800000
0.068481445312500 3800000
0.063415527343750 3800000
0.071105957031250 3800000
0.000000000000000 3800000
0.070129394531250 3800000
0.070678710937500 3800000
0.072204589843750 3800000
0.062255859375000 3800000
0.068786621093750 3784769
0.072143554687500 3788204
0.069458007812500 3793399
0.069458007812500 3793267
0.060729980468750 3788355
0.069335937500000 3799963
0.072265625000000 3797056
0.070800781250000 3799470
0.062255859375000 3800000
0.067443847656250 3800000
0.000000000000000 3798648
0.067626953125000 3786808
0.070861816406250 3784561
0.072509765625000 3793325
0.061645507812500 3795764
0.068847656250000 3800000
0.069458007812500 3800000
0.073303222656250 3793996
0.062683105468750 3799081
0.069213867187500 3799963
0.069274902343750 3800000
0.073364257812500 3800036
0.070556640625000 3800036
0.000000000000000 3800000
0.070129394531250 3799963
0.069519042968750 3793130
0.060974121093750 3784644
0.068786621093750 3797646
0.060485839843750 3793715
0.071166992187500 3799050
0.063171386718750 3794309
0.070495605468750 3795894
0.068969726562500 3800000
0.069946289062500 3800000
0.068115234375000 3799963
0.062927246093750 3800000
0.070251464843750 3800036
0.059692382812500 3800000
0.066589355468750 3800000
0.069335937500000 3800000
0.073364257812500 3800000
0.069396972656250 3800000
0.061340332031250 3800000
0.000000000000000 3800000
0.067626953125000 3800000
0.073181152343750 3799963
0.071289062500000 3800036
0.061218261718750 3800000
0.069213867187500 3799963
0.071533203125000 3800036
0.071716308593750 3799927
0.068359375000000 3800072
0.069152832031250 3800000
0.068542480468750 3800000
0.072082519531250 3800000
0.071533203125000 3785410
0.000000000000000 3787048
0.068237304687500 3789002
0.069274902343750 3799963
0.071838378906250 3800036
0.070800781250000 3800000
0.068359375000000 3799963
0.063110351562500 3795776
0.072509765625000 3797351
0.066711425781250 3800000
0.062988281250000 3792873
0.070922851562500 3792018
0.068908691406250 3793993
0.069091796875000 3796325
0.063293457031250 3791515
0.070190429687500 3790820
0.061401367187500 3799927
0.000000000000000 3800108
0.068847656250000 3799963
0.071838378906250 3800000
0.072143554687500 3800000
0.059692382812500 3800000
0.068786621093750 3800000
0.073791503906250 3800000
0.070434570312500 3799963
0.072021484375000 3800036
0.069702148437500 3800000
0.068603515625000 3800000
0.070373535156250 3800000
0.062744140625000 3800000
0.069458007812500 3800000
0.000000000000000 3800000
0.069702148437500 3793475
0.071289062500000 3789730
0.071594238281250 3798833
0.073791503906250 3799963
0.069030761718750 3788544
0.068664550781250 3794901
0.069458007812500 3790009
0.073547363281250 3790169
0.063415527343750 3800036
0.068298339843750 3800000
0.060546875000000 3800000
0.067504882812500 3799157
0.000000000000000 3799006
0.069519042968750 3798445
0.070983886718750 3800036
0.062438964843750 3797259
0.068786621093750 3793528
0.069763183593750 3790650
0.064636230468750 3783330
0.069335937500000 3786559
0.060180664062500 3791403
0.072448730468750 3793417
0.061767578125000 3797867
0.067321777343750 3783368
0.059936523437500 3783297
0.071960449218750 3799103
0.063476562500000 3795903
0.067871093750000 3797165
0.071472167968750 3794419
0.068725585937500 3783334
0.072875976562500 3783333
0.000000000000000 3794201
0.131652832031250 3800036
0.000000000000000 3799963
0.068786621093750 3796593
0.071838378906250 3800000
0.072448730468750 3800000
0.070617675781250 3800000
0.070068359375000 3800036
0.063720703125000 3800000
0.070129394531250 3800000
0.060119628906250 3799963
0.062377929687500 3800036
0.071777343750000 3799963
0.068786621093750 3800000
0.069396972656250 3800036
0.072998046875000 3799963
0.000000000000000 3800000
0.072448730468750 3800000
0.070495605468750 3784765
0.066955566406250 3790698
0.073181152343750 3786157
0.073791503906250 3800000
0.068542480468750 3789046
0.068969726562500 3794739
0.068054199218750 3792764
0.075561523437500 3797928
0.069824218750000 3796742
0.060485839843750 3799963
0.000000000000000 3797236
0.070068359375000 3792524
0.071411132812500 3797183
0.062622070312500 3680437
0.067260742187500 3800000
0.068908691406250 3800000
0.068237304687500 3800000
0.073547363281250 3796285
0.071472167968750 3799963
0.068725585937500 3800000
0.069274902343750 3800000
0.071716308593750 3799927
0.063598632812500 3800072
0.069458007812500 3799395
0.000000000000000 3800000
0.068298339843750 3784806
0.069396972656250 3789910
0.060546875000000 3793586
0.069519042968750 3799448
0.071044921875000 3786893
0.072387695312500 3800000
0.068908691406250 3796806
0.060180664062500 3784807
0.067932128906250 3783335
0.062500000000000 3783329
0.070922851562500 3792140
0.072021484375000 3797235
0.070617675781250 3788139
0.068786621093750 3800000
0.000000000000000 3787027
0.068969726562500 3784848
0.066833496093750 3793841
0.073608398437500 3798098
0.070373535156250 3785865
0.069885253906250 3800000
0.068542480468750 3800000
0.073791503906250 3798777
0.071350097656250 3798876
0.068054199218750 3789846
0.072937011718750 3788751
0.000000000000000 3784497
0.073242187500000 3797902
0.068176269531250 3783330
0.070312500000000 3795137
0.070190429687500 3792371
0.068969726562500 3783372
0.069641113281250 3783296
0.062866210937500 3783369
0.072631835937500 3783332
0.068847656250000 3796927
0.073303222656250 3799963
0.072326660156250 3789721
0.059936523437500 3794576
0.065307617187500 3783334
0.000000000000000 3787915
0.128662109375000 3789903
0.000000000000000 3783402
0.069641113281250 3787108
0.071289062500000 3793672
0.071166992187500 3787794
0.061462402343750 3798735
0.072021484375000 3797337
0.063110351562500 3800000
0.068969726562500 3789065
0.069396972656250 3796886
0.069580078125000 3800000
0.071533203125000 3799963
0.073791503906250 3800072
0.067626953125000 3799963
0.062133789062500 3800000
0.000000000000000 3795849
0.072509765625000 3786065
0.062988281250000 3800000
0.068664550781250 3800000
0.068359375000000 3800000
0.060241699218750 3799963
0.069274902343750 3800036
0.073181152343750 3800000
0.070617675781250 3800000
0.061157226562500 3799963
0.071777343750000 3800036
0.070922851562500 3791073
0.069396972656250 3793784
0.067993164062500 3799728
0.072265625000000 3800000
0.000000000000000 3800000
0.071166992187500 3800000
0.069396972656250 3800000
0.071228027343750 3800036
0.064392089843750 3799963
0.063293457031250 3800000
0.070983886718750 3800000
0.070251464843750 3800000
0.065551757812500 3800000
0.064086914062500 3799963
0.070739746093750 3800036
0.073974609375000 3800000
0.000000000000000 3799963
0.079467773437500 3800072
0.066833496093750 3799963
0.069763183593750 3800036
0.065490722656250 3800000
0.066406250000000 3799963
0.072082519531250 3800000
0.061523437500000 3800000
0.067321777343750 3799963
0.069580078125000 3800036
0.063354492187500 3800000
0.070739746093750 3800000
0.061279296875000 3800000
0.068298339843750 3796308
0.072326660156250 3800000
0.070007324218750 3798332
0.061950683593750 3794450
0.068420410156250 3800000
0.133483886718750 3800000
0.069519042968750 3791008
0.061706542968750 3798578
0.070678710937500 3797845
0.071411132812500 3799927
0.059936523437500 3800072
0.070678710937500 3800000
0.067382812500000 3800000
0.062805175781250 3800036
0.073486328125000 3792713
0.067993164062500 3811717
0.068481445312500 3999961
0.079895019531250 4000000
0.081542968750000 4000000
0.078369140625000 3999961
0.081420898437500 4000038
0.000000000000000 4000000
0.082641601562500 4000000
0.077819824218750 4000000
0.078125000000000 4000000
0.077514648437500 4000000
0.079040527343750 4000000
0.078796386718750 4000000
0.080444335937500 4000000
0.083007812500000 4000000
0.079833984375000 4000000
0.077026367187500 4000000
0.000000000000000 4000000
0.078002929687500 4000000
0.078002929687500 4000000
0.077148437500000 4000000
0.079223632812500 3999961
0.080505371093750 4000038
0.069335937500000 4000000
0.069152832031250 4000000
0.078063964843750 4000000
0.069396972656250 4000000
0.069458007812500 4000000
0.069030761718750 4000000
0.069580078125000 4000000
0.070007324218750 4000000
0.074035644531250 4000000
0.070983886718750 4000000
0.071533203125000 4000000
0.072204589843750 4000000
0.081237792968750 4000000
0.078918457031250 4000000
0.076660156250000 4000000
0.080383300781250 4000000
0.079040527343750 4000000
0.080322265625000 4000000
0.076904296875000 4000000
0.078857421875000 4000000
0.078552246093750 3999961
0.000000000000000 4000038
0.078002929687500 4000000
0.081115722656250 4000000
0.078796386718750 4000000
0.077453613281250 4000000
0.079650878906250 4000000
0.077026367187500 4000000
0.081176757812500 4000000
0.076232910156250 4000000
0.078735351562500 4000000
0.081115722656250 4000000
0.076232910156250 4000000
0.000000000000000 4000000
0.079223632812500 4000000
0.076782226562500 4000000
0.079650878906250 4000000
0.078674316406250 3999961
0.080871582031250 4000038
0.077636718750000 3999961
0.078552246093750 4000038
0.079223632812500 4000000
0.078979492187500 4000000
0.079528808593750 4000000
0.076416015625000 4000000
0.000000000000000 4000000
0.082092285156250 4000000
0.079956054687500 4000000
0.078796386718750 4000000
0.077819824218750 4000000
0.079223632812500 3999961
0.080200195312500 4000038
0.078125000000000 3999961
0.080017089843750 4000038
0.079223632812500 4000000
0.077026367187500 4000000
0.079223632812500 4000000
0.000000000000000 4000000
0.148193359375000 4000000
0.000000000000000 4000000
0.076843261718750 4000000
0.081909179687500 4000000
0.081787109375000 4000000
0.077392578125000 4000000
0.080688476562500 4000000
0.079223632812500 3999960
0.078491210937500 4000038
0.079833984375000 4000000
0.079284667968750 4000000
0.080017089843750 4000000
0.000000000000000 4000000
0.078735351562500 4000000
0.079833984375000 4000000
0.076599121093750 4000000
0.080810546875000 4000000
0.077880859375000 4000000
0.081115722656250 4000000
0.077270507812500 3999923
0.077087402343750 4000076
0.080932617187500 4000000
0.079467773437500 3999961
0.078735351562500 4000038
0.000000000000000 3999961
0.082092285156250 4000000
0.078369140625000 4000038
0.079528808593750 4000000
0.079528808593750 4000000
0.079711914062500 4000000
0.076232910156250 3999961
0.079895019531250 4000038
0.083374023437500 4000000
0.076782226562500 4000000
0.079772949218750 3999961
0.078125000000000 4000000
0.000000000000000 4000038
0.078186035156250 3999961
0.078857421875000 4000038
0.080078125000000 4000000
0.079406738281250 4000000
0.080322265625000 4000000
0.079101562500000 4000000
0.078247070312500 3999961
0.079040527343750 4000038
0.076660156250000 3999961
0.078552246093750 4000039
0.000000000000000 4000000
0.081604003906250 3999961
0.080383300781250 4000038
0.077514648437500 3999961
0.079040527343750 4000038
0.080322265625000 4000000
0.076477050781250 3990937
0.078308105468750 3795294
0.075073242187500 3790513
0.071533203125000 3790335
0.073242187500000 3793153
0.073608398437500 3799963
0.000000000000000 3790471
0.073730468750000 3794521
0.071960449218750 3790459
0.074768066406250 3783334
0.064758300781250 3788597
0.072448730468750 3800000
0.073547363281250 3799963
0.069946289062500 3800072
0.064086914062500 3790946
0.069580078125000 3783334
0.072326660156250 3783330
0.072265625000000 3794558
0.073425292968750 3786855
0.071472167968750 3794571
0.069763183593750 3797348
0.073913574218750 3783504
0.000000000000000 3791321
0.070556640625000 3788932
0.073303222656250 3798267
0.070617675781250 3800036
0.072692871093750 3800000
0.074218750000000 3800000
0.072875976562500 3800000
0.071960449218750 3796107
0.071289062500000 3800000
0.070861816406250 3797866
0.072326660156250 3795516
0.074157714843750 3787448
0.071228027343750 3783335
0.000000000000000 3795815
0.071838378906250 3790974
0.072082519531250 3784543
0.072082519531250 3798328
0.074096679687500 3800036
0.071228027343750 3799549
0.072692871093750 3800000
0.072998046875000 3800036
0.071899414062500 3799963
0.072448730468750 3799963
0.070556640625000 3788945
0.074279785156250 3800000
0.073120117187500 3795935
0.000000000000000 3794188
0.072692871093750 3794629
0.071960449218750 3799963
0.070556640625000 3800036
0.074340820312500 3793062
0.072448730468750 3800000
0.071594238281250 3800000
0.071533203125000 3800000
0.072814941406250 3800000
0.073852539062500 3800000
0.072875976562500 3800000
0.074401855468750 3800000
0.000000000000000 3800000
0.072082519531250 3800000
0.076232910156250 3789559
0.071044921875000 3793577
0.072448730468750 3796652
0.072570800781250 3800000
0.069824218750000 3800000
0.064086914062500 3800000
0.072753906250000 3800000
0.070739746093750 3795644
0.071838378906250 3797332
0.073120117187500 3800000
0.076538085937500 3800000
0.070983886718750 3790782
0.000000000000000 3798129
0.072937011718750 3788782
0.073547363281250 3796340
0.072326660156250 3794201
0.069885253906250 3785525
0.072265625000000 3792151
0.073730468750000 3800036
0.071105957031250 3791344
0.063659667968750 3783335
0.072082519531250 3791754
0.072509765625000 3800000
0.070251464843750 3800036
0.073120117187500 3799963
0.071044921875000 3800036
0.072509765625000 3799963
0.000000000000000 3797356
0.073242187500000 3785688
0.070373535156250 3800000
0.073547363281250 3789256
0.070129394531250 3800000
0.074279785156250 3793772
0.070312500000000 3796612
0.073608398437500 3787994
0.072082519531250 3790852
0.072509765625000 3798233
0.072082519531250 3783333
0.069763183593750 3795987
0.063476562500000 3793074
0.070373535156250 3783337
0.071105957031250 3783329
0.071289062500000 3795764
0.000000000000000 3794495
0.073608398437500 3784334
0.072753906250000 3791967
0.072814941406250 3788680
0.071289062500000 3789714
0.072998046875000 3788968
0.072998046875000 3793944
0.070434570312500 3794558
0.073181152343750 3789432
0.072753906250000 3798264
0.070556640625000 3799597
0.072326660156250 3799716
0.069641113281250 3789215
0.000000000000000 3788911
0.072570800781250 3799963
0.070007324218750 3788926
0.074279785156250 3800000
0.073059082031250 3788928
0.070190429687500 3783335
0.072204589843750 3783331
0.063537597656250 3794641
0.074401855468750 3793836
0.070251464843750 3792906
0.073425292968750 3790086
0.072021484375000 3798841
0.063476562500000 3790233
0.075500488281250 3798672
0.072021484375000 3800000
0.070739746093750 3785024
0.000000000000000 3792053
0.072387695312500 3787071
0.071899414062500 3792439
0.070312500000000 3787617
0.071960449218750 3783334
0.074035644531250 3794558
0.072082519531250 3791925
0.071777343750000 3797089
0.070800781250000 3790192
0.073974609375000 3800000
0.072814941406250 3795217
0.072692871093750 3797214
0.000000000000000 3796580
0.075012207031250 3797171
0.069702148437500 3783333
0.071594238281250 3794577
0.072570800781250 3790689
0.071594238281250 3798356
0.070983886718750 3783330
0.071655273437500 3787422
0.074218750000000 3789715
0.070373535156250 3783369
0.071228027343750 3792022
0.070251464843750 3789938
0.072387695312500 3798442
0.072021484375000 3797993
0.071960449218750 3794219
0.000000000000000 3798076
0.075805664062500 3789086
0.071105957031250 3788988
0.073242187500000 3799898
0.070861816406250 3789121
0.071777343750000 3788629
0.072448730468750 3789234
0.073730468750000 3793418
0.075378417968750 3789374
0.070983886718750 3791973
0.071472167968750 3800000
0.070312500000000 3800000
0.000000000000000 3789645
0.073791503906250 3787924
0.071716308593750 3790156
0.071838378906250 3798774
0.071838378906250 3800000
0.072082519531250 3788811
0.063598632812500 3800036
0.070129394531250 3785176
0.073120117187500 3794077
0.071044921875000 3800000
0.072387695312500 3800000
0.070739746093750 3800000
0.072265625000000 3800000
0.073608398437500 3800000
0.071777343750000 3795881
0.000000000000000 3794406
0.073608398437500 3786684
0.072937011718750 3797258
0.072509765625000 3788204
0.070190429687500 3797045
0.074707031250000 3793785
0.073852539062500 3794521
0.070556640625000 3791334
0.073791503906250 3791620
0.071228027343750 3794687
0.073486328125000 3800036
0.072082519531250 3799963
0.073303222656250 3800000
0.000000000000000 3800000
0.072875976562500 3792005
0.073120117187500 3799927
0.074218750000000 3800108
0.069030761718750 3800036
0.072204589843750 3799963
0.071105957031250 3800000
0.072631835937500 3800000
0.071105957031250 3799963
0.073913574218750 3800036
0.072509765625000 3800000
0.071044921875000 3800000
0.073364257812500 3800000
0.000000000000000 3800000
0.070373535156250 3800000
0.073669433593750 3799963
0.072937011718750 3800036
0.070800781250000 3800000
0.075012207031250 3797967
0.070617675781250 3783331
0.071777343750000 3788882
0.070373535156250 3797818
0.073120117187500 3799868
0.069641113281250 3799963
0.073303222656250 3800036
0.073913574218750 3800000
0.000000000000000 3800000
0.073242187500000 3800000
0.072448730468750 3783890
0.073608398437500 3794779
0.074218750000000 3800000
0.074401855468750 3791062
0.069885253906250 3794435
0.072326660156250 3800000
0.072570800781250 3791598
0.072631835937500 3786272
0.071838378906250 3794685
0.071655273437500 3795387
0.000000000000000 3788909
0.073730468750000 3796619
0.070251464843750 3792378
0.064392089843750 3790508
0.072814941406250 3794499
0.073242187500000 3783333
0.072326660156250 3788754
0.074218750000000 3790315
0.072509765625000 3800000
0.075561523437500 3800000
0.073608398437500 3800000
0.071655273437500 3800000
0.000000000000000 3800000
0.075988769531250 3800000
0.071960449218750 3800000
0.073852539062500 3800000
0.072875976562500 3799479
0.069763183593750 3789453
0.064453125000000 3792007
0.070251464843750 3799525
0.071411132812500 3800000
0.073303222656250 3800000
0.072875976562500 3790861
0.072448730468750 3783335
0.074645996093750 3790763
0.072448730468750 3795021
0.070129394531250 3783332
0.064147949218750 3794558
0.000000000000000 3793774
0.072509765625000 3795604
0.072204589843750 3783298
0.070495605468750 3787693
0.073303222656250 3796097
0.075195312500000 3798659
0.069274902343750 3796250
0.072692871093750 3799255
0.071289062500000 3800000
0.073852539062500 3788895
0.071777343750000 3791000
0.072875976562500 3797944
0.074096679687500 3800000
0.000000000000000 3788903
0.070007324218750 3800000
0.075805664062500 3788910
0.069946289062500 3791623
0.072998046875000 3797314
0.070434570312500 3799963
0.072448730468750 3800000
0.074951171875000 3800000
0.072143554687500 3797835
0.072143554687500 3791075
0.072082519531250 3788913
0.073059082031250 3792474
0.000000000000000 3786844
0.072204589843750 3795175
0.072143554687500 3797335
0.075195312500000 3793278
0.071716308593750 3784500
0.071899414062500 3800000
0.072326660156250 3793900
0.071533203125000 3800000
0.071594238281250 3790247
0.074340820312500 3798162
0.071716308593750 3793861
0.071411132812500 3783337
0.072814941406250 3794892
0.000000000000000 3791286
0.072326660156250 3793802
0.072265625000000 3793128
0.071228027343750 3787776
0.073669433593750 3800000
0.072692871093750 3800000
0.074340820312500 3789028
0.072387695312500 3800000
0.071350097656250 3800000
0.071716308593750 3800000
0.072265625000000 3785602
0.063537597656250 3793929
0.072448730468750 3783963
0.073608398437500 3793750
0.000000000000000 3784085
0.071228027343750 3793584
0.072814941406250 3784339
0.073242187500000 3783334
0.071350097656250 3783369
0.070739746093750 3793291
0.072082519531250 3784580
0.071716308593750 3798083
0.071655273437500 3795892
0.073425292968750 3791001
0.071838378906250 3799223
0.072082519531250 3790481
0.073608398437500 3798390
0.000000000000000 3792325
0.073059082031250 3787169
0.074157714843750 3800000
0.073364257812500 3798013
0.072692871093750 3792349
0.075256347656250 3798838
0.071716308593750 3785040
0.075439453125000 3792374
0.072998046875000 3788561
0.071472167968750 3785114
0.073669433593750 3783333
0.000000000000000 3796856
0.070983886718750 3792299
0.073669433593750 3788968
0.069396972656250 3792692
0.071594238281250 3794788
0.075378417968750 3800036
0.071960449218750 3798519
0.072814941406250 3789387
0.072082519531250 3783294
0.073730468750000 3790315
0.071411132812500 3788907
0.073852539062500 3787362
0.000000000000000 3791181
0.073486328125000 3800000
0.070495605468750 3788909
0.071228027343750 3790614
0.072692871093750 3783371
0.072265625000000 3783333
0.070678710937500 3795385
0.063781738281250 3798447
0.070617675781250 3783677
0.074218750000000 3794258
0.071594238281250 3790357
0.070617675781250 3798749
0.073425292968750 3791527
0.073059082031250 3783334
0.075805664062500 3783334
0.000000000000000 3798693
0.071289062500000 3791360
0.072021484375000 3795420
0.072448730468750 3795099
0.073120117187500 3800000
0.071350097656250 3799963
0.071899414062500 3800036
0.074401855468750 3800000
0.072570800781250 3799963
0.072509765625000 3800036
0.073852539062500 3800000
0.070190429687500 3797306
0.000000000000000 3785648
0.074096679687500 3789166
0.070617675781250 3798119
0.071960449218750 3800036
0.071960449218750 3797103
0.073730468750000 3783297
0.073547363281250 3795705
0.070373535156250 3786132
0.072875976562500 3797425
0.070495605468750 3796257
0.072875976562500 3800000
0.072326660156250 3789858
0.073425292968750 3783934
0.063781738281250 3799963
0.069763183593750 3788838
0.000000000000000 3800072
0.072875976562500 3800000
0.071411132812500 3799963
0.072448730468750 3799174
0.070617675781250 3791209
0.074523925781250 3799305
0.077392578125000 3783333
0.070556640625000 3787405
0.072326660156250 3790403
0.071350097656250 3799580
0.073669433593750 3783330
0.070007324218750 3783706
0.060119628906250 3797556
0.068542480468750 3788672
0.000000000000000 3789097
0.069030761718750 3800000
0.061401367187500 3800000
0.070068359375000 3787388
0.073669433593750 3799767
0.070312500000000 3800000
0.060729980468750 3797148
0.059936523437500 3786898
0.069152832031250 3788318
0.067565917968750 3789550
0.074279785156250 3791740
0.063110351562500 3789698
0.067687988281250 3799207
0.069702148437500 3800000
0.070678710937500 3800000
0.070739746093750 3797249
0.059814453125000 3800000
0.067932128906250 3798124
0.000000000000000 3797864
0.073608398437500 3800000
0.069396972656250 3796252
0.061584472656250 3783369
0.073425292968750 3786998
0.062988281250000 3800000
0.068237304687500 3796546
0.069396972656250 3792254
0.072021484375000 3798727
0.061706542968750 3799131
0.069824218750000 3796170
0.068664550781250 3783405
0.063781738281250 3794459
0.069335937500000 3791924
0.069885253906250 3785015
0.067932128906250 3783368
0.000000000000000 3786079
0.069335937500000 3794593
0.074340820312500 3794359
0.071716308593750 3785013
0.069641113281250 3800000
0.068603515625000 3800000
0.065307617187500 3800000
0.072570800781250 3800000
0.069580078125000 3800000
0.070251464843750 3800000
0.072875976562500 3797899
0.063232421875000 3789727
0.067199707031250 3796604
0.000000000000000 3799963
0.069091796875000 3800036
0.069335937500000 3788990
0.074645996093750 3795071
0.073974609375000 3796007
0.066772460937500 3800000
0.068725585937500 3798237
0.070007324218750 3794177
0.059936523437500 3800000
0.069702148437500 3799927
0.071716308593750 3800072
0.070251464843750 3788875
0.059692382812500 3799957
0.060241699218750 3796001
0.071533203125000 3793255
0.000000000000000 3783333
0.072753906250000 3783334
0.067504882812500 3793218
0.059997558593750 3795823
0.067199707031250 3783262
0.072082519531250 3788567
0.073059082031250 3792981
0.069152832031250 3788933
0.070068359375000 3790647
0.070495605468750 3797283
0.071838378906250 3783704
0.069152832031250 3795261
0.000000000000000 3794784
0.069335937500000 3800000
0.071411132812500 3800000
0.070800781250000 3800000
0.060729980468750 3791655
0.066955566406250 3783366
0.073059082031250 3786826
0.070617675781250 3783333
0.059997558593750 3791385
0.068176269531250 3790372
0.076049804687500 3795595
0.071960449218750 3790714
0.067871093750000 3794695
0.066406250000000 3800000
0.000000000000000 3800000
0.072692871093750 3800000
0.062927246093750 3792616
0.068847656250000 3797197
0.069335937500000 3800036
0.072814941406250 3799963
0.072875976562500 3800000
0.069519042968750 3800000
0.067993164062500 3799963
0.068176269531250 3800036
0.062316894531250 3800000
0.061401367187500 3800036
0.070861816406250 3800000
0.066711425781250 3799963
0.074829101562500 3799963
0.062133789062500 3800036
0.000000000000000 3800000
0.067993164062500 3799963
0.067932128906250 3800036
0.062438964843750 3800000
0.123046875000000 3800000
0.000000000000000 3800000
0.067260742187500 3800000
0.071166992187500 3800000
0.072814941406250 3800000
0.061584472656250 3800000
0.069763183593750 3799963
0.068847656250000 3800000
0.072509765625000 3800000
0.072753906250000 3789437
0.070617675781250 3792060
0.072509765625000 3800036
0.000000000000000 3800000
0.072204589843750 3800000
0.070556640625000 3795449
0.072875976562500 3784567
0.061523437500000 3797094
0.066162109375000 3800000
0.070556640625000 3800000
0.070678710937500 3800000
0.071838378906250 3799963
0.073425292968750 3800036
0.069213867187500 3799963
0.069091796875000 3799963
0.000000000000000 3788114
0.071838378906250 3798195
0.067382812500000 3788871
0.062438964843750 3800000
0.071044921875000 3800000
0.070251464843750 3790885
0.068542480468750 3789389
0.071899414062500 3783335
0.072998046875000 3786750
0.068420410156250 3800000
0.068420410156250 3789916
0.068664550781250 3797095
0.000000000000000 3793376
0.072814941406250 3795675
0.069946289062500 3794560
0.061828613281250 3786873
0.069458007812500 3797366
0.067932128906250 3800000
0.059814453125000 3800000
0.073059082031250 3800000
0.063293457031250 3799963
0.069458007812500 3800036
0.068298339843750 3786453
0.068664550781250 3792551
0.069580078125000 3785745
0.073364257812500 3791557
0.069824218750000 3794610
0.000000000000000 3789511
0.068847656250000 3783370
0.070983886718750 3786852
0.073120117187500 3784177
0.071594238281250 3800000
0.070251464843750 3788155
0.068542480468750 3791076
0.070068359375000 3800000
0.071655273437500 3793100
0.070434570312500 3800000
0.060485839843750 3800000
0.070312500000000 3800000
0.063842773437500 3794051
0.000000000000000 3794213
0.073059082031250 3794908
0.068969726562500 3793763
0.068298339843750 3792064
0.062988281250000 3789542
0.072998046875000 3790444
0.066528320312500 3800000
0.076477050781250 3800000
0.071166992187500 3800000
0.068054199218750 3800000
0.067565917968750 3796963
0.068115234375000 3787120
0.062866210937500 3800000
0.062500000000000 3795298
0.060424804687500 3797569
0.067016601562500 3800000
0.068481445312500 3791679
0.000000000000000 3800000
0.076232910156250 3800000
0.070983886718750 3796371
0.068115234375000 3786553
0.067504882812500 3800036
0.071899414062500 3800000
0.071899414062500 3796573
0.068847656250000 3792335
0.069763183593750 3785532
0.067138671875000 3793982
0.064697265625000 3786885
0.070434570312500 3796484
0.000000000000000 3796977
0.069335937500000 3783336
0.067749023437500 3797506
0.072143554687500 3800000
0.073730468750000 3800000
0.068908691406250 3800000
0.069641113281250 3790346
0.066772460937500 3799199
0.063110351562500 3800000
0.072570800781250 3800000
0.060119628906250 3800000
0.067077636718750 3797033
0.060546875000000 3800000
0.076293945312500 3786992
0.067932128906250 3788316
0.000000000000000 3796539
0.071411132812500 3794592
0.066162109375000 3790148
0.073730468750000 3798867
0.070190429687500 3789932
0.069702148437500 3799120
0.068786621093750 3791411
0.070068359375000 3800000
0.064514160156250 3800000
0.069702148437500 3791709
0.060607910156250 3793992
0.067871093750000 3783367
0.070434570312500 3790328
0.074707031250000 3794743
0.000000000000000 3799963
0.070617675781250 3800000
0.059936523437500 3800036
0.067626953125000 3796003
0.075012207031250 3792444
0.070068359375000 3790705
0.061584472656250 3795901
0.069030761718750 3790141
0.071411132812500 3793344
0.069885253906250 3798114
0.071594238281250 3795694
0.071411132812500 3786222
0.069030761718750 3791108
0.059814453125000 3790301
0.068786621093750 3797743
0.000000000000000 3800000
0.068481445312500 3800000
0.072692871093750 3800000
0.071289062500000 3800000
0.068969726562500 3800000
0.067932128906250 3800000
0.063049316406250 3800000
0.070739746093750 3800000
0.062683105468750 3793511
0.067749023437500 3796105
0.062561035156250 3800000
0.071716308593750 3800000
0.067382812500000 3794570
0.063842773437500 3798060
0.067321777343750 3796635
0.069335937500000 3800000
0.067993164062500 3800000
0.063415527343750 3800000
0.000000000000000 3800000
0.072692871093750 3799963
0.070373535156250 3796395
0.070007324218750 3797850
0.070800781250000 3788001
0.062744140625000 3800000
0.068359375000000 3795852
0.068664550781250 3796578
0.072631835937500 3800000
0.072448730468750 3800000
0.068481445312500 3800000
0.066406250000000 3800000
0.072937011718750 3800000
0.000000000000000 3800000
0.072143554687500 3800000
0.061950683593750 3800000
0.067932128906250 3800000
0.069763183593750 3795016
0.073608398437500 3787055
0.069885253906250 3784847
0.059814453125000 3794703
0.069702148437500 3794224
0.074279785156250 3800000
0.067871093750000 3800000
0.071838378906250 3783889
0.069580078125000 3786828
0.000000000000000 3794641
0.072631835937500 3793154
0.071350097656250 3784710
0.069030761718750 3786630
0.068908691406250 3794168
0.068054199218750 3797976
0.070983886718750 3800000
0.070922851562500 3796595
0.061340332031250 3800000
0.059936523437500 3796589
0.067443847656250 3800000
0.069824218750000 3795712
0.074096679687500 3793112
0.072692871093750 3800000
0.000000000000000 3800000
0.070617675781250 3800000
0.068847656250000 3796981
0.068664550781250 3790481
0.073852539062500 3787447
0.071472167968750 3793584
0.068359375000000 3783265
0.069702148437500 3795726
0.063598632812500 3794429
0.070678710937500 3786031
0.060668945312500 3785022
0.067321777343750 3783335
0.074157714843750 3787480
0.062377929687500 3793048
0.000000000000000 3799622
0.068298339843750 3800000
0.068481445312500 3800000
0.069580078125000 3800000
0.075073242187500 3799963
0.069946289062500 3800036
0.061401367187500 3800000
0.068298339843750 3800000
0.069091796875000 3800000
0.071228027343750 3800000
0.071655273437500 3800000
0.069458007812500 3799963
0.065734863281250 3800036
0.000000000000000 3800000
0.075500488281250 3798476
0.069396972656250 3800000
0.060119628906250 3800000
0.061584472656250 3799963
0.072998046875000 3800000
0.063049316406250 3797890
0.069030761718750 3793512
0.068908691406250 3783333
0.067321777343750 3794230
0.070922851562500 3800000
0.070129394531250 3797121
0.072326660156250 3792569
0.069396972656250 3791824
0.067749023437500 3793533
0.000000000000000 3784675
0.071655273437500 3792331
0.072448730468750 3797580
0.061035156250000 3794529
0.068725585937500 3792340
0.072448730468750 3792058
0.063354492187500 3797100
0.063415527343750 3800036
0.134399414062500 3800000
0.060241699218750 3794539
0.069274902343750 3783335
0.062438964843750 3786380
0.075683593750000 3783366
0.074707031250000 3783298
0.063964843750000 3789888
0.065734863281250 3785370
0.070129394531250 3795647
0.063781738281250 3796409
0.066711425781250 3796176
0.067749023437500 3791361
0.065490722656250 3790631
0.073059082031250 3785270
0.070312500000000 3792873
0.061340332031250 3783332
0.000000000000000 3795995
0.067443847656250 3797202
0.069519042968750 3793196
0.066955566406250 3793525
0.071166992187500 3800036
0.063659667968750 3800000
0.063049316406250 3799779
0.066467285156250 3786241
0.070373535156250 3800000
0.070129394531250 3799584
0.065063476562500 3786528
0.073791503906250 3796529
0.068908691406250 3783332
0.063720703125000 3783333
0.071166992187500 3796682
0.069580078125000 3800000
0.000000000000000 3800000
0.128479003906250 3800000
0.000000000000000 3800000
0.071594238281250 3796601
0.061218261718750 3793197
0.071411132812500 3797334
0.070556640625000 3794535
0.073547363281250 3796810
0.067199707031250 3795745
0.068542480468750 3786863
0.071228027343750 3783919
0.073730468750000 3799963
0.071533203125000 3790583
0.000000000000000 3788098
0.067749023437500 3800000
0.069519042968750 3800000
0.071716308593750 3793124
0.063293457031250 3800000
0.067321777343750 3800000
0.070007324218750 3800000
0.070800781250000 3800000
0.071777343750000 3800000
0.063171386718750 3799963
0.068664550781250 3799963
0.069152832031250 3796508
0.069152832031250 3800000
0.073547363281250 3800000
0.000000000000000 3800000
0.072082519531250 3800000
0.069519042968750 3799779
0.069458007812500 3796616
0.072570800781250 3800000
0.072509765625000 3800000
0.070739746093750 3800036
0.066345214843750 3799963
0.060119628906250 3800000
0.060119628906250 3800000
0.069946289062500 3800000
0.073669433593750 3800000
0.070251464843750 3800036
0.000000000000000 3799963
0.067321777343750 3798314
0.074829101562500 3800000
0.063659667968750 3800000
0.068786621093750 3800000
0.069519042968750 3800000
0.060424804687500 3796606
0.070068359375000 3799963
0.062988281250000 3800000
0.067749023437500 3793452
0.063598632812500 3790533
0.066650390625000 3797574
0.059875488281250 3799963
0.063781738281250 3800036
0.062988281250000 3789116
0.071044921875000 3792573
0.070373535156250 3789726
0.066162109375000 3794403
0.069824218750000 3793147
0.072509765625000 3796039
0.061645507812500 3783336
0.068664550781250 3783333
0.000000000000000 3796407
0.072692871093750 3800000
0.071899414062500 3798407
0.069641113281250 3789561
0.068237304687500 3796750
0.066894531250000 3795209
0.074340820312500 3790023
0.073059082031250 3800000
0.059936523437500 3800000
0.068542480468750 3800000
0.072082519531250 3793089
0.061157226562500 3787627
0.070007324218750 3792711
0.063537597656250 3784876
0.072448730468750 3800000
0.000000000000000 3798760
0.070312500000000 3790163
0.070190429687500 3795814
0.067565917968750 3796594
0.069580078125000 3797167
0.068847656250000 3797912
0.063537597656250 3789486
0.068542480468750 3800000
0.073791503906250 3800000
0.071350097656250 3799963
0.069152832031250 3789252
0.067626953125000 3796071
0.060058593750000 3799927
0.068481445312500 3794917
0.000000000000000 3800000
0.072814941406250 3792616
0.071594238281250 3800000
0.069763183593750 3783845
0.070678710937500 3783333
0.070983886718750 3799393
0.070434570312500 3793406
0.059875488281250 3788011
0.068359375000000 3795335
0.070251464843750 3784257
0.073120117187500 3790351
0.000000000000000 3796395
0.073486328125000 3793037
0.071289062500000 3789895
0.068420410156250 3800000
0.069702148437500 3787316
0.072387695312500 3797708
0.070983886718750 3785578
0.070739746093750 3783334
0.067749023437500 3783329
0.073547363281250 3794674
0.070251464843750 3800000
0.059753417968750 3800000
0.067871093750000 3800000
0.000000000000000 3799963
0.068908691406250 3800036
0.069824218750000 3800000
0.073425292968750 3800000
0.063049316406250 3800000
0.059692382812500 3800000
0.069763183593750 3794742
0.068603515625000 3793043
0.065124511718750 3785086
0.070800781250000 3796051
0.069091796875000 3800000
0.069885253906250 3786046
0.067749023437500 3783334
0.062438964843750 3795025
0.073303222656250 3794355
0.059875488281250 3799963
0.068298339843750 3800000
0.060913085937500 3800000
0.071899414062500 3798238
0.000000000000000 3783506
0.070251464843750 3789769
0.071716308593750 3796838
0.067504882812500 3793979
0.063476562500000 3795083
0.070251464843750 3792323
0.070190429687500 3797524
0.070495605468750 3800000
0.063903808593750 3794051
0.068847656250000 3793071
0.069274902343750 3797146
0.062194824218750 3789724
0.070983886718750 3800000
0.061767578125000 3800036
0.068725585937500 3799927
0.068176269531250 3795954
0.070617675781250 3800000
0.000000000000000 3800000
0.073547363281250 3799927
0.070312500000000 3800072
0.072814941406250 3800000
0.070678710937500 3800036
0.068420410156250 3800000
0.060180664062500 3799963
0.073608398437500 3800000
0.064025878906250 3790324
0.069091796875000 3798609
0.060852050781250 3786893
0.070434570312500 3800000
0.068359375000000 3790943
0.068176269531250 3783370
0.000000000000000 3797843
0.069946289062500 3799963
0.074584960937500 3800000
0.060180664062500 3800000
0.071105957031250 3799963
0.067443847656250 3800036
0.070068359375000 3799963
0.063720703125000 3800036
0.072082519531250 3796607
0.070495605468750 3791966
0.067016601562500 3798211
0.064941406250000 3797617
0.069763183593750 3792564
0.069274902343750 3799357
0.068603515625000 3792475
0.000000000000000 3791439
0.068237304687500 3793896
0.063171386718750 3795727
0.070800781250000 3794614
0.067871093750000 3796560
0.071533203125000 3800000
0.072082519531250 3800000
0.070251464843750 3800000
0.067443847656250 3800000
0.072448730468750 3789706
0.069152832031250 3798476
0.061340332031250 3800000
0.069030761718750 3794604
0.067565917968750 3794592
0.000000000000000 3795896
0.075805664062500 3797273
0.070556640625000 3783335
0.069702148437500 3791601
0.071105957031250 3798799
0.070678710937500 3799471
0.069152832031250 3793914
0.066772460937500 3790808
0.075439453125000 3795381
0.070983886718750 3794026
0.060302734375000 3789294
0.068786621093750 3800000
0.000000000000000 3800000
0.069274902343750 3800000
0.071594238281250 3800000
0.073242187500000 3800000
0.071533203125000 3800000
0.066711425781250 3800000
0.068359375000000 3787951
0.068664550781250 3783334
0.073425292968750 3783330
0.071777343750000 3793341
0.070373535156250 3788923
0.000000000000000 3797687
0.070556640625000 3799797
0.069274902343750 3797072
0.059936523437500 3794079
0.071472167968750 3800036
0.071716308593750 3799963
0.069335937500000 3800036
0.070312500000000 3799963
0.060791015625000 3800036
0.070007324218750 3800000
0.070800781250000 3799963
0.068054199218750 3800000
0.059997558593750 3800000
0.072021484375000 3799927
0.063110351562500 3800072
0.068298339843750 3800000
0.060546875000000 3791540
0.069091796875000 3794551
0.061218261718750 3791674
0.000000000000000 3798496
0.071594238281250 3785855
0.070922851562500 3793097
0.060913085937500 3800000
0.070068359375000 3798977
0.069885253906250 3800000
0.072998046875000 3800000
0.072265625000000 3800000
0.069885253906250 3799927
0.068481445312500 3800072
0.070190429687500 3800000
0.072326660156250 3800000
0.000000000000000 3800000
0.069091796875000 3800000
0.070251464843750 3800000
0.070373535156250 3800000
0.069152832031250 3800000
0.067626953125000 3800000
0.061645507812500 3800000
0.071960449218750 3792023
0.062072753906250 3665746
0.069274902343750 3800036
0.070373535156250 3799963
0.072082519531250 3800000
0.067871093750000 3800072
0.069519042968750 3799963
0.000000000000000 3800036
0.133178710937500 3799927
0.000000000000000 3800000
0.067626953125000 3800036
0.060485839843750 3800000
0.068237304687500 3800000
0.065551757812500 3800000
0.061889648437500 3800036
0.070129394531250 3796481
0.068969726562500 3800072
0.067810058593750 3796373
0.073120117187500 3783368
0.070495605468750 3783334
0.069152832031250 3794520
0.070007324218750 3790333
0.071838378906250 3795619
0.063659667968750 3790287
0.069763183593750 3798404
0.000000000000000 3800000
0.069152832031250 3799519
0.066406250000000 3792385
0.063781738281250 3800000
0.071411132812500 3799963
0.069580078125000 3800036
0.061706542968750 3800000
0.072021484375000 3800000
0.061645507812500 3800000
0.069152832031250 3799546
0.062194824218750 3683808
0.070739746093750 3783437
0.071716308593750 3789745
0.071533203125000 3789625
0.070800781250000 3800000
0.060119628906250 3786531
0.070983886718750 3789451
0.063781738281250 3797959
0.068115234375000 3796359
0.000000000000000 3789312
0.070434570312500 3800000
0.071166992187500 3800108
0.072265625000000 3800000
0.060913085937500 3800000
0.070251464843750 3800000
0.059997558593750 3800000
0.071289062500000 3799928
0.072875976562500 3800036
0.069519042968750 3800036
0.069763183593750 3799963
0.072570800781250 3800073
0.061584472656250 3800000
0.000000000000000 3799963
0.071960449218750 3799927
0.068420410156250 3800072
0.070861816406250 3800000
0.069091796875000 3799963
0.059997558593750 3800036
0.068481445312500 3800000
0.071289062500000 3799963
0.071838378906250 3793858
0.067199707031250 3800000
0.060241699218750 3792117
0.069091796875000 3799927
0.072875976562500 3793531
0.070556640625000 3794289
0.059936523437500 3794687
0.068542480468750 3786878
0.070373535156250 3794523
0.000000000000000 3783401
0.074279785156250 3798175
0.066833496093750 3800000
0.060852050781250 3785741
0.069580078125000 3794767
0.073852539062500 3800036
0.069824218750000 3795748
0.069641113281250 3800000
0.070434570312500 3800000
0.068237304687500 3800000
0.070556640625000 3800000
0.070495605468750 3799927
0.061767578125000 3800072
0.067382812500000 3800000
0.000000000000000 3800000
0.073059082031250 3788975
0.076354980468750 3783332
0.060546875000000 3793824
0.068176269531250 3784167
0.067565917968750 3796630
0.070129394531250 3800000
0.067443847656250 3790540
0.061706542968750 3800000
0.072448730468750 3799579
0.062438964843750 3796572
0.067993164062500 3800000
0.059936523437500 3792115
0.069030761718750 3785596
0.067138671875000 3799891
0.067626953125000 3794273
0.070861816406250 3785871
0.065368652343750 3794087
0.069702148437500 3787650
0.000000000000000 3787460
0.069396972656250 3790617
0.070007324218750 3795531
0.073974609375000 3793115
0.071777343750000 3796559
0.068420410156250 3800000
0.070129394531250 3800000
0.066711425781250 3794283
0.063110351562500 3800000
0.073425292968750 3793664
0.068908691406250 3799306
0.069030761718750 3800036
0.000000000000000 3800000
0.070129394531250 3793892
0.072326660156250 3796196
0.070678710937500 3786542
0.070251464843750 3795207
0.072937011718750 3794026
0.070495605468750 3783335
0.060852050781250 3786911
0.068847656250000 3783330
0.067932128906250 3794333
0.068481445312500 3796539
0.073730468750000 3788180
0.062316894531250 3789042
0.000000000000000 3783436
0.067932128906250 3783370
0.069030761718750 3788677
0.073730468750000 3796990
0.070861816406250 3800000
0.067871093750000 3799927
0.070800781250000 3785258
0.075500488281250 3799272
0.067932128906250 3789965
0.060485839843750 3799963
0.067626953125000 3788240
0.063659667968750 3800000
0.072265625000000 3793631
0.000000000000000 3799325
0.069824218750000 3800000
0.067260742187500 3799927
0.073852539062500 3788801
0.063171386718750 3800108
0.069335937500000 3800000
0.068054199218750 3800000
0.068969726562500 3796276
0.073669433593750 3795653
0.071472167968750 3794723
0.070800781250000 3783261
0.069458007812500 3786791
0.000000000000000 3800000
0.072875976562500 3800000
0.064514160156250 3800000
0.066162109375000 3800000
0.070373535156250 3799963
0.067321777343750 3800036
0.073913574218750 3796178
0.063232421875000 3797892
0.067504882812500 3794107
0.072326660156250 3800036
0.071838378906250 3796515
0.061035156250000 3792980
0.068359375000000 3800000
0.069152832031250 3797643
0.070617675781250 3783404
0.000000000000000 3790488
0.128601074218750 3790962
0.000000000000000 3786932
0.071777343750000 3790952
0.059814453125000 3793644
0.067382812500000 3795493
0.070678710937500 3797968
0.070190429687500 3800036
0.072326660156250 3798439
0.068420410156250 3800036
0.067321777343750 3798613
0.065551757812500 3783404
0.072631835937500 3797252
0.068847656250000 3793925
0.068115234375000 3798683
0.000000000000000 3800000
0.071716308593750 3799963
0.070800781250000 3800036
0.072204589843750 3800000
0.069274902343750 3799891
0.071228027343750 3800108
0.073059082031250 3799725
0.072021484375000 3795873
0.068054199218750 3792827
0.068908691406250 3800036
0.072509765625000 3800000
0.000000000000000 3797191
0.072998046875000 3788395
0.067932128906250 3800072
0.069519042968750 3800000
0.073730468750000 3797195
0.069580078125000 3799963
0.059936523437500 3799963
0.069580078125000 3797996
0.068359375000000 3800000
0.062866210937500 3800000
0.071105957031250 3790370
0.068725585937500 3794189
0.069274902343750 3799290
0.062988281250000 3792957
0.070800781250000 3793745
0.000000000000000 3800072
0.069519042968750 3797154
0.071594238281250 3797400
0.063476562500000 3799413
0.060363769531250 3788920
0.070800781250000 3797459
0.066101074218750 3790690
0.068237304687500 3795349
0.059936523437500 3797063
0.072814941406250 3800000
0.062438964843750 3793197
0.068420410156250 3783441
0.068664550781250 3791723
0.062683105468750 3793546
0.069702148437500 3797511
0.069458007812500 3795179
0.062927246093750 3797504
0.071716308593750 3800000
0.060180664062500 3793171
0.069152832031250 3800000
0.071655273437500 3800000
0.000000000000000 3798207
0.070251464843750 3790485
0.068542480468750 3783299
0.069396972656250 3783368
0.074951171875000 3783332
0.062438964843750 3793814
0.069702148437500 3800000
0.068176269531250 3800036
0.072265625000000 3800000
0.071533203125000 3800000
0.067016601562500 3800000
0.068786621093750 3800000
0.060852050781250 3800036
0.000000000000000 3799963
0.073852539062500 3796217
0.071960449218750 3794350
0.069396972656250 3792453
0.059875488281250 3800000
0.073974609375000 3788941
0.071350097656250 3797418
0.068969726562500 3792141
0.071472167968750 3800000
0.072570800781250 3799927
0.071655273437500 3800072
0.069519042968750 3799284
0.000000000000000 3799891
0.067077636718750 3800108
0.069396972656250 3800000
0.072875976562500 3800000
0.073730468750000 3800000
0.060974121093750 3800000
0.060852050781250 3800000
0.067016601562500 3800000
0.069274902343750 3796552
0.072631835937500 3795975
0.072448730468750 3783406
0.060791015625000 3796983
0.068054199218750 3793908
0.074584960937500 3795133
0.071472167968750 3800000
0.060119628906250 3785363
0.000000000000000 3792394
0.068115234375000 3796727
0.067626953125000 3792157
0.066528320312500 3800000
0.071289062500000 3791377
0.064514160156250 3790427
0.067749023437500 3783331
0.070922851562500 3789549
0.067749023437500 3783262
0.065124511718750 3794607
0.070678710937500 3790456
0.069641113281250 3797029
0.070007324218750 3800072
0.071533203125000 3797645
0.000000000000000 3786809
0.073913574218750 3783372
0.070251464843750 3783296
0.068420410156250 3785486
0.068969726562500 3798121
0.059814453125000 3797915
0.072448730468750 3790376
0.069274902343750 3785351
0.061279296875000 3795824
0.068298339843750 3800036
0.070617675781250 3792978
0.070861816406250 3796241
0.070617675781250 3792873
0.068481445312500 3790501
0.000000000000000 3791703
0.070861816406250 3793327
0.070373535156250 3800000
0.069213867187500 3786843
0.060119628906250 3790166
0.067626953125000 3789826
0.062011718750000 3790116
0.073669433593750 3800000
0.070678710937500 3800000
0.069396972656250 3800000
0.070190429687500 3797920
0.060424804687500 3785891
0.068908691406250 3789521
0.070373535156250 3799446
0.075378417968750 3789389
0.072082519531250 3790053
0.000000000000000 3789274
0.070861816406250 3788494
0.066711425781250 3783405
0.070068359375000 3794636
0.059814453125000 3800000
0.068969726562500 3799963
0.069458007812500 3795405
0.073059082031250 3789603
0.069091796875000 3790813
0.061767578125000 3800072
0.068481445312500 3794272
0.274169921875000 3788451
0.067443847656250 3787110
0.070678710937500 3800000
0.069274902343750 3786381
0.071594238281250 3800000
0.000000000000000 3800000
0.073059082031250 3796914
0.068786621093750 3798277
0.068603515625000 3800072
0.059814453125000 3799963
0.069580078125000 3800036
0.075012207031250 3800000
0.071166992187500 3790920
0.060913085937500 3797880
0.068420410156250 3791208
0.069763183593750 3787628
0.067016601562500 3800000
0.072387695312500 3786407
0.071289062500000 3784076
0.060791015625000 3799963
0.000000000000000 3797571
0.070373535156250 3796722
0.067199707031250 3798092
0.072204589843750 3798100
0.064025878906250 3790482
0.060180664062500 3798890
0.067932128906250 3800036
0.068725585937500 3789353
0.070678710937500 3800000
0.064575195312500 3796701
0.069213867187500 3793182
0.068481445312500 3784620
0.069458007812500 3800000
0.073242187500000 3800000
0.071960449218750 3800000
0.000000000000000 3800000
0.068359375000000 3800000
0.074462890625000 3800000
0.072631835937500 3800000
0.065979003906250 3799963
0.073608398437500 3800000
0.068969726562500 3800036
0.060852050781250 3800000
0.060058593750000 3794065
0.069641113281250 3788304
0.072937011718750 3799963
0.070678710937500 3800072
0.072204589843750 3796470
0.000000000000000 3799292
0.135314941406250 3800000
0.000000000000000 3790533
0.065673828125000 3790410
0.068725585937500 3798523
0.060180664062500 3789476
0.062072753906250 3793037
0.072998046875000 3800000
0.067260742187500 3796995
0.063781738281250 3799576
0.069030761718750 3800000
0.069946289062500 3796295
0.068359375000000 3783442
0.072814941406250 3799436
0.074645996093750 3788805
0.068237304687500 3797806
0.069519042968750 3800000
0.000000000000000 3791560
0.130065917968750 3783439
0.063720703125000 3789509
0.000000000000000 3800000
0.069396972656250 3797704
0.066284179687500 3800000
0.060302734375000 3800000
0.067382812500000 3787492
0.062438964843750 3783259
0.072998046875000 3785366
0.068237304687500 3798404
0.063659667968750 3785999
0.071411132812500 3789845
0.068969726562500 3783487
0.069213867187500 3795845
0.074829101562500 3783910
0.072021484375000 3797628
0.070068359375000 3793245
0.000000000000000 3794253
0.069580078125000 3796615
0.072692871093750 3788020
0.061218261718750 3797779
0.069458007812500 3800000
0.069274902343750 3792778
0.072937011718750 3800036
0.069274902343750 3799927
0.059997558593750 3800036
0.068298339843750 3800000
0.073547363281250 3799891
0.072204589843750 3796695
0.068542480468750 3787481
0.000000000000000 3793853
0.070495605468750 3790986
0.066406250000000 3796671
0.062683105468750 3800000
0.069152832031250 3799963
0.068298339843750 3792991
0.068054199218750 3783369
0.062988281250000 3783334
0.071166992187500 3783296
0.059997558593750 3787153
0.075256347656250 3798940
0.071350097656250 3794656
0.068176269531250 3799927
0.068603515625000 3800000
0.068969726562500 3800072
0.071655273437500 3800000
0.000000000000000 3799963
0.071838378906250 3800036
0.071960449218750 3799963
0.067626953125000 3800036
0.064880371093750 3800000
0.069885253906250 3800000
0.059936523437500 3800000
0.066650390625000 3793083
0.064086914062500 3800036
0.068542480468750 3799891
0.070251464843750 3800072
0.070251464843750 3788969
0.072875976562500 3799963
0.071655273437500 3791791
0.069946289062500 3800000
0.000000000000000 3800000
0.072082519531250 3783813
0.069274902343750 3783802
0.059936523437500 3794088
0.070861816406250 3793210
0.072753906250000 3800036
0.062377929687500 3799927
0.068786621093750 3798070
0.070678710937500 3788987
0.067321777343750 3783227
0.072204589843750 3794294
0.071411132812500 3783666
0.069824218750000 3783334
0.000000000000000 3789300
0.070129394531250 3800036
0.072082519531250 3799891
0.063110351562500 3800108
0.068786621093750 3800000
0.069763183593750 3800000
0.067749023437500 3785760
0.071411132812500 3796166
0.072448730468750 3800000
0.059631347656250 3790622
0.059936523437500 3800000
0.067810058593750 3790706
0.062194824218750 3791550
0.070556640625000 3795929
0.072387695312500 3787571
0.068786621093750 3790135
0.071960449218750 3794531
0.000000000000000 3800108
0.072143554687500 3799891
0.069213867187500 3800108
0.059814453125000 3799963
0.069213867187500 3800000
0.073181152343750 3799927
0.069458007812500 3800108
0.061767578125000 3798399
0.068847656250000 3800000
0.067871093750000 3799963
0.072998046875000 3800036
0.072326660156250 3799927
0.069274902343750 3800072
0.068847656250000 3800036
0.000000000000000 3799963
0.069274902343750 3799927
0.071777343750000 3800000
0.073730468750000 3792211
0.059997558593750 3799963
0.067504882812500 3788942
0.074340820312500 3795042
0.071228027343750 3796575
0.061584472656250 3800000
0.069641113281250 3800000
0.067993164062500 3793769
0.068542480468750 3799061
0.071594238281250 3787222
0.062622070312500 3799668
0.070434570312500 3793711
0.067138671875000 3791432
0.000000000000000 3793933
0.070800781250000 3783263
0.070678710937500 3794577
0.072204589843750 3795153
0.068664550781250 3794812
0.068969726562500 3794187
0.072814941406250 3799359
0.074340820312500 3800000
0.068115234375000 3799963
0.068298339843750 3800036
0.000000000000000 3800000
0.073242187500000 3799927
0.070861816406250 3800072
0.059753417968750 3800000
0.067443847656250 3800000
0.063842773437500 3799963
0.073974609375000 3800072
0.069824218750000 3792716
0.067993164062500 3793550
0.066467285156250 3796387
0.062866210937500 3800000
0.062622070312500 3800000
0.069458007812500 3800000
0.068969726562500 3800000
0.060241699218750 3797007
0.072570800781250 3790515
0.074707031250000 3783492
0.070312500000000 3799963
0.000000000000000 3799891
0.068176269531250 3800108
0.067565917968750 3800000
0.073059082031250 3800000
0.063293457031250 3800000
0.070068359375000 3793935
0.070800781250000 3791958
0.070129394531250 3800000
0.070251464843750 3793116
0.072937011718750 3783365
0.068664550781250 3788062
0.070007324218750 3800000
0.000000000000000 3800000
0.071777343750000 3800000
0.072265625000000 3799963
0.062255859375000 3800000
0.067199707031250 3798459
0.060058593750000 3787550
0.072265625000000 3794976
0.072265625000000 3800000
0.068847656250000 3800000
0.071533203125000 3800000
0.064086914062500 3800000
0.071472167968750 3800000
0.070251464843750 3800036
0.067626953125000 3799963
0.064819335937500 3800000
0.000000000000000 3799963
0.069335937500000 3800036
0.067810058593750 3800000
0.074035644531250 3800000
0.069824218750000 3800000
0.069885253906250 3800000
0.068176269531250 3800000
0.070007324218750 3800000
0.071472167968750 3800000
0.064025878906250 3800000
0.070495605468750 3800000
0.068542480468750 3800000
0.000000000000000 3800000
0.069396972656250 3800000
0.072570800781250 3800000
0.073425292968750 3800000
0.068176269531250 3800000
0.070617675781250 3800000
0.059936523437500 3800000
0.062988281250000 3795566
0.071472167968750 3783437
0.069396972656250 3793483
0.068786621093750 3785741
0.069152832031250 3789037
0.061889648437500 3796974
0.072143554687500 3797640
0.060607910156250 3783330
0.069519042968750 3794602
0.068054199218750 3800000
0.000000000000000 3799963
0.072448730468750 3800036
0.070983886718750 3800000
0.060363769531250 3789776
0.068420410156250 3799860
0.061767578125000 3800000
0.070739746093750 3797761
0.070922851562500 3800000
0.067871093750000 3800000
0.073242187500000 3800036
0.070800781250000 3799963
0.067810058593750 3800000
0.071472167968750 3800000
0.070190429687500 3800036
0.060241699218750 3799927
0.069396972656250 3799169
0.000000000000000 3791522
0.069519042968750 3788931
0.070251464843750 3794134
0.069091796875000 3798204
0.062133789062500 3783406
0.068359375000000 3793443
0.070190429687500 3790491
0.073791503906250 3783406
0.071105957031250 3783334
0.069213867187500 3786075
0.067932128906250 3799719
0.073852539062500 3794699
0.061157226562500 3793895
0.000000000000000 3793786
0.069458007812500 3784508
0.069580078125000 3799761
0.062683105468750 3793529
0.072021484375000 3783369
0.060974121093750 3796162
0.067810058593750 3786185
0.071472167968750 3800000
0.062500000000000 3800000
0.069213867187500 3800000
0.068542480468750 3799927
0.076171875000000 3796352
0.070495605468750 3799963
0.070251464843750 3800036
0.060241699218750 3794838
0.072082519531250 3800000
0.000000000000000 3787323
0.069702148437500 3798642
0.068176269531250 3800000
0.070495605468750 3799963
0.072265625000000 3800036
0.072143554687500 3800000
0.069030761718750 3799891
0.068786621093750 3799963
0.072082519531250 3800144
0.071716308593750 3799963
0.063293457031250 3787335
0.071411132812500 3799538
0.000000000000000 3791569
0.067016601562500 3783332
0.070129394531250 3789232
0.059753417968750 3800000
0.068664550781250 3792893
0.063659667968750 3790149
0.075256347656250 3799927
0.072998046875000 3800072
0.068359375000000 3800000
0.066040039062500 3796447
0.070739746093750 3800072
0.063598632812500 3800000
0.066467285156250 3796676
0.064819335937500 3800000
0.065307617187500 3799927
0.061706542968750 3800072
0.071533203125000 3800000
0.074096679687500 3800000
0.000000000000000 3799963
0.063720703125000 3796870
0.068359375000000 3797775
0.071472167968750 3798810
0.066223144531250 3789151
0.070190429687500 3791523
0.064392089843750 3796554
0.073303222656250 3800036
0.071105957031250 3800000
0.067260742187500 3795686
0.067382812500000 3786494
0.072998046875000 3797762
0.071655273437500 3796698
0.000000000000000 3800000
0.070495605468750 3799963
0.061218261718750 3800036
0.072387695312500 3800000
0.063720703125000 3799963
0.068725585937500 3800036
0.060241699218750 3786671
0.067565917968750 3788617
0.069396972656250 3792252
0.059814453125000 3795870
0.068115234375000 3799927
0.074340820312500 3800072
0.071655273437500 3800000
0.060852050781250 3800000
0.068603515625000 3799963
0.063598632812500 3800036
0.070007324218750 3799963
0.069213867187500 3797652
0.063232421875000 3795441
0.072570800781250 3800036
0.000000000000000 3800000
0.069702148437500 3797269
0.068237304687500 3795681
0.070068359375000 3800000
0.071289062500000 3800000
0.069946289062500 3799963
0.060485839843750 3799927
0.069580078125000 3800108
0.071838378906250 3799963
0.070861816406250 3800036
0.070068359375000 3799963
0.071166992187500 3800036
0.063171386718750 3799927
0.069091796875000 3799963
0.000000000000000 3800108
0.070800781250000 3800000
0.067687988281250 3799891
0.073547363281250 3800108
0.072937011718750 3800000
0.068298339843750 3800000
0.059997558593750 3799891
0.068115234375000 3800108
0.074035644531250 3796481
0.073120117187500 3796650
0.069641113281250 3800000
0.061889648437500 3800000
0.069458007812500 3794096
0.061645507812500 3798944
0.000000000000000 3800000
0.073242187500000 3800000
0.072143554687500 3799963
0.070190429687500 3799963
0.061340332031250 3800000
0.075073242187500 3800072
0.061950683593750 3800000
0.065734863281250 3800000
0.064331054687500 3800000
0.061096191406250 3800000
0.068298339843750 3800000
0.069274902343750 3800000
0.072387695312500 3800000
0.070861816406250 3799963
0.060729980468750 3800036
0.068664550781250 3800000
0.062622070312500 3794137
0.070373535156250 3783370
0.060913085937500 3783330
0.067871093750000 3796687
0.062561035156250 3800072
0.000000000000000 3785037
0.071166992187500 3783371
0.069396972656250 3799767
0.071899414062500 3799963
0.062011718750000 3796427
0.070495605468750 3800072
0.069702148437500 3793083
0.072082519531250 3799927
0.072143554687500 3800072
0.069885253906250 3794294
0.067138671875000 3791766
0.062438964843750 3800000
0.063903808593750 3796745
0.068054199218750 3793806
0.069641113281250 3783299
0.000000000000000 3791047
0.067199707031250 3789635
0.070007324218750 3788704
0.062072753906250 3800000
0.071899414062500 3800000
0.069091796875000 3789458
0.067382812500000 3800000
0.064819335937500 3800000
0.071105957031250 3796421
0.067871093750000 3800000
0.068359375000000 3799963
0.062438964843750 3799927
0.071838378906250 3800072
0.060302734375000 3800000
0.066345214843750 3800000
0.063537597656250 3798630
0.070068359375000 3787420
0.070129394531250 3800036
0.062683105468750 3800000
0.071044921875000 3800000
0.000000000000000 3800000
0.070495605468750 3800000
0.072875976562500 3792095
0.069885253906250 3799261
0.066284179687500 3793741
0.069763183593750 3796641
0.074035644531250 3793548
0.069702148437500 3796521
0.059936523437500 3793846
0.068847656250000 3786780
0.069946289062500 3793181
0.071716308593750 3799963
0.071350097656250 3794878
0.060546875000000 3783335
0.000000000000000 3792883
0.067993164062500 3798313
0.073669433593750 3796898
0.071289062500000 3783332
0.060058593750000 3783334
0.068603515625000 3794812
0.069580078125000 3800000
0.061828613281250 3785410
0.073242187500000 3791735
0.074279785156250 3785913
0.068115234375000 3787762
0.069519042968750 3800000
0.068847656250000 3800000
0.059814453125000 3796861
0.066894531250000 3799963
0.062744140625000 3785643
0.000000000000000 3783335
0.073974609375000 3783330
0.068237304687500 3783334
0.074584960937500 3784382
0.071411132812500 3793474
0.069580078125000 3791612
0.066711425781250 3800000
0.069885253906250 3798909
0.072937011718750 3794903
0.065979003906250 3788310
0.060974121093750 3794387
0.067932128906250 3800000
0.069335937500000 3793826
0.000000000000000 3783265
0.068176269531250 3784756
0.076904296875000 3783413
0.070800781250000 3794805
0.066650390625000 3800072
0.069763183593750 3800000
0.072265625000000 3799963
0.063415527343750 3800000
0.069213867187500 3800000
0.069763183593750 3800036
0.070800781250000 3800000
0.064758300781250 3799927
0.065551757812500 3800072
0.061401367187500 3800000
0.062622070312500 3793051
0.060974121093750 3800000
0.074462890625000 3799891
0.069702148437500 3799140
0.000000000000000 3794212
0.069213867187500 3793170
0.069335937500000 3793910
0.068969726562500 3783336
0.064025878906250 3783329
0.070129394531250 3783333
0.069946289062500 3789372
0.071044921875000 3800000
0.062744140625000 3797068
0.068298339843750 3795780
0.059814453125000 3800036
0.066650390625000 3799963
0.062622070312500 3797633
0.074462890625000 3792807
0.070129394531250 3794291
0.069580078125000 3800072
0.000000000000000 3797189
0.072326660156250 3800072
0.061828613281250 3800000
0.066772460937500 3800000
0.069152832031250 3800000
0.075500488281250 3800000
0.071166992187500 3800000
0.061950683593750 3800036
0.068054199218750 3799963
0.068786621093750 3800000
0.069519042968750 3800000
0.064880371093750 3800036
0.067749023437500 3799963
0.069030761718750 3799927
0.068359375000000 3800072
0.067443847656250 3799963
0.065124511718750 3796860
0.000000000000000 3794465
0.070312500000000 3799927
0.069091796875000 3800072
0.072937011718750 3789371
0.063598632812500 3800000
0.068542480468750 3800036
0.067810058593750 3794041
0.069274902343750 3788193
0.072753906250000 3800000
0.071594238281250 3799927
0.066772460937500 3787554
0.072814941406250 3792769
0.000000000000000 3800000
0.074645996093750 3795275
0.060363769531250 3800000
0.067382812500000 3800000
0.066955566406250 3799963
0.074462890625000 3790435
0.072143554687500 3797451
0.069946289062500 3794561
0.069274902343750 3790512
0.068969726562500 3799963
0.070068359375000 3798230
0.071533203125000 3800036
0.000000000000000 3799706
0.072082519531250 3787069
0.066101074218750 3790173
0.063720703125000 3800000
0.070922851562500 3797268
0.061828613281250 3794666
0.069702148437500 3790326
0.068786621093750 3791511
0.072143554687500 3789278
0.063476562500000 3795012
0.059814453125000 3797473
0.068237304687500 3796573
0.070373535156250 3797952
0.071594238281250 3796995
0.072509765625000 3798106
0.060729980468750 3790035
0.068237304687500 3783258
0.072631835937500 3791589
0.061706542968750 3799891
0.069458007812500 3800000
0.000000000000000 3798021
0.067749023437500 3787668
0.073974609375000 3783261
0.071777343750000 3789704
0.069396972656250 3794382
0.066528320312500 3783334
0.070556640625000 3786831
0.072082519531250 3783405
0.060729980468750 3783334
0.060058593750000 3797937
0.068786621093750 3799963
0.059936523437500 3799927
0.075378417968750 3800072
0.071899414062500 3800000
0.061096191406250 3800000
0.068603515625000 3800000
0.000000000000000 3799927
0.069763183593750 3796663
0.070739746093750 3800000
0.065368652343750 3800000
0.066162109375000 3799891
0.071105957031250 3795782
0.073608398437500 3800108
0.071777343750000 3800000
0.069641113281250 3800000
0.068054199218750 3799963
0.072326660156250 3800000
0.074462890625000 3800036
0.000000000000000 3790360
0.067871093750000 3800000
0.065734863281250 3799927
0.072204589843750 3800072
0.064025878906250 3800000
0.060302734375000 3800000
0.069580078125000 3795409
0.067565917968750 3790498
0.073730468750000 3783335
0.072021484375000 3783332
0.068115234375000 3799897
0.066833496093750 3798923
0.067932128906250 3787696
0.072631835937500 3800000
0.000000000000000 3788909
0.070739746093750 3800036
0.069396972656250 3799963
0.068786621093750 3799927
0.070678710937500 3800072
0.062011718750000 3800000
0.067077636718750 3800000
0.073181152343750 3800000
0.070190429687500 3800000
0.060058593750000 3798188
0.070373535156250 3786517
0.072570800781250 3784494
0.071899414062500 3786765
0.068603515625000 3783299
0.060119628906250 3788319
0.068542480468750 3800000
0.000000000000000 3795507
0.070068359375000 3783406
0.068420410156250 3783294
0.069702148437500 3791552
0.063171386718750 3797395
0.071105957031250 3795723
0.060302734375000 3785526
0.067749023437500 3787153
0.074768066406250 3796538
0.070617675781250 3792789
0.060546875000000 3796497
0.068176269531250 3800000
0.074584960937500 3799963
0.063720703125000 3794876
0.068542480468750 3791049
0.069580078125000 3798576
0.000000000000000 3789953
0.069885253906250 3783334
0.074279785156250 3787862
0.070739746093750 3785824
0.068481445312500 3793257
0.070190429687500 3800000
0.070434570312500 3800000
0.063598632812500 3800000
0.069824218750000 3794191
0.069213867187500 3799963
0.067626953125000 3800036
0.062805175781250 3791032
0.073608398437500 3797672
0.000000000000000 3797888
0.069458007812500 3800000
0.067504882812500 3800000
0.070556640625000 3799963
0.063720703125000 3800036
0.070556640625000 3800000
0.060302734375000 3800000
0.066833496093750 3800000
0.072082519531250 3800036
0.071228027343750 3799963
0.072082519531250 3799598
0.068054199218750 3796425
0.068054199218750 3800036
0.060241699218750 3800000
0.073730468750000 3800000
0.063354492187500 3800000
0.068481445312500 3800000
0.000000000000000 3797132
0.129455566406250 3792394
0.000000000000000 3799963
0.073303222656250 3800036
0.071533203125000 3793903
0.069274902343750 3795965
0.060852050781250 3800000
0.067260742187500 3796575
0.075134277343750 3792765
0.070373535156250 3787194
0.070922851562500 3800000
0.069885253906250 3796476
0.068481445312500 3800072
0.064086914062500 3799963
0.070007324218750 3800036
0.059997558593750 3792494
0.000000000000000 3792487
0.070251464843750 3794480
0.071105957031250 3783372
0.062133789062500 3796394
0.067626953125000 3800000
0.064514160156250 3788401
0.071838378906250 3783629
0.069335937500000 3800000
0.068359375000000 3800000
0.070007324218750 3800036
0.073364257812500 3792400
0.070068359375000 3799125
0.061035156250000 3792334
0.067749023437500 3790446
0.062377929687500 3789973
0.069519042968750 3789940
0.060974121093750 3789422
0.068786621093750 3788444
0.000000000000000 3783259
0.072326660156250 3783406
0.075134277343750 3790360
0.067138671875000 3784087
0.068908691406250 3790278
0.061767578125000 3794310
0.064636230468750 3795982
0.067993164062500 3799963
0.068298339843750 3800036
0.070678710937500 3800000
0.075073242187500 3800000
0.071166992187500 3800000
0.068359375000000 3800000
0.000000000000000 3800000
0.071899414062500 3800000
0.069580078125000 3800000
0.059814453125000 3799927
0.067565917968750 3800072
0.070739746093750 3800000
0.071838378906250 3800000
0.072387695312500 3799963
0.069702148437500 3800036
0.071166992187500 3784799
0.072326660156250 3789985
0.069458007812500 3787210
0.000000000000000 3796734
0.070251464843750 3797966
0.072448730468750 3791603
0.072082519531250 3783298
0.069274902343750 3793618
0.069824218750000 3800000
0.059814453125000 3800000
0.069458007812500 3800000
0.070251464843750 3800000
0.072692871093750 3798543
0.060302734375000 3800000
0.074645996093750 3797332
0.069580078125000 3783406
0.060485839843750 3788337
0.067565917968750 3799963
0.000000000000000 3800000
0.068664550781250 3792130
0.071716308593750 3785623
0.071289062500000 3800000
0.070983886718750 3791023
0.068237304687500 3790542
0.072814941406250 3796785
0.071960449218750 3790376
0.068908691406250 3788908
0.070190429687500 3793134
0.072509765625000 3783367
0.000000000000000 3790084
0.074401855468750 3800000
0.067199707031250 3796375
0.059997558593750 3784674
0.069885253906250 3789646
0.069702148437500 3786438
0.070434570312500 3796869
0.068908691406250 3800000
0.061584472656250 3800000
0.070861816406250 3800036
0.071899414062500 3799963
0.070739746093750 3800000
0.068969726562500 3797383
0.000000000000000 3795065
0.072692871093750 3799130
0.071838378906250 3793080
0.059936523437500 3794559
0.068786621093750 3791207
0.068847656250000 3800108
0.072814941406250 3799963
0.073181152343750 3800000
0.059631347656250 3800000
0.067565917968750 3800000
0.069458007812500 3800000
0.070556640625000 3800000
0.072814941406250 3800000
0.069213867187500 3800036
0.062622070312500 3799927
0.000000000000000 3796651
0.074462890625000 3800000
0.068908691406250 3800000
0.069885253906250 3800000
0.069824218750000 3800000
0.071350097656250 3800000
0.070495605468750 3800000
0.071838378906250 3799963
0.063720703125000 3800036
0.071594238281250 3799891
0.059631347656250 3800108
0.068481445312500 3800000
0.069580078125000 3800000
0.070068359375000 3799963
0.000000000000000 3800072
0.072204589843750 3799963
0.072631835937500 3800000
0.067932128906250 3800036
0.063781738281250 3799963
0.072631835937500 3800000
0.059692382812500 3800000
0.067626953125000 3800000
0.060363769531250 3800000
0.069519042968750 3797106
0.073425292968750 3786619
0.070434570312500 3796182
0.069580078125000 3800036
0.070678710937500 3800000
0.000000000000000 3798436
0.073730468750000 3783298
0.062866210937500 3783369
0.069335937500000 3787745
0.070190429687500 3785918
0.070495605468750 3799730
0.073120117187500 3789446
0.070922851562500 3789059
0.067077636718750 3796336
0.070068359375000 3789293
0.073303222656250 3794062
0.000000000000000 3789369
0.134033203125000 3788569
0.000000000000000 3787628
0.066528320312500 3794482
0.069274902343750 3796603
0.072814941406250 3798619
0.063903808593750 3790445
0.069091796875000 3795969
0.070861816406250 3799610
0.070251464843750 3796662
0.072509765625000 3796556
0.060729980468750 3793770
0.069824218750000 3800036
0.061462402343750 3800000
0.068786621093750 3799963
0.072265625000000 3800036
0.000000000000000 3794404
0.073608398437500 3794263
0.068969726562500 3790002
0.070373535156250 3793841
0.065795898437500 3792364
0.073913574218750 3800072
0.068115234375000 3800036
0.060058593750000 3799927
0.069641113281250 3796769
0.069702148437500 3800000
0.073364257812500 3800036
0.062561035156250 3799963
0.069396972656250 3800000
0.068542480468750 3794800
0.000000000000000 3785671
0.070251464843750 3792012
0.072265625000000 3797740
0.073608398437500 3791515
0.071411132812500 3783261
0.068542480468750 3783406
0.072326660156250 3783333
0.071289062500000 3788768
0.060180664062500 3785959
0.067321777343750 3796704
0.060791015625000 3797251
0.068725585937500 3791378
0.071777343750000 3794192
0.071289062500000 3790998
0.000000000000000 3795798
0.068115234375000 3783334
0.073120117187500 3796009
0.073669433593750 3796779
0.069396972656250 3800000
0.068054199218750 3800000
0.068054199218750 3791843
0.062194824218750 3793039
0.074584960937500 3789063
0.062805175781250 3800000
0.069580078125000 3798192
0.068847656250000 3800000
0.059814453125000 3800000
0.071044921875000 3800036
0.070861816406250 3794683
0.000000000000000 3796224
0.069824218750000 3796945
0.060119628906250 3796106
0.068603515625000 3796652
0.062377929687500 3799963
0.071105957031250 3800000
0.068481445312500 3794649
0.072814941406250 3790842
0.072326660156250 3800000
0.061340332031250 3800000
0.068359375000000 3800000
0.073974609375000 3795118
0.070739746093750 3790409
0.070129394531250 3783371
0.000000000000000 3790372
0.069335937500000 3783261
0.068359375000000 3785508
0.062866210937500 3795215
0.070190429687500 3790894
0.070556640625000 3800000
0.066528320312500 3800000
0.068542480468750 3793134
0.064514160156250 3784933
0.062927246093750 3797382
0.059631347656250 3800000
0.070068359375000 3800000
0.069519042968750 3796587
0.072509765625000 3800000
0.071960449218750 3799963
0.068481445312500 3792816
0.068847656250000 3786621
0.000000000000000 3791258
0.072265625000000 3795024
0.072021484375000 3800000
0.059997558593750 3799963
0.068054199218750 3800072
0.068481445312500 3799963
0.063354492187500 3800000
0.071777343750000 3794154
0.068420410156250 3795439
0.072387695312500 3800036
0.074768066406250 3799963
0.068542480468750 3800000
0.060058593750000 3790498
0.068847656250000 3793092
0.069763183593750 3799963
0.062866210937500 3800000
0.060485839843750 3797291
0.067871093750000 3786916
0.000000000000000 3786839
0.073425292968750 3790680
0.073974609375000 3799530
0.067626953125000 3783370
0.059997558593750 3797450
0.071044921875000 3789413
0.063781738281250 3796732
0.067810058593750 3798210
0.069152832031250 3792978
0.068054199218750 3800000
0.069458007812500 3800000
0.073120117187500 3800036
0.069702148437500 3800000
0.069519042968750 3799963
0.000000000000000 3800000
0.071899414062500 3800000
0.073242187500000 3800000
0.070190429687500 3800000
0.070312500000000 3800000
0.071228027343750 3799963
0.069396972656250 3800036
0.063049316406250 3800000
0.072692871093750 3800000
0.069702148437500 3800000
0.070007324218750 3800000
0.000000000000000 3800000
0.071105957031250 3800000
0.073303222656250 3800000
0.067687988281250 3800000
0.067687988281250 3800000
0.068359375000000 3799963
0.063293457031250 3797838
0.071044921875000 3799927
0.071350097656250 3800072
0.067016601562500 3800000
0.070922851562500 3800036
0.065124511718750 3799963
0.066101074218750 3800000
0.068481445312500 3800000
0.068359375000000 3800036
0.060607910156250 3799963
0.000000000000000 3800000
0.073181152343750 3800000
0.069824218750000 3800000
0.069030761718750 3800000
0.067810058593750 3792287
0.063659667968750 3796782
0.070983886718750 3800000
0.069396972656250 3800000
0.073669433593750 3800000
0.070007324218750 3800000
0.059814453125000 3799963
0.068359375000000 3800036
0.069458007812500 3800000
0.071166992187500 3800000
0.062866210937500 3800000
0.000000000000000 3800000
0.069213867187500 3800000
0.073059082031250 3800000
0.071594238281250 3800000
0.069335937500000 3800000
0.067993164062500 3800000
0.070739746093750 3800036
0.069885253906250 3799963
0.066284179687500 3800000
0.074462890625000 3800000
0.072204589843750 3800000
0.000000000000000 3800000
0.068176269531250 3800000
0.069213867187500 3800000
0.062805175781250 3800036
0.071716308593750 3800000
0.068115234375000 3799963
0.070739746093750 3800000
0.063049316406250 3799963
0.071899414062500 3800036
0.067810058593750 3800000
0.068237304687500 3800000
0.071899414062500 3799963
0.073303222656250 3784518
0.060119628906250 3786143
0.069213867187500 3797063
0.000000000000000 3800000
0.068481445312500 3800000
0.073547363281250 3799963
0.070800781250000 3800036
0.059875488281250 3800000
0.068054199218750 3800000
0.071289062500000 3789447
0.075683593750000 3788823
0.068359375000000 3783334
0.067932128906250 3794572
0.071289062500000 3783297
0.069458007812500 3785902
0.059692382812500 3795590
0.062500000000000 3797628
0.070556640625000 3800000
0.061096191406250 3800000
0.000000000000000 3799963
0.071044921875000 3800036
0.069641113281250 3800000
0.073425292968750 3800036
0.072143554687500 3799963
0.068969726562500 3800000
0.069091796875000 3794733
0.068664550781250 3797355
0.073364257812500 3800000
0.067626953125000 3800036
0.070251464843750 3798501
0.000000000000000 3783580
0.134887695312500 3797641
0.000000000000000 3798905
0.069091796875000 3800000
0.059814453125000 3800000
0.062561035156250 3800000
0.072204589843750 3800000
0.070190429687500 3800000
0.072509765625000 3800000
0.072570800781250 3789490
0.070800781250000 3800000
0.067749023437500 3800036
0.070251464843750 3799299
0.064147949218750 3800000
0.061828613281250 3800000
0.068115234375000 3800000
0.068725585937500 3797008
0.071411132812500 3797001
0.000000000000000 3800000
0.073059082031250 3800000
0.069885253906250 3800000
0.069885253906250 3800000
0.068237304687500 3800000
0.072692871093750 3800000
0.062561035156250 3800000
0.067749023437500 3800000
0.069458007812500 3799963
0.069152832031250 3800036
0.074218750000000 3799927
0.066711425781250 3800000
0.000000000000000 3800072
0.068298339843750 3800000
0.068359375000000 3800000
0.068420410156250 3799927
0.063903808593750 3800108
0.071472167968750 3799963
0.069152832031250 3800000
0.075378417968750 3800000
0.072448730468750 3799963
0.059692382812500 3800036
0.069458007812500 3800000
0.069763183593750 3800000
0.068176269531250 3799963
0.063537597656250 3800036
0.072021484375000 3800000
0.000000000000000 3799963
0.072082519531250 3800036
0.068176269531250 3800000
0.071655273437500 3800000
0.063598632812500 3799963
0.066955566406250 3800036
0.069091796875000 3800000
0.071716308593750 3787800
0.064819335937500 3783367
0.071960449218750 3790277
0.069274902343750 3799980
0.070190429687500 3799963
0.071105957031250 3800036
0.000000000000000 3800000
0.072998046875000 3800036
0.068420410156250 3799963
0.068115234375000 3800000
0.070678710937500 3800000
0.072387695312500 3790036
0.063354492187500 3800036
0.068176269531250 3800000
0.060729980468750 3800000
0.067687988281250 3800000
0.061523437500000 3800000
0.071105957031250 3793100
0.072204589843750 3800000
0.067321777343750 3800000
0.070373535156250 3788651
0.000000000000000 3783334
0.073730468750000 3799450
0.070190429687500 3800000
0.069702148437500 3799963
0.071105957031250 3800036
0.073303222656250 3793073
0.072937011718750 3800000
0.066772460937500 3800000
0.060302734375000 3800000
0.068969726562500 3800000
0.068969726562500 3800000
0.072082519531250 3800000
0.000000000000000 3800000
0.071411132812500 3800000
0.067260742187500 3797987
0.060058593750000 3800036
0.072387695312500 3796885
0.070617675781250 3799963
0.070129394531250 3800000
0.068847656250000 3800000
0.060058593750000 3799963
0.073120117187500 3800036
0.072387695312500 3800000
0.070190429687500 3800000
0.069946289062500 3800000
0.000000000000000 3800000
0.069580078125000 3800000
0.071594238281250 3800000
0.073242187500000 3800000
0.060363769531250 3800036
0.065429687500000 3799963
0.062438964843750 3800000
0.070495605468750 3800000
0.060241699218750 3800000
0.060058593750000 3800000
0.071777343750000 3799927
0.071716308593750 3800072
0.069641113281250 3800000
0.074951171875000 3800000
0.069763183593750 3800000
0.069580078125000 3800000
0.066040039062500 3799963
0.060180664062500 3800072
0.063049316406250 3799963
0.069702148437500 3800000
0.000000000000000 3800000
0.069335937500000 3800000
0.069580078125000 3800000
0.075073242187500 3800000
0.071777343750000 3800000
0.068908691406250 3800000
0.068176269531250 3800036
0.070251464843750 3799963
0.074707031250000 3800000
0.070495605468750 3800000
0.059692382812500 3800000
0.068603515625000 3800036
0.060607910156250 3799963
0.065673828125000 3800000
0.000000000000000 3800000
0.072387695312500 3800036
0.069824218750000 3799963
0.059936523437500 3800000
0.070434570312500 3800000
0.070251464843750 3800000
0.062744140625000 3800000
0.069946289062500 3800000
0.060363769531250 3799963
0.067138671875000 3800072
0.070007324218750 3799963
0.069885253906250 3799927
0.063415527343750 3799963
0.059570312500000 3800072
0.068725585937500 3800036
0.067871093750000 3800000
0.075073242187500 3800000
0.070007324218750 3800000
0.000000000000000 3799963
0.070190429687500 3800036
0.069396972656250 3795307
0.069335937500000 3627081
0.073364257812500 3799963
0.074218750000000 3797149
0.067932128906250 3794426
0.070129394531250 3786882
0.071838378906250 3798298
0.060424804687500 3799699
0.060241699218750 3799963
0.070617675781250 3800036
0.071960449218750 3800000
0.000000000000000 3800036
0.072753906250000 3799963
0.071838378906250 3800000
0.068359375000000 3800000
0.072387695312500 3799963
0.071105957031250 3785862
0.069396972656250 3783333
0.070495605468750 3791558
0.068481445312500 3800000
0.072448730468750 3796947
0.069396972656250 3795622
0.000000000000000 3789114
0.071105957031250 3789822
0.068420410156250 3800000
0.069335937500000 3799062
0.075561523437500 3798348
0.072448730468750 3800036
0.059753417968750 3800036
0.067443847656250 3799963
0.068664550781250 3800000
0.069030761718750 3800000
0.061462402343750 3793059
0.071228027343750 3788141
0.073608398437500 3791977
0.000000000000000 3799013
0.069580078125000 3800000
0.069396972656250 3793860
0.068237304687500 3795174
0.071960449218750 3784988
0.063232421875000 3800000
0.071960449218750 3800000
0.067932128906250 3800000
0.073425292968750 3797577
0.072814941406250 3793207
0.060363769531250 3800000
0.066345214843750 3800000
0.070556640625000 3787458
0.069396972656250 3787526
0.000000000000000 3788826
0.072387695312500 3800072
0.064575195312500 3800000
0.071960449218750 3800000
0.064147949218750 3800000
0.067810058593750 3799963
0.071594238281250 3800036
0.063964843750000 3800000
0.064697265625000 3800000
0.073791503906250 3799963
0.059814453125000 3800036
0.067260742187500 3800000
0.066955566406250 3800000
0.070129394531250 3800000
0.075744628906250 3800000
0.068786621093750 3800000
0.000000000000000 3800000
0.068542480468750 3800000
0.064575195312500 3800000
0.060241699218750 3799963
0.070434570312500 3799963
0.065917968750000 3800072
0.066955566406250 3800036
0.065002441406250 3799927
0.067321777343750 3791403
0.074401855468750 3791288
0.073974609375000 3800072
0.065734863281250 3800000
0.068481445312500 3800000
0.067504882812500 3800000
0.069030761718750 3800000
0.060668945312500 3800000
0.000000000000000 3800000
0.074157714843750 3796204
0.069641113281250 3789014
0.059875488281250 3795954
0.069885253906250 3787202
0.068969726562500 3800036
0.073425292968750 3800000
0.070190429687500 3788629
0.068176269531250 3783406
0.070190429687500 3796509
0.073181152343750 3795224
0.071350097656250 3783333
0.067687988281250 3793571
0.000000000000000 3800000
0.072570800781250 3800036
0.070190429687500 3799963
0.059753417968750 3799963
0.067321777343750 3794778
0.060180664062500 3788074
0.071472167968750 3792554
0.069885253906250 3789383
0.061645507812500 3799963
0.067443847656250 3800036
0.072814941406250 3799891
0.071166992187500 3798782
0.068786621093750 3783492
0.069091796875000 3788832
0.075439453125000 3783334
0.062622070312500 3791723
0.000000000000000 3800000
0.068725585937500 3800000
0.069335937500000 3800000
0.072387695312500 3800000
0.070129394531250 3800000
0.060791015625000 3793962
0.070068359375000 3796414
0.068908691406250 3800000
0.072937011718750 3800000
0.064575195312500 3800000
0.069030761718750 3800000
0.060241699218750 3800036
0.067565917968750 3799963
0.069763183593750 3800000
0.073547363281250 3800000
0.000000000000000 3800036
0.070007324218750 3799963
0.070983886718750 3800000
0.067749023437500 3800000
0.068603515625000 3797928
0.071289062500000 3800000
0.061889648437500 3800000
0.069335937500000 3800000
0.068908691406250 3800000
0.064636230468750 3789882
0.072509765625000 3783294
0.074645996093750 3788535
0.068176269531250 3796580
0.063476562500000 3791324
0.061584472656250 3783294
0.062072753906250 3783371
0.068359375000000 3783334
0.063232421875000 3795387
0.000000000000000 3799963
0.074462890625000 3800036
0.067016601562500 3800000
0.069885253906250 3797623
0.072448730468750 3831163
0.066772460937500 4000000
0.082763671875000 4000000
0.081665039062500 3999961
0.081481933593750 4000038
0.078491210937500 4000000
0.070922851562500 3999923
0.077941894531250 4000076
0.080017089843750 4000000
0.076904296875000 4000000
0.000000000000000 4000000
0.079589843750000 4000000
0.080627441406250 4000000
0.078430175781250 4000000
0.079772949218750 4000000
0.079223632812500 3999961
0.080444335937500 3999961
0.076538085937500 4000076
0.079101562500000 4000000
0.081115722656250 4000000
0.076904296875000 4000000
0.070251464843750 3999961
0.077087402343750 4000038
0.079895019531250 4000000
0.000000000000000 4000000
0.077392578125000 4000000
0.080505371093750 4000000
0.078918457031250 4000000
0.081604003906250 3999923
0.079223632812500 4000076
0.077819824218750 3999961
0.079833984375000 4000038
0.076232910156250 4000000
0.081115722656250 3999961
0.076354980468750 3999960
0.000000000000000 4000076
0.080383300781250 4000000
0.078186035156250 3999961
0.076904296875000 4000038
0.069335937500000 4000000
0.077758789062500 4000000
0.080505371093750 3999961
0.078552246093750 4000038
0.080932617187500 4000000
0.080139160156250 3999961
0.077026367187500 4000038
0.078918457031250 3999961
0.076477050781250 4000000
0.079040527343750 4000038
0.076599121093750 4000000
0.000000000000000 4000000
0.079040527343750 4000000
0.081115722656250 4000000
0.078491210937500 3999961
0.080444335937500 3999961
0.069519042968750 4000076
0.077331542968750 4000000
0.077941894531250 4000000
0.077575683593750 4000000
0.076538085937500 4000000
0.081909179687500 4000000
0.079528808593750 4000000
0.078430175781250 4000000
0.077514648437500 4000000
0.000000000000000 4000000
0.081420898437500 3999923
0.079833984375000 4000076
0.078552246093750 4000000
0.078002929687500 4000000
0.078918457031250 4000000
0.078430175781250 4000000
0.077880859375000 4000000
0.076293945312500 3999961
0.080566406250000 4000039
0.079040527343750 4000000
0.079223632812500 4000000
0.000000000000000 4000000
0.080078125000000 4000000
0.076965332031250 4000000
0.079162597656250 4000000
0.079162597656250 3999961
0.078491210937500 3999923
0.080932617187500 4000114
0.078247070312500 4000000
0.079528808593750 3999961
0.078552246093750 4000038
0.078063964843750 4000000
0.076782226562500 4000000
0.000000000000000 4000000
0.080078125000000 3999923
0.081420898437500 4000076
0.078674316406250 4000000
0.077575683593750 3999961
0.078063964843750 4000038
0.079101562500000 3999961
0.076843261718750 4000000
0.080627441406250 4000038
0.079467773437500 4000000
0.077392578125000 4000000
0.078918457031250 4000000
0.077697753906250 4000000
0.000000000000000 4000000
0.080566406250000 4000000
0.076660156250000 4000000
0.080871582031250 4000000
0.080627441406250 4000000
0.078552246093750 3999961
0.080139160156250 4000038
0.078430175781250 4000000
0.070190429687500 3999961
0.078002929687500 4000038
0.077453613281250 4000000
0.076660156250000 4000000
0.079895019531250 3999961
0.077148437500000 4000000
0.000000000000000 4000038
0.078735351562500 4000000
0.078430175781250 4000000
0.077087402343750 4000000
0.080627441406250 4000000
0.075805664062500 3999961
0.080749511718750 4000038
0.078613281250000 4000000
0.079467773437500 4000000
0.078613281250000 4000000
0.076171875000000 4000000
0.077758789062500 4000000
0.078308105468750 4000000
0.000000000000000 3999961
0.079895019531250 4000038
0.081970214843750 4000000
0.077575683593750 3999961
0.080200195312500 4000000
0.078063964843750 4000038
0.079650878906250 3834847
0.072326660156250 3799927
0.064331054687500 3800072
0.073730468750000 3786642
0.072875976562500 3789706
0.064147949218750 3797229
0.072387695312500 3794449
0.071472167968750 3783331
0.000000000000000 3783337
0.071044921875000 3783333
0.072875976562500 3783332
0.070251464843750 3783333
0.074218750000000 3791087
0.070617675781250 3800000
0.073425292968750 3798061
0.073303222656250 3794533
0.069641113281250 3790590
0.071289062500000 3790503
0.072937011718750 3787823
0.071716308593750 3794539
0.074890136718750 3783333
0.071105957031250 3784166
0.000000000000000 3793778
0.072814941406250 3795182
0.071899414062500 3799927
0.072143554687500 3789488
0.071044921875000 3799927
0.072326660156250 3798010
0.073608398437500 3789916
0.071594238281250 3795039
0.072998046875000 3794431
0.071350097656250 3783333
0.071472167968750 3793562
0.073486328125000 3799963
0.071472167968750 3799963
0.000000000000000 3800036
0.073913574218750 3799963
0.074584960937500 3800036
0.063598632812500 3791954
0.074523925781250 3798337
0.072937011718750 3786687
0.072082519531250 3795558
0.071228027343750 3800000
0.075500488281250 3800036
0.072692871093750 3799963
0.071777343750000 3800000
0.070251464843750 3799963
0.064025878906250 3800036
0.071960449218750 3800000
0.000000000000000 3790408
0.073730468750000 3798428
0.074584960937500 3797223
0.073425292968750 3788842
0.072631835937500 3795337
0.072326660156250 3794996
0.145507812500000 3785684
0.076110839843750 3785842
0.070312500000000 3783226
0.073547363281250 3796533
0.000000000000000 3800000
0.073120117187500 3785239
0.071350097656250 3797297
0.075805664062500 3800000
0.072631835937500 3800000
0.072326660156250 3798702
0.074401855468750 3800000
0.070861816406250 3800000
0.071594238281250 3796389
0.069763183593750 3797743
0.074584960937500 3797615
0.070678710937500 3783294
0.074157714843750 3793896
0.000000000000000 3794331
0.073608398437500 3797764
0.071350097656250 3789117
0.072204589843750 3799092
0.072082519531250 3800000
0.075439453125000 3796190
0.070495605468750 3799963
0.071472167968750 3800000
0.071228027343750 3800000
0.074340820312500 3799891
0.072998046875000 3800108
0.070190429687500 3800000
0.064147949218750 3800000
0.072387695312500 3799927
0.000000000000000 3800072
0.075378417968750 3800000
0.072631835937500 3800000
0.074279785156250 3799963
0.075012207031250 3797281
0.073303222656250 3800000
0.071716308593750 3799691
0.070983886718750 3791022
0.072082519531250 3797905
0.072143554687500 3791594
0.073608398437500 3783333
0.071960449218750 3783333
0.000000000000000 3797456
0.070556640625000 3800036
0.072448730468750 3799963
0.074707031250000 3791846
0.072082519531250 3794590
0.071533203125000 3791382
0.072021484375000 3786741
0.072814941406250 3798005
0.070495605468750 3788782
0.073913574218750 3792507
0.070922851562500 3786936
0.071899414062500 3795040
0.074218750000000 3799927
0.000000000000000 3800072
0.072448730468750 3800036
0.071105957031250 3799963
0.071716308593750 3796083
0.075439453125000 3797186
0.070983886718750 3799082
0.071411132812500 3790557
0.071228027343750 3794564
0.072692871093750 3787105
0.074584960937500 3785513
0.070556640625000 3797778
0.072265625000000 3799927
0.071960449218750 3800072
0.064819335937500 3800000
0.000000000000000 3800000
0.072570800781250 3792490
0.073547363281250 3795921
0.071655273437500 3791442
0.070861816406250 3796055
0.073608398437500 3783370
0.071472167968750 3795120
0.071533203125000 3790482
0.072082519531250 3787909
0.064697265625000 3800000
0.071166992187500 3795422
0.072875976562500 3787099
0.070983886718750 3796887
0.073181152343750 3794995
0.072875976562500 3793488
0.000000000000000 3800000
0.072570800781250 3800000
0.074584960937500 3784868
0.070129394531250 3786308
0.076171875000000 3800000
0.074951171875000 3788580
0.071472167968750 3792514
0.063476562500000 3788941
0.070251464843750 3798500
0.064208984375000 3798362
0.071228027343750 3791455
0.070251464843750 3786302
0.071105957031250 3800000
0.072021484375000 3799963
0.072814941406250 3791760
0.070739746093750 3797331
0.000000000000000 3797103
0.073303222656250 3794409
0.073120117187500 3800000
0.064086914062500 3797051
0.071533203125000 3800036
0.071411132812500 3800000
0.069763183593750 3800000
0.074340820312500 3799963
0.073242187500000 3792819
0.070861816406250 3796119
0.071777343750000 3797507
0.071228027343750 3800036
0.065368652343750 3800000
0.072753906250000 3795408
0.071899414062500 3800072
0.072998046875000 3800000
0.000000000000000 3800000
0.071105957031250 3796050
0.073974609375000 3800000
0.072082519531250 3800000
0.071960449218750 3800000
0.070861816406250 3795499
0.072753906250000 3794868
0.073669433593750 3799963
0.070251464843750 3784034
0.072448730468750 3783332
0.070861816406250 3797625
0.073486328125000 3789784
0.070983886718750 3785807
0.000000000000000 3793488
0.071228027343750 3792757
0.074096679687500 3800000
0.071594238281250 3795622
0.073913574218750 3783370
0.070739746093750 3787086
0.074523925781250 3783331
0.071350097656250 3787007
0.065124511718750 3798113
0.071899414062500 3800000
0.074462890625000 3800036
0.071228027343750 3800000
0.072143554687500 3800036
0.073242187500000 3799963
0.000000000000000 3800000
0.071166992187500 3800000
0.073242187500000 3800000
0.073730468750000 3800000
0.073974609375000 3800000
0.071655273437500 3800000
0.072204589843750 3800000
0.073242187500000 3800000
0.073120117187500 3800000
0.072875976562500 3783478
0.072998046875000 3786963
0.070068359375000 3794484
0.000000000000000 3789960
0.072937011718750 3794636
0.071960449218750 3783298
0.071716308593750 3783367
0.069396972656250 3783334
0.071716308593750 3794556
0.072631835937500 3787439
0.072326660156250 3784796
0.072509765625000 3798075
0.071533203125000 3797163
0.072448730468750 3798505
0.072998046875000 3797150
0.071960449218750 3789847
0.070434570312500 3791778
0.000000000000000 3800000
0.074279785156250 3788913
0.064514160156250 3789876
0.070617675781250 3783330
0.073120117187500 3788785
0.069519042968750 3796764
0.073364257812500 3783601
0.072448730468750 3786986
0.074218750000000 3783334
0.072814941406250 3784978
0.073486328125000 3794526
0.073974609375000 3791386
0.072509765625000 3790515
0.000000000000000 3800036
0.073791503906250 3790581
0.072937011718750 3783370
0.072570800781250 3790038
0.074462890625000 3800036
0.071838378906250 3800000
0.072937011718750 3785254
0.071228027343750 3797272
0.063964843750000 3798053
0.070861816406250 3784165
0.072814941406250 3800000
0.072753906250000 3800000
0.070922851562500 3800000
0.000000000000000 3786201
0.075927734375000 3794320
0.070251464843750 3786969
0.071472167968750 3800000
0.070983886718750 3799963
0.073059082031250 3800000
0.073974609375000 3789831
0.070861816406250 3800036
0.073120117187500 3789297
0.072692871093750 3800000
0.073486328125000 3800000
0.071105957031250 3800000
0.072387695312500 3800000
0.000000000000000 3800036
0.074096679687500 3791004
0.073791503906250 3798490
0.072814941406250 3791023
0.072082519531250 3799963
0.071655273437500 3793815
0.070495605468750 3795473
0.065246582031250 3800000
0.070495605468750 3786175
0.074218750000000 3789504
0.073791503906250 3800000
0.073669433593750 3794047
0.074523925781250 3796601
0.071899414062500 3800000
0.000000000000000 3791918
0.072326660156250 3794563
0.073486328125000 3790536
0.072937011718750 3797977
0.073425292968750 3790343
0.072387695312500 3787966
0.073242187500000 3789815
0.073059082031250 3797477
0.072021484375000 3797424
0.075500488281250 3792854
0.073120117187500 3799556
0.000000000000000 3799966
0.071472167968750 3783425
0.072631835937500 3794432
0.070800781250000 3795002
0.071960449218750 3800000
0.071594238281250 3800000
0.075744628906250 3796704
0.072265625000000 3795213
0.071960449218750 3794756
0.071533203125000 3800000
0.072570800781250 3800000
0.063598632812500 3799891
0.073120117187500 3800072
0.071716308593750 3800036
0.000000000000000 3800000
0.074951171875000 3800036
0.064941406250000 3800000
0.069702148437500 3799963
0.074584960937500 3800036
0.070922851562500 3799963
0.073730468750000 3800000
0.071716308593750 3800000
0.073425292968750 3800000
0.072998046875000 3800000
0.070983886718750 3800036
0.072998046875000 3799963
0.070861816406250 3799927
0.071472167968750 3800072
0.074035644531250 3800000
0.000000000000000 3800000
0.071960449218750 3800000
0.073852539062500 3800036
0.073059082031250 3799963
0.071594238281250 3786019
0.072143554687500 3791734
0.065551757812500 3800000
0.072509765625000 3800000
0.073181152343750 3800000
0.074157714843750 3800000
0.071960449218750 3800000
0.073974609375000 3800000
0.070373535156250 3800000
0.000000000000000 3799963
0.072082519531250 3799963
0.071716308593750 3800072
0.073364257812500 3800000
0.074096679687500 3796555
0.073364257812500 3800000
0.072692871093750 3800000
0.072570800781250 3800000
0.073364257812500 3800000
0.071533203125000 3797757
0.073120117187500 3802243
0.072875976562500 3800000
0.000000000000000 3800000
0.135681152343750 3800000
0.000000000000000 3799963
0.071411132812500 3800036
0.074462890625000 3800000
0.070373535156250 3800000
0.073120117187500 3800000
0.072021484375000 3800000
0.072021484375000 3800000
0.072509765625000 3800000
0.072937011718750 3800000
0.072570800781250 3799927
0.070556640625000 3800000
0.072143554687500 3800072
0.070739746093750 3797599
0.000000000000000 3796574
0.073608398437500 3794449
0.075256347656250 3783442
0.070800781250000 3793014
0.073852539062500 3794217
0.071105957031250 3799963
0.074829101562500 3800036
0.071716308593750 3799794
0.072937011718750 3787137
0.072387695312500 3799856
0.072631835937500 3798942
0.072631835937500 3800000
0.069519042968750 3797262
0.000000000000000 3795954
0.073120117187500 3785069
0.064086914062500 3794760
0.074218750000000 3790498
0.072021484375000 3786829
0.070861816406250 3789340
0.073120117187500 3792824
0.073242187500000 3796747
0.064086914062500 3795091
0.070983886718750 3783334
0.073486328125000 3793586
0.072204589843750 3800000
0.064025878906250 3792287
0.075439453125000 3793316
0.071838378906250 3800000
0.072326660156250 3800000
0.071472167968750 3799963
0.000000000000000 3800036
0.074096679687500 3797453
0.072937011718750 3799963
0.072143554687500 3800036
0.072387695312500 3798081
0.072875976562500 3798511
0.071166992187500 3800000
0.071838378906250 3799963
0.073547363281250 3800036
0.075012207031250 3799130
0.071105957031250 3797505
0.072326660156250 3792883
0.000000000000000 3796732
0.070007324218750 3796660
0.069335937500000 3785176
0.067626953125000 3784943
0.060791015625000 3787079
0.067138671875000 3798785
0.062988281250000 3788247
0.070434570312500 3788758
0.061462402343750 3800000
0.070312500000000 3800000
0.069152832031250 3797698
0.072814941406250 3788199
0.071044921875000 3793853
0.069091796875000 3784110
0.068359375000000 3783907
0.000000000000000 3794814
0.073730468750000 3795563
0.074157714843750 3788835
0.068725585937500 3790236
0.067810058593750 3794912
0.063293457031250 3794152
0.072631835937500 3800072
0.067626953125000 3799963
0.060546875000000 3800036
0.070007324218750 3800000
0.060241699218750 3798278
0.072265625000000 3799961
0.072204589843750 3789085
0.059631347656250 3792498
0.066711425781250 3797575
0.067871093750000 3800072
0.071533203125000 3800000
0.000000000000000 3800000
0.072204589843750 3800000
0.075134277343750 3800000
0.068176269531250 3800000
0.067626953125000 3792434
0.068969726562500 3800000
0.064147949218750 3800000
0.069641113281250 3798729
0.060974121093750 3797384
0.070129394531250 3787078
0.075073242187500 3791805
0.071899414062500 3800000
0.067749023437500 3800000
0.000000000000000 3787389
0.135437011718750 3795521
0.000000000000000 3800000
0.069335937500000 3799963
0.068664550781250 3794308
0.059814453125000 3800000
0.071105957031250 3800000
0.073181152343750 3800000
0.072021484375000 3800036
0.067260742187500 3799963
0.069763183593750 3792929
0.063598632812500 3787164
0.071472167968750 3800000
0.068359375000000 3792410
0.068298339843750 3800000
0.061706542968750 3800000
0.000000000000000 3800000
0.068786621093750 3800000
0.070251464843750 3800000
0.070739746093750 3799122
0.068603515625000 3797743
0.062316894531250 3797520
0.063659667968750 3793138
0.070129394531250 3792776
0.067138671875000 3793085
0.060180664062500 3799237
0.071166992187500 3800000
0.064453125000000 3800000
0.069213867187500 3799121
0.068298339843750 3793819
0.069763183593750 3800000
0.073547363281250 3795513
0.074584960937500 3783297
0.000000000000000 3793736
0.069763183593750 3790737
0.060241699218750 3795397
0.064636230468750 3799135
0.070190429687500 3793569
0.070800781250000 3798523
0.072814941406250 3797679
0.073974609375000 3795107
0.067565917968750 3783335
0.060058593750000 3783333
0.068542480468750 3783329
0.071289062500000 3783336
0.073608398437500 3796196
0.070861816406250 3797247
0.000000000000000 3795060
0.069519042968750 3800072
0.270385742187500 3795396
0.069030761718750 3788019
0.061218261718750 3783945
0.072570800781250 3783334
0.073242187500000 3790856
0.069335937500000 3793129
0.000000000000000 3790128
0.067749023437500 3797885
0.064514160156250 3796616
0.067565917968750 3788785
0.069335937500000 3800000
0.063659667968750 3800000
0.073913574218750 3799927
0.070861816406250 3798605
0.067749023437500 3795874
0.073974609375000 3796868
0.071166992187500 3800000
0.060913085937500 3796903
0.068054199218750 3794727
0.070800781250000 3800000
0.073242187500000 3800000
0.000000000000000 3800000
0.070739746093750 3800000
0.061828613281250 3800000
0.067138671875000 3800000
0.059936523437500 3797555
0.068237304687500 3800000
0.062500000000000 3800000
0.071533203125000 3796585
0.066711425781250 3799963
0.069396972656250 3800036
0.072570800781250 3800000
0.063720703125000 3800000
0.068786621093750 3800000
0.069335937500000 3800000
0.068969726562500 3800000
0.071594238281250 3798887
0.068176269531250 3798329
0.000000000000000 3800000
0.075256347656250 3797129
0.062011718750000 3799927
0.068176269531250 3800036
0.069946289062500 3793022
0.067687988281250 3795896
0.073486328125000 3793954
0.069274902343750 3800000
0.059997558593750 3800000
0.069213867187500 3786082
0.069274902343750 3783334
0.062927246093750 3783331
0.072509765625000 3783767
0.060180664062500 3800000
0.067565917968750 3800000
0.073364257812500 3800000
0.070800781250000 3800000
0.060119628906250 3800000
0.000000000000000 3800000
0.070678710937500 3799855
0.072265625000000 3800144
0.071838378906250 3786307
0.068603515625000 3796528
0.075134277343750 3800000
0.068786621093750 3799963
0.070190429687500 3800036
0.068054199218750 3800000
0.069580078125000 3800000
0.072143554687500 3800000
0.000000000000000 3790993
0.070556640625000 3795189
0.069030761718750 3797041
0.068786621093750 3796840
0.070007324218750 3792935
0.071777343750000 3800000
0.072998046875000 3800000
0.059631347656250 3800000
0.069458007812500 3800000
0.067932128906250 3797504
0.071777343750000 3786933
0.064025878906250 3794598
0.070678710937500 3796909
0.000000000000000 3800000
0.068908691406250 3800000
0.069152832031250 3793115
0.073852539062500 3800000
0.063171386718750 3800000
0.060791015625000 3800000
0.060607910156250 3799963
0.068359375000000 3800036
0.068969726562500 3800000
0.073913574218750 3800000
0.062500000000000 3800000
0.067993164062500 3792842
0.068542480468750 3783329
0.069885253906250 3783372
0.071350097656250 3785882
0.061706542968750 3800000
0.067260742187500 3800000
0.063293457031250 3800000
0.072875976562500 3800000
0.059997558593750 3800000
0.068603515625000 3800000
0.000000000000000 3800000
0.071716308593750 3799391
0.062011718750000 3800000
0.067504882812500 3800036
0.059814453125000 3794511
0.071289062500000 3783334
0.061767578125000 3799835
0.069213867187500 3792619
0.069763183593750 3800000
0.059936523437500 3789250
0.071472167968750 3793458
0.061950683593750 3783333
0.068298339843750 3794591
0.064941406250000 3793857
0.071960449218750 3794922
0.067871093750000 3793600
0.068969726562500 3798095
0.068908691406250 3785244
0.063842773437500 3795792
0.070678710937500 3800000
0.069641113281250 3800036
0.000000000000000 3799631
0.069458007812500 3790323
0.072387695312500 3783370
0.071716308593750 3787952
0.060180664062500 3800000
0.069580078125000 3800000
0.070190429687500 3791604
0.061828613281250 3783333
0.071899414062500 3789945
0.071838378906250 3800000
0.068847656250000 3800000
0.061157226562500 3796956
0.069152832031250 3797071
0.070678710937500 3783335
0.072937011718750 3783333
0.000000000000000 3789471
0.069274902343750 3799927
0.061645507812500 3800072
0.068359375000000 3800000
0.070861816406250 3800000
0.070434570312500 3800000
0.060729980468750 3800000
0.072143554687500 3800000
0.072631835937500 3799963
0.060424804687500 3800036
0.068542480468750 3799927
0.061218261718750 3800072
0.068237304687500 3798843
0.063049316406250 3800000
0.070739746093750 3792127
0.069702148437500 3800000
0.072753906250000 3800000
0.072265625000000 3800000
0.000000000000000 3794904
0.070190429687500 3789672
0.067382812500000 3800036
0.069763183593750 3787004
0.071350097656250 3794532
0.071777343750000 3798317
0.069702148437500 3786429
0.068786621093750 3796223
0.063415527343750 3800036
0.071350097656250 3784061
0.068664550781250 3794455
0.066833496093750 3799963
0.063354492187500 3799488
0.071044921875000 3800000
0.000000000000000 3789599
0.070861816406250 3783296
0.071044921875000 3783371
0.070251464843750 3797490
0.069152832031250 3799239
0.061645507812500 3794542
0.062133789062500 3794881
0.068359375000000 3793103
0.062622070312500 3798146
0.070922851562500 3794673
0.059997558593750 3800000
0.070556640625000 3800000
0.072570800781250 3799554
0.073730468750000 3791432
0.069030761718750 3796629
0.068359375000000 3799963
0.000000000000000 3798287
0.071838378906250 3799963
0.065124511718750 3792581
0.070495605468750 3788686
0.068542480468750 3783294
0.067993164062500 3794458
0.070495605468750 3783405
0.062438964843750 3793446
0.069763183593750 3792394
0.068054199218750 3794633
0.071716308593750 3790778
0.064208984375000 3791187
0.070190429687500 3796554
0.066833496093750 3800000
0.069274902343750 3800000
0.000000000000000 3792870
0.072631835937500 3799963
0.062377929687500 3796205
0.069274902343750 3798504
0.068420410156250 3787944
0.071960449218750 3790914
0.061523437500000 3783334
0.069824218750000 3790535
0.064025878906250 3792729
0.071166992187500 3800072
0.069702148437500 3793197
0.070434570312500 3793946
0.068054199218750 3796869
0.073059082031250 3794436
0.063903808593750 3783333
0.060424804687500 3786956
0.067810058593750 3789583
0.068786621093750 3800000
0.000000000000000 3795933
0.072814941406250 3794598
0.072509765625000 3790223
0.062133789062500 3794793
0.069152832031250 3796365
0.062988281250000 3798580
0.066894531250000 3800000
0.070861816406250 3796100
0.060607910156250 3786015
0.069396972656250 3799963
0.068481445312500 3800072
0.073486328125000 3796501
0.060424804687500 3783334
0.069580078125000 3783334
0.068359375000000 3783333
0.068481445312500 3783333
0.071105957031250 3793799
0.062377929687500 3799628
0.000000000000000 3795447
0.065734863281250 3797405
0.067749023437500 3800036
0.065551757812500 3799963
0.064575195312500 3799963
0.070373535156250 3800036
0.072814941406250 3800000
0.063964843750000 3799927
0.072143554687500 3800072
0.068969726562500 3800000
0.067504882812500 3800000
0.060363769531250 3800000
0.061462402343750 3800000
0.069396972656250 3800000
0.072937011718750 3800000
0.073852539062500 3796282
0.060119628906250 3798371
0.068359375000000 3799689
0.060424804687500 3795381
0.073120117187500 3800000
0.000000000000000 3793559
0.071289062500000 3799140
0.068237304687500 3788698
0.069274902343750 3800036
0.075073242187500 3799963
0.070800781250000 3800000
0.068725585937500 3800036
0.068237304687500 3799963
0.064025878906250 3800036
0.069274902343750 3799963
0.070190429687500 3800036
0.000000000000000 3799927
0.073791503906250 3800036
0.072387695312500 3789521
0.060302734375000 3796905
0.068969726562500 3798636
0.068725585937500 3799156
0.071044921875000 3800000
0.062377929687500 3788132
0.068237304687500 3783369
0.069702148437500 3786859
0.072570800781250 3783366
0.070922851562500 3798606
0.060607910156250 3800036
0.067626953125000 3799963
0.069335937500000 3793168
0.071105957031250 3786750
0.000000000000000 3798382
0.073242187500000 3795451
0.071350097656250 3792216
0.066833496093750 3790195
0.069763183593750 3783369
0.068054199218750 3783334
0.073364257812500 3791870
0.071655273437500 3793700
0.069702148437500 3791696
0.069396972656250 3797328
0.067932128906250 3783945
0.000000000000000 3784122
0.072937011718750 3791395
0.070190429687500 3786444
0.061462402343750 3786895
0.068908691406250 3789325
0.060119628906250 3800000
0.075195312500000 3800000
0.063232421875000 3800000
0.060607910156250 3800000
0.069824218750000 3796932
0.060607910156250 3790969
0.069152832031250 3800000
0.062866210937500 3798965
0.076293945312500 3787180
0.064880371093750 3788702
0.064575195312500 3799580
0.062255859375000 3797369
0.061096191406250 3797665
0.065124511718750 3788371
0.074279785156250 3791409
0.067810058593750 3797145
0.069580078125000 3794375
0.066345214843750 3793817
0.064819335937500 3783294
0.069458007812500 3790486
0.000000000000000 3788768
0.069458007812500 3787651
0.070678710937500 3787981
0.072143554687500 3800000
0.071777343750000 3798228
0.068298339843750 3783330
0.069458007812500 3793893
0.071411132812500 3797414
0.072387695312500 3800000
0.059875488281250 3800000
0.067932128906250 3800000
0.068237304687500 3800036
0.000000000000000 3796526
0.072204589843750 3800000
0.065368652343750 3793807
0.069152832031250 3793567
0.067749023437500 3783334
0.069152832031250 3787306
0.073425292968750 3793753
0.071350097656250 3793923
0.069824218750000 3795237
0.069152832031250 3790594
0.072998046875000 3800000
0.073486328125000 3796602
0.000000000000000 3794397
0.070434570312500 3800000
0.068237304687500 3800000
0.070190429687500 3800000
0.073852539062500 3797749
0.062377929687500 3795578
0.069458007812500 3792534
0.069274902343750 3800000
0.073120117187500 3800000
0.070190429687500 3800000
0.071960449218750 3800000
0.067443847656250 3800000
0.000000000000000 3797807
0.069519042968750 3799399
0.070983886718750 3800036
0.071044921875000 3796640
0.072631835937500 3786389
0.069580078125000 3799163
0.061157226562500 3791698
0.068786621093750 3795633
0.062805175781250 3800000
0.070190429687500 3794686
0.068176269531250 3800000
0.060241699218750 3800000
0.070312500000000 3799963
0.072387695312500 3799213
0.068298339843750 3800000
0.061462402343750 3800000
0.059997558593750 3786394
0.063049316406250 3789749
0.070739746093750 3788845
0.060974121093750 3794512
0.000000000000000 3800000
0.131286621093750 3791312
0.000000000000000 3783294
0.069885253906250 3789277
0.070251464843750 3791400
0.060302734375000 3800000
0.070312500000000 3788453
0.070739746093750 3783331
0.069946289062500 3790800
0.071289062500000 3798597
0.062316894531250 3791223
0.068725585937500 3800000
0.070495605468750 3800000
0.067321777343750 3800036
0.073120117187500 3799963
0.000000000000000 3800000
0.133544921875000 3791736
0.000000000000000 3788275
0.067077636718750 3789728
0.062988281250000 3797868
0.073913574218750 3800000
0.069946289062500 3788491
0.068481445312500 3794052
0.067871093750000 3795076
0.073242187500000 3790282
0.073852539062500 3787443
0.070007324218750 3790388
0.070556640625000 3795962
0.000000000000000 3800000
0.134216308593750 3799927
0.000000000000000 3800072
0.067321777343750 3800000
0.065246582031250 3800036
0.071044921875000 3800000
0.060729980468750 3799963
0.069519042968750 3800000
0.070922851562500 3797050
0.070495605468750 3792186
0.068786621093750 3798850
0.063354492187500 3797884
0.068420410156250 3785917
0.069396972656250 3797491
0.071533203125000 3783334
0.072509765625000 3783330
0.000000000000000 3790881
0.070617675781250 3787097
0.072998046875000 3796795
0.072265625000000 3800036
0.068969726562500 3800000
0.060180664062500 3798473
0.068054199218750 3800000
0.070007324218750 3800000
0.073852539062500 3799963
0.070007324218750 3800036
0.060729980468750 3800000
0.069335937500000 3800000
0.071411132812500 3796582
0.067138671875000 3798761
0.060607910156250 3793661
0.071960449218750 3798567
0.063781738281250 3799060
0.000000000000000 3798052
0.071777343750000 3799404
0.068359375000000 3793435
0.071411132812500 3786043
0.067138671875000 3789099
0.072265625000000 3783330
0.071716308593750 3783336
0.060485839843750 3783334
0.075317382812500 3786839
0.070556640625000 3783950
0.068542480468750 3793198
0.067871093750000 3783330
0.060852050781250 3790997
0.000000000000000 3800000
0.068420410156250 3800000
0.070922851562500 3800000
0.069091796875000 3793070
0.061584472656250 3799963
0.070800781250000 3800000
0.068420410156250 3793143
0.073608398437500 3796552
0.071350097656250 3792676
0.060974121093750 3783369
0.068542480468750 3799238
0.070556640625000 3800072
0.074462890625000 3800000
0.062011718750000 3800000
0.068786621093750 3800000
0.000000000000000 3800000
0.067932128906250 3786389
0.069458007812500 3788123
0.072387695312500 3800000
0.061218261718750 3800000
0.069641113281250 3794538
0.068359375000000 3783366
0.072875976562500 3783259
0.062194824218750 3793090
0.069213867187500 3800000
0.066772460937500 3800000
0.063110351562500 3800000
0.071350097656250 3800000
0.059692382812500 3800000
0.067871093750000 3793095
0.063659667968750 3800000
0.072326660156250 3800000
0.068847656250000 3800000
0.000000000000000 3793103
0.071411132812500 3797995
0.072204589843750 3796096
0.071472167968750 3783331
0.067626953125000 3797433
0.069763183593750 3800072
0.063476562500000 3796759
0.070129394531250 3794476
0.069152832031250 3788144
0.070190429687500 3800036
0.069091796875000 3794334
0.072326660156250 3798647
0.000000000000000 3794155
0.071105957031250 3783687
0.068420410156250 3797372
0.069763183593750 3794327
0.074279785156250 3798784
0.070617675781250 3800000
0.060729980468750 3799963
0.068420410156250 3800036
0.073059082031250 3787543
0.071899414062500 3793659
0.069519042968750 3783298
0.068725585937500 3791912
0.063232421875000 3788827
0.000000000000000 3793289
0.073303222656250 3787269
0.068298339843750 3783647
0.069641113281250 3800000
0.062377929687500 3800000
0.072631835937500 3792523
0.070739746093750 3783329
0.068481445312500 3795610
0.068481445312500 3800000
0.071594238281250 3800000
0.073181152343750 3800000
0.060729980468750 3800000
0.068176269531250 3800000
0.060852050781250 3800000
0.068359375000000 3800000
0.000000000000000 3793144
0.072448730468750 3799891
0.069335937500000 3800108
0.068481445312500 3800000
0.071228027343750 3800000
0.067443847656250 3799963
0.073120117187500 3800036
0.070617675781250 3800000
0.061035156250000 3786919
0.066101074218750 3799963
0.068115234375000 3799891
0.071716308593750 3792170
0.072631835937500 3797522
0.061462402343750 3786424
0.072509765625000 3800000
0.062988281250000 3800000
0.000000000000000 3800000
0.067077636718750 3787155
0.061340332031250 3795156
0.067443847656250 3800000
0.069396972656250 3800000
0.070007324218750 3800000
0.073791503906250 3789919
0.060852050781250 3800000
0.067687988281250 3800000
0.074462890625000 3800000
0.070434570312500 3800000
0.069702148437500 3796510
0.067077636718750 3799963
0.072509765625000 3800108
0.000000000000000 3800000
0.073974609375000 3799927
0.059997558593750 3799963
0.060546875000000 3800036
0.067871093750000 3800072
0.073181152343750 3800000
0.070373535156250 3799927
0.059936523437500 3800072
0.067749023437500 3800000
0.063659667968750 3798239
0.071777343750000 3800072
0.068725585937500 3800000
0.074890136718750 3799963
0.070678710937500 3800036
0.069396972656250 3800000
0.066528320312500 3795022
0.000000000000000 3795988
0.069274902343750 3800036
0.069152832031250 3800000
0.072326660156250 3798102
0.064453125000000 3784111
0.068542480468750 3794494
0.059936523437500 3800000
0.072814941406250 3799963
0.072692871093750 3797335
0.068908691406250 3799927
0.070190429687500 3796571
0.063110351562500 3794569
0.070251464843750 3790263
0.069885253906250 3785528
0.071350097656250 3787284
0.063598632812500 3798479
0.000000000000000 3799618
0.126647949218750 3790942
0.000000000000000 3800036
0.068481445312500 3800000
0.073059082031250 3796908
0.065124511718750 3800036
0.067993164062500 3800000
0.069335937500000 3800000
0.067993164062500 3800000
0.063781738281250 3786961
0.072082519531250 3788404
0.070861816406250 3785712
0.070312500000000 3792880
0.067810058593750 3784939
0.075317382812500 3783366
0.000000000000000 3795969
0.071838378906250 3792749
0.069580078125000 3796158
0.067443847656250 3795920
0.071411132812500 3791753
0.070251464843750 3800000
0.071655273437500 3800000
0.070861816406250 3799963
0.059997558593750 3800036
0.059936523437500 3799963
0.068420410156250 3800036
0.063842773437500 3800000
0.071960449218750 3799963
0.060913085937500 3800036
0.069458007812500 3800000
0.068359375000000 3800000
0.000000000000000 3800000
0.069396972656250 3800036
0.071533203125000 3799963
0.062561035156250 3800000
0.067932128906250 3800000
0.068542480468750 3799963
0.074218750000000 3800036
0.063171386718750 3799963
0.060180664062500 3800036
0.067749023437500 3800000
0.069274902343750 3800000
0.068237304687500 3800000
0.073608398437500 3799927
0.070617675781250 3800072
0.060363769531250 3800000
0.072021484375000 3800036
0.069519042968750 3799963
0.000000000000000 3800000
0.070617675781250 3800000
0.070922851562500 3800000
0.070129394531250 3800000
0.070739746093750 3800000
0.062561035156250 3800000
0.071594238281250 3800000
0.067443847656250 3800000
0.063781738281250 3800000
0.071533203125000 3800000
0.069580078125000 3800000
0.071838378906250 3799963
0.072143554687500 3800000
0.000000000000000 3800036
0.071166992187500 3800000
0.070739746093750 3799927
0.061767578125000 3800072
0.067810058593750 3792621
0.069335937500000 3794565
0.072937011718750 3797675
0.061462402343750 3797218
0.067626953125000 3783409
0.069885253906250 3792451
0.062194824218750 3793984
0.072021484375000 3800036
0.069091796875000 3799963
0.068725585937500 3800000
0.063415527343750 3800000
0.062622070312500 3792224
0.068908691406250 3791750
0.066223144531250 3800000
0.000000000000000 3789351
0.068359375000000 3797288
0.074340820312500 3790389
0.072265625000000 3795803
0.068359375000000 3793362
0.067382812500000 3795539
0.072265625000000 3793263
0.070922851562500 3797412
0.059997558593750 3800000
0.070617675781250 3799320
0.072448730468750 3789529
0.071411132812500 3799436
0.000000000000000 3789473
0.069580078125000 3784106
0.071899414062500 3783336
0.071960449218750 3797577
0.070007324218750 3789191
0.063293457031250 3788996
0.072143554687500 3783331
0.062927246093750 3790605
0.068542480468750 3795447
0.062194824218750 3796371
0.071228027343750 3799375
0.060668945312500 3800000
0.067626953125000 3788308
0.070800781250000 3794275
0.063903808593750 3788933
0.070373535156250 3789373
0.069030761718750 3799511
0.000000000000000 3800000
0.071533203125000 3788854
0.062927246093750 3799963
0.069274902343750 3800000
0.069091796875000 3800036
0.070312500000000 3800000
0.072998046875000 3800000
0.062683105468750 3800000
0.069519042968750 3800000
0.069274902343750 3800000
0.068969726562500 3800000
0.063720703125000 3797417
0.071228027343750 3799963
0.059753417968750 3788940
0.068603515625000 3790926
0.071105957031250 3794922
0.063293457031250 3791062
0.068847656250000 3797846
0.000000000000000 3791088
0.068664550781250 3786572
0.070312500000000 3791313
0.073547363281250 3794563
0.070739746093750 3786898
0.068786621093750 3796665
0.073181152343750 3791735
0.068115234375000 3785889
0.060913085937500 3798015
0.069763183593750 3792409
0.074157714843750 3797813
0.000000000000000 3789142
0.072631835937500 3791233
0.068115234375000 3788875
0.071838378906250 3796787
0.072021484375000 3798079
0.062377929687500 3783371
0.066833496093750 3783258
0.070373535156250 3790683
0.068054199218750 3800000
0.069641113281250 3793084
0.072448730468750 3799963
0.070617675781250 3793280
0.059997558593750 3794253
0.068542480468750 3783330
0.000000000000000 3794965
0.069946289062500 3794100
0.071166992187500 3792291
0.062744140625000 3794451
0.072021484375000 3799311
0.072814941406250 3799963
0.072509765625000 3798702
0.067260742187500 3794441
0.060302734375000 3793712
0.068664550781250 3783444
0.068664550781250 3783334
0.073974609375000 3787317
0.073364257812500 3797215
0.062316894531250 3786619
0.069213867187500 3800000
0.000000000000000 3800000
0.069519042968750 3800000
0.068725585937500 3797538
0.060546875000000 3783334
0.070068359375000 3792524
0.061584472656250 3797775
0.068908691406250 3796454
0.068664550781250 3799963
0.065795898437500 3800000
0.070678710937500 3800036
0.059814453125000 3799963
0.067749023437500 3800000
0.059997558593750 3788106
0.069580078125000 3783334
0.062988281250000 3783298
0.068908691406250 3785665
0.059997558593750 3800000
0.074707031250000 3800000
0.070800781250000 3799927
0.059997558593750 3800072
0.068481445312500 3792712
0.060546875000000 3790369
0.072998046875000 3795687
0.071289062500000 3799430
0.000000000000000 3796839
0.069946289062500 3796123
0.069580078125000 3794991
0.063720703125000 3800000
0.072204589843750 3796444
0.060302734375000 3800000
0.068786621093750 3800000
0.073608398437500 3800000
0.062500000000000 3800000
0.068298339843750 3800000
0.068298339843750 3800000
0.070617675781250 3800000
0.063293457031250 3800000
0.070251464843750 3800000
0.060546875000000 3799963
0.067443847656250 3800036
0.075500488281250 3799385
0.061218261718750 3800000
0.000000000000000 3799963
0.068542480468750 3800036
0.068420410156250 3800000
0.070495605468750 3800000
0.075439453125000 3792368
0.070129394531250 3794347
0.067749023437500 3784008
0.068725585937500 3798158
0.062622070312500 3789404
0.072387695312500 3787645
0.060119628906250 3800000
0.070495605468750 3798169
0.070495605468750 3787284
0.072143554687500 3787390
0.000000000000000 3790506
0.068664550781250 3785876
0.062622070312500 3798361
0.071838378906250 3796586
0.070434570312500 3799963
0.071594238281250 3800000
0.071533203125000 3800000
0.060974121093750 3796245
0.066406250000000 3786337
0.070251464843750 3799927
0.071899414062500 3800072
0.062866210937500 3800000
0.070007324218750 3799963
0.059936523437500 3800072
0.070251464843750 3799927
0.068481445312500 3800000
0.000000000000000 3800000
0.072143554687500 3800036
0.070617675781250 3799963
0.060913085937500 3800036
0.069763183593750 3800000
0.068359375000000 3800000
0.071105957031250 3800000
0.072875976562500 3800000
0.063232421875000 3800000
0.068603515625000 3800000
0.069274902343750 3800000
0.066406250000000 3800000
0.073486328125000 3800000
0.063171386718750 3799963
0.060974121093750 3800036
0.060913085937500 3799927
0.070861816406250 3800072
0.000000000000000 3800000
0.133666992187500 3800000
0.062377929687500 3800000
0.000000000000000 3800000
0.128540039062500 3800000
0.000000000000000 3800000
0.069458007812500 3800000
0.071228027343750 3800000
0.070922851562500 3800000
0.061218261718750 3800000
0.070007324218750 3800000
0.069641113281250 3800000
0.063415527343750 3800000
0.072387695312500 3800000
0.060241699218750 3799927
0.070373535156250 3800072
0.068115234375000 3800000
0.070861816406250 3795639
0.073913574218750 3786878
0.060791015625000 3796262
0.069763183593750 3800000
0.000000000000000 3797622
0.069396972656250 3796557
0.071594238281250 3800000
0.063354492187500 3799226
0.067993164062500 3793902
0.069396972656250 3800000
0.074340820312500 3800000
0.069763183593750 3800000
0.070251464843750 3800000
0.068054199218750 3793023
0.069213867187500 3785168
0.072753906250000 3790067
0.000000000000000 3800036
0.071289062500000 3799963
0.060302734375000 3798382
0.068420410156250 3800000
0.069580078125000 3800000
0.072021484375000 3800000
0.063415527343750 3800000
0.060852050781250 3800000
0.069335937500000 3798221
0.071289062500000 3789103
0.063293457031250 3793813
0.071411132812500 3800000
0.068725585937500 3800000
0.069091796875000 3800000
0.072448730468750 3800000
0.072082519531250 3800000
0.000000000000000 3800000
0.069335937500000 3800000
0.068786621093750 3800000
0.073364257812500 3799963
0.071960449218750 3800036
0.070800781250000 3800000
0.069580078125000 3800000
0.069335937500000 3800000
0.074462890625000 3800000
0.070922851562500 3800000
0.000000000000000 3800036
0.069519042968750 3799963
0.068847656250000 3799963
0.062805175781250 3800036
0.071899414062500 3800000
0.061096191406250 3800000
0.067321777343750 3800036
0.064453125000000 3799963
0.071166992187500 3800000
0.068481445312500 3800000
0.069396972656250 3800000
0.072692871093750 3799927
0.062683105468750 3800072
0.067993164062500 3800000
0.071533203125000 3800000
0.069213867187500 3800000
0.000000000000000 3800000
0.072753906250000 3800000
0.070556640625000 3800000
0.067138671875000 3800000
0.069885253906250 3800000
0.069335937500000 3800000
0.071594238281250 3800000
0.068725585937500 3800000
0.064392089843750 3800000
0.072570800781250 3800000
0.068298339843750 3799963
0.060729980468750 3800036
0.068847656250000 3800000
0.070678710937500 3800000
0.000000000000000 3800000
0.068237304687500 3800000
0.071105957031250 3800000
0.063659667968750 3800000
0.069030761718750 3800000
0.060546875000000 3800000
0.068298339843750 3800000
0.069641113281250 3800000
0.071289062500000 3799963
0.063049316406250 3800036
0.068603515625000 3800000
0.071960449218750 3800000
0.064331054687500 3796332
0.066284179687500 3800036
0.060546875000000 3798456
0.067138671875000 3783333
0.063232421875000 3789884
0.072082519531250 3800000
0.059997558593750 3800000
0.070373535156250 3799621
0.068237304687500 3793543
0.000000000000000 3800000
0.073059082031250 3799963
0.123046875000000 3800036
0.000000000000000 3799963
0.068786621093750 3800036
0.070556640625000 3800000
0.068359375000000 3796556
0.070373535156250 3800036
0.070678710937500 3800000
0.059753417968750 3799801
0.072143554687500 3796765
0.072143554687500 3800000
0.061096191406250 3800000
0.068359375000000 3800000
0.074096679687500 3800000
0.070434570312500 3800000
0.060668945312500 3795374
0.068481445312500 3795621
0.000000000000000 3792805
0.069641113281250 3800000
0.073913574218750 3800000
0.070312500000000 3793353
0.061462402343750 3787319
0.069152832031250 3798467
0.072570800781250 3800000
0.069885253906250 3800000
0.068603515625000 3800000
0.065307617187500 3799927
0.069885253906250 3800036
0.069763183593750 3800000
0.066772460937500 3800036
0.000000000000000 3800000
0.071716308593750 3797943
0.071533203125000 3799927
0.071533203125000 3800072
0.071472167968750 3800000
0.067810058593750 3800000
0.060668945312500 3800036
0.067077636718750 3799963
0.073791503906250 3800000
0.069519042968750 3799927
0.070312500000000 3800072
0.073791503906250 3800000
0.000000000000000 3800000
0.069641113281250 3800000
0.070190429687500 3799963
0.068542480468750 3800000
0.062805175781250 3800036
0.070922851562500 3800000
0.068908691406250 3796362
0.069763183593750 3800036
0.063354492187500 3800000
0.070739746093750 3800000
0.068542480468750 3799927
0.069213867187500 3800072
0.073669433593750 3796597
0.063171386718750 3800000
0.067138671875000 3799963
0.000000000000000 3799963
0.070739746093750 3796630
0.071655273437500 3800036
0.070983886718750 3800036
0.068054199218750 3790196
0.069335937500000 3792057
0.073364257812500 3785928
0.075317382812500 3800000
0.068420410156250 3783437
0.068237304687500 3795171
0.068969726562500 3800000
0.000000000000000 3789436
0.068664550781250 3800072
0.069030761718750 3796693
0.072814941406250 3799938
0.071105957031250 3800036
0.069396972656250 3800000
0.060485839843750 3800000
0.071350097656250 3800000
0.070678710937500 3800000
0.068786621093750 3800000
0.070617675781250 3793468
0.073425292968750 3800036
0.000000000000000 3789648
0.071777343750000 3800036
0.068969726562500 3796825
0.068298339843750 3799790
0.061035156250000 3800000
0.072082519531250 3800000
0.074035644531250 3800000
0.069946289062500 3799963
0.069213867187500 3800072
0.059936523437500 3799963
0.067871093750000 3800000
0.063232421875000 3800000
0.070922851562500 3800000
0.070495605468750 3800000
0.068054199218750 3800000
0.000000000000000 3800036
0.071960449218750 3799963
0.070312500000000 3800000
0.068481445312500 3800000
0.063659667968750 3800000
0.061767578125000 3800000
0.069030761718750 3799963
0.068481445312500 3800036
0.064453125000000 3800000
0.069763183593750 3800036
0.059936523437500 3799963
0.069580078125000 3800000
0.073486328125000 3800000
0.062988281250000 3800000
0.069030761718750 3800000
0.068908691406250 3800000
0.068969726562500 3800000
0.000000000000000 3800000
0.070129394531250 3800036
0.072265625000000 3799963
0.072692871093750 3800000
0.060546875000000 3800000
0.069335937500000 3800036
0.060791015625000 3799963
0.068481445312500 3800000
0.071594238281250 3800000
0.071228027343750 3800000
0.060668945312500 3800000
0.071166992187500 3800000
0.071533203125000 3800000
0.064392089843750 3800000
0.069213867187500 3800000
0.060668945312500 3800000
0.067871093750000 3800000
0.000000000000000 3800000
0.074829101562500 3800000
0.073547363281250 3799963
0.069885253906250 3800036
0.070068359375000 3800000
0.068969726562500 3800000
0.072814941406250 3800036
0.072448730468750 3799963
0.062072753906250 3799963
0.069580078125000 3799963
0.067077636718750 3800072
0.068786621093750 3800000
0.000000000000000 3800000
0.074523925781250 3800000
0.072204589843750 3800000
0.065917968750000 3793390
0.060607910156250 3790332
0.072875976562500 3790343
0.073730468750000 3795038
0.068481445312500 3800000
0.068359375000000 3796462
0.067443847656250 3800000
0.073120117187500 3798839
0.071960449218750 3800000
0.000000000000000 3800000
0.069519042968750 3791713
0.068542480468750 3787434
0.071044921875000 3799963
0.074035644531250 3797664
0.059692382812500 3800000
0.070129394531250 3800000
0.068725585937500 3800000
0.071228027343750 3796590
0.070556640625000 3800000
0.063354492187500 3800000
0.068603515625000 3783548
0.070312500000000 3784186
0.070007324218750 3789645
0.000000000000000 3793021
0.071899414062500 3795975
0.074157714843750 3790239
0.068908691406250 3800000
0.062194824218750 3800000
0.067932128906250 3800000
0.072387695312500 3792948
0.070129394531250 3800000
0.069580078125000 3800000
0.071899414062500 3800000
0.069885253906250 3800000
0.072082519531250 3789547
0.060058593750000 3799591
0.060424804687500 3783332
0.067687988281250 3791689
0.060913085937500 3794361
0.000000000000000 3788503
0.070800781250000 3794860
0.073547363281250 3796563
0.071838378906250 3800000
0.068664550781250 3800036
0.073425292968750 3799927
0.071533203125000 3800000
0.061584472656250 3800072
0.066772460937500 3800000
0.069702148437500 3790801
0.072753906250000 3799963
0.071411132812500 3792945
0.000000000000000 3800036
0.070190429687500 3797227
0.066772460937500 3786415
0.061157226562500 3785466
0.068237304687500 3792592
0.063964843750000 3783367
0.072021484375000 3790012
0.070434570312500 3790258
0.069335937500000 3783301
0.070068359375000 3783366
0.062072753906250 3787166
0.071838378906250 3793740
0.073303222656250 3800000
0.067504882812500 3799927
0.000000000000000 3800036
0.070739746093750 3800000
0.067626953125000 3800036
0.072570800781250 3799963
0.071594238281250 3793971
0.065246582031250 3800000
0.061340332031250 3800000
0.071655273437500 3800000
0.073791503906250 3800000
0.070800781250000 3671597
0.068542480468750 3800072
0.073120117187500 3800000
0.000000000000000 3800000
0.132751464843750 3800000
0.000000000000000 3800000
0.066833496093750 3800000
0.070800781250000 3800000
0.061218261718750 3789598
0.068420410156250 3796598
0.061157226562500 3799927
0.075927734375000 3800108
0.074829101562500 3799963
0.071838378906250 3800000
0.066528320312500 3800000
0.071716308593750 3800000
0.070312500000000 3796330
0.060180664062500 3799963
0.067932128906250 3794416
0.069091796875000 3791335
0.000000000000000 3794505
0.067504882812500 3783336
0.065979003906250 3783330
0.067993164062500 3783333
0.062316894531250 3797076
0.065795898437500 3800000
0.067932128906250 3800036
0.071411132812500 3799963
0.074401855468750 3800000
0.060607910156250 3800000
0.072998046875000 3800000
0.069396972656250 3792872
0.073974609375000 3800000
0.073120117187500 3799927
0.062988281250000 3800072
0.000000000000000 3796792
0.068725585937500 3792524
0.069274902343750 3800000
0.068847656250000 3799963
0.072937011718750 3800072
0.073974609375000 3799963
0.068786621093750 3799963
0.069091796875000 3800036
0.070556640625000 3796559
0.071960449218750 3794806
0.059875488281250 3794652
0.070922851562500 3800000
0.000000000000000 3800000
0.068664550781250 3800000
0.070007324218750 3800000
0.072448730468750 3800000
0.069946289062500 3800000
0.060119628906250 3799963
0.066345214843750 3800000
0.073486328125000 3800000
0.074584960937500 3796460
0.069152832031250 3800000
0.069274902343750 3799949
0.072143554687500 3796645
0.063171386718750 3799963
0.000000000000000 3800000
0.128295898437500 3797144
0.000000000000000 3800000
0.072875976562500 3800000
0.061401367187500 3800000
0.069641113281250 3792963
0.068908691406250 3800000
0.068847656250000 3800000
0.070739746093750 3796587
0.060791015625000 3798790
0.069335937500000 3788714
0.069519042968750 3783331
0.070373535156250 3799751
0.063476562500000 3800036
0.061950683593750 3800000
0.070190429687500 3800000
0.069335937500000 3800000
0.072509765625000 3799963
0.062255859375000 3800036
0.000000000000000 3800000
0.070617675781250 3800000
0.067199707031250 3800000
0.068054199218750 3800000
0.064086914062500 3800000
0.065429687500000 3800000
0.068664550781250 3800036
0.059936523437500 3799927
0.073669433593750 3800000
0.063537597656250 3800036
0.068908691406250 3799963
0.072570800781250 3800036
0.065612792968750 3800000
0.066223144531250 3800000
0.067077636718750 3793945
0.060913085937500 3799021
0.069152832031250 3800000
0.069885253906250 3799963
0.071838378906250 3800000
0.000000000000000 3800000
0.071166992187500 3800000
0.068420410156250 3800036
0.074768066406250 3800000
0.069152832031250 3799963
0.139038085937500 3800017
0.060241699218750 3796600
0.070739746093750 3800000
0.063476562500000 3797537
0.069274902343750 3799400
0.070068359375000 3793650
0.068603515625000 3800108
0.071411132812500 3800000
0.000000000000000 3800000
0.072509765625000 3800000
0.060058593750000 3800000
0.067626953125000 3799963
0.070190429687500 3800000
0.068908691406250 3789748
0.070373535156250 3796355
0.068115234375000 3784638
0.064086914062500 3783330
0.071838378906250 3783336
0.061584472656250 3798760
0.068969726562500 3800000
0.070556640625000 3800000
0.071044921875000 3786176
0.061035156250000 3783334
0.071350097656250 3794558
0.068664550781250 3786613
0.000000000000000 3799963
0.070068359375000 3798678
0.070373535156250 3796839
0.067260742187500 3800000
0.072998046875000 3800000
0.074401855468750 3793186
0.060241699218750 3797519
0.067687988281250 3783701
0.069946289062500 3783333
0.068725585937500 3783332
0.072814941406250 3796169
0.073120117187500 3792819
0.000000000000000 3786245
0.069274902343750 3797285
0.060668945312500 3800000
0.071533203125000 3784513
0.069091796875000 3794114
0.068664550781250 3788581
0.069152832031250 3798900
0.067932128906250 3799855
0.072875976562500 3786329
0.072692871093750 3789621
0.068542480468750 3785109
0.069213867187500 3797049
0.067077636718750 3792807
0.000000000000000 3794231
0.069702148437500 3783261
0.071105957031250 3800145
0.063659667968750 3799963
0.072326660156250 3800000
0.067932128906250 3800000
0.059997558593750 3800000
0.070068359375000 3799963
0.073608398437500 3800036
0.068664550781250 3800036
0.067626953125000 3799963
0.072998046875000 3788833
0.063049316406250 3800000
0.060607910156250 3800000
0.068176269531250 3800000
0.068664550781250 3800000
0.074096679687500 3789568
0.062377929687500 3800000
0.000000000000000 3791112
0.067993164062500 3790626
0.067749023437500 3797640
0.068298339843750 3800000
0.064147949218750 3800000
0.070556640625000 3792366
0.068847656250000 3800072
0.063415527343750 3800000
0.070129394531250 3799927
0.060241699218750 3800072
0.068298339843750 3793523
0.062500000000000 3792544
0.072875976562500 3792353
0.070678710937500 3800000
0.069580078125000 3800000
0.071472167968750 3800000
0.000000000000000 3800000
0.072998046875000 3800000
0.067626953125000 3796560
0.060729980468750 3791907
0.067443847656250 3799963
0.059875488281250 3800000
0.072082519531250 3800000
0.072753906250000 3799927
0.060424804687500 3800072
0.067321777343750 3800000
0.074645996093750 3800000
0.069763183593750 3800000
0.061523437500000 3799927
0.066711425781250 3800072
0.069152832031250 3799927
0.074768066406250 3800072
0.072326660156250 3800000
0.000000000000000 3799963
0.068786621093750 3800036
0.068237304687500 3800000
0.069335937500000 3800000
0.070739746093750 3800000
0.063232421875000 3800000
0.070251464843750 3800000
0.070556640625000 3800000
0.070739746093750 3800000
0.069702148437500 3795828
0.070495605468750 3799963
0.069396972656250 3800000
0.000000000000000 3798469
0.135620117187500 3797649
0.000000000000000 3798599
0.068237304687500 3796727
0.060180664062500 3798569
0.069030761718750 3800036
0.071777343750000 3800000
0.070983886718750 3800000
0.059753417968750 3800000
0.068481445312500 3796428
0.063232421875000 3789069
0.073364257812500 3786284
0.069519042968750 3791953
0.069519042968750 3800000
0.071960449218750 3800000
0.071533203125000 3800000
0.059936523437500 3796132
0.070251464843750 3800036
0.000000000000000 3796854
0.069763183593750 3785422
0.072570800781250 3793477
0.063232421875000 3799927
0.070922851562500 3800108
0.069396972656250 3799963
0.066833496093750 3799927
0.074096679687500 3800072
0.070983886718750 3797637
0.068969726562500 3799927
0.069519042968750 3800072
0.072143554687500 3800000
0.000000000000000 3799963
0.071228027343750 3800000
0.069458007812500 3800000
0.069641113281250 3800000
0.070190429687500 3800036
0.071228027343750 3800000
0.063232421875000 3800000
0.059875488281250 3800000
0.069274902343750 3800000
0.071411132812500 3792920
0.072021484375000 3799963
0.068725585937500 3800000
0.070922851562500 3787874
0.000000000000000 3800000
0.070129394531250 3799663
0.072204589843750 3796893
0.071899414062500 3800000
0.069396972656250 3789282
0.069152832031250 3800036
0.071166992187500 3793068
0.068786621093750 3796575
0.064025878906250 3800000
0.071533203125000 3800000
0.060180664062500 3800000
0.067871093750000 3799927
0.070251464843750 3800036
0.071105957031250 3800036
0.000000000000000 3800000
0.069274902343750 3800000
0.073059082031250 3800000
0.070861816406250 3794096
0.068603515625000 3798972
0.068054199218750 3792199
0.068786621093750 3790390
0.074890136718750 3800036
0.072448730468750 3799963
0.060546875000000 3791983
0.067138671875000 3783407
0.062194824218750 3798143
0.070800781250000 3783335
0.060852050781250 3794083
0.067810058593750 3792683
0.000000000000000 3800000
0.069091796875000 3799927
0.072937011718750 3800072
0.070556640625000 3799963
0.060302734375000 3800000
0.071899414062500 3800036
0.063171386718750 3800000
0.069274902343750 3800000
0.070983886718750 3800000
0.068054199218750 3800000
0.073181152343750 3800000
0.062561035156250 3800036
0.069396972656250 3799963
0.061157226562500 3796587
0.066772460937500 3797951
0.072509765625000 3795578
0.000000000000000 3796403
0.132324218750000 3783331
0.000000000000000 3795452
0.068054199218750 3800000
0.060119628906250 3800000
0.067504882812500 3800000
0.063171386718750 3800000
0.075073242187500 3800000
0.067810058593750 3797010
0.069213867187500 3783334
0.068542480468750 3792908
0.072509765625000 3792850
0.073730468750000 3786103
0.069458007812500 3796504
0.070007324218750 3799927
0.000000000000000 3800072
0.067871093750000 3800000
0.065979003906250 3800000
0.072021484375000 3800000
0.068298339843750 3799927
0.066955566406250 3800072
0.062866210937500 3799963
0.074645996093750 3800000
0.067749023437500 3799963
0.068664550781250 3800072
0.066833496093750 3800000
0.064270019531250 3800000
0.070556640625000 3800000
0.069763183593750 3799963
0.070678710937500 3800036
0.069396972656250 3800000
0.064025878906250 3800000
0.000000000000000 3800000
0.068542480468750 3798325
0.069458007812500 3798303
0.068054199218750 3800000
0.063476562500000 3799963
0.069702148437500 3800036
0.059936523437500 3800000
0.069641113281250 3800000
0.071594238281250 3799963
0.061950683593750 3799963
0.069702148437500 3800072
0.069458007812500 3800000
0.071594238281250 3798642
0.074707031250000 3793423
0.000000000000000 3797755
0.071594238281250 3790047
0.066894531250000 3791686
0.073120117187500 3800000
0.070251464843750 3798655
0.060058593750000 3794336
0.068237304687500 3800000
0.067749023437500 3796575
0.072753906250000 3790393
0.064697265625000 3784748
0.060729980468750 3783298
0.068359375000000 3794169
0.071228027343750 3787716
0.071472167968750 3793388
0.062316894531250 3800000
0.070190429687500 3796956
0.069152832031250 3800036
0.000000000000000 3793240
0.074645996093750 3786844
0.062561035156250 3795162
0.070983886718750 3799927
0.069580078125000 3800108
0.069213867187500 3799963
0.071777343750000 3789124
0.072509765625000 3800000
0.069702148437500 3796405
0.068237304687500 3792152
0.060058593750000 3783370
0.069458007812500 3798824
0.071472167968750 3800036
0.000000000000000 3800036
0.071044921875000 3800000
0.070434570312500 3800000
0.066894531250000 3800000
0.071105957031250 3800000
0.062683105468750 3799927
0.069824218750000 3800072
0.068054199218750 3800000
0.069519042968750 3800000
0.073120117187500 3799963
0.070861816406250 3800036
0.060424804687500 3800000
0.068847656250000 3800000
0.068298339843750 3800000
0.000000000000000 3799963
0.072875976562500 3799963
0.071228027343750 3800072
0.070007324218750 3800000
0.068786621093750 3800000
0.071533203125000 3799963
0.071594238281250 3800036
0.067993164062500 3800000
0.073059082031250 3800000
0.063659667968750 3800000
0.061950683593750 3800000
0.068115234375000 3799927
0.059936523437500 3800000
0.068847656250000 3800072
0.072998046875000 3800000
0.000000000000000 3796608
0.073791503906250 3800000
0.068481445312500 3795027
0.072326660156250 3790279
0.068237304687500 3794633
0.069702148437500 3792116
0.061340332031250 3800036
0.069458007812500 3796382
0.073669433593750 3796535
0.071533203125000 3799963
0.059875488281250 3800072
0.068786621093750 3796497
0.074523925781250 3799927
0.062866210937500 3800108
0.069030761718750 3799927
0.000000000000000 3800000
0.069763183593750 3800036
0.068542480468750 3799963
0.070983886718750 3800036
0.072387695312500 3800000
0.061645507812500 3800036
0.068603515625000 3799963
0.069458007812500 3800000
0.070373535156250 3800036
0.071899414062500 3799963
0.071411132812500 3799927
0.067016601562500 3800108
0.063110351562500 3799963
0.000000000000000 3800000
0.070922851562500 3800000
0.070495605468750 3800000
0.074096679687500 3800000
0.072387695312500 3800000
0.070922851562500 3800000
0.067504882812500 3800000
0.069641113281250 3800000
0.073547363281250 3799963
0.063842773437500 3800036
0.070434570312500 3799927
0.000000000000000 3800072
0.068664550781250 3800000
0.063781738281250 3799963
0.070739746093750 3800036
0.061767578125000 3800000
0.067565917968750 3800000
0.063293457031250 3800000
0.071655273437500 3800000
0.070739746093750 3800000
0.074340820312500 3799891
0.069030761718750 3800144
0.059753417968750 3800000
0.066894531250000 3799963
0.063415527343750 3800000
0.071533203125000 3800000
0.070617675781250 3799963
0.068054199218750 3799927
0.063171386718750 3800108
0.074340820312500 3800000
0.000000000000000 3800000
0.068725585937500 3800036
0.070007324218750 3799963
0.068420410156250 3800000
0.064086914062500 3799927
0.070190429687500 3800072
0.069580078125000 3800000
0.071899414062500 3800000
0.062988281250000 3800000
0.062805175781250 3800000
0.068786621093750 3800000
0.073181152343750 3799927
0.070678710937500 3800072
0.070251464843750 3800000
0.000000000000000 3800000
0.071411132812500 3800000
0.068115234375000 3799891
0.073608398437500 3796651
0.071228027343750 3800000
0.068298339843750 3799927
0.066650390625000 3800072
0.062011718750000 3800000
0.071228027343750 3799963
0.069396972656250 3800036
0.068176269531250 3799963
0.072570800781250 3799963
0.062927246093750 3800072
0.060241699218750 3800000
0.060852050781250 3800000
0.066894531250000 3799927
0.072265625000000 3800072
0.000000000000000 3799963
0.070678710937500 3800036
0.060485839843750 3800000
0.070312500000000 3800000
0.071533203125000 3800000
0.072814941406250 3800000
0.068847656250000 3799963
0.061523437500000 3800036
0.070800781250000 3800000
0.071472167968750 3800000
0.070251464843750 3799963
0.064025878906250 3800000
0.070190429687500 3800036
0.069335937500000 3800000
0.000000000000000 3799963
0.069946289062500 3800036
0.071411132812500 3800000
0.070678710937500 3800000
0.069824218750000 3799963
0.071411132812500 3800036
0.072082519531250 3800000
0.069702148437500 3799963
0.073913574218750 3800036
0.069152832031250 3800000
0.059936523437500 3800000
0.072204589843750 3800000
0.000000000000000 3800000
0.070861816406250 3799963
0.071655273437500 3800036
0.068359375000000 3800000
0.070190429687500 3800000
0.072448730468750 3800000
0.070251464843750 3800000
0.060729980468750 3800000
0.066955566406250 3799927
0.065002441406250 3800072
0.071289062500000 3800000
0.060668945312500 3800000
0.068359375000000 3800000
0.072143554687500 3800000
0.062988281250000 3800000
0.068969726562500 3800000
0.000000000000000 3800000
0.070312500000000 3800000
0.070983886718750 3800000
0.075012207031250 3799963
0.065795898437500 3788297
0.067810058593750 3794018
0.068664550781250 3800072
0.063232421875000 3795007
0.073974609375000 3794568
0.068603515625000 3800036
0.071960449218750 3785679
0.071044921875000 3800000
0.060852050781250 3789560
0.072143554687500 3800000
0.000000000000000 3796512
0.072814941406250 3800000
0.072204589843750 3800072
0.068237304687500 3798064
0.069274902343750 3800000
0.070251464843750 3785058
0.063232421875000 3796674
0.068664550781250 3796379
0.070007324218750 3798886
0.070007324218750 3796702
0.067810058593750 3784861
0.063232421875000 3800000
0.070800781250000 3800000
0.060852050781250 3799963
0.068176269531250 3800036
0.000000000000000 3800000
0.071899414062500 3800000
0.069702148437500 3799963
0.066650390625000 3800036
0.075134277343750 3800000
0.061340332031250 3800036
0.070190429687500 3799963
0.066650390625000 3800000
0.060607910156250 3800000
0.071289062500000 3800000
0.062744140625000 3789657
0.067687988281250 3792649
0.067504882812500 3799963
0.074035644531250 3800072
0.072570800781250 3794784
0.060668945312500 3796419
0.068054199218750 3799927
0.059814453125000 3797122
0.000000000000000 3783334
0.072204589843750 3791535
0.071777343750000 3800000
0.196533203125000 3790302
0.071655273437500 3799513
0.073303222656250 3793493
0.067932128906250 3789298
0.069946289062500 3796185
0.066345214843750 3783297
0.071899414062500 3797321
0.073425292968750 3798520
0.059631347656250 3798033
0.061950683593750 3800000
0.068115234375000 3790020
0.070617675781250 3792224
0.067260742187500 3789080
0.071105957031250 3783333
0.061401367187500 3786854
0.000000000000000 3794807
0.070190429687500 3800036
0.069396972656250 3790029
0.071472167968750 3783334
0.063842773437500 3791277
0.068603515625000 3786875
0.060668945312500 3783294
0.068603515625000 3783371
0.074035644531250 3797452
0.071228027343750 3800036
0.060241699218750 3792892
0.070312500000000 3800000
0.068237304687500 3799963
0.063049316406250 3800072
0.073486328125000 3800000
0.071777343750000 3800000
0.000000000000000 3799963
0.070556640625000 3800036
0.069702148437500 3799927
0.070678710937500 3800072
0.067138671875000 3800000
0.070373535156250 3800036
0.069580078125000 3796095
0.062927246093750 3799891
0.069824218750000 3800108
0.073486328125000 3799963
0.071166992187500 3800036
0.069335937500000 3800000
0.061401367187500 3800000
0.000000000000000 3800000
0.071228027343750 3800000
0.071777343750000 3800000
0.068359375000000 3800000
0.060913085937500 3800000
0.069274902343750 3799963
0.069091796875000 3800036
0.072753906250000 3800000
0.071350097656250 3799927
0.061035156250000 3800072
0.069458007812500 3800000
0.073486328125000 3800000
0.072509765625000 3800000
0.060913085937500 3799927
0.000000000000000 3800072
0.070983886718750 3800000
0.071166992187500 3799963
0.062011718750000 3800036
0.067687988281250 3800000
0.059814453125000 3799963
0.068176269531250 3799963
0.073913574218750 3800072
0.071105957031250 3800000
0.060546875000000 3800000
0.073059082031250 3800000
0.071228027343750 3799927
0.070983886718750 3800072
0.069641113281250 3800000
0.069458007812500 3800000
0.067199707031250 3800000
0.000000000000000 3800000
0.073364257812500 3800000
0.063415527343750 3800000
0.068298339843750 3800000
0.060302734375000 3800000
0.068054199218750 3800000
0.073486328125000 3799963
0.070861816406250 3800036
0.071166992187500 3800000
0.068786621093750 3800000
0.068542480468750 3800000
0.062683105468750 3800000
0.072692871093750 3800000
0.061828613281250 3799963
0.068298339843750 3800036
0.069152832031250 3800000
0.000000000000000 3799927
0.071472167968750 3800072
0.063537597656250 3800000
0.070800781250000 3800000
0.068176269531250 3800000
0.071228027343750 3800000
0.068298339843750 3800000
0.062683105468750 3800000
0.067932128906250 3800000
0.060852050781250 3799927
0.067932128906250 3800072
0.063659667968750 3800000
0.070007324218750 3800036
0.070251464843750 3799963
0.073730468750000 3800000
0.069946289062500 3800000
0.060424804687500 3800000
0.068481445312500 3800000
0.063598632812500 3799891
0.000000000000000 3800108
0.068725585937500 3800000
0.070007324218750 3800036
0.070739746093750 3799963
0.072448730468750 3800000
0.072509765625000 3800000
0.069458007812500 3800000
0.073730468750000 3800000
0.073242187500000 3800000
0.069580078125000 3800000
0.060729980468750 3800000
0.000000000000000 3800000
0.131713867187500 3800000
0.000000000000000 3800000
0.070922851562500 3800000
0.069519042968750 3800000
0.069763183593750 3800000
0.063110351562500 3800000
0.069946289062500 3799963
0.067749023437500 3800072
0.062316894531250 3799963
0.071960449218750 3800000
0.060424804687500 3800000
0.068054199218750 3800000
0.062316894531250 3800000
0.072998046875000 3800000
0.063171386718750 3800000
0.067687988281250 3799927
0.068969726562500 3800072
0.068786621093750 3800000
0.068359375000000 3800000
0.060424804687500 3799963
0.070068359375000 3800036
0.000000000000000 3800000
0.072448730468750 3800000
0.070007324218750 3800000
0.060302734375000 3800000
0.071166992187500 3800000
0.071777343750000 3800000
0.060791015625000 3800000
0.068115234375000 3797321
0.061218261718750 3799123
0.070983886718750 3800000
0.070983886718750 3800000
0.069458007812500 3800000
0.063964843750000 3800000
0.069702148437500 3800000
0.059936523437500 3800000
0.070373535156250 3800000
0.073120117187500 3792615
0.063598632812500 3789858
0.069152832031250 3800000
0.000000000000000 3800000
0.069335937500000 3800000
0.069458007812500 3800000
0.062622070312500 3800000
0.072509765625000 3800000
0.060180664062500 3799927
0.070861816406250 3800072
0.072021484375000 3800000
0.061889648437500 3800000
0.067810058593750 3800000
0.063598632812500 3794222
0.071838378906250 3795258
0.069702148437500 3800000
0.071533203125000 3799927
0.073669433593750 3800072
0.061584472656250 3800036
0.068664550781250 3795903
0.000000000000000 3797018
0.070007324218750 3800036
0.071716308593750 3799963
0.063049316406250 3800036
0.069030761718750 3800000
0.060119628906250 3799963
0.070922851562500 3800000
0.072937011718750 3800000
0.063354492187500 3800036
0.068969726562500 3799963
0.069396972656250 3800000
0.073303222656250 3800036
0.072570800781250 3799963
0.071289062500000 3800000
0.000000000000000 3797423
0.068786621093750 3784818
0.065307617187500 3800072
0.069946289062500 3800036
0.060913085937500 3799963
0.068359375000000 3800000
0.068542480468750 3788753
0.073242187500000 3794289
0.071472167968750 3796043
0.060241699218750 3799927
0.067443847656250 3800072
0.060729980468750 3800000
0.067871093750000 3791773
0.072448730468750 3796759
0.069580078125000 3800000
0.069458007812500 3785816
0.062988281250000 3789428
0.071655273437500 3800036
0.000000000000000 3800000
0.069885253906250 3800000
0.068542480468750 3799963
0.063293457031250 3796634
0.073425292968750 3800036
0.069641113281250 3799963
0.069274902343750 3800000
0.072387695312500 3799963
0.062927246093750 3800036
0.068725585937500 3799927
0.063903808593750 3800072
0.070983886718750 3799963
0.060913085937500 3800036
0.069091796875000 3800000
0.063232421875000 3800000
0.070922851562500 3799963
0.068359375000000 3799927
0.000000000000000 3800108
0.070190429687500 3800000
0.073059082031250 3800036
0.071960449218750 3799963
0.070312500000000 3800036
0.060241699218750 3799963
0.065124511718750 3796503
0.063781738281250 3800000
0.069458007812500 3800000
0.060241699218750 3799902
0.072265625000000 3790804
0.067810058593750 3800000
0.062805175781250 3800000
0.071044921875000 3800000
0.069213867187500 3792767
0.075134277343750 3800000
0.000000000000000 3798790
0.070190429687500 3790556
0.071105957031250 3800000
0.066101074218750 3800000
0.066101074218750 3798613
0.069702148437500 3787220
0.069213867187500 3797845
0.067504882812500 3790084
0.063720703125000 3787791
0.074035644531250 3800000
0.070373535156250 3799927
0.059814453125000 3800072
0.067749023437500 3792975
0.063415527343750 3800000
0.068847656250000 3799963
0.069763183593750 3789111
0.067016601562500 3789874
0.065002441406250 3791943
0.000000000000000 3789291
0.072265625000000 3783297
0.071105957031250 3796907
0.070312500000000 3800000
0.067443847656250 3796468
0.064453125000000 3783262
0.071228027343750 3799309
0.069885253906250 3796581
0.068237304687500 3800000
0.063049316406250 3797372
0.074829101562500 3790164
0.069335937500000 3783365
0.069152832031250 3783333
0.000000000000000 3789556
0.071228027343750 3791150
0.063781738281250 3786923
0.068115234375000 3783371
0.069396972656250 3792154
0.071960449218750 3800000
0.070007324218750 3800000
0.061706542968750 3789059
0.068603515625000 3798540
0.069091796875000 3800000
0.068908691406250 3789522
0.063537597656250 3800036
0.066467285156250 3800036
0.059814453125000 3799963
0.070678710937500 3796458
0.072326660156250 3793035
0.062072753906250 3796579
0.073486328125000 3800000
0.062377929687500 3800000
0.000000000000000 3800000
0.068847656250000 3800000
0.070678710937500 3800000
0.067565917968750 3799963
0.073486328125000 3800036
0.073730468750000 3799585
0.069580078125000 3793436
0.061035156250000 3790744
0.067871093750000 3792455
0.068786621093750 3800000
0.070495605468750 3799963
0.072143554687500 3798369
0.000000000000000 3794899
0.070434570312500 3800000
0.072753906250000 3800000
0.072082519531250 3799074
0.066711425781250 3788256
0.062683105468750 3790607
0.071166992187500 3792898
0.069458007812500 3784400
0.070495605468750 3798296
0.063537597656250 3800000
0.063720703125000 3790899
0.066955566406250 3784659
0.069824218750000 3800000
0.072021484375000 3793551
0.062194824218750 3795877
0.068603515625000 3800000
0.068359375000000 3800036
0.000000000000000 3799891
0.071533203125000 3800072
0.072937011718750 3800000
0.062438964843750 3800000
0.067077636718750 3800000
0.059814453125000 3800000
0.072937011718750 3800000
0.070617675781250 3796376
0.067199707031250 3800000
0.063293457031250 3795046
0.074157714843750 3793822
0.068603515625000 3793816
0.060668945312500 3800000
0.067932128906250 3800000
0.070007324218750 3800000
0.073486328125000 3800000
0.063171386718750 3799927
0.067871093750000 3800072
0.060119628906250 3800000
0.000000000000000 3800000
0.069580078125000 3800000
0.070983886718750 3800000
0.070922851562500 3799963
0.067810058593750 3800036
0.068603515625000 3799927
0.070800781250000 3800072
0.072265625000000 3800000
0.068786621093750 3800000
0.073425292968750 3800000
0.062194824218750 3800000
0.067626953125000 3796530
0.060241699218750 3799963
0.067565917968750 3800036
0.000000000000000 3800000
0.069580078125000 3800036
0.071166992187500 3799963
0.073120117187500 3787923
0.061218261718750 3787703
0.068176269531250 3789536
0.059814453125000 3785739
0.061950683593750 3800036
0.062805175781250 3792315
0.068481445312500 3793724
0.069274902343750 3800072
0.066528320312500 3800000
0.064575195312500 3799927
0.061767578125000 3800072
0.070922851562500 3800000
0.074645996093750 3796575
0.069396972656250 3799963
0.066833496093750 3789618
0.068176269531250 3800000
0.063354492187500 3799927
0.067749023437500 3800072
0.067932128906250 3800000
0.000000000000000 3800000
0.070800781250000 3799927
0.065795898437500 3800072
0.064147949218750 3800000
0.069335937500000 3794453
0.069641113281250 3791326
0.070983886718750 3800000
0.060607910156250 3800000
0.060852050781250 3791065
0.071350097656250 3798578
0.062072753906250 3798017
0.066650390625000 3793362
0.074096679687500 3783334
0.073547363281250 3795230
0.063354492187500 3799926
0.067871093750000 3786652
0.072143554687500 3800036
0.000000000000000 3800000
0.071228027343750 3788271
0.068603515625000 3788424
0.070251464843750 3789441
0.069641113281250 3794152
0.072082519531250 3800000
0.070922851562500 3800000
0.060607910156250 3800000
0.069152832031250 3800000
0.068115234375000 3799927
0.070495605468750 3800108
0.071289062500000 3800000
0.062927246093750 3793144
0.068481445312500 3799963
0.000000000000000 3793127
0.068725585937500 3800000
0.066711425781250 3800000
0.073669433593750 3800000
0.073425292968750 3800036
0.068847656250000 3799963
0.059997558593750 3799963
0.072631835937500 3800036
0.073364257812500 3800000
0.060180664062500 3800000
0.070495605468750 3799963
0.067260742187500 3800036
0.074096679687500 3800000
0.000000000000000 3800000
0.074951171875000 3800036
0.068969726562500 3799927
0.068847656250000 3800036
0.070373535156250 3800000
0.063415527343750 3800000
0.067687988281250 3800000
0.069396972656250 3800036
0.070373535156250 3799963
0.070983886718750 3800000
0.062927246093750 3800000
0.067138671875000 3800000
0.073486328125000 3800000
0.071166992187500 3799963
0.000000000000000 3800036
0.129699707031250 3800000
0.000000000000000 3799963
0.070190429687500 3800036
0.072509765625000 3800000
0.064392089843750 3800000
0.063110351562500 3800000
0.067932128906250 3799927
0.060302734375000 3800072
0.069763183593750 3799963
0.072021484375000 3800036
0.062194824218750 3797800
0.060485839843750 3799046
0.063293457031250 3794196
0.066345214843750 3800000
0.072143554687500 3800000
0.063842773437500 3800000
0.070007324218750 3800000
0.067993164062500 3800000
0.068420410156250 3783709
0.068969726562500 3788106
0.062927246093750 3795818
0.072570800781250 3797344
0.000000000000000 3800036
0.066894531250000 3800000
0.068847656250000 3799963
0.064147949218750 3794580
0.062866210937500 3791485
0.068908691406250 3800000
0.069641113281250 3800000
0.073791503906250 3800000
0.073364257812500 3800000
0.068237304687500 3800000
0.067565917968750 3800000
0.070068359375000 3800036
0.073425292968750 3799963
0.062500000000000 3796703
0.068908691406250 3783298
0.000000000000000 3798929
0.071044921875000 3800000
0.069091796875000 3793086
0.063232421875000 3800000
0.061218261718750 3795147
0.067260742187500 3794514
0.060363769531250 3800000
0.068481445312500 3800000
0.062438964843750 3800000
0.070922851562500 3800000
0.060363769531250 3796571
0.072021484375000 3799927
0.072570800781250 3800072
0.059997558593750 3800000
0.068542480468750 3800000
0.073547363281250 3791424
0.070495605468750 3794311
0.069458007812500 3800072
0.070922851562500 3790627
0.000000000000000 3791524
0.073425292968750 3861268
0.074096679687500 3999961
0.082092285156250 4000038
0.080200195312500 3999961
0.077270507812500 4000038
0.079467773437500 4000000
0.080444335937500 3999961
0.077880859375000 3999961
0.069580078125000 4000076
0.076965332031250 4000000
0.079895019531250 4000000
0.078857421875000 4000000
0.079223632812500 3999961
0.000000000000000 4000038
0.077026367187500 3999961
0.079162597656250 4000000
0.082519531250000 3999961
0.079345703125000 4000076
0.080810546875000 4000000
0.077941894531250 4000000
0.078552246093750 4000000
0.080627441406250 3999960
0.080627441406250 4000038
0.000000000000000 4000000
0.079833984375000 4000000
0.077453613281250 4000000
0.080932617187500 3999961
0.077026367187500 4000038
0.078918457031250 4000000
0.077697753906250 4000000
0.079833984375000 3999961
0.080505371093750 4000038
0.077453613281250 4000000
0.077758789062500 4000000
0.079284667968750 3999961
0.000000000000000 4000000
0.082824707031250 4000038
0.077758789062500 3999923
0.080871582031250 4000076
0.077941894531250 4000000
0.076660156250000 4000000
0.080444335937500 4000000
0.078491210937500 4000000
0.081054687500000 4000000
0.076843261718750 4000000
0.081604003906250 3999961
0.077758789062500 4000038
0.075927734375000 4000000
0.000000000000000 4000000
0.080383300781250 4000000
0.077026367187500 4000000
0.077941894531250 3999961
0.078430175781250 3999961
0.079467773437500 4000076
0.078430175781250 4000000
0.078063964843750 3999961
0.079345703125000 4000038
0.076904296875000 4000000
0.078735351562500 4000000
0.077575683593750 4000000
0.080383300781250 3999961
0.000000000000000 4000038
0.078125000000000 4000000
0.078186035156250 4000000
0.078308105468750 4000000
0.077636718750000 3999961
0.078796386718750 4000038
0.076721191406250 3999961
0.080810546875000 4000038
0.079406738281250 4000000
0.077575683593750 3999923
0.078552246093750 4000076
0.076354980468750 3999961
0.079162597656250 4000038
0.076660156250000 3999961
0.000000000000000 4000038
0.079833984375000 4000000
0.080749511718750 4000000
0.075866699218750 3999961
0.078125000000000 4000000
0.079040527343750 4000000
0.079345703125000 3999961
0.076477050781250 4000076
0.078430175781250 4000000
0.080810546875000 4000000
0.078430175781250 4000000
0.079040527343750 3999961
0.077148437500000 4000000
0.000000000000000 4000038
0.078491210937500 3999961
0.076049804687500 4000038
0.079772949218750 3999885
0.077026367187500 4000114
0.077941894531250 3999961
0.069274902343750 4000000
0.078247070312500 4000038
0.077575683593750 4000000
0.076477050781250 4000000
0.078613281250000 4000000
0.078063964843750 4000000
0.077209472656250 3999923
0.079772949218750 4000038
0.079406738281250 4000000
0.000000000000000 4000038
0.081359863281250 4000000
0.078796386718750 4000000
0.079772949218750 3999923
0.076110839843750 4000076
0.077331542968750 4000000
0.080383300781250 4000000
0.076782226562500 4000000
0.077270507812500 4000000
