0.072143554687500 3700035
0.071472167968750 3700000
0.063232421875000 3700000
0.069702148437500 3692430
0.063354492187500 3696869
0.072631835937500 3697230
0.071289062500000 3694448
0.073364257812500 3699922
0.070007324218750 3699964
0.072814941406250 3699929
0.070068359375000 3700070
0.071716308593750 3694493
0.072570800781250 3699133
0.071594238281250 3688390
0.072631835937500 3700035
0.000000000000000 3692467
0.069580078125000 3699964
0.072998046875000 3700000
0.070922851562500 3700000
0.071472167968750 3699929
0.070373535156250 3700105
0.072204589843750 3699964
0.075561523437500 3700000
0.070251464843750 3700000
0.073791503906250 3700000
0.071105957031250 3700000
0.071960449218750 3697605
0.000000000000000 3700035
0.070739746093750 3691730
0.070617675781250 3697203
0.073242187500000 3698313
0.071411132812500 3700035
0.063476562500000 3700000
0.071044921875000 3699964
0.070983886718750 3700000
0.069213867187500 3700000
0.062927246093750 3700000
0.069824218750000 3698302
0.070922851562500 3700000
0.071411132812500 3699964
0.071960449218750 3700070
0.063110351562500 3700000
0.072631835937500 3699964
0.071228027343750 3696871
0.070983886718750 3700000
0.000000000000000 3688735
0.071594238281250 3700035
0.073181152343750 3689969
0.073547363281250 3700000
0.074157714843750 3699964
0.070495605468750 3698045
0.073974609375000 3699964
0.069213867187500 3700035
0.071105957031250 3695994
0.071411132812500 3694420
0.071655273437500 3697167
0.072387695312500 3700000
0.000000000000000 3700000
0.072326660156250 3700000
0.071594238281250 3699964
0.069335937500000 3700035
0.064636230468750 3699929
0.069213867187500 3700070
0.071289062500000 3700000
0.072570800781250 3699964
0.069885253906250 3700000
0.072692871093750 3700000
0.071716308593750 3696799
0.070617675781250 3698268
0.070434570312500 3696717
0.071960449218750 3699929
0.073364257812500 3700035
0.000000000000000 3698776
0.069213867187500 3700000
0.072265625000000 3700000
0.070251464843750 3700000
0.074340820312500 3700000
0.068786621093750 3700035
0.074218750000000 3699964
0.071044921875000 3700000
0.071777343750000 3697615
0.071777343750000 3697473
0.072387695312500 3689450
0.074279785156250 3696009
0.000000000000000 3699964
0.071411132812500 3700035
0.072021484375000 3696393
0.073913574218750 3699964
0.070861816406250 3700000
0.070312500000000 3700035
0.072021484375000 3699964
0.072998046875000 3699929
0.069885253906250 3700105
0.072265625000000 3694642
0.072387695312500 3688817
0.071105957031250 3700000
0.069885253906250 3700070
0.000000000000000 3699964
0.132568359375000 3687951
0.000000000000000 3689792
0.071533203125000 3700035
0.073547363281250 3699929
0.069335937500000 3700070
0.071655273437500 3695756
0.071777343750000 3700035
0.072692871093750 3700000
0.070861816406250 3700000
0.071350097656250 3691736
0.071716308593750 3700000
0.073486328125000 3699964
0.072204589843750 3692602
0.000000000000000 3699891
0.071044921875000 3696921
0.071960449218750 3699751
0.073242187500000 3698402
0.072143554687500 3699964
0.072265625000000 3700035
0.070739746093750 3700000
0.074157714843750 3699964
0.071777343750000 3698722
0.070983886718750 3700000
0.072021484375000 3699894
0.070007324218750 3700105
0.000000000000000 3700000
0.072570800781250 3699732
0.072387695312500 3700000
0.071655273437500 3699964
0.062927246093750 3700035
0.070739746093750 3698756
0.072814941406250 3699964
0.070312500000000 3700000
0.071838378906250 3691067
0.072509765625000 3699964
0.070983886718750 3700035
0.076171875000000 3699964
0.071655273437500 3700035
0.071105957031250 3699964
0.000000000000000 3700035
0.071472167968750 3698025
0.071716308593750 3700035
0.071105957031250 3700000
0.074096679687500 3700000
0.071960449218750 3699964
0.071289062500000 3700035
0.073547363281250 3699964
0.070617675781250 3700035
0.072448730468750 3698185
0.067993164062500 3699964
0.073547363281250 3700070
0.000000000000000 3700000
0.072937011718750 3699964
0.070434570312500 3700000
0.070129394531250 3698653
0.069763183593750 3695846
0.074340820312500 3699964
0.070129394531250 3695987
0.072875976562500 3700000
0.071411132812500 3700000
0.072448730468750 3699929
0.070983886718750 3700035
0.069763183593750 3700035
0.072021484375000 3700000
0.069335937500000 3697813
0.000000000000000 3694901
0.072021484375000 3699964
0.072082519531250 3692462
0.071838378906250 3700035
0.071838378906250 3700000
0.070739746093750 3700000
0.070373535156250 3699964
0.072570800781250 3700035
0.071777343750000 3696381
0.073730468750000 3699964
0.072692871093750 3700000
0.072570800781250 3698676
0.000000000000000 3700000
0.069763183593750 3700000
0.073852539062500 3700000
0.071716308593750 3699964
0.072998046875000 3700035
0.072265625000000 3700000
0.070739746093750 3700000
0.069458007812500 3700000
0.073791503906250 3699964
0.071655273437500 3700000
0.070617675781250 3700035
0.073852539062500 3700000
0.000000000000000 3700000
0.073303222656250 3699964
0.070983886718750 3700000
0.071838378906250 3690013
0.072937011718750 3699929
0.072509765625000 3700070
0.070678710937500 3700000
0.072265625000000 3700000
0.072021484375000 3690424
0.068847656250000 3690173
0.072875976562500 3700000
0.071594238281250 3700000
0.000000000000000 3700000
0.071655273437500 3693144
0.069885253906250 3691179
0.071716308593750 3700035
0.071533203125000 3699964
0.070556640625000 3700035
0.072509765625000 3700000
0.068847656250000 3699964
0.074768066406250 3700000
0.071105957031250 3700000
0.071777343750000 3700035
0.073791503906250 3699435
0.069519042968750 3692962
0.000000000000000 3695712
0.071777343750000 3700000
0.070373535156250 3700035
0.072387695312500 3699964
0.072387695312500 3700000
0.073425292968750 3700035
0.071533203125000 3699964
0.069519042968750 3700035
0.071533203125000 3699438
0.070007324218750 3694277
0.072753906250000 3700000
0.071533203125000 3699964
0.073303222656250 3700000
0.000000000000000 3698020
0.071716308593750 3699963
0.070068359375000 3700000
0.071350097656250 3700035
0.069396972656250 3700000
0.071411132812500 3697716
0.070373535156250 3700000
0.072448730468750 3700035
0.073181152343750 3700000
0.070678710937500 3700000
0.071777343750000 3695309
0.071899414062500 3690786
0.070373535156250 3699964
0.070434570312500 3700070
0.000000000000000 3699964
0.073059082031250 3700035
0.073364257812500 3699964
0.073974609375000 3700000
0.071411132812500 3700035
0.070861816406250 3699964
0.070129394531250 3700000
0.072448730468750 3700035
0.072692871093750 3700000
0.070861816406250 3700000
0.068847656250000 3699964
0.072265625000000 3700035
0.000000000000000 3699964
0.071166992187500 3700000
0.070922851562500 3690404
0.070129394531250 3700035
0.070800781250000 3699929
0.072814941406250 3700035
0.072021484375000 3700000
0.070800781250000 3700035
0.069946289062500 3699964
0.072143554687500 3700035
0.071044921875000 3699964
0.071716308593750 3700000
0.071166992187500 3700035
0.071289062500000 3699964
0.000000000000000 3700035
0.073303222656250 3699964
0.070251464843750 3697586
0.071777343750000 3700035
0.068359375000000 3688908
0.072265625000000 3700000
0.074584960937500 3698705
0.069335937500000 3683369
0.072875976562500 3695737
0.071289062500000 3690339
0.062988281250000 3700035
0.069091796875000 3699894
0.071044921875000 3695489
0.066589355468750 3589847
0.059204101562500 3600000
0.069274902343750 3596758
0.000000000000000 3594640
0.067687988281250 3594498
0.068481445312500 3594409
0.065246582031250 3600000
0.070556640625000 3590834
0.067504882812500 3594536
0.067504882812500 3593957
0.068359375000000 3592964
0.064697265625000 3593774
0.067932128906250 3600102
0.068115234375000 3600000
0.000000000000000 3600000
0.069519042968750 3589837
0.066894531250000 3594556
0.069580078125000 3593406
0.067443847656250 3588910
0.066223144531250 3590301
0.067077636718750 3583775
0.066345214843750 3583296
0.068664550781250 3598070
0.064331054687500 3591009
0.059020996093750 3597925
0.066345214843750 3600000
0.067810058593750 3599931
0.059143066406250 3600068
0.065917968750000 3588929
0.067199707031250 3600034
0.065063476562500 3599931
0.000000000000000 3600034
0.067687988281250 3593527
0.066711425781250 3599965
0.066040039062500 3597769
0.067565917968750 3591159
0.066955566406250 3588854
0.067382812500000 3592405
0.065490722656250 3596549
0.067443847656250 3600000
0.067504882812500 3586929
0.059326171875000 3583331
0.066650390625000 3596298
0.067260742187500 3600034
0.067199707031250 3587194
0.000000000000000 3590519
0.125854492187500 3600034
0.000000000000000 3590780
0.067077636718750 3588923
0.068969726562500 3593089
0.065734863281250 3595787
0.068542480468750 3599965
0.066894531250000 3587935
0.065063476562500 3589388
0.068237304687500 3599855
0.065917968750000 3583334
0.066711425781250 3594556
0.066467285156250 3589072
0.069641113281250 3600000
0.000000000000000 3594587
0.068603515625000 3583335
0.067810058593750 3594555
0.065551757812500 3583337
0.065673828125000 3588547
0.067687988281250 3600034
0.067993164062500 3599965
0.066528320312500 3599965
0.068237304687500 3595176
0.065856933593750 3583332
0.066650390625000 3599360
0.069213867187500 3589915
0.066894531250000 3587809
0.000000000000000 3600000
0.065979003906250 3599965
0.068298339843750 3590272
0.068481445312500 3598617
0.067382812500000 3590404
0.069824218750000 3587255
0.066528320312500 3600000
0.067016601562500 3588914
0.066833496093750 3599965
0.070678710937500 3600034
0.069580078125000 3599931
0.000000000000000 3596770
0.066223144531250 3592209
0.060546875000000 3588601
0.065124511718750 3600000
0.067810058593750 3597265
0.065856933593750 3587033
0.068420410156250 3594551
0.059082031250000 3591542
0.069641113281250 3586329
0.065612792968750 3583334
0.066528320312500 3596913
0.068786621093750 3600000
0.066406250000000 3597796
0.066650390625000 3583369
0.068176269531250 3596549
0.066467285156250 3592439
0.060180664062500 3585296
0.065368652343750 3594777
0.000000000000000 3596268
0.067443847656250 3600068
0.067626953125000 3598502
0.068298339843750 3590460
0.065551757812500 3600000
0.066528320312500 3593100
0.067932128906250 3583336
0.065429687500000 3583332
0.060058593750000 3595724
0.065368652343750 3593358
0.068664550781250 3584386
0.065063476562500 3600034
0.066650390625000 3599024
0.066589355468750 3583300
0.000000000000000 3594719
0.067993164062500 3583333
0.068908691406250 3594988
0.065734863281250 3600034
0.068725585937500 3600000
0.066101074218750 3600000
0.067138671875000 3588803
0.064392089843750 3600068
0.066711425781250 3600000
0.067993164062500 3600000
0.065673828125000 3589064
0.068603515625000 3588656
0.067077636718750 3600034
0.000000000000000 3599965
0.068664550781250 3600034
0.065734863281250 3583877
0.067810058593750 3593899
0.067810058593750 3584118
0.065856933593750 3593700
0.069580078125000 3595356
0.064758300781250 3583261
0.068115234375000 3587984
0.064331054687500 3599965
0.067749023437500 3595721
0.067016601562500 3585481
0.067199707031250 3598709
0.000000000000000 3596158
0.067443847656250 3598395
0.065551757812500 3590595
0.059509277343750 3594578
0.066345214843750 3583334
0.069152832031250 3598189
0.065734863281250 3600034
0.068603515625000 3585324
0.068664550781250 3583335
0.065429687500000 3597927
0.066528320312500 3591115
0.065856933593750 3597793
0.068298339843750 3600000
0.066284179687500 3585797
0.066589355468750 3583368
0.000000000000000 3586284
0.067138671875000 3591642
0.066101074218750 3594573
0.068298339843750 3583299
0.065246582031250 3597028
0.067565917968750 3592057
0.066650390625000 3583332
0.059326171875000 3583331
0.067810058593750 3594534
0.066772460937500 3583269
0.066894531250000 3594680
0.067443847656250 3591008
0.065673828125000 3598038
0.067199707031250 3590743
0.000000000000000 3598287
0.067077636718750 3583370
0.069458007812500 3596083
0.067565917968750 3597082
0.066772460937500 3588851
0.067077636718750 3593172
0.067443847656250 3583297
0.066955566406250 3590201
0.066589355468750 3587718
0.068481445312500 3583297
0.065490722656250 3595562
0.067199707031250 3593527
0.000000000000000 3595352
0.068420410156250 3600034
0.069030761718750 3599236
0.067199707031250 3583469
0.068542480468750 3594496
0.059143066406250 3589442
0.065002441406250 3599641
0.066894531250000 3583336
0.065917968750000 3594559
0.068786621093750 3583401
0.066406250000000 3583331
0.067504882812500 3588749
0.068969726562500 3600000
0.064147949218750 3583556
0.000000000000000 3594216
0.067993164062500 3599965
0.065795898437500 3589404
0.066284179687500 3599448
0.065124511718750 3600000
0.068359375000000 3595370
0.070556640625000 3593539
0.065856933593750 3595517
0.067871093750000 3583334
0.066345214843750 3594495
0.068481445312500 3583332
0.065124511718750 3598646
0.066833496093750 3600000
0.000000000000000 3600000
0.068786621093750 3600034
0.065551757812500 3589179
0.067749023437500 3592673
0.067504882812500 3596393
0.067199707031250 3592502
0.065307617187500 3596628
0.059387207031250 3583331
0.066162109375000 3583786
0.066589355468750 3583331
0.065979003906250 3597638
0.066223144531250 3591370
0.067749023437500 3597521
0.065795898437500 3600034
0.000000000000000 3586013
0.067932128906250 3591665
0.065490722656250 3588881
0.067932128906250 3591879
0.067504882812500 3594529
0.067932128906250 3591410
0.068176269531250 3597597
0.066955566406250 3591314
0.068786621093750 3600000
0.065490722656250 3592294
0.069335937500000 3594520
0.066467285156250 3583363
0.065368652343750 3596245
0.000000000000000 3600000
0.068298339843750 3588910
0.066833496093750 3593118
0.068176269531250 3594589
0.065063476562500 3589930
0.068603515625000 3600000
0.067504882812500 3593651
0.065490722656250 3584073
0.067382812500000 3585486
0.067810058593750 3594550
0.067382812500000 3583333
0.066101074218750 3594538
0.000000000000000 3583331
0.067565917968750 3590995
0.065612792968750 3599965
0.067016601562500 3588767
0.066345214843750 3583365
0.066467285156250 3583334
0.058776855468750 3594374
0.066406250000000 3583437
0.067993164062500 3583334
0.067932128906250 3594177
0.064941406250000 3594926
0.059814453125000 3593948
0.065185546875000 3588882
0.068481445312500 3589628
0.064880371093750 3588165
0.067321777343750 3584337
0.000000000000000 3588026
0.069213867187500 3600000
0.069702148437500 3588913
0.067138671875000 3589989
0.065856933593750 3590149
0.066833496093750 3587781
0.066589355468750 3598816
0.067749023437500 3600000
0.064819335937500 3588892
0.067932128906250 3590426
0.067932128906250 3583230
0.067443847656250 3583367
0.000000000000000 3587226
0.066833496093750 3592205
0.065063476562500 3594536
0.067932128906250 3583330
0.067199707031250 3594598
0.067077636718750 3592481
0.066589355468750 3596565
0.066650390625000 3592404
0.069213867187500 3596659
0.066467285156250 3583333
0.066955566406250 3583297
0.066650390625000 3587316
0.067749023437500 3597677
0.000000000000000 3600034
0.068725585937500 3597074
0.065490722656250 3591771
0.066711425781250 3586052
0.065856933593750 3583365
0.066955566406250 3583298
0.067565917968750 3591540
0.066467285156250 3586355
0.067626953125000 3583334
0.066040039062500 3594558
0.068298339843750 3591151
0.067138671875000 3597902
0.066650390625000 3591031
0.064941406250000 3588913
0.000000000000000 3600000
0.068969726562500 3600000
0.066650390625000 3592777
0.067199707031250 3594591
0.066711425781250 3583301
0.066223144531250 3583334
0.067077636718750 3583334
0.066223144531250 3584634
0.066528320312500 3600000
0.067199707031250 3598928
0.065795898437500 3589960
0.067321777343750 3587891
0.065917968750000 3583368
0.000000000000000 3594504
0.068359375000000 3583363
0.059814453125000 3583302
0.069885253906250 3589546
0.068908691406250 3599965
0.067260742187500 3600034
0.068298339843750 3588886
0.068298339843750 3600000
0.068725585937500 3599965
0.067138671875000 3594212
0.065368652343750 3583545
0.068176269531250 3600034
0.000000000000000 3599952
0.066162109375000 3583360
0.067077636718750 3594496
0.066223144531250 3600034
0.066406250000000 3589219
0.059692382812500 3583334
0.069580078125000 3594031
0.065002441406250 3595013
0.068481445312500 3583299
0.065307617187500 3588289
0.065551757812500 3589630
0.065368652343750 3594556
0.064575195312500 3593597
0.067443847656250 3588763
0.067504882812500 3590051
0.000000000000000 3583369
0.067077636718750 3593202
0.066711425781250 3588933
0.065734863281250 3600000
0.065429687500000 3584828
0.067199707031250 3583334
0.067138671875000 3598194
0.065917968750000 3600000
0.068725585937500 3585323
0.069396972656250 3592433
0.067993164062500 3600000
0.068481445312500 3600000
0.064880371093750 3600000
0.058959960937500 3599931
0.000000000000000 3597021
0.067810058593750 3583331
0.067260742187500 3583334
0.067993164062500 3591829
0.065063476562500 3586026
0.067443847656250 3591326
0.065551757812500 3599931
0.066955566406250 3592288
0.065429687500000 3585369
0.066406250000000 3600034
0.066833496093750 3586993
0.069091796875000 3583332
0.065856933593750 3594521
0.064941406250000 3590610
0.059082031250000 3588798
0.067504882812500 3600000
0.000000000000000 3588843
0.066284179687500 3600068
0.065002441406250 3587759
0.067199707031250 3583333
0.069641113281250 3584370
0.065856933593750 3593516
0.066223144531250 3583303
0.067260742187500 3583363
0.068481445312500 3595149
0.064819335937500 3588062
0.068603515625000 3594533
0.068664550781250 3589365
0.065185546875000 3598794
0.000000000000000 3600000
0.067871093750000 3600000
0.066650390625000 3594484
0.065734863281250 3594422
0.065124511718750 3594620
0.068298339843750 3583330
0.067749023437500 3583336
0.065429687500000 3594171
0.066772460937500 3586114
0.066223144531250 3594032
0.068054199218750 3595036
0.066406250000000 3583365
0.066528320312500 3594557
0.066589355468750 3583334
0.000000000000000 3599073
0.068481445312500 3600000
0.066406250000000 3584406
0.065002441406250 3583332
0.066162109375000 3598857
0.063720703125000 3590268
0.068054199218750 3583333
0.065612792968750 3583334
0.067199707031250 3598549
0.067565917968750 3600000
0.067138671875000 3584883
0.067993164062500 3583437
0.065795898437500 3583330
0.000000000000000 3583336
0.067810058593750 3583331
0.066223144531250 3592480
0.059326171875000 3588945
0.069152832031250 3600000
0.065368652343750 3599965
0.066101074218750 3600034
0.066467285156250 3600000
0.067504882812500 3591505
0.064758300781250 3594542
0.067199707031250 3583334
0.065673828125000 3597127
0.067749023437500 3591793
0.067504882812500 3597068
0.065551757812500 3591856
0.000000000000000 3596988
0.067687988281250 3592096
0.068359375000000 3594465
0.066650390625000 3591219
0.066528320312500 3600034
0.066467285156250 3599965
0.066162109375000 3586948
0.066955566406250 3590856
0.067993164062500 3587070
0.065185546875000 3583365
0.068908691406250 3584989
0.058959960937500 3592842
0.068115234375000 3594519
0.066467285156250 3583337
0.000000000000000 3594583
0.067016601562500 3600000
0.067993164062500 3600000
0.068298339843750 3600000
0.066345214843750 3588758
0.066162109375000 3600000
0.068786621093750 3588036
0.067443847656250 3589723
0.065490722656250 3588933
0.068786621093750 3600034
0.065856933593750 3588983
0.065917968750000 3593981
0.000000000000000 3594927
0.068664550781250 3596537
0.069335937500000 3588552
0.067199707031250 3589090
0.067016601562500 3588911
0.067871093750000 3599965
0.067810058593750 3588946
0.069152832031250 3583334
0.066101074218750 3583332
0.067443847656250 3599761
0.067199707031250 3589263
0.065490722656250 3599647
0.000000000000000 3589401
0.066528320312500 3583334
0.065429687500000 3593888
0.067993164062500 3595105
0.064880371093750 3583364
0.068298339843750 3588068
0.067077636718750 3589823
0.066345214843750 3599179
0.068359375000000 3600000
0.065490722656250 3600000
0.067626953125000 3600000
0.066040039062500 3595711
0.068847656250000 3593191
0.000000000000000 3600000
0.067932128906250 3593599
0.067504882812500 3594567
0.067932128906250 3592895
0.065246582031250 3588906
0.067871093750000 3600000
0.064880371093750 3588910
0.068542480468750 3590873
0.069458007812500 3594586
0.066833496093750 3583299
0.066528320312500 3594575
0.067138671875000 3591943
0.000000000000000 3600000
0.068603515625000 3600000
0.064086914062500 3599965
0.068176269531250 3600034
0.068420410156250 3600000
0.066101074218750 3592657
0.065979003906250 3600000
0.059020996093750 3591978
0.068237304687500 3586445
0.065246582031250 3583334
0.067138671875000 3585566
0.068115234375000 3599965
0.066650390625000 3588697
0.065856933593750 3592646
0.066040039062500 3583367
0.000000000000000 3583332
0.065307617187500 3596042
0.067382812500000 3600034
0.065246582031250 3588877
0.068603515625000 3599337
0.067626953125000 3587712
0.059082031250000 3583334
0.066833496093750 3594592
0.066650390625000 3583299
0.066833496093750 3594609
0.067810058593750 3589549
0.067199707031250 3588289
0.065979003906250 3583794
0.067810058593750 3589485
0.000000000000000 3593946
0.066345214843750 3583330
0.067077636718750 3588809
0.067199707031250 3589065
0.066894531250000 3586387
0.066528320312500 3589341
0.065979003906250 3599522
0.068542480468750 3600000
0.065856933593750 3588912
0.067077636718750 3589659
0.065246582031250 3594553
0.068054199218750 3593632
0.067565917968750 3595416
0.000000000000000 3593199
0.066955566406250 3717256
0.070678710937500 3726199
0.071899414062500 3688939
0.063476562500000 3700000
0.071899414062500 3699964
0.063232421875000 3690648
0.069335937500000 3687078
0.071899414062500 3700035
0.071105957031250 3688908
0.071411132812500 3700000
0.070861816406250 3696505
0.071289062500000 3692406
0.073364257812500 3700000
0.070373535156250 3691284
0.070983886718750 3683331
0.069946289062500 3691930
0.000000000000000 3697122
0.072570800781250 3691874
0.074829101562500 3686035
0.069213867187500 3691551
0.073913574218750 3686340
0.072082519531250 3691410
0.072753906250000 3688923
0.070251464843750 3692088
0.073608398437500 3694696
0.063476562500000 3691071
0.075988769531250 3700000
0.063720703125000 3692443
0.068908691406250 3685297
0.063354492187500 3692724
0.075195312500000 3694587
0.063354492187500 3683301
0.000000000000000 3684830
0.074279785156250 3692984
0.073425292968750 3695962
0.072021484375000 3699964
0.065917968750000 3687663
0.073730468750000 3683336
0.074584960937500 3695640
0.070190429687500 3693419
0.072265625000000 3694524
0.066894531250000 3689892
0.079711914062500 3700035
0.071838378906250 3699964
0.000000000000000 3688912
0.072631835937500 3700035
0.064270019531250 3699754
0.127502441406250 3683336
0.000000000000000 3694496
0.073486328125000 3683373
0.075073242187500 3694560
0.074462890625000 3700000
0.075744628906250 3688972
0.071289062500000 3694502
0.066589355468750 3683367
0.071838378906250 3688577
0.063720703125000 3689270
0.069213867187500 3688511
0.071655273437500 3700000
0.072570800781250 3683969
0.070434570312500 3693800
0.000000000000000 3699964
0.073913574218750 3699964
0.070129394531250 3684356
0.071228027343750 3683299
0.070434570312500 3694729
0.071777343750000 3693145
0.073547363281250 3695899
0.070434570312500 3683366
0.072570800781250 3694522
0.072570800781250 3692907
0.072570800781250 3684977
0.070251464843750 3683330
0.072448730468750 3698263
0.000000000000000 3700000
0.072143554687500 3700035
0.071655273437500 3699964
0.069885253906250 3696587
0.070556640625000 3683296
0.072631835937500 3697861
0.081970214843750 3700000
0.070129394531250 3688904
0.064086914062500 3700000
0.071166992187500 3699894
0.072631835937500 3700105
0.072937011718750 3697075
0.000000000000000 3683260
0.073669433593750 3697368
0.072021484375000 3700000
0.071899414062500 3700000
0.074951171875000 3700000
0.071655273437500 3700035
0.075927734375000 3692184
0.071777343750000 3696750
0.071533203125000 3699964
0.073364257812500 3700035
0.000000000000000 3699964
0.074340820312500 3698344
0.070373535156250 3690630
0.069580078125000 3699929
0.063476562500000 3692971
0.070434570312500 3684796
0.071533203125000 3699964
0.063964843750000 3698801
0.073852539062500 3683336
0.063598632812500 3694634
0.063415527343750 3690050
0.062805175781250 3699894
0.065246582031250 3700105
0.064514160156250 3699288
0.065368652343750 3683333
0.067382812500000 3683877
0.063659667968750 3700000
0.073303222656250 3700035
0.072387695312500 3699964
0.072326660156250 3700000
0.069824218750000 3699929
0.072875976562500 3700070
0.070251464843750 3694460
0.072875976562500 3694482
0.070312500000000 3688872
0.000000000000000 3689226
0.071777343750000 3694499
0.071777343750000 3694032
0.068725585937500 3683865
0.064208984375000 3683331
0.070251464843750 3699447
0.070434570312500 3700000
0.072082519531250 3684164
0.072387695312500 3693648
0.063842773437500 3700000
0.072143554687500 3699964
0.071533203125000 3700000
0.071533203125000 3700000
0.071899414062500 3695707
0.070556640625000 3693177
0.073364257812500 3700070
0.000000000000000 3699964
0.072875976562500 3688911
0.071777343750000 3690603
0.070983886718750 3694596
0.070068359375000 3692465
0.070556640625000 3685413
0.072143554687500 3683296
0.063110351562500 3686771
0.075561523437500 3693071
0.070129394531250 3685665
0.070922851562500 3683332
0.071594238281250 3683298
0.072753906250000 3691661
0.070007324218750 3686361
0.000000000000000 3683332
0.073059082031250 3685781
0.071044921875000 3699929
0.073364257812500 3697820
0.071350097656250 3691128
0.072265625000000 3691756
0.072875976562500 3683231
0.073059082031250 3696492
0.072692871093750 3692626
0.070373535156250 3694679
0.073791503906250 3690515
0.070617675781250 3698513
0.000000000000000 3690433
0.070922851562500 3687455
0.070739746093750 3683335
0.071594238281250 3684626
0.072509765625000 3700000
0.063659667968750 3688946
0.070739746093750 3700000
0.073425292968750 3688894
0.071105957031250 3699964
0.071289062500000 3688909
0.072570800781250 3700000
0.072631835937500 3688913
0.070434570312500 3700035
0.062988281250000 3688873
0.071289062500000 3694100
0.071350097656250 3683711
0.000000000000000 3700000
0.073303222656250 3688633
0.070068359375000 3688977
0.073669433593750 3688956
0.075561523437500 3694497
0.069702148437500 3683372
0.072753906250000 3699814
0.069885253906250 3700035
0.074279785156250 3700000
0.071655273437500 3700000
0.073059082031250 3700000
0.000000000000000 3700000
0.074340820312500 3699964
0.071166992187500 3689660
0.064208984375000 3699246
0.069335937500000 3689809
0.071411132812500 3683332
0.068176269531250 3683300
0.073059082031250 3694556
0.072692871093750 3693068
0.073852539062500 3700035
0.073364257812500 3699964
0.070129394531250 3688913
0.073303222656250 3690763
0.068542480468750 3694556
0.000000000000000 3692533
0.072204589843750 3696485
0.071960449218750 3683367
0.070922851562500 3686387
0.072082519531250 3699964
0.071044921875000 3686051
0.063598632812500 3683334
0.070983886718750 3697269
0.063903808593750 3699964
0.070495605468750 3700000
0.071166992187500 3700000
0.073669433593750 3697789
0.070922851562500 3700000
0.071655273437500 3686880
0.069885253906250 3683296
0.073059082031250 3685256
0.000000000000000 3700000
0.071228027343750 3698288
0.074645996093750 3683295
0.071899414062500 3684963
0.071411132812500 3692951
0.072143554687500 3695947
0.069885253906250 3700035
0.064025878906250 3688738
0.071594238281250 3699964
0.063110351562500 3700000
0.068603515625000 3693628
0.073181152343750 3695350
0.072753906250000 3693721
0.073425292968750 3683228
0.070007324218750 3689153
0.071655273437500 3688812
0.000000000000000 3683262
0.073364257812500 3683366
0.070678710937500 3699909
0.072021484375000 3689144
0.069091796875000 3683366
0.075256347656250 3693689
0.072998046875000 3688889
0.070495605468750 3700035
0.072814941406250 3695447
0.070617675781250 3683298
0.063537597656250 3698898
0.069824218750000 3700000
0.072814941406250 3700000
0.000000000000000 3700000
0.073181152343750 3688875
0.070617675781250 3700035
0.064758300781250 3696411
0.070983886718750 3683366
0.072631835937500 3686845
0.072021484375000 3700000
0.064392089843750 3688873
0.069824218750000 3700000
0.071838378906250 3688965
0.070800781250000 3700000
0.074218750000000 3688858
0.064514160156250 3700000
0.071838378906250 3697164
0.072265625000000 3691769
0.070251464843750 3697490
0.072692871093750 3691478
0.000000000000000 3699929
0.071838378906250 3700070
0.069458007812500 3697677
0.073669433593750 3691164
0.071777343750000 3700035
0.074340820312500 3692475
0.070312500000000 3685265
0.073852539062500 3692688
0.072387695312500 3700035
0.070922851562500 3700000
0.071777343750000 3688888
0.069702148437500 3700000
0.000000000000000 3698680
0.072570800781250 3689482
0.071960449218750 3697044
0.072814941406250 3694061
0.070068359375000 3694851
0.072387695312500 3699964
0.071289062500000 3688912
0.072021484375000 3699929
0.072082519531250 3689057
0.069335937500000 3694499
0.072692871093750 3694295
0.073547363281250 3700035
0.000000000000000 3689434
0.070617675781250 3694503
0.073120117187500 3693840
0.071899414062500 3695210
0.074523925781250 3693737
0.072937011718750 3700035
0.071594238281250 3699964
0.071411132812500 3695513
0.069091796875000 3683334
0.071960449218750 3694510
0.073791503906250 3683437
0.072143554687500 3683263
0.000000000000000 3693207
0.070739746093750 3688929
0.073059082031250 3690506
0.063232421875000 3687230
0.070129394531250 3700000
0.073364257812500 3700035
0.070251464843750 3699964
0.063354492187500 3700035
0.070861816406250 3699929
0.074279785156250 3700035
0.073547363281250 3691017
0.070617675781250 3683367
0.072204589843750 3683372
0.069458007812500 3697444
0.073059082031250 3691598
0.070434570312500 3694490
0.000000000000000 3683366
0.072387695312500 3683332
0.072021484375000 3683335
0.069702148437500 3694537
0.071411132812500 3691350
0.069824218750000 3686575
0.063293457031250 3691228
0.071228027343750 3697810
0.072692871093750 3683333
0.071899414062500 3696614
0.075073242187500 3692438
0.071777343750000 3685269
0.070129394531250 3694051
0.063293457031250 3696345
0.071594238281250 3694661
0.064147949218750 3696235
0.070495605468750 3700035
0.000000000000000 3688908
0.070800781250000 3693076
0.070312500000000 3695751
0.074096679687500 3697552
0.072387695312500 3689701
0.070068359375000 3683331
0.072570800781250 3695548
0.070678710937500 3693512
0.074523925781250 3695396
0.070800781250000 3700035
0.074890136718750 3700000
0.072143554687500 3693803
0.000000000000000 3695138
0.069946289062500 3693921
0.072265625000000 3695022
0.071350097656250 3694029
0.071289062500000 3694632
0.070251464843750 3689155
0.072631835937500 3700035
0.072875976562500 3694419
0.069763183593750 3694428
0.071838378906250 3688912
0.070434570312500 3699964
0.063537597656250 3700035
0.071533203125000 3698729
0.073974609375000 3688489
0.000000000000000 3699929
0.072692871093750 3683926
0.072814941406250 3683332
0.072204589843750 3699437
0.071228027343750 3690996
0.071228027343750 3694731
0.070312500000000 3689771
0.063293457031250 3683332
0.069702148437500 3693382
0.071472167968750 3695647
0.072448730468750 3683366
0.071777343750000 3695045
0.071472167968750 3683402
0.069763183593750 3687226
0.070373535156250 3699894
0.000000000000000 3688975
0.134338378906250 3700000
0.000000000000000 3696403
0.072937011718750 3692560
0.071960449218750 3699964
0.073181152343750 3691248
0.071594238281250 3686565
0.062988281250000 3700000
0.071655273437500 3699964
0.071594238281250 3700000
0.070800781250000 3700035
0.064270019531250 3700000
0.070861816406250 3700000
0.070007324218750 3699964
0.069213867187500 3699964
0.072509765625000 3700035
0.063171386718750 3700000
0.072326660156250 3700035
0.072265625000000 3688909
0.000000000000000 3692461
0.072998046875000 3696445
0.073364257812500 3700000
0.072692871093750 3700000
0.070251464843750 3700000
0.070861816406250 3698435
0.071838378906250 3690377
0.063659667968750 3700000
0.071533203125000 3700035
0.073425292968750 3699929
0.071350097656250 3700035
0.071289062500000 3700035
0.073181152343750 3700000
0.000000000000000 3688041
0.072082519531250 3689647
0.072692871093750 3689004
0.070983886718750 3693955
0.075195312500000 3694536
0.071777343750000 3689448
0.071411132812500 3699696
0.073303222656250 3689272
0.070556640625000 3688658
0.073608398437500 3689067
0.069885253906250 3700000
0.072570800781250 3683584
0.000000000000000 3694276
0.071899414062500 3700105
0.073547363281250 3689141
0.071777343750000 3694583
0.070373535156250 3694081
0.073547363281250 3700035
0.069885253906250 3689488
0.074096679687500 3688136
0.071228027343750 3689799
0.071838378906250 3694444
0.072387695312500 3693583
0.070983886718750 3684316
0.000000000000000 3693433
0.070983886718750 3684469
0.071166992187500 3683300
0.072814941406250 3694566
0.072998046875000 3683334
0.062988281250000 3698558
0.072082519531250 3700000
0.068542480468750 3688814
0.062988281250000 3690796
0.073425292968750 3686963
0.073303222656250 3690838
0.072509765625000 3683331
0.069641113281250 3683298
0.073669433593750 3686666
0.072387695312500 3692512
0.000000000000000 3683367
0.071594238281250 3691916
0.070678710937500 3688927
0.071228027343750 3700000
0.075622558593750 3700000
0.071533203125000 3700035
0.072570800781250 3699964
0.071533203125000 3700000
0.070678710937500 3688966
0.063110351562500 3692093
0.071716308593750 3685629
0.071411132812500 3700035
0.071655273437500 3686868
0.063232421875000 3693123
0.070312500000000 3699964
0.070373535156250 3700035
0.000000000000000 3700000
0.071716308593750 3693049
0.071899414062500 3683299
0.071166992187500 3683330
0.072509765625000 3684458
0.071716308593750 3699964
0.070251464843750 3700000
0.074829101562500 3700000
0.072082519531250 3688101
0.071166992187500 3689636
0.070617675781250 3699454
0.072143554687500 3683366
0.000000000000000 3683265
0.073181152343750 3683404
0.070617675781250 3694759
0.073059082031250 3700035
0.070495605468750 3688957
0.072814941406250 3694491
0.069213867187500 3683228
0.071105957031250 3683436
0.072692871093750 3683333
0.071655273437500 3699738
0.063232421875000 3700000
0.072875976562500 3688762
0.073120117187500 3689716
0.069702148437500 3699194
0.000000000000000 3699964
0.070983886718750 3684314
0.070495605468750 3683334
0.071472167968750 3687811
0.062866210937500 3690094
0.070007324218750 3698525
0.072570800781250 3690501
0.069152832031250 3687273
0.073547363281250 3700000
0.069702148437500 3700000
0.071899414062500 3690733
0.072387695312500 3683330
0.070251464843750 3692463
0.072143554687500 3688896
0.071105957031250 3700035
0.000000000000000 3699964
0.074340820312500 3700000
0.070373535156250 3700035
0.070861816406250 3691323
0.072387695312500 3688505
0.071289062500000 3700000
0.072814941406250 3693121
0.072998046875000 3699964
0.063049316406250 3700035
0.070373535156250 3699964
0.072021484375000 3616099
0.066467285156250 3591510
0.068847656250000 3588913
0.000000000000000 3592127
0.066955566406250 3594492
0.065551757812500 3591155
0.068664550781250 3588710
0.065856933593750 3600000
0.069274902343750 3588840
0.063781738281250 3592844
0.059692382812500 3596060
0.066711425781250 3599965
0.066467285156250 3588914
0.067504882812500 3600068
0.067871093750000 3600000
0.068359375000000 3599965
0.066345214843750 3588940
0.066040039062500 3600000
0.000000000000000 3587946
0.066528320312500 3583335
0.067321777343750 3584190
0.068359375000000 3600000
0.066406250000000 3599372
0.066711425781250 3589433
0.065429687500000 3600034
0.059326171875000 3599965
0.066894531250000 3599921
0.066406250000000 3589047
0.068786621093750 3588913
0.067443847656250 3599959
0.066223144531250 3600000
0.064697265625000 3583627
0.068786621093750 3583297
0.000000000000000 3588403
0.064514160156250 3597013
0.069335937500000 3595188
0.067199707031250 3593723
0.064941406250000 3600000
0.066467285156250 3589912
0.069091796875000 3598942
0.067016601562500 3590075
0.067077636718750 3598868
0.069274902343750 3600000
0.066467285156250 3588884
0.069030761718750 3590548
0.000000000000000 3587166
0.066833496093750 3600102
0.066406250000000 3588909
0.066711425781250 3590833
0.067382812500000 3598101
0.067626953125000 3600000
0.067565917968750 3588874
0.064392089843750 3591107
0.067016601562500 3597835
0.067077636718750 3599965
0.067138671875000 3597076
0.064147949218750 3583298
0.059936523437500 3597415
0.067443847656250 3591627
0.068054199218750 3594598
0.000000000000000 3583299
0.067138671875000 3583333
0.065551757812500 3591670
0.066101074218750 3596292
0.069458007812500 3592733
0.059631347656250 3588024
0.067504882812500 3593024
0.068664550781250 3594557
0.067993164062500 3583264
0.067077636718750 3584796
0.067626953125000 3600000
0.067749023437500 3588907
0.067199707031250 3593445
0.067016601562500 3595484
0.000000000000000 3600000
0.067687988281250 3600000
0.067993164062500 3600000
0.066101074218750 3600000
0.068481445312500 3593946
0.065673828125000 3594597
0.066467285156250 3583369
0.064270019531250 3583666
0.067993164062500 3600034
0.067504882812500 3600000
0.067016601562500 3594245
0.066833496093750 3594560
0.066528320312500 3589049
0.000000000000000 3588897
0.067687988281250 3599955
0.064880371093750 3588986
0.068298339843750 3583332
0.066711425781250 3594283
0.066833496093750 3594747
0.068542480468750 3583330
0.064270019531250 3594558
0.067504882812500 3593927
0.065246582031250 3600034
0.068481445312500 3599965
0.067077636718750 3588839
0.066162109375000 3600000
0.000000000000000 3584376
0.067871093750000 3583333
0.065124511718750 3598766
0.068725585937500 3600000
0.066345214843750 3584748
0.067138671875000 3593020
0.068420410156250 3596325
0.066467285156250 3592547
0.065490722656250 3588976
0.065246582031250 3600000
0.068481445312500 3596680
0.066223144531250 3592301
0.067871093750000 3596777
0.000000000000000 3592154
0.068054199218750 3588805
0.066467285156250 3591520
0.066650390625000 3586252
0.067321777343750 3591716
0.068115234375000 3585927
0.065612792968750 3591962
0.067871093750000 3585593
0.066406250000000 3600000
0.066528320312500 3586936
0.067993164062500 3584160
0.065429687500000 3594552
0.067199707031250 3590704
0.066589355468750 3588969
0.000000000000000 3592872
0.067932128906250 3583334
0.068054199218750 3583301
0.064270019531250 3595781
0.066711425781250 3593450
0.067382812500000 3595565
0.067260742187500 3600000
0.064147949218750 3600000
0.066833496093750 3593613
0.066528320312500 3595453
0.068176269531250 3594052
0.066833496093750 3583330
0.065246582031250 3589247
0.066406250000000 3588837
0.000000000000000 3585653
0.066467285156250 3583296
0.066345214843750 3583366
0.068359375000000 3590131
0.066650390625000 3583302
0.069763183593750 3594029
0.065612792968750 3583895
0.068054199218750 3583334
0.065734863281250 3583334
0.065673828125000 3583300
0.069458007812500 3583367
0.068115234375000 3584253
0.000000000000000 3587878
0.067016601562500 3589992
0.065063476562500 3583334
0.068298339843750 3593110
0.066894531250000 3588956
0.068359375000000 3590388
0.065612792968750 3583296
0.059020996093750 3592903
0.068359375000000 3598641
0.066223144531250 3600000
0.067199707031250 3595650
0.067321777343750 3590826
0.068725585937500 3586949
0.064331054687500 3590940
0.000000000000000 3590749
0.066162109375000 3591013
0.068359375000000 3583400
0.065246582031250 3583301
0.068725585937500 3584995
0.064331054687500 3406040
0.067626953125000 3594565
0.067504882812500 3583333
0.060241699218750 3597319
0.067321777343750 3596406
0.059020996093750 3586277
0.067932128906250 3583299
0.067504882812500 3597047
0.068176269531250 3600000
0.066650390625000 3590468
0.066284179687500 3592176
0.000000000000000 3594599
0.065063476562500 3591036
0.066894531250000 3598049
0.067993164062500 3583334
0.066833496093750 3584950
0.069152832031250 3600000
0.065917968750000 3600034
0.070068359375000 3593335
0.064880371093750 3594595
0.068786621093750 3583296
0.067016601562500 3593357
0.068420410156250 3589705
0.000000000000000 3588145
0.065856933593750 3583368
0.336242675781250 3589224
0.067199707031250 3600000
0.000000000000000 3595771
0.067382812500000 3583295
0.065795898437500 3594532
0.067443847656250 3583333
0.065185546875000 3594563
0.066589355468750 3592925
0.067871093750000 3600000
0.067749023437500 3599965
0.066101074218750 3589509
0.066894531250000 3583365
0.066467285156250 3583334
0.066650390625000 3592554
0.059204101562500 3596488
0.067504882812500 3583334
0.067932128906250 3596879
0.000000000000000 3592275
0.068847656250000 3588941
0.065429687500000 3591347
0.067810058593750 3586376
0.065734863281250 3597685
0.059020996093750 3583332
0.066833496093750 3583262
0.069091796875000 3583403
0.067260742187500 3583332
0.064880371093750 3583334
0.067504882812500 3591398
0.059143066406250 3597660
0.067016601562500 3591249
0.066162109375000 3586641
0.067749023437500 3591131
0.000000000000000 3586777
0.070251464843750 3583330
0.067810058593750 3598503
0.067199707031250 3592589
0.065551757812500 3594594
0.067443847656250 3583330
0.067138671875000 3596211
0.065917968750000 3600034
0.066528320312500 3588834
0.068908691406250 3594268
0.067138671875000 3600034
0.067871093750000 3600000
0.000000000000000 3600000
0.068298339843750 3593451
0.065002441406250 3594635
0.067504882812500 3589787
0.065734863281250 3588909
0.070068359375000 3593807
0.066467285156250 3595199
0.065917968750000 3599298
0.068664550781250 3599626
0.065429687500000 3589354
0.058654785156250 3600034
0.065673828125000 3599965
0.069335937500000 3599852
0.066589355468750 3588965
0.067016601562500 3600000
0.000000000000000 3583524
0.067626953125000 3583367
0.066040039062500 3599771
0.068237304687500 3600000
0.066040039062500 3583797
0.067810058593750 3583296
0.067077636718750 3594595
0.065551757812500 3583332
0.069580078125000 3599409
0.065124511718750 3599931
0.066467285156250 3600034
0.066345214843750 3589840
0.068420410156250 3583369
0.000000000000000 3593377
0.067687988281250 3595621
0.065795898437500 3583368
0.068542480468750 3583300
0.065795898437500 3593188
0.059814453125000 3584735
0.067687988281250 3587525
0.067077636718750 3596090
0.067443847656250 3583331
0.066772460937500 3587147
0.067199707031250 3597630
0.066162109375000 3585214
0.067565917968750 3592540
0.066223144531250 3585331
0.000000000000000 3592404
0.066650390625000 3599965
0.069030761718750 3591147
0.065490722656250 3586575
0.066345214843750 3591263
0.066589355468750 3597623
0.069396972656250 3591531
0.065490722656250 3586219
0.066955566406250 3591650
0.065246582031250 3586108
0.059387207031250 3599965
0.067016601562500 3599931
0.066711425781250 3600068
0.066894531250000 3586394
0.066650390625000 3591313
0.059020996093750 3600000
0.000000000000000 3600000
0.065795898437500 3588911
0.066589355468750 3592391
0.065063476562500 3596556
0.069946289062500 3600000
0.067382812500000 3600000
0.066101074218750 3592832
0.065612792968750 3596111
0.064880371093750 3592959
0.069274902343750 3584736
0.065734863281250 3593155
0.068847656250000 3594553
0.066528320312500 3590022
0.000000000000000 3600000
0.067687988281250 3600000
0.067626953125000 3588015
0.064941406250000 3583332
0.059265136718750 3584069
0.064575195312500 3600000
0.069152832031250 3600000
0.068054199218750 3593927
0.065246582031250 3595002
0.068176269531250 3593968
0.065124511718750 3583434
0.066650390625000 3589218
0.065917968750000 3600000
0.067565917968750 3594393
0.068725585937500 3594490
0.000000000000000 3594542
0.066833496093750 3583330
0.066711425781250 3588728
0.064331054687500 3589172
0.068176269531250 3594537
0.066162109375000 3583332
0.066955566406250 3583368
0.064880371093750 3583297
0.068908691406250 3594557
0.065246582031250 3583334
0.065856933593750 3583366
0.059020996093750 3593433
0.065429687500000 3599965
0.066589355468750 3600034
0.066894531250000 3596297
0.058837890625000 3599931
0.066223144531250 3584700
0.000000000000000 3583334
0.067871093750000 3587375
0.067565917968750 3590512
0.067749023437500 3594459
0.066955566406250 3583400
0.063781738281250 3594574
0.068359375000000 3592588
0.068115234375000 3588916
0.068786621093750 3590923
0.067565917968750 3583337
0.065856933593750 3592260
0.067016601562500 3596843
0.000000000000000 3591909
0.067199707031250 3588907
0.065856933593750 3600000
0.067016601562500 3597191
0.068298339843750 3583336
0.067932128906250 3586093
0.067504882812500 3600000
0.068969726562500 3600000
0.065368652343750 3600000
0.068237304687500 3588911
0.064941406250000 3600000
0.067993164062500 3586513
0.065551757812500 3583334
0.000000000000000 3594520
0.065246582031250 3591105
0.067565917968750 3597953
0.066833496093750 3583333
0.067199707031250 3585169
0.066406250000000 3592724
0.068542480468750 3596253
0.067504882812500 3593903
0.065734863281250 3598443
0.068298339843750 3583300
0.066711425781250 3592463
0.066955566406250 3593079
0.065856933593750 3595833
0.000000000000000 3593243
0.067199707031250 3594542
0.068237304687500 3583331
0.066955566406250 3595573
0.071533203125000 3600034
0.066589355468750 3599161
0.066711425781250 3583297
0.064941406250000 3595188
0.067565917968750 3600034
0.060180664062500 3588922
0.065551757812500 3599931
0.068603515625000 3588559
0.064453125000000 3583334
0.059631347656250 3583333
0.066650390625000 3589121
0.000000000000000 3600000
0.066162109375000 3594446
0.065490722656250 3583335
0.068786621093750 3588807
0.067260742187500 3589115
0.066833496093750 3594602
0.066955566406250 3594132
0.064941406250000 3583806
0.068847656250000 3593935
0.067504882812500 3588899
0.067626953125000 3600034
0.065917968750000 3595338
0.068908691406250 3593562
0.000000000000000 3584376
0.067687988281250 3583334
0.063842773437500 3583332
0.069519042968750 3583300
0.065368652343750 3583365
0.066711425781250 3588510
0.067626953125000 3588911
0.066894531250000 3590413
0.065612792968750 3594531
0.065368652343750 3592876
0.059814453125000 3600000
0.065795898437500 3600000
0.067382812500000 3596330
0.067260742187500 3592574
0.000000000000000 3599067
0.067443847656250 3591082
0.068115234375000 3594582
0.065368652343750 3583332
0.066711425781250 3583367
0.065246582031250 3591859
0.068176269531250 3588877
0.066772460937500 3600034
0.066467285156250 3597307
0.067626953125000 3583330
0.065246582031250 3585961
0.069213867187500 3600034
0.065063476562500 3599115
0.065429687500000 3583333
0.000000000000000 3588653
0.122985839843750 3600000
0.000000000000000 3586668
0.068542480468750 3585576
0.064636230468750 3585324
0.067443847656250 3600000
0.065979003906250 3600000
0.058776855468750 3592720
0.065979003906250 3585649
0.064819335937500 3592877
0.064270019531250 3594558
0.067382812500000 3583335
0.069213867187500 3583333
0.064697265625000 3583264
0.066162109375000 3592957
0.065917968750000 3593348
0.069702148437500 3595547
0.000000000000000 3593517
0.066528320312500 3596713
0.068115234375000 3583336
0.059082031250000 3594565
0.070068359375000 3586480
0.063476562500000 3583332
0.065917968750000 3583337
0.067504882812500 3583881
0.068542480468750 3594016
0.060729980468750 3594607
0.067138671875000 3588853
0.069030761718750 3594414
0.063293457031250 3583560
0.062927246093750 3594303
0.068176269531250 3588876
0.059753417968750 3589298
0.064147949218750 3588498
0.065734863281250 3594799
0.062561035156250 3600034
0.059631347656250 3589470
0.063171386718750 3588035
0.000000000000000 3589867
0.071594238281250 3594630
0.061706542968750 3583334
0.065307617187500 3591199
0.065856933593750 3593121
0.070556640625000 3588911
0.066406250000000 3600000
0.063354492187500 3588876
0.064086914062500 3600000
0.065551757812500 3596258
0.068664550781250 3592654
0.069458007812500 3600000
0.067504882812500 3590955
0.067321777343750 3586856
0.000000000000000 3599897
0.067810058593750 3585625
0.065979003906250 3588782
0.069030761718750 3585639
0.068359375000000 3591656
0.065246582031250 3586374
0.068115234375000 3589319
0.066772460937500 3596975
0.068420410156250 3600034
0.066345214843750 3586568
0.069580078125000 3591204
0.066040039062500 3586707
0.000000000000000 3591060
0.065673828125000 3588935
0.067016601562500 3600000
0.065246582031250 3598113
0.068054199218750 3590764
0.064514160156250 3587129
0.059509277343750 3583337
0.067749023437500 3585034
0.064941406250000 3592855
0.067626953125000 3594487
0.066101074218750 3590409
0.068359375000000 3588943
0.066833496093750 3599965
0.066772460937500 3587659
0.066955566406250 3590106
0.000000000000000 3587704
0.068786621093750 3583433
0.067138671875000 3594555
0.064147949218750 3583330
0.067993164062500 3583334
0.066833496093750 3583334
0.068481445312500 3594556
0.067687988281250 3583334
0.066406250000000 3583648
0.065490722656250 3599498
0.067321777343750 3583511
0.067199707031250 3599931
0.068786621093750 3714805
0.000000000000000 3800000
0.076477050781250 3729858
0.073730468750000 3688735
0.071960449218750 3689193
0.072753906250000 3683334
0.071533203125000 3693964
0.064025878906250 3688942
0.063110351562500 3691820
0.071105957031250 3699964
0.070251464843750 3689700
0.073730468750000 3694560
0.074462890625000 3693520
0.067687988281250 3700035
0.066772460937500 3699964
0.067199707031250 3695685
0.072570800781250 3683367
0.062988281250000 3687540
0.063049316406250 3700035
0.072021484375000 3688784
0.063293457031250 3700000
0.000000000000000 3688888
0.071960449218750 3699964
0.073547363281250 3700035
0.073913574218750 3700000
0.069824218750000 3688901
0.072509765625000 3700035
0.068603515625000 3700000
0.073059082031250 3691239
0.070007324218750 3697671
0.072387695312500 3699964
0.074096679687500 3700035
0.070251464843750 3699964
0.000000000000000 3700035
0.072021484375000 3691920
0.070129394531250 3685854
0.072387695312500 3692036
0.069702148437500 3683402
0.072387695312500 3683330
0.062927246093750 3694575
0.069702148437500 3690990
0.063110351562500 3686880
0.073486328125000 3683333
0.071533203125000 3696388
0.071594238281250 3692636
0.070800781250000 3694560
0.070983886718750 3690595
0.073547363281250 3688996
0.069641113281250 3700000
0.070007324218750 3698605
0.000000000000000 3690268
0.073425292968750 3688975
0.070983886718750 3699964
0.071899414062500 3700000
0.071655273437500 3700000
0.074340820312500 3687920
0.069580078125000 3689914
0.071655273437500 3700000
0.071166992187500 3693672
0.071105957031250 3695226
0.073486328125000 3699964
0.072021484375000 3700070
0.000000000000000 3693995
0.071777343750000 3694914
0.071594238281250 3694127
0.070190429687500 3694748
0.063049316406250 3694309
0.071533203125000 3694596
0.073425292968750 3700000
0.070617675781250 3700000
0.071716308593750 3683550
0.073669433593750 3683366
0.070434570312500 3688546
0.070007324218750 3700000
0.072143554687500 3688895
0.062927246093750 3689539
0.072204589843750 3699407
0.073364257812500 3700000
0.000000000000000 3699964
0.070983886718750 3700035
0.071899414062500 3684293
0.072265625000000 3683405
0.072143554687500 3683364
0.071655273437500 3693242
0.069763183593750 3688910
0.071594238281250 3700000
0.071289062500000 3699964
0.072692871093750 3700035
0.073181152343750 3699964
0.070373535156250 3690734
0.071716308593750 3698174
0.000000000000000 3690886
0.072692871093750 3686826
0.073974609375000 3691092
0.070617675781250 3697885
0.072021484375000 3700035
0.072570800781250 3700000
0.069641113281250 3699964
0.069824218750000 3700000
0.070190429687500 3700035
0.074096679687500 3686317
0.074218750000000 3691459
0.072387695312500 3697682
0.000000000000000 3683337
0.073059082031250 3696755
0.069641113281250 3692288
0.072204589843750 3694555
0.072814941406250 3683296
0.071655273437500 3685389
0.071533203125000 3700000
0.072021484375000 3688933
0.072143554687500 3700000
0.072021484375000 3700000
0.071105957031250 3699964
0.070617675781250 3687339
0.000000000000000 3683403
0.073791503906250 3683947
0.069152832031250 3700035
0.073181152343750 3699964
0.072692871093750 3694045
0.071777343750000 3683661
0.064147949218750 3700070
0.071289062500000 3688650
0.070861816406250 3683333
0.069702148437500 3694646
0.074340820312500 3700000
0.072387695312500 3689022
0.071044921875000 3683334
0.070983886718750 3694130
0.000000000000000 3694943
0.133789062500000 3683332
0.000000000000000 3692793
0.070800781250000 3699894
0.070861816406250 3695303
0.071838378906250 3683366
0.075561523437500 3699160
0.074340820312500 3690050
0.071350097656250 3694536
0.070068359375000 3683333
0.068908691406250 3687606
0.072509765625000 3699929
0.069458007812500 3700070
0.072753906250000 3690520
0.000000000000000 3687203
0.070983886718750 3687472
0.072082519531250 3698351
0.071044921875000 3690729
0.069824218750000 3698073
0.072082519531250 3691010
0.070007324218750 3686535
0.074462890625000 3691407
0.072387695312500 3686374
0.070495605468750 3691490
0.073059082031250 3697403
0.071105957031250 3700035
0.072326660156250 3688626
0.000000000000000 3692118
0.072692871093750 3683337
0.070251464843750 3691162
0.071899414062500 3699964
0.072021484375000 3700035
0.071289062500000 3699929
0.070678710937500 3692579
0.070922851562500 3696397
0.072570800781250 3692698
0.073181152343750 3696147
0.073547363281250 3692949
0.072998046875000 3683334
0.000000000000000 3683296
0.073425292968750 3695843
0.063232421875000 3693223
0.070373535156250 3684549
0.071716308593750 3693381
0.072204589843750 3695517
0.072937011718750 3700035
0.070617675781250 3699099
0.072631835937500 3689776
0.069885253906250 3699253
0.071289062500000 3689582
0.071716308593750 3688261
0.073303222656250 3689458
0.071960449218750 3688384
0.000000000000000 3683334
0.069213867187500 3694512
0.073913574218750 3689152
0.069824218750000 3699964
0.070861816406250 3683480
0.070495605468750 3694317
0.072692871093750 3688871
0.074218750000000 3700035
0.069763183593750 3683712
0.070678710937500 3694030
0.069702148437500 3688946
0.074462890625000 3700000
0.071289062500000 3695098
0.000000000000000 3683369
0.070739746093750 3699108
0.071960449218750 3688076
0.069152832031250 3699011
0.073242187500000 3700000
0.069702148437500 3700000
0.071166992187500 3690314
0.069885253906250 3687233
0.073425292968750 3690860
0.072570800781250 3698038
0.070861816406250 3691038
0.073181152343750 3697906
0.070495605468750 3699964
0.000000000000000 3700035
0.076477050781250 3691442
0.069458007812500 3686312
0.073974609375000 3691522
0.072937011718750 3694618
0.070556640625000 3684196
0.072021484375000 3686059
0.069763183593750 3691774
0.073303222656250 3685514
0.069396972656250 3692396
0.077880859375000 3696572
0.071594238281250 3699964
0.000000000000000 3688910
0.069702148437500 3700000
0.071960449218750 3700000
0.072692871093750 3700035
0.072570800781250 3699964
0.070556640625000 3693038
0.071777343750000 3694557
0.071411132812500 3690260
0.070312500000000 3687590
0.073303222656250 3690187
0.072204589843750 3699929
0.073425292968750 3700035
0.000000000000000 3690805
0.070129394531250 3693617
0.073791503906250 3684170
0.072692871093750 3699929
0.070617675781250 3688948
0.070739746093750 3700000
0.072326660156250 3700000
0.070861816406250 3700000
0.070312500000000 3688587
0.071655273437500 3689141
0.072387695312500 3699877
0.070434570312500 3689009
0.072692871093750 3689118
0.000000000000000 3699813
0.072021484375000 3700000
0.072631835937500 3700035
0.072814941406250 3699894
0.070739746093750 3689075
0.072631835937500 3689486
0.071899414062500 3683296
0.063598632812500 3683331
0.071655273437500 3699330
0.063171386718750 3700000
0.070251464843750 3684391
0.074157714843750 3683369
0.072448730468750 3683334
0.070800781250000 3693206
0.072570800781250 3696848
0.000000000000000 3683297
0.069396972656250 3694596
0.073425292968750 3692902
0.069396972656250 3684952
0.072631835937500 3692656
0.068725585937500 3562530
0.073242187500000 3692446
0.073059082031250 3688911
0.071899414062500 3691043
0.072937011718750 3683333
0.071289062500000 3683368
0.073852539062500 3697640
0.000000000000000 3699964
0.072021484375000 3700000
0.071411132812500 3700035
0.071105957031250 3686579
0.069702148437500 3690930
0.073791503906250 3686925
0.070800781250000 3690827
0.071411132812500 3700035
0.072570800781250 3699964
0.070739746093750 3700000
0.071594238281250 3700035
0.070922851562500 3688873
0.071411132812500 3693041
0.000000000000000 3694590
0.134765625000000 3690207
0.000000000000000 3687810
0.070434570312500 3683367
0.071228027343750 3684237
0.071777343750000 3693653
0.072509765625000 3684193
0.070739746093750 3700000
0.069702148437500 3699341
0.070922851562500 3689471
0.071044921875000 3688334
0.073669433593750 3683332
0.072509765625000 3694747
0.073120117187500 3700000
0.063171386718750 3700000
0.072021484375000 3689101
0.000000000000000 3689042
0.071228027343750 3699882
0.069824218750000 3700000
0.071472167968750 3699964
0.070556640625000 3689317
0.074584960937500 3683332
0.071105957031250 3693935
0.069824218750000 3700000
0.070983886718750 3700035
0.070495605468750 3700000
0.070739746093750 3700000
0.069641113281250 3699964
0.074340820312500 3700000
0.071777343750000 3700035
0.000000000000000 3690109
0.070983886718750 3687628
0.070800781250000 3700000
0.071350097656250 3684773
0.072143554687500 3693005
0.071105957031250 3696121
0.074157714843750 3683333
0.071228027343750 3698261
0.069091796875000 3700070
0.071777343750000 3699964
0.070922851562500 3690921
0.072814941406250 3683333
0.069274902343750 3683331
0.000000000000000 3697877
0.072448730468750 3700000
0.073425292968750 3696884
0.070739746093750 3683331
0.073364257812500 3697535
0.070678710937500 3691565
0.071533203125000 3694640
0.073181152343750 3691480
0.062988281250000 3688648
0.072875976562500 3692252
0.069824218750000 3696655
0.072082519531250 3700035
0.072631835937500 3697970
0.072387695312500 3690847
0.000000000000000 3687040
0.069885253906250 3683334
0.071411132812500 3684841
0.074829101562500 3700035
0.068969726562500 3699964
0.073181152343750 3700000
0.070922851562500 3700035
0.070861816406250 3699964
0.069885253906250 3699134
0.072814941406250 3689797
0.071472167968750 3700035
0.070129394531250 3699964
0.063964843750000 3700000
0.071166992187500 3700035
0.000000000000000 3700000
0.072814941406250 3694204
0.070251464843750 3683565
0.073425292968750 3694332
0.070190429687500 3683506
0.071411132812500 3700000
0.070983886718750 3699964
0.070861816406250 3694631
0.073913574218750 3694315
0.070251464843750 3694850
0.063110351562500 3694057
0.071960449218750 3692577
0.070617675781250 3700035
0.073425292968750 3688683
0.070373535156250 3699964
0.000000000000000 3688949
0.070800781250000 3697282
0.071411132812500 3684817
0.074340820312500 3692941
0.072265625000000 3696088
0.071899414062500 3683334
0.073852539062500 3683331
0.071594238281250 3692639
0.064147949218750 3688854
0.070617675781250 3690938
0.072021484375000 3697960
0.071228027343750 3700035
0.071594238281250 3685553
0.000000000000000 3683332
0.074951171875000 3697518
0.071472167968750 3691538
0.072875976562500 3697337
0.069641113281250 3691689
0.072753906250000 3697163
0.070495605468750 3700035
0.070922851562500 3697600
0.068603515625000 3691329
0.062927246093750 3688842
0.072692871093750 3700070
0.070007324218750 3686864
0.073425292968750 3690786
0.070007324218750 3698424
0.064025878906250 3683261
0.071594238281250 3683406
0.000000000000000 3690364
0.071960449218750 3687506
0.069091796875000 3683296
0.073791503906250 3695782
0.071716308593750 3700035
0.069702148437500 3688896
0.072448730468750 3700035
0.070922851562500 3688896
0.073730468750000 3694064
0.070251464843750 3694579
0.073852539062500 3689388
0.071838378906250 3699964
0.071472167968750 3694223
0.000000000000000 3683502
0.071472167968750 3694403
0.069213867187500 3694541
0.073547363281250 3688987
0.070373535156250 3689001
0.064270019531250 3683330
0.075317382812500 3694229
0.069885253906250 3688875
0.071655273437500 3700000
0.070434570312500 3683816
0.071350097656250 3683366
0.070739746093750 3688114
0.072265625000000 3700000
0.073974609375000 3700000
0.000000000000000 3699964
0.068298339843750 3684440
0.072143554687500 3693164
0.072631835937500 3700000
0.065490722656250 3690372
0.072082519531250 3698473
0.073303222656250 3700000
0.073364257812500 3688932
0.072387695312500 3690673
0.071411132812500 3698318
0.071594238281250 3690727
0.071655273437500 3683333
0.072021484375000 3692560
0.000000000000000 3688914
0.072753906250000 3700000
0.074035644531250 3685674
0.069213867187500 3692077
0.072937011718750 3700000
0.070007324218750 3700000
0.071655273437500 3700000
0.071899414062500 3700000
0.063598632812500 3700000
0.075134277343750 3782110
0.077880859375000 3800036
0.068298339843750 3800000
0.071899414062500 3800000
0.066223144531250 3800000
0.074279785156250 3800000
0.074707031250000 3800000
0.000000000000000 3799963
0.074340820312500 3795980
0.074707031250000 3790176
0.074218750000000 3800000
0.071655273437500 3800000
0.073730468750000 3799963
0.073730468750000 3800036
0.072143554687500 3800000
0.071105957031250 3800000
0.073303222656250 3800000
0.075744628906250 3800000
0.072937011718750 3799963
0.073181152343750 3800036
0.000000000000000 3800000
0.071838378906250 3800000
0.074951171875000 3800036
0.071838378906250 3799963
0.064514160156250 3800000
0.073608398437500 3799927
0.064453125000000 3800072
0.075866699218750 3800000
0.072387695312500 3799963
0.072204589843750 3800036
0.073364257812500 3799927
0.075439453125000 3796574
0.073303222656250 3793799
0.073547363281250 3795259
0.073425292968750 3800000
0.000000000000000 3800000
0.071838378906250 3800000
0.074279785156250 3800036
0.070922851562500 3800000
0.073242187500000 3800000
0.072204589843750 3800000
0.071838378906250 3799963
0.073913574218750 3800000
0.071105957031250 3800036
0.073486328125000 3800000
0.074584960937500 3800000
0.065979003906250 3799012
0.070922851562500 3785627
0.073974609375000 3784669
0.072509765625000 3800000
0.000000000000000 3800000
0.074401855468750 3800000
0.076843261718750 3796555
0.070861816406250 3786140
0.064636230468750 3783295
0.073242187500000 3798998
0.064636230468750 3800000
0.070678710937500 3800000
0.072814941406250 3800000
0.071899414062500 3800000
0.072875976562500 3800000
0.074462890625000 3797377
0.072387695312500 3799179
0.073547363281250 3800000
0.071594238281250 3800000
0.073730468750000 3800000
0.072326660156250 3800000
0.000000000000000 3800000
0.074890136718750 3800000
0.073852539062500 3800000
0.070861816406250 3800000
0.064636230468750 3799963
0.071960449218750 3800036
0.072692871093750 3800000
0.072814941406250 3800000
0.075073242187500 3799963
0.072082519531250 3800036
0.076660156250000 3799963
0.074645996093750 3800036
0.071166992187500 3800036
0.074584960937500 3799963
0.000000000000000 3800000
0.071044921875000 3800000
0.073242187500000 3799963
0.071716308593750 3800036
0.075134277343750 3800000
0.075866699218750 3800000
0.073181152343750 3800036
0.072998046875000 3799963
0.070678710937500 3800000
0.075073242187500 3800000
0.071716308593750 3800000
0.075134277343750 3800000
0.000000000000000 3800000
0.074707031250000 3800000
0.073242187500000 3800000
0.064453125000000 3800000
0.072204589843750 3800000
0.073364257812500 3800000
0.073608398437500 3800000
0.065002441406250 3800000
0.075988769531250 3800000
0.072448730468750 3800000
0.075256347656250 3799927
0.075378417968750 3800036
0.073730468750000 3800036
0.072204589843750 3800036
0.073181152343750 3799963
0.000000000000000 3800000
0.075744628906250 3800000
0.072814941406250 3800000
0.075256347656250 3800000
0.071655273437500 3800000
0.074645996093750 3800000
0.072204589843750 3800000
0.075561523437500 3799963
0.072509765625000 3792755
0.073242187500000 3793436
0.075378417968750 3799676
0.000000000000000 3799963
0.075012207031250 3800000
0.074462890625000 3800000
0.071350097656250 3800000
0.064392089843750 3800036
0.064880371093750 3799963
0.072265625000000 3800000
0.074096679687500 3793144
0.071472167968750 3800000
0.074462890625000 3800000
0.072204589843750 3789609
0.073486328125000 3800000
0.071533203125000 3798291
0.074218750000000 3793185
0.074768066406250 3795966
0.071594238281250 3800036
0.000000000000000 3799963
0.073486328125000 3799963
0.070922851562500 3791305
0.073181152343750 3794533
0.071533203125000 3796563
0.074523925781250 3792312
0.074951171875000 3789609
0.072998046875000 3800000
0.065612792968750 3800000
0.072082519531250 3800000
0.073181152343750 3800036
0.071960449218750 3799963
0.074707031250000 3800000
0.075134277343750 3800000
0.070617675781250 3800000
0.000000000000000 3800000
0.073364257812500 3800000
0.073974609375000 3800000
0.073974609375000 3800000
0.073974609375000 3800000
0.073547363281250 3800000
0.074035644531250 3800000
0.074035644531250 3790563
0.064331054687500 3800000
0.072814941406250 3799963
0.073608398437500 3800036
0.069152832031250 3800000
0.077270507812500 3800036
0.072753906250000 3799963
0.000000000000000 3799963
0.074645996093750 3800000
0.072875976562500 3800036
0.071594238281250 3793120
0.065551757812500 3791105
0.072937011718750 3783971
0.074523925781250 3800000
0.070556640625000 3800000
0.073608398437500 3800000
0.077392578125000 3800036
0.071899414062500 3799891
0.075317382812500 3800072
0.071228027343750 3800000
0.000000000000000 3800000
0.075378417968750 3800000
0.069946289062500 3800000
0.072570800781250 3800000
0.076232910156250 3800000
0.071411132812500 3800000
0.065734863281250 3800000
0.073059082031250 3800000
0.072814941406250 3800000
0.073486328125000 3800000
0.064331054687500 3799963
0.072326660156250 3796857
0.072326660156250 3800036
0.076782226562500 3800000
0.073791503906250 3800000
0.064453125000000 3800036
0.072021484375000 3799963
0.072937011718750 3784591
0.000000000000000 3797050
0.070312500000000 3800000
0.074707031250000 3799963
0.072998046875000 3800036
0.075317382812500 3799963
0.075866699218750 3800036
0.073181152343750 3800036
0.064941406250000 3799927
0.072448730468750 3800036
0.071350097656250 3800000
0.072509765625000 3799079
0.073486328125000 3800000
0.073730468750000 3797359
0.071350097656250 3802641
0.000000000000000 3800036
0.074829101562500 3799963
0.070861816406250 3800000
0.064697265625000 3800000
0.071044921875000 3800000
0.064392089843750 3800000
0.071838378906250 3800000
0.073547363281250 3800000
0.076354980468750 3800000
0.071105957031250 3800000
0.073303222656250 3799927
0.073852539062500 3800072
0.064697265625000 3800036
0.072692871093750 3799963
0.072326660156250 3800000
0.073913574218750 3800000
0.073974609375000 3800000
0.074462890625000 3800000
0.000000000000000 3799963
0.072326660156250 3800036
0.074279785156250 3800000
0.073181152343750 3800036
0.074890136718750 3799963
0.072265625000000 3800000
0.074218750000000 3799963
0.073120117187500 3800036
0.072082519531250 3800000
0.075622558593750 3800000
0.071716308593750 3800000
0.074707031250000 3783727
0.000000000000000 3793939
0.135925292968750 3787032
0.000000000000000 3800036
0.075744628906250 3800000
0.071350097656250 3796566
0.073547363281250 3800036
0.070861816406250 3800000
0.074340820312500 3799891
0.074462890625000 3800072
0.072570800781250 3796580
0.074462890625000 3794670
0.071777343750000 3794968
0.074584960937500 3800000
0.071105957031250 3786652
0.072509765625000 3799161
0.000000000000000 3792093
0.071960449218750 3790629
0.073974609375000 3796644
0.073608398437500 3800000
0.072631835937500 3800000
0.073486328125000 3800000
0.070373535156250 3800036
0.076965332031250 3799963
0.071228027343750 3793129
0.073486328125000 3800000
0.072814941406250 3800000
0.072814941406250 3799963
0.073120117187500 3800036
0.000000000000000 3800000
0.071411132812500 3800000
0.072998046875000 3800000
0.071289062500000 3799963
0.073181152343750 3800000
0.071594238281250 3800036
0.074829101562500 3800000
0.073669433593750 3799963
0.073669433593750 3789628
0.072448730468750 3800000
0.073303222656250 3800000
0.073486328125000 3800000
0.070922851562500 3796630
0.000000000000000 3799927
0.075439453125000 3790566
0.074829101562500 3791384
0.071777343750000 3794818
0.073669433593750 3800000
0.075500488281250 3790436
0.073730468750000 3791777
0.073486328125000 3799963
0.072204589843750 3800036
0.073730468750000 3800000
0.073486328125000 3789182
0.074035644531250 3800000
0.071228027343750 3761842
0.000000000000000 3800072
0.073608398437500 3791999
0.076843261718750 3800036
0.072387695312500 3787797
0.075866699218750 3798194
0.074340820312500 3800072
0.075927734375000 3799963
0.070739746093750 3800036
0.071716308593750 3800000
0.075195312500000 3799963
0.069824218750000 3800036
0.066345214843750 3800000
0.072875976562500 3796457
0.065246582031250 3800072
0.072570800781250 3800000
0.000000000000000 3800000
0.072753906250000 3800000
0.064636230468750 3800000
0.072448730468750 3800036
0.072021484375000 3747216
0.073974609375000 3700000
0.072998046875000 3700000
0.070983886718750 3700000
0.072753906250000 3699929
0.071533203125000 3700035
0.071899414062500 3700035
0.072326660156250 3699964
0.073181152343750 3700035
0.000000000000000 3700000
0.072814941406250 3700000
0.069885253906250 3700000
0.062988281250000 3700000
0.072021484375000 3700000
0.071166992187500 3700000
0.071166992187500 3699964
0.070922851562500 3700000
0.073852539062500 3700035
0.071044921875000 3700000
0.072204589843750 3700000
0.069763183593750 3699964
0.063476562500000 3700035
0.072753906250000 3700000
0.070129394531250 3700000
0.069580078125000 3700000
0.000000000000000 3700000
0.136840820312500 3699964
0.000000000000000 3700000
0.072265625000000 3698841
0.070312500000000 3700000
0.071472167968750 3700000
0.073181152343750 3700000
0.070983886718750 3700000
0.072265625000000 3700035
0.072692871093750 3700000
0.070251464843750 3699964
0.072509765625000 3700000
0.069213867187500 3700000
0.071899414062500 3700000
0.072814941406250 3700000
0.000000000000000 3700000
0.071777343750000 3700035
0.071655273437500 3699964
0.069641113281250 3700035
0.071289062500000 3699964
0.069580078125000 3700035
0.064575195312500 3700000
0.071411132812500 3700000
0.072082519531250 3699859
0.070922851562500 3695307
0.072448730468750 3700035
0.073364257812500 3700000
0.072326660156250 3700000
0.070373535156250 3700000
0.067260742187500 3695560
0.000000000000000 3697562
0.074218750000000 3699964
0.068969726562500 3700035
0.073059082031250 3699964
0.072509765625000 3700035
0.071289062500000 3699929
0.072937011718750 3700070
0.071716308593750 3700000
0.070983886718750 3699929
0.070373535156250 3699964
0.075744628906250 3700105
0.000000000000000 3700000
0.073181152343750 3699964
0.070312500000000 3700000
0.070617675781250 3700035
0.069580078125000 3700000
0.073181152343750 3700000
0.069580078125000 3699964
0.071411132812500 3700035
0.072509765625000 3699964
0.071105957031250 3700000
0.071105957031250 3700035
0.070251464843750 3699964
0.071228027343750 3700000
0.069458007812500 3700000
0.000000000000000 3700000
0.074951171875000 3697095
0.071655273437500 3700000
0.070739746093750 3700000
0.072143554687500 3699964
0.071838378906250 3685455
0.070861816406250 3700211
0.070312500000000 3699964
0.072753906250000 3700035
0.070617675781250 3700000
0.071044921875000 3700000
0.071289062500000 3699964
0.071228027343750 3700000
0.000000000000000 3699964
0.072875976562500 3700070
0.070007324218750 3700000
0.071655273437500 3699964
0.074523925781250 3700035
0.069763183593750 3700000
0.071655273437500 3699964
0.071655273437500 3700035
0.070190429687500 3700000
0.069885253906250 3696547
0.072448730468750 3700000
0.072998046875000 3696588
0.070129394531250 3699929
0.000000000000000 3700105
0.071838378906250 3699964
0.071289062500000 3692709
0.070922851562500 3699964
0.071655273437500 3688926
0.072753906250000 3699964
0.073059082031250 3700035
0.070129394531250 3699964
0.063293457031250 3692414
0.070251464843750 3700035
0.071411132812500 3695984
0.070556640625000 3700035
0.073364257812500 3699964
0.070007324218750 3699964
0.071594238281250 3693447
0.000000000000000 3697063
0.071716308593750 3699232
0.072143554687500 3700000
0.071533203125000 3700035
0.074951171875000 3699120
0.073181152343750 3699428
0.070129394531250 3696717
0.072570800781250 3700035
0.070800781250000 3699929
0.073913574218750 3700070
0.071289062500000 3696539
0.070800781250000 3700000
0.000000000000000 3700000
0.071289062500000 3700000
0.076232910156250 3697366
0.066955566406250 3700000
0.077026367187500 3700000
0.069396972656250 3698434
0.067382812500000 3690426
0.070983886718750 3698561
0.065734863281250 3683335
0.073059082031250 3684771
0.067016601562500 3700000
0.070007324218750 3693064
0.067932128906250 3700000
0.071044921875000 3700000
0.064086914062500 3693386
0.073059082031250 3695417
0.068969726562500 3700105
0.000000000000000 3699321
0.071533203125000 3683334
0.070495605468750 3695119
0.075012207031250 3700000
0.072692871093750 3700000
0.072509765625000 3700035
0.073425292968750 3699661
0.071716308593750 3689182
0.064270019531250 3688697
0.072265625000000 3689151
0.073669433593750 3700000
0.073669433593750 3694300
0.000000000000000 3694542
0.072814941406250 3690188
0.071350097656250 3700035
0.071533203125000 3688898
0.071044921875000 3689288
0.070373535156250 3683367
0.076232910156250 3683297
0.071899414062500 3699554
0.069580078125000 3689474
0.070617675781250 3683298
0.071350097656250 3683365
0.072692871093750 3683334
0.073547363281250 3693521
0.000000000000000 3695601
0.071105957031250 3693310
0.072692871093750 3700035
0.071533203125000 3699964
0.072692871093750 3695908
0.069885253906250 3693014
0.070373535156250 3700000
0.070983886718750 3699964
0.072570800781250 3700035
0.071655273437500 3700000
0.070251464843750 3688964
0.071533203125000 3695889
0.071289062500000 3694535
0.000000000000000 3692366
0.071105957031250 3696646
0.070251464843750 3692286
0.070861816406250 3699964
0.072082519531250 3700035
0.072509765625000 3699964
0.071166992187500 3700000
0.070739746093750 3700000
0.063476562500000 3700000
0.063964843750000 3700000
0.070495605468750 3695935
0.072631835937500 3700035
0.072509765625000 3699964
0.075744628906250 3700035
0.000000000000000 3691429
0.076110839843750 3697912
0.068603515625000 3683364
0.064270019531250 3683333
0.073181152343750 3690828
0.064636230468750 3687066
0.063720703125000 3690665
0.072021484375000 3698406
0.063110351562500 3683331
0.072937011718750 3696019
0.072937011718750 3693010
0.071899414062500 3684707
0.071166992187500 3700035
0.070800781250000 3688908
0.073059082031250 3700000
0.063293457031250 3698920
0.070678710937500 3689990
0.074584960937500 3700000
0.073608398437500 3693519
0.000000000000000 3695229
0.070190429687500 3694001
0.071716308593750 3694537
0.071228027343750 3683333
0.070861816406250 3683827
0.063232421875000 3700000
0.071411132812500 3699929
0.072387695312500 3700035
0.071228027343750 3700035
0.072814941406250 3700000
0.071289062500000 3688902
0.071350097656250 3689095
0.072021484375000 3700070
0.072021484375000 3700000
0.000000000000000 3699964
0.072509765625000 3700000
0.070861816406250 3697857
0.070617675781250 3699305
0.070251464843750 3700035
0.071105957031250 3700035
0.072265625000000 3700000
0.071289062500000 3699964
0.072692871093750 3700035
0.071777343750000 3699964
0.063964843750000 3700000
0.069763183593750 3700035
0.072326660156250 3700000
0.070068359375000 3699964
0.071105957031250 3700035
0.000000000000000 3699964
0.072875976562500 3700000
0.073791503906250 3700000
0.071411132812500 3693088
0.069885253906250 3699964
0.072937011718750 3700000
0.070312500000000 3700000
0.072265625000000 3700035
0.071289062500000 3699964
0.072387695312500 3700035
0.071838378906250 3700000
0.071655273437500 3699964
0.000000000000000 3697449
0.072937011718750 3691441
0.069824218750000 3699964
0.072937011718750 3700070
0.075561523437500 3700000
0.071411132812500 3699964
0.072143554687500 3700000
0.069396972656250 3697812
0.071594238281250 3686022
0.071166992187500 3700105
0.072021484375000 3699964
0.074523925781250 3700035
0.000000000000000 3700000
0.071899414062500 3700000
0.072387695312500 3698613
0.070922851562500 3699964
0.063049316406250 3700000
0.071655273437500 3696096
0.073242187500000 3695521
0.070678710937500 3699964
0.073791503906250 3700035
0.072265625000000 3699964
0.073242187500000 3700000
0.071655273437500 3700035
0.072326660156250 3699929
0.000000000000000 3700070
0.072082519531250 3699964
0.071899414062500 3700000
0.072509765625000 3700035
0.071350097656250 3700000
0.069885253906250 3700000
0.071166992187500 3698229
0.070617675781250 3700000
0.071411132812500 3700000
0.070068359375000 3700000
0.072082519531250 3699964
0.074401855468750 3700035
0.071838378906250 3700000
0.000000000000000 3699894
0.072204589843750 3690576
0.071533203125000 3697127
0.073242187500000 3700035
0.073181152343750 3695569
0.070373535156250 3700000
0.073608398437500 3699964
0.071472167968750 3696173
0.072631835937500 3699964
0.073059082031250 3700035
0.072387695312500 3699964
0.071533203125000 3700035
0.000000000000000 3699964
0.070617675781250 3699964
0.073120117187500 3700035
0.069213867187500 3700035
0.071777343750000 3699964
0.070495605468750 3700035
0.071044921875000 3699964
0.072937011718750 3700035
0.070678710937500 3700000
0.071289062500000 3698845
0.071899414062500 3697047
0.074096679687500 3700000
0.069885253906250 3699964
0.000000000000000 3700035
0.072570800781250 3699964
0.073547363281250 3700000
0.070129394531250 3700000
0.073364257812500 3700035
0.072265625000000 3699964
0.071289062500000 3696601
0.070007324218750 3700000
0.073425292968750 3700000
0.072692871093750 3700035
0.068054199218750 3700000
0.062927246093750 3699000
0.069274902343750 3700035
0.071105957031250 3700000
0.070190429687500 3700000
0.000000000000000 3700000
0.074951171875000 3699964
0.070251464843750 3700000
0.063293457031250 3700035
0.073059082031250 3700000
0.072753906250000 3700000
0.070922851562500 3700000
0.072021484375000 3699964
0.072570800781250 3696599
0.072814941406250 3699964
0.070739746093750 3700070
0.070983886718750 3699964
0.072692871093750 3700000
0.000000000000000 3700000
0.071899414062500 3700035
0.071716308593750 3699964
0.071533203125000 3700035
0.072082519531250 3699964
0.064636230468750 3692761
0.072814941406250 3699929
0.071899414062500 3700035
0.071838378906250 3700035
0.071533203125000 3700000
0.072814941406250 3700000
0.071166992187500 3699964
0.073425292968750 3699964
0.000000000000000 3695946
0.071655273437500 3693008
0.070373535156250 3687850
0.070922851562500 3700035
0.068420410156250 3700000
0.072692871093750 3699929
0.069763183593750 3688854
0.074707031250000 3700000
0.073364257812500 3700035
0.070434570312500 3700000
0.072387695312500 3699964
0.071777343750000 3699964
0.070861816406250 3539591
0.000000000000000 3692681
0.071105957031250 3700000
0.072082519531250 3700000
0.074829101562500 3700000
0.071533203125000 3700000
0.071716308593750 3700000
0.070495605468750 3700035
0.071411132812500 3699964
0.071044921875000 3700000
0.072509765625000 3700035
0.071411132812500 3699929
0.071655273437500 3697786
0.072082519531250 3700035
0.000000000000000 3699964
0.069702148437500 3700035
0.071411132812500 3699964
0.072387695312500 3700035
0.072509765625000 3690920
0.074279785156250 3699964
0.073791503906250 3700035
0.069885253906250 3700000
0.072021484375000 3699964
0.072021484375000 3700000
0.071655273437500 3699929
0.072143554687500 3700070
0.000000000000000 3695725
0.072631835937500 3699964
0.069824218750000 3700000
0.063293457031250 3700035
0.072692871093750 3700000
0.072937011718750 3695776
0.069152832031250 3693826
0.064025878906250 3700000
0.071594238281250 3700000
0.073486328125000 3700000
0.072509765625000 3699964
0.071166992187500 3693921
0.074218750000000 3700000
0.070739746093750 3700000
0.071655273437500 3700035
0.000000000000000 3699964
0.070617675781250 3700035
0.072998046875000 3700000
0.071655273437500 3699964
0.070495605468750 3700000
0.072326660156250 3700000
0.069885253906250 3700035
0.073913574218750 3700000
0.071105957031250 3699964
0.071105957031250 3700035
0.071105957031250 3699929
0.070983886718750 3700035
0.071594238281250 3700000
0.000000000000000 3700000
0.070190429687500 3700035
0.071655273437500 3700000
0.070495605468750 3699964
0.073364257812500 3700035
0.071716308593750 3699964
0.072143554687500 3690957
0.071228027343750 3697950
0.071044921875000 3693158
0.074584960937500 3700035
0.069702148437500 3700000
0.070190429687500 3700000
0.072204589843750 3700000
0.000000000000000 3688913
0.070861816406250 3700000
0.072143554687500 3699964
0.070190429687500 3700000
0.070861816406250 3700000
0.063354492187500 3692039
0.072021484375000 3696819
0.073242187500000 3699964
0.071105957031250 3697888
0.070678710937500 3690542
0.069458007812500 3700035
0.071899414062500 3700000
0.070190429687500 3700000
0.071533203125000 3699964
0.072509765625000 3688955
0.000000000000000 3699964
0.073059082031250 3698978
0.070617675781250 3689940
0.070861816406250 3688886
0.071105957031250 3693654
0.071716308593750 3700000
0.071166992187500 3699964
0.071105957031250 3688875
0.072021484375000 3700035
0.072937011718750 3700000
0.070861816406250 3699964
0.070495605468750 3688895
0.070495605468750 3700070
0.000000000000000 3699907
0.072509765625000 3689014
0.073059082031250 3692937
0.074218750000000 3699955
0.071472167968750 3700000
0.069885253906250 3700000
0.072998046875000 3700000
0.072692871093750 3700035
0.063232421875000 3689247
0.071472167968750 3699660
0.073547363281250 3689448
0.074951171875000 3699464
0.000000000000000 3700000
0.072021484375000 3695394
0.071228027343750 3687526
0.070434570312500 3698990
0.073791503906250 3690051
0.070007324218750 3698554
0.072875976562500 3690494
0.073547363281250 3688839
0.071655273437500 3699964
0.063110351562500 3700000
0.070312500000000 3699964
0.070739746093750 3700035
0.068969726562500 3700035
0.074096679687500 3688934
0.000000000000000 3700000
0.071899414062500 3700000
0.073974609375000 3700000
0.070495605468750 3696965
0.070312500000000 3683335
0.071716308593750 3694660
0.071044921875000 3691344
0.070617675781250 3700000
0.072021484375000 3692199
0.072570800781250 3685552
0.065002441406250 3685859
0.068908691406250 3600000
0.058227539062500 3592441
0.066711425781250 3586362
0.067504882812500 3600068
0.065246582031250 3600068
0.000000000000000 3592672
0.065979003906250 3583331
0.068908691406250 3583332
0.064697265625000 3595642
0.068359375000000 3600000
0.065795898437500 3587868
0.067321777343750 3583334
0.065307617187500 3583330
0.070434570312500 3589304
0.068237304687500 3600000
0.065856933593750 3589130
0.066711425781250 3599965
0.065795898437500 3583497
0.000000000000000 3594266
0.071777343750000 3583628
0.066589355468750 3583335
0.067321777343750 3587173
0.068969726562500 3599931
0.066406250000000 3596375
0.068542480468750 3583332
0.066711425781250 3586985
0.066345214843750 3590866
0.066284179687500 3594623
0.067993164062500 3583333
0.000000000000000 3583303
0.070068359375000 3583364
0.066772460937500 3597646
0.067199707031250 3599965
0.066040039062500 3597020
0.068115234375000 3591856
0.065246582031250 3599965
0.066528320312500 3591815
0.068969726562500 3597125
0.068115234375000 3600000
0.067504882812500 3600000
0.066040039062500 3600000
0.070068359375000 3600000
0.201477050781250 3596987
0.000000000000000 3600000
0.064941406250000 3598643
0.066528320312500 3590252
0.067565917968750 3599399
0.066894531250000 3600000
0.066406250000000 3598487
0.067138671875000 3589861
0.067810058593750 3600000
0.064270019531250 3600000
0.066711425781250 3588526
0.065795898437500 3589289
0.067810058593750 3588830
0.069763183593750 3600034
0.000000000000000 3599965
0.067810058593750 3583471
0.067199707031250 3594341
0.065673828125000 3594751
0.068481445312500 3583333
0.065917968750000 3583334
0.068969726562500 3594018
0.066162109375000 3599965
0.068664550781250 3589464
0.067810058593750 3587822
0.065795898437500 3590154
0.066345214843750 3598778
0.064941406250000 3600000
0.000000000000000 3595890
0.070190429687500 3583333
0.065246582031250 3587362
0.070068359375000 3599965
0.067016601562500 3585142
0.066894531250000 3592574
0.067016601562500 3596511
0.059387207031250 3592319
0.067871093750000 3588898
0.066894531250000 3591210
0.059753417968750 3597704
0.066650390625000 3591446
0.067871093750000 3586243
0.067321777343750 3591621
0.067626953125000 3583331
0.000000000000000 3591731
0.067871093750000 3586183
0.067260742187500 3591536
0.066772460937500 3597523
0.068542480468750 3591421
0.068176269531250 3592237
0.067382812500000 3592181
0.066467285156250 3588261
0.066772460937500 3600000
0.066101074218750 3588901
0.067565917968750 3600000
0.064758300781250 3586912
0.068847656250000 3583336
0.000000000000000 3585169
0.067138671875000 3600000
0.068420410156250 3587175
0.069030761718750 3583334
0.064758300781250 3583329
0.065856933593750 3583334
0.065856933593750 3584755
0.069274902343750 3600000
0.066833496093750 3600000
0.064331054687500 3593313
0.067565917968750 3584403
0.066955566406250 3600000
0.066162109375000 3599164
0.064208984375000 3589469
0.000000000000000 3588400
0.068054199218750 3585527
0.065856933593750 3594563
0.066040039062500 3583334
0.067321777343750 3594535
0.067565917968750 3589050
0.067138671875000 3600000
0.067260742187500 3588951
0.067260742187500 3589128
0.067199707031250 3594540
0.066223144531250 3594222
0.066711425781250 3600000
0.067993164062500 3589524
0.000000000000000 3588213
0.067810058593750 3600034
0.066040039062500 3588875
0.065612792968750 3600034
0.069641113281250 3588907
0.066101074218750 3599965
0.067504882812500 3595541
0.065612792968750 3593133
0.067077636718750 3596250
0.066345214843750 3592695
0.067443847656250 3596363
0.067810058593750 3592543
0.065734863281250 3585272
0.059082031250000 3592449
0.065429687500000 3597146
0.000000000000000 3591800
0.066589355468750 3600000
0.068176269531250 3599931
0.069824218750000 3588997
0.069274902343750 3591943
0.068908691406250 3594499
0.065917968750000 3590949
0.066833496093750 3588900
0.067382812500000 3592655
0.066894531250000 3594037
0.069580078125000 3583330
0.000000000000000 3584762
0.066284179687500 3600000
0.067810058593750 3593744
0.068969726562500 3583333
0.064575195312500 3595461
0.067810058593750 3595719
0.065307617187500 3583331
0.069335937500000 3583298
0.069396972656250 3595137
0.067565917968750 3594009
0.067810058593750 3583721
0.064880371093750 3600000
0.000000000000000 3599816
0.067687988281250 3592929
0.067077636718750 3600000
0.066894531250000 3594425
0.068542480468750 3583301
0.068359375000000 3599945
0.067565917968750 3600034
0.064575195312500 3583551
0.068481445312500 3594233
0.065490722656250 3588935
0.067199707031250 3584780
0.069091796875000 3592283
0.066284179687500 3594083
0.000000000000000 3595048
0.065856933593750 3583334
0.067016601562500 3587786
0.067321777343750 3600000
0.067016601562500 3600000
0.066894531250000 3590246
0.069152832031250 3598654
0.069458007812500 3600000
0.059143066406250 3588929
0.065368652343750 3590488
0.065979003906250 3598478
0.066955566406250 3590585
0.068054199218750 3594503
0.064697265625000 3592588
0.000000000000000 3599965
0.067565917968750 3590987
0.066528320312500 3586570
0.066650390625000 3591321
0.066833496093750 3583334
0.066467285156250 3591834
0.067993164062500 3588978
0.065429687500000 3591710
0.067077636718750 3583331
0.066833496093750 3583333
0.066833496093750 3583335
0.070129394531250 3583330
0.068054199218750 3585518
0.000000000000000 3592308
0.066894531250000 3596622
0.066955566406250 3592616
0.067993164062500 3583333
0.067749023437500 3583297
0.065612792968750 3583365
0.067016601562500 3583335
0.065673828125000 3583332
0.066894531250000 3583301
0.069580078125000 3583364
0.069091796875000 3589729
0.064941406250000 3600000
0.000000000000000 3600000
0.127746582031250 3600000
0.000000000000000 3600034
0.066345214843750 3588404
0.067871093750000 3589243
0.065795898437500 3595853
0.066528320312500 3600000
0.068786621093750 3588957
0.065734863281250 3600034
0.066833496093750 3588831
0.065917968750000 3583332
0.069702148437500 3594382
0.065307617187500 3583657
0.065795898437500 3583330
0.064270019531250 3583367
0.067993164062500 3583300
0.000000000000000 3594558
0.068359375000000 3583298
0.066589355468750 3594544
0.067138671875000 3583399
0.066528320312500 3594496
0.066345214843750 3585843
0.067626953125000 3595423
0.067382812500000 3583332
0.067016601562500 3583266
0.065490722656250 3583400
0.060302734375000 3592000
0.064147949218750 3583331
0.068176269531250 3583332
0.065979003906250 3583331
0.000000000000000 3583334
0.067321777343750 3592926
0.068176269531250 3600000
0.066467285156250 3590635
0.067443847656250 3587097
0.065856933593750 3600068
0.068481445312500 3585202
0.065551757812500 3583371
0.069641113281250 3587276
0.067077636718750 3583332
0.066101074218750 3586736
0.067016601562500 3591157
0.065124511718750 3597790
0.000000000000000 3599965
0.066589355468750 3585820
0.064941406250000 3591935
0.070617675781250 3600034
0.067687988281250 3591539
0.066223144531250 3586109
0.067138671875000 3599965
0.067077636718750 3590281
0.065612792968750 3600000
0.065673828125000 3588892
0.066650390625000 3592100
0.065856933593750 3596834
0.070739746093750 3600000
0.000000000000000 3588896
0.065917968750000 3592442
0.065856933593750 3596430
0.068237304687500 3600000
0.067260742187500 3587122
0.067443847656250 3590576
0.064941406250000 3591512
0.068847656250000 3590464
0.068176269531250 3598563
0.066528320312500 3583329
0.064819335937500 3585657
0.067138671875000 3599965
0.065124511718750 3600000
0.000000000000000 3593308
0.067382812500000 3583332
0.068298339843750 3589918
0.066894531250000 3600034
0.066528320312500 3600000
0.067321777343750 3588119
0.066101074218750 3589655
0.067993164062500 3585096
0.066284179687500 3600000
0.066650390625000 3588908
0.067749023437500 3600000
0.067016601562500 3599965
0.068115234375000 3600034
0.000000000000000 3599036
0.064819335937500 3583331
0.067932128906250 3583334
0.067260742187500 3594494
0.068054199218750 3583333
0.067138671875000 3583334
0.067260742187500 3594146
0.069458007812500 3583744
0.065917968750000 3583333
0.068481445312500 3599550
0.068176269531250 3589471
0.065490722656250 3583332
0.000000000000000 3583334
0.068359375000000 3588123
0.065795898437500 3600000
0.067749023437500 3588867
0.066345214843750 3600000
0.068359375000000 3595558
0.067321777343750 3583334
0.065612792968750 3594594
0.067199707031250 3583330
0.065002441406250 3587634
0.069519042968750 3590253
0.067077636718750 3594599
0.066162109375000 3583335
0.000000000000000 3594530
0.067810058593750 3583334
0.069091796875000 3594558
0.067932128906250 3592701
0.065673828125000 3588933
0.066284179687500 3588734
0.066589355468750 3583333
0.068664550781250 3592434
0.066589355468750 3588975
0.065856933593750 3600000
0.066345214843750 3600000
0.064819335937500 3591386
0.000000000000000 3594628
0.068176269531250 3591864
0.066833496093750 3599931
0.066528320312500 3591736
0.068725585937500 3594686
0.065856933593750 3583296
0.066345214843750 3585845
0.066528320312500 3600000
0.066406250000000 3597732
0.067016601562500 3591179
0.069335937500000 3598011
0.065368652343750 3590831
0.068664550781250 3600068
0.000000000000000 3592672
0.068298339843750 3594576
0.066711425781250 3590492
0.066406250000000 3588909
0.065429687500000 3593027
0.067993164062500 3595917
0.065734863281250 3599965
0.067504882812500 3587664
0.066101074218750 3583366
0.065185546875000 3584348
0.066406250000000 3600000
0.067993164062500 3595441
0.059143066406250 3588268
0.065368652343750 3594674
0.067993164062500 3589484
0.000000000000000 3588353
0.069702148437500 3583332
0.068054199218750 3583331
0.066772460937500 3589300
0.066284179687500 3599781
0.067382812500000 3583334
0.067260742187500 3583491
0.069030761718750 3600000
0.067321777343750 3586516
0.065856933593750 3594535
0.068542480468750 3583330
0.065002441406250 3599903
0.000000000000000 3589084
0.067199707031250 3599825
0.065917968750000 3589245
0.066589355468750 3588473
0.070739746093750 3589390
0.065551757812500 3599478
0.067626953125000 3589532
0.067687988281250 3583297
0.059265136718750 3583299
0.065002441406250 3588221
0.066833496093750 3600034
0.066223144531250 3588854
0.059875488281250 3600000
0.068603515625000 3588895
0.066162109375000 3600000
0.066406250000000 3595767
0.000000000000000 3593099
0.065551757812500 3588910
0.068542480468750 3590442
0.065795898437500 3587364
0.068054199218750 3590505
0.068298339843750 3583367
0.068908691406250 3583298
0.067932128906250 3598240
0.065734863281250 3590959
0.066650390625000 3583336
0.066589355468750 3592384
0.068237304687500 3599965
0.000000000000000 3600000
0.068176269531250 3588875
0.068542480468750 3600000
0.069458007812500 3597757
0.065551757812500 3591671
0.067871093750000 3586073
0.066467285156250 3591818
0.067810058593750 3597147
0.066894531250000 3596355
0.069274902343750 3586476
0.065246582031250 3591301
0.066467285156250 3586593
0.000000000000000 3583333
0.067687988281250 3591556
0.066101074218750 3583332
0.068908691406250 3596562
0.068664550781250 3600000
0.067687988281250 3599965
0.066467285156250 3592653
0.067443847656250 3586026
0.066955566406250 3592738
0.066528320312500 3585005
0.065734863281250 3600000
0.067749023437500 3588755
0.066223144531250 3593177
0.000000000000000 3595753
0.067382812500000 3593309
0.066040039062500 3584409
0.066589355468750 3586179
0.065734863281250 3594466
0.065856933593750 3589852
0.058654785156250 3588929
0.064758300781250 3600000
0.068725585937500 3588337
0.066589355468750 3583330
0.068115234375000 3594558
0.066833496093750 3583261
0.066711425781250 3594887
0.069885253906250 3594208
0.063781738281250 3583299
0.000000000000000 3589103
0.066223144531250 3599931
0.067687988281250 3589095
0.067016601562500 3588992
0.067321777343750 3599900
0.065429687500000 3600000
0.066040039062500 3600000
0.067138671875000 3589427
0.068176269531250 3588325
0.064392089843750 3589563
0.066406250000000 3599371
0.065368652343750 3589578
0.067932128906250 3583434
0.066345214843750 3593460
0.000000000000000 3600000
0.068481445312500 3600000
0.059387207031250 3595624
0.067810058593750 3583333
0.059631347656250 3583300
0.066101074218750 3593228
0.068420410156250 3598149
0.065917968750000 3589017
0.066894531250000 3594534
0.067382812500000 3592819
0.066955566406250 3588911
0.067077636718750 3590872
0.065917968750000 3598022
0.068542480468750 3600000
0.065124511718750 3588908
0.066772460937500 3591207
0.000000000000000 3583335
0.065551757812500 3583330
0.068176269531250 3594572
0.067687988281250 3583368
0.065063476562500 3586262
0.067687988281250 3591610
0.065002441406250 3583333
0.068298339843750 3591673
0.065490722656250 3600034
0.067993164062500 3599897
0.067871093750000 3597642
0.066345214843750 3591305
0.068847656250000 3597699
0.000000000000000 3591072
0.065368652343750 3597969
0.066650390625000 3583330
0.066711425781250 3596484
0.068298339843750 3599965
0.068847656250000 3598233
0.064636230468750 3590709
0.065917968750000 3587218
0.065307617187500 3583332
0.067932128906250 3587920
0.067199707031250 3592298
0.068115234375000 3583334
0.065979003906250 3590207
0.000000000000000 3600034
0.068664550781250 3593246
0.065307617187500 3594536
0.065734863281250 3583331
0.066833496093750 3584318
0.067504882812500 3593574
0.069824218750000 3583335
0.059020996093750 3583265
0.067871093750000 3584095
0.069824218750000 3600000
0.066711425781250 3599480
0.067260742187500 3589454
0.065429687500000 3588892
0.000000000000000 3591271
0.066528320312500 3583379
0.066955566406250 3600068
0.066955566406250 3588920
0.066650390625000 3594589
0.069030761718750 3583331
0.067138671875000 3594560
0.066284179687500 3583334
0.067077636718750 3588452
0.067993164062500 3600000
0.064636230468750 3588810
0.067504882812500 3600000
0.066711425781250 3595228
0.059326171875000 3593651
0.065002441406250 3600000
0.000000000000000 3590011
0.065490722656250 3587074
0.067871093750000 3583297
0.060119628906250 3594537
0.067810058593750 3583331
0.065856933593750 3596499
0.066955566406250 3590346
0.068847656250000 3583335
0.068176269531250 3583330
0.065917968750000 3594572
0.066528320312500 3592178
0.067993164062500 3598627
0.067138671875000 3583332
0.071350097656250 3718084
0.000000000000000 3800000
0.073364257812500 3748219
0.064208984375000 3691356
0.071838378906250 3686425
0.074096679687500 3691135
0.072631835937500 3688930
0.072875976562500 3692417
0.070007324218750 3683369
0.072143554687500 3683295
0.070922851562500 3696123
0.069091796875000 3692935
0.071350097656250 3694618
0.070739746093750 3683261
0.072143554687500 3684542
0.000000000000000 3693359
0.072509765625000 3684359
0.070373535156250 3699964
0.062866210937500 3688061
0.071716308593750 3689441
0.067932128906250 3688424
0.069824218750000 3683333
0.071716308593750 3683703
0.076293945312500 3694222
0.072814941406250 3694623
0.073608398437500 3689085
0.074951171875000 3700035
0.070007324218750 3694417
0.067565917968750 3683332
0.000000000000000 3683298
0.135498046875000 3683298
0.000000000000000 3683366
0.070068359375000 3683299
0.072387695312500 3683369
0.066955566406250 3683330
0.063964843750000 3683334
0.067199707031250 3683332
0.074340820312500 3694533
0.072143554687500 3693160
0.069702148437500 3700000
0.069458007812500 3690415
0.063232421875000 3683297
0.072570800781250 3692936
0.078063964843750 3688881
0.068298339843750 3700000
0.068481445312500 3688800
0.076110839843750 3690895
0.066589355468750 3694629
0.000000000000000 3683299
0.072753906250000 3694672
0.075073242187500 3692102
0.068481445312500 3700000
0.070617675781250 3700000
0.072937011718750 3697272
0.071411132812500 3691640
0.070190429687500 3697421
0.071899414062500 3683330
0.073669433593750 3685796
0.071411132812500 3700035
0.071166992187500 3697749
0.070800781250000 3683367
0.000000000000000 3694537
0.070617675781250 3691054
0.070251464843750 3686895
0.071960449218750 3690843
0.070983886718750 3687046
0.073364257812500 3683369
0.063354492187500 3694538
0.069641113281250 3683332
0.071411132812500 3683333
0.071411132812500 3683370
0.072265625000000 3695957
0.070861816406250 3693114
0.073303222656250 3695750
0.072387695312500 3693276
0.000000000000000 3695669
0.069702148437500 3699964
0.073486328125000 3699150
0.070983886718750 3683369
0.063476562500000 3695054
0.069580078125000 3694249
0.071411132812500 3683332
0.072875976562500 3683334
0.069580078125000 3694485
0.070861816406250 3700035
0.073852539062500 3688995
0.072937011718750 3694496
0.070922851562500 3694279
0.069824218750000 3688944
0.074707031250000 3689386
0.000000000000000 3699527
0.071350097656250 3700000
0.063720703125000 3695536
0.070861816406250 3683334
0.072570800781250 3687740
0.071289062500000 3690152
0.062988281250000 3683333
0.072143554687500 3693165
0.073547363281250 3695919
0.074951171875000 3683295
0.070068359375000 3687301
0.064514160156250 3690589
0.071411132812500 3683264
0.078857421875000 3687428
0.065368652343750 3695091
0.066406250000000 3692429
0.065002441406250 3688909
0.000000000000000 3691113
0.074951171875000 3683296
0.070800781250000 3692160
0.072448730468750 3688927
0.073242187500000 3700000
0.069702148437500 3688914
0.071289062500000 3699964
0.071655273437500 3697207
0.073791503906250 3683299
0.072204589843750 3683329
0.069335937500000 3683337
0.071838378906250 3696946
0.069702148437500 3692130
0.000000000000000 3696756
0.072265625000000 3699964
0.071411132812500 3686788
0.070251464843750 3690976
0.072998046875000 3698080
0.073425292968750 3690738
0.073669433593750 3687116
0.070251464843750 3683334
0.072326660156250 3696199
0.072937011718750 3699964
0.073608398437500 3688907
0.072509765625000 3693079
0.000000000000000 3684694
0.071411132812500 3700035
0.071777343750000 3687576
0.070861816406250 3683404
0.071594238281250 3695409
0.071044921875000 3693631
0.072387695312500 3695351
0.071411132812500 3700000
0.071533203125000 3699405
0.069824218750000 3683366
0.072631835937500 3683838
0.062866210937500 3693985
0.072937011718750 3694599
0.072753906250000 3683330
0.000000000000000 3683299
0.073425292968750 3689169
0.070983886718750 3688850
0.071472167968750 3694375
0.071472167968750 3694493
0.072265625000000 3700035
0.069702148437500 3700000
0.071533203125000 3699964
0.074218750000000 3700000
0.069274902343750 3694973
0.070678710937500 3693960
0.070373535156250 3700000
0.071228027343750 3689769
0.000000000000000 3683331
0.070739746093750 3693457
0.073303222656250 3688983
0.071838378906250 3700000
0.069213867187500 3695806
0.072875976562500 3683330
0.070007324218750 3687483
0.072937011718750 3690410
0.070983886718750 3683260
0.063049316406250 3683369
0.072021484375000 3687168
0.071838378906250 3699964
0.071411132812500 3696451
0.071228027343750 3683333
0.071777343750000 3698041
0.000000000000000 3700000
0.070739746093750 3699964
0.071838378906250 3691228
0.069824218750000 3686329
0.071716308593750 3700035
0.075683593750000 3697152
0.070922851562500 3683334
0.072814941406250 3694541
0.070556640625000 3683298
0.072998046875000 3697051
0.070495605468750 3691989
0.071533203125000 3696757
0.000000000000000 3700035
0.071411132812500 3697911
0.071533203125000 3683336
0.073913574218750 3694501
0.070495605468750 3690798
0.072143554687500 3698352
0.068725585937500 3683334
0.073974609375000 3684888
0.071899414062500 3700000
0.071960449218750 3699894
0.072814941406250 3693264
0.070556640625000 3683369
0.072326660156250 3690055
0.000000000000000 3698933
0.069763183593750 3689941
0.070739746093750 3687951
0.070678710937500 3683330
0.073669433593750 3683371
0.070373535156250 3689657
0.073852539062500 3699436
0.070251464843750 3689507
0.071899414062500 3699964
0.064575195312500 3694038
0.073181152343750 3683733
0.072937011718750 3700000
0.073425292968750 3688720
0.000000000000000 3688921
0.072082519531250 3699964
0.073364257812500 3683608
0.072021484375000 3694301
0.074890136718750 3694792
0.063903808593750 3694115
0.072448730468750 3688907
0.070739746093750 3700035
0.068847656250000 3688517
0.072326660156250 3689764
0.071228027343750 3683369
0.073547363281250 3693517
0.073181152343750 3699964
0.000000000000000 3699964
0.070251464843750 3684571
0.072265625000000 3693203
0.062927246093750 3695785
0.070861816406250 3683366
0.069763183593750 3687298
0.069213867187500 3690593
0.073059082031250 3683294
0.073181152343750 3692585
0.073608398437500 3696495
0.069396972656250 3683337
0.072509765625000 3683332
0.073059082031250 3685030
0.072387695312500 3683333
0.000000000000000 3683367
0.135559082031250 3686480
0.000000000000000 3691386
0.073303222656250 3683366
0.071411132812500 3691850
0.070800781250000 3686035
0.069641113281250 3691703
0.073242187500000 3697456
0.070800781250000 3683295
0.073303222656250 3694618
0.072631835937500 3691275
0.069396972656250 3686630
0.071533203125000 3683334
0.069885253906250 3685533
0.071899414062500 3692349
0.000000000000000 3696561
0.132751464843750 3692565
0.000000000000000 3683295
0.072509765625000 3683335
0.071166992187500 3696240
0.072692871093750 3692900
0.070861816406250 3684856
0.072570800781250 3700000
0.069213867187500 3700000
0.071777343750000 3700000
0.071960449218750 3698841
0.063476562500000 3689994
0.074340820312500 3700070
0.070495605468750 3700000
0.071166992187500 3687981
0.069824218750000 3683334
0.062927246093750 3683262
0.071289062500000 3689712
0.000000000000000 3688250
0.071044921875000 3689483
0.070190429687500 3699450
0.070007324218750 3683369
0.072387695312500 3694916
0.073425292968750 3690893
0.072448730468750 3699750
0.069396972656250 3689195
0.072753906250000 3688908
0.070373535156250 3700035
0.070739746093750 3688795
0.072570800781250 3694526
0.069946289062500 3683228
0.000000000000000 3688620
0.074218750000000 3699964
0.069335937500000 3698392
0.072204589843750 3693879
0.069091796875000 3695134
0.063720703125000 3693791
0.069335937500000 3699964
0.072753906250000 3689951
0.070495605468750 3687824
0.070983886718750 3700035
0.074035644531250 3695666
0.071533203125000 3683334
0.074157714843750 3698554
0.070861816406250 3699964
0.068969726562500 3688897
0.000000000000000 3690673
0.072448730468750 3694683
0.070495605468750 3692483
0.073059082031250 3700035
0.073730468750000 3699964
0.064025878906250 3688838
0.070495605468750 3699964
0.072570800781250 3696907
0.073242187500000 3683263
0.063842773437500 3694660
0.071228027343750 3683367
0.069702148437500 3683330
0.072387695312500 3683299
0.073425292968750 3697283
0.063354492187500 3700000
0.070251464843750 3686292
0.000000000000000 3683401
0.071960449218750 3685703
0.070678710937500 3692185
0.071472167968750 3685557
0.073181152343750 3700000
0.069519042968750 3686879
0.071960449218750 3683299
0.070739746093750 3694573
0.073547363281250 3683296
0.069885253906250 3694570
0.070617675781250 3690661
0.071533203125000 3700035
0.071411132812500 3699964
0.071533203125000 3698546
0.000000000000000 3690388
0.071777343750000 3700000
0.071899414062500 3700000
0.071960449218750 3699021
0.070617675781250 3689954
0.072265625000000 3688046
0.070922851562500 3683296
0.071655273437500 3695274
0.073364257812500 3699964
0.072143554687500 3699412
0.072692871093750 3689476
0.070434570312500 3700000
0.000000000000000 3700000
0.071166992187500 3700000
0.069580078125000 3700000
0.073181152343750 3700000
0.069580078125000 3694560
0.071350097656250 3694348
0.075073242187500 3688897
0.069213867187500 3700000
0.072021484375000 3694853
0.070983886718750 3683295
0.071777343750000 3688454
0.063171386718750 3700000
0.074462890625000 3683998
0.070495605468750 3683331
0.000000000000000 3688142
0.072387695312500 3700000
0.071411132812500 3695486
0.071594238281250 3693391
0.073974609375000 3684510
0.070983886718750 3693238
0.071228027343750 3695785
0.064025878906250 3683336
0.072448730468750 3694554
0.073120117187500 3692948
0.069885253906250 3700000
0.073791503906250 3700035
0.072692871093750 3699964
0.000000000000000 3700000
0.073425292968750 3700000
0.069091796875000 3700035
0.072021484375000 3688871
0.073242187500000 3691199
0.069763183593750 3686579
0.073547363281250 3699964
0.070251464843750 3700000
0.073181152343750 3691520
0.070800781250000 3697364
0.073608398437500 3700035
0.072814941406250 3700000
0.071105957031250 3691795
0.064086914062500 3694584
0.000000000000000 3691464
0.070617675781250 3686403
0.073059082031250 3683333
0.070739746093750 3685564
0.071655273437500 3692383
0.073486328125000 3683334
0.070495605468750 3683295
0.073425292968750 3685266
0.071899414062500 3700035
0.063232421875000 3687033
0.070861816406250 3690728
0.070373535156250 3688877
0.072631835937500 3692873
0.070861816406250 3696033
0.000000000000000 3700035
0.073303222656250 3700000
0.070739746093750 3699964
0.074401855468750 3698843
0.071777343750000 3690079
0.073059082031250 3687793
0.071960449218750 3689844
0.073120117187500 3688021
0.063415527343750 3683262
0.071777343750000 3683863
0.073364257812500 3700035
0.071655273437500 3688933
0.071716308593750 3700000
0.000000000000000 3688799
0.072387695312500 3700000
0.072448730468750 3700000
0.071777343750000 3694523
0.073181152343750 3694299
0.072814941406250 3683555
0.071228027343750 3683367
0.072448730468750 3699339
0.071777343750000 3689650
0.071899414062500 3694559
0.071777343750000 3693630
0.070129394531250 3684320
0.000000000000000 3693443
0.071899414062500 3689740
0.072021484375000 3700000
0.072814941406250 3689173
0.071838378906250 3683295
0.070495605468750 3683334
0.072570800781250 3693096
0.070983886718750 3695940
0.071655273437500 3692927
0.070129394531250 3700000
0.073181152343750 3700035
0.073486328125000 3685054
0.000000000000000 3683368
0.070495605468750 3683296
0.073547363281250 3692528
0.070922851562500 3688899
0.070251464843750 3700035
0.069580078125000 3696799
0.073913574218750 3692134
0.073669433593750 3688945
0.072692871093750 3691315
0.072814941406250 3686440
0.069458007812500 3699929
0.063476562500000 3700070
0.070495605468750 3691751
0.071777343750000 3683331
0.000000000000000 3691472
0.070739746093750 3689011
0.072937011718750 3700000
0.062866210937500 3688828
0.069396972656250 3700000
0.073120117187500 3697921
0.070373535156250 3683295
0.070251464843750 3683332
0.070190429687500 3683369
0.073425292968750 3696362
0.075195312500000 3692623
0.070007324218750 3684957
0.072753906250000 3700035
0.071777343750000 3700000
0.000000000000000 3692946
0.072631835937500 3684709
0.070495605468750 3700035
0.072509765625000 3688826
0.075073242187500 3700035
0.071228027343750 3688922
0.069885253906250 3700000
0.069580078125000 3687981
0.072143554687500 3689772
0.070007324218750 3688768
0.071411132812500 3700000
0.073425292968750 3700035
0.072265625000000 3694032
0.000000000000000 3694463
0.072570800781250 3689201
0.069763183593750 3700000
0.072937011718750 3700000
0.069519042968750 3688872
0.064331054687500 3688903
0.070617675781250 3689029
0.071777343750000 3698455
0.071899414062500 3700000
0.069458007812500 3688927
0.072021484375000 3699964
0.069885253906250 3688837
0.070373535156250 3694809
0.070678710937500 3688909
0.073913574218750 3689721
0.000000000000000 3694609
0.071289062500000 3683335
0.071533203125000 3698848
0.072448730468750 3700035
0.070495605468750 3688947
0.064025878906250 3700000
0.070556640625000 3700000
0.071533203125000 3690526
0.070800781250000 3698402
0.064147949218750 3699964
0.072692871093750 3700035
0.072387695312500 3699964
0.063354492187500 3700000
0.070678710937500 3691132
0.073547363281250 3694540
0.069396972656250 3683298
0.072143554687500 3694618
0.000000000000000 3691542
0.072143554687500 3689016
0.071289062500000 3699964
0.071655273437500 3690741
0.070861816406250 3591386
0.068542480468750 3600000
0.067016601562500 3592368
0.060302734375000 3585207
0.067504882812500 3592726
0.065063476562500 3590823
0.067077636718750 3583261
0.066223144531250 3596104
0.067077636718750 3593073
0.066955566406250 3594553
0.000000000000000 3583334
0.067687988281250 3583331
0.065673828125000 3583333
0.060363769531250 3595622
0.068786621093750 3593409
0.064941406250000 3595074
0.066589355468750 3600034
0.068908691406250 3588520
0.069946289062500 3583261
0.066162109375000 3593707
0.068847656250000 3600000
0.068298339843750 3600000
0.066650390625000 3600000
0.066284179687500 3600000
0.000000000000000 3583492
0.066589355468750 3583337
0.068298339843750 3594616
0.068786621093750 3594075
0.067138671875000 3588980
0.060119628906250 3599376
0.065551757812500 3588732
0.068237304687500 3600000
0.067077636718750 3595400
0.067138671875000 3593541
0.066406250000000 3595533
0.068359375000000 3583332
0.068481445312500 3594569
0.000000000000000 3583334
0.193542480468750 3587252
0.068176269531250 3591006
0.067016601562500 3600000
0.067016601562500 3599965
0.069335937500000 3588906
0.067565917968750 3596731
0.068054199218750 3588910
0.066711425781250 3593241
0.068298339843750 3595172
0.000000000000000 3593994
0.064697265625000 3583962
0.066955566406250 3593894
0.067443847656250 3595039
0.066406250000000 3599965
0.069641113281250 3588505
0.064758300781250 3583331
0.060485839843750 3594391
0.064208984375000 3600000
0.059082031250000 3600000
0.066589355468750 3600000
0.068542480468750 3600000
0.069824218750000 3600000
0.066040039062500 3599965
0.066223144531250 3595292
0.065612792968750 3593640
0.000000000000000 3584250
0.069458007812500 3593531
0.066650390625000 3588912
0.067565917968750 3600034
0.069335937500000 3595614
0.066711425781250 3593315
0.068115234375000 3584880
0.067321777343750 3592806
0.065734863281250 3585087
0.068115234375000 3583330
0.069885253906250 3587081
0.066162109375000 3600000
0.000000000000000 3588910
0.067321777343750 3600000
0.067993164062500 3584245
0.066833496093750 3592099
0.061828613281250 3588948
0.068664550781250 3591344
0.068115234375000 3597520
0.068359375000000 3591499
0.068237304687500 3583332
0.069030761718750 3583334
0.065307617187500 3586154
0.068298339843750 3591695
0.064941406250000 3585984
0.059631347656250 3591935
0.065124511718750 3594726
0.000000000000000 3591311
0.067443847656250 3597767
0.067321777343750 3591167
0.067443847656250 3597876
0.069274902343750 3591012
0.065307617187500 3600000
0.068481445312500 3600000
0.069458007812500 3598252
0.067749023437500 3590494
0.059387207031250 3600034
0.065856933593750 3599965
0.066223144531250 3598752
0.066772460937500 3583337
0.000000000000000 3595582
0.067321777343750 3600102
0.066528320312500 3588948
0.068847656250000 3600000
0.069030761718750 3587997
0.066650390625000 3589759
0.067504882812500 3600000
0.065063476562500 3593908
0.067382812500000 3583888
0.064819335937500 3593978
0.067687988281250 3594555
0.068298339843750 3589029
0.065856933593750 3600000
0.000000000000000 3589063
0.065002441406250 3600000
0.066589355468750 3583519
0.067382812500000 3594221
0.065612792968750 3588946
0.067626953125000 3589318
0.069030761718750 3599614
0.066162109375000 3600034
0.065551757812500 3600000
0.068298339843750 3599965
0.059265136718750 3600000
0.066528320312500 3600000
0.066833496093750 3599965
0.065979003906250 3600034
0.067321777343750 3584405
0.000000000000000 3583769
0.068359375000000 3583400
0.065185546875000 3592991
0.065429687500000 3600000
0.066711425781250 3600000
0.066406250000000 3600000
0.068237304687500 3590742
0.070129394531250 3598150
0.066223144531250 3599965
0.065246582031250 3592412
0.068176269531250 3583330
0.067382812500000 3594558
0.067016601562500 3592096
0.000000000000000 3588908
0.066223144531250 3591479
0.066894531250000 3586668
0.069519042968750 3591812
0.065917968750000 3597099
0.067260742187500 3600000
0.065063476562500 3588931
0.067016601562500 3600000
0.065002441406250 3597808
0.067199707031250 3590874
0.067932128906250 3598216
0.067932128906250 3590716
0.067932128906250 3598450
0.000000000000000 3583336
0.066833496093750 3595980
0.066345214843750 3600000
0.066955566406250 3587742
0.069091796875000 3589987
0.067932128906250 3588910
0.067199707031250 3593528
0.066345214843750 3583331
0.067260742187500 3583296
0.067321777343750 3595238
0.065429687500000 3599965
0.069885253906250 3588423
0.000000000000000 3589389
0.065856933593750 3599659
0.067382812500000 3598468
0.068115234375000 3588709
0.064331054687500 3583334
0.067260742187500 3594553
0.066528320312500 3589032
0.068481445312500 3588922
0.068115234375000 3599931
0.066223144531250 3599931
0.067504882812500 3594764
0.067565917968750 3583334
0.068725585937500 3599708
0.000000000000000 3600000
0.066406250000000 3594991
0.059020996093750 3593911
0.068786621093750 3588874
0.067871093750000 3589822
0.066589355468750 3594593
0.067382812500000 3583300
0.067077636718750 3594610
0.066406250000000 3583299
0.066528320312500 3593936
0.067321777343750 3599965
0.067321777343750 3588864
0.066345214843750 3590635
0.066101074218750 3594569
0.000000000000000 3592614
0.068969726562500 3596376
0.066040039062500 3583333
0.066650390625000 3586839
0.068786621093750 3600000
0.065185546875000 3588876
0.067382812500000 3591156
0.067504882812500 3597753
0.067138671875000 3599931
0.066528320312500 3597085
0.068481445312500 3591912
0.067810058593750 3597253
0.065917968750000 3591654
0.000000000000000 3597373
0.068969726562500 3523810
0.065673828125000 3597530
0.059265136718750 3591249
0.066772460937500 3588564
0.059143066406250 3600000
0.067932128906250 3600000
0.066162109375000 3592698
0.067871093750000 3596245
0.065979003906250 3592798
0.068481445312500 3594551
0.066345214843750 3584640
0.067321777343750 3599108
0.064514160156250 3589822
0.067321777343750 3588816
0.000000000000000 3593914
0.069274902343750 3583332
0.066101074218750 3589393
0.067687988281250 3588975
0.064880371093750 3600000
0.060424804687500 3588659
0.064086914062500 3589275
0.067810058593750 3594624
0.064636230468750 3594477
0.069580078125000 3583334
0.059448242187500 3588191
0.067077636718750 3589733
0.067504882812500 3599196
0.066101074218750 3589823
0.066650390625000 3583336
0.066589355468750 3593402
0.067382812500000 3600000
0.000000000000000 3600000
0.070617675781250 3588468
0.065917968750000 3599412
0.066833496093750 3598116
0.066894531250000 3599931
0.066772460937500 3588962
0.065551757812500 3591124
0.067138671875000 3586602
0.067749023437500 3587349
0.066589355468750 3597646
0.066345214843750 3591373
0.065185546875000 3583265
0.067932128906250 3583403
0.000000000000000 3597387
0.065612792968750 3591798
0.066772460937500 3597168
0.064758300781250 3591933
0.068420410156250 3585754
0.068237304687500 3592134
0.065429687500000 3585345
0.068542480468750 3600000
0.064453125000000 3588933
0.068542480468750 3592683
0.067016601562500 3585007
0.067199707031250 3600000
0.066711425781250 3597652
0.000000000000000 3600000
0.066528320312500 3587504
0.068481445312500 3583332
0.065551757812500 3590117
0.068298339843750 3593329
0.065612792968750 3595529
0.068725585937500 3599965
0.066284179687500 3586845
0.065612792968750 3593731
0.067932128906250 3584099
0.066894531250000 3593955
0.066711425781250 3583978
0.066894531250000 3599368
0.000000000000000 3583330
0.066955566406250 3588413
0.066162109375000 3589484
0.067810058593750 3588329
0.066833496093750 3589556
0.065551757812500 3583369
0.067077636718750 3583296
0.065429687500000 3594594
0.066711425781250 3586945
0.067626953125000 3594534
0.066040039062500 3583335
0.067504882812500 3594535
0.068847656250000 3583330
0.000000000000000 3594535
0.066955566406250 3593108
0.066101074218750 3595959
0.066040039062500 3592822
0.069152832031250 3583706
0.067321777343750 3583297
0.067687988281250 3583369
0.064941406250000 3592552
0.067565917968750 3599897
0.066894531250000 3591089
0.069030761718750 3594573
0.068603515625000 3583330
0.066589355468750 3583334
0.000000000000000 3588962
0.070190429687500 3585716
0.066040039062500 3591879
0.067810058593750 3600068
0.065612792968750 3591635
0.068847656250000 3583333
0.059265136718750 3592217
0.065734863281250 3597494
0.066589355468750 3583298
0.066894531250000 3594607
0.066772460937500 3583334
0.067565917968750 3594551
0.067077636718750 3583334
0.067932128906250 3596549
0.000000000000000 3592479
0.065246582031250 3583365
0.067016601562500 3592262
0.066589355468750 3583301
0.066894531250000 3588537
0.063964843750000 3584977
0.069091796875000 3600000
0.069091796875000 3587378
0.066162109375000 3583334
0.067077636718750 3595800
0.066711425781250 3600000
0.069091796875000 3600034
0.064147949218750 3599965
0.000000000000000 3588753
0.066345214843750 3593673
0.067687988281250 3594558
0.067077636718750 3589668
0.059387207031250 3599396
0.066833496093750 3589486
0.065979003906250 3588464
0.065246582031250 3589346
0.058959960937500 3588479
0.064941406250000 3583397
0.066162109375000 3590691
0.065124511718750 3595657
0.069274902343750 3588867
0.067626953125000 3599900
0.066467285156250 3589044
0.065002441406250 3583333
0.065551757812500 3594046
0.000000000000000 3588912
0.067810058593750 3599965
0.066284179687500 3588945
0.067932128906250 3589623
0.067443847656250 3588167
0.068420410156250 3589720
0.067199707031250 3588049
0.065307617187500 3599897
0.067016601562500 3595670
0.065307617187500 3583399
0.067443847656250 3583337
0.067321777343750 3586170
0.066406250000000 3583330
0.000000000000000 3583332
0.067626953125000 3583334
0.065002441406250 3592630
0.068542480468750 3588638
0.065185546875000 3600000
0.065979003906250 3600000
0.067199707031250 3591230
0.067138671875000 3594520
0.068298339843750 3583400
0.065124511718750 3583337
0.066833496093750 3591879
0.066589355468750 3585916
0.059204101562500 3591390
0.065307617187500 3586695
0.067443847656250 3583332
0.067016601562500 3595181
0.000000000000000 3583334
0.066101074218750 3596505
0.069824218750000 3599931
0.065246582031250 3588979
0.066528320312500 3592670
0.066162109375000 3583332
0.067993164062500 3583333
0.066528320312500 3583333
0.066406250000000 3590488
0.067321777343750 3593672
0.068115234375000 3590204
0.066711425781250 3600000
0.066284179687500 3600000
0.000000000000000 3588912
0.067687988281250 3600000
0.066467285156250 3600000
0.067199707031250 3593578
0.066833496093750 3584099
0.066345214843750 3593856
0.067199707031250 3594464
0.066162109375000 3589579
0.067871093750000 3588929
0.066833496093750 3593995
0.065979003906250 3583330
0.066833496093750 3583337
0.067565917968750 3594795
0.000000000000000 3594244
0.068786621093750 3592979
0.065673828125000 3594392
0.066833496093750 3583233
0.069274902343750 3594571
0.065063476562500 3583334
0.067565917968750 3594540
0.065246582031250 3594250
0.068298339843750 3588910
0.066833496093750 3583528
0.065612792968750 3583366
0.068908691406250 3593880
0.066650390625000 3600000
0.000000000000000 3589668
0.067932128906250 3587942
0.065734863281250 3589995
0.067626953125000 3586461
0.065917968750000 3593310
0.065917968750000 3600000
0.069213867187500 3590201
0.065124511718750 3595646
0.066223144531250 3600000
0.064880371093750 3600000
0.068359375000000 3590496
0.065795898437500 3594589
0.069091796875000 3592720
0.000000000000000 3588873
0.065673828125000 3600000
0.066894531250000 3585245
0.069030761718750 3583368
0.065307617187500 3594556
0.068420410156250 3592004
0.065917968750000 3585865
0.068969726562500 3583337
0.067138671875000 3594555
0.067199707031250 3583334
0.066833496093750 3583332
0.065917968750000 3583334
0.068054199218750 3594531
0.000000000000000 3591348
0.068115234375000 3597681
0.067810058593750 3591230
0.068847656250000 3586645
0.066406250000000 3591124
0.066650390625000 3588947
0.064941406250000 3592424
0.067382812500000 3591422
0.065185546875000 3583335
0.059082031250000 3593419
0.067565917968750 3592816
0.059509277343750 3596096
0.065429687500000 3600000
0.064147949218750 3598602
0.068115234375000 3583335
0.065246582031250 3583300
0.058654785156250 3591073
0.000000000000000 3599965
0.132202148437500 3593491
0.000000000000000 3594621
0.068908691406250 3589750
0.066894531250000 3599270
0.062866210937500 3583333
0.064880371093750 3583958
0.073730468750000 3594050
0.064941406250000 3583334
0.066650390625000 3583335
0.063964843750000 3585712
0.061462402343750 3588951
0.062438964843750 3588939
0.070312500000000 3586066
0.064819335937500 3583368
0.063293457031250 3599791
0.059326171875000 3600000
0.071594238281250 3592199
0.000000000000000 3600034
0.126220703125000 3588888
0.000000000000000 3589739
0.067565917968750 3588040
0.066711425781250 3600000
0.066589355468750 3510825
0.060302734375000 3583369
0.068847656250000 3594555
0.069519042968750 3585540
0.065917968750000 3584532
0.067810058593750 3583332
0.067565917968750 3598741
0.066528320312500 3590305
0.068176269531250 3598567
0.065307617187500 3590458
0.000000000000000 3587231
0.066711425781250 3600034
0.065368652343750 3600034
0.068237304687500 3590886
0.067504882812500 3594557
0.067504882812500 3592398
0.067687988281250 3596635
0.064819335937500 3583334
0.067810058593750 3583333
0.064697265625000 3583331
0.068115234375000 3597589
0.066223144531250 3591480
0.068115234375000 3597339
0.065490722656250 3591690
0.000000000000000 3594613
0.068298339843750 3591632
0.065795898437500 3600000
0.066345214843750 3599965
0.067871093750000 3597803
0.064758300781250 3591096
0.069396972656250 3586802
0.064880371093750 3590955
0.068542480468750 3586937
0.066467285156250 3583330
0.067321777343750 3594601
0.067443847656250 3590664
0.065185546875000 3598545
0.000000000000000 3583332
0.068786621093750 3595925
0.065246582031250 3593125
0.067871093750000 3594559
0.066223144531250 3583334
0.066406250000000 3583296
0.066711425781250 3583369
0.065795898437500 3583265
0.068115234375000 3589898
0.065917968750000 3599189
0.068725585937500 3583334
0.067626953125000 3595219
0.065063476562500 3593999
0.000000000000000 3583892
0.067382812500000 3593965
0.058959960937500 3583297
0.068237304687500 3583365
0.066162109375000 3583589
0.068481445312500 3600068
0.060058593750000 3588699
0.063171386718750 3583333
0.060180664062500 3594627
0.062683105468750 3599965
0.060913085937500 3600000
0.067199707031250 3614853
0.071472167968750 3800072
0.064514160156250 3757740
0.071411132812500 3689227
0.071289062500000 3688370
0.064147949218750 3689520
0.070861816406250 3688239
0.073425292968750 3700000
0.071899414062500 3700000
0.071228027343750 3700000
0.071411132812500 3700000
0.000000000000000 3689882
0.070190429687500 3683371
0.071594238281250 3693336
0.069091796875000 3688933
0.073730468750000 3699964
0.071105957031250 3684687
0.070983886718750 3683294
0.070800781250000 3698562
0.070312500000000 3690590
0.071960449218750 3694593
0.072387695312500 3692670
0.072265625000000 3688875
0.071350097656250 3690905
0.000000000000000 3692761
0.071411132812500 3692370
0.073120117187500 3688836
0.070251464843750 3691193
0.065368652343750 3686582
0.069641113281250 3699964
0.072326660156250 3697033
0.070129394531250 3683299
0.073547363281250 3697406
0.071044921875000 3691616
0.072448730468750 3686197
0.071289062500000 3691733
0.069702148437500 3694495
0.070739746093750 3683330
0.069335937500000 3694533
0.000000000000000 3683372
0.075073242187500 3694654
0.071777343750000 3690646
0.071411132812500 3687186
0.072875976562500 3690626
0.072631835937500 3688823
0.072265625000000 3700035
0.069458007812500 3698700
0.072570800781250 3683370
0.070800781250000 3683299
0.072692871093750 3683333
0.072937011718750 3695511
0.000000000000000 3699964
0.070068359375000 3699233
0.071228027343750 3689675
0.070617675781250 3688201
0.075134277343750 3689496
0.071655273437500 3699445
0.070190429687500 3683368
0.072143554687500 3683333
0.073791503906250 3688891
0.072937011718750 3700035
0.073547363281250 3699964
0.070678710937500 3700000
0.000000000000000 3694749
0.072143554687500 3683330
0.070312500000000 3683334
0.072570800781250 3683298
0.071777343750000 3687889
0.072387695312500 3690052
0.072875976562500 3698855
0.069335937500000 3700000
0.070373535156250 3695799
0.071350097656250 3683330
0.064758300781250 3698226
0.072326660156250 3699964
0.072143554687500 3700070
0.069946289062500 3691122
0.000000000000000 3697773
0.071960449218750 3691398
0.073059082031250 3683300
0.070190429687500 3683334
0.072448730468750 3683367
0.070007324218750 3691725
0.073303222656250 3697272
0.070800781250000 3683365
0.072021484375000 3697096
0.070861816406250 3692077
0.070556640625000 3694594
0.063476562500000 3691166
0.070617675781250 3700000
0.072326660156250 3692367
0.069824218750000 3696576
0.000000000000000 3692585
0.073974609375000 3683401
0.072570800781250 3690613
0.070495605468750 3688912
0.063354492187500 3699964
0.069396972656250 3687486
0.063476562500000 3690284
0.070007324218750 3688933
0.071289062500000 3693166
0.069763183593750 3695519
0.071472167968750 3693482
0.072692871093750 3695434
0.072143554687500 3699964
0.071289062500000 3688148
0.068847656250000 3689625
0.072692871093750 3688269
0.069580078125000 3689434
0.000000000000000 3699929
0.073425292968750 3700070
0.070678710937500 3688537
0.072387695312500 3689041
0.073303222656250 3688860
0.071777343750000 3683295
0.071228027343750 3683372
0.070861816406250 3694465
0.072937011718750 3694312
0.070007324218750 3694760
0.070983886718750 3694039
0.072265625000000 3700035
0.069335937500000 3700000
0.063964843750000 3695244
0.000000000000000 3693663
0.070983886718750 3684203
0.073425292968750 3683366
0.069458007812500 3698818
0.064208984375000 3690245
0.071289062500000 3683296
0.074096679687500 3693118
0.071411132812500 3700000
0.071044921875000 3690431
0.063415527343750 3687296
0.070312500000000 3700000
0.072692871093750 3685059
0.071960449218750 3683329
0.071838378906250 3698162
0.073303222656250 3690933
0.069580078125000 3686788
0.000000000000000 3700035
0.072570800781250 3696700
0.071899414062500 3692180
0.072692871093750 3699964
0.069396972656250 3691326
0.071166992187500 3697462
0.071472167968750 3691579
0.070434570312500 3694574
0.072937011718750 3691574
0.070678710937500 3686278
0.062927246093750 3683335
0.070434570312500 3694572
0.072387695312500 3683295
0.071166992187500 3696837
0.000000000000000 3700070
0.073303222656250 3688922
0.071228027343750 3692423
0.070922851562500 3683299
0.073242187500000 3690948
0.070495605468750 3700000
0.071960449218750 3692611
0.068725585937500 3683332
0.073303222656250 3683366
0.072204589843750 3696106
0.069946289062500 3700035
0.071166992187500 3698611
0.072326660156250 3690282
0.062866210937500 3688806
0.069824218750000 3693366
0.000000000000000 3695614
0.073242187500000 3693412
0.073974609375000 3695477
0.072021484375000 3693514
0.072265625000000 3683368
0.072204589843750 3689741
0.071411132812500 3688113
0.072326660156250 3689385
0.072814941406250 3700000
0.072021484375000 3700035
0.069519042968750 3699795
0.072509765625000 3689021
0.000000000000000 3700019
0.070800781250000 3687946
0.071533203125000 3694491
0.070495605468750 3700035
0.063659667968750 3689066
0.073608398437500 3694525
0.072937011718750 3694195
0.073242187500000 3700000
0.071899414062500 3700035
0.071777343750000 3699964
0.070739746093750 3700035
0.074707031250000 3684114
0.069519042968750 3683335
0.000000000000000 3699111
0.071533203125000 3700000
0.070617675781250 3700035
0.071044921875000 3699894
0.071166992187500 3689036
0.070739746093750 3690212
0.073059082031250 3698393
0.074218750000000 3690589
0.071411132812500 3694558
0.072143554687500 3683331
0.069885253906250 3683372
0.071166992187500 3683329
0.073486328125000 3697778
0.000000000000000 3691199
0.072143554687500 3697769
0.068054199218750 3691297
0.074279785156250 3694594
0.062927246093750 3683335
0.071166992187500 3683332
0.073974609375000 3691793
0.072143554687500 3697424
0.070800781250000 3691440
0.073547363281250 3697576
0.071289062500000 3691380
0.072814941406250 3686507
0.070190429687500 3683334
0.000000000000000 3685439
0.072448730468750 3692431
0.070739746093750 3685313
0.071533203125000 3692696
0.071105957031250 3696138
0.073974609375000 3700000
0.074096679687500 3692030
0.070739746093750 3690249
0.071594238281250 3688945
0.070495605468750 3700000
0.072509765625000 3687691
0.070129394531250 3683330
0.071533203125000 3695474
0.000000000000000 3693707
0.070617675781250 3683295
0.069763183593750 3689670
0.073303222656250 3688935
0.068908691406250 3694028
0.069702148437500 3683708
0.073425292968750 3700000
0.072937011718750 3688670
0.072753906250000 3683297
0.069580078125000 3683369
0.072265625000000 3688922
0.070190429687500 3700000
0.072326660156250 3683572
0.070495605468750 3694202
0.000000000000000 3688925
0.071899414062500 3700000
0.074951171875000 3683885
0.071411132812500 3693799
0.071289062500000 3684098
0.069030761718750 3683334
0.071289062500000 3694621
0.069885253906250 3683331
0.064880371093750 3694603
0.070434570312500 3683265
0.072265625000000 3694554
0.071472167968750 3693085
0.070617675781250 3688804
0.063110351562500 3700000
0.068969726562500 3685177
0.073913574218750 3692523
0.000000000000000 3688934
0.069885253906250 3700000
0.073120117187500 3696610
0.073486328125000 3692235
0.069824218750000 3696864
0.072570800781250 3683331
0.071655273437500 3697504
0.071960449218750 3700035
0.071411132812500 3686047
0.071044921875000 3683331
0.072021484375000 3696292
0.070373535156250 3683332
0.072265625000000 3694596
0.000000000000000 3691168
0.069946289062500 3686795
0.073242187500000 3691006
0.073669433593750 3688652
0.071289062500000 3700035
0.071899414062500 3700000
0.069946289062500 3700000
0.071044921875000 3700000
0.072204589843750 3692988
0.070373535156250 3683329
0.069396972656250 3683333
0.072875976562500 3694598
0.000000000000000 3683297
0.073181152343750 3684204
0.069335937500000 3699964
0.073608398437500 3700000
0.069702148437500 3700000
0.070983886718750 3688943
0.070861816406250 3700000
0.071350097656250 3688910
0.073242187500000 3686308
0.071166992187500 3683637
0.073303222656250 3694287
0.070983886718750 3694597
0.073303222656250 3683361
0.000000000000000 3683339
0.071594238281250 3691556
0.072814941406250 3700000
0.071777343750000 3700000
0.069091796875000 3689165
0.070678710937500 3683330
0.070251464843750 3683336
0.072998046875000 3688253
0.071105957031250 3689691
0.071228027343750 3694513
0.068969726562500 3683369
0.074707031250000 3699076
0.070495605468750 3699964
0.071411132812500 3700000
0.000000000000000 3700035
0.072021484375000 3695854
0.069702148437500 3693042
0.073547363281250 3688946
0.068969726562500 3690463
0.071716308593750 3694566
0.062866210937500 3683330
0.072387695312500 3683369
0.072570800781250 3692308
0.071533203125000 3688875
0.073303222656250 3699964
0.070739746093750 3700070
0.073669433593750 3691370
0.000000000000000 3697504
0.073547363281250 3700035
0.070983886718750 3688918
0.071411132812500 3691770
0.069885253906250 3697104
0.063049316406250 3691949
0.070129394531250 3694561
0.071655273437500 3683332
0.074035644531250 3694555
0.073364257812500 3683334
0.071899414062500 3696400
0.071289062500000 3700000
0.070312500000000 3700035
0.073303222656250 3699964
0.000000000000000 3688887
0.074462890625000 3700000
0.071777343750000 3700035
0.071105957031250 3693182
0.070800781250000 3683368
0.071899414062500 3683332
0.072692871093750 3684389
0.070251464843750 3700000
0.071166992187500 3687958
0.145751953125000 3688419
0.073303222656250 3691539
0.070739746093750 3694567
0.069763183593750 3691742
0.071166992187500 3700000
0.073608398437500 3691870
0.072509765625000 3683330
0.071411132812500 3683299
0.071960449218750 3694605
0.072692871093750 3683334
0.074035644531250 3683295
0.000000000000000 3683337
0.070373535156250 3694483
0.071533203125000 3683437
0.065490722656250 3685234
0.070312500000000 3699964
0.070312500000000 3698284
0.072021484375000 3683365
0.071716308593750 3694581
0.073669433593750 3690476
0.069580078125000 3698477
0.069641113281250 3690436
0.071472167968750 3699964
0.072814941406250 3700000
0.069885253906250 3688968
0.072021484375000 3699964
0.000000000000000 3700000
0.071716308593750 3693631
0.072814941406250 3684102
0.073669433593750 3685277
0.070129394531250 3683296
0.070373535156250 3683366
0.070007324218750 3683674
0.072448730468750 3694225
0.069824218750000 3683295
0.070739746093750 3689132
0.071289062500000 3688876
0.071899414062500 3700000
0.071655273437500 3688910
0.000000000000000 3683331
0.070373535156250 3683334
0.070861816406250 3699890
0.070068359375000 3699964
0.063354492187500 3688912
0.070495605468750 3700000
0.073059082031250 3700000
0.072875976562500 3700000
0.069824218750000 3700000
0.063537597656250 3689923
0.071105957031250 3698988
0.072143554687500 3690035
0.071411132812500 3687738
0.074401855468750 3699964
0.069702148437500 3700000
0.071838378906250 3700000
0.000000000000000 3696032
0.072692871093750 3692935
0.071350097656250 3688866
0.072265625000000 3690648
0.069641113281250 3687141
0.073791503906250 3699964
0.070739746093750 3688885
0.063171386718750 3691006
0.072021484375000 3697963
0.071899414062500 3691157
0.070617675781250 3697743
0.070251464843750 3700000
0.073120117187500 3688728
0.071350097656250 3700070
0.071228027343750 3697196
0.000000000000000 3683299
0.074523925781250 3686096
0.071655273437500 3691757
0.072631835937500 3697156
0.070068359375000 3691904
0.072387695312500 3683332
0.069396972656250 3683332
0.073181152343750 3685577
0.072204589843750 3699894
0.070312500000000 3700105
0.071411132812500 3692548
0.073303222656250 3684950
0.062866210937500 3692981
0.070983886718750 3684792
0.000000000000000 3693064
0.070983886718750 3694583
0.071594238281250 3683365
0.072875976562500 3695638
0.072998046875000 3700035
0.073303222656250 3699964
0.072021484375000 3700000
0.071472167968750 3688934
0.069519042968750 3700035
0.070617675781250 3699964
0.071533203125000 3693950
0.071655273437500 3683366
0.000000000000000 3689287
0.072753906250000 3688567
0.070190429687500 3689171
0.071350097656250 3688970
0.070495605468750 3694371
0.071533203125000 3683300
0.073425292968750 3688928
0.073181152343750 3699894
0.070007324218750 3689146
0.072204589843750 3689237
0.072570800781250 3688516
0.070861816406250 3689317
0.071289062500000 3694555
0.000000000000000 3693924
0.071899414062500 3695098
0.063415527343750 3683369
0.069824218750000 3688151
0.072875976562500 3700000
0.070434570312500 3684237
0.072937011718750 3693461
0.071411132812500 3695589
0.074829101562500 3793502
0.079772949218750 3800000
0.077148437500000 3800000
0.080688476562500 3800000
0.075988769531250 3800036
0.000000000000000 3799963
0.080322265625000 3800000
0.076171875000000 3799963
0.080627441406250 3800036
0.079162597656250 3800000
0.077453613281250 3800000
0.078552246093750 3800000
0.078552246093750 3799963
0.079406738281250 3800036
0.077148437500000 3799963
0.077758789062500 3800036
0.078125000000000 3800000
0.000000000000000 3800000
0.076538085937500 3800036
0.078674316406250 3800000
0.077148437500000 3799963
0.066894531250000 3800000
0.074829101562500 3800000
0.065124511718750 3800036
0.074951171875000 3799927
0.073242187500000 3800036
0.072509765625000 3800000
0.073730468750000 3800036
0.072998046875000 3799963
0.073547363281250 3800000
0.076110839843750 3800000
0.000000000000000 3800036
0.075561523437500 3799963
0.074340820312500 3800000
0.074279785156250 3800000
0.073120117187500 3800000
0.074829101562500 3800000
0.071594238281250 3800000
0.075439453125000 3800036
0.072448730468750 3799963
0.070434570312500 3800000
0.074340820312500 3800000
0.073913574218750 3799927
0.000000000000000 3800072
0.074768066406250 3800000
0.070556640625000 3800000
0.074523925781250 3800000
0.075927734375000 3799963
0.073547363281250 3800000
0.074340820312500 3800036
0.072998046875000 3800000
0.073852539062500 3800000
0.072875976562500 3800000
0.075073242187500 3800000
0.073791503906250 3800000
0.000000000000000 3799963
0.136840820312500 3800036
0.000000000000000 3800000
0.071960449218750 3800000
0.073669433593750 3800000
0.072204589843750 3799963
0.072937011718750 3800036
0.076110839843750 3800000
0.072326660156250 3800000
0.073486328125000 3799963
0.072814941406250 3800036
0.073791503906250 3800000
0.072326660156250 3800000
0.072875976562500 3800000
0.000000000000000 3800000
0.074218750000000 3800000
0.071228027343750 3800000
0.064453125000000 3800000
0.072937011718750 3796673
0.073974609375000 3803365
0.073364257812500 3799963
0.072814941406250 3800000
0.072753906250000 3800000
0.073608398437500 3800000
0.074707031250000 3800000
0.072814941406250 3800000
0.075195312500000 3800000
0.072570800781250 3800000
0.072570800781250 3800000
0.000000000000000 3800000
0.071472167968750 3800000
0.075439453125000 3800000
0.065490722656250 3800000
0.071228027343750 3799963
0.075439453125000 3800036
0.070678710937500 3800000
0.076599121093750 3799963
0.072570800781250 3800036
0.074768066406250 3800000
0.073486328125000 3800000
0.072326660156250 3800000
0.065795898437500 3800000
0.070068359375000 3800000
0.073120117187500 3799328
0.000000000000000 3797181
0.072937011718750 3800000
0.075866699218750 3800000
0.071838378906250 3800000
0.074279785156250 3800000
0.073059082031250 3800000
0.073730468750000 3800000
0.072387695312500 3799963
0.071166992187500 3800036
0.075317382812500 3800000
0.071777343750000 3800000
0.077270507812500 3800000
0.000000000000000 3800000
0.072814941406250 3800000
0.070983886718750 3800000
0.072326660156250 3800000
0.071411132812500 3799963
0.076049804687500 3800072
0.072998046875000 3799963
0.064575195312500 3800036
0.074218750000000 3799963
0.071228027343750 3800000
0.075073242187500 3800000
0.071655273437500 3800000
0.074829101562500 3800000
0.073974609375000 3800000
0.000000000000000 3800000
0.076904296875000 3800000
0.074462890625000 3800036
0.072692871093750 3799963
0.074340820312500 3800000
0.072082519531250 3800000
0.074951171875000 3800000
0.072021484375000 3800000
0.074462890625000 3800000
0.072814941406250 3800000
0.075134277343750 3800000
0.073059082031250 3800000
0.000000000000000 3800000
0.073059082031250 3799963
0.075500488281250 3800036
0.073181152343750 3800000
0.076782226562500 3800000
0.072021484375000 3800000
0.072937011718750 3800000
0.074462890625000 3800000
0.072937011718750 3800000
0.064514160156250 3799963
0.071105957031250 3800036
0.073303222656250 3800000
0.073730468750000 3800000
0.000000000000000 3800000
0.074096679687500 3800000
0.073364257812500 3800000
0.073608398437500 3800000
0.072448730468750 3800000
0.074768066406250 3800000
0.074707031250000 3800000
0.073364257812500 3800000
0.072204589843750 3800000
0.072204589843750 3800000
0.073913574218750 3800000
0.072082519531250 3800000
0.072082519531250 3800000
0.064392089843750 3800000
0.073242187500000 3799963
0.000000000000000 3800036
0.072937011718750 3800000
0.074218750000000 3800036
0.072875976562500 3799963
0.073547363281250 3800000
0.072387695312500 3800000
0.072631835937500 3800000
0.074035644531250 3800000
0.073364257812500 3800000
0.075439453125000 3800000
0.072326660156250 3800000
0.073120117187500 3800000
0.071472167968750 3800000
0.000000000000000 3800000
0.072326660156250 3800000
0.073852539062500 3800000
0.075256347656250 3799963
0.073913574218750 3800036
0.073608398437500 3800000
0.075927734375000 3799963
0.071838378906250 3800036
0.065612792968750 3800000
0.072509765625000 3800000
0.074401855468750 3800000
0.074829101562500 3800000
0.071472167968750 3800000
0.000000000000000 3800000
0.072814941406250 3800000
0.072570800781250 3800000
0.075805664062500 3799963
0.072875976562500 3800036
0.073547363281250 3800000
0.072326660156250 3800000
0.070434570312500 3800000
0.077087402343750 3800000
0.071105957031250 3800000
0.064453125000000 3800000
0.073425292968750 3800000
0.074462890625000 3800000
0.076965332031250 3800000
0.000000000000000 3796192
0.072204589843750 3798298
0.074829101562500 3796560
0.071350097656250 3797463
0.074096679687500 3800000
0.073120117187500 3800000
0.073486328125000 3799963
0.074279785156250 3797238
0.071594238281250 3785432
0.074218750000000 3800000
0.072326660156250 3800000
0.073730468750000 3796526
0.000000000000000 3794307
0.074768066406250 3790514
0.074279785156250 3797124
0.075744628906250 3792595
0.070434570312500 3800000
0.073303222656250 3800000
0.073974609375000 3800000
0.073730468750000 3800000
0.073974609375000 3800000
0.074401855468750 3800000
0.073059082031250 3800000
0.075866699218750 3800000
0.000000000000000 3800036
0.070922851562500 3796379
0.071350097656250 3786932
0.071350097656250 3785028
0.071716308593750 3800000
0.075561523437500 3800000
0.074279785156250 3793064
0.073669433593750 3800000
0.073852539062500 3800036
0.072937011718750 3797612
0.074279785156250 3789170
0.072143554687500 3787648
0.074584960937500 3800036
0.065185546875000 3799963
0.000000000000000 3800000
0.074645996093750 3800000
0.072692871093750 3793084
0.072204589843750 3800036
0.075500488281250 3800000
0.072631835937500 3800000
0.073303222656250 3800000
0.073730468750000 3798003
0.071533203125000 3797972
0.075561523437500 3800000
0.074096679687500 3800000
0.074645996093750 3800000
0.000000000000000 3800000
0.072326660156250 3800000
0.074157714843750 3800000
0.075378417968750 3800000
0.072692871093750 3800000
0.073425292968750 3800000
0.072448730468750 3799927
0.074707031250000 3800072
0.073852539062500 3799963
0.072753906250000 3800000
0.074401855468750 3800036
0.071044921875000 3799963
0.064941406250000 3800036
0.073242187500000 3800000
0.000000000000000 3800000
0.073425292968750 3800000
0.072814941406250 3799891
0.073486328125000 3800108
0.076477050781250 3799963
0.071044921875000 3800036
0.074890136718750 3800000
0.072082519531250 3800000
0.074340820312500 3800000
0.071166992187500 3800000
0.074462890625000 3799963
0.075500488281250 3796616
0.070739746093750 3800036
0.065429687500000 3799963
0.000000000000000 3799963
0.071044921875000 3800036
0.074829101562500 3799963
0.073913574218750 3800072
0.075622558593750 3799963
0.073364257812500 3800000
0.064758300781250 3797496
0.073059082031250 3800036
0.073303222656250 3800000
0.073303222656250 3800000
0.072814941406250 3797707
0.074768066406250 3797170
0.074218750000000 3797066
0.065856933593750 3800072
0.072326660156250 3800000
0.000000000000000 3800000
0.074218750000000 3800000
0.072509765625000 3800000
0.071350097656250 3800000
0.073852539062500 3799927
0.070312500000000 3800072
0.074768066406250 3800000
0.072082519531250 3800000
0.074768066406250 3793527
0.072875976562500 3796161
0.073181152343750 3800000
0.073181152343750 3800000
0.070434570312500 3800000
0.064575195312500 3800000
0.071411132812500 3800000
0.073059082031250 3796457
0.000000000000000 3800000
0.073303222656250 3800000
0.074401855468750 3800000
0.075439453125000 3800000
0.073364257812500 3800000
0.073181152343750 3800000
0.072814941406250 3800000
0.076110839843750 3800000
0.075500488281250 3800000
0.073791503906250 3800000
0.072448730468750 3800000
0.000000000000000 3791857
0.137634277343750 3799963
0.000000000000000 3798722
0.073547363281250 3788974
0.072326660156250 3783337
0.074096679687500 3779142
0.074401855468750 3700000
0.070312500000000 3697591
0.071533203125000 3700070
0.073181152343750 3699964
0.072204589843750 3700000
0.072265625000000 3700035
0.075134277343750 3700000
0.000000000000000 3699092
0.070434570312500 3694679
0.072021484375000 3699964
0.072265625000000 3700035
0.072265625000000 3699964
0.069030761718750 3699964
0.071289062500000 3700035
0.073669433593750 3700035
0.070556640625000 3699964
0.073425292968750 3700035
0.068969726562500 3700000
0.071350097656250 3700000
0.063232421875000 3699964
0.063110351562500 3699929
0.071777343750000 3699594
0.073364257812500 3698867
0.000000000000000 3700000
0.072143554687500 3700000
0.073181152343750 3699964
0.070983886718750 3700000
0.071350097656250 3700000
0.072326660156250 3700000
0.072570800781250 3700000
0.072509765625000 3700000
0.071899414062500 3700000
0.072509765625000 3700035
0.074707031250000 3699964
0.000000000000000 3700000
0.071166992187500 3700000
0.072998046875000 3700035
0.071899414062500 3699964
0.072387695312500 3700000
0.062988281250000 3700000
0.071289062500000 3700000
0.071533203125000 3700000
0.071228027343750 3700035
0.070861816406250 3700000
0.072509765625000 3700000
0.070861816406250 3699964
0.074340820312500 3700000
0.071533203125000 3700035
0.000000000000000 3700000
0.072875976562500 3699929
0.073486328125000 3700035
0.071655273437500 3700035
0.071899414062500 3699964
0.071655273437500 3700035
0.073364257812500 3699929
0.069763183593750 3700070
0.063293457031250 3700000
0.069641113281250 3699964
0.074707031250000 3700035
0.072143554687500 3699964
0.063232421875000 3700035
0.071777343750000 3700000
0.067626953125000 3699964
0.000000000000000 3700035
0.074829101562500 3699964
0.072204589843750 3700035
0.064636230468750 3699929
0.068481445312500 3700035
0.063781738281250 3700000
0.075195312500000 3700035
0.073547363281250 3699964
0.068542480468750 3699929
0.067565917968750 3700070
0.072143554687500 3700035
0.073669433593750 3699964
0.067565917968750 3700035
0.069763183593750 3690077
0.065673828125000 3699380
0.064697265625000 3700000
0.070556640625000 3699964
0.072937011718750 3700000
0.064147949218750 3700000
0.075988769531250 3700035
0.000000000000000 3699929
0.073730468750000 3700070
0.073120117187500 3699964
0.077575683593750 3700000
0.074340820312500 3700035
0.073364257812500 3695427
0.074401855468750 3699964
0.066406250000000 3700035
0.069885253906250 3699964
0.063476562500000 3694693
0.070617675781250 3698540
0.071655273437500 3700035
0.070617675781250 3700000
0.000000000000000 3699964
0.072387695312500 3700000
0.073059082031250 3700000
0.071289062500000 3700035
0.072692871093750 3699964
0.070312500000000 3700000
0.063293457031250 3700000
0.072387695312500 3700000
0.071166992187500 3700035
0.070373535156250 3699964
0.072814941406250 3700000
0.062866210937500 3700035
0.070007324218750 3700000
0.071411132812500 3699929
0.070007324218750 3700070
0.063232421875000 3699964
0.070739746093750 3700000
0.000000000000000 3700000
0.072814941406250 3700035
0.070007324218750 3689850
0.072509765625000 3699744
0.074462890625000 3700035
0.063171386718750 3700000
0.072448730468750 3699964
0.071838378906250 3700000
0.063354492187500 3700000
0.072631835937500 3700000
0.070373535156250 3698373
0.072082519531250 3700000
0.072082519531250 3700000
0.074829101562500 3700000
0.070007324218750 3700000
0.000000000000000 3700000
0.069580078125000 3700035
0.071655273437500 3699964
0.074157714843750 3700000
0.073059082031250 3700035
0.069213867187500 3700000
0.073303222656250 3700000
0.073974609375000 3699964
0.066162109375000 3699964
0.071472167968750 3695710
0.073242187500000 3700000
0.075439453125000 3700000
0.000000000000000 3700000
0.071899414062500 3700000
0.063354492187500 3698489
0.070678710937500 3700035
0.073852539062500 3700000
0.069641113281250 3699929
0.070739746093750 3700070
0.066040039062500 3699964
0.066833496093750 3700035
0.075073242187500 3700000
0.072265625000000 3700000
0.072998046875000 3699823
0.071899414062500 3700176
0.070861816406250 3699964
0.070007324218750 3700035
0.063171386718750 3693213
0.070129394531250 3700035
0.000000000000000 3700000
0.072998046875000 3699964
0.071228027343750 3700035
0.069763183593750 3699964
0.073547363281250 3700035
0.070678710937500 3699929
0.072937011718750 3700035
0.071533203125000 3689692
0.075317382812500 3700000
0.071411132812500 3700000
0.069335937500000 3699964
0.073242187500000 3694737
0.000000000000000 3700070
0.072143554687500 3700035
0.072692871093750 3699964
0.070495605468750 3700000
0.072448730468750 3700000
0.071594238281250 3693069
0.071044921875000 3700035
0.071777343750000 3699964
0.070190429687500 3700035
0.073425292968750 3699964
0.071350097656250 3700035
0.073730468750000 3699964
0.071044921875000 3700035
0.000000000000000 3699964
0.070373535156250 3700000
0.071044921875000 3700035
0.070861816406250 3699964
0.072021484375000 3700000
0.070495605468750 3700000
0.073303222656250 3700000
0.073425292968750 3700035
0.071655273437500 3700000
0.072326660156250 3698726
0.071838378906250 3700000
0.072570800781250 3700000
0.000000000000000 3700000
0.074157714843750 3700000
0.071472167968750 3700000
0.071289062500000 3699964
0.071594238281250 3700035
0.072937011718750 3699964
0.072326660156250 3696549
0.073181152343750 3700035
0.072509765625000 3700000
0.070678710937500 3700000
0.075256347656250 3699964
0.069641113281250 3700000
0.000000000000000 3698722
0.072082519531250 3697875
0.070617675781250 3699964
0.072814941406250 3700000
0.075073242187500 3700035
0.071289062500000 3699964
0.071899414062500 3692790
0.067565917968750 3700000
0.072448730468750 3700000
0.069702148437500 3699964
0.071960449218750 3700035
0.073669433593750 3700000
0.069885253906250 3700000
0.000000000000000 3700000
0.073120117187500 3699929
0.071899414062500 3700070
0.072204589843750 3699964
0.068969726562500 3700035
0.063476562500000 3699964
0.070129394531250 3700035
0.072509765625000 3700000
0.071105957031250 3700000
0.069030761718750 3700000
0.072570800781250 3697600
0.069335937500000 3700000
0.072021484375000 3693796
0.072021484375000 3698098
0.000000000000000 3699964
0.074829101562500 3700035
0.074035644531250 3700000
0.071533203125000 3700000
0.073486328125000 3699929
0.070800781250000 3700035
0.071899414062500 3700035
0.074462890625000 3700000
0.071411132812500 3700000
0.073303222656250 3700000
0.069580078125000 3699964
0.072631835937500 3700035
0.000000000000000 3699964
0.072937011718750 3700000
0.072814941406250 3698820
0.072021484375000 3699787
0.072265625000000 3699964
0.062866210937500 3700035
0.070922851562500 3699964
0.072448730468750 3700035
0.071289062500000 3699357
0.070251464843750 3689423
0.070739746093750 3697258
0.072265625000000 3700000
0.071899414062500 3700000
0.070739746093750 3700000
0.000000000000000 3697668
0.074462890625000 3700000
0.070190429687500 3700000
0.073181152343750 3694591
0.073974609375000 3694369
0.069946289062500 3699964
0.062927246093750 3700035
0.070495605468750 3700000
0.071777343750000 3700000
0.072509765625000 3700000
0.072387695312500 3699964
0.069702148437500 3700000
0.070983886718750 3700035
0.000000000000000 3699964
0.073059082031250 3700035
0.070617675781250 3699964
0.070251464843750 3700035
0.069519042968750 3697951
0.073059082031250 3699630
0.071655273437500 3700035
0.062866210937500 3699929
0.069213867187500 3700070
0.072875976562500 3700000
0.072509765625000 3699929
0.069641113281250 3700070
0.073425292968750 3698200
0.071777343750000 3700000
0.073791503906250 3700000
0.000000000000000 3700000
0.071350097656250 3700000
0.073974609375000 3700000
0.073486328125000 3700000
0.069885253906250 3700000
0.062927246093750 3700000
0.069885253906250 3700000
0.071777343750000 3700000
0.070495605468750 3699964
0.072265625000000 3700035
0.073913574218750 3699964
0.070678710937500 3700035
0.070617675781250 3700000
0.072631835937500 3700000
0.000000000000000 3700000
0.072265625000000 3700000
0.070983886718750 3699964
0.074584960937500 3700000
0.072692871093750 3700035
0.070495605468750 3699964
0.071533203125000 3700035
0.071228027343750 3699894
0.073669433593750 3700105
0.069885253906250 3699964
0.074523925781250 3700035
0.071289062500000 3699894
0.000000000000000 3700105
0.069580078125000 3699964
0.073059082031250 3700000
0.069458007812500 3700000
0.071716308593750 3700035
0.073364257812500 3699328
0.071960449218750 3700000
0.063537597656250 3700000
0.072387695312500 3698069
0.071044921875000 3699964
0.069396972656250 3700000
0.072387695312500 3700000
0.069519042968750 3700000
0.065063476562500 3700000
0.069274902343750 3700000
0.072265625000000 3699964
0.000000000000000 3700035
0.073242187500000 3698713
0.063842773437500 3700035
0.073547363281250 3700000
0.072143554687500 3699929
0.070800781250000 3700035
0.071777343750000 3700035
0.072814941406250 3692949
0.071533203125000 3697299
0.070495605468750 3693881
0.072692871093750 3700000
0.071655273437500 3690175
0.073669433593750 3696415
0.069091796875000 3700000
0.000000000000000 3699964
0.071777343750000 3700000
0.071411132812500 3700000
0.072937011718750 3700000
0.071289062500000 3700035
0.072875976562500 3699964
0.073364257812500 3700035
0.070922851562500 3700000
0.071228027343750 3698356
0.072021484375000 3699964
0.071594238281250 3700000
0.071350097656250 3700035
0.000000000000000 3700000
0.072021484375000 3699964
0.071228027343750 3696470
0.070434570312500 3700000
0.070861816406250 3699964
0.073303222656250 3700000
0.070739746093750 3700035
0.073181152343750 3691419
0.072753906250000 3693248
0.072265625000000 3700000
0.071533203125000 3700000
0.071960449218750 3699964
0.000000000000000 3700035
0.071044921875000 3699964
0.070251464843750 3700035
0.071838378906250 3700000
0.071472167968750 3699964
0.071899414062500 3700000
0.072021484375000 3694836
0.070251464843750 3700000
0.075195312500000 3700000
0.069458007812500 3699241
0.072509765625000 3700035
0.070678710937500 3700000
0.073974609375000 3699964
0.000000000000000 3693014
0.215209960937500 3696330
0.133239746093750 3699964
0.000000000000000 3700035
0.070068359375000 3700000
0.071472167968750 3699964
0.070739746093750 3700000
0.063293457031250 3700035
0.072631835937500 3699964
0.071289062500000 3700000
0.071777343750000 3700035
0.069763183593750 3700000
0.074035644531250 3700000
0.069763183593750 3699964
0.070861816406250 3700000
0.069458007812500 3696089
0.074340820312500 3696807
0.070922851562500 3700035
0.000000000000000 3699964
0.070800781250000 3700000
0.071899414062500 3697649
0.070190429687500 3699716
0.072631835937500 3700000
0.071289062500000 3700000
0.071350097656250 3700000
0.073608398437500 3699964
0.071289062500000 3700000
0.073303222656250 3700000
0.070800781250000 3700000
0.062988281250000 3700035
0.071228027343750 3700000
0.064086914062500 3700000
0.070495605468750 3699964
0.071777343750000 3700000
0.000000000000000 3700035
0.073974609375000 3700000
0.070190429687500 3700000
0.072265625000000 3699929
0.071533203125000 3700070
0.072998046875000 3700000
0.070983886718750 3699964
0.072143554687500 3700000
0.073303222656250 3700000
0.070434570312500 3700035
0.070739746093750 3699964
0.070251464843750 3700000
0.000000000000000 3700035
0.072448730468750 3700000
0.069946289062500 3700000
0.072021484375000 3699964
0.073425292968750 3700000
0.072631835937500 3700000
0.071594238281250 3696439
0.071533203125000 3694479
0.073608398437500 3699964
0.070617675781250 3700035
0.072998046875000 3699929
0.072509765625000 3700070
0.000000000000000 3700000
0.070861816406250 3699964
0.071228027343750 3700000
0.062988281250000 3696592
0.072814941406250 3700035
0.070922851562500 3700000
0.072875976562500 3699964
0.071777343750000 3700000
0.070922851562500 3700000
0.073059082031250 3700035
0.072326660156250 3699964
0.069946289062500 3700000
0.073364257812500 3700035
0.070495605468750 3699964
0.000000000000000 3700000
0.071044921875000 3700035
0.069824218750000 3700000
0.072265625000000 3700000
0.072814941406250 3700000
0.071655273437500 3699964
0.069824218750000 3688907
0.071166992187500 3700035
0.074340820312500 3699964
0.071350097656250 3700000
0.071166992187500 3700000
0.070373535156250 3699929
0.072021484375000 3700105
0.000000000000000 3700000
0.071105957031250 3697376
0.073303222656250 3692452
0.073791503906250 3699964
0.070922851562500 3700000
0.073425292968750 3700000
0.072692871093750 3700035
0.073425292968750 3699964
0.069763183593750 3700000
0.072387695312500 3699964
0.072570800781250 3700000
0.070617675781250 3700035
0.000000000000000 3700035
0.072082519531250 3700000
0.070007324218750 3699964
0.063354492187500 3700000
0.070312500000000 3700035
0.071655273437500 3699964
0.072143554687500 3700000
0.072631835937500 3699106
0.064025878906250 3698995
0.070434570312500 3700000
0.072509765625000 3700035
0.072631835937500 3699964
0.072265625000000 3700000
0.070495605468750 3700035
0.071838378906250 3696572
0.000000000000000 3700000
0.075744628906250 3700000
0.070068359375000 3699964
0.073059082031250 3700000
0.071411132812500 3700000
0.071899414062500 3699929
0.071899414062500 3700105
0.073669433593750 3700000
0.072509765625000 3700000
0.071899414062500 3700000
0.072021484375000 3699964
0.069519042968750 3700000
0.000000000000000 3700035
0.072509765625000 3700000
0.071472167968750 3700000
0.073242187500000 3699964
0.071289062500000 3682860
0.069885253906250 3600034
0.059082031250000 3599965
0.067565917968750 3600000
0.068237304687500 3600000
0.065429687500000 3599965
0.059570312500000 3600034
0.064758300781250 3600000
0.069458007812500 3599931
0.066711425781250 3600068
0.066223144531250 3600000
0.000000000000000 3600034
0.067138671875000 3599897
0.065429687500000 3600102
0.067016601562500 3599965
0.065612792968750 3600000
0.069335937500000 3600000
0.067871093750000 3600034
0.065307617187500 3600000
0.066345214843750 3599965
0.066955566406250 3600000
0.067016601562500 3588913
0.064880371093750 3600000
0.067504882812500 3586257
0.066833496093750 3599627
0.000000000000000 3586450
0.068054199218750 3591307
0.066345214843750 3589149
0.064514160156250 3599965
0.068237304687500 3600000
0.066894531250000 3600000
0.067687988281250 3592926
0.067077636718750 3592925
0.065612792968750 3595986
0.068298339843750 3593058
0.068481445312500 3584662
0.067565917968750 3593206
0.067138671875000 3595738
0.000000000000000 3599897
0.065917968750000 3589014
0.067993164062500 3593473
0.066528320312500 3583364
0.068664550781250 3585220
0.065856933593750 3597522
0.066711425781250 3600000
0.068054199218750 3599483
0.068054199218750 3589464
0.067749023437500 3588430
0.066223144531250 3589330
0.070251464843750 3588562
0.000000000000000 3589055
0.065246582031250 3588909
0.067199707031250 3600000
0.065979003906250 3600000
0.067077636718750 3600000
0.067504882812500 3600000
0.065246582031250 3594838
0.066589355468750 3583333
0.067138671875000 3588387
0.070495605468750 3589454
0.066467285156250 3594554
0.069641113281250 3593843
0.066528320312500 3584013
0.000000000000000 3583369
0.065612792968750 3599195
0.059936523437500 3599965
0.067138671875000 3595782
0.068359375000000 3583295
0.067993164062500 3594565
0.066894531250000 3591383
0.066833496093750 3595998
0.066040039062500 3583298
0.066406250000000 3595259
0.067138671875000 3599869
0.060485839843750 3594569
0.067687988281250 3592626
0.068847656250000 3596397
0.066833496093750 3583336
0.000000000000000 3594634
0.066772460937500 3583300
0.069641113281250 3597678
0.065124511718750 3599965
0.066894531250000 3585903
0.065917968750000 3591703
0.068359375000000 3600034
0.066040039062500 3600000
0.058959960937500 3586193
0.067321777343750 3591542
0.066833496093750 3600000
0.067810058593750 3599931
0.065490722656250 3591079
0.066589355468750 3592192
0.065734863281250 3594537
0.000000000000000 3592298
0.070129394531250 3600000
0.066772460937500 3600000
0.066772460937500 3599965
0.059082031250000 3600034
0.064880371093750 3598713
0.059448242187500 3590219
0.065612792968750 3587700
0.066223144531250 3583265
0.067565917968750 3595847
0.066284179687500 3596333
0.071411132812500 3598443
0.065124511718750 3589478
0.067993164062500 3599606
0.065368652343750 3583333
0.067810058593750 3585882
0.000000000000000 3590596
0.064880371093750 3596673
0.066223144531250 3594702
0.066528320312500 3583836
0.067871093750000 3593239
0.066955566406250 3583332
0.066406250000000 3599860
0.067199707031250 3600034
0.065551757812500 3594706
0.058898925781250 3583365
0.065246582031250 3599276
0.067443847656250 3599938
0.066345214843750 3599013
0.066223144531250 3590939
0.068603515625000 3598862
0.065979003906250 3590126
0.000000000000000 3587507
0.066589355468750 3590923
0.067382812500000 3583399
0.060180664062500 3586908
0.067321777343750 3588430
0.066711425781250 3590751
0.059387207031250 3590919
0.066894531250000 3600000
0.059020996093750 3600000
0.066345214843750 3600034
0.066589355468750 3599965
0.066406250000000 3600000
0.067382812500000 3600000
0.067565917968750 3600000
0.065979003906250 3596825
0.068969726562500 3583369
0.065979003906250 3584643
0.000000000000000 3593110
0.069580078125000 3599965
0.065673828125000 3600000
0.069152832031250 3600034
0.066101074218750 3599965
0.069152832031250 3599931
0.067443847656250 3600068
0.066833496093750 3600000
0.068359375000000 3600000
0.066406250000000 3600000
0.067626953125000 3599965
0.065002441406250 3600034
0.067443847656250 3600034
0.000000000000000 3600000
0.067016601562500 3599965
0.067321777343750 3600000
0.068298339843750 3600000
0.067199707031250 3600000
0.066711425781250 3600000
0.065307617187500 3600000
0.069824218750000 3600000
0.066894531250000 3600000
0.066101074218750 3599965
0.066955566406250 3600034
0.065673828125000 3600034
0.059814453125000 3599965
0.065612792968750 3600000
0.000000000000000 3600000
0.067871093750000 3600000
0.068237304687500 3600000
0.066467285156250 3600034
0.067321777343750 3599965
0.065551757812500 3600000
0.067687988281250 3600000
0.066894531250000 3600000
0.068176269531250 3600000
0.067382812500000 3600000
0.066162109375000 3600000
0.065551757812500 3599931
0.066223144531250 3600102
0.000000000000000 3600000
0.067504882812500 3599965
0.065063476562500 3600000
0.067687988281250 3600000
0.065429687500000 3600000
0.069152832031250 3600000
0.066162109375000 3600000
0.066101074218750 3600000
0.069885253906250 3600000
0.066406250000000 3599965
0.067077636718750 3600034
0.065368652343750 3600000
0.067504882812500 3600000
0.066345214843750 3599965
0.000000000000000 3600068
0.067932128906250 3599965
0.067687988281250 3600000
0.065429687500000 3600000
0.067932128906250 3600000
0.067382812500000 3600000
0.070068359375000 3599965
0.067993164062500 3600034
0.066345214843750 3600034
0.067199707031250 3599897
0.069091796875000 3600000
0.000000000000000 3600068
0.066223144531250 3600000
0.065856933593750 3600000
0.070129394531250 3600000
0.067626953125000 3600000
0.066345214843750 3600000
0.066894531250000 3600000
0.065368652343750 3600000
0.069946289062500 3600000
0.070739746093750 3600000
0.065368652343750 3600000
0.068054199218750 3599965
0.000000000000000 3600034
0.066711425781250 3600000
0.067871093750000 3600034
0.065429687500000 3599965
0.067077636718750 3600000
0.068481445312500 3600000
0.066833496093750 3599965
0.059631347656250 3600034
0.064575195312500 3600000
0.067138671875000 3600000
0.064941406250000 3600000
0.059448242187500 3600000
0.065795898437500 3600000
0.067810058593750 3600000
0.065063476562500 3600034
0.067199707031250 3599965
0.070007324218750 3600000
0.000000000000000 3600000
0.065917968750000 3600000
0.066711425781250 3600034
0.064575195312500 3599965
0.067871093750000 3600000
0.064941406250000 3600000
0.067504882812500 3600000
0.067993164062500 3600000
0.066101074218750 3599965
0.060119628906250 3600034
0.066528320312500 3599965
0.066223144531250 3600034
0.066528320312500 3600000
0.066650390625000 3600000
0.068786621093750 3600000
0.000000000000000 3600000
0.065612792968750 3600000
0.066284179687500 3599965
0.065979003906250 3600034
0.067626953125000 3600000
0.065917968750000 3599965
0.067687988281250 3599965
0.067565917968750 3600068
0.065979003906250 3600000
0.067810058593750 3600000
0.065246582031250 3600000
0.067565917968750 3599931
0.066772460937500 3600068
0.000000000000000 3600000
0.069702148437500 3600000
0.067932128906250 3600000
0.065307617187500 3600034
0.066528320312500 3599965
0.066345214843750 3600000
0.068847656250000 3600000
0.065429687500000 3600000
0.067504882812500 3600000
0.066345214843750 3600000
0.068542480468750 3600000
0.066528320312500 3600000
0.064270019531250 3600000
0.069396972656250 3600000
0.000000000000000 3600000
0.067993164062500 3600000
0.067565917968750 3600034
0.065307617187500 3599965
0.069641113281250 3600034
0.065734863281250 3600000
0.066772460937500 3599965
0.066711425781250 3600000
0.068237304687500 3600034
0.066894531250000 3599965
0.064636230468750 3600000
0.068786621093750 3600000
0.000000000000000 3600000
0.066894531250000 3600000
0.066040039062500 3600034
0.067138671875000 3599965
0.066711425781250 3600000
0.059387207031250 3600000
0.066223144531250 3600000
0.065979003906250 3600000
0.068908691406250 3600000
0.067504882812500 3600000
0.067626953125000 3600000
0.066040039062500 3600000
0.066528320312500 3599931
0.068542480468750 3600068
0.067687988281250 3600034
0.000000000000000 3599931
0.067504882812500 3600034
0.066345214843750 3600000
0.066833496093750 3600000
0.067626953125000 3600000
0.059082031250000 3599725
0.067077636718750 3600308
0.065795898437500 3599965
0.067260742187500 3600000
0.068054199218750 3600000
0.069335937500000 3600000
0.064575195312500 3599965
0.065612792968750 3600034
0.065612792968750 3600000
0.066833496093750 3600000
0.000000000000000 3600000
0.064636230468750 3600000
0.067993164062500 3600000
0.070983886718750 3600000
0.066406250000000 3600000
0.065551757812500 3599965
0.066406250000000 3600000
0.067993164062500 3600034
0.067871093750000 3600034
0.067993164062500 3599965
0.068359375000000 3600000
0.065551757812500 3600000
0.000000000000000 3600000
0.068908691406250 3600000
0.064819335937500 3599965
0.067810058593750 3600034
0.067321777343750 3599897
0.069580078125000 3600102
0.069335937500000 3600000
0.065368652343750 3600000
0.068847656250000 3600000
0.065673828125000 3600000
0.068420410156250 3600000
0.064025878906250 3600000
0.066833496093750 3600000
0.000000000000000 3600000
0.066833496093750 3599965
0.066772460937500 3600034
0.059387207031250 3600000
0.065734863281250 3600000
0.066528320312500 3600000
0.067016601562500 3600000
0.059020996093750 3600000
0.065734863281250 3600000
0.066894531250000 3599965
0.068237304687500 3600034
0.066528320312500 3599965
0.067504882812500 3600034
0.065734863281250 3599965
0.068420410156250 3600034
0.065246582031250 3600000
0.000000000000000 3599931
0.068298339843750 3600068
0.067565917968750 3600000
0.065551757812500 3600000
0.067077636718750 3600000
0.066894531250000 3600000
0.068481445312500 3599965
0.066040039062500 3600034
0.067199707031250 3600034
0.067321777343750 3599965
0.066711425781250 3600034
0.067504882812500 3599965
0.065246582031250 3600000
0.000000000000000 3600000
0.067321777343750 3600000
0.067260742187500 3600000
0.069335937500000 3599965
0.067626953125000 3600034
0.066101074218750 3599931
0.066772460937500 3600068
0.066772460937500 3599965
0.068115234375000 3600034
0.064147949218750 3600000
0.067138671875000 3600034
0.068359375000000 3599965
0.066345214843750 3600000
0.000000000000000 3600000
0.066711425781250 3600000
0.065246582031250 3600034
0.065612792968750 3599965
0.068420410156250 3600034
0.066528320312500 3599965
0.068237304687500 3600000
0.066955566406250 3600000
0.068176269531250 3600000
0.068481445312500 3600000
0.066406250000000 3600000
0.065612792968750 3600000
0.067382812500000 3600000
0.000000000000000 3599965
0.069396972656250 3600034
0.064636230468750 3599965
0.065185546875000 3600034
0.065795898437500 3600000
0.066101074218750 3599965
0.067565917968750 3600034
0.067077636718750 3600000
0.065490722656250 3600034
0.067810058593750 3599965
0.068298339843750 3600034
0.065673828125000 3599965
0.066101074218750 3600034
0.067565917968750 3599965
0.000000000000000 3600000
0.125915527343750 3600000
0.000000000000000 3599965
0.066711425781250 3600034
0.067993164062500 3600000
0.064453125000000 3600000
0.067260742187500 3600000
0.064880371093750 3600000
0.067199707031250 3600000
0.064331054687500 3600000
0.068176269531250 3600000
0.067016601562500 3600000
0.067565917968750 3600000
0.066345214843750 3600034
0.065246582031250 3600000
0.068969726562500 3599965
0.000000000000000 3600000
0.065612792968750 3600000
0.066467285156250 3600034
0.066589355468750 3599965
0.067077636718750 3600000
0.068298339843750 3600000
0.064636230468750 3600000
0.066345214843750 3600000
0.064331054687500 3600000
0.068847656250000 3600034
0.067138671875000 3599965
0.059753417968750 3600000
0.067810058593750 3600000
0.066101074218750 3600000
0.059020996093750 3599965
0.068054199218750 3600034
0.000000000000000 3599965
0.066894531250000 3600068
0.064880371093750 3599965
0.068481445312500 3600000
0.066833496093750 3600000
0.067749023437500 3600000
0.067382812500000 3600000
0.065856933593750 3600000
0.069519042968750 3600000
0.065856933593750 3600034
0.067443847656250 3599965
0.066955566406250 3600034
0.067626953125000 3599965
0.000000000000000 3600000
0.067321777343750 3600000
0.066040039062500 3600000
0.067565917968750 3600034
0.065124511718750 3599965
0.068786621093750 3600000
0.065673828125000 3600034
0.069152832031250 3599965
0.067687988281250 3600000
0.066406250000000 3600000
0.059265136718750 3600000
0.065612792968750 3600000
0.067138671875000 3600000
0.066223144531250 3600000
0.000000000000000 3600000
0.068054199218750 3600000
0.065002441406250 3600000
0.068786621093750 3599931
0.066528320312500 3600068
0.065246582031250 3599965
0.067810058593750 3600034
0.066711425781250 3600000
0.068603515625000 3600000
0.065917968750000 3600000
0.067749023437500 3600034
0.067077636718750 3599965
0.065856933593750 3600000
0.066955566406250 3600000
0.000000000000000 3600000
0.066162109375000 3600000
0.069030761718750 3599965
0.066650390625000 3600034
0.067871093750000 3600000
0.066345214843750 3600000
0.059570312500000 3600000
0.068176269531250 3600000
0.064575195312500 3600000
0.066894531250000 3600000
0.064514160156250 3600000
0.069580078125000 3599931
0.067626953125000 3600068
0.067382812500000 3600000
0.000000000000000 3600000
0.066467285156250 3600000
0.062988281250000 3600000
0.066162109375000 3600000
0.066223144531250 3600000
0.070129394531250 3600000
0.068664550781250 3600000
0.060058593750000 3599965
0.071899414062500 3600000
0.063720703125000 3600034
0.063781738281250 3600000
0.063293457031250 3600000
0.072204589843750 3600000
0.063720703125000 3440920
0.065368652343750 3600000
0.065917968750000 3600000
0.061340332031250 3600000
0.000000000000000 3599965
0.064880371093750 3599965
0.068054199218750 3600068
0.064147949218750 3600000
0.061462402343750 3600000
0.060852050781250 3600000
0.067138671875000 3600000
0.068664550781250 3600000
0.060791015625000 3599965
0.068969726562500 3600034
0.068725585937500 3600000
0.068298339843750 3599965
0.059265136718750 3600034
0.065490722656250 3600000
0.068298339843750 3600034
0.064758300781250 3599965
0.067321777343750 3600000
0.067260742187500 3600000
0.000000000000000 3600000
0.069519042968750 3600000
0.067138671875000 3600000
0.066345214843750 3600000
0.067138671875000 3600000
0.065307617187500 3599965
0.068298339843750 3600034
0.066955566406250 3600000
0.067382812500000 3600000
0.066650390625000 3600000
0.066467285156250 3600000
0.068603515625000 3600000
0.064941406250000 3600000
0.000000000000000 3600000
0.065856933593750 3600000
0.067810058593750 3600000
0.066040039062500 3600000
0.065673828125000 3649829
0.070556640625000 3753294
0.071105957031250 3700000
0.072448730468750 3699964
0.072326660156250 3700000
0.072875976562500 3700035
0.071105957031250 3700000
0.072875976562500 3700000
0.000000000000000 3699964
0.071594238281250 3700035
0.072692871093750 3700000
0.069824218750000 3700000
0.070373535156250 3700000
0.075073242187500 3700000
0.069519042968750 3699964
0.062988281250000 3700000
0.069335937500000 3700000
0.072326660156250 3700035
0.073364257812500 3699964
0.072265625000000 3700000
0.071472167968750 3700035
0.071533203125000 3700000
0.072265625000000 3699894
0.000000000000000 3700070
0.071899414062500 3700035
0.072143554687500 3700000
0.075073242187500 3694318
0.071960449218750 3696738
0.070617675781250 3697682
0.073974609375000 3700000
0.073181152343750 3700035
0.072814941406250 3699964
0.067871093750000 3700000
0.064758300781250 3700000
0.063232421875000 3700000
0.063293457031250 3700035
0.064453125000000 3700000
0.072631835937500 3700000
0.072937011718750 3699964
0.072509765625000 3699762
0.000000000000000 3700000
0.069641113281250 3700000
0.072509765625000 3699929
0.071411132812500 3700000
0.072570800781250 3700070
0.074035644531250 3699964
0.071716308593750 3700000
0.072265625000000 3700035
0.070129394531250 3699964
0.072326660156250 3700035
0.069213867187500 3699964
0.071533203125000 3700035
0.000000000000000 3700000
0.070983886718750 3699964
0.070678710937500 3700000
0.071655273437500 3700000
0.071533203125000 3700035
0.072692871093750 3700000
0.069458007812500 3700000
0.071899414062500 3700000
0.069824218750000 3700000
0.071533203125000 3699964
0.074035644531250 3700035
0.069641113281250 3700000
0.070739746093750 3699964
0.070617675781250 3700000
0.000000000000000 3700000
0.073730468750000 3700035
0.069885253906250 3699964
0.070312500000000 3700035
0.071350097656250 3699964
0.072631835937500 3700035
0.071594238281250 3699964
0.070129394531250 3700035
0.070495605468750 3699929
0.070251464843750 3700035
0.065185546875000 3700035
0.070617675781250 3699964
0.072082519531250 3700035
0.072021484375000 3700000
0.070312500000000 3699964
0.000000000000000 3700000
0.073120117187500 3700000
0.070251464843750 3700035
0.071533203125000 3700000
0.071533203125000 3699964
0.072509765625000 3700000
0.072265625000000 3700000
0.070678710937500 3699964
0.072937011718750 3700070
0.071166992187500 3699964
0.072448730468750 3700000
0.071777343750000 3700000
0.000000000000000 3700035
0.072387695312500 3699964
0.071777343750000 3700035
0.071289062500000 3699929
0.071411132812500 3700070
0.068908691406250 3700000
0.071655273437500 3699964
0.069519042968750 3700000
0.063232421875000 3700000
0.070373535156250 3692567
0.072753906250000 3699929
0.071105957031250 3700035
0.071472167968750 3699929
0.072692871093750 3700070
0.070129394531250 3700000
0.000000000000000 3700000
0.072937011718750 3700035
0.071838378906250 3700000
0.064147949218750 3699929
0.071411132812500 3700035
0.071350097656250 3700000
0.071166992187500 3700000
0.072082519531250 3700035
0.071411132812500 3699964
0.068969726562500 3700000
0.069885253906250 3698853
0.069702148437500 3699964
0.062866210937500 3700000
0.072021484375000 3700035
0.070190429687500 3699964
0.073974609375000 3699929
0.074035644531250 3700105
0.000000000000000 3700000
0.071166992187500 3698325
0.071838378906250 3700000
0.072387695312500 3700000
0.072509765625000 3699964
0.070190429687500 3700035
0.071777343750000 3700000
0.073120117187500 3700000
0.073303222656250 3700000
0.071289062500000 3699964
0.071777343750000 3700035
0.063842773437500 3700000
0.071533203125000 3699964
0.000000000000000 3700000
0.070739746093750 3700035
0.071899414062500 3699964
0.071899414062500 3700035
0.070373535156250 3700000
0.070373535156250 3699964
0.073425292968750 3700035
0.069030761718750 3700000
0.070129394531250 3700000
0.071533203125000 3700000
0.072814941406250 3699964
0.070983886718750 3700000
0.070922851562500 3700035
0.069580078125000 3699964
0.000000000000000 3700035
0.072692871093750 3699964
0.073791503906250 3700000
0.068359375000000 3700000
0.070617675781250 3700000
0.071044921875000 3698073
0.071533203125000 3699019
0.071411132812500 3700000
0.073120117187500 3699964
0.070617675781250 3700000
0.069396972656250 3692918
0.072937011718750 3693816
0.069152832031250 3700000
0.070190429687500 3699964
0.000000000000000 3700000
0.071289062500000 3700035
0.071960449218750 3699964
0.074584960937500 3700000
0.071838378906250 3700000
0.071838378906250 3700000
0.069946289062500 3700000
0.072875976562500 3700035
0.071044921875000 3699964
0.071166992187500 3700000
0.073425292968750 3700000
0.069519042968750 3700035
0.063598632812500 3700000
0.071289062500000 3700000
0.000000000000000 3700000
0.072265625000000 3700000
0.069885253906250 3700000
0.072387695312500 3699964
0.062866210937500 3700035
0.073791503906250 3699929
0.071899414062500 3700070
0.069763183593750 3700000
0.073059082031250 3699964
0.070312500000000 3700000
0.072265625000000 3700035
0.071044921875000 3699964
0.070129394531250 3700035
0.063049316406250 3699964
0.071899414062500 3694749
0.072021484375000 3691455
0.000000000000000 3700035
0.070312500000000 3699964
0.073364257812500 3700000
0.069702148437500 3700000
0.071289062500000 3700000
0.070434570312500 3700035
0.072326660156250 3700000
0.063415527343750 3699964
0.068786621093750 3700035
0.072570800781250 3699964
0.071411132812500 3700000
0.072265625000000 3700000
0.070861816406250 3700000
0.072143554687500 3697875
0.071228027343750 3700000
0.000000000000000 3700000
0.070373535156250 3700000
0.072753906250000 3700000
0.071105957031250 3700000
0.072692871093750 3700000
0.072509765625000 3700035
0.071899414062500 3700000
0.073425292968750 3700000
0.069335937500000 3699964
0.071960449218750 3700035
0.070373535156250 3699964
0.071899414062500 3700000
0.070007324218750 3692718
0.000000000000000 3696019
0.070373535156250 3700035
0.072265625000000 3699964
0.070251464843750 3700035
0.072265625000000 3700000
0.069519042968750 3700000
0.070495605468750 3700000
0.070312500000000 3699964
0.072387695312500 3700000
0.070495605468750 3699964
0.072631835937500 3700070
0.070678710937500 3699964
0.073059082031250 3700000
0.000000000000000 3700000
0.073669433593750 3700035
0.071472167968750 3700000
0.071472167968750 3699964
0.069396972656250 3700035
0.074340820312500 3700000
0.071838378906250 3699964
0.069763183593750 3700035
0.072021484375000 3700000
0.069580078125000 3699964
0.074340820312500 3696137
0.068847656250000 3700000
0.071838378906250 3685097
0.071105957031250 3693779
0.000000000000000 3699964
0.072814941406250 3689285
0.063232421875000 3696774
0.069213867187500 3700000
0.071594238281250 3700000
0.069885253906250 3700035
0.073852539062500 3697377
0.072937011718750 3699964
0.072814941406250 3700070
0.070983886718750 3699929
0.070983886718750 3700035
0.072021484375000 3700035
0.068969726562500 3700000
0.000000000000000 3700000
0.075500488281250 3700000
0.073547363281250 3699964
0.070190429687500 3700035
0.072387695312500 3700000
0.070739746093750 3700000
0.072814941406250 3700000
0.071289062500000 3699929
0.072021484375000 3700070
0.070861816406250 3699964
0.072509765625000 3700000
0.072448730468750 3700035
0.072143554687500 3700000
0.000000000000000 3699964
0.071533203125000 3700035
0.070617675781250 3700000
0.072265625000000 3699964
0.074951171875000 3700000
0.071716308593750 3700035
0.072143554687500 3700000
0.071350097656250 3699964
0.062988281250000 3700035
0.071044921875000 3700000
0.073181152343750 3699964
0.073913574218750 3699964
0.071105957031250 3700070
0.000000000000000 3699964
0.072570800781250 3692857
0.070983886718750 3700000
0.072387695312500 3700000
0.068664550781250 3700000
0.072814941406250 3700035
0.074462890625000 3696594
0.071044921875000 3700000
0.070861816406250 3700000
0.071166992187500 3700035
0.071899414062500 3699964
0.071716308593750 3700035
0.063110351562500 3700000
0.070861816406250 3700000
0.000000000000000 3700000
0.072631835937500 3699964
0.073486328125000 3700000
0.073181152343750 3700000
0.071166992187500 3700035
0.071105957031250 3700000
0.071899414062500 3700000
0.069580078125000 3700000
0.071105957031250 3699964
0.072326660156250 3700035
0.071533203125000 3699964
0.064453125000000 3700000
0.070617675781250 3700035
0.072509765625000 3700000
0.000000000000000 3700000
0.069824218750000 3699929
0.073181152343750 3700070
0.072265625000000 3699964
0.069030761718750 3700000
0.072814941406250 3700035
0.069946289062500 3700000
0.072509765625000 3699894
0.069274902343750 3700070
0.071105957031250 3700000
0.072692871093750 3700000
0.070007324218750 3700000
0.072753906250000 3700000
0.070129394531250 3700000
0.000000000000000 3700035
0.073547363281250 3699964
0.071289062500000 3700000
0.064331054687500 3700000
0.071777343750000 3700000
0.071594238281250 3700000
0.072570800781250 3700000
0.073181152343750 3700035
0.073486328125000 3699964
0.072998046875000 3700000
0.073242187500000 3699894
0.071655273437500 3700140
0.000000000000000 3699964
0.072143554687500 3700000
0.072448730468750 3699929
0.069702148437500 3699324
0.070556640625000 3696969
0.074218750000000 3699964
0.071594238281250 3699964
0.072143554687500 3700035
0.069702148437500 3700000
0.071105957031250 3700000
0.071166992187500 3700000
0.070129394531250 3700035
0.072021484375000 3699894
0.000000000000000 3700035
0.073669433593750 3700070
0.073547363281250 3700000
0.068969726562500 3700000
0.073791503906250 3700000
0.069030761718750 3699929
0.072021484375000 3700035
0.073425292968750 3700000
0.072021484375000 3700000
0.071594238281250 3700000
0.072082519531250 3700000
0.072814941406250 3700035
0.000000000000000 3700000
0.357788085937500 3700000
0.069885253906250 3700000
0.070983886718750 3697094
0.068847656250000 3698165
0.000000000000000 3700035
0.070434570312500 3699964
0.071411132812500 3700035
0.072021484375000 3700000
0.071411132812500 3700000
0.075256347656250 3700000
0.063720703125000 3700000
0.069763183593750 3700000
0.070678710937500 3700000
0.072448730468750 3700000
0.072387695312500 3700000
0.069335937500000 3699964
0.072875976562500 3700035
0.072937011718750 3699964
0.000000000000000 3700000
0.070434570312500 3700035
0.071655273437500 3699964
0.070556640625000 3700000
0.070129394531250 3700000
0.070617675781250 3700000
0.073364257812500 3700035
0.072387695312500 3700000
0.071350097656250 3699964
0.073181152343750 3700035
0.069885253906250 3699964
0.063354492187500 3700000
0.071594238281250 3700035
0.073730468750000 3700000
0.000000000000000 3699964
0.069458007812500 3700035
0.074584960937500 3700000
0.071533203125000 3700000
0.070800781250000 3700000
0.062988281250000 3699964
0.068603515625000 3700000
0.063476562500000 3700035
0.071105957031250 3699768
0.062866210937500 3692347
0.071899414062500 3699964
0.073242187500000 3700000
0.073547363281250 3700000
0.070617675781250 3700000
0.073791503906250 3700000
0.071350097656250 3699964
0.072326660156250 3700070
0.000000000000000 3700000
0.072143554687500 3700000
0.072631835937500 3699964
0.072265625000000 3700000
0.071411132812500 3700035
0.063049316406250 3700000
0.069152832031250 3695279
0.073913574218750 3692847
0.071105957031250 3700000
0.064086914062500 3700000
0.071533203125000 3699964
0.062866210937500 3700035
0.071716308593750 3700035
0.072753906250000 3700000
0.064086914062500 3699964
0.071105957031250 3700000
0.072021484375000 3700000
0.071166992187500 3694627
0.071411132812500 3700000
0.000000000000000 3699964
0.071533203125000 3700035
0.071228027343750 3699964
0.071899414062500 3700000
0.069702148437500 3700035
0.062988281250000 3700000
0.071716308593750 3700000
0.073181152343750 3699964
0.072326660156250 3700000
0.071289062500000 3700035
0.074829101562500 3700000
0.071166992187500 3699964
0.071289062500000 3700000
0.069763183593750 3689356
0.063598632812500 3683297
0.000000000000000 3685140
0.070251464843750 3700035
0.072814941406250 3698348
0.070617675781250 3683369
0.072753906250000 3683780
0.074096679687500 3690335
0.072814941406250 3688946
0.073608398437500 3693179
0.072204589843750 3694558
0.073547363281250 3683228
0.073669433593750 3695686
0.000000000000000 3693466
0.070312500000000 3684238
0.071228027343750 3693645
0.071899414062500 3694600
0.070556640625000 3683297
0.069885253906250 3695077
0.073547363281250 3693965
0.073303222656250 3683329
0.073730468750000 3689306
0.072814941406250 3699757
0.071899414062500 3689175
0.070190429687500 3700000
0.000000000000000 3699964
0.072937011718750 3700000
0.074279785156250 3683630
0.062866210937500 3694339
0.071472167968750 3683512
0.063354492187500 3683335
0.071960449218750 3688505
0.072875976562500 3700035
0.070434570312500 3700000
0.070739746093750 3700000
0.073730468750000 3688657
0.072326660156250 3700035
0.070922851562500 3688907
0.070556640625000 3689938
0.062927246093750 3698970
0.072448730468750 3690009
0.073059082031250 3683401
0.000000000000000 3693213
0.070068359375000 3695837
0.071533203125000 3683329
0.075744628906250 3687414
0.070495605468750 3700000
0.071411132812500 3688878
0.072204589843750 3699964
0.071411132812500 3700000
0.072143554687500 3691155
0.072937011718750 3686618
0.073669433593750 3691285
0.070739746093750 3683332
0.000000000000000 3683298
0.072448730468750 3685829
0.070617675781250 3700035
0.071044921875000 3699929
0.070251464843750 3651627
0.060913085937500 3596616
0.070373535156250 3592521
0.066223144531250 3594500
0.066406250000000 3590807
0.068176269531250 3595760
0.069580078125000 3590673
0.066955566406250 3588898
0.068481445312500 3600000
0.000000000000000 3587366
0.067993164062500 3583298
0.067565917968750 3596973
0.069030761718750 3600000
0.066040039062500 3588881
0.066223144531250 3600000
0.065979003906250 3587871
0.067199707031250 3583329
0.068115234375000 3595415
0.065734863281250 3600034
0.067749023437500 3599862
0.065856933593750 3589939
0.059265136718750 3583369
0.065917968750000 3584351
0.065917968750000 3594864
0.000000000000000 3594548
0.066955566406250 3583333
0.067932128906250 3588688
0.066955566406250 3589156
0.066345214843750 3583364
0.068725585937500 3583300
0.066833496093750 3588477
0.068237304687500 3600000
0.066101074218750 3595078
0.066894531250000 3583331
0.065246582031250 3588063
0.067382812500000 3600000
0.065917968750000 3584372
0.000000000000000 3583333
0.065734863281250 3594578
0.068664550781250 3583300
0.064758300781250 3594591
0.068969726562500 3593027
0.067749023437500 3596308
0.065612792968750 3592492
0.065917968750000 3587800
0.068176269531250 3600034
0.067077636718750 3599965
0.065429687500000 3591151
0.066955566406250 3586363
0.067810058593750 3599965
0.000000000000000 3588964
0.067932128906250 3591730
0.067749023437500 3583331
0.064697265625000 3583331
0.068908691406250 3596996
0.066162109375000 3600000
0.068786621093750 3586524
0.066528320312500 3591220
0.065429687500000 3600000
0.068969726562500 3592386
0.067626953125000 3597834
0.067138671875000 3592587
0.000000000000000 3584932
0.067687988281250 3593234
0.069580078125000 3600068
0.068176269531250 3599965
0.065429687500000 3600034
0.066711425781250 3600000
0.065979003906250 3587655
0.067382812500000 3583399
0.067565917968750 3595197
0.070129394531250 3600000
0.067260742187500 3598643
0.068420410156250 3589338
0.059936523437500 3599965
0.067199707031250 3600068
0.000000000000000 3588628
0.066833496093750 3589047
0.067504882812500 3595935
0.067504882812500 3600034
0.070373535156250 3588923
0.065246582031250 3588835
0.067199707031250 3600000
0.064575195312500 3583574
0.059387207031250 3583334
0.065368652343750 3594527
0.070129394531250 3594069
0.064819335937500 3600000
0.067199707031250 3589487
0.000000000000000 3583331
0.071105957031250 3583337
0.066772460937500 3587927
0.067016601562500 3591568
0.066711425781250 3593828
0.069091796875000 3593356
0.067565917968750 3599965
0.066040039062500 3590300
0.068542480468750 3583296
0.065734863281250 3583370
0.068542480468750 3591896
0.065124511718750 3583401
0.066589355468750 3594166
0.000000000000000 3583330
0.066833496093750 3597963
0.068176269531250 3591083
0.065917968750000 3594541
0.065612792968750 3583299
0.067321777343750 3597667
0.066711425781250 3600034
0.060241699218750 3597130
0.066406250000000 3583365
0.067565917968750 3587859
0.067504882812500 3592113
0.066406250000000 3583336
0.068054199218750 3583330
0.067199707031250 3585158
0.000000000000000 3600034
0.068115234375000 3587192
0.065368652343750 3583331
0.069885253906250 3596042
0.068176269531250 3600034
0.066345214843750 3588298
0.068115234375000 3599965
0.068176269531250 3600000
0.066894531250000 3598675
0.064819335937500 3599285
0.068786621093750 3589614
0.068420410156250 3599965
0.000000000000000 3594113
0.067810058593750 3583334
0.068359375000000 3588888
0.067016601562500 3599931
0.066345214843750 3588978
0.068603515625000 3588468
0.067749023437500 3588467
0.066467285156250 3600034
0.065124511718750 3588880
0.066345214843750 3589538
0.066650390625000 3594622
0.068847656250000 3593750
0.067382812500000 3595283
0.000000000000000 3593625
0.066955566406250 3595424
0.067565917968750 3593464
0.066345214843750 3599965
0.066223144531250 3590049
0.065368652343750 3592141
0.065856933593750 3583330
0.068481445312500 3583333
0.067810058593750 3592202
0.066650390625000 3596867
0.066406250000000 3592031
0.069091796875000 3596876
0.065979003906250 3583468
0.000000000000000 3586263
0.067871093750000 3599965
0.066528320312500 3600000
0.070068359375000 3600000
0.059265136718750 3588908
0.066528320312500 3592041
0.067382812500000 3594519
0.065124511718750 3583369
0.066406250000000 3583333
0.067626953125000 3591127
0.069396972656250 3588933
0.069152832031250 3599965
0.068115234375000 3585851
0.059509277343750 3592858
0.066284179687500 3583366
0.000000000000000 3590339
0.067199707031250 3598729
0.065307617187500 3590201
0.064880371093750 3587678
0.067077636718750 3583334
0.068176269531250 3583365
0.067443847656250 3589977
0.066589355468750 3587913
0.067993164062500 3583334
0.065917968750000 3595305
0.066894531250000 3600034
0.066040039062500 3588132
0.066467285156250 3583366
0.000000000000000 3583948
0.069030761718750 3600000
0.067260742187500 3600000
0.067810058593750 3600000
0.066711425781250 3588749
0.067077636718750 3583335
0.065551757812500 3583332
0.069335937500000 3583333
0.068481445312500 3583335
0.065063476562500 3596898
0.068298339843750 3600000
0.068786621093750 3600000
0.000000000000000 3589216
0.066528320312500 3599693
0.067565917968750 3589387
0.068664550781250 3599523
0.069702148437500 3589503
0.066589355468750 3583332
0.066223144531250 3593715
0.066223144531250 3595395
0.069274902343750 3593642
0.064025878906250 3595381
0.068664550781250 3593478
0.065856933593750 3584392
0.067749023437500 3583333
0.000000000000000 3587603
0.066162109375000 3600034
0.065368652343750 3584687
0.066711425781250 3583302
0.064392089843750 3583365
0.070434570312500 3583402
0.066528320312500 3598305
0.065673828125000 3590653
0.067749023437500 3598104
0.066101074218750 3590887
0.066894531250000 3598022
0.065429687500000 3600000
0.066894531250000 3585526
0.067626953125000 3592049
0.000000000000000 3588944
0.066162109375000 3591462
0.066467285156250 3594568
0.065917968750000 3583299
0.067016601562500 3594624
0.066345214843750 3583336
0.065429687500000 3594550
0.066833496093750 3591445
0.065185546875000 3586426
0.068176269531250 3583333
0.066955566406250 3585636
0.067382812500000 3600068
0.065490722656250 3586679
0.066650390625000 3590821
0.000000000000000 3587066
0.070007324218750 3583334
0.067871093750000 3585059
0.060424804687500 3600000
0.068664550781250 3587356
0.066833496093750 3590470
0.059875488281250 3588926
0.068237304687500 3593036
0.065917968750000 3583334
0.067077636718750 3583332
0.068542480468750 3584541
0.066223144531250 3600000
0.066711425781250 3587866
0.065368652343750 3589909
0.000000000000000 3587959
0.067016601562500 3589796
0.068969726562500 3588932
0.060424804687500 3593822
0.067810058593750 3583333
0.067321777343750 3589366
0.069702148437500 3588565
0.065307617187500 3583329
0.067626953125000 3594796
0.065612792968750 3600000
0.069152832031250 3588834
0.068298339843750 3588965
0.065246582031250 3588912
0.067321777343750 3599918
0.000000000000000 3600034
0.064575195312500 3583520
0.068237304687500 3594167
0.066406250000000 3588908
0.067810058593750 3600000
0.067687988281250 3593748
0.064575195312500 3593751
0.069641113281250 3595252
0.065368652343750 3583333
0.066955566406250 3583330
0.065124511718750 3593527
0.069641113281250 3584342
0.067871093750000 3593444
0.000000000000000 3595573
0.065185546875000 3583334
0.067077636718750 3587689
0.064636230468750 3599965
0.068054199218750 3584755
0.064758300781250 3583331
0.067993164062500 3594534
0.065551757812500 3583334
0.069885253906250 3594570
0.068115234375000 3592506
0.064331054687500 3587062
0.066650390625000 3583334
0.064941406250000 3594580
0.059814453125000 3592269
0.064758300781250 3600068
0.066772460937500 3599931
0.000000000000000 3588898
0.124084472656250 3591487
0.000000000000000 3594593
0.068237304687500 3591797
0.066406250000000 3586086
0.066650390625000 3583266
0.067260742187500 3590796
0.067932128906250 3591299
0.065246582031250 3600000
0.067687988281250 3592321
0.068054199218750 3596587
0.068786621093750 3592437
0.058959960937500 3583366
0.065551757812500 3583297
0.065429687500000 3596251
0.067932128906250 3600034
0.000000000000000 3587201
0.068298339843750 3583296
0.068908691406250 3583301
0.065856933593750 3583364
0.067504882812500 3584834
0.066223144531250 3593059
0.066589355468750 3594589
0.064880371093750 3590083
0.066589355468750 3588906
0.065368652343750 3600000
0.068176269531250 3587822
0.067504882812500 3583329
0.065307617187500 3595340
0.067321777343750 3593746
0.000000000000000 3584046
0.067138671875000 3593998
0.067199707031250 3583862
0.066284179687500 3595664
0.065979003906250 3588499
0.067443847656250 3589277
0.065673828125000 3588625
0.067504882812500 3589024
0.066589355468750 3599965
0.067016601562500 3583543
0.067871093750000 3583332
0.069030761718750 3583333
0.000000000000000 3583334
0.066589355468750 3588471
0.066101074218750 3599931
0.068359375000000 3588860
0.068176269531250 3589632
0.067199707031250 3594577
0.066711425781250 3583333
0.067810058593750 3583331
0.067443847656250 3583332
0.065856933593750 3583233
0.065185546875000 3583434
0.065368652343750 3598884
0.069824218750000 3600000
0.000000000000000 3595759
0.065917968750000 3593117
0.068542480468750 3584798
0.066223144531250 3593034
0.066345214843750 3588785
0.069274902343750 3600034
0.065612792968750 3588852
0.066894531250000 3600000
0.066711425781250 3588939
0.068420410156250 3590878
0.067138671875000 3597205
0.064697265625000 3600000
0.068725585937500 3588914
0.000000000000000 3509851
0.066345214843750 3484337
0.068359375000000 3591978
0.067016601562500 3583330
0.068664550781250 3583337
0.066345214843750 3594529
0.066772460937500 3591152
0.068542480468750 3586777
0.064575195312500 3590994
0.066772460937500 3586858
0.066040039062500 3583297
0.068115234375000 3583438
0.000000000000000 3590718
0.069519042968750 3598286
0.065063476562500 3583296
0.067077636718750 3583369
0.065124511718750 3590398
0.068969726562500 3587551
0.066040039062500 3590200
0.067626953125000 3587689
0.067687988281250 3590014
0.065917968750000 3599049
0.059020996093750 3589823
0.066406250000000 3600000
0.067321777343750 3593975
0.066528320312500 3595086
0.069641113281250 3593970
0.061157226562500 3583333
0.000000000000000 3583331
0.067199707031250 3583665
0.067871093750000 3600000
0.059509277343750 3599937
0.071228027343750 3583372
0.069580078125000 3583368
0.068359375000000 3583301
0.063415527343750 3594311
0.065124511718750 3583623
0.066772460937500 3593805
0.059570312500000 3583330
0.067016601562500 3592940
0.064392089843750 3583330
0.064331054687500 3593702
0.059082031250000 3595350
0.062866210937500 3593549
0.069519042968750 3588921
0.066345214843750 3599931
0.000000000000000 3595731
0.063232421875000 3583331
0.068420410156250 3598783
0.072021484375000 3600034
0.067504882812500 3584696
0.061462402343750 3592887
0.064025878906250 3585009
0.065490722656250 3592741
0.067321777343750 3585149
0.060424804687500 3583334
0.068481445312500 3583334
0.065551757812500 3592304
0.066162109375000 3588867
0.065673828125000 3591186
0.069458007812500 3583268
0.065307617187500 3583364
0.000000000000000 3597522
0.068298339843750 3600000
0.068481445312500 3585992
0.064270019531250 3591696
0.060241699218750 3587591
0.066406250000000 3583334
0.066467285156250 3594589
0.067077636718750 3583298
0.068786621093750 3583334
0.066040039062500 3591252
0.066833496093750 3588981
0.067565917968750 3592267
0.065734863281250 3585492
0.067871093750000 3592396
0.000000000000000 3586180
0.065246582031250 3592510
0.067138671875000 3583332
0.064880371093750 3596027
0.059020996093750 3588875
0.065429687500000 3585328
0.067871093750000 3594556
0.067382812500000 3583334
0.065551757812500 3584769
0.067993164062500 3600000
0.065795898437500 3587583
0.067626953125000 3583367
0.065063476562500 3584480
0.070007324218750 3593423
0.065856933593750 3583332
0.000000000000000 3583335
0.065551757812500 3594532
0.066528320312500 3583329
0.064819335937500 3583334
0.068115234375000 3583334
0.066955566406250 3583334
0.067382812500000 3583367
0.065246582031250 3583777
0.067687988281250 3600000
0.066894531250000 3588730
0.065368652343750 3589174
0.067932128906250 3588747
0.069213867187500 3583299
0.059631347656250 3586292
0.067077636718750 3600034
0.000000000000000 3588992
0.069152832031250 3588591
0.067199707031250 3589295
0.058715820312500 3594613
0.066772460937500 3583261
0.071838378906250 3599514
0.062194824218750 3589581
0.060485839843750 3599328
0.062561035156250 3589711
0.070739746093750 3583334
0.065246582031250 3593497
0.066406250000000 3584368
0.065917968750000 3583332
0.059265136718750 3583334
0.065856933593750 3593203
0.067016601562500 3588897
0.064758300781250 3600000
0.058959960937500 3584852
0.066711425781250 3589417
0.000000000000000 3583333
0.067016601562500 3592711
0.066528320312500 3588866
0.065063476562500 3590867
0.068481445312500 3586714
0.066162109375000 3585871
0.066711425781250 3583297
0.064941406250000 3583366
0.069580078125000 3594555
0.067138671875000 3592043
0.065673828125000 3585828
0.067382812500000 3583333
0.068176269531250 3597419
0.059936523437500 3589428
0.000000000000000 3591520
0.066894531250000 3583331
0.068359375000000 3583336
0.065002441406250 3591522
0.067321777343750 3586491
0.068237304687500 3583334
0.065063476562500 3585747
0.067626953125000 3592138
0.065246582031250 3596767
0.069213867187500 3600000
0.068725585937500 3598180
0.065307617187500 3590752
0.068908691406250 3587195
0.000000000000000 3590543
0.065246582031250 3591836
0.059997558593750 3590496
0.065734863281250 3588820
0.066833496093750 3593112
0.065979003906250 3594550
0.068420410156250 3583330
0.065979003906250 3584585
0.065551757812500 3600000
0.068969726562500 3588931
0.064575195312500 3593480
0.060180664062500 3584327
0.065246582031250 3593559
0.066589355468750 3590119
0.068359375000000 3589682
0.066894531250000 3588908
0.000000000000000 3593996
0.066772460937500 3594554
0.067565917968750 3585497
0.065673828125000 3588867
0.065490722656250 3583366
0.059753417968750 3583331
0.064941406250000 3594561
0.067626953125000 3594245
0.067199707031250 3584235
0.065673828125000 3583330
0.059387207031250 3583333
0.065368652343750 3583334
0.068420410156250 3583332
0.064697265625000 3593760
0.069274902343750 3600102
0.073059082031250 3776223
0.000000000000000 3800000
0.073120117187500 3714248
0.073730468750000 3687855
0.070190429687500 3690036
0.074523925781250 3687750
0.071472167968750 3690219
0.062866210937500 3687552
0.073181152343750 3699964
0.073730468750000 3684857
0.070739746093750 3692983
0.068725585937500 3697102
0.074707031250000 3700000
0.072998046875000 3700035
0.000000000000000 3690751
0.072143554687500 3683364
0.072509765625000 3683333
0.069946289062500 3683336
0.062988281250000 3692096
0.072387695312500 3685667
0.073364257812500 3683334
0.071411132812500 3697548
0.072937011718750 3700000
0.070007324218750 3697159
0.074523925781250 3691606
0.072570800781250 3686245
0.071105957031250 3683337
0.000000000000000 3685857
0.071899414062500 3700035
0.071899414062500 3688837
0.073059082031250 3692244
0.072631835937500 3685437
0.069580078125000 3692364
0.070617675781250 3683330
0.071655273437500 3683371
0.071166992187500 3694520
0.069824218750000 3690712
0.071899414062500 3688907
0.076782226562500 3699964
0.070556640625000 3700000
0.000000000000000 3693168
0.070739746093750 3695799
0.070251464843750 3693246
0.073059082031250 3683332
0.072082519531250 3690000
0.072143554687500 3687887
0.071777343750000 3689842
0.072204589843750 3699170
0.064147949218750 3689739
0.070007324218750 3688220
0.073730468750000 3689500
0.070983886718750 3688911
0.071838378906250 3694040
0.071533203125000 3694581
0.000000000000000 3683334
0.072265625000000 3683366
0.074035644531250 3688803
0.072509765625000 3688978
0.072570800781250 3688751
0.069885253906250 3700035
0.070861816406250 3688832
0.071289062500000 3689257
0.074096679687500 3699549
0.064514160156250 3700000
0.072509765625000 3695182
0.073852539062500 3693687
0.069458007812500 3684179
0.000000000000000 3683296
0.072937011718750 3683369
0.071533203125000 3683301
0.072143554687500 3687840
0.070251464843750 3700000
0.072326660156250 3684590
0.073669433593750 3683296
0.070373535156250 3687600
0.071228027343750 3690321
0.069641113281250 3687316
0.073364257812500 3700035
0.071533203125000 3696142
0.000000000000000 3683336
0.070129394531250 3683330
0.072265625000000 3683334
0.069519042968750 3694614
0.063537597656250 3683296
0.071166992187500 3698008
0.073486328125000 3700000
0.073303222656250 3696701
0.072265625000000 3692141
0.071411132812500 3700000
0.069763183593750 3691202
0.072509765625000 3694608
0.070129394531250 3692063
0.074829101562500 3685893
0.000000000000000 3683334
0.072570800781250 3683331
0.070739746093750 3683295
0.070983886718750 3683369
0.070434570312500 3691622
0.068847656250000 3688909
0.070678710937500 3700035
0.070129394531250 3697495
0.070190429687500 3691402
0.072692871093750 3697883
0.071105957031250 3691026
0.070434570312500 3700000
0.071289062500000 3700000
0.071899414062500 3698227
0.071533203125000 3690716
0.000000000000000 3698273
0.070861816406250 3683368
0.071716308593750 3683262
0.073059082031250 3683371
0.070678710937500 3684829
0.072021484375000 3700000
0.069641113281250 3700035
0.069458007812500 3700000
0.072387695312500 3688923
0.071899414062500 3693424
0.071105957031250 3683334
0.070251464843750 3689822
0.070678710937500 3688067
0.000000000000000 3683367
0.071533203125000 3683301
0.071350097656250 3689513
0.070251464843750 3688295
0.071289062500000 3689397
0.074096679687500 3699623
0.068420410156250 3689284
0.072509765625000 3700000
0.070312500000000 3700035
0.070739746093750 3688745
0.071105957031250 3683297
0.071044921875000 3694533
0.072448730468750 3694537
0.071838378906250 3694409
0.000000000000000 3700000
0.071899414062500 3700000
0.070800781250000 3699964
0.070434570312500 3689243
0.070373535156250 3694570
0.071044921875000 3683333
0.070983886718750 3688361
0.073303222656250 3700000
0.069946289062500 3700000
0.070129394531250 3699964
0.073059082031250 3695470
0.071411132812500 3693459
0.071411132812500 3700000
0.000000000000000 3690061
0.071166992187500 3683297
0.071411132812500 3683332
0.076110839843750 3698693
0.070495605468750 3690358
0.074157714843750 3694634
0.068664550781250 3683301
0.072204589843750 3687296
0.071105957031250 3690593
0.072021484375000 3683371
0.071289062500000 3692438
0.070129394531250 3699964
0.072692871093750 3700000
0.000000000000000 3700035
0.069091796875000 3700000
0.073730468750000 3688845
0.069396972656250 3691367
0.073547363281250 3697541
0.071594238281250 3691401
0.072143554687500 3694611
0.071228027343750 3683337
0.070129394531250 3694514
0.072814941406250 3691607
0.070800781250000 3688942
0.071228027343750 3700000
0.073303222656250 3686505
0.000000000000000 3683299
0.073730468750000 3683366
0.073303222656250 3691131
0.072753906250000 3688872
0.073364257812500 3700000
0.073181152343750 3686959
0.071411132812500 3683337
0.073181152343750 3694497
0.070861816406250 3683334
0.070678710937500 3696186
0.070556640625000 3692842
0.000000000000000 3694611
0.072021484375000 3683296
0.072143554687500 3695961
0.069580078125000 3693130
0.072021484375000 3684626
0.070373535156250 3699964
0.070861816406250 3698895
0.070922851562500 3690031
0.073059082031250 3700000
0.074218750000000 3700000
0.070190429687500 3699964
0.071166992187500 3693711
0.069641113281250 3694531
0.000000000000000 3683369
0.074768066406250 3683781
0.070251464843750 3700035
0.071350097656250 3700035
0.074768066406250 3699964
0.072082519531250 3699941
0.071716308593750 3683450
0.070861816406250 3694471
0.063598632812500 3699929
0.069763183593750 3689207
0.072387695312500 3699808
0.071533203125000 3689213
0.073974609375000 3699587
0.071044921875000 3689378
0.000000000000000 3699530
0.073059082031250 3689621
0.071289062500000 3699284
0.070922851562500 3700000
0.072814941406250 3695379
0.070617675781250 3683335
0.073242187500000 3683367
0.070983886718750 3693235
0.070007324218750 3700000
0.073181152343750 3690504
0.072143554687500 3698443
0.063903808593750 3700035
0.069702148437500 3688898
0.073303222656250 3690775
0.000000000000000 3687012
0.071594238281250 3700035
0.071594238281250 3696462
0.071166992187500 3692332
0.069580078125000 3688886
0.063537597656250 3691180
0.071228027343750 3697696
0.073120117187500 3700000
0.070312500000000 3697024
0.073059082031250 3683369
0.071960449218750 3686270
0.073425292968750 3699964
0.070617675781250 3686127
0.070251464843750 3683295
0.000000000000000 3694593
0.072937011718750 3683334
0.074340820312500 3694554
0.072998046875000 3683331
0.073425292968750 3685445
0.070861816406250 3692412
0.071289062500000 3696468
0.071777343750000 3700035
0.070556640625000 3688864
0.071899414062500 3700070
0.069458007812500 3698342
0.071533203125000 3683228
0.000000000000000 3696039
0.072204589843750 3700000
0.072570800781250 3700000
0.072082519531250 3693370
0.071655273437500 3683299
0.073425292968750 3689920
0.070373535156250 3688910
0.073730468750000 3700000
0.070678710937500 3699316
0.071533203125000 3689500
0.070861816406250 3688310
0.071166992187500 3683297
0.071472167968750 3683836
0.000000000000000 3694058
0.070556640625000 3694647
0.073974609375000 3683334
0.069213867187500 3683444
0.071655273437500 3694482
0.070556640625000 3683299
0.072570800781250 3683366
0.072937011718750 3683334
0.070434570312500 3699571
0.063354492187500 3689531
0.071655273437500 3694497
0.063537597656250 3683367
0.071289062500000 3683336
0.070861816406250 3693619
0.069641113281250 3700035
0.074462890625000 3689826
0.000000000000000 3687756
0.072875976562500 3690112
0.068847656250000 3687534
0.070617675781250 3700000
0.072082519531250 3699964
0.073974609375000 3700035
0.070739746093750 3696160
0.062988281250000 3683296
0.070617675781250 3687168
0.063110351562500 3690797
0.073852539062500 3694539
0.070251464843750 3683333
0.072875976562500 3686690
0.069763183593750 3700035
0.072082519531250 3688898
0.071899414062500 3691381
0.000000000000000 3686372
0.072570800781250 3691535
0.074096679687500 3694520
0.070312500000000 3683331
0.071289062500000 3686131
0.069458007812500 3691793
0.071289062500000 3683334
0.072387695312500 3691492
0.063110351562500 3686372
0.069519042968750 3683266
0.071533203125000 3627763
0.073303222656250 3683298
0.070495605468750 3683939
0.072937011718750 3690956
0.000000000000000 3688836
0.070129394531250 3700000
0.073791503906250 3687259
0.072448730468750 3683369
0.063232421875000 3696022
0.072753906250000 3693023
0.070129394531250 3694707
0.072387695312500 3690114
0.070861816406250 3687739
0.072631835937500 3683371
0.069641113281250 3684278
0.073730468750000 3700035
0.074401855468750 3687993
0.069763183593750 3683366
0.063171386718750 3694585
0.000000000000000 3683333
0.133972167968750 3694521
0.000000000000000 3689344
0.071044921875000 3699694
0.072814941406250 3683331
0.070068359375000 3683335
0.072265625000000 3683330
0.072570800781250 3683372
0.070068359375000 3683294
0.073303222656250 3683370
0.069885253906250 3683331
0.071472167968750 3694151
0.070312500000000 3700035
0.073181152343750 3689330
0.000000000000000 3694522
0.074462890625000 3693925
0.070617675781250 3683966
0.071960449218750 3683371
0.070983886718750 3683330
0.073303222656250 3693498
0.070495605468750 3684329
0.072814941406250 3683369
0.072387695312500 3698919
0.071533203125000 3690067
0.063537597656250 3694559
0.071777343750000 3692964
0.071655273437500 3684943
0.070678710937500 3683366
0.000000000000000 3694524
0.072753906250000 3683369
0.070373535156250 3698149
0.072143554687500 3700035
0.072692871093750 3696487
0.072509765625000 3692409
0.070373535156250 3696616
0.071777343750000 3692295
0.064514160156250 3699964
0.071411132812500 3700035
0.073486328125000 3685745
0.071105957031250 3683335
0.071350097656250 3697569
0.072631835937500 3691492
0.000000000000000 3697380
0.070129394531250 3700035
0.072753906250000 3697418
0.069702148437500 3691457
0.071472167968750 3700035
0.073791503906250 3691988
0.071655273437500 3696889
0.073730468750000 3700000
0.070495605468750 3688837
0.071777343750000 3699964
0.072875976562500 3687027
0.071289062500000 3683369
0.000000000000000 3694535
0.071289062500000 3690584
0.070251464843750 3698499
0.071533203125000 3683333
0.072692871093750 3694599
0.073303222656250 3690107
0.070495605468750 3687754
0.071228027343750 3683332
0.071838378906250 3683334
0.072143554687500 3689899
0.073303222656250 3699230
0.072021484375000 3683333
0.000000000000000 3695173
0.073303222656250 3700000
0.071533203125000 3700000
0.071289062500000 3694006
0.071777343750000 3694532
0.070434570312500 3683366
0.072998046875000 3694707
0.070495605468750 3700000
0.070007324218750 3688909
0.070983886718750 3694494
0.071166992187500 3683333
0.072998046875000 3683366
0.070251464843750 3683334
0.069213867187500 3699474
0.000000000000000 3689509
0.071777343750000 3683332
0.073303222656250 3693593
0.069702148437500 3695439
0.072082519531250 3693374
0.071594238281250 3699964
0.070617675781250 3700035
0.072509765625000 3696254
0.072143554687500 3692714
0.074157714843750 3688878
0.070861816406250 3691087
0.063659667968750 3697856
0.072387695312500 3691225
0.071594238281250 3694560
0.000000000000000 3683334
0.070983886718750 3683364
0.068969726562500 3691884
0.063354492187500 3697124
0.070983886718750 3691786
0.072326660156250 3688901
0.072448730468750 3700000
0.075256347656250 3700000
0.073303222656250 3700000
0.071166992187500 3697750
0.071960449218750 3691216
0.070312500000000 3697847
0.074157714843750 3683297
0.000000000000000 3694600
0.070983886718750 3690961
0.073425292968750 3686893
0.071289062500000 3683367
0.070007324218750 3694602
0.073547363281250 3718648
0.077941894531250 3800000
0.077941894531250 3800000
0.081420898437500 3800000
0.076110839843750 3800000
0.075500488281250 3800000
0.075866699218750 3800000
0.076599121093750 3799963
0.000000000000000 3800036
0.077331542968750 3800000
0.077392578125000 3800000
0.076110839843750 3800000
0.078063964843750 3800000
0.077514648437500 3800000
0.078552246093750 3800036
0.077270507812500 3799963
0.075683593750000 3799963
0.078979492187500 3800036
0.076843261718750 3800000
0.081176757812500 3800000
0.000000000000000 3800000
0.079711914062500 3800000
0.076293945312500 3800000
0.077331542968750 3800000
0.069152832031250 3800000
0.077636718750000 3800000
0.077880859375000 3800000
0.068176269531250 3800000
0.081054687500000 3800000
0.076110839843750 3800000
0.077331542968750 3800000
0.064575195312500 3800000
0.074523925781250 3800000
0.073181152343750 3800000
0.074707031250000 3800000
0.075012207031250 3800000
0.000000000000000 3800000
0.072875976562500 3800000
0.065124511718750 3800000
0.073730468750000 3800000
0.064453125000000 3800000
0.071472167968750 3800000
0.073059082031250 3800000
0.072631835937500 3800000
0.072814941406250 3800000
0.070861816406250 3800000
0.071716308593750 3800000
0.073730468750000 3800000
0.074340820312500 3800000
0.075012207031250 3800000
0.071777343750000 3800000
0.073425292968750 3800000
0.072082519531250 3800000
0.000000000000000 3800000
0.073486328125000 3800000
0.073730468750000 3800000
0.072753906250000 3800000
0.075805664062500 3800000
0.071716308593750 3800000
0.074523925781250 3800000
0.071533203125000 3800000
0.073547363281250 3800000
0.065124511718750 3800000
0.071105957031250 3800036
0.072631835937500 3800000
0.073242187500000 3799963
0.064819335937500 3800000
0.073974609375000 3800000
0.000000000000000 3800000
0.074096679687500 3800000
0.072265625000000 3800036
0.064575195312500 3799963
0.074096679687500 3799963
0.071716308593750 3800036
0.071289062500000 3800000
0.071472167968750 3800000
0.074279785156250 3800000
0.074523925781250 3800000
0.073730468750000 3800000
0.074462890625000 3800000
0.072143554687500 3800000
0.074768066406250 3800000
0.070434570312500 3800000
0.000000000000000 3800000
0.074523925781250 3800000
0.072326660156250 3800000
0.064453125000000 3800000
0.075012207031250 3800000
0.073486328125000 3800000
0.072570800781250 3800000
0.073547363281250 3800000
0.073974609375000 3800000
0.071105957031250 3798401
0.071777343750000 3784313
0.072937011718750 3799963
0.073364257812500 3800000
0.065979003906250 3788172
0.071594238281250 3787997
0.074707031250000 3792838
0.000000000000000 3800036
0.072937011718750 3800000
0.072998046875000 3787145
0.072814941406250 3798845
0.072692871093750 3800000
0.075561523437500 3800000
0.070617675781250 3800000
0.073852539062500 3800000
0.074707031250000 3800000
0.073852539062500 3800000
0.073303222656250 3800000
0.074829101562500 3800000
0.000000000000000 3800000
0.074218750000000 3800000
0.070922851562500 3800000
0.072570800781250 3800036
0.072814941406250 3799891
0.064758300781250 3800072
0.071716308593750 3800000
0.072265625000000 3800000
0.073791503906250 3800000
0.073608398437500 3800000
0.075012207031250 3800000
0.072937011718750 3800000
0.074951171875000 3800036
0.071228027343750 3799963
0.074340820312500 3800000
0.000000000000000 3800000
0.072204589843750 3800000
0.075195312500000 3800000
0.073791503906250 3800000
0.070861816406250 3800000
0.064331054687500 3799927
0.073730468750000 3800072
0.074035644531250 3800000
0.072631835937500 3800000
0.065917968750000 3797777
0.071838378906250 3791768
0.073364257812500 3799301
0.072570800781250 3786248
0.072204589843750 3800000
0.074462890625000 3796595
0.071044921875000 3800000
0.000000000000000 3800000
0.074462890625000 3800000
0.073303222656250 3800000
0.064575195312500 3800000
0.075317382812500 3793212
0.071533203125000 3789022
0.072448730468750 3794483
0.071105957031250 3785480
0.074279785156250 3797123
0.071533203125000 3800000
0.073852539062500 3795564
0.071594238281250 3790603
0.076049804687500 3797056
0.071655273437500 3799483
0.071716308593750 3800000
0.000000000000000 3799963
0.074645996093750 3800036
0.071960449218750 3800000
0.064697265625000 3798766
0.071228027343750 3794330
0.074340820312500 3795269
0.073486328125000 3792654
0.072387695312500 3784873
0.074645996093750 3793722
0.073364257812500 3800036
0.072998046875000 3799963
0.071472167968750 3800000
0.074279785156250 3800036
0.073425292968750 3800000
0.000000000000000 3799963
0.073425292968750 3799963
0.074340820312500 3800036
0.071228027343750 3800000
0.074951171875000 3800000
0.073120117187500 3800000
0.073608398437500 3800000
0.074768066406250 3800036
0.073364257812500 3796076
0.074462890625000 3789563
0.072448730468750 3783298
0.073181152343750 3795774
0.000000000000000 3799199
0.076843261718750 3783331
0.074584960937500 3783335
0.074584960937500 3795020
0.071228027343750 3800000
0.073669433593750 3800000
0.073181152343750 3800000
0.072204589843750 3800000
0.073974609375000 3797757
0.074707031250000 3802243
0.073669433593750 3800000
0.071228027343750 3792493
0.071838378906250 3792948
0.000000000000000 3800000
0.073059082031250 3795709
0.064636230468750 3797077
0.072509765625000 3800000
0.065002441406250 3795708
0.070312500000000 3787656
0.074890136718750 3796711
0.073242187500000 3792780
0.073852539062500 3800000
0.073120117187500 3800036
0.072082519531250 3800000
0.074951171875000 3790576
0.072082519531250 3788405
0.072998046875000 3800000
0.074401855468750 3800000
0.000000000000000 3800000
0.072326660156250 3800000
0.072143554687500 3800000
0.072692871093750 3800000
0.074401855468750 3800000
0.072570800781250 3800000
0.072204589843750 3800000
0.077148437500000 3800000
0.071472167968750 3800000
0.073974609375000 3800000
0.072570800781250 3799963
0.072082519531250 3800036
0.073486328125000 3799963
0.064453125000000 3800000
0.071960449218750 3800036
0.000000000000000 3800036
0.073669433593750 3789573
0.076782226562500 3800000
0.074340820312500 3800000
0.074584960937500 3791407
0.073303222656250 3791225
0.073059082031250 3800036
0.076354980468750 3799963
0.072387695312500 3800000
0.072814941406250 3800000
0.071716308593750 3800000
0.000000000000000 3800000
0.074645996093750 3800000
0.071777343750000 3800036
0.071899414062500 3799963
0.074279785156250 3800036
0.070922851562500 3800000
0.075500488281250 3800000
0.071594238281250 3799963
0.071777343750000 3800000
0.071594238281250 3800000
0.074707031250000 3800000
0.075744628906250 3800000
0.072937011718750 3800000
0.071899414062500 3799927
0.000000000000000 3800072
0.070922851562500 3800000
0.075622558593750 3800000
0.071899414062500 3793084
0.073425292968750 3794554
0.070739746093750 3792195
0.075866699218750 3800000
0.075317382812500 3800000
0.071716308593750 3800000
0.074829101562500 3795109
0.072082519531250 3797898
0.074951171875000 3794559
0.069946289062500 3796126
0.000000000000000 3795581
0.073120117187500 3793626
0.064941406250000 3800000
0.074401855468750 3800000
0.074951171875000 3799891
0.069763183593750 3793570
0.075622558593750 3800000
0.073974609375000 3799963
0.075256347656250 3796693
0.072387695312500 3800000
0.072448730468750 3800000
0.073364257812500 3800000
0.073608398437500 3799963
0.064636230468750 3800036
0.073364257812500 3799963
0.000000000000000 3800036
0.072753906250000 3800000
0.076110839843750 3800000
0.074218750000000 3796575
0.072204589843750 3800036
0.070922851562500 3797170
0.073608398437500 3799458
0.074279785156250 3799891
0.064514160156250 3800000
0.074340820312500 3800072
0.073181152343750 3800000
0.073852539062500 3800000
0.072998046875000 3800000
0.073242187500000 3796981
0.000000000000000 3789039
0.071411132812500 3800000
0.071716308593750 3800000
0.076354980468750 3800000
0.073913574218750 3800000
0.075683593750000 3800000
0.071838378906250 3800000
0.074096679687500 3800036
0.070922851562500 3799963
0.075134277343750 3800000
0.072204589843750 3800000
0.075317382812500 3787577
0.000000000000000 3794813
0.075744628906250 3793090
0.072021484375000 3783333
0.072387695312500 3798633
0.072326660156250 3800036
0.075256347656250 3799963
0.071716308593750 3800036
0.074707031250000 3800000
0.073486328125000 3800000
0.070434570312500 3787218
0.064514160156250 3792446
0.072570800781250 3800000
0.072875976562500 3800036
0.073181152343750 3799963
0.072448730468750 3800000
0.000000000000000 3800000
0.075683593750000 3800000
0.071105957031250 3800000
0.073303222656250 3800000
0.073486328125000 3800000
0.074157714843750 3796553
0.072814941406250 3800000
0.073547363281250 3799205
0.074951171875000 3796908
0.070434570312500 3792597
0.075439453125000 3800000
0.070434570312500 3800000
0.065185546875000 3794057
0.073730468750000 3788715
0.000000000000000 3799179
0.073730468750000 3786820
0.070617675781250 3800000
0.074462890625000 3800000
0.072631835937500 3796970
0.073730468750000 3800000
0.074707031250000 3800000
0.073608398437500 3800000
0.073547363281250 3715680
0.071716308593750 3700000
0.065490722656250 3699964
0.071472167968750 3700000
0.072509765625000 3700035
0.000000000000000 3699964
0.073303222656250 3700035
0.070617675781250 3700000
0.071899414062500 3699964
0.069580078125000 3700035
0.071899414062500 3563181
0.073364257812500 3700000
0.073303222656250 3700000
0.074707031250000 3700000
0.068725585937500 3700000
0.070678710937500 3699964
0.071533203125000 3700000
0.064147949218750 3700035
0.064208984375000 3699964
0.064025878906250 3700000
0.000000000000000 3700035
0.140502929687500 3699964
0.000000000000000 3700035
0.071289062500000 3699929
0.063659667968750 3700070
0.070190429687500 3700000
0.064392089843750 3700000
0.068725585937500 3699929
0.073120117187500 3700035
0.068725585937500 3700035
0.075134277343750 3699964
0.069213867187500 3700035
0.063354492187500 3699964
0.066894531250000 3700035
0.067504882812500 3699964
0.072814941406250 3696413
0.068298339843750 3700070
0.069885253906250 3700000
0.064392089843750 3700035
0.071044921875000 3699964
0.075317382812500 3688973
0.075500488281250 3699964
0.000000000000000 3700000
0.073486328125000 3700000
0.070739746093750 3696679
0.070922851562500 3700000
0.074035644531250 3700000
0.071838378906250 3700000
0.071105957031250 3700000
0.069763183593750 3700035
0.070495605468750 3699929
0.071105957031250 3700035
0.070556640625000 3700035
0.070983886718750 3699964
0.072326660156250 3700000
0.000000000000000 3700035
0.074768066406250 3699964
0.063110351562500 3700035
0.070129394531250 3699929
0.073242187500000 3700070
0.071105957031250 3699964
0.063720703125000 3700035
0.069335937500000 3700000
0.071105957031250 3699964
0.070068359375000 3700000
0.074157714843750 3700035
0.072387695312500 3699964
0.069641113281250 3700035
0.071655273437500 3700000
0.072570800781250 3700000
0.072753906250000 3700000
0.000000000000000 3699964
0.069641113281250 3700035
0.072143554687500 3696383
0.071533203125000 3700000
0.071166992187500 3700000
0.072082519531250 3700000
0.071716308593750 3699964
0.072509765625000 3700000
0.069458007812500 3700000
0.064819335937500 3700035
0.071533203125000 3699964
0.071289062500000 3700000
0.072753906250000 3700035
0.072387695312500 3700000
0.000000000000000 3699964
0.070739746093750 3700035
0.069641113281250 3699929
0.073425292968750 3700070
0.072937011718750 3700000
0.073852539062500 3700000
0.072814941406250 3699964
0.071411132812500 3700035
0.071350097656250 3699929
0.073547363281250 3700070
0.071899414062500 3699964
0.064270019531250 3700035
0.000000000000000 3699929
0.075744628906250 3700035
0.065002441406250 3700035
0.129516601562500 3699964
0.064208984375000 3700035
0.000000000000000 3700000
0.072692871093750 3700000
0.071533203125000 3700000
0.073852539062500 3700000
0.071594238281250 3699894
0.070190429687500 3700070
0.072509765625000 3700000
0.070007324218750 3700035
0.072082519531250 3699964
0.069519042968750 3700035
0.071777343750000 3700000
0.072387695312500 3688907
0.072814941406250 3700000
0.000000000000000 3696710
0.072143554687500 3695174
0.070983886718750 3694260
0.071655273437500 3699964
0.071411132812500 3700070
0.071533203125000 3700035
0.070190429687500 3700000
0.073059082031250 3700000
0.063476562500000 3700000
0.072448730468750 3696442
0.073120117187500 3698965
0.070190429687500 3692533
0.073425292968750 3700000
0.000000000000000 3699964
0.072570800781250 3700035
0.074218750000000 3700000
0.070800781250000 3700000
0.072387695312500 3699964
0.071228027343750 3700000
0.072937011718750 3700000
0.070922851562500 3691422
0.069885253906250 3687682
0.072509765625000 3700000
0.072814941406250 3699964
0.071655273437500 3700035
0.070617675781250 3699964
0.000000000000000 3700000
0.070495605468750 3700035
0.073486328125000 3699964
0.071044921875000 3700035
0.073303222656250 3699964
0.070983886718750 3700035
0.072692871093750 3700000
0.073547363281250 3700000
0.070983886718750 3700000
0.074401855468750 3699964
0.072753906250000 3700035
0.000000000000000 3700000
0.133178710937500 3700000
0.000000000000000 3699964
0.071472167968750 3700035
0.070434570312500 3697066
0.070495605468750 3695631
0.071594238281250 3699964
0.071166992187500 3700035
0.072814941406250 3699964
0.285705566406250 3698193
0.070739746093750 3699964
0.070739746093750 3700035
0.073364257812500 3699964
0.063476562500000 3700035
0.072753906250000 3699964
0.070251464843750 3700035
0.070434570312500 3699964
0.072204589843750 3699929
0.068786621093750 3700070
0.070251464843750 3700000
0.000000000000000 3698707
0.070495605468750 3698680
0.074401855468750 3700035
0.073547363281250 3699964
0.069824218750000 3700000
0.070983886718750 3700035
0.069519042968750 3700000
0.072143554687500 3700000
0.069885253906250 3700000
0.072143554687500 3700000
0.073791503906250 3699894
0.072021484375000 3700105
0.000000000000000 3700000
0.070617675781250 3699964
0.069641113281250 3700000
0.072204589843750 3700035
0.069335937500000 3700000
0.063415527343750 3700000
0.069030761718750 3700000
0.074462890625000 3700000
0.071533203125000 3700000
0.072814941406250 3700000
0.073242187500000 3699964
0.069763183593750 3700000
0.072387695312500 3700035
0.072021484375000 3700000
0.072631835937500 3700000
0.000000000000000 3699964
0.070678710937500 3700000
0.070678710937500 3700035
0.072204589843750 3699964
0.070983886718750 3700000
0.063354492187500 3700035
0.071289062500000 3699964
0.073608398437500 3700000
0.071166992187500 3699964
0.070068359375000 3700070
0.072692871093750 3699964
0.070800781250000 3700000
0.072509765625000 3700035
0.070800781250000 3700000
0.063598632812500 3699859
0.071533203125000 3700140
0.000000000000000 3700000
0.070190429687500 3699964
0.071777343750000 3700000
0.073059082031250 3700035
0.071350097656250 3700000
0.069091796875000 3699283
0.070434570312500 3699365
0.070251464843750 3691554
0.063476562500000 3700000
0.071655273437500 3699894
0.070495605468750 3700105
0.071411132812500 3699964
0.069580078125000 3700035
0.072021484375000 3699964
0.071350097656250 3699964
0.000000000000000 3700070
0.071777343750000 3700000
0.072998046875000 3699964
0.071655273437500 3700035
0.071716308593750 3700000
0.072082519531250 3700000
0.072021484375000 3699929
0.073730468750000 3700035
0.072875976562500 3700000
0.072143554687500 3700035
0.069580078125000 3699964
0.071105957031250 3700035
0.071166992187500 3700000
0.000000000000000 3699964
0.072570800781250 3700000
0.072387695312500 3696558
0.073913574218750 3700000
0.063171386718750 3697559
0.073120117187500 3691398
0.071166992187500 3697659
0.069885253906250 3699615
0.072570800781250 3700035
0.072814941406250 3700000
0.071472167968750 3699964
0.072937011718750 3700000
0.070617675781250 3699929
0.000000000000000 3700070
0.072937011718750 3700000
0.073242187500000 3699964
0.071777343750000 3700070
0.070556640625000 3700000
0.070495605468750 3699964
0.073181152343750 3700035
0.070739746093750 3699894
0.071655273437500 3700070
0.070434570312500 3700035
0.071777343750000 3700000
0.072753906250000 3699929
0.000000000000000 3696894
0.072265625000000 3700035
0.070739746093750 3700000
0.073547363281250 3699964
0.072753906250000 3700035
0.069335937500000 3699894
0.073608398437500 3700105
0.069335937500000 3699964
0.073669433593750 3696594
0.071716308593750 3700000
0.071533203125000 3697230
0.071228027343750 3700000
0.070434570312500 3699964
0.000000000000000 3700035
0.072082519531250 3700000
0.069885253906250 3700000
0.072814941406250 3693572
0.071105957031250 3700035
0.069702148437500 3700000
0.063720703125000 3700000
0.072753906250000 3700000
0.070861816406250 3699964
0.069213867187500 3700000
0.073608398437500 3690003
0.069702148437500 3691314
0.072692871093750 3700000
0.072692871093750 3699964
0.000000000000000 3700035
0.071594238281250 3700000
0.073547363281250 3700000
0.071411132812500 3697383
0.072082519531250 3700000
0.070983886718750 3699964
0.073486328125000 3700000
0.070983886718750 3700035
0.069885253906250 3699964
0.072387695312500 3700035
0.070434570312500 3700000
0.072631835937500 3699894
0.069763183593750 3693592
0.062988281250000 3700000
0.070068359375000 3699964
0.000000000000000 3688967
0.072814941406250 3700000
0.070251464843750 3699964
0.070007324218750 3700000
0.071411132812500 3700000
0.070861816406250 3700035
0.072631835937500 3696905
0.073913574218750 3700000
0.072265625000000 3700000
0.070007324218750 3699964
0.069213867187500 3699964
0.071228027343750 3700035
0.070983886718750 3700035
0.071533203125000 3688876
0.000000000000000 3695919
0.069946289062500 3700035
0.073547363281250 3699964
0.071533203125000 3700000
0.071533203125000 3700035
0.071594238281250 3699964
0.072814941406250 3700000
0.072143554687500 3696420
0.071350097656250 3699964
0.071777343750000 3700000
0.071411132812500 3700035
0.071411132812500 3699964
0.000000000000000 3700000
0.071533203125000 3700000
0.071533203125000 3699929
0.073364257812500 3700105
0.071594238281250 3699730
0.070983886718750 3699964
0.071044921875000 3700000
0.069824218750000 3700000
0.071594238281250 3699964
0.070068359375000 3700035
0.072631835937500 3696624
0.070922851562500 3699964
0.072021484375000 3689837
0.000000000000000 3699142
0.073120117187500 3699964
0.072570800781250 3692462
0.073547363281250 3699929
0.072326660156250 3700070
0.073730468750000 3700000
0.072326660156250 3700000
0.071166992187500 3700000
0.071350097656250 3700000
0.071044921875000 3699929
0.072143554687500 3700070
0.070678710937500 3699964
0.000000000000000 3700000
0.072509765625000 3700000
0.069519042968750 3699929
0.073852539062500 3700070
0.070434570312500 3700035
0.071411132812500 3699964
0.070800781250000 3700000
0.070495605468750 3700035
0.072692871093750 3699964
0.067321777343750 3698147
0.062866210937500 3699964
0.072753906250000 3700035
0.071411132812500 3699929
0.063171386718750 3700035
0.072082519531250 3700000
0.073547363281250 3700035
0.070617675781250 3700000
0.000000000000000 3699964
0.072204589843750 3700000
0.070922851562500 3700035
0.073120117187500 3699964
0.074035644531250 3700035
0.070861816406250 3699964
0.072143554687500 3700035
0.069335937500000 3700000
0.071350097656250 3699964
0.069885253906250 3700000
0.074279785156250 3700035
0.071105957031250 3700000
0.000000000000000 3699964
0.071411132812500 3700035
0.071105957031250 3699964
0.070373535156250 3700000
0.072448730468750 3700000
0.070495605468750 3700000
0.073913574218750 3693429
0.072937011718750 3699964
0.072326660156250 3700035
0.070739746093750 3699964
0.071105957031250 3700000
0.072937011718750 3699929
0.069030761718750 3700105
0.062988281250000 3700000
0.000000000000000 3699964
0.074218750000000 3700035
0.072998046875000 3700000
0.071472167968750 3700000
0.072021484375000 3700000
0.072387695312500 3700000
0.071411132812500 3700000
0.072448730468750 3699929
0.072082519531250 3700070
0.071960449218750 3699964
0.071228027343750 3700035
0.072143554687500 3700000
0.000000000000000 3699964
0.071472167968750 3700000
0.072265625000000 3696510
0.073852539062500 3693295
0.072387695312500 3699964
0.070739746093750 3699964
0.072631835937500 3700035
0.071472167968750 3700035
0.063903808593750 3699964
0.070068359375000 3700035
0.071533203125000 3696217
0.073791503906250 3692218
0.070068359375000 3698719
0.070739746093750 3700000
0.000000000000000 3700000
0.071838378906250 3700000
0.074279785156250 3699964
0.071289062500000 3700070
0.073059082031250 3700000
0.072082519531250 3699964
0.071411132812500 3699964
0.063354492187500 3700070
0.069885253906250 3699964
0.073425292968750 3700035
0.071105957031250 3699964
0.074584960937500 3700000
0.075073242187500 3700000
0.000000000000000 3700035
0.070678710937500 3699964
0.070922851562500 3700000
0.069091796875000 3700000
0.064453125000000 3700000
0.072631835937500 3700000
0.072265625000000 3700035
0.070739746093750 3699964
0.071166992187500 3700035
0.072570800781250 3700000
0.071289062500000 3700000
0.072204589843750 3699929
0.070251464843750 3700070
0.072570800781250 3700000
0.000000000000000 3699964
0.071411132812500 3700000
0.072998046875000 3700035
0.073547363281250 3699964
0.069091796875000 3700035
0.074096679687500 3700000
0.072631835937500 3700000
0.070861816406250 3699964
0.069763183593750 3700035
0.063537597656250 3700000
0.072570800781250 3699964
0.071289062500000 3700035
0.072692871093750 3699929
0.069702148437500 3700035
0.063842773437500 3700000
0.069885253906250 3700000
0.000000000000000 3700000
0.072814941406250 3699320
0.071899414062500 3699218
0.073486328125000 3700000
0.072692871093750 3700035
0.070312500000000 3699964
0.071044921875000 3699964
0.069030761718750 3700035
0.063232421875000 3700000
0.070983886718750 3700035
0.070495605468750 3699964
0.069213867187500 3700000
0.074645996093750 3700035
0.074157714843750 3700000
0.000000000000000 3699964
0.072326660156250 3699964
0.073364257812500 3700035
0.070190429687500 3700035
0.072021484375000 3699964
0.072387695312500 3700035
0.069335937500000 3699964
0.063049316406250 3700035
0.072570800781250 3700000
0.073059082031250 3699964
0.072631835937500 3700035
0.072082519531250 3697675
0.069335937500000 3699964
0.073364257812500 3700035
0.000000000000000 3700000
0.072143554687500 3700000
0.071777343750000 3700000
0.073242187500000 3638567
0.068054199218750 3599965
0.059875488281250 3600000
0.066284179687500 3600000
0.069458007812500 3600034
0.067871093750000 3600000
0.065856933593750 3600000
0.068420410156250 3600000
0.067443847656250 3600000
0.066650390625000 3600000
0.000000000000000 3594547
0.065124511718750 3598792
0.069152832031250 3593584
0.069030761718750 3588917
0.065612792968750 3600000
0.066589355468750 3600000
0.060607910156250 3593722
0.068481445312500 3583297
0.066772460937500 3589536
0.068664550781250 3588906
0.067810058593750 3600000
0.066955566406250 3599830
0.068481445312500 3583299
0.000000000000000 3586912
0.065124511718750 3588591
0.069641113281250 3600000
0.067077636718750 3600000
0.067138671875000 3600000
0.067199707031250 3583967
0.067260742187500 3583332
0.067810058593750 3588056
0.068420410156250 3589833
0.068359375000000 3594537
0.066467285156250 3593432
0.067138671875000 3584495
0.000000000000000 3583332
0.067321777343750 3583333
0.065063476562500 3583330
0.068176269531250 3587494
0.059570312500000 3590338
0.066833496093750 3587412
0.066223144531250 3600000
0.069580078125000 3585001
0.066894531250000 3592810
0.066467285156250 3597452
0.059204101562500 3600000
0.066833496093750 3600000
0.067077636718750 3590938
0.067138671875000 3594511
0.069091796875000 3592304
0.067077636718750 3600000
0.000000000000000 3600000
0.067871093750000 3588899
0.067504882812500 3598916
0.064575195312500 3600000
0.068298339843750 3599965
0.064697265625000 3600034
0.066955566406250 3600000
0.065917968750000 3600000
0.059082031250000 3600000
0.059082031250000 3600000
0.068725585937500 3600000
0.067504882812500 3587878
0.065124511718750 3599965
0.069885253906250 3600000
0.067077636718750 3600000
0.000000000000000 3588869
0.067687988281250 3600034
0.066040039062500 3598149
0.068664550781250 3590587
0.069091796875000 3588953
0.065246582031250 3592925
0.066711425781250 3595984
0.065185546875000 3600000
0.068054199218750 3598789
0.066223144531250 3599588
0.068908691406250 3589213
0.068176269531250 3600000
0.065917968750000 3590132
0.000000000000000 3583330
0.066345214843750 3583336
0.066040039062500 3589531
0.068664550781250 3588908
0.065124511718750 3600000
0.059631347656250 3600034
0.067993164062500 3594033
0.066101074218750 3583300
0.067443847656250 3583333
0.066589355468750 3583614
0.059448242187500 3600000
0.067810058593750 3600000
0.060058593750000 3600000
0.066833496093750 3599965
0.068420410156250 3600034
0.068847656250000 3600000
0.065612792968750 3583526
0.000000000000000 3594196
0.068664550781250 3593727
0.064880371093750 3600000
0.069030761718750 3600000
0.064331054687500 3600000
0.068420410156250 3590358
0.067626953125000 3583300
0.064331054687500 3583331
0.058776855468750 3590441
0.067932128906250 3600000
0.070739746093750 3591390
0.066467285156250 3600000
0.060363769531250 3599965
0.069152832031250 3600034
0.059448242187500 3600000
0.069030761718750 3600000
0.000000000000000 3586954
0.066894531250000 3587088
0.069702148437500 3590808
0.067565917968750 3583332
0.067810058593750 3599880
0.065551757812500 3600000
0.067565917968750 3600000
0.067565917968750 3596829
0.066162109375000 3587703
0.067687988281250 3593828
0.067687988281250 3599931
0.060363769531250 3600068
0.067626953125000 3590700
0.059143066406250 3600034
0.067077636718750 3599965
0.000000000000000 3600000
0.069152832031250 3600034
0.059204101562500 3600000
0.066528320312500 3599965
0.066223144531250 3598404
0.064941406250000 3586907
0.068054199218750 3594523
0.066589355468750 3583300
0.066589355468750 3583367
0.067382812500000 3584165
0.067321777343750 3594697
0.059570312500000 3583333
0.066711425781250 3595493
0.068115234375000 3594742
0.066955566406250 3600000
0.000000000000000 3600000
0.070129394531250 3600000
0.066406250000000 3600000
0.068542480468750 3600000
0.067810058593750 3594054
0.066101074218750 3583365
0.068359375000000 3587680
0.067626953125000 3600000
0.064575195312500 3600000
0.066833496093750 3593090
0.068359375000000 3599018
0.066284179687500 3583300
0.066650390625000 3583299
0.000000000000000 3594226
0.065917968750000 3600000
0.068176269531250 3600000
0.066894531250000 3600000
0.065185546875000 3600000
0.067443847656250 3600000
0.066467285156250 3600000
0.067321777343750 3589729
0.066711425781250 3596552
0.065368652343750 3600034
0.065429687500000 3600000
0.065185546875000 3600000
0.068176269531250 3600000
0.069335937500000 3600000
0.000000000000000 3599965
0.065368652343750 3598340
0.067443847656250 3590566
0.066589355468750 3587167
0.065917968750000 3600000
0.063964843750000 3598408
0.066650390625000 3595332
0.068176269531250 3600034
0.067504882812500 3600000
0.067382812500000 3594338
0.065551757812500 3592281
0.066833496093750 3595975
0.067871093750000 3600000
0.000000000000000 3588912
0.067321777343750 3600000
0.068664550781250 3600000
0.065551757812500 3600000
0.067077636718750 3597348
0.067321777343750 3583331
0.067077636718750 3583300
0.064758300781250 3591372
0.066284179687500 3600034
0.065734863281250 3600000
0.068176269531250 3600000
0.068359375000000 3600000
0.066833496093750 3600000
0.067382812500000 3600000
0.000000000000000 3600000
0.066711425781250 3600000
0.067016601562500 3600000
0.065490722656250 3592878
0.067382812500000 3584899
0.068359375000000 3600000
0.068542480468750 3587460
0.067504882812500 3597976
0.067199707031250 3600000
0.066406250000000 3591576
0.068359375000000 3595079
0.067321777343750 3600000
0.000000000000000 3600000
0.068420410156250 3600000
0.067321777343750 3600000
0.067749023437500 3600000
0.065368652343750 3600000
0.069091796875000 3600000
0.068359375000000 3600000
0.066772460937500 3600000
0.067626953125000 3599423
0.066711425781250 3589086
0.066650390625000 3600000
0.067443847656250 3600000
0.000000000000000 3589242
0.066955566406250 3588508
0.068054199218750 3600000
0.066894531250000 3600000
0.066040039062500 3600000
0.067871093750000 3600000
0.059692382812500 3600000
0.067382812500000 3600000
0.059448242187500 3600000
0.066894531250000 3600000
0.070373535156250 3600000
0.065734863281250 3599931
0.068176269531250 3600068
0.068664550781250 3600000
0.000000000000000 3600000
0.125854492187500 3600000
0.000000000000000 3599965
0.066101074218750 3600034
0.066467285156250 3600000
0.067382812500000 3600000
0.069580078125000 3596588
0.067810058593750 3600000
0.065612792968750 3600000
0.066711425781250 3597242
0.067565917968750 3592187
0.068786621093750 3600034
0.067687988281250 3591774
0.065856933593750 3583336
0.000000000000000 3591452
0.067565917968750 3586873
0.067199707031250 3591327
0.067199707031250 3597723
0.066101074218750 3591188
0.068603515625000 3597831
0.068298339843750 3591078
0.065185546875000 3600034
0.067687988281250 3599965
0.065307617187500 3599424
0.067016601562500 3583334
0.067260742187500 3584838
0.066284179687500 3600000
0.000000000000000 3588733
0.069335937500000 3593347
0.065856933593750 3583332
0.065551757812500 3583332
0.068420410156250 3595438
0.066467285156250 3600034
0.065856933593750 3588888
0.066711425781250 3600000
0.070129394531250 3588289
0.064331054687500 3600000
0.066528320312500 3600000
0.066772460937500 3600000
0.067626953125000 3599965
0.067199707031250 3600034
0.000000000000000 3600000
0.067810058593750 3600000
0.067932128906250 3593098
0.067077636718750 3600000
0.068176269531250 3600000
0.064514160156250 3600000
0.069030761718750 3599756
0.066406250000000 3595595
0.066650390625000 3598599
0.070312500000000 3600068
0.067016601562500 3600000
0.000000000000000 3600000
0.068664550781250 3599965
0.065490722656250 3600034
0.060058593750000 3600000
0.065490722656250 3599931
0.066528320312500 3600068
0.066406250000000 3600000
0.068298339843750 3600000
0.059875488281250 3599965
0.064819335937500 3600034
0.069580078125000 3600000
0.066650390625000 3600000
0.068481445312500 3600000
0.063781738281250 3600000
0.065979003906250 3600000
0.068054199218750 3600034
0.065307617187500 3599965
0.000000000000000 3600000
0.067626953125000 3600000
0.066223144531250 3600000
0.068420410156250 3600000
0.066894531250000 3600000
0.068115234375000 3600000
0.069641113281250 3600000
0.065551757812500 3600000
0.067321777343750 3600000
0.067871093750000 3600000
0.068298339843750 3600000
0.066589355468750 3600000
0.000000000000000 3600000
0.067016601562500 3599965
0.068054199218750 3600034
0.066955566406250 3600000
0.067260742187500 3600000
0.065856933593750 3600000
0.067993164062500 3600034
0.066284179687500 3599965
0.068115234375000 3600034
0.067077636718750 3599965
0.065002441406250 3600000
0.067687988281250 3600000
0.066589355468750 3600000
0.000000000000000 3600000
0.068359375000000 3599931
0.064880371093750 3600068
0.068359375000000 3600000
0.068115234375000 3600000
0.067626953125000 3600000
0.066528320312500 3600000
0.066467285156250 3600000
0.066528320312500 3600000
0.067443847656250 3600000
0.067260742187500 3600000
0.066894531250000 3600034
0.065307617187500 3599965
0.000000000000000 3600034
0.065673828125000 3599965
0.065673828125000 3600034
0.068237304687500 3599965
0.066345214843750 3600000
0.067504882812500 3600000
0.066589355468750 3600000
0.068908691406250 3600000
0.067321777343750 3600000
0.065734863281250 3600034
0.066589355468750 3599965
0.066467285156250 3600000
0.069458007812500 3600000
0.000000000000000 3600000
0.068481445312500 3600000
0.066467285156250 3600000
0.067016601562500 3600000
0.067321777343750 3600000
0.067504882812500 3600000
0.066223144531250 3600000
0.068115234375000 3600000
0.070312500000000 3600000
0.065124511718750 3600034
0.066711425781250 3599965
0.066528320312500 3600034
0.066711425781250 3599965
0.000000000000000 3600034
0.065124511718750 3599965
0.067687988281250 3600000
0.065612792968750 3600000
0.068603515625000 3600000
0.067504882812500 3600000
0.065612792968750 3599931
0.066040039062500 3600068
0.065185546875000 3600000
0.069274902343750 3599965
0.065063476562500 3600034
0.067993164062500 3600000
0.067504882812500 3600000
0.000000000000000 3600000
0.066345214843750 3600000
0.068725585937500 3600000
0.066345214843750 3600000
0.067199707031250 3600000
0.065856933593750 3600000
0.067687988281250 3600000
0.060180664062500 3600000
0.067565917968750 3600000
0.066528320312500 3600000
0.065490722656250 3599897
0.067504882812500 3600102
0.067382812500000 3600000
0.065917968750000 3600000
0.066528320312500 3600000
0.000000000000000 3600000
0.066284179687500 3600000
0.067199707031250 3600000
0.065612792968750 3600000
0.066528320312500 3600000
0.065002441406250 3600000
0.069824218750000 3600000
0.065612792968750 3600000
0.067321777343750 3600000
0.067382812500000 3600000
0.067810058593750 3600034
0.067810058593750 3599965
0.065002441406250 3600000
0.000000000000000 3600034
0.068115234375000 3599931
0.065734863281250 3600034
0.068115234375000 3599965
0.068847656250000 3600000
0.064575195312500 3600034
0.068542480468750 3600000
0.066162109375000 3600000
0.065917968750000 3600000
0.066650390625000 3600000
0.067871093750000 3600000
0.067199707031250 3600000
0.059082031250000 3600000
0.067138671875000 3600000
0.065673828125000 3600000
0.000000000000000 3600034
0.067138671875000 3599965
0.066345214843750 3600000
0.066589355468750 3600000
0.068969726562500 3599965
0.066589355468750 3600068
0.067321777343750 3599965
0.066650390625000 3600000
0.069580078125000 3600000
0.065551757812500 3600000
0.067077636718750 3600000
0.069396972656250 3600000
0.000000000000000 3599965
0.065124511718750 3600034
0.064880371093750 3600000
0.066650390625000 3600000
0.066894531250000 3600000
0.067687988281250 3600000
0.067871093750000 3600000
0.066040039062500 3600000
0.067382812500000 3600000
0.068481445312500 3600000
0.064208984375000 3600000
0.059448242187500 3600000
0.065368652343750 3600000
0.066711425781250 3600034
0.068481445312500 3599965
0.000000000000000 3600034
0.068725585937500 3599965
0.067504882812500 3600000
0.066101074218750 3600000
0.068542480468750 3600000
0.065673828125000 3600000
0.068481445312500 3600000
0.063476562500000 3600000
0.067810058593750 3600000
0.069641113281250 3600000
0.066955566406250 3600000
0.064697265625000 3600000
0.000000000000000 3600000
0.070129394531250 3600000
0.067871093750000 3600000
0.070129394531250 3600000
0.067565917968750 3600000
0.062622070312500 3600000
0.067626953125000 3600000
0.069335937500000 3600000
0.061218261718750 3600034
0.066284179687500 3599965
0.059387207031250 3599965
0.060791015625000 3600034
0.065307617187500 3600000
0.058471679687500 3600000
0.060546875000000 3600000
0.068664550781250 3600000
0.062744140625000 3600000
0.063781738281250 3600000
0.069091796875000 3600000
0.062683105468750 3600000
0.064514160156250 3600000
0.066528320312500 3600000
0.000000000000000 3600000
0.068359375000000 3600000
0.069885253906250 3600034
0.066833496093750 3599965
0.066040039062500 3600000
0.065856933593750 3600000
0.068969726562500 3600000
0.067016601562500 3600000
0.065734863281250 3599931
0.068481445312500 3600034
0.065734863281250 3600034
0.068359375000000 3600000
0.000000000000000 3600000
0.066040039062500 3600000
0.066345214843750 3599931
0.067016601562500 3600068
0.066650390625000 3600000
0.064147949218750 3600034
0.068603515625000 3599965
0.066711425781250 3600000
0.066040039062500 3600000
0.068481445312500 3600000
0.064758300781250 3600000
0.069763183593750 3600000
0.067077636718750 3600000
0.000000000000000 3599965
0.069030761718750 3600034
0.068359375000000 3600000
0.066345214843750 3600000
0.068969726562500 3600000
0.065856933593750 3600000
0.068786621093750 3600000
0.067443847656250 3600034
0.065856933593750 3599965
0.066833496093750 3600000
0.066223144531250 3600000
0.068786621093750 3599965
0.065185546875000 3600034
0.000000000000000 3600034
0.066894531250000 3599965
0.065307617187500 3600000
0.065734863281250 3600000
0.068176269531250 3600034
0.059265136718750 3599965
0.066894531250000 3599931
0.067016601562500 3600102
0.066711425781250 3599965
0.065124511718750 3600000
0.065734863281250 3600000
0.068786621093750 3600000
0.068969726562500 3600000
0.067138671875000 3600000
0.000000000000000 3600000
0.068786621093750 3600000
0.068725585937500 3600000
0.059082031250000 3600000
0.068176269531250 3600000
0.068237304687500 3600000
0.061035156250000 3600000
0.061828613281250 3599965
0.066406250000000 3600068
0.060302734375000 3599965
0.066772460937500 3600034
0.066711425781250 3599965
0.065063476562500 3600000
0.067749023437500 3618107
0.073913574218750 3799963
0.072875976562500 3721096
0.063781738281250 3699964
0.071960449218750 3700035
0.000000000000000 3699964
0.072692871093750 3700035
0.070861816406250 3699964
0.072814941406250 3700035
0.069885253906250 3700000
0.074279785156250 3700000
0.070190429687500 3700000
0.070434570312500 3700000
0.072814941406250 3699964
0.069702148437500 3700035
0.072448730468750 3699964
0.070617675781250 3700000
0.072814941406250 3700000
0.000000000000000 3700035
0.071289062500000 3700000
0.070495605468750 3699964
0.071289062500000 3700035
0.071350097656250 3699964
0.072570800781250 3700000
0.071411132812500 3700000
0.074340820312500 3700035
0.063415527343750 3699964
0.071655273437500 3700000
0.071472167968750 3700000
0.069763183593750 3700035
0.072021484375000 3700000
0.070495605468750 3700000
0.063354492187500 3700000
0.070007324218750 3699929
0.000000000000000 3700035
0.074218750000000 3700000
0.072814941406250 3700035
0.071044921875000 3700000
0.063110351562500 3700000
0.069458007812500 3699964
0.072814941406250 3700000
0.070495605468750 3700035
0.073303222656250 3699964
0.071411132812500 3700035
0.070007324218750 3700000
0.072692871093750 3699964
0.071105957031250 3700035
0.071105957031250 3699964
0.000000000000000 3700035
0.072082519531250 3700000
0.072265625000000 3699964
0.071594238281250 3700000
0.070861816406250 3700035
0.072021484375000 3700000
0.069458007812500 3699964
0.072570800781250 3700000
0.073730468750000 3700035
0.072021484375000 3700000
0.073120117187500 3700000
0.070617675781250 3700000
0.072937011718750 3699929
0.000000000000000 3700035
0.070495605468750 3700035
0.072326660156250 3700000
0.071594238281250 3700000
0.073059082031250 3700000
0.073242187500000 3699964
0.070373535156250 3700035
0.071655273437500 3700000
0.069824218750000 3700000
0.072814941406250 3699964
0.071350097656250 3700000
0.071289062500000 3700000
0.000000000000000 3700035
0.072204589843750 3700000
0.071166992187500 3699964
0.075195312500000 3700000
0.072265625000000 3700000
0.071289062500000 3700035
0.070495605468750 3699964
0.071777343750000 3700000
0.074890136718750 3700000
0.070739746093750 3700000
0.073547363281250 3700000
0.072387695312500 3700000
0.000000000000000 3700000
0.072692871093750 3700000
0.071105957031250 3700000
0.072753906250000 3700000
0.070983886718750 3700000
0.070495605468750 3700000
0.073425292968750 3700035
0.069580078125000 3700000
0.071899414062500 3700000
0.070983886718750 3699964
0.073059082031250 3699964
0.071655273437500 3700070
0.000000000000000 3699964
0.070617675781250 3700035
0.070922851562500 3700000
0.071350097656250 3700000
0.072937011718750 3700000
0.070251464843750 3699964
0.071655273437500 3700035
0.071105957031250 3700000
0.072021484375000 3699929
0.069458007812500 3700035
0.072326660156250 3700000
0.071472167968750 3700000
0.072753906250000 3700000
0.000000000000000 3700000
0.074218750000000 3700035
0.072631835937500 3699964
0.071411132812500 3700000
0.072387695312500 3699964
0.072265625000000 3700035
0.074035644531250 3700035
0.072204589843750 3700000
0.071228027343750 3700000
0.071899414062500 3700000
0.072509765625000 3700000
0.072204589843750 3700000
0.000000000000000 3700000
0.070007324218750 3700000
0.071166992187500 3700000
0.070922851562500 3700000
0.073303222656250 3700000
0.071777343750000 3700000
0.071411132812500 3700000
0.071899414062500 3700000
0.071899414062500 3700000
0.070861816406250 3699964
0.068725585937500 3700000
0.074584960937500 3700035
0.063110351562500 3700000
0.069335937500000 3700000
0.070800781250000 3699964
0.000000000000000 3700035
0.070373535156250 3699964
0.071105957031250 3700000
0.072387695312500 3700035
0.063354492187500 3700000
0.071289062500000 3699964
0.073547363281250 3700035
0.073852539062500 3699929
0.071533203125000 3700035
0.072021484375000 3700035
0.071105957031250 3700000
0.070739746093750 3699964
0.075622558593750 3700035
0.000000000000000 3699823
0.071533203125000 3700176
0.072021484375000 3700000
0.071105957031250 3699964
0.072509765625000 3700000
0.069946289062500 3700035
0.073608398437500 3700000
0.072021484375000 3700000
0.070007324218750 3699964
0.073303222656250 3700035
0.070129394531250 3699964
0.062988281250000 3700035
0.070312500000000 3700000
0.072937011718750 3700000
0.000000000000000 3700000
0.069946289062500 3699964
0.071777343750000 3700035
0.072692871093750 3699964
0.068725585937500 3700000
0.074035644531250 3700035
0.072265625000000 3699964
0.072326660156250 3700035
0.070983886718750 3699964
0.063720703125000 3700035
0.073547363281250 3699964
0.071350097656250 3700035
0.071472167968750 3699964
0.070007324218750 3700035
0.000000000000000 3699964
0.073303222656250 3700000
0.070007324218750 3700035
0.070312500000000 3700000
0.073486328125000 3699964
0.070373535156250 3700035
0.073730468750000 3700000
0.069458007812500 3700000
0.072631835937500 3699964
0.071899414062500 3700000
0.072937011718750 3699964
0.071350097656250 3700035
0.069885253906250 3700000
0.000000000000000 3700000
0.070129394531250 3700035
0.072448730468750 3699964
0.073181152343750 3700035
0.070800781250000 3699964
0.063049316406250 3685970
0.070373535156250 3700000
0.063232421875000 3700035
0.070495605468750 3699964
0.073425292968750 3700000
0.071838378906250 3700035
0.072937011718750 3699964
0.071655273437500 3699929
0.072326660156250 3700070
0.070861816406250 3700035
0.000000000000000 3696937
0.073791503906250 3696851
0.071533203125000 3700000
0.071655273437500 3700000
0.069702148437500 3700000
0.071533203125000 3700000
0.072265625000000 3700000
0.063293457031250 3700035
0.072021484375000 3699964
0.073181152343750 3700000
0.062988281250000 3700035
0.072021484375000 3699929
0.069885253906250 3700035
0.069458007812500 3700000
0.072509765625000 3700000
0.069458007812500 3700000
0.072143554687500 3700000
0.000000000000000 3700035
0.070312500000000 3699964
0.070617675781250 3700035
0.073425292968750 3699964
0.071166992187500 3700035
0.071105957031250 3700000
0.070922851562500 3699929
0.070617675781250 3700035
0.070800781250000 3700035
0.074035644531250 3700000
0.071350097656250 3700000
0.069763183593750 3699964
0.072326660156250 3700000
0.000000000000000 3700000
0.073974609375000 3700035
0.071472167968750 3699964
0.070495605468750 3700000
0.073303222656250 3700035
0.072814941406250 3699964
0.071228027343750 3700000
0.072021484375000 3698106
0.070251464843750 3695061
0.071960449218750 3700000
0.072753906250000 3700000
0.070190429687500 3700000
0.000000000000000 3699929
0.073547363281250 3700070
0.070251464843750 3700000
0.071105957031250 3699964
0.071044921875000 3700000
0.070556640625000 3699266
0.070129394531250 3697351
0.071960449218750 3700000
0.062866210937500 3700000
0.069763183593750 3700000
0.072753906250000 3700000
0.071350097656250 3699964
0.071838378906250 3700035
0.070251464843750 3699964
0.071594238281250 3699964
0.072204589843750 3700035
0.000000000000000 3700000
0.071350097656250 3700000
0.074584960937500 3700035
0.069335937500000 3700000
0.072937011718750 3700000
0.069641113281250 3699929
0.071533203125000 3700070
0.073974609375000 3693124
0.070007324218750 3700000
0.071594238281250 3700035
0.071044921875000 3699964
0.072143554687500 3700035
0.069702148437500 3699964
0.000000000000000 3700000
0.073730468750000 3700035
0.071655273437500 3699964
0.070617675781250 3700000
0.073486328125000 3700000
0.072143554687500 3700035
0.071289062500000 3699964
0.069824218750000 3700000
0.072692871093750 3700035
0.071777343750000 3700000
0.070007324218750 3699964
0.071472167968750 3700000
0.069763183593750 3700000
0.000000000000000 3700000
0.074035644531250 3699632
0.071044921875000 3698137
0.073425292968750 3700000
0.073181152343750 3700035
0.071166992187500 3699964
0.071777343750000 3699964
0.071655273437500 3700070
0.070678710937500 3700000
0.070312500000000 3699964
0.071411132812500 3700035
0.071899414062500 3700000
0.000000000000000 3700000
0.069885253906250 3700000
0.072937011718750 3699964
0.072692871093750 3700000
0.071533203125000 3700000
0.070129394531250 3700035
0.071044921875000 3699964
0.072143554687500 3700000
0.071472167968750 3700035
0.071899414062500 3700000
0.069580078125000 3699964
0.072265625000000 3700035
0.070251464843750 3700000
0.000000000000000 3699964
0.071289062500000 3700000
0.069946289062500 3700035
0.073364257812500 3700000
0.070739746093750 3699964
0.072448730468750 3700035
0.070739746093750 3700000
0.069213867187500 3699964
0.071411132812500 3700035
0.070861816406250 3700000
0.072570800781250 3699964
0.073181152343750 3700000
0.071716308593750 3700000
0.070190429687500 3700000
0.000000000000000 3700035
0.071838378906250 3700000
0.071777343750000 3699964
0.069824218750000 3700035
0.071411132812500 3699964
0.072143554687500 3700000
0.071166992187500 3700000
0.072021484375000 3700035
0.070129394531250 3700000
0.071716308593750 3700000
0.072143554687500 3696229
0.072814941406250 3700000
0.000000000000000 3699964
0.072204589843750 3700000
0.070373535156250 3700000
0.071899414062500 3700000
0.069824218750000 3700035
0.071105957031250 3700000
0.070617675781250 3700000
0.070983886718750 3700000
0.075134277343750 3699964
0.071716308593750 3700035
0.071228027343750 3700000
0.070983886718750 3700000
0.073852539062500 3700000
0.000000000000000 3700000
0.070190429687500 3699964
0.071411132812500 3700035
0.070617675781250 3699964
0.070495605468750 3700035
0.073730468750000 3700000
0.071655273437500 3699964
0.072021484375000 3700035
0.070617675781250 3699964
0.072814941406250 3700035
0.071289062500000 3699964
0.068847656250000 3700035
0.072753906250000 3700000
0.070007324218750 3699964
0.000000000000000 3700035
0.073059082031250 3700000
0.071105957031250 3699964
0.073120117187500 3700035
0.072387695312500 3700000
0.071594238281250 3699964
0.071166992187500 3700035
0.073059082031250 3699964
0.070983886718750 3700000
0.071655273437500 3700000
0.063354492187500 3700000
0.072814941406250 3700000
0.071716308593750 3700000
0.000000000000000 3700000
0.072692871093750 3700035
0.070068359375000 3699964
0.071960449218750 3700000
0.070373535156250 3700035
0.072387695312500 3700000
0.070129394531250 3700000
0.063537597656250 3700000
0.071044921875000 3700000
0.068725585937500 3700000
0.070617675781250 3700000
0.069702148437500 3699929
0.070922851562500 3700035
0.071594238281250 3699929
0.072753906250000 3700105
0.000000000000000 3700000
0.073608398437500 3699964
0.073364257812500 3700035
0.063171386718750 3700000
0.069580078125000 3700000
0.072204589843750 3699964
0.070861816406250 3700000
0.072387695312500 3700000
0.070922851562500 3700000
0.071960449218750 3700035
0.071411132812500 3699964
0.072387695312500 3700000
0.071655273437500 3700035
0.071166992187500 3700000
0.071105957031250 3691461
0.000000000000000 3698855
0.072814941406250 3700000
0.071899414062500 3699964
0.071044921875000 3700035
0.068664550781250 3700000
0.071289062500000 3700000
0.072387695312500 3699964
0.071838378906250 3700000
0.069396972656250 3700035
0.073303222656250 3700000
0.072387695312500 3700000
0.069763183593750 3700000
0.071350097656250 3700000
0.000000000000000 3700000
0.070312500000000 3699964
0.071899414062500 3700000
0.072448730468750 3700000
0.073059082031250 3700035
0.071166992187500 3700000
0.070739746093750 3699964
0.073669433593750 3696601
0.071899414062500 3700035
0.064025878906250 3700000
0.069763183593750 3699964
0.070861816406250 3700000
0.072998046875000 3700000
0.071533203125000 3700000
0.000000000000000 3700000
0.071105957031250 3700000
0.070495605468750 3700035
0.062927246093750 3699964
0.072509765625000 3700000
0.071289062500000 3700035
0.071777343750000 3699929
0.072387695312500 3700070
0.074890136718750 3700000
0.071044921875000 3699964
0.072326660156250 3700000
0.070861816406250 3700035
0.070739746093750 3699964
0.072387695312500 3699929
0.000000000000000 3700105
0.071960449218750 3700000
0.071289062500000 3699964
0.073059082031250 3699964
0.071716308593750 3700070
0.071899414062500 3700000
0.070739746093750 3700000
0.070251464843750 3699972
0.072204589843750 3696605
0.072631835937500 3699929
0.071411132812500 3700070
0.070983886718750 3700000
0.070068359375000 3699964
0.000000000000000 3700000
0.074035644531250 3700000
0.069824218750000 3700035
0.072998046875000 3698428
0.071655273437500 3699207
0.069824218750000 3700000
0.073364257812500 3700035
0.069091796875000 3700000
0.071289062500000 3699964
0.070739746093750 3699964
0.073913574218750 3700035
0.073181152343750 3700035
0.069091796875000 3700000
0.000000000000000 3699964
0.071228027343750 3700000
0.069885253906250 3700000
0.065002441406250 3700000
0.070495605468750 3700000
0.071472167968750 3699964
0.073730468750000 3700035
0.072448730468750 3700000
0.071899414062500 3700035
0.071899414062500 3700000
0.072021484375000 3700000
0.070251464843750 3700000
0.072875976562500 3700000
0.070983886718750 3700000
0.000000000000000 3700000
0.070251464843750 3700000
0.072814941406250 3699964
0.073059082031250 3700035
0.070739746093750 3700000
0.071716308593750 3700000
0.071533203125000 3700000
0.073974609375000 3699929
0.071777343750000 3700070
0.070861816406250 3699964
0.070129394531250 3700000
0.070861816406250 3700000
0.000000000000000 3700000
0.072631835937500 3700000
0.072082519531250 3700035
0.071960449218750 3699964
0.070129394531250 3700000
0.071716308593750 3700035
0.072998046875000 3700000
0.071716308593750 3699964
0.069885253906250 3700035
0.072204589843750 3699964
0.074462890625000 3700000
0.067260742187500 3614159
0.066833496093750 3600000
0.000000000000000 3600000
0.066406250000000 3600000
0.059082031250000 3600000
0.067016601562500 3600000
0.067199707031250 3600000
0.069091796875000 3599931
0.069030761718750 3600102
0.059753417968750 3599965
0.066406250000000 3599965
0.068725585937500 3600034
0.065368652343750 3600000
0.066711425781250 3599965
0.066101074218750 3600034
0.066833496093750 3600000
0.069030761718750 3596765
0.000000000000000 3589719
0.066711425781250 3588195
0.059570312500000 3597635
0.067077636718750 3593439
