0.072509765625000 3800000
0.062805175781250 3800000
0.068725585937500 3800000
0.069335937500000 3800000
0.066467285156250 3799963
0.068237304687500 3800036
0.071655273437500 3799963
0.069274902343750 3800036
0.071044921875000 3799963
0.070251464843750 3800036
0.067932128906250 3799963
0.069091796875000 3800036
0.067382812500000 3800000
0.000000000000000 3800000
0.069152832031250 3800000
0.066467285156250 3800000
0.069702148437500 3800000
0.071411132812500 3800000
0.068176269531250 3800000
0.071166992187500 3799927
0.061035156250000 3800072
0.070678710937500 3799963
0.068664550781250 3800000
0.067565917968750 3800036
0.067382812500000 3800000
0.072021484375000 3800000
0.070495605468750 3800000
0.000000000000000 3800000
0.067993164062500 3800000
0.069580078125000 3799963
0.068847656250000 3800036
0.068298339843750 3800000
0.067138671875000 3800000
0.070434570312500 3800000
0.071289062500000 3800036
0.067871093750000 3800000
0.068725585937500 3799963
0.068786621093750 3800000
0.061340332031250 3799891
0.070617675781250 3800108
0.069091796875000 3799963
0.000000000000000 3800036
0.073181152343750 3800000
0.067382812500000 3800000
0.060913085937500 3800000
0.071166992187500 3800000
0.073791503906250 3799963
0.062561035156250 3800036
0.062561035156250 3800000
0.065124511718750 3800000
0.061706542968750 3800000
0.067626953125000 3800000
0.069458007812500 3800000
0.069458007812500 3799927
0.068420410156250 3800072
0.071289062500000 3800036
0.067443847656250 3800000
0.069458007812500 3799963
0.068664550781250 3800000
0.070800781250000 3800000
0.000000000000000 3800000
0.069641113281250 3800000
0.067138671875000 3800000
0.068725585937500 3800000
0.070739746093750 3800000
0.068908691406250 3800000
0.067016601562500 3799891
0.069580078125000 3800108
0.069763183593750 3800036
0.068847656250000 3799963
0.071594238281250 3800000
0.069763183593750 3800000
0.067504882812500 3800000
0.000000000000000 3800000
0.069641113281250 3800000
0.070312500000000 3799963
0.069030761718750 3800036
0.069946289062500 3800000
0.068115234375000 3800000
0.069152832031250 3800000
0.070556640625000 3800000
0.068054199218750 3800000
0.070190429687500 3800000
0.069641113281250 3800000
0.066711425781250 3800000
0.067626953125000 3800036
0.000000000000000 3799963
0.069763183593750 3800000
0.068908691406250 3800000
0.069213867187500 3800000
0.070251464843750 3800000
0.069274902343750 3799963
0.067016601562500 3799963
0.072326660156250 3800036
0.067199707031250 3800036
0.069213867187500 3800000
0.070312500000000 3799963
0.068847656250000 3800000
0.000000000000000 3800072
0.070800781250000 3799927
0.068176269531250 3800000
0.069274902343750 3800036
0.070068359375000 3799963
0.061157226562500 3800036
0.069641113281250 3800000
0.070190429687500 3800000
0.071289062500000 3800000
0.069152832031250 3799963
0.061950683593750 3799963
0.068176269531250 3800072
0.067932128906250 3800000
0.067749023437500 3800000
0.070922851562500 3800000
0.068786621093750 3800000
0.060913085937500 3800000
0.000000000000000 3800000
0.071838378906250 3800000
0.068969726562500 3800000
0.062133789062500 3800036
0.067321777343750 3800000
0.069702148437500 3799963
0.067749023437500 3800000
0.071411132812500 3799927
0.068908691406250 3800072
0.068420410156250 3799963
0.061157226562500 3800036
0.070434570312500 3799963
0.062133789062500 3800000
0.068481445312500 3799963
0.069274902343750 3800072
0.068664550781250 3799927
0.071533203125000 3800108
0.000000000000000 3799927
0.128662109375000 3800036
0.000000000000000 3800000
0.069702148437500 3800000
0.067077636718750 3800000
0.071411132812500 3800000
0.069702148437500 3800000
0.068725585937500 3800000
0.069885253906250 3800000
0.070007324218750 3800000
0.071105957031250 3800000
0.068664550781250 3800000
0.070495605468750 3800000
0.067382812500000 3800000
0.062072753906250 3800000
0.067138671875000 3799963
0.000000000000000 3800036
0.070068359375000 3800000
0.067077636718750 3800000
0.069702148437500 3800000
0.070495605468750 3800000
0.071044921875000 3800000
0.067871093750000 3800000
0.068603515625000 3800000
0.074340820312500 3799963
0.071655273437500 3800036
0.068115234375000 3799963
0.000000000000000 3800036
0.071594238281250 3800000
0.068298339843750 3800000
0.061218261718750 3800000
0.068786621093750 3800000
0.068847656250000 3800000
0.069396972656250 3800036
0.069580078125000 3799963
0.068847656250000 3799963
0.068176269531250 3800000
0.068054199218750 3800036
0.071044921875000 3800000
0.070434570312500 3799963
0.067687988281250 3800036
0.069824218750000 3799891
0.000000000000000 3800108
0.069763183593750 3800000
0.069641113281250 3800000
0.071166992187500 3800000
0.067932128906250 3800000
0.069702148437500 3799963
0.069396972656250 3800036
0.071044921875000 3799891
0.070922851562500 3800108
0.068359375000000 3799963
0.069580078125000 3800036
0.069152832031250 3800000
0.000000000000000 3799927
0.069946289062500 3800036
0.067810058593750 3799963
0.068725585937500 3800072
0.071228027343750 3800000
0.069519042968750 3800036
0.069152832031250 3799963
0.068542480468750 3799963
0.068603515625000 3800036
0.069763183593750 3800000
0.071166992187500 3800000
0.069580078125000 3800000
0.067993164062500 3800000
0.000000000000000 3800000
0.069152832031250 3800000
0.068054199218750 3800000
0.070800781250000 3800000
0.069396972656250 3799963
0.071105957031250 3800036
0.068359375000000 3800000
0.073242187500000 3800000
0.072692871093750 3800000
0.070190429687500 3800000
0.000000000000000 3800000
0.072021484375000 3800000
0.072692871093750 3800000
0.069396972656250 3800000
0.068969726562500 3800000
0.066833496093750 3800000
0.070434570312500 3799963
0.069641113281250 3800036
0.071472167968750 3800000
0.070129394531250 3800000
0.068847656250000 3800000
0.070983886718750 3800000
0.000000000000000 3800000
0.070190429687500 3800036
0.070129394531250 3799963
0.066772460937500 3800000
0.061645507812500 3800000
0.070983886718750 3800036
0.069274902343750 3799927
0.070861816406250 3800036
0.071044921875000 3800000
0.070190429687500 3800000
0.067565917968750 3800000
0.070556640625000 3800000
0.069396972656250 3799891
0.000000000000000 3800108
0.132690429687500 3800000
0.000000000000000 3800000
0.067016601562500 3800000
0.068725585937500 3800000
0.069091796875000 3800000
0.069030761718750 3799963
0.067749023437500 3800036
0.070007324218750 3800000
0.068847656250000 3800000
0.069946289062500 3800000
0.070007324218750 3800000
0.068176269531250 3800000
0.069885253906250 3800000
0.070617675781250 3800000
0.000000000000000 3800000
0.067382812500000 3800000
0.068664550781250 3800036
0.068969726562500 3799963
0.070739746093750 3800000
0.069335937500000 3800000
0.070129394531250 3800000
0.072082519531250 3800000
0.067749023437500 3799963
0.060791015625000 3800036
0.067810058593750 3799963
0.068847656250000 3800000
0.068664550781250 3800036
0.068298339843750 3800000
0.000000000000000 3799963
0.070800781250000 3799963
0.070434570312500 3800072
0.059753417968750 3799963
0.066772460937500 3800036
0.064453125000000 3799963
0.065368652343750 3800036
0.071289062500000 3800000
0.068969726562500 3800000
0.072570800781250 3800000
0.070190429687500 3800000
0.071472167968750 3799963
0.070373535156250 3800036
0.067260742187500 3800000
0.068420410156250 3800000
0.061157226562500 3800000
0.069946289062500 3800000
0.067138671875000 3800000
0.000000000000000 3800000
0.069641113281250 3800000
0.072631835937500 3800000
0.066711425781250 3799963
0.068908691406250 3800036
0.067932128906250 3800000
0.061096191406250 3800000
0.067626953125000 3800036
0.061462402343750 3799963
0.068542480468750 3800000
0.070190429687500 3800000
0.072692871093750 3800000
0.068420410156250 3800000
0.069641113281250 3800000
0.000000000000000 3800036
0.068969726562500 3799963
0.070495605468750 3800000
0.068664550781250 3800000
0.072509765625000 3800000
0.069763183593750 3800000
0.069274902343750 3800000
0.061767578125000 3800000
0.071655273437500 3800000
0.071716308593750 3800036
0.069030761718750 3799963
0.070373535156250 3800000
0.072631835937500 3800000
0.000000000000000 3800000
0.070617675781250 3800000
0.071777343750000 3800036
0.067504882812500 3799963
0.070495605468750 3800000
0.067382812500000 3800000
0.070434570312500 3800036
0.070007324218750 3799963
0.069458007812500 3800000
0.060913085937500 3800036
0.070068359375000 3799855
0.068420410156250 3800144
0.068054199218750 3799963
0.000000000000000 3800000
0.071472167968750 3799963
0.068847656250000 3800036
0.068786621093750 3800000
0.068420410156250 3800000
0.067565917968750 3800000
0.071411132812500 3800000
0.068237304687500 3800000
0.068847656250000 3800000
0.067260742187500 3800000
0.071105957031250 3799963
0.069152832031250 3800036
0.066406250000000 3800036
0.068298339843750 3799963
0.067871093750000 3800000
0.061523437500000 3800000
0.000000000000000 3800000
0.130065917968750 3800000
0.000000000000000 3800000
0.069274902343750 3800000
0.071166992187500 3800000
0.061889648437500 3800000
0.067993164062500 3800000
0.069335937500000 3800000
0.068847656250000 3800000
0.069946289062500 3800000
0.067749023437500 3800000
0.069824218750000 3800000
0.070190429687500 3800000
0.067626953125000 3800000
0.071716308593750 3800000
0.069580078125000 3800000
0.000000000000000 3800000
0.070434570312500 3800000
0.067565917968750 3800000
0.068176269531250 3800000
0.069274902343750 3799963
0.069946289062500 3800036
0.068908691406250 3799963
0.067749023437500 3799963
0.061218261718750 3800072
0.067626953125000 3799963
0.068969726562500 3800036
0.068420410156250 3800000
0.071411132812500 3800036
0.070617675781250 3799927
0.068481445312500 3800072
0.000000000000000 3799963
0.069580078125000 3800000
0.068603515625000 3800000
0.071960449218750 3800000
0.066772460937500 3800000
0.071716308593750 3800000
0.070861816406250 3799963
0.069091796875000 3800036
0.069702148437500 3800000
0.067749023437500 3800000
0.072021484375000 3800000
0.068054199218750 3800000
0.000000000000000 3800000
0.069274902343750 3800000
0.068664550781250 3800000
0.067993164062500 3800000
0.068054199218750 3800000
0.069213867187500 3800000
0.070495605468750 3799927
0.068664550781250 3800072
0.069519042968750 3800000
0.068908691406250 3800000
0.069213867187500 3800000
0.068969726562500 3800000
0.066589355468750 3800000
0.000000000000000 3800000
0.069274902343750 3800000
0.067932128906250 3800000
0.068847656250000 3800000
0.069030761718750 3800000
0.067382812500000 3799963
0.068969726562500 3800036
0.067504882812500 3800000
0.070495605468750 3800000
0.067199707031250 3800000
0.068542480468750 3800000
0.073913574218750 3800000
0.072265625000000 3800000
0.000000000000000 3800000
0.068969726562500 3800000
0.068847656250000 3800000
0.070068359375000 3799927
0.069458007812500 3800072
0.071350097656250 3800000
0.069396972656250 3800000
0.070617675781250 3799963
0.063903808593750 3800036
0.068603515625000 3800000
0.069580078125000 3800000
0.068481445312500 3800000
0.061523437500000 3800000
0.067565917968750 3800000
0.000000000000000 3800000
0.069824218750000 3800000
0.069152832031250 3800000
0.068542480468750 3800000
0.061767578125000 3800000
0.068420410156250 3800000
0.068359375000000 3800000
0.068237304687500 3800036
0.069030761718750 3799963
0.072021484375000 3800000
0.068481445312500 3800000
0.069763183593750 3800036
0.067626953125000 3799963
0.070739746093750 3800000
0.066772460937500 3799963
0.000000000000000 3800036
0.068664550781250 3800000
0.068603515625000 3800000
0.067871093750000 3799891
0.072021484375000 3800108
0.066711425781250 3800000
0.070312500000000 3800000
0.067993164062500 3800000
0.070617675781250 3800000
0.067993164062500 3800036
0.070251464843750 3799927
0.068420410156250 3800036
0.068725585937500 3800036
0.069580078125000 3799963
0.000000000000000 3799963
0.070678710937500 3800036
0.068786621093750 3800000
0.067749023437500 3800000
0.072265625000000 3800000
0.070556640625000 3800000
0.070495605468750 3799963
0.069458007812500 3800000
0.069030761718750 3800036
0.072448730468750 3800000
0.069763183593750 3799963
0.000000000000000 3800000
0.068969726562500 3800036
0.068298339843750 3800000
0.061279296875000 3800000
0.061889648437500 3800000
0.068176269531250 3800000
0.071105957031250 3800000
0.069885253906250 3800000
0.061462402343750 3800000
0.070068359375000 3800000
0.069519042968750 3799963
0.070007324218750 3800036
0.069335937500000 3800000
0.070800781250000 3800000
0.068237304687500 3800000
0.068908691406250 3800000
0.069213867187500 3800000
0.000000000000000 3800000
0.068664550781250 3800036
0.068664550781250 3799963
0.067321777343750 3800000
0.068603515625000 3800000
0.069885253906250 3800036
0.070800781250000 3799927
0.071472167968750 3800036
0.067626953125000 3799963
0.069030761718750 3800036
0.067626953125000 3800000
0.068786621093750 3799963
0.067565917968750 3800036
0.000000000000000 3800000
0.069274902343750 3800000
0.069458007812500 3800000
0.069702148437500 3799963
0.073059082031250 3800036
0.072082519531250 3800000
0.061401367187500 3800000
0.071350097656250 3799963
0.060852050781250 3800036
0.070007324218750 3800000
0.069885253906250 3800000
0.071289062500000 3800000
0.068725585937500 3800000
0.069091796875000 3800000
0.000000000000000 3800000
0.068054199218750 3800000
0.070373535156250 3800000
0.069580078125000 3800000
0.071777343750000 3800000
0.071044921875000 3800000
0.068908691406250 3800000
0.070922851562500 3800000
0.070861816406250 3800000
0.075012207031250 3800036
0.072814941406250 3799963
0.000000000000000 3800000
0.071105957031250 3800000
0.070312500000000 3800000
0.069091796875000 3800000
0.068542480468750 3800000
0.067871093750000 3799963
0.070617675781250 3800036
0.070678710937500 3799891
0.067382812500000 3800108
0.067687988281250 3800000
0.068481445312500 3800036
0.068481445312500 3799963
0.068786621093750 3800000
0.000000000000000 3800000
0.070007324218750 3800000
0.071044921875000 3800000
0.071716308593750 3800000
0.071289062500000 3799927
0.070129394531250 3800072
0.069885253906250 3800000
0.070312500000000 3800000
0.070312500000000 3800000
0.070983886718750 3800000
0.000000000000000 3800000
0.070434570312500 3800000
0.069946289062500 3800000
0.070800781250000 3799963
0.069030761718750 3800000
0.070922851562500 3800036
0.067932128906250 3800000
0.062377929687500 3800036
0.070434570312500 3799963
0.068908691406250 3799927
0.069519042968750 3800108
0.070129394531250 3799927
0.070007324218750 3800036
0.000000000000000 3800000
0.069763183593750 3800000
0.067138671875000 3800000
0.069641113281250 3800000
0.063598632812500 3800000
0.075195312500000 3799963
0.060974121093750 3799963
0.071655273437500 3800072
0.069641113281250 3800000
0.072326660156250 3800000
0.069335937500000 3799963
0.068420410156250 3800036
0.069824218750000 3800000
0.060485839843750 3800036
0.068725585937500 3799963
0.069213867187500 3800000
0.000000000000000 3800000
0.067687988281250 3800036
0.070190429687500 3799963
0.070312500000000 3800000
0.069885253906250 3800036
0.070434570312500 3799963
0.068298339843750 3800000
0.061645507812500 3800000
0.068725585937500 3800000
0.070007324218750 3800000
0.071228027343750 3800000
0.069091796875000 3800000
0.062133789062500 3799963
0.068115234375000 3800036
0.069763183593750 3799963
0.000000000000000 3800072
0.070190429687500 3799963
0.071289062500000 3800000
0.068969726562500 3800000
0.067993164062500 3800000
0.068847656250000 3800000
0.067504882812500 3800000
0.060729980468750 3800036
0.067016601562500 3799963
0.070556640625000 3800000
0.068786621093750 3799963
0.070800781250000 3800036
0.071411132812500 3800036
0.069885253906250 3800000
0.000000000000000 3799855
0.070556640625000 3800108
0.069091796875000 3800000
0.061218261718750 3800000
0.068542480468750 3800000
0.068725585937500 3800000
0.069274902343750 3800000
0.067321777343750 3800000
0.062438964843750 3799963
0.067321777343750 3800072
0.069641113281250 3799963
0.067810058593750 3800000
0.070983886718750 3799963
0.067199707031250 3800036
0.070190429687500 3799963
0.068847656250000 3800072
0.000000000000000 3799963
0.131347656250000 3800000
0.000000000000000 3800000
0.068359375000000 3800000
0.068786621093750 3800000
0.068054199218750 3799963
0.069335937500000 3800036
0.070007324218750 3799963
0.070190429687500 3800036
0.069396972656250 3800000
0.068969726562500 3800000
0.068420410156250 3800000
0.068115234375000 3800000
0.072387695312500 3800000
0.000000000000000 3800000
0.132934570312500 3800000
0.000000000000000 3800000
0.073120117187500 3800000
0.069580078125000 3800000
0.070983886718750 3800000
0.069702148437500 3800000
0.069763183593750 3800000
0.068786621093750 3799927
0.068969726562500 3800000
0.068237304687500 3800072
0.069885253906250 3800000
0.067932128906250 3800000
0.066711425781250 3800000
0.000000000000000 3800000
0.070068359375000 3800000
0.069091796875000 3800000
0.060729980468750 3800000
0.070678710937500 3800000
0.069335937500000 3800000
0.071533203125000 3800000
0.070556640625000 3800000
0.070129394531250 3800000
0.066955566406250 3800000
0.068542480468750 3800000
0.072082519531250 3799963
0.068359375000000 3800000
0.061462402343750 3800036
0.069458007812500 3800000
0.060668945312500 3800000
0.000000000000000 3800000
0.129882812500000 3800000
0.000000000000000 3799963
0.068359375000000 3800036
0.069580078125000 3800000
0.068115234375000 3799963
0.070434570312500 3800036
0.068969726562500 3800000
0.065917968750000 3800000
0.070007324218750 3800000
0.067504882812500 3800000
0.070617675781250 3800000
0.068542480468750 3800000
0.069580078125000 3800000
0.060729980468750 3799963
0.068603515625000 3800036
0.067199707031250 3800036
0.000000000000000 3800000
0.070251464843750 3799963
0.071594238281250 3799891
0.069152832031250 3800108
0.060119628906250 3800000
0.067321777343750 3800000
0.074890136718750 3800000
0.063598632812500 3799963
0.068115234375000 3800036
0.070007324218750 3800000
0.069519042968750 3799927
0.070800781250000 3800036
0.069763183593750 3800036
0.062072753906250 3800036
0.068237304687500 3799963
0.069274902343750 3800000
0.000000000000000 3800000
0.069335937500000 3800000
0.067565917968750 3800000
0.070739746093750 3800000
0.068176269531250 3800000
0.071411132812500 3800036
0.069091796875000 3800000
0.070495605468750 3799927
0.069580078125000 3800036
0.068542480468750 3800000
0.068664550781250 3800000
0.070800781250000 3800000
0.061401367187500 3800000
0.066955566406250 3800000
0.067749023437500 3799963
0.000000000000000 3800036
0.068481445312500 3800000
0.069580078125000 3800036
0.068542480468750 3799963
0.066162109375000 3800000
0.068420410156250 3800000
0.068054199218750 3800000
0.061340332031250 3800000
0.070739746093750 3800000
0.071105957031250 3800000
0.068969726562500 3800000
0.068298339843750 3800036
0.069213867187500 3799963
0.067810058593750 3800000
0.000000000000000 3800000
0.069763183593750 3800000
0.066650390625000 3799963
0.072570800781250 3800036
0.067810058593750 3800000
0.069580078125000 3800000
0.068969726562500 3800000
0.069274902343750 3800000
0.068298339843750 3800000
0.070495605468750 3800000
0.064025878906250 3800000
0.070861816406250 3799963
0.069152832031250 3800036
0.070922851562500 3800036
0.000000000000000 3799963
0.068969726562500 3800000
0.070373535156250 3800036
0.068420410156250 3799963
0.071716308593750 3800000
0.069396972656250 3800000
0.066406250000000 3800036
0.069152832031250 3799963
0.073120117187500 3800000
0.074096679687500 3800000
0.068115234375000 3800000
0.000000000000000 3800000
0.133422851562500 3800000
0.000000000000000 3800000
0.069946289062500 3800000
0.069641113281250 3800036
0.065979003906250 3799963
0.069335937500000 3799891
0.070678710937500 3800108
0.069030761718750 3800000
0.071716308593750 3800000
0.068908691406250 3800000
0.071594238281250 3800000
0.068908691406250 3799963
0.069335937500000 3800036
0.000000000000000 3800000
0.068115234375000 3800000
0.067565917968750 3800000
0.072265625000000 3799963
0.068664550781250 3800036
0.068847656250000 3799963
0.069580078125000 3800036
0.070617675781250 3800000
0.068420410156250 3800000
0.069335937500000 3800000
0.069274902343750 3799891
0.068420410156250 3800108
0.061584472656250 3800000
0.069152832031250 3800000
0.000000000000000 3800036
0.070312500000000 3799963
0.068542480468750 3800000
0.068359375000000 3800000
0.069885253906250 3800000
0.068908691406250 3800000
0.061279296875000 3800000
0.067504882812500 3800000
0.060852050781250 3800036
0.067016601562500 3799963
0.067871093750000 3800000
0.074340820312500 3800000
0.073486328125000 3799891
0.071533203125000 3800036
0.067871093750000 3800072
0.000000000000000 3800000
0.070129394531250 3799963
0.068969726562500 3800036
0.071777343750000 3799963
0.067871093750000 3800036
0.060974121093750 3800000
0.072387695312500 3799927
0.067871093750000 3800036
0.067443847656250 3800036
0.069519042968750 3799927
0.069030761718750 3800036
0.067138671875000 3800036
0.071838378906250 3800000
0.069335937500000 3799963
0.000000000000000 3799963
0.068847656250000 3800072
0.071289062500000 3799963
0.068725585937500 3800036
0.069824218750000 3799927
0.067687988281250 3800072
0.070373535156250 3800000
0.070922851562500 3800000
0.068969726562500 3800000
0.067687988281250 3800000
0.072204589843750 3799891
0.064025878906250 3800108
0.069213867187500 3800036
0.062622070312500 3799963
0.069335937500000 3800000
0.061645507812500 3800000
0.000000000000000 3799963
0.070312500000000 3800036
0.070922851562500 3800000
0.068359375000000 3800000
0.067016601562500 3800000
0.068115234375000 3799891
0.067321777343750 3800108
0.069030761718750 3800000
0.067810058593750 3800000
0.070373535156250 3799963
0.068542480468750 3799963
0.060424804687500 3800072
0.071044921875000 3800000
0.067993164062500 3800000
0.070068359375000 3800000
0.000000000000000 3800000
0.067565917968750 3800000
0.071105957031250 3800000
0.070800781250000 3800036
0.067199707031250 3799927
0.072631835937500 3800000
0.064086914062500 3800036
0.070251464843750 3800000
0.069396972656250 3800000
0.067443847656250 3800000
0.068237304687500 3800000
0.071716308593750 3800000
0.069702148437500 3799963
0.000000000000000 3799927
0.068420410156250 3800072
0.067810058593750 3800036
0.061340332031250 3800000
0.068908691406250 3800000
0.068115234375000 3800000
0.067810058593750 3800000
0.071228027343750 3800000
0.070617675781250 3799891
0.068725585937500 3800108
0.069091796875000 3800000
0.068420410156250 3800000
0.070983886718750 3800000
0.071289062500000 3800000
0.000000000000000 3800000
0.070739746093750 3800000
0.068176269531250 3799963
0.071166992187500 3800036
0.070556640625000 3800000
0.068786621093750 3800000
0.066223144531250 3799927
0.068298339843750 3800072
0.061889648437500 3800000
0.067260742187500 3799963
0.061889648437500 3800036
0.068298339843750 3800000
0.074462890625000 3800000
0.071594238281250 3800000
0.070007324218750 3799927
0.000000000000000 3800072
0.068664550781250 3799927
0.070922851562500 3800072
0.061889648437500 3850114
0.076110839843750 3899962
0.069030761718750 3900000
0.075988769531250 3900000
0.069335937500000 3900000
0.081237792968750 3900037
0.077819824218750 3900000
0.078125000000000 3899925
0.078186035156250 3900037
0.078247070312500 3900000
0.077697753906250 3900000
0.077819824218750 3900037
0.078308105468750 3899962
0.080444335937500 3900000
0.000000000000000 3900000
0.079223632812500 3900037
0.077758789062500 3900000
0.076599121093750 3900000
0.077758789062500 3899925
0.077819824218750 3900037
0.078002929687500 3900037
0.079772949218750 3900000
0.077453613281250 3900000
0.078002929687500 3900000
0.081970214843750 3899925
0.076843261718750 3900037
0.077270507812500 3899962
0.000000000000000 3900037
0.078430175781250 3900037
0.078979492187500 3900000
0.080688476562500 3900000
0.078430175781250 3899962
0.078002929687500 3899962
0.077087402343750 3900074
0.078979492187500 3900000
0.079833984375000 3900000
0.076904296875000 3899962
0.077087402343750 3900000
0.080932617187500 3900000
0.000000000000000 3900037
0.081420898437500 3899962
0.076538085937500 3900000
0.083496093750000 3900000
0.080749511718750 3900037
0.080749511718750 3900000
0.075439453125000 3899962
0.077819824218750 3899962
0.078796386718750 3900074
0.079284667968750 3899925
0.076904296875000 3900074
0.074890136718750 3899962
0.071105957031250 3899962
0.070983886718750 3900074
0.080566406250000 3900000
0.000000000000000 3897772
0.146362304687500 3902191
0.000000000000000 3900037
0.088867187500000 3900000
0.076171875000000 3900000
0.080688476562500 3899962
0.069946289062500 3900000
0.079711914062500 3900000
0.078552246093750 3900000
0.080932617187500 3900000
0.072143554687500 3900000
0.079162597656250 3900037
0.081420898437500 3899962
0.078552246093750 3900000
0.000000000000000 3900000
0.080444335937500 3900000
0.077331542968750 3900037
0.080078125000000 3900000
0.078857421875000 3899962
0.080444335937500 3899962
0.077941894531250 3900074
0.077880859375000 3900000
0.077941894531250 3899962
0.078247070312500 3900000
0.079833984375000 3899962
0.080078125000000 3900037
0.077087402343750 3900000
0.000000000000000 3900000
0.078796386718750 3900037
0.079406738281250 3899962
0.078735351562500 3900037
0.078002929687500 3900000
0.077270507812500 3899962
0.080932617187500 3899962
0.078430175781250 3900000
0.078002929687500 3900074
0.076965332031250 3899962
0.080078125000000 3900000
0.078918457031250 3899925
0.069458007812500 3900111
0.077148437500000 3899925
0.081909179687500 3900037
0.000000000000000 3900037
0.078430175781250 3900000
0.079345703125000 3900000
0.080871582031250 3900000
0.076416015625000 3899962
0.078857421875000 3900000
0.076599121093750 3900000
0.080383300781250 3900000
0.078735351562500 3900000
0.075927734375000 3900000
0.079040527343750 3900037
0.078979492187500 3899962
0.076843261718750 3900037
0.000000000000000 3899962
0.077575683593750 3899888
0.078735351562500 3900111
0.078918457031250 3900000
0.079284667968750 3900000
0.078430175781250 3900000
0.076599121093750 3899962
0.068908691406250 3900037
0.076477050781250 3900037
0.065979003906250 3899962
0.065673828125000 3900037
0.067321777343750 3899962
0.068054199218750 3900037
0.073364257812500 3899962
0.071105957031250 3900000
0.074768066406250 3900000
0.073059082031250 3900000
0.072937011718750 3900000
0.073059082031250 3900037
0.000000000000000 3899851
0.073608398437500 3900111
0.073303222656250 3899962
0.076049804687500 3900000
0.065124511718750 3900037
0.073974609375000 3900000
0.072631835937500 3899925
0.074218750000000 3900111
0.070495605468750 3899962
0.075378417968750 3900037
0.073059082031250 3900000
0.074218750000000 3900000
0.074829101562500 3900000
0.073974609375000 3899962
0.073181152343750 3900000
0.000000000000000 3900000
0.072570800781250 3900037
0.073486328125000 3899962
0.076110839843750 3900000
0.075500488281250 3900037
0.075683593750000 3899962
0.070617675781250 3899962
0.065185546875000 3900074
0.075134277343750 3899962
0.074890136718750 3900000
0.074218750000000 3900037
0.074951171875000 3899925
0.077514648437500 3900037
0.000000000000000 3899962
0.073242187500000 3900037
0.073425292968750 3900000
0.073425292968750 3900000
0.073791503906250 3900037
0.074096679687500 3900000
0.074279785156250 3899962
0.076965332031250 3900037
0.075073242187500 3900000
0.075378417968750 3899962
0.075988769531250 3900037
0.073791503906250 3899962
0.000000000000000 3900000
0.073059082031250 3899925
0.075927734375000 3900074
0.077209472656250 3900000
0.073913574218750 3900000
0.073791503906250 3900000
0.072692871093750 3900000
0.074890136718750 3900000
0.076904296875000 3900000
0.074890136718750 3900037
0.065185546875000 3899962
0.073120117187500 3900000
0.074157714843750 3900000
0.000000000000000 3900037
0.072021484375000 3899962
0.074523925781250 3900000
0.074096679687500 3899962
0.074523925781250 3900037
0.065673828125000 3900037
0.072814941406250 3899962
0.064941406250000 3900000
0.070739746093750 3900000
0.076049804687500 3900000
0.072631835937500 3900037
0.075744628906250 3900000
0.072692871093750 3899962
0.076538085937500 3900037
0.074584960937500 3899925
0.073608398437500 3900074
0.000000000000000 3899888
0.076477050781250 3900074
0.073669433593750 3900000
0.066528320312500 3900000
0.072814941406250 3900000
0.073669433593750 3900037
0.075195312500000 3899962
0.072570800781250 3900000
0.073852539062500 3900037
0.074035644531250 3899962
0.073852539062500 3900000
0.074829101562500 3900000
0.065979003906250 3900037
0.074218750000000 3900000
0.000000000000000 3899962
0.075683593750000 3900037
0.073669433593750 3899962
0.074890136718750 3900000
0.073425292968750 3900037
0.073486328125000 3899962
0.073242187500000 3899925
0.074096679687500 3900074
0.074768066406250 3900000
0.072814941406250 3900000
0.074829101562500 3899925
0.065063476562500 3900111
0.071655273437500 3900000
0.066711425781250 3900000
0.074218750000000 3900000
0.074035644531250 3900000
0.000000000000000 3900000
0.073242187500000 3899962
0.078918457031250 3900000
0.073120117187500 3900000
0.072021484375000 3900000
0.074584960937500 3900037
0.073181152343750 3899962
0.076171875000000 3900037
0.072143554687500 3900000
0.074340820312500 3900000
0.075500488281250 3900000
0.077941894531250 3899962
0.000000000000000 3900037
0.075805664062500 3899962
0.074157714843750 3900037
0.074462890625000 3900000
0.075500488281250 3899962
0.074157714843750 3900000
0.074035644531250 3899925
0.073059082031250 3900037
0.075317382812500 3900037
0.075256347656250 3900000
0.076599121093750 3900037
0.065246582031250 3900000
0.074523925781250 3899962
0.000000000000000 3900000
0.073547363281250 3900000
0.074645996093750 3900000
0.075500488281250 3900037
0.073181152343750 3899962
0.075683593750000 3900000
0.077941894531250 3900037
0.073425292968750 3899925
0.075500488281250 3900037
0.072143554687500 3899962
0.075012207031250 3900037
0.065246582031250 3900000
0.073303222656250 3900037
0.000000000000000 3899888
0.073852539062500 3900000
0.076171875000000 3900074
0.076354980468750 3900037
0.072265625000000 3899962
0.075012207031250 3900000
0.073913574218750 3900000
0.073974609375000 3900037
0.074279785156250 3900000
0.073059082031250 3899962
0.075988769531250 3900000
0.072021484375000 3900037
0.000000000000000 3899962
0.075622558593750 3900037
0.071655273437500 3900000
0.065979003906250 3899962
0.073669433593750 3900037
0.075317382812500 3899962
0.074707031250000 3899962
0.075317382812500 3900037
0.076232910156250 3900000
0.073669433593750 3899925
0.075012207031250 3900074
0.072570800781250 3900000
0.073852539062500 3900000
0.073547363281250 3899925
0.000000000000000 3720653
0.139038085937500 3900000
0.000000000000000 3899962
0.073120117187500 3900074
0.075012207031250 3900000
0.074523925781250 3899925
0.076538085937500 3900037
0.073425292968750 3900037
0.072448730468750 3899962
0.065551757812500 3900000
0.072265625000000 3899962
0.066040039062500 3900074
0.071716308593750 3900000
0.073974609375000 3899962
0.072814941406250 3900037
0.073364257812500 3900000
0.073547363281250 3899962
0.075073242187500 3900000
0.000000000000000 3900000
0.074584960937500 3900000
0.073547363281250 3899962
0.066406250000000 3900074
0.072631835937500 3899962
0.074829101562500 3900037
0.072021484375000 3900000
0.075134277343750 3899888
0.065979003906250 3900074
0.074584960937500 3900000
0.066284179687500 3900000
0.073608398437500 3900000
0.076354980468750 3900037
0.072143554687500 3899888
0.075134277343750 3900111
0.071960449218750 3900000
0.073364257812500 3899962
0.068176269531250 3900000
0.073059082031250 3900000
0.000000000000000 3899925
0.074829101562500 3900037
0.075256347656250 3900037
0.073547363281250 3900000
0.073120117187500 3900000
0.074951171875000 3900000
0.073852539062500 3900000
0.072570800781250 3900037
0.075744628906250 3900000
0.072265625000000 3900000
0.075012207031250 3900000
0.074401855468750 3900000
0.000000000000000 3899962
0.075012207031250 3900000
0.073913574218750 3899962
0.073181152343750 3900037
0.074768066406250 3900000
0.073059082031250 3900000
0.075500488281250 3900000
0.073242187500000 3900037
0.075317382812500 3899962
0.075866699218750 3900037
0.071899414062500 3899962
0.074768066406250 3900037
0.073303222656250 3900000
0.000000000000000 3899962
0.073303222656250 3900000
0.074218750000000 3900000
0.075866699218750 3899962
0.076293945312500 3900037
0.071655273437500 3900000
0.076232910156250 3900000
0.075195312500000 3900037
0.077697753906250 3899962
0.072265625000000 3900037
0.074951171875000 3899962
0.000000000000000 3900000
0.075012207031250 3900037
0.073181152343750 3900000
0.074401855468750 3899962
0.073547363281250 3900000
0.073364257812500 3900000
0.072265625000000 3900000
0.065734863281250 3900000
0.076782226562500 3900037
0.072753906250000 3899962
0.077026367187500 3900000
0.073242187500000 3900000
0.073242187500000 3800910
0.070190429687500 3800072
0.000000000000000 3800036
0.070739746093750 3800000
0.071044921875000 3800036
0.069396972656250 3799963
0.070739746093750 3800000
0.067199707031250 3799963
0.069274902343750 3799927
0.069885253906250 3800108
0.069030761718750 3800000
0.068969726562500 3799963
0.068176269531250 3800036
0.071044921875000 3800000
0.000000000000000 3800000
0.069702148437500 3800000
0.069885253906250 3800000
0.068908691406250 3799963
0.069824218750000 3800036
0.071960449218750 3800000
0.069396972656250 3800000
0.069885253906250 3800000
0.066955566406250 3800000
0.068725585937500 3800000
0.071044921875000 3799963
0.069580078125000 3800036
0.000000000000000 3800000
0.070251464843750 3800000
0.067321777343750 3800000
0.061462402343750 3799927
0.067504882812500 3800072
0.069152832031250 3800000
0.067932128906250 3799963
0.069885253906250 3800072
0.068298339843750 3799927
0.070129394531250 3800072
0.061218261718750 3799927
0.068237304687500 3800036
0.071472167968750 3799927
0.069885253906250 3799963
0.072143554687500 3800108
0.068054199218750 3799963
0.000000000000000 3800072
0.069274902343750 3799963
0.071228027343750 3800000
0.068176269531250 3800000
0.068603515625000 3800000
0.067565917968750 3800000
0.061767578125000 3800000
0.068176269531250 3800000
0.070190429687500 3800000
0.070556640625000 3800000
0.067871093750000 3800000
0.069885253906250 3799963
0.069824218750000 3800036
0.069274902343750 3799963
0.068359375000000 3800072
0.061218261718750 3799963
0.000000000000000 3800000
0.070739746093750 3799963
0.071166992187500 3800036
0.070434570312500 3799927
0.069152832031250 3799963
0.063720703125000 3800108
0.067321777343750 3799963
0.069030761718750 3800036
0.067016601562500 3799963
0.069458007812500 3800036
0.074707031250000 3800000
0.067077636718750 3800000
0.068115234375000 3800000
0.067260742187500 3799963
0.062316894531250 3800000
0.068786621093750 3799963
0.000000000000000 3800072
0.069763183593750 3800000
0.068664550781250 3800000
0.071472167968750 3800000
0.062133789062500 3800000
0.067749023437500 3799927
0.070007324218750 3800072
0.067993164062500 3800000
0.070129394531250 3799963
0.067321777343750 3800000
0.069152832031250 3799963
0.065612792968750 3800072
0.070556640625000 3800000
0.069519042968750 3800000
0.067993164062500 3799963
0.000000000000000 3800072
0.068847656250000 3799927
0.067504882812500 3800036
0.070129394531250 3799963
0.066833496093750 3800000
0.061645507812500 3800036
0.070251464843750 3800000
0.069580078125000 3800000
0.070312500000000 3800000
0.068542480468750 3800000
0.068603515625000 3799963
0.067810058593750 3800036
0.068786621093750 3799963
0.069946289062500 3800000
0.067504882812500 3800036
0.000000000000000 3800000
0.071472167968750 3799963
0.070251464843750 3800036
0.061401367187500 3800000
0.067382812500000 3800000
0.070861816406250 3800000
0.067443847656250 3799963
0.068908691406250 3800036
0.061706542968750 3799927
0.068359375000000 3800036
0.069030761718750 3800000
0.069213867187500 3800036
0.070068359375000 3799963
0.067871093750000 3800036
0.069030761718750 3800000
0.000000000000000 3800000
0.069641113281250 3799891
0.069030761718750 3800108
0.062133789062500 3800000
0.067382812500000 3800000
0.070739746093750 3800000
0.068664550781250 3800000
0.070373535156250 3800000
0.069824218750000 3800000
0.071899414062500 3800000
0.070129394531250 3800000
0.068786621093750 3800000
0.071350097656250 3799963
0.068847656250000 3800036
0.000000000000000 3800000
0.068237304687500 3799963
0.067871093750000 3800036
0.061096191406250 3800000
0.069885253906250 3800000
0.066894531250000 3800000
0.069335937500000 3800000
0.066894531250000 3800000
0.071838378906250 3800000
0.067810058593750 3800000
0.068603515625000 3800000
0.070312500000000 3800000
0.068115234375000 3800000
0.069152832031250 3800000
0.069274902343750 3800000
0.000000000000000 3800000
0.069274902343750 3799963
0.070068359375000 3800036
0.061462402343750 3800000
0.066711425781250 3799891
0.067749023437500 3800108
0.068908691406250 3800000
0.069274902343750 3800000
0.067749023437500 3800000
0.068359375000000 3800000
0.069274902343750 3799963
0.067687988281250 3800000
0.071594238281250 3800072
0.070007324218750 3799963
0.067443847656250 3800000
0.070312500000000 3799927
0.000000000000000 3800072
0.069580078125000 3799927
0.067138671875000 3800072
0.067810058593750 3799963
0.068176269531250 3800036
0.068603515625000 3800000
0.071899414062500 3800000
0.070495605468750 3799963
0.067626953125000 3800000
0.068786621093750 3800036
0.068420410156250 3800000
0.070800781250000 3800000
0.068908691406250 3799891
0.000000000000000 3800108
0.071777343750000 3800000
0.068054199218750 3800000
0.069091796875000 3800000
0.068664550781250 3800000
0.068664550781250 3800036
0.069824218750000 3799963
0.074157714843750 3800000
0.069030761718750 3800000
0.069702148437500 3800000
0.068908691406250 3799963
0.068908691406250 3800036
0.000000000000000 3800000
0.071472167968750 3800000
0.070739746093750 3800036
0.069213867187500 3799855
0.070190429687500 3800108
0.072570800781250 3799963
0.068603515625000 3800036
0.070068359375000 3800000
0.069152832031250 3800000
0.072570800781250 3800000
0.068542480468750 3799963
0.000000000000000 3800036
0.069763183593750 3800000
0.070251464843750 3800000
0.067382812500000 3800000
0.061096191406250 3800000
0.067565917968750 3799891
0.070007324218750 3800144
0.070312500000000 3799963
0.068969726562500 3800000
0.061950683593750 3800000
0.068298339843750 3800000
0.069091796875000 3800000
0.067626953125000 3800000
0.070617675781250 3799927
0.068908691406250 3800108
0.071289062500000 3799963
0.000000000000000 3800000
0.068725585937500 3799963
0.070495605468750 3800000
0.070495605468750 3800000
0.067993164062500 3800036
0.070129394531250 3800000
0.067687988281250 3800036
0.070739746093750 3799963
0.069213867187500 3800000
0.067504882812500 3800000
0.068115234375000 3800000
0.070556640625000 3799963
0.070007324218750 3799963
0.000000000000000 3800072
0.067443847656250 3800000
0.072265625000000 3800000
0.071166992187500 3799963
0.068908691406250 3800036
0.071166992187500 3800000
0.069152832031250 3799927
0.069030761718750 3800072
0.070007324218750 3800000
0.069519042968750 3800036
0.069824218750000 3799963
0.067871093750000 3799963
0.000000000000000 3800036
0.070617675781250 3800036
0.061157226562500 3799963
0.070861816406250 3800000
0.068359375000000 3799927
0.070556640625000 3800072
0.069885253906250 3800000
0.067382812500000 3800000
0.070312500000000 3800000
0.067504882812500 3800000
0.069824218750000 3800000
0.069885253906250 3799963
0.069458007812500 3800036
0.067260742187500 3800000
0.000000000000000 3799891
0.069396972656250 3800108
0.070007324218750 3800000
0.068298339843750 3800000
0.070434570312500 3800000
0.069030761718750 3800000
0.068054199218750 3799963
0.061584472656250 3800036
0.070495605468750 3799963
0.069152832031250 3800036
0.067321777343750 3800000
0.069702148437500 3800000
0.068176269531250 3799963
0.069763183593750 3800036
0.067749023437500 3800000
0.000000000000000 3800000
0.069702148437500 3799927
0.069763183593750 3800072
0.067871093750000 3799891
0.069641113281250 3800108
0.068298339843750 3799927
0.061157226562500 3800072
0.070190429687500 3799927
0.069641113281250 3800000
0.070251464843750 3800000
0.068176269531250 3800072
0.070312500000000 3799963
0.068969726562500 3800036
0.070739746093750 3800000
0.000000000000000 3800036
0.066772460937500 3799891
0.069396972656250 3800072
0.068908691406250 3800000
0.070800781250000 3799963
0.136413574218750 3799980
0.071105957031250 3800036
0.068298339843750 3800036
0.068054199218750 3800000
0.070678710937500 3800000
0.067138671875000 3800000
0.000000000000000 3800000
0.070678710937500 3800000
0.067199707031250 3800000
0.069213867187500 3800000
0.067382812500000 3800000
0.071289062500000 3800036
0.069946289062500 3799963
0.069519042968750 3800000
0.061218261718750 3800000
0.067504882812500 3800000
0.061340332031250 3800000
0.070068359375000 3800000
0.070007324218750 3799963
0.067260742187500 3800036
0.060546875000000 3800000
0.067749023437500 3800000
0.069763183593750 3800036
0.069702148437500 3799963
0.000000000000000 3800036
0.068908691406250 3800000
0.071716308593750 3799963
0.066284179687500 3799963
0.069274902343750 3800036
0.066711425781250 3800000
0.070800781250000 3799963
0.069641113281250 3800036
0.068115234375000 3799963
0.069885253906250 3800036
0.067016601562500 3799963
0.070800781250000 3800000
0.068603515625000 3800036
0.068481445312500 3800000
0.000000000000000 3800000
0.067993164062500 3799927
0.070800781250000 3800072
0.069030761718750 3800000
0.068054199218750 3799927
0.070739746093750 3800000
0.068847656250000 3800072
0.070861816406250 3800000
0.067871093750000 3799927
0.069885253906250 3800108
0.070617675781250 3799927
0.070556640625000 3800036
0.000000000000000 3799963
0.068542480468750 3800000
0.068786621093750 3800036
0.068664550781250 3800000
0.071228027343750 3800000
0.068664550781250 3799891
0.061035156250000 3800072
0.067321777343750 3800036
0.067810058593750 3800000
0.069824218750000 3800000
0.071166992187500 3800000
0.069213867187500 3800000
0.061462402343750 3800000
0.070190429687500 3800000
0.070251464843750 3799963
0.068176269531250 3800036
0.000000000000000 3800000
0.068115234375000 3800000
0.069885253906250 3799963
0.068115234375000 3800000
0.073852539062500 3799963
0.068786621093750 3800072
0.067138671875000 3800000
0.069152832031250 3800000
0.068481445312500 3800000
0.071472167968750 3799963
0.069396972656250 3800036
0.072448730468750 3800000
0.000000000000000 3800000
0.072448730468750 3800000
0.067626953125000 3800000
0.069763183593750 3800000
0.067626953125000 3799927
0.068908691406250 3800036
0.069152832031250 3800036
0.068420410156250 3799927
0.070739746093750 3800072
0.067687988281250 3799963
0.071289062500000 3800036
0.067749023437500 3800000
0.068725585937500 3800000
0.000000000000000 3800000
0.128784179687500 3800000
0.000000000000000 3800000
0.128906250000000 3800000
0.000000000000000 3799927
0.070190429687500 3800072
0.068847656250000 3799963
0.069702148437500 3800036
0.069458007812500 3800000
0.071960449218750 3799963
0.070129394531250 3800036
0.069458007812500 3799963
0.073425292968750 3800072
0.068969726562500 3799963
0.060974121093750 3800000
0.068786621093750 3800000
0.068786621093750 3800000
0.000000000000000 3800000
0.069885253906250 3800000
0.068969726562500 3800000
0.068481445312500 3800000
0.069580078125000 3799963
0.071899414062500 3800036
0.068908691406250 3799927
0.068664550781250 3800072
0.067993164062500 3800000
0.068664550781250 3800000
0.070922851562500 3800000
0.070434570312500 3800000
0.000000000000000 3800000
0.069702148437500 3800000
0.069824218750000 3800000
0.070007324218750 3800000
0.069274902343750 3799927
0.068420410156250 3800072
0.070007324218750 3800000
0.070678710937500 3799891
0.070495605468750 3800108
0.069580078125000 3800036
0.069458007812500 3799963
0.067565917968750 3800000
0.061035156250000 3799963
0.067626953125000 3800036
0.000000000000000 3800000
0.071166992187500 3799963
0.069396972656250 3800036
0.067993164062500 3800000
0.070007324218750 3800000
0.068908691406250 3799963
0.070312500000000 3800036
0.067810058593750 3800000
0.071105957031250 3800000
0.068603515625000 3799963
0.067382812500000 3800036
0.069641113281250 3800000
0.068237304687500 3800000
0.000000000000000 3800000
0.070129394531250 3800000
0.068054199218750 3800000
0.068908691406250 3800000
0.069274902343750 3800000
0.068176269531250 3800000
0.067504882812500 3800000
0.067810058593750 3800000
0.069702148437500 3800000
0.069580078125000 3800000
0.071289062500000 3799963
0.071899414062500 3799963
0.069763183593750 3800072
0.000000000000000 3799963
0.070861816406250 3800000
0.069824218750000 3800036
0.070007324218750 3800000
0.067749023437500 3800000
0.070007324218750 3800000
0.068725585937500 3800000
0.070251464843750 3800036
0.068969726562500 3799927
0.069946289062500 3800036
0.069152832031250 3800000
0.069091796875000 3800000
0.000000000000000 3800000
0.070922851562500 3799927
0.067565917968750 3800072
0.069152832031250 3800000
0.070007324218750 3800000
0.070434570312500 3800000
0.071044921875000 3800000
0.068054199218750 3800000
0.072265625000000 3800000
0.071350097656250 3799963
0.069030761718750 3800036
0.000000000000000 3800000
0.070922851562500 3799963
0.067260742187500 3799927
0.069091796875000 3800072
0.072448730468750 3800000
0.068115234375000 3800036
0.070312500000000 3800000
0.069396972656250 3799963
0.069885253906250 3800000
0.067382812500000 3800036
0.069396972656250 3800036
0.071472167968750 3799963
0.070068359375000 3800000
0.061645507812500 3800000
0.000000000000000 3800000
0.068725585937500 3799963
0.068542480468750 3800036
0.067443847656250 3799891
0.061279296875000 3800036
0.067871093750000 3800072
0.068847656250000 3800000
0.071289062500000 3800000
0.070129394531250 3800000
0.070861816406250 3799927
0.067749023437500 3800072
0.070678710937500 3800000
0.068603515625000 3800000
0.071289062500000 3800000
0.000000000000000 3799963
0.070800781250000 3800036
0.068237304687500 3799963
0.069580078125000 3800036
0.071044921875000 3800000
0.070312500000000 3799963
0.067810058593750 3800036
0.070617675781250 3800000
0.069885253906250 3800000
0.069519042968750 3800000
0.070129394531250 3799963
0.069152832031250 3800036
0.000000000000000 3800000
0.069641113281250 3800000
0.069091796875000 3799963
0.070617675781250 3800036
0.070495605468750 3800000
0.066894531250000 3800000
0.070251464843750 3800000
0.070922851562500 3800000
0.069458007812500 3800000
0.067382812500000 3800000
0.070312500000000 3799927
0.068969726562500 3800072
0.000000000000000 3800000
0.070678710937500 3800000
0.071716308593750 3800000
0.066955566406250 3800000
0.069946289062500 3800000
0.067932128906250 3800000
0.068725585937500 3800000
0.070800781250000 3799963
0.068298339843750 3799963
0.068420410156250 3800072
0.069580078125000 3799927
0.069458007812500 3800036
0.067382812500000 3800000
0.000000000000000 3800036
0.070983886718750 3800000
0.071838378906250 3799963
0.069396972656250 3800036
0.069335937500000 3800000
0.068054199218750 3800000
0.067565917968750 3800000
0.069946289062500 3799927
0.071044921875000 3800072
0.069702148437500 3800000
0.069335937500000 3800000
0.060729980468750 3800000
0.068237304687500 3799963
0.000000000000000 3800000
0.068420410156250 3800000
0.068176269531250 3799963
0.068420410156250 3800072
0.072265625000000 3799927
0.068359375000000 3800072
0.067321777343750 3800000
0.069641113281250 3800000
0.061767578125000 3800000
0.069030761718750 3799963
0.070556640625000 3800036
0.067626953125000 3799927
0.069030761718750 3800036
0.062194824218750 3800036
0.069030761718750 3800000
0.069396972656250 3800000
0.068176269531250 3799963
0.000000000000000 3800036
0.070068359375000 3800000
0.066955566406250 3800000
0.068969726562500 3800000
0.069885253906250 3799963
0.066040039062500 3800000
0.068603515625000 3800000
0.070434570312500 3800036
0.070312500000000 3800000
0.069763183593750 3800000
0.070129394531250 3799963
0.072021484375000 3800000
0.000000000000000 3800036
0.067932128906250 3800000
0.062927246093750 3800000
0.068542480468750 3799963
0.061950683593750 3799963
0.068176269531250 3800072
0.060974121093750 3800000
0.068908691406250 3800000
0.069580078125000 3800000
0.069396972656250 3800000
0.069702148437500 3800000
0.069335937500000 3800000
0.066833496093750 3800000
0.069824218750000 3800000
0.066650390625000 3800000
0.069030761718750 3800000
0.068481445312500 3800000
0.059936523437500 3800000
0.071777343750000 3799963
0.000000000000000 3800036
0.071594238281250 3800000
0.072570800781250 3800000
0.068542480468750 3800000
0.062072753906250 3800000
0.067871093750000 3800000
0.070434570312500 3800000
0.069030761718750 3799963
0.073364257812500 3800036
0.071044921875000 3800000
0.068603515625000 3800000
0.076782226562500 3799927
0.066894531250000 3800000
0.062561035156250 3800036
0.000000000000000 3799963
0.070678710937500 3800072
0.073486328125000 3800000
0.065185546875000 3800000
0.074096679687500 3800000
0.062866210937500 3799963
0.064208984375000 3800036
0.065490722656250 3800036
0.064208984375000 3799963
0.075012207031250 3800000
0.067932128906250 3799963
0.065429687500000 3800036
0.064758300781250 3800000
0.071533203125000 3800000
0.068786621093750 3800000
0.000000000000000 3800000
0.071411132812500 3800000
0.062561035156250 3799963
0.066955566406250 3799963
0.069152832031250 3800072
0.067687988281250 3800000
0.070556640625000 3800000
0.072814941406250 3800000
0.068115234375000 3800000
0.071777343750000 3800000
0.065246582031250 3799927
0.070068359375000 3800036
0.070556640625000 3800000
0.067321777343750 3800036
0.061096191406250 3800000
0.070617675781250 3800000
0.000000000000000 3800000
0.069763183593750 3799963
0.068603515625000 3800072
0.070129394531250 3799963
0.070068359375000 3800000
0.069580078125000 3799927
0.069458007812500 3800072
0.068969726562500 3800000
0.062072753906250 3800000
0.066772460937500 3799963
0.071533203125000 3800036
0.071594238281250 3800000
0.070434570312500 3799927
0.000000000000000 3800036
0.069030761718750 3800000
0.066284179687500 3800036
0.070373535156250 3800000
0.067321777343750 3800000
0.072631835937500 3800000
0.070678710937500 3799891
0.066650390625000 3800108
0.060913085937500 3800000
0.070068359375000 3800000
0.068847656250000 3800000
0.068481445312500 3800000
0.069458007812500 3800000
0.067810058593750 3799927
0.071716308593750 3799963
0.000000000000000 3800108
0.067932128906250 3800000
0.066589355468750 3799963
0.070678710937500 3800036
0.070983886718750 3800000
0.067932128906250 3800000
0.068115234375000 3800000
0.071777343750000 3800000
0.072387695312500 3800000
0.069396972656250 3800000
0.069763183593750 3800000
0.000000000000000 3800000
0.069763183593750 3800000
0.069824218750000 3800000
0.068847656250000 3800000
0.072692871093750 3799927
0.068786621093750 3800072
0.074401855468750 3800000
0.064697265625000 3800000
0.068481445312500 3800000
0.062255859375000 3800000
0.069946289062500 3800000
0.062255859375000 3800000
0.062500000000000 3800000
0.066833496093750 3799963
0.067626953125000 3800036
0.069885253906250 3800000
0.069030761718750 3800000
0.069519042968750 3800000
0.000000000000000 3799891
0.069213867187500 3800036
0.069335937500000 3800072
0.068908691406250 3800000
0.072570800781250 3800000
0.068481445312500 3799963
0.069458007812500 3800036
0.069885253906250 3800000
0.137695312500000 3799980
0.068481445312500 3800072
0.000000000000000 3799963
0.069824218750000 3799963
0.068664550781250 3800036
0.071716308593750 3800036
0.067443847656250 3799891
0.068908691406250 3800072
0.067810058593750 3799891
0.068847656250000 3800108
0.072387695312500 3799963
0.067993164062500 3800000
0.069335937500000 3800036
0.069030761718750 3800000
0.070434570312500 3800000
0.000000000000000 3800000
0.067993164062500 3800000
0.070312500000000 3800000
0.070922851562500 3800000
0.067382812500000 3800000
0.069885253906250 3800000
0.069274902343750 3800000
0.069335937500000 3800036
0.067871093750000 3799963
0.069885253906250 3799927
0.070007324218750 3800072
0.067504882812500 3800000
0.069213867187500 3800000
0.000000000000000 3799963
0.067199707031250 3800036
0.070556640625000 3799927
0.070434570312500 3800072
0.069519042968750 3800000
0.069946289062500 3800000
0.071105957031250 3800000
0.061157226562500 3800000
0.066833496093750 3800000
0.060852050781250 3800000
0.068420410156250 3800000
0.060852050781250 3800000
0.069946289062500 3800000
0.069335937500000 3800000
0.069824218750000 3799963
0.060729980468750 3800036
0.070251464843750 3799963
0.067932128906250 3800036
0.000000000000000 3799963
0.069763183593750 3800036
0.068603515625000 3800000
0.060729980468750 3799891
0.068176269531250 3800108
0.068908691406250 3800000
0.067810058593750 3799963
0.060974121093750 3800036
0.071044921875000 3800000
0.066162109375000 3800000
0.068847656250000 3800000
0.068664550781250 3799927
0.071838378906250 3800036
0.072082519531250 3800036
0.073486328125000 3800000
0.070495605468750 3800000
0.000000000000000 3799963
0.068603515625000 3800036
0.060241699218750 3800000
0.068786621093750 3799963
0.070251464843750 3800036
0.069274902343750 3799927
0.071228027343750 3800072
0.068725585937500 3799927
0.066772460937500 3800072
0.067138671875000 3800000
0.069946289062500 3800000
0.064697265625000 3800000
0.068481445312500 3800000
0.070190429687500 3800000
0.068664550781250 3800000
0.061096191406250 3800000
0.071899414062500 3800000
0.000000000000000 3800000
0.066833496093750 3800000
0.070556640625000 3800000
0.068237304687500 3800000
0.061218261718750 3800000
0.065490722656250 3800000
0.068359375000000 3799927
0.069946289062500 3800072
0.069946289062500 3800000
0.071594238281250 3800000
0.068176269531250 3799963
0.068603515625000 3800036
0.067016601562500 3800000
0.069946289062500 3800000
0.068115234375000 3800000
0.000000000000000 3800000
0.069763183593750 3800000
0.071105957031250 3800000
0.073120117187500 3799963
0.069580078125000 3800036
0.068969726562500 3799963
0.067260742187500 3800000
0.068054199218750 3800000
0.069396972656250 3800000
0.069152832031250 3799963
0.070312500000000 3799963
0.069763183593750 3800108
0.000000000000000 3800000
0.069152832031250 3799963
0.070251464843750 3800036
0.066284179687500 3800036
0.069396972656250 3799963
0.072387695312500 3800000
0.068359375000000 3800000
0.069335937500000 3800000
0.068420410156250 3799963
0.067321777343750 3800036
0.074035644531250 3800000
0.063964843750000 3800000
0.069519042968750 3800000
0.070312500000000 3800000
0.000000000000000 3799963
0.070739746093750 3800036
0.069580078125000 3800000
0.070678710937500 3800036
0.066650390625000 3799963
0.070373535156250 3799963
0.071960449218750 3800036
0.066162109375000 3800000
0.067687988281250 3799963
0.069335937500000 3800036
0.069030761718750 3800000
0.069885253906250 3800000
0.068847656250000 3800000
0.000000000000000 3799963
0.067871093750000 3800036
0.070129394531250 3800000
0.070739746093750 3799963
0.069335937500000 3800036
0.068847656250000 3800000
0.068603515625000 3800000
0.070312500000000 3800000
0.060852050781250 3800000
0.069824218750000 3800000
0.060302734375000 3800000
0.069152832031250 3800000
0.061828613281250 3800000
0.068359375000000 3800000
0.068908691406250 3800000
0.067993164062500 3800000
0.071777343750000 3800000
0.000000000000000 3800000
0.068603515625000 3800000
0.070922851562500 3800000
0.069580078125000 3799963
0.067871093750000 3800036
0.069580078125000 3800000
0.067810058593750 3800000
0.068786621093750 3800000
0.068969726562500 3800036
0.069030761718750 3799963
0.070190429687500 3800000
0.066955566406250 3800036
0.069030761718750 3799963
0.000000000000000 3800000
0.068359375000000 3799891
0.074035644531250 3800108
0.074157714843750 3800000
0.070312500000000 3800000
0.069946289062500 3800000
0.070556640625000 3800000
0.071044921875000 3799927
0.069213867187500 3800036
0.070190429687500 3800036
0.068359375000000 3799963
0.062072753906250 3800036
0.000000000000000 3800000
0.069335937500000 3800000
0.067687988281250 3800000
0.070434570312500 3800036
0.067871093750000 3799963
0.069152832031250 3800000
0.068237304687500 3800000
0.068481445312500 3800000
0.070434570312500 3799963
0.070007324218750 3800000
0.068115234375000 3800036
0.068359375000000 3800000
0.069885253906250 3800000
0.069335937500000 3800036
0.000000000000000 3799963
0.070373535156250 3799963
0.071716308593750 3800036
0.068664550781250 3800000
0.069274902343750 3800000
0.069213867187500 3800000
0.070556640625000 3800000
0.067443847656250 3800000
0.069519042968750 3800000
0.069763183593750 3799963
0.070007324218750 3800036
0.069458007812500 3800000
0.000000000000000 3800000
0.067810058593750 3800000
0.067565917968750 3799963
0.071289062500000 3800036
0.070007324218750 3800000
0.069030761718750 3800000
0.068603515625000 3800000
0.069335937500000 3800000
0.070739746093750 3800000
0.070129394531250 3800000
0.067321777343750 3800000
0.068420410156250 3800000
0.070922851562500 3800000
0.000000000000000 3800000
0.069519042968750 3800000
0.069335937500000 3800000
0.067871093750000 3800000
0.068725585937500 3799963
0.071289062500000 3800036
0.061035156250000 3800000
0.069885253906250 3799963
0.068725585937500 3800036
0.071166992187500 3800000
0.068054199218750 3800000
0.068847656250000 3800000
0.069519042968750 3800000
0.068603515625000 3800000
0.000000000000000 3800000
0.067993164062500 3800000
0.069030761718750 3799963
0.068664550781250 3800036
0.069091796875000 3800000
0.072753906250000 3799927
0.069702148437500 3800036
0.068115234375000 3800036
0.069824218750000 3800000
0.067993164062500 3800000
0.072692871093750 3800000
0.071228027343750 3800000
0.000000000000000 3800000
0.072082519531250 3800000
0.067382812500000 3800000
0.071472167968750 3800000
0.071289062500000 3800000
0.067932128906250 3800000
0.069885253906250 3800000
0.068054199218750 3800000
0.061096191406250 3799963
0.067443847656250 3800000
0.069335937500000 3800036
0.069091796875000 3800000
0.070739746093750 3799891
0.070678710937500 3800108
0.000000000000000 3800000
0.067993164062500 3800000
0.069335937500000 3800000
0.067993164062500 3800000
0.071166992187500 3800000
0.067626953125000 3800000
0.071350097656250 3800000
0.068542480468750 3799963
0.067443847656250 3800036
0.070007324218750 3800036
0.066833496093750 3799927
0.069946289062500 3800036
0.069091796875000 3800000
0.000000000000000 3800000
0.071411132812500 3800000
0.068481445312500 3800036
0.067993164062500 3799963
0.069091796875000 3800000
0.068359375000000 3800000
0.071105957031250 3800000
0.067810058593750 3800000
0.070373535156250 3800000
0.068908691406250 3800000
0.070373535156250 3800000
0.070129394531250 3800000
0.068542480468750 3800000
0.000000000000000 3800000
0.068359375000000 3800000
0.060913085937500 3799963
0.070617675781250 3800036
0.069641113281250 3800000
0.070007324218750 3800000
0.069152832031250 3799963
0.061218261718750 3800036
0.068420410156250 3800000
0.068908691406250 3800000
0.069152832031250 3800000
0.066406250000000 3800036
0.069763183593750 3799963
0.070983886718750 3800000
0.070312500000000 3800000
0.000000000000000 3799963
0.068298339843750 3800072
0.069580078125000 3799963
0.068664550781250 3800000
0.068420410156250 3800000
0.069274902343750 3800000
0.070983886718750 3800000
0.068054199218750 3800000
0.069335937500000 3800000
0.067382812500000 3800000
0.067993164062500 3800000
0.070312500000000 3800000
0.069030761718750 3800000
0.068847656250000 3800036
0.000000000000000 3800000
0.067504882812500 3799963
0.070312500000000 3799963
0.069641113281250 3800036
0.068908691406250 3800000
0.069763183593750 3800000
0.069702148437500 3800000
0.069458007812500 3800000
0.066711425781250 3800000
0.070190429687500 3800000
0.066894531250000 3800000
0.061279296875000 3800000
0.069702148437500 3800000
0.069335937500000 3800000
0.000000000000000 3799963
0.072204589843750 3800036
0.074768066406250 3800036
0.060241699218750 3799963
0.068786621093750 3800000
0.072753906250000 3800000
0.069091796875000 3800000
0.070556640625000 3800000
0.069641113281250 3800000
0.068481445312500 3800000
0.070373535156250 3800000
0.067626953125000 3800000
0.071655273437500 3800000
0.000000000000000 3800000
0.066894531250000 3800000
0.069274902343750 3800000
0.069213867187500 3799963
0.070129394531250 3800036
0.070129394531250 3800000
0.071594238281250 3800000
0.070861816406250 3800000
0.068969726562500 3800000
0.061340332031250 3800000
0.070617675781250 3800000
0.069396972656250 3799963
0.069763183593750 3800036
0.061584472656250 3800000
0.000000000000000 3800000
0.069885253906250 3799927
0.067321777343750 3800036
0.068481445312500 3800000
0.068054199218750 3800036
0.061035156250000 3799963
0.068603515625000 3800000
0.071044921875000 3800036
0.060852050781250 3800000
0.069396972656250 3800000
0.070129394531250 3800000
0.069946289062500 3799963
0.060668945312500 3800000
0.068542480468750 3800036
0.069702148437500 3800000
0.067504882812500 3799963
0.069213867187500 3800036
0.069335937500000 3800000
0.068420410156250 3800000
0.061950683593750 3800000
0.000000000000000 3800000
0.066894531250000 3800000
0.071105957031250 3800000
0.070190429687500 3800036
0.071166992187500 3799927
0.070251464843750 3800036
0.068481445312500 3800000
0.070617675781250 3800000
0.069274902343750 3800000
0.070739746093750 3800000
0.067138671875000 3799927
0.069396972656250 3800072
0.000000000000000 3800000
0.069641113281250 3799891
0.069885253906250 3800108
0.068420410156250 3800000
0.069274902343750 3800000
0.068786621093750 3800000
0.067993164062500 3800000
0.068603515625000 3800000
0.071411132812500 3800000
0.069396972656250 3800000
0.070861816406250 3800000
0.067932128906250 3800000
0.068420410156250 3800000
0.000000000000000 3800000
0.069030761718750 3800000
0.070800781250000 3800000
0.071777343750000 3800000
0.068908691406250 3800000
0.069519042968750 3800000
0.069335937500000 3800000
0.068969726562500 3800000
0.069396972656250 3800000
0.068847656250000 3800000
0.069091796875000 3799963
0.070617675781250 3799963
0.000000000000000 3800072
0.068542480468750 3800000
0.067993164062500 3800036
0.068237304687500 3799963
0.068176269531250 3799891
0.070495605468750 3800108
0.072998046875000 3800036
0.068420410156250 3799963
0.068359375000000 3800000
0.068969726562500 3800000
0.208862304687500 3800000
0.071166992187500 3799963
0.066894531250000 3800000
0.071716308593750 3800072
0.067687988281250 3799927
0.069641113281250 3800036
0.067687988281250 3799963
0.069885253906250 3800036
0.069213867187500 3800000
0.069458007812500 3800000
0.068298339843750 3800000
0.066894531250000 3800000
0.000000000000000 3800000
0.070983886718750 3800000
0.067932128906250 3800000
0.070251464843750 3799963
0.069335937500000 3800036
0.067749023437500 3800000
0.070434570312500 3800000
0.068176269531250 3800000
0.070739746093750 3800000
0.066772460937500 3799927
0.061767578125000 3800072
0.066650390625000 3800000
0.068542480468750 3800000
0.070373535156250 3800000
0.067687988281250 3799963
0.000000000000000 3800036
0.072082519531250 3800000
0.068481445312500 3800000
0.071838378906250 3800000
0.069091796875000 3800000
0.061157226562500 3799963
0.070800781250000 3800036
0.068847656250000 3800000
0.068359375000000 3800000
0.070556640625000 3800000
0.071105957031250 3800000
0.068725585937500 3800036
0.068847656250000 3799963
0.070129394531250 3799963
0.000000000000000 3800036
0.069519042968750 3800000
0.069946289062500 3800000
0.067321777343750 3800000
0.070007324218750 3800000
0.068603515625000 3800000
0.069580078125000 3800000
0.069458007812500 3800000
0.067626953125000 3799927
0.070251464843750 3800072
0.067993164062500 3800000
0.069274902343750 3799963
0.068359375000000 3800036
0.000000000000000 3800000
0.070007324218750 3800000
0.071289062500000 3800000
0.070434570312500 3799963
0.069030761718750 3800036
0.066162109375000 3800000
0.068969726562500 3800000
0.068908691406250 3800000
0.069458007812500 3800000
0.068054199218750 3800000
0.071105957031250 3799963
0.069335937500000 3800036
0.000000000000000 3800000
0.070190429687500 3800000
0.067932128906250 3800000
0.070007324218750 3800000
0.068176269531250 3800000
0.071838378906250 3800000
0.068847656250000 3800000
0.070983886718750 3800000
0.067871093750000 3800000
0.071594238281250 3800000
0.069396972656250 3799963
0.061035156250000 3800000
0.068054199218750 3800036
0.070251464843750 3800000
0.000000000000000 3800000
0.069335937500000 3800000
0.068908691406250 3800000
0.070312500000000 3800000
0.066711425781250 3800000
0.071411132812500 3800000
0.068420410156250 3800000
0.068969726562500 3799963
0.068603515625000 3800036
0.066894531250000 3800000
0.060668945312500 3800000
0.070861816406250 3800000
0.074890136718750 3800000
0.070434570312500 3799963
0.061035156250000 3800036
0.000000000000000 3800000
0.070617675781250 3799963
0.071594238281250 3800036
0.071777343750000 3800000
0.069030761718750 3800000
0.070007324218750 3800000
0.067016601562500 3800000
0.060791015625000 3800000
0.069763183593750 3800000
0.069580078125000 3800000
0.070434570312500 3800000
0.067382812500000 3800000
0.070739746093750 3800000
0.068603515625000 3800000
0.061523437500000 3800000
0.066772460937500 3800000
0.000000000000000 3800000
0.069763183593750 3800000
0.069274902343750 3800000
0.069091796875000 3800000
0.061462402343750 3800000
0.066711425781250 3800000
0.070739746093750 3800000
0.067504882812500 3800000
0.069641113281250 3799927
0.066772460937500 3800072
0.070495605468750 3799963
0.068481445312500 3800036
0.069091796875000 3800000
0.069152832031250 3800000
0.000000000000000 3800000
0.067260742187500 3800000
0.069335937500000 3800000
0.070678710937500 3800000
0.071777343750000 3800000
0.071411132812500 3799963
0.069091796875000 3800036
0.071166992187500 3800000
0.069030761718750 3799891
0.061401367187500 3800108
0.067016601562500 3800000
0.069396972656250 3800000
0.072143554687500 3800000
0.000000000000000 3800000
0.069152832031250 3800000
0.071105957031250 3800000
0.067016601562500 3800000
0.070251464843750 3800000
0.067687988281250 3800000
0.070739746093750 3800000
0.070312500000000 3800000
0.068115234375000 3800036
0.068725585937500 3799963
0.069030761718750 3800000
0.069458007812500 3800000
0.067565917968750 3800000
0.000000000000000 3799927
0.072082519531250 3800072
0.071594238281250 3800000
0.069763183593750 3799963
0.070983886718750 3800036
0.068298339843750 3800000
0.070556640625000 3800036
0.070129394531250 3799963
0.069702148437500 3800000
0.070068359375000 3800036
0.068664550781250 3799963
0.071594238281250 3800000
0.000000000000000 3800000
0.068298339843750 3800000
0.069580078125000 3800000
0.069702148437500 3799927
0.072570800781250 3800072
0.070739746093750 3800000
0.067321777343750 3800000
0.061645507812500 3800000
0.069702148437500 3800000
0.070251464843750 3800000
0.070861816406250 3800000
0.061401367187500 3800000
0.069458007812500 3800000
0.069763183593750 3799963
0.061218261718750 3800036
0.068664550781250 3800000
0.000000000000000 3800000
0.068908691406250 3800000
0.067871093750000 3800000
0.067932128906250 3800000
0.067993164062500 3800000
0.071166992187500 3800000
0.072326660156250 3799963
0.069396972656250 3799963
0.069702148437500 3800072
0.066833496093750 3800000
0.069580078125000 3800000
0.067749023437500 3800000
0.069213867187500 3800000
0.000000000000000 3800000
0.069580078125000 3800000
0.068725585937500 3800000
0.071166992187500 3800000
0.068908691406250 3799963
0.069030761718750 3800036
0.066528320312500 3800000
0.069030761718750 3800000
0.071655273437500 3800036
0.068969726562500 3800000
0.071166992187500 3799963
0.069030761718750 3800000
0.000000000000000 3800000
0.069702148437500 3800000
0.067138671875000 3800000
0.070251464843750 3800036
0.069702148437500 3799963
0.068847656250000 3800000
0.071289062500000 3800000
0.067626953125000 3800000
0.071166992187500 3800036
0.068847656250000 3799963
0.071289062500000 3800000
0.068542480468750 3799927
0.068969726562500 3800072
0.000000000000000 3800000
0.069763183593750 3800000
0.067626953125000 3800000
0.068542480468750 3800000
0.069335937500000 3799963
0.062377929687500 3800036
0.071716308593750 3800000
0.068969726562500 3800000
0.067871093750000 3800000
0.067871093750000 3800000
0.069580078125000 3799963
0.067626953125000 3800036
0.068847656250000 3800000
0.069458007812500 3800000
0.000000000000000 3800000
0.068908691406250 3800000
0.068664550781250 3800000
0.068969726562500 3799927
0.070434570312500 3800108
0.071166992187500 3799963
0.068298339843750 3800000
0.069213867187500 3799855
0.067504882812500 3800144
0.070678710937500 3800000
0.069213867187500 3800000
0.068725585937500 3800000
0.069335937500000 3800000
0.000000000000000 3800000
0.072387695312500 3800000
0.070739746093750 3800000
0.067626953125000 3800000
0.069824218750000 3800000
0.067138671875000 3800000
0.070861816406250 3799963
0.070312500000000 3800036
0.069335937500000 3800000
0.070739746093750 3800000
0.069152832031250 3800000
0.000000000000000 3800000
0.072753906250000 3800000
0.067199707031250 3800000
0.069641113281250 3800000
0.068664550781250 3800000
0.068359375000000 3799963
0.070922851562500 3800000
0.069946289062500 3800036
0.069519042968750 3800000
0.069396972656250 3800000
0.070129394531250 3800000
0.068420410156250 3800000
0.070861816406250 3800036
0.000000000000000 3799963
0.070434570312500 3800000
0.067993164062500 3800036
0.069702148437500 3799963
0.068237304687500 3800000
0.073608398437500 3800000
0.072753906250000 3800036
0.060913085937500 3799963
0.072875976562500 3799927
0.069458007812500 3800072
0.070068359375000 3800000
0.069946289062500 3800000
0.000000000000000 3800000
0.070617675781250 3800000
0.069580078125000 3800000
0.071411132812500 3800000
0.069580078125000 3800000
0.070434570312500 3799927
0.069580078125000 3800108
0.068359375000000 3799963
0.070068359375000 3800000
0.070495605468750 3799963
0.070739746093750 3800036
0.000000000000000 3800000
0.070739746093750 3800000
0.068115234375000 3800000
0.070007324218750 3800000
0.069458007812500 3800000
0.069580078125000 3800000
0.066467285156250 3800000
0.071044921875000 3800000
0.070495605468750 3800000
0.070556640625000 3799963
0.060363769531250 3800036
0.068176269531250 3800000
0.070068359375000 3800000
0.068603515625000 3800000
0.000000000000000 3800000
0.069763183593750 3800000
0.068481445312500 3800036
0.069946289062500 3799963
0.069030761718750 3800000
0.069885253906250 3800000
0.070983886718750 3800000
0.067260742187500 3800000
0.069763183593750 3800000
0.069702148437500 3800036
0.070678710937500 3799963
0.071777343750000 3800000
0.000000000000000 3800000
0.069030761718750 3800000
0.070861816406250 3800000
0.069458007812500 3800000
0.071594238281250 3800000
0.070678710937500 3799927
0.068908691406250 3800072
0.070800781250000 3800000
0.069580078125000 3799963
0.070434570312500 3800036
0.070373535156250 3799927
0.066894531250000 3800072
0.000000000000000 3800000
0.070983886718750 3800000
0.068054199218750 3800000
0.070495605468750 3800000
0.068847656250000 3800000
0.072265625000000 3800000
0.071533203125000 3800000
0.070129394531250 3799927
0.070251464843750 3800072
0.071716308593750 3800000
0.068725585937500 3800000
0.000000000000000 3800000
0.067199707031250 3800000
0.070678710937500 3799963
0.069702148437500 3800000
0.068359375000000 3800000
0.069580078125000 3800036
0.067199707031250 3800000
0.070678710937500 3800000
0.069702148437500 3800000
0.069335937500000 3800000
0.069763183593750 3800000
0.068603515625000 3799963
0.067321777343750 3800036
0.000000000000000 3800000
0.069335937500000 3800000
0.069702148437500 3800000
0.067871093750000 3800000
0.068542480468750 3800000
0.071166992187500 3800000
0.067077636718750 3800000
0.069702148437500 3800000
0.068847656250000 3799963
0.068725585937500 3800036
0.066833496093750 3800000
0.070556640625000 3800000
0.069702148437500 3799963
0.067687988281250 3800036
0.000000000000000 3799963
0.070129394531250 3800036
0.067504882812500 3800000
0.069335937500000 3800000
0.067504882812500 3800000
0.068664550781250 3800000
0.072631835937500 3800000
0.069152832031250 3800000
0.070068359375000 3800000
0.069152832031250 3800000
0.070434570312500 3799963
0.067016601562500 3800036
0.000000000000000 3800000
0.070434570312500 3800000
0.069885253906250 3800000
0.067871093750000 3800000
0.061584472656250 3800000
0.068298339843750 3800000
0.069152832031250 3800000
0.068298339843750 3800000
0.073364257812500 3800000
0.070983886718750 3800000
0.059875488281250 3800000
0.070983886718750 3800000
0.069702148437500 3800000
0.061401367187500 3800000
0.069213867187500 3800000
0.069335937500000 3800000
0.068237304687500 3800000
0.000000000000000 3800000
0.069274902343750 3800000
0.068847656250000 3800000
0.069030761718750 3800000
0.071594238281250 3800000
0.067749023437500 3800000
0.070129394531250 3800000
0.066894531250000 3800000
0.072631835937500 3800000
0.073852539062500 3800000
0.069519042968750 3800000
0.060546875000000 3800000
0.069458007812500 3799927
0.061035156250000 3800072
0.069519042968750 3800000
0.000000000000000 3800000
0.069641113281250 3800000
0.069152832031250 3800000
0.069335937500000 3800000
0.070190429687500 3799963
0.068115234375000 3800000
0.070373535156250 3800036
0.067016601562500 3800000
0.069946289062500 3799963
0.067077636718750 3800036
0.071655273437500 3800000
0.070007324218750 3800000
0.000000000000000 3799927
0.127502441406250 3800072
0.000000000000000 3800000
0.071289062500000 3800000
0.123962402343750 3800000
0.000000000000000 3800000
0.071166992187500 3800000
0.070129394531250 3800000
0.071044921875000 3800000
0.067199707031250 3800000
0.070922851562500 3800000
0.068176269531250 3800000
0.073059082031250 3800000
0.065063476562500 3800000
0.073425292968750 3800000
0.071044921875000 3799963
0.000000000000000 3800036
0.068420410156250 3799963
0.072448730468750 3800036
0.071105957031250 3799963
0.060852050781250 3800036
0.068237304687500 3800000
0.064880371093750 3800000
0.068298339843750 3800000
0.070678710937500 3800000
0.070556640625000 3800000
0.071594238281250 3800000
0.062805175781250 3800000
0.072082519531250 3800000
0.064270019531250 3800000
0.066894531250000 3800000
0.000000000000000 3800000
0.073608398437500 3800000
0.061157226562500 3799927
0.066528320312500 3800072
0.067504882812500 3800000
0.069580078125000 3800000
0.069091796875000 3800000
0.062683105468750 3800000
0.068115234375000 3800000
0.070190429687500 3800000
0.067565917968750 3800000
0.061645507812500 3800036
0.072387695312500 3799927
0.068481445312500 3800072
0.070373535156250 3799963
0.068176269531250 3800000
0.061645507812500 3800000
0.069580078125000 3800000
0.000000000000000 3800000
0.071472167968750 3800000
0.069824218750000 3800000
0.072082519531250 3800000
0.064941406250000 3800000
0.068115234375000 3800000
0.070434570312500 3799963
0.068969726562500 3800036
0.061401367187500 3800000
0.068542480468750 3800000
0.071289062500000 3799963
0.070922851562500 3800036
0.068542480468750 3800000
0.072143554687500 3800000
0.000000000000000 3800000
0.069152832031250 3800000
0.070434570312500 3799963
0.068359375000000 3800036
0.061157226562500 3800000
0.070800781250000 3800000
0.067443847656250 3800000
0.069213867187500 3800000
0.069396972656250 3800000
0.061523437500000 3800000
0.067321777343750 3800000
0.071228027343750 3799963
0.066528320312500 3800036
0.070678710937500 3800036
0.069580078125000 3799963
0.000000000000000 3800000
0.069458007812500 3800000
0.068176269531250 3800036
0.066894531250000 3799927
0.061950683593750 3800036
0.067016601562500 3799963
0.068054199218750 3800036
0.069885253906250 3800000
0.076416015625000 3800000
0.074951171875000 3800000
0.071166992187500 3800036
0.070678710937500 3799855
0.069641113281250 3800036
0.000000000000000 3800072
0.067321777343750 3799963
0.065246582031250 3799963
0.064025878906250 3800072
0.072143554687500 3800000
0.061950683593750 3800000
0.070007324218750 3800000
0.068786621093750 3800000
0.067504882812500 3800000
0.068969726562500 3800000
0.071044921875000 3800000
0.069335937500000 3800000
0.069030761718750 3800000
0.061340332031250 3800000
0.070007324218750 3799963
0.068603515625000 3800036
0.067810058593750 3799963
0.000000000000000 3800036
0.070678710937500 3800000
0.070617675781250 3800000
0.067199707031250 3800000
0.070068359375000 3799963
0.068359375000000 3800036
0.070556640625000 3799963
0.068176269531250 3800036
0.069335937500000 3800000
0.069396972656250 3800000
0.068786621093750 3800000
0.071716308593750 3800000
0.063659667968750 3800000
0.059692382812500 3800000
0.067626953125000 3800036
0.000000000000000 3800000
0.070251464843750 3799963
0.069824218750000 3800000
0.068359375000000 3800000
0.071044921875000 3800000
0.068115234375000 3800000
0.069519042968750 3799963
0.070495605468750 3800000
0.068908691406250 3800000
0.068054199218750 3800036
0.070007324218750 3800000
0.070434570312500 3800000
0.066894531250000 3800000
0.000000000000000 3800000
0.068359375000000 3799927
0.070678710937500 3800036
0.070434570312500 3800036
0.070678710937500 3800000
0.060791015625000 3799963
0.070800781250000 3800072
0.069030761718750 3799963
0.070617675781250 3799963
0.066955566406250 3800036
0.070678710937500 3800000
0.069274902343750 3799963
0.068847656250000 3800000
0.061035156250000 3777130
0.070434570312500 3658063
0.000000000000000 3800144
0.067810058593750 3800000
0.068237304687500 3800000
0.073303222656250 3800000
0.064453125000000 3799963
0.069641113281250 3800036
0.068298339843750 3800000
0.071716308593750 3800000
0.073974609375000 3800000
0.068969726562500 3800000
0.070251464843750 3800000
0.067626953125000 3799963
0.000000000000000 3800036
0.072753906250000 3799963
0.068298339843750 3800036
0.069335937500000 3800000
0.071105957031250 3800000
0.068481445312500 3799963
0.061096191406250 3800036
0.067565917968750 3800000
0.069396972656250 3800000
0.067260742187500 3800000
0.070312500000000 3800000
0.071838378906250 3800000
0.067443847656250 3800000
0.069763183593750 3800000
0.068847656250000 3800000
0.061950683593750 3799963
0.067077636718750 3800036
0.000000000000000 3800000
0.070983886718750 3799963
0.067016601562500 3800036
0.071044921875000 3800000
0.070617675781250 3800000
0.069396972656250 3800000
0.071044921875000 3800000
0.069335937500000 3799963
0.061340332031250 3800072
0.066650390625000 3799963
0.070129394531250 3800000
0.070556640625000 3800000
0.068786621093750 3800000
0.068664550781250 3800036
0.000000000000000 3799963
0.068298339843750 3800000
0.068664550781250 3800000
0.068725585937500 3799963
0.069885253906250 3799963
0.069335937500000 3800072
0.067626953125000 3799963
0.068481445312500 3800036
0.069030761718750 3800000
0.069458007812500 3799963
0.067443847656250 3800072
0.068298339843750 3799963
0.068542480468750 3800000
0.071472167968750 3800000
0.000000000000000 3800000
0.069335937500000 3800000
0.068054199218750 3800000
0.070556640625000 3800000
0.068725585937500 3800000
0.070617675781250 3800000
0.069458007812500 3800000
0.070556640625000 3800000
0.071166992187500 3800000
0.067565917968750 3800000
0.071166992187500 3800000
0.069519042968750 3799963
0.000000000000000 3800036
0.069213867187500 3800000
0.072570800781250 3800000
0.067749023437500 3800000
0.068725585937500 3799963
0.070251464843750 3800036
0.070678710937500 3800000
0.069458007812500 3800000
0.070251464843750 3800000
0.069396972656250 3800000
0.067871093750000 3800000
0.061279296875000 3800000
0.067077636718750 3800000
0.069702148437500 3800000
0.000000000000000 3800000
0.068115234375000 3799963
0.070129394531250 3800036
0.070190429687500 3800000
0.069702148437500 3800000
0.068725585937500 3800000
0.067687988281250 3800000
0.069885253906250 3800000
0.067382812500000 3800000
0.068908691406250 3800000
0.066284179687500 3800000
0.070495605468750 3800000
0.072143554687500 3800000
0.000000000000000 3800000
0.067077636718750 3799963
0.068542480468750 3799963
0.067626953125000 3800036
0.070922851562500 3800036
0.068237304687500 3800000
0.068054199218750 3800000
0.070739746093750 3800000
0.067077636718750 3800036
0.069580078125000 3800000
0.066406250000000 3799963
0.061035156250000 3800000
0.068969726562500 3800000
0.070617675781250 3800000
0.068664550781250 3799963
0.000000000000000 3800036
0.068298339843750 3800000
0.069152832031250 3799963
0.068420410156250 3800036
0.061218261718750 3799963
0.067321777343750 3799963
0.071594238281250 3800072
0.067016601562500 3799963
0.068176269531250 3800036
0.069519042968750 3799963
0.071228027343750 3800036
0.071289062500000 3800000
0.067321777343750 3800000
0.070068359375000 3800000
0.067138671875000 3800000
0.000000000000000 3800000
0.068176269531250 3799927
0.067260742187500 3800072
0.070068359375000 3800000
0.068908691406250 3800000
0.069763183593750 3800000
0.071166992187500 3800000
0.069152832031250 3800000
0.071716308593750 3800000
0.070678710937500 3799963
0.068420410156250 3800036
0.069274902343750 3800000
0.000000000000000 3800000
0.067565917968750 3799963
0.069335937500000 3800036
0.068786621093750 3800000
0.069396972656250 3800000
0.068786621093750 3800000
0.071411132812500 3800000
0.069274902343750 3800000
0.067321777343750 3800000
0.071289062500000 3799963
0.067504882812500 3800036
0.061096191406250 3800000
0.067443847656250 3800000
0.069580078125000 3800000
0.070678710937500 3800000
0.000000000000000 3800000
0.068969726562500 3799963
0.070190429687500 3800036
0.068054199218750 3800000
0.071289062500000 3800000
0.070312500000000 3800000
0.062316894531250 3800000
0.070434570312500 3800000
0.067687988281250 3800000
0.070129394531250 3800000
0.067871093750000 3800000
0.070739746093750 3800000
0.068481445312500 3800000
0.069763183593750 3800000
0.000000000000000 3800000
0.071105957031250 3800000
0.069152832031250 3800036
0.061157226562500 3799963
0.069519042968750 3800000
0.068786621093750 3799963
0.069519042968750 3800036
0.071716308593750 3799963
0.067565917968750 3800036
0.070495605468750 3800000
0.070434570312500 3799963
0.069030761718750 3800036
0.069458007812500 3800000
0.000000000000000 3800000
0.068664550781250 3800000
0.071228027343750 3800000
0.068420410156250 3800000
0.070068359375000 3800000
0.068908691406250 3799963
0.068420410156250 3800036
0.068847656250000 3800000
0.069030761718750 3800000
0.068298339843750 3800000
0.071166992187500 3799963
0.069335937500000 3800072
0.061218261718750 3799963
0.069519042968750 3799963
0.000000000000000 3800036
0.069213867187500 3800000
0.067687988281250 3800000
0.070251464843750 3800000
0.070434570312500 3800000
0.070556640625000 3800000
0.071838378906250 3800000
0.066955566406250 3799963
0.061218261718750 3800036
0.068725585937500 3799963
0.070007324218750 3800000
0.069091796875000 3800036
0.070068359375000 3800000
0.072326660156250 3800036
0.000000000000000 3799963
0.069213867187500 3800036
0.068420410156250 3799963
0.068298339843750 3800000
0.070739746093750 3800000
0.068176269531250 3799963
0.069274902343750 3800036
0.067993164062500 3800000
0.070617675781250 3799927
0.060546875000000 3800072
0.067932128906250 3799963
0.069335937500000 3800036
0.067993164062500 3800036
0.061279296875000 3800000
0.067871093750000 3799963
0.068908691406250 3799963
0.069702148437500 3800036
0.000000000000000 3800000
0.069335937500000 3800000
0.061218261718750 3800036
0.067138671875000 3799963
0.070007324218750 3800000
0.067871093750000 3800000
0.070434570312500 3800000
0.068542480468750 3800000
0.070983886718750 3800000
0.069641113281250 3800000
0.070068359375000 3800000
0.072326660156250 3800000
0.067321777343750 3800000
0.068481445312500 3800000
0.000000000000000 3800000
0.068603515625000 3800000
0.061340332031250 3800000
0.070007324218750 3800000
0.070983886718750 3800000
0.070434570312500 3800000
0.067810058593750 3800000
0.061584472656250 3799963
0.070251464843750 3800000
0.068603515625000 3800036
0.069030761718750 3800000
0.070190429687500 3800000
0.070983886718750 3800000
0.067443847656250 3800000
0.071655273437500 3800000
0.000000000000000 3800000
0.069458007812500 3800000
0.061523437500000 3799963
0.068664550781250 3800036
0.069519042968750 3800036
0.071166992187500 3799963
0.068481445312500 3800000
0.061645507812500 3799963
0.066467285156250 3800000
0.072326660156250 3800000
0.069213867187500 3800036
0.071655273437500 3800000
0.068176269531250 3799963
0.069763183593750 3800036
0.069030761718750 3800000
0.066955566406250 3800000
0.000000000000000 3800000
0.070007324218750 3800000
0.066955566406250 3800000
0.061157226562500 3800000
0.068481445312500 3799963
0.070617675781250 3800036
0.071533203125000 3800000
0.067443847656250 3800036
0.070251464843750 3799927
0.068359375000000 3800036
0.070312500000000 3800000
0.068664550781250 3800000
0.070129394531250 3800000
0.000000000000000 3800000
0.070495605468750 3800000
0.070007324218750 3800000
0.068847656250000 3800000
0.069152832031250 3800000
0.070312500000000 3800000
0.069396972656250 3800000
0.070129394531250 3800036
0.070007324218750 3799963
0.067626953125000 3800000
0.069458007812500 3800000
0.069519042968750 3800000
0.069763183593750 3800000
0.000000000000000 3800000
0.068725585937500 3800000
0.067321777343750 3800036
0.070251464843750 3799963
0.069885253906250 3800000
0.069274902343750 3800036
0.068908691406250 3799963
0.068542480468750 3800000
0.070312500000000 3799963
0.069458007812500 3800036
0.070251464843750 3800000
0.068054199218750 3800000
0.068481445312500 3800000
0.000000000000000 3800000
0.069641113281250 3800000
0.068420410156250 3800000
0.069396972656250 3800000
0.070129394531250 3800000
0.072631835937500 3800000
0.067016601562500 3800000
0.069396972656250 3800000
0.068176269531250 3799963
0.068176269531250 3800036
0.068725585937500 3800000
0.068237304687500 3800000
0.067993164062500 3800000
0.000000000000000 3800000
0.131469726562500 3800000
0.000000000000000 3799963
0.069458007812500 3800036
0.070190429687500 3800036
0.067321777343750 3799927
0.068237304687500 3800036
0.069519042968750 3800000
0.068725585937500 3800000
0.070678710937500 3800000
0.070312500000000 3800000
0.069641113281250 3800000
0.068176269531250 3800000
0.067749023437500 3800000
0.000000000000000 3800000
0.068176269531250 3800000
0.068298339843750 3797685
0.071105957031250 3802280
0.067504882812500 3800036
0.070800781250000 3800000
0.066589355468750 3800000
0.060424804687500 3800000
0.070556640625000 3800000
0.068481445312500 3800000
0.067993164062500 3800000
0.069580078125000 3800000
0.060974121093750 3800000
0.066467285156250 3799963
0.069335937500000 3800036
0.068298339843750 3800000
0.069458007812500 3800000
0.000000000000000 3800000
0.068359375000000 3800000
0.069152832031250 3800000
0.071350097656250 3800000
0.067565917968750 3800000
0.061645507812500 3800000
0.067382812500000 3800036
0.070007324218750 3799963
0.067932128906250 3800000
0.069213867187500 3800000
0.069152832031250 3799963
0.072143554687500 3800000
0.070800781250000 3800036
0.069885253906250 3800000
0.000000000000000 3800000
0.070190429687500 3799963
0.070434570312500 3800036
0.068115234375000 3800000
0.066711425781250 3800000
0.071044921875000 3800000
0.070434570312500 3799963
0.068237304687500 3800000
0.070312500000000 3800036
0.067993164062500 3800000
0.071289062500000 3800036
0.067871093750000 3799963
0.068481445312500 3800000
0.000000000000000 3800000
0.068664550781250 3800000
0.069335937500000 3799927
0.071105957031250 3800072
0.068298339843750 3800000
0.070007324218750 3799963
0.068481445312500 3800036
0.071228027343750 3800000
0.069763183593750 3800000
0.068298339843750 3800000
0.070007324218750 3800000
0.066955566406250 3799963
0.070068359375000 3800000
0.000000000000000 3800036
0.070617675781250 3800000
0.071960449218750 3800000
0.067932128906250 3799963
0.069641113281250 3800036
0.071472167968750 3800000
0.069274902343750 3799927
0.068420410156250 3800108
0.069580078125000 3799927
0.071289062500000 3800036
0.068908691406250 3800000
0.000000000000000 3800000
0.068969726562500 3800000
0.071105957031250 3800036
0.068725585937500 3799963
0.070739746093750 3800000
0.070312500000000 3800000
0.069458007812500 3799963
0.070434570312500 3800036
0.067687988281250 3799963
0.070800781250000 3800000
0.067260742187500 3800036
0.069580078125000 3799963
0.000000000000000 3800000
0.071594238281250 3800036
0.067810058593750 3800000
0.068420410156250 3799927
0.068481445312500 3800072
0.070678710937500 3799927
0.068359375000000 3800072
0.067687988281250 3800000
0.070678710937500 3800000
0.069335937500000 3799963
0.065185546875000 3800036
0.070373535156250 3800000
0.060058593750000 3800000
0.070007324218750 3800036
0.061462402343750 3799963
0.061462402343750 3800000
0.070007324218750 3800000
0.067626953125000 3800000
0.000000000000000 3800000
0.070068359375000 3800000
0.068786621093750 3800000
0.071655273437500 3799963
0.070251464843750 3800036
0.068298339843750 3800000
0.068237304687500 3800000
0.071228027343750 3800000
0.071166992187500 3800000
0.061096191406250 3800000
0.070190429687500 3800000
0.072265625000000 3800000
0.069335937500000 3800000
0.000000000000000 3800000
0.068054199218750 3800000
0.067016601562500 3800000
0.068847656250000 3800000
0.072448730468750 3800000
0.069641113281250 3800000
0.071716308593750 3800000
0.068603515625000 3800036
0.071899414062500 3799891
0.068298339843750 3800072
0.069824218750000 3800000
0.069030761718750 3800000
0.067199707031250 3800000
0.000000000000000 3799963
0.071044921875000 3800036
0.068237304687500 3800000
0.073120117187500 3800000
0.068603515625000 3800000
0.070373535156250 3800000
0.069274902343750 3800000
0.067993164062500 3800000
0.069396972656250 3800000
0.071044921875000 3800000
0.069885253906250 3800000
0.069580078125000 3800000
0.000000000000000 3800000
0.071533203125000 3800000
0.070373535156250 3800000
0.068237304687500 3799963
0.070739746093750 3799963
0.069641113281250 3800072
0.070678710937500 3800000
0.067993164062500 3800000
0.062500000000000 3800000
0.071044921875000 3800000
0.067016601562500 3800000
0.070617675781250 3800036
0.070861816406250 3799891
0.060913085937500 3800036
0.000000000000000 3800036
0.071289062500000 3799963
0.068969726562500 3800036
0.068969726562500 3800000
0.070312500000000 3799963
0.068725585937500 3800036
0.068481445312500 3800000
0.068847656250000 3800000
0.071960449218750 3800000
0.069946289062500 3799891
0.068359375000000 3800108
0.067382812500000 3800000
0.069213867187500 3800000
0.000000000000000 3800000
0.069396972656250 3799963
0.071472167968750 3800036
0.068969726562500 3800000
0.070251464843750 3800000
0.071960449218750 3800000
0.066345214843750 3800000
0.068603515625000 3800000
0.067749023437500 3800000
0.069213867187500 3800000
0.061523437500000 3800000
0.069824218750000 3800036
0.068359375000000 3799891
0.000000000000000 3800072
0.071228027343750 3799963
0.070861816406250 3800036
0.069213867187500 3800000
0.069274902343750 3800000
0.067321777343750 3800000
0.069335937500000 3800000
0.072448730468750 3800000
0.069152832031250 3800036
0.067932128906250 3799963
0.068725585937500 3800000
0.070434570312500 3800000
0.066955566406250 3800000
0.000000000000000 3799963
0.068603515625000 3800036
0.067565917968750 3800000
0.069702148437500 3800000
0.071166992187500 3799963
0.067932128906250 3800036
0.071655273437500 3800000
0.069030761718750 3800000
0.070251464843750 3799963
0.068603515625000 3800036
0.071838378906250 3800000
0.070617675781250 3800000
0.000000000000000 3800000
0.068176269531250 3800000
0.071411132812500 3800000
0.070556640625000 3799963
0.069274902343750 3800036
0.071411132812500 3799963
0.069458007812500 3800036
0.070617675781250 3800000
0.068420410156250 3800000
0.069763183593750 3800000
0.068786621093750 3800000
0.070434570312500 3800000
0.000000000000000 3800000
0.069946289062500 3799963
0.070007324218750 3800036
0.070251464843750 3799963
0.070495605468750 3800036
0.069030761718750 3799963
0.067260742187500 3800036
0.069335937500000 3800000
0.068237304687500 3800000
0.068237304687500 3800036
0.069641113281250 3799963
0.069519042968750 3800000
0.000000000000000 3800000
0.069824218750000 3800000
0.069946289062500 3800000
0.069580078125000 3799927
0.070861816406250 3800072
0.067016601562500 3800000
0.069274902343750 3800000
0.070007324218750 3800000
0.068908691406250 3800036
0.067565917968750 3799963
0.069580078125000 3800000
0.071716308593750 3800000
0.067810058593750 3800000
0.000000000000000 3800000
0.069580078125000 3800000
0.069641113281250 3800000
0.069763183593750 3800000
0.070434570312500 3800000
0.068176269531250 3800000
0.069763183593750 3800000
0.067810058593750 3799963
0.061523437500000 3800036
0.067565917968750 3799963
0.060668945312500 3799963
0.068176269531250 3800072
0.068847656250000 3799963
0.071411132812500 3800036
0.069152832031250 3800000
0.070312500000000 3800000
0.000000000000000 3800000
0.067993164062500 3800000
0.072265625000000 3800036
0.069213867187500 3799891
0.068786621093750 3800072
0.067993164062500 3800000
0.070068359375000 3800000
0.070739746093750 3800000
0.069885253906250 3800000
0.068786621093750 3800000
0.067810058593750 3800000
0.068847656250000 3800036
0.067687988281250 3799963
0.068603515625000 3800000
0.000000000000000 3800000
0.069885253906250 3800000
0.068237304687500 3800000
0.069030761718750 3799963
0.067016601562500 3800036
0.070312500000000 3800036
0.069885253906250 3799963
0.072204589843750 3800000
0.070373535156250 3800036
0.069885253906250 3799963
0.060180664062500 3799927
0.067016601562500 3800036
0.070190429687500 3800036
0.066711425781250 3800000
0.000000000000000 3800000
0.068176269531250 3800000
0.067199707031250 3800000
0.068847656250000 3800000
0.071105957031250 3800000
0.068115234375000 3800000
0.067993164062500 3800000
0.069152832031250 3800000
0.060546875000000 3800000
0.067871093750000 3800000
0.071166992187500 3800000
0.068664550781250 3799963
0.069458007812500 3800036
0.070434570312500 3800000
0.000000000000000 3800000
0.070251464843750 3800000
0.070312500000000 3800036
0.068603515625000 3799963
0.069641113281250 3800000
0.071594238281250 3800000
0.067504882812500 3800000
0.070312500000000 3800000
0.069458007812500 3800000
0.069274902343750 3800000
0.066284179687500 3800000
0.069091796875000 3800000
0.068420410156250 3800000
0.000000000000000 3799927
0.071044921875000 3800072
0.069274902343750 3800000
0.067993164062500 3799963
0.067932128906250 3800036
0.068664550781250 3800000
0.070190429687500 3800000
0.068542480468750 3800000
0.070129394531250 3800000
0.068481445312500 3800000
0.069580078125000 3800000
0.069030761718750 3800000
0.067199707031250 3800000
0.000000000000000 3799927
0.068603515625000 3800072
0.069152832031250 3800000
0.069824218750000 3799963
0.071533203125000 3800072
0.067504882812500 3799963
0.069763183593750 3800000
0.069091796875000 3800036
0.069641113281250 3799963
0.067077636718750 3800000
0.072143554687500 3800000
0.071899414062500 3800000
0.000000000000000 3800000
0.070800781250000 3800000
0.071105957031250 3799927
0.069335937500000 3800072
0.061523437500000 3800000
0.068908691406250 3800000
0.071350097656250 3800000
0.069702148437500 3800000
0.067321777343750 3800000
0.068542480468750 3800000
0.070983886718750 3800000
0.070861816406250 3799891
0.069458007812500 3800108
0.000000000000000 3800000
0.071105957031250 3800000
0.070190429687500 3800000
0.067565917968750 3800036
0.068908691406250 3799963
0.067443847656250 3800000
0.071166992187500 3800000
0.069213867187500 3800000
0.069152832031250 3800000
0.069519042968750 3800036
0.069458007812500 3799963
0.061218261718750 3800000
0.069763183593750 3800000
0.069702148437500 3800000
0.069152832031250 3800000
0.000000000000000 3800000
0.071960449218750 3799963
0.061462402343750 3800036
0.068420410156250 3800000
0.069152832031250 3800000
0.067016601562500 3800000
0.070617675781250 3800000
0.067016601562500 3800000
0.069702148437500 3800000
0.066284179687500 3800036
0.061706542968750 3799963
0.071716308593750 3800000
0.068908691406250 3800000
0.068664550781250 3800000
0.069458007812500 3800000
0.000000000000000 3800000
0.070373535156250 3800000
0.066894531250000 3800000
0.068176269531250 3800000
0.071044921875000 3800000
0.066894531250000 3800000
0.070068359375000 3800000
0.067565917968750 3800000
0.070251464843750 3800000
0.068725585937500 3800000
0.062622070312500 3800000
0.069458007812500 3800000
0.072021484375000 3800000
0.069091796875000 3800000
0.067504882812500 3800000
0.000000000000000 3800000
0.071105957031250 3799963
0.068054199218750 3800036
0.069519042968750 3800000
0.067321777343750 3800036
0.072753906250000 3799963
0.061523437500000 3799963
0.067077636718750 3800036
0.061340332031250 3800000
0.069763183593750 3800000
0.068908691406250 3800000
0.067443847656250 3800000
0.072143554687500 3800000
0.069152832031250 3800000
0.069763183593750 3800000
0.000000000000000 3799963
0.072143554687500 3800036
0.068420410156250 3800000
0.071533203125000 3800000
0.068298339843750 3800000
0.070434570312500 3800000
0.069091796875000 3800036
0.067871093750000 3799963
0.061462402343750 3800000
0.067565917968750 3800036
0.070739746093750 3799963
0.067565917968750 3800000
0.070007324218750 3800000
0.067382812500000 3800000
0.070129394531250 3800000
0.000000000000000 3800000
0.071350097656250 3800000
0.065795898437500 3799963
0.070800781250000 3800036
0.069091796875000 3800000
0.071411132812500 3800000
0.067626953125000 3800000
0.069946289062500 3800000
0.138366699218750 3799969
0.069396972656250 3800072
0.069213867187500 3800000
0.068847656250000 3800036
0.066345214843750 3799963
0.069213867187500 3799963
0.070434570312500 3800036
0.067810058593750 3800000
0.000000000000000 3800000
0.068420410156250 3799963
0.068786621093750 3800036
0.069519042968750 3800000
0.068237304687500 3800000
0.070617675781250 3800000
0.072021484375000 3800000
0.072998046875000 3800000
0.069885253906250 3800000
0.069702148437500 3800000
0.070312500000000 3800000
0.071105957031250 3800000
0.000000000000000 3800000
0.071044921875000 3800000
0.067993164062500 3800000
0.068908691406250 3800000
0.072387695312500 3800000
0.069702148437500 3800000
0.068786621093750 3799963
0.069091796875000 3800036
0.068786621093750 3800000
0.071105957031250 3800000
0.067687988281250 3800000
0.069152832031250 3800000
0.000000000000000 3800000
0.068176269531250 3800000
0.072509765625000 3800000
0.067199707031250 3800000
0.070617675781250 3799963
0.068542480468750 3800036
0.067199707031250 3800000
0.063659667968750 3800000
0.067138671875000 3800000
0.069702148437500 3800000
0.070068359375000 3800000
0.068237304687500 3972412
0.089599609375000 4000076
0.071166992187500 4000000
0.082092285156250 4000000
0.070617675781250 3999961
0.000000000000000 4000038
0.079650878906250 3999961
0.075012207031250 4000038
0.078186035156250 4000000
0.083862304687500 4000000
0.077575683593750 4000000
0.078918457031250 4000000
0.073059082031250 4000000
0.082946777343750 4000000
0.080078125000000 3999961
0.082275390625000 4000038
0.070434570312500 4000000
0.081726074218750 4000000
0.073181152343750 4000000
0.076354980468750 4000000
0.086547851562500 4000000
0.070434570312500 4000000
0.076538085937500 4000000
0.074768066406250 4000038
0.000000000000000 3999923
0.080871582031250 4000038
0.083740234375000 4000000
0.079589843750000 4000000
0.076171875000000 4000000
0.080688476562500 3999961
0.080688476562500 4000038
0.080627441406250 4000000
0.079711914062500 4000000
0.076721191406250 3999885
0.080627441406250 4000114
0.079528808593750 4000000
0.080078125000000 4000000
0.000000000000000 4000000
0.079101562500000 4000000
0.081115722656250 4000000
0.071777343750000 3999961
0.080261230468750 4000038
0.079772949218750 4000000
0.076965332031250 4000000
0.081604003906250 3999961
0.081604003906250 4000038
0.078002929687500 4000000
0.080261230468750 4000000
0.079406738281250 4000000
0.081054687500000 4000000
0.077392578125000 4000000
0.080444335937500 4000038
0.000000000000000 3999961
0.079040527343750 4000000
0.079101562500000 3999961
0.081542968750000 4000038
0.080444335937500 4000038
0.081542968750000 3999961
0.078247070312500 4000000
0.082580566406250 3999923
0.081237792968750 4000076
0.077575683593750 4000000
0.078674316406250 4000000
0.078186035156250 4000000
0.000000000000000 3999885
0.081542968750000 4000114
0.078918457031250 3999961
0.081176757812500 4000000
0.078308105468750 4000000
0.082092285156250 4000038
0.079895019531250 4000000
0.079772949218750 4000000
0.079895019531250 3999885
0.081542968750000 4000076
0.071472167968750 4000038
0.080444335937500 4000000
0.080322265625000 4000000
0.080566406250000 3999885
0.000000000000000 4000114
0.080078125000000 4000000
0.081298828125000 4000000
0.072692871093750 3999961
0.072875976562500 4000038
0.074340820312500 4000000
0.072326660156250 4000000
0.071289062500000 4000000
0.082031250000000 3999961
0.079223632812500 3999961
0.080383300781250 4000000
0.081359863281250 4000076
0.077270507812500 4000000
0.080749511718750 4000000
0.078063964843750 4000000
0.081481933593750 4000000
0.078063964843750 3999961
0.081420898437500 4000000
0.000000000000000 4000000
0.080322265625000 4000038
0.078674316406250 4000000
0.070434570312500 3999961
0.079101562500000 4000000
0.080444335937500 4000000
0.077087402343750 4000000
0.083374023437500 4000038
0.081970214843750 3999961
0.077575683593750 4000038
0.081665039062500 4000000
0.080627441406250 4000000
0.080810546875000 4000000
0.078186035156250 3999961
0.000000000000000 4000038
0.079711914062500 4000000
0.083801269531250 4000000
0.079223632812500 3999923
0.080749511718750 4000076
0.078369140625000 3999961
0.079895019531250 3970059
0.076293945312500 3800000
0.065246582031250 3800000
0.073364257812500 3799963
0.065124511718750 3800036
0.075378417968750 3800000
0.076538085937500 3800000
0.073791503906250 3799963
0.071655273437500 3800036
0.000000000000000 3800000
0.075988769531250 3800000
0.070861816406250 3800000
0.075744628906250 3799927
0.073791503906250 3800072
0.073791503906250 3800000
0.074951171875000 3800000
0.073425292968750 3800000
0.074890136718750 3800000
0.071533203125000 3800000
0.075744628906250 3800000
0.000000000000000 3800000
0.075622558593750 3800000
0.074279785156250 3800000
0.074951171875000 3800000
0.071899414062500 3800000
0.072692871093750 3800000
0.072692871093750 3800000
0.074951171875000 3799963
0.073608398437500 3800036
0.072021484375000 3800000
0.073242187500000 3800000
0.073669433593750 3799963
0.072265625000000 3800036
0.072814941406250 3800000
0.000000000000000 3800000
0.073486328125000 3800000
0.074462890625000 3800000
0.073181152343750 3800000
0.072692871093750 3800000
0.072998046875000 3800000
0.072448730468750 3800000
0.073791503906250 3800000
0.074707031250000 3800000
0.075500488281250 3800036
0.073852539062500 3799963
0.075317382812500 3799963
0.000000000000000 3800036
0.073913574218750 3800000
0.072570800781250 3800036
0.071716308593750 3799963
0.073669433593750 3800000
0.075500488281250 3799963
0.073059082031250 3800036
0.074340820312500 3799963
0.072082519531250 3800036
0.074707031250000 3800000
0.071105957031250 3800000
0.073669433593750 3800000
0.075988769531250 3800000
0.070800781250000 3800000
0.000000000000000 3800000
0.075561523437500 3800000
0.071899414062500 3799963
0.074035644531250 3800036
0.072753906250000 3800036
0.074523925781250 3799891
0.073791503906250 3800072
0.073059082031250 3800036
0.073608398437500 3799963
0.070312500000000 3800000
0.065124511718750 3800000
0.071899414062500 3800000
0.072631835937500 3800000
0.074707031250000 3800000
0.000000000000000 3800000
0.076477050781250 3799963
0.073913574218750 3800036
0.073242187500000 3800000
0.075378417968750 3800000
0.073425292968750 3800000
0.074157714843750 3800000
0.074829101562500 3799963
0.074829101562500 3800000
0.074462890625000 3800036
0.074707031250000 3800000
0.073730468750000 3800000
0.000000000000000 3799963
0.073059082031250 3800036
0.075073242187500 3800000
0.077392578125000 3800000
0.073181152343750 3800000
0.065063476562500 3800000
0.073669433593750 3799963
0.073608398437500 3800036
0.073547363281250 3800000
0.073059082031250 3800000
0.072937011718750 3800000
0.075073242187500 3800000
0.072875976562500 3800000
0.000000000000000 3800000
0.074462890625000 3800000
0.073303222656250 3800000
0.072204589843750 3800000
0.073669433593750 3800000
0.074951171875000 3800000
0.073059082031250 3800000
0.077636718750000 3800000
0.072631835937500 3800000
0.074645996093750 3800000
0.075683593750000 3800000
0.075012207031250 3800036
0.000000000000000 3799963
0.075622558593750 3800000
0.072143554687500 3800036
0.073791503906250 3799963
0.073852539062500 3800000
0.072387695312500 3800000
0.072387695312500 3800000
0.073181152343750 3800000
0.076416015625000 3800000
0.074035644531250 3800000
0.076477050781250 3800000
0.074279785156250 3800000
0.000000000000000 3800036
0.076171875000000 3799891
0.071044921875000 3800108
0.064697265625000 3800000
0.071899414062500 3799963
0.073547363281250 3800000
0.076232910156250 3800000
0.073669433593750 3800000
0.073425292968750 3800000
0.071716308593750 3800000
0.074645996093750 3800000
0.070983886718750 3800000
0.074462890625000 3800000
0.073242187500000 3799963
0.072143554687500 3800036
0.066162109375000 3800000
0.000000000000000 3800000
0.073486328125000 3800000
0.073852539062500 3800000
0.072692871093750 3800000
0.073791503906250 3800036
0.074768066406250 3799963
0.071655273437500 3800000
0.065002441406250 3800036
0.072692871093750 3799963
0.073669433593750 3800000
0.073669433593750 3800000
0.072998046875000 3800000
0.071105957031250 3800000
0.075195312500000 3800000
0.074890136718750 3800000
0.000000000000000 3800000
0.072692871093750 3800036
0.073059082031250 3799963
0.073974609375000 3800000
0.065917968750000 3800000
0.074951171875000 3800000
0.073852539062500 3799963
0.075561523437500 3800036
0.071289062500000 3800000
0.075195312500000 3799963
0.072875976562500 3800036
0.077880859375000 3800000
0.073547363281250 3800000
0.064819335937500 3799891
0.073669433593750 3800144
0.000000000000000 3799963
0.075439453125000 3800000
0.072814941406250 3800000
0.071166992187500 3800000
0.075439453125000 3799963
0.071655273437500 3800036
0.064880371093750 3800000
0.073303222656250 3800000
0.075988769531250 3800000
0.074645996093750 3800000
0.071166992187500 3800000
0.075439453125000 3800000
0.070617675781250 3799963
0.073913574218750 3800036
0.071777343750000 3799963
0.000000000000000 3800036
0.073303222656250 3800000
0.074157714843750 3799963
0.073791503906250 3800000
0.072387695312500 3800036
0.072265625000000 3800000
0.074707031250000 3800000
0.070495605468750 3800000
0.074584960937500 3800000
0.073059082031250 3800000
0.074462890625000 3800000
0.074218750000000 3800000
0.075378417968750 3800000
0.000000000000000 3800000
0.074279785156250 3800000
0.072753906250000 3800000
0.072387695312500 3800000
0.074401855468750 3800000
0.073913574218750 3799963
0.072692871093750 3800036
0.075622558593750 3799963
0.073364257812500 3796384
0.073547363281250 3803655
0.073852539062500 3800000
0.074890136718750 3800000
0.000000000000000 3799963
0.073608398437500 3800036
0.074035644531250 3800000
0.073303222656250 3800000
0.074340820312500 3799963
0.070800781250000 3800036
0.075195312500000 3800000
0.076599121093750 3800000
0.073120117187500 3800000
0.074340820312500 3800000
0.071289062500000 3800000
0.073608398437500 3800000
0.072021484375000 3800000
0.000000000000000 3799963
0.075439453125000 3800036
0.074707031250000 3799963
0.070129394531250 3800036
0.075256347656250 3800036
0.073303222656250 3799963
0.072143554687500 3800000
0.071289062500000 3800000
0.073852539062500 3800000
0.074584960937500 3800000
0.076416015625000 3800000
0.074523925781250 3800000
0.073181152343750 3800000
0.000000000000000 3800000
0.074035644531250 3800000
0.072509765625000 3800000
0.074645996093750 3800000
0.074279785156250 3800000
0.074768066406250 3799963
0.074157714843750 3800036
0.074279785156250 3800000
0.074096679687500 3799927
0.072021484375000 3800072
0.074951171875000 3800000
0.072814941406250 3800000
0.000000000000000 3800000
0.073730468750000 3800000
0.073242187500000 3800000
0.073059082031250 3800000
0.074707031250000 3800000
0.072753906250000 3799963
0.073669433593750 3800036
0.073486328125000 3800000
0.075439453125000 3799963
0.065185546875000 3800036
0.072814941406250 3800000
0.075195312500000 3800000
0.074707031250000 3800000
0.065185546875000 3800000
0.071350097656250 3800000
0.074340820312500 3800000
0.000000000000000 3800000
0.075317382812500 3800000
0.075439453125000 3800036
0.073364257812500 3799963
0.072692871093750 3800000
0.074890136718750 3800000
0.073181152343750 3800000
0.064758300781250 3800000
0.072143554687500 3800000
0.074340820312500 3799927
0.073669433593750 3800072
0.072875976562500 3800000
0.074707031250000 3800000
0.072265625000000 3800000
0.000000000000000 3800000
0.072937011718750 3800000
0.072692871093750 3800000
0.076171875000000 3800000
0.073425292968750 3797685
0.071777343750000 3802316
0.074707031250000 3799963
0.074584960937500 3800000
0.072692871093750 3800000
0.073059082031250 3800036
0.069641113281250 3800000
0.000000000000000 3799927
0.071105957031250 3800072
0.070922851562500 3800000
0.070617675781250 3800000
0.067443847656250 3799963
0.069641113281250 3800036
0.073852539062500 3800000
0.069030761718750 3799963
0.069335937500000 3800036
0.067321777343750 3800000
0.069519042968750 3800000
0.068969726562500 3800000
0.000000000000000 3800000
0.069702148437500 3799963
0.071716308593750 3800036
0.068420410156250 3800000
0.070617675781250 3800000
0.067016601562500 3800000
0.069580078125000 3800000
0.068603515625000 3800000
0.069030761718750 3800000
0.071411132812500 3800000
0.068969726562500 3800000
0.070129394531250 3800000
0.067443847656250 3800000
0.000000000000000 3800036
0.070129394531250 3799963
0.068542480468750 3799963
0.071105957031250 3800036
0.070678710937500 3800036
0.068420410156250 3799963
0.070068359375000 3800000
0.068847656250000 3799927
0.069702148437500 3800072
0.068603515625000 3800000
0.071899414062500 3800000
0.068420410156250 3800036
0.067138671875000 3799963
0.000000000000000 3800000
0.071044921875000 3800000
0.067810058593750 3800000
0.070861816406250 3800000
0.068908691406250 3800000
0.071289062500000 3800000
0.070983886718750 3800000
0.069458007812500 3800000
0.070983886718750 3800000
0.067749023437500 3800000
0.070007324218750 3800000
0.000000000000000 3800000
0.069702148437500 3799963
0.070068359375000 3800036
0.070068359375000 3799963
0.070922851562500 3800036
0.071594238281250 3800000
0.070922851562500 3799963
0.068298339843750 3800036
0.068481445312500 3799963
0.070373535156250 3800000
0.069702148437500 3800036
0.069519042968750 3800000
0.000000000000000 3800000
0.071838378906250 3800000
0.068298339843750 3800000
0.069091796875000 3800036
0.071899414062500 3799963
0.068847656250000 3800000
0.068420410156250 3800000
0.067993164062500 3800000
0.068969726562500 3800000
0.071594238281250 3800000
0.071166992187500 3799963
0.069580078125000 3800036
0.000000000000000 3800000
0.128906250000000 3800036
0.000000000000000 3799963
0.068359375000000 3800000
0.070312500000000 3800000
0.067871093750000 3799963
0.070251464843750 3800036
0.069030761718750 3800000
0.068176269531250 3799963
0.070129394531250 3800036
0.067749023437500 3800000
0.070983886718750 3800000
0.067993164062500 3800000
0.070983886718750 3800000
0.069213867187500 3800000
0.061584472656250 3800000
0.000000000000000 3800000
0.072265625000000 3800000
0.070434570312500 3800000
0.068298339843750 3799927
0.068237304687500 3800072
0.070800781250000 3800000
0.067443847656250 3800000
0.071044921875000 3799927
0.069274902343750 3800036
0.069580078125000 3800036
0.071350097656250 3800000
0.067138671875000 3800000
0.069091796875000 3800000
0.000000000000000 3800000
0.067749023437500 3800000
0.072937011718750 3800000
0.069213867187500 3800000
0.068847656250000 3800000
0.069030761718750 3799963
0.068542480468750 3800036
0.062683105468750 3800000
0.066955566406250 3800000
0.069274902343750 3800036
0.068420410156250 3799963
0.070800781250000 3800000
0.061523437500000 3800036
0.069519042968750 3799963
0.071166992187500 3800000
0.000000000000000 3800000
0.067871093750000 3800000
0.069274902343750 3800000
0.067749023437500 3800000
0.069641113281250 3799963
0.074218750000000 3800036
0.068359375000000 3800000
0.061340332031250 3800000
0.069580078125000 3800000
0.071044921875000 3800036
0.069885253906250 3799963
0.071228027343750 3800000
0.071411132812500 3800000
0.000000000000000 3800000
0.069641113281250 3800000
0.068969726562500 3800000
0.067687988281250 3800000
0.062561035156250 3800000
0.067321777343750 3799963
0.070617675781250 3799963
0.069458007812500 3800072
0.071899414062500 3800000
0.071472167968750 3800000
0.067443847656250 3800000
0.070251464843750 3800000
0.066772460937500 3800000
0.068908691406250 3800000
0.000000000000000 3800000
0.070495605468750 3800000
0.070861816406250 3799963
0.069763183593750 3800036
0.070556640625000 3800000
0.069580078125000 3800000
0.067199707031250 3800000
0.071838378906250 3800000
0.067138671875000 3800000
0.061096191406250 3800000
0.072143554687500 3800000
0.069824218750000 3800000
0.069763183593750 3800000
0.000000000000000 3800000
0.069274902343750 3800000
0.068237304687500 3800000
0.067626953125000 3800000
0.068847656250000 3800000
0.071228027343750 3800000
0.071777343750000 3800000
0.071166992187500 3799891
0.067138671875000 3800108
0.068969726562500 3800000
0.068969726562500 3800000
0.070190429687500 3800000
0.069702148437500 3800000
0.000000000000000 3800000
0.069274902343750 3800000
0.070434570312500 3800000
0.070190429687500 3800000
0.070556640625000 3799963
0.067810058593750 3800036
0.068603515625000 3799963
0.061645507812500 3800036
0.068115234375000 3800000
0.069396972656250 3800000
0.067626953125000 3800000
0.069274902343750 3800000
0.070068359375000 3800000
0.068237304687500 3799927
0.000000000000000 3800036
0.071228027343750 3800036
0.070312500000000 3800000
0.061035156250000 3799963
0.068420410156250 3800072
0.068176269531250 3799963
0.068725585937500 3800000
0.070800781250000 3800000
0.069458007812500 3800000
0.070007324218750 3800000
0.071044921875000 3799963
0.067321777343750 3800036
0.070556640625000 3799963
0.068603515625000 3800000
0.067260742187500 3800036
0.000000000000000 3800000
0.067871093750000 3800000
0.072265625000000 3800000
0.069458007812500 3800000
0.069030761718750 3800036
0.069335937500000 3799963
0.209106445312500 3799990
0.070983886718750 3800036
0.069580078125000 3800036
0.067260742187500 3799927
0.071350097656250 3800036
0.070007324218750 3800000
0.069580078125000 3800000
0.067321777343750 3800000
0.072570800781250 3800000
0.070678710937500 3800000
0.067016601562500 3800000
0.000000000000000 3800000
0.070739746093750 3800000
0.068237304687500 3800000
0.070190429687500 3800000
0.068298339843750 3800000
0.068908691406250 3800000
0.070617675781250 3800000
0.069152832031250 3800000
0.070434570312500 3799963
0.069580078125000 3800072
0.069152832031250 3799963
0.067749023437500 3800000
0.071044921875000 3800000
0.000000000000000 3800000
0.070556640625000 3800000
0.068725585937500 3800000
0.068603515625000 3800000
0.068725585937500 3800000
0.069824218750000 3799927
0.067138671875000 3800072
0.069335937500000 3800000
0.070251464843750 3800000
0.069763183593750 3800000
0.069274902343750 3799963
0.070068359375000 3800072
0.069458007812500 3799927
0.000000000000000 3800036
0.068603515625000 3800000
0.069702148437500 3800000
0.069824218750000 3800000
0.068786621093750 3800000
0.069274902343750 3800000
0.070434570312500 3800000
0.068969726562500 3800000
0.067199707031250 3800000
0.067932128906250 3800000
0.062377929687500 3800000
0.067382812500000 3800000
0.070983886718750 3800000
0.067993164062500 3799963
0.000000000000000 3800036
0.071044921875000 3800000
0.068420410156250 3800000
0.069641113281250 3800000
0.069396972656250 3800000
0.066894531250000 3800000
0.068908691406250 3800000
0.069519042968750 3800000
0.070312500000000 3800000
0.069030761718750 3799963
0.067810058593750 3800036
0.071472167968750 3800000
0.068054199218750 3800000
0.068908691406250 3800000
0.000000000000000 3800000
0.067504882812500 3800000
0.072326660156250 3800000
0.067443847656250 3800000
0.069274902343750 3800000
0.071166992187500 3800000
0.069030761718750 3800000
0.070312500000000 3800000
0.067993164062500 3800000
0.069702148437500 3800036
0.069152832031250 3799963
0.068847656250000 3800000
0.068115234375000 3799963
0.000000000000000 3800072
0.070556640625000 3799963
0.069885253906250 3800000
0.067321777343750 3800000
0.062011718750000 3800036
0.068298339843750 3799963
0.068115234375000 3800000
0.068115234375000 3800000
0.071289062500000 3800000
0.068908691406250 3800000
0.067932128906250 3800000
0.069519042968750 3800036
0.067321777343750 3799963
0.070678710937500 3799963
0.068908691406250 3800036
0.000000000000000 3800000
0.069152832031250 3800000
0.070373535156250 3800000
0.067626953125000 3800000
0.068664550781250 3800000
0.068115234375000 3800000
0.069335937500000 3800000
0.068603515625000 3800036
0.070739746093750 3799963
0.070007324218750 3800000
0.068054199218750 3799963
0.069335937500000 3800036
0.069458007812500 3800000
0.000000000000000 3800000
0.068725585937500 3800000
0.066650390625000 3800036
0.069335937500000 3799963
0.066589355468750 3800000
0.061706542968750 3800000
0.072143554687500 3799963
0.069396972656250 3800000
0.070373535156250 3800000
0.069396972656250 3800036
0.069030761718750 3799927
0.067932128906250 3800072
0.069885253906250 3800036
0.069519042968750 3799927
0.000000000000000 3799963
0.069152832031250 3800036
0.069152832031250 3800036
0.067626953125000 3800000
0.071166992187500 3800000
0.069335937500000 3800036
0.070068359375000 3799963
0.067382812500000 3800000
0.070129394531250 3800000
0.067810058593750 3800000
0.070251464843750 3800000
0.069824218750000 3800000
0.067138671875000 3800000
0.000000000000000 3797504
0.070190429687500 3802497
0.070983886718750 3800000
0.068725585937500 3799963
0.068481445312500 3800000
0.067993164062500 3800036
0.070861816406250 3800000
0.068298339843750 3800000
0.072509765625000 3800036
0.068481445312500 3799963
0.068298339843750 3800000
0.072570800781250 3800000
0.067321777343750 3800000
0.000000000000000 3800000
0.069824218750000 3800000
0.067932128906250 3799963
0.068786621093750 3800036
0.072143554687500 3800000
0.068054199218750 3800000
0.068908691406250 3800000
0.068420410156250 3800000
0.071411132812500 3800000
0.069335937500000 3799963
0.070983886718750 3800036
0.068725585937500 3800000
0.000000000000000 3799963
0.068725585937500 3800036
0.070739746093750 3800000
0.068725585937500 3800000
0.068115234375000 3800000
0.068298339843750 3799963
0.070190429687500 3800036
0.069641113281250 3800000
0.068420410156250 3799963
0.068603515625000 3800036
0.068054199218750 3800000
0.061889648437500 3800000
0.069763183593750 3800000
0.069885253906250 3800036
0.067565917968750 3799963
0.000000000000000 3800000
0.069702148437500 3799963
0.069946289062500 3800036
0.067321777343750 3800000
0.069030761718750 3800000
0.068786621093750 3800000
0.071350097656250 3800036
0.067321777343750 3800000
0.070800781250000 3800000
0.067565917968750 3799963
0.069335937500000 3800000
0.070068359375000 3799963
0.000000000000000 3800036
0.069030761718750 3799963
0.071350097656250 3800036
0.067077636718750 3800000
0.071411132812500 3800000
0.069763183593750 3799963
0.068603515625000 3800036
0.069580078125000 3800000
0.068725585937500 3800000
0.071350097656250 3799963
0.066528320312500 3800000
0.068725585937500 3800036
0.068359375000000 3800000
0.000000000000000 3800000
0.069213867187500 3800000
0.068359375000000 3800000
0.067321777343750 3800000
0.069519042968750 3800036
0.069519042968750 3799891
0.071166992187500 3800072
0.069335937500000 3800000
0.068664550781250 3800000
0.070129394531250 3800000
0.070556640625000 3800000
0.069458007812500 3800000
0.068420410156250 3800000
0.000000000000000 3799963
0.070678710937500 3800036
0.069030761718750 3800000
0.071044921875000 3800000
0.069641113281250 3800000
0.067443847656250 3800000
0.068420410156250 3800000
0.069152832031250 3800000
0.069030761718750 3800000
0.072021484375000 3800000
0.069396972656250 3800000
0.072143554687500 3799963
0.000000000000000 3800036
0.066711425781250 3800000
0.069580078125000 3800000
0.070251464843750 3800000
0.069885253906250 3800000
0.062194824218750 3800036
0.069213867187500 3799963
0.069580078125000 3799963
0.067016601562500 3800036
0.071350097656250 3800000
0.069763183593750 3800000
0.069458007812500 3799963
0.067993164062500 3800036
0.000000000000000 3800000
0.133422851562500 3800000
0.000000000000000 3800000
0.067993164062500 3800000
0.068298339843750 3800000
0.069763183593750 3800000
0.069213867187500 3800000
0.072082519531250 3799963
0.067077636718750 3800036
0.070861816406250 3800000
0.067993164062500 3800000
0.061096191406250 3800000
0.068237304687500 3799963
0.069213867187500 3800036
0.068664550781250 3800000
0.071472167968750 3800000
0.000000000000000 3800000
0.069030761718750 3800000
0.068481445312500 3800000
0.070129394531250 3800000
0.068481445312500 3800000
0.061645507812500 3799963
0.066284179687500 3800036
0.070556640625000 3800000
0.070922851562500 3800000
0.070617675781250 3800000
0.061584472656250 3800000
0.066711425781250 3800000
0.071105957031250 3799963
0.071289062500000 3800036
0.069213867187500 3800000
0.068054199218750 3800000
0.000000000000000 3800000
0.068420410156250 3800000
0.068176269531250 3800000
0.067077636718750 3799963
0.070190429687500 3800036
0.068725585937500 3800000
0.070190429687500 3800000
0.068054199218750 3800000
0.070434570312500 3800000
0.069458007812500 3800000
0.067932128906250 3800000
0.069580078125000 3800000
0.068847656250000 3800036
0.000000000000000 3799927
0.071716308593750 3800036
0.068481445312500 3800000
0.071472167968750 3800000
0.071228027343750 3800000
0.070556640625000 3800000
0.068908691406250 3800000
0.066589355468750 3799963
0.068115234375000 3800036
0.069213867187500 3800000
0.070800781250000 3800000
0.069641113281250 3800000
0.000000000000000 3800000
0.070068359375000 3800000
0.070129394531250 3800000
0.069396972656250 3799891
0.069519042968750 3800108
0.070190429687500 3800000
0.070861816406250 3800036
0.070373535156250 3799963
0.070800781250000 3799963
0.070434570312500 3800036
0.068176269531250 3800000
0.069091796875000 3800000
0.000000000000000 3796673
0.074157714843750 3803329
0.070007324218750 3800000
0.069458007812500 3800000
0.069091796875000 3800000
0.070312500000000 3800000
0.068847656250000 3800000
0.070190429687500 3800000
0.070617675781250 3800000
0.068908691406250 3800000
0.069458007812500 3800000
0.000000000000000 3800000
0.069519042968750 3800000
0.070434570312500 3800000
0.068359375000000 3800036
0.069458007812500 3799963
0.071899414062500 3800000
0.068908691406250 3800036
0.068481445312500 3799963
0.069335937500000 3800000
0.069824218750000 3799963
0.066467285156250 3800036
0.069519042968750 3800000
0.069580078125000 3800000
0.000000000000000 3800000
0.069702148437500 3800036
0.070068359375000 3799963
0.069458007812500 3800000
0.069335937500000 3799927
0.071655273437500 3800072
0.062133789062500 3800000
0.069274902343750 3800000
0.068237304687500 3800000
0.061035156250000 3800000
0.068847656250000 3800000
0.064880371093750 3800000
0.062194824218750 3800000
0.071228027343750 3800000
0.069824218750000 3800000
0.068603515625000 3800000
0.061035156250000 3800000
0.069152832031250 3800000
0.065795898437500 3800000
0.064880371093750 3800000
0.000000000000000 3800000
0.070068359375000 3800036
0.065856933593750 3799963
0.071899414062500 3800000
0.068725585937500 3800000
0.061767578125000 3800000
0.063537597656250 3800000
0.068420410156250 3800000
0.066406250000000 3800000
0.064270019531250 3799963
0.075012207031250 3800036
0.061889648437500 3800000
0.067321777343750 3800000
0.067504882812500 3800000
0.069580078125000 3800000
0.070861816406250 3800000
0.070129394531250 3800000
0.000000000000000 3800000
0.069152832031250 3800000
0.067871093750000 3800000
0.071166992187500 3800000
0.066955566406250 3800000
0.071350097656250 3800000
0.067382812500000 3800000
0.069580078125000 3800000
0.071655273437500 3800000
0.067810058593750 3800000
0.068420410156250 3800000
0.067871093750000 3800000
0.072570800781250 3800000
0.066711425781250 3800000
0.000000000000000 3800000
0.070312500000000 3800000
0.071228027343750 3800000
0.069030761718750 3799963
0.071044921875000 3800072
0.070800781250000 3799963
0.069335937500000 3800000
0.067932128906250 3800000
0.071166992187500 3800000
0.069274902343750 3800000
0.068115234375000 3800000
0.069580078125000 3799927
0.000000000000000 3800072
0.067993164062500 3799963
0.071289062500000 3800036
0.070129394531250 3800000
0.070129394531250 3800000
0.069152832031250 3800000
0.070251464843750 3800000
0.069580078125000 3800000
0.067749023437500 3800000
0.069335937500000 3800000
0.067382812500000 3800000
0.062194824218750 3800000
0.071533203125000 3799927
0.067871093750000 3800072
0.000000000000000 3800000
0.070190429687500 3800000
0.068969726562500 3800000
0.070190429687500 3800000
0.067749023437500 3799963
0.069763183593750 3800036
0.070800781250000 3800000
0.071838378906250 3800000
0.068969726562500 3800000
0.069580078125000 3800036
0.068115234375000 3799927
0.068908691406250 3800036
0.061401367187500 3800000
0.067138671875000 3800036
0.062194824218750 3799963
0.061401367187500 3799963
0.000000000000000 3800036
0.072875976562500 3799963
0.069030761718750 3800000
0.067443847656250 3800036
0.069213867187500 3800000
0.068420410156250 3800000
0.069824218750000 3800000
0.068481445312500 3800000
0.070007324218750 3800000
0.061157226562500 3800000
0.070312500000000 3800000
0.070739746093750 3800000
0.069152832031250 3800000
0.069152832031250 3800000
0.000000000000000 3800036
0.069458007812500 3799963
0.071838378906250 3799963
0.069152832031250 3800036
0.068725585937500 3800000
0.068908691406250 3800000
0.069274902343750 3799963
0.069030761718750 3800036
0.066101074218750 3799963
0.070007324218750 3800036
0.069885253906250 3799963
0.068725585937500 3800036
0.069763183593750 3800000
0.000000000000000 3799927
0.067871093750000 3800072
0.068786621093750 3800036
0.069335937500000 3799963
0.069030761718750 3800000
0.070190429687500 3800000
0.068725585937500 3800000
0.069885253906250 3800000
0.070861816406250 3799963
0.069091796875000 3800036
0.067565917968750 3800000
0.069519042968750 3800000
0.072021484375000 3799927
0.000000000000000 3800072
0.068359375000000 3800000
0.069091796875000 3800000
0.067871093750000 3800000
0.069335937500000 3800000
0.069396972656250 3800000
0.069030761718750 3800000
0.069702148437500 3800000
0.069335937500000 3800000
0.070434570312500 3800036
0.067810058593750 3799963
0.069946289062500 3799963
0.069030761718750 3800036
0.000000000000000 3799927
0.070617675781250 3799891
0.071166992187500 3800180
0.067626953125000 3800000
0.069152832031250 3800000
0.067565917968750 3800000
0.070129394531250 3800000
0.069091796875000 3800000
0.069213867187500 3800000
0.070312500000000 3800000
0.068725585937500 3799963
0.070007324218750 3800036
0.000000000000000 3800000
0.068725585937500 3799963
0.069274902343750 3800036
0.067565917968750 3800000
0.062561035156250 3800000
0.069946289062500 3800000
0.071533203125000 3800000
0.068603515625000 3800000
0.068481445312500 3800000
0.071228027343750 3800000
0.068481445312500 3800000
0.061523437500000 3800000
0.066894531250000 3799963
0.072570800781250 3800036
0.068847656250000 3800000
0.000000000000000 3800000
0.070617675781250 3800000
0.068359375000000 3800000
0.067993164062500 3800000
0.070312500000000 3799927
0.067443847656250 3800072
0.069335937500000 3800000
0.070861816406250 3800000
0.069396972656250 3799927
0.070373535156250 3800036
0.069152832031250 3800036
0.068237304687500 3800000
0.070129394531250 3800000
0.000000000000000 3800000
0.069335937500000 3800000
0.069580078125000 3800000
0.067993164062500 3800000
0.069030761718750 3800000
0.071228027343750 3800000
0.069641113281250 3800000
0.067199707031250 3800000
0.069519042968750 3800036
0.071289062500000 3799963
0.069213867187500 3800000
0.070129394531250 3800000
0.068115234375000 3800000
0.000000000000000 3800000
0.069091796875000 3800000
0.061401367187500 3800000
0.068969726562500 3800000
0.070373535156250 3800000
0.068481445312500 3799963
0.070983886718750 3800036
0.069274902343750 3800000
0.069396972656250 3799963
0.068664550781250 3800036
0.070129394531250 3800036
0.072265625000000 3799963
0.070129394531250 3800000
0.000000000000000 3800000
0.069396972656250 3800000
0.069274902343750 3800000
0.068176269531250 3799963
0.068786621093750 3800036
0.070190429687500 3800000
0.069091796875000 3800000
0.069641113281250 3800000
0.072265625000000 3800000
0.067687988281250 3800000
0.061157226562500 3799963
0.067993164062500 3800036
0.068542480468750 3799963
0.071411132812500 3799963
0.000000000000000 3800072
0.066650390625000 3800000
0.069519042968750 3800000
0.068664550781250 3800000
0.072387695312500 3800000
0.068359375000000 3800000
0.068359375000000 3800000
0.067260742187500 3800000
0.061035156250000 3800000
0.072021484375000 3800000
0.068420410156250 3800000
0.069030761718750 3799963
0.068481445312500 3800036
0.070983886718750 3800000
0.067321777343750 3800000
0.000000000000000 3800000
0.069152832031250 3800000
0.070190429687500 3800000
0.068481445312500 3800000
0.070617675781250 3800000
0.070861816406250 3799927
0.070312500000000 3800072
0.069335937500000 3800000
0.070617675781250 3800000
0.070251464843750 3800000
0.067871093750000 3800000
0.068969726562500 3799963
0.000000000000000 3800036
0.068969726562500 3800000
0.071960449218750 3800000
0.067443847656250 3799963
0.069885253906250 3800036
0.070495605468750 3800000
0.069824218750000 3800000
0.068054199218750 3800000
0.069580078125000 3800000
0.068847656250000 3800000
0.069702148437500 3800036
0.070983886718750 3799927
0.000000000000000 3800036
0.069824218750000 3799963
0.067077636718750 3800036
0.067871093750000 3800000
0.068298339843750 3800000
0.070495605468750 3800000
0.071289062500000 3800000
0.069213867187500 3800000
0.068176269531250 3800036
0.068542480468750 3799963
0.071044921875000 3800000
0.067626953125000 3800000
0.068786621093750 3800000
0.000000000000000 3800000
0.070129394531250 3800000
0.070129394531250 3799963
0.070678710937500 3800036
0.067565917968750 3800000
0.069213867187500 3800000
0.069030761718750 3800000
0.069580078125000 3800000
0.068847656250000 3800000
0.070434570312500 3800000
0.070556640625000 3800000
0.066894531250000 3800000
0.069580078125000 3800000
0.000000000000000 3800000
0.067382812500000 3800000
0.070983886718750 3799963
0.071472167968750 3800036
0.069641113281250 3800000
0.071228027343750 3800000
0.066467285156250 3800000
0.071228027343750 3800000
0.069030761718750 3800036
0.069274902343750 3799963
0.069274902343750 3800000
0.070556640625000 3800000
0.062377929687500 3800000
0.000000000000000 3800000
0.069641113281250 3800000
0.069641113281250 3800000
0.067260742187500 3800000
0.071105957031250 3799963
0.068054199218750 3800072
0.068908691406250 3800000
0.070861816406250 3799963
0.067138671875000 3799963
0.070617675781250 3800036
0.068115234375000 3799963
0.069702148437500 3800036
0.067932128906250 3800000
0.062438964843750 3800000
0.000000000000000 3800000
0.067565917968750 3800000
0.069702148437500 3800000
0.068664550781250 3800036
0.070190429687500 3799963
0.070251464843750 3799963
0.068969726562500 3800036
0.069458007812500 3800000
0.070312500000000 3800000
0.070312500000000 3800000
0.070983886718750 3800000
0.071289062500000 3800000
0.000000000000000 3800036
0.070434570312500 3799963
0.068115234375000 3800000
0.071472167968750 3800000
0.069519042968750 3800000
0.067749023437500 3799927
0.070617675781250 3800072
0.070190429687500 3800000
0.070068359375000 3800000
0.067932128906250 3799927
0.069702148437500 3800072
0.069763183593750 3799963
0.000000000000000 3800036
0.068359375000000 3800000
0.069152832031250 3799927
0.067260742187500 3800072
0.069152832031250 3800000
0.072143554687500 3800000
0.069152832031250 3800000
0.069885253906250 3800000
0.070312500000000 3800000
0.070556640625000 3800000
0.069580078125000 3800000
0.069702148437500 3800000
0.068725585937500 3800000
0.000000000000000 3799963
0.069152832031250 3800036
0.070922851562500 3800000
0.068664550781250 3800000
0.068847656250000 3800000
0.067993164062500 3800000
0.069885253906250 3800000
0.061645507812500 3799963
0.069885253906250 3800036
0.069885253906250 3800000
0.070068359375000 3800000
0.069641113281250 3800000
0.069458007812500 3800000
0.069519042968750 3800000
0.000000000000000 3800000
0.068420410156250 3800000
0.070739746093750 3800036
0.074401855468750 3799963
0.068298339843750 3800000
0.069885253906250 3800000
0.067199707031250 3800000
0.062194824218750 3800000
0.068176269531250 3800000
0.070373535156250 3800000
0.069519042968750 3800000
0.070190429687500 3800000
0.061462402343750 3800000
0.067810058593750 3800000
0.000000000000000 3800000
0.070434570312500 3800000
0.068664550781250 3799855
0.061889648437500 3800144
0.067260742187500 3800000
0.069152832031250 3800000
0.067687988281250 3799927
0.071899414062500 3800072
0.072143554687500 3800000
0.067871093750000 3800000
0.071655273437500 3800000
0.067565917968750 3799963
0.069091796875000 3800036
0.067993164062500 3800036
0.000000000000000 3799927
0.070922851562500 3800036
0.068542480468750 3800000
0.066040039062500 3800000
0.069396972656250 3800000
0.066955566406250 3800000
0.068115234375000 3800000
0.067810058593750 3800000
0.070007324218750 3800000
0.068237304687500 3800000
0.070556640625000 3799963
0.069641113281250 3800036
0.066772460937500 3800000
0.061401367187500 3800000
0.066711425781250 3800000
0.070129394531250 3800000
0.000000000000000 3800000
0.069519042968750 3800000
0.068481445312500 3799963
0.069335937500000 3800036
0.067260742187500 3800000
0.069763183593750 3800000
0.068664550781250 3800000
0.069763183593750 3800000
0.071777343750000 3800000
0.068847656250000 3800000
0.068176269531250 3799963
0.070922851562500 3800036
0.000000000000000 3800000
0.070312500000000 3800000
0.067199707031250 3800000
0.070800781250000 3800000
0.069824218750000 3800000
0.069580078125000 3800000
0.070068359375000 3800000
0.067687988281250 3800000
0.070922851562500 3799963
0.067932128906250 3800036
0.070922851562500 3800036
0.069396972656250 3799963
0.068298339843750 3799963
0.000000000000000 3800036
0.069763183593750 3799963
0.069274902343750 3800036
0.070007324218750 3800000
0.068847656250000 3800000
0.061401367187500 3800000
0.070373535156250 3800000
0.069030761718750 3800036
0.071777343750000 3799927
0.068359375000000 3800036
0.070861816406250 3800000
0.071716308593750 3800000
0.070678710937500 3800000
0.000000000000000 3800000
0.067626953125000 3800000
0.070678710937500 3799963
0.068847656250000 3800036
0.069091796875000 3800000
0.060607910156250 3800000
0.069335937500000 3800000
0.069091796875000 3800000
0.070312500000000 3800000
0.071289062500000 3800000
0.070007324218750 3800000
0.070312500000000 3800000
0.071594238281250 3800000
0.067565917968750 3800000
0.000000000000000 3800000
0.071655273437500 3800000
0.067138671875000 3800000
0.070434570312500 3799963
0.069580078125000 3800036
0.068725585937500 3799927
0.067687988281250 3800072
0.067871093750000 3800000
0.069396972656250 3800000
0.069580078125000 3800000
0.070373535156250 3800000
0.066589355468750 3799963
0.068237304687500 3800036
0.060668945312500 3800000
0.067810058593750 3800000
0.000000000000000 3800000
0.069885253906250 3800000
0.067565917968750 3800000
0.067687988281250 3799963
0.067138671875000 3800036
0.072631835937500 3800000
0.069702148437500 3799963
0.067932128906250 3799927
0.070312500000000 3800108
0.067687988281250 3800000
0.069519042968750 3800000
0.067443847656250 3800000
0.000000000000000 3800000
0.073425292968750 3800036
0.068481445312500 3799963
0.067749023437500 3800000
0.069213867187500 3800000
0.067687988281250 3799963
0.071166992187500 3800036
0.068725585937500 3800000
0.070800781250000 3800000
0.071350097656250 3800000
0.069030761718750 3800000
0.069091796875000 3800000
0.069030761718750 3799927
0.000000000000000 3800072
0.069519042968750 3800000
0.067687988281250 3800000
0.070495605468750 3800036
0.070068359375000 3799927
0.067565917968750 3800036
0.068847656250000 3799963
0.071044921875000 3800036
0.068542480468750 3800000
0.069274902343750 3800000
0.070678710937500 3800000
0.070251464843750 3800000
0.000000000000000 3799963
0.070495605468750 3800036
0.068847656250000 3800000
0.067321777343750 3800000
0.070190429687500 3800000
0.069335937500000 3800000
0.071228027343750 3800000
0.067382812500000 3800000
0.069396972656250 3800000
0.068481445312500 3800000
0.069396972656250 3799927
0.069702148437500 3800072
0.068847656250000 3800000
0.000000000000000 3800000
0.071044921875000 3800000
0.070617675781250 3800000
0.066772460937500 3800000
0.069091796875000 3800000
0.066833496093750 3800000
0.068786621093750 3800000
0.069152832031250 3800000
0.069885253906250 3800000
0.068847656250000 3800000
0.067810058593750 3799963
0.061767578125000 3800036
0.069091796875000 3800000
0.071716308593750 3800000
0.068420410156250 3800000
0.068664550781250 3799963
0.000000000000000 3800036
0.072143554687500 3800000
0.066711425781250 3800000
0.070922851562500 3800000
0.067932128906250 3800000
0.061523437500000 3800000
0.070312500000000 3800000
0.070861816406250 3800000
0.068359375000000 3800000
0.070617675781250 3799963
0.061157226562500 3800036
0.069030761718750 3800000
0.069335937500000 3800000
0.067626953125000 3800000
0.000000000000000 3800000
0.070861816406250 3800000
0.067932128906250 3800000
0.071044921875000 3800000
0.069213867187500 3800000
0.067749023437500 3800000
0.061584472656250 3800000
0.068969726562500 3799963
0.069030761718750 3800036
0.068603515625000 3800000
0.069458007812500 3800000
0.060302734375000 3800000
0.061096191406250 3799963
0.066650390625000 3800036
0.070007324218750 3800000
0.071228027343750 3800000
0.068481445312500 3800000
0.068908691406250 3800000
0.000000000000000 3800000
0.068054199218750 3800000
0.069091796875000 3800000
0.073730468750000 3800000
0.067871093750000 3800000
0.070678710937500 3800000
0.068115234375000 3800000
0.069824218750000 3799963
0.066833496093750 3800036
0.061218261718750 3800000
0.067504882812500 3800000
0.068786621093750 3800000
0.072692871093750 3800000
0.067993164062500 3800000
0.000000000000000 3799963
0.068176269531250 3800036
0.067260742187500 3800000
0.069458007812500 3799963
0.069152832031250 3800036
0.069335937500000 3800000
0.069702148437500 3800000
0.066528320312500 3800000
0.070678710937500 3799963
0.068115234375000 3800036
0.068908691406250 3799963
0.067626953125000 3800036
0.069274902343750 3800000
0.071411132812500 3800000
0.000000000000000 3800000
0.067993164062500 3800036
0.069702148437500 3799963
0.067993164062500 3800000
0.068908691406250 3800036
0.067321777343750 3800000
0.069335937500000 3799963
0.066589355468750 3800000
0.069946289062500 3800036
0.071411132812500 3799927
0.068054199218750 3800036
0.069763183593750 3800000
0.066589355468750 3800000
0.069580078125000 3800000
0.000000000000000 3800000
0.068786621093750 3800000
0.071655273437500 3800000
0.070434570312500 3800000
0.069396972656250 3800000
0.069763183593750 3800000
0.067626953125000 3800000
0.067260742187500 3799963
0.067749023437500 3800000
0.070373535156250 3800036
0.068908691406250 3800000
0.067626953125000 3800000
0.000000000000000 3800000
0.069641113281250 3800000
0.068298339843750 3800036
0.070129394531250 3799963
0.067871093750000 3800000
0.070800781250000 3800000
0.068359375000000 3800000
0.060485839843750 3800036
0.071289062500000 3799963
0.067626953125000 3800000
0.069885253906250 3800000
0.068420410156250 3799963
0.071044921875000 3800036
0.069152832031250 3800000
0.067443847656250 3800000
0.000000000000000 3800000
0.070312500000000 3800000
0.069946289062500 3800000
0.070556640625000 3800000
0.070007324218750 3800000
0.070129394531250 3800000
0.069824218750000 3800000
0.068664550781250 3800000
0.068664550781250 3800000
0.068054199218750 3800000
0.070434570312500 3800000
0.000000000000000 3800000
0.071838378906250 3800000
0.070373535156250 3800000
0.071411132812500 3800000
0.069274902343750 3800000
0.070800781250000 3800000
0.068786621093750 3799963
0.068969726562500 3800036
0.070434570312500 3800000
0.071105957031250 3799963
0.072875976562500 3800036
0.068115234375000 3800000
0.000000000000000 3799963
0.069763183593750 3800072
0.068298339843750 3799963
0.069763183593750 3800000
0.068298339843750 3800000
0.069335937500000 3800000
0.070739746093750 3800000
0.069824218750000 3800000
0.061767578125000 3800000
0.066345214843750 3800000
0.068786621093750 3800000
0.068359375000000 3800000
0.072937011718750 3800000
0.000000000000000 3800000
0.071289062500000 3800036
0.067993164062500 3800000
0.070190429687500 3800000
0.068542480468750 3799891
0.061157226562500 3800036
0.068237304687500 3800036
0.069641113281250 3799963
0.067138671875000 3800036
0.072631835937500 3800000
0.068847656250000 3800000
0.068298339843750 3800000
0.069335937500000 3800000
0.067871093750000 3800000
0.071533203125000 3800036
0.000000000000000 3799855
0.070739746093750 3800072
0.069702148437500 3800036
0.070007324218750 3799963
0.067687988281250 3800036
0.070129394531250 3800000
0.068054199218750 3800000
0.069519042968750 3799963
0.070312500000000 3800000
0.070800781250000 3800036
0.069641113281250 3800000
0.000000000000000 3800000
0.069396972656250 3800000
0.068847656250000 3800000
0.070129394531250 3799963
0.067138671875000 3800036
0.071166992187500 3799927
0.068298339843750 3800072
0.068847656250000 3799963
0.068542480468750 3800072
0.070373535156250 3799963
0.067260742187500 3800036
0.068969726562500 3799963
0.071044921875000 3800000
0.000000000000000 3799891
0.069091796875000 3800108
0.068847656250000 3800000
0.069885253906250 3799963
0.061218261718750 3800036
0.068969726562500 3800000
0.070190429687500 3799927
0.068847656250000 3800072
0.060119628906250 3800000
0.070251464843750 3800036
0.068359375000000 3799963
0.071105957031250 3799963
0.068786621093750 3800036
0.069824218750000 3800000
0.068054199218750 3800000
0.070190429687500 3800000
0.000000000000000 3799963
0.071166992187500 3800036
0.067687988281250 3800000
0.070922851562500 3800000
0.070495605468750 3800000
0.070739746093750 3800000
0.068847656250000 3800000
0.071228027343750 3800036
0.060913085937500 3799963
0.066833496093750 3800000
0.070129394531250 3800000
0.066894531250000 3800000
0.071716308593750 3800000
0.000000000000000 3800000
0.071472167968750 3800000
0.069458007812500 3800000
0.069091796875000 3800000
0.067749023437500 3800000
0.061523437500000 3800000
0.069641113281250 3799963
0.070129394531250 3800000
0.067687988281250 3800036
0.072509765625000 3800000
0.069519042968750 3800000
0.071044921875000 3800000
0.069152832031250 3800000
0.068298339843750 3800000
0.000000000000000 3800000
0.069885253906250 3800036
0.067749023437500 3799963
0.070007324218750 3800000
0.067871093750000 3800000
0.068969726562500 3800000
0.069946289062500 3800000
0.068054199218750 3800000
0.069885253906250 3800000
0.066711425781250 3799963
0.061767578125000 3800036
0.068115234375000 3800000
0.069274902343750 3800000
0.071838378906250 3799963
0.068664550781250 3800036
0.000000000000000 3799963
0.069824218750000 3800036
0.067626953125000 3800000
0.067932128906250 3800000
0.069030761718750 3800000
0.061950683593750 3800000
0.069335937500000 3800000
0.069824218750000 3800000
0.071533203125000 3799963
0.067138671875000 3800000
0.070434570312500 3800072
0.067993164062500 3799963
0.068420410156250 3799927
0.069519042968750 3800072
0.062194824218750 3800000
0.000000000000000 3799963
0.071411132812500 3800036
0.068420410156250 3800000
0.069152832031250 3800000
0.068176269531250 3799963
0.071655273437500 3800036
0.067199707031250 3800000
0.067504882812500 3800000
0.072021484375000 3800036
0.071411132812500 3799963
0.068725585937500 3800036
0.070129394531250 3799963
0.000000000000000 3800000
0.070983886718750 3800000
0.066955566406250 3800000
0.072509765625000 3800000
0.069946289062500 3799963
0.068115234375000 3800036
0.070373535156250 3800000
0.070068359375000 3800000
0.070617675781250 3800000
0.067565917968750 3800000
0.070983886718750 3800000
0.069274902343750 3800000
0.068725585937500 3800000
0.000000000000000 3799891
0.069396972656250 3800108
0.068725585937500 3800000
0.069946289062500 3800000
0.068176269531250 3800000
0.069885253906250 3799963
0.070617675781250 3800036
0.067565917968750 3800000
0.069519042968750 3800000
0.069641113281250 3800000
0.060913085937500 3800000
0.068786621093750 3799963
0.068481445312500 3800036
0.069763183593750 3800000
0.061096191406250 3799963
0.069030761718750 3800036
0.000000000000000 3800000
0.070007324218750 3800000
0.070617675781250 3800000
0.069396972656250 3800000
0.070556640625000 3800036
0.067260742187500 3799963
0.069274902343750 3800000
0.069274902343750 3800000
0.069335937500000 3800000
0.068725585937500 3800000
0.067260742187500 3800000
0.069885253906250 3800036
0.000000000000000 3799963
0.068969726562500 3800000
0.067687988281250 3800000
0.070617675781250 3800000
0.068603515625000 3800000
0.070800781250000 3800000
0.067443847656250 3800000
0.070617675781250 3800000
0.067077636718750 3800000
0.070983886718750 3800000
0.072204589843750 3800000
0.067871093750000 3800000
0.070007324218750 3800000
0.000000000000000 3799963
0.069458007812500 3800036
0.062683105468750 3799963
0.069213867187500 3800036
0.069458007812500 3800000
0.071472167968750 3800000
0.067016601562500 3800000
0.061889648437500 3800000
0.067321777343750 3800000
0.068969726562500 3800000
0.066772460937500 3800000
0.070861816406250 3800000
0.067199707031250 3800036
0.069580078125000 3799963
0.069763183593750 3800000
0.067321777343750 3800000
0.060913085937500 3799963
0.067810058593750 3800036
0.000000000000000 3800000
0.067993164062500 3800000
0.066833496093750 3799963
0.070678710937500 3800000
0.068908691406250 3800036
0.069885253906250 3800000
0.068847656250000 3800036
0.067626953125000 3799963
0.069335937500000 3800000
0.069213867187500 3800000
0.070312500000000 3800000
0.069396972656250 3800000
0.000000000000000 3800000
0.069152832031250 3800000
0.072631835937500 3800000
0.068176269531250 3800000
0.070556640625000 3800000
0.066650390625000 3800000
0.070251464843750 3800000
0.068481445312500 3800000
0.069763183593750 3799963
0.068725585937500 3800000
0.068481445312500 3800036
0.069702148437500 3800000
0.067016601562500 3799963
0.000000000000000 3800036
0.069396972656250 3799963
0.069152832031250 3800036
0.061950683593750 3800000
0.071044921875000 3800000
0.068054199218750 3800000
0.070556640625000 3800000
0.068054199218750 3800000
0.069152832031250 3800000
0.068054199218750 3799963
0.068908691406250 3800036
0.069519042968750 3800000
0.069824218750000 3800036
0.069580078125000 3799963
0.067199707031250 3800000
0.000000000000000 3800000
0.209106445312500 3799977
0.071777343750000 3800072
0.069091796875000 3800000
0.071594238281250 3800000
0.069885253906250 3800000
0.071044921875000 3800000
0.068054199218750 3800000
0.070434570312500 3800000
0.072021484375000 3800000
0.069091796875000 3799963
0.000000000000000 3800036
0.069946289062500 3799963
0.070007324218750 3800036
0.069519042968750 3800000
0.068725585937500 3800000
0.069030761718750 3800000
0.070434570312500 3800000
0.067626953125000 3800000
0.070190429687500 3800000
0.068908691406250 3800000
0.070373535156250 3800000
0.068115234375000 3799963
0.060913085937500 3800036
0.073913574218750 3800000
0.000000000000000 3800000
0.066589355468750 3799963
0.069519042968750 3800000
0.067138671875000 3800000
0.070739746093750 3800036
0.067871093750000 3800000
0.069458007812500 3800000
0.069702148437500 3799963
0.069702148437500 3800000
0.063293457031250 3800036
0.069641113281250 3799927
0.066589355468750 3800036
0.069641113281250 3800036
0.073547363281250 3799891
0.000000000000000 3800108
0.072265625000000 3800000
0.068298339843750 3800000
0.073181152343750 3800000
0.071777343750000 3799963
0.068176269531250 3800036
0.065185546875000 3800000
0.066284179687500 3800000
0.075378417968750 3800000
0.065246582031250 3799963
0.069335937500000 3800036
0.065246582031250 3800000
0.061035156250000 3800000
0.065307617187500 3799963
0.060668945312500 3800036
0.064636230468750 3799963
0.062988281250000 3800036
0.071044921875000 3800000
0.000000000000000 3800000
0.073730468750000 3799963
0.074523925781250 3800036
0.061828613281250 3800000
0.068969726562500 3800000
0.068298339843750 3800000
0.062622070312500 3800000
0.063354492187500 3800000
0.069885253906250 3800000
0.067260742187500 3800000
0.069152832031250 3800000
0.071105957031250 3800000
0.068359375000000 3800000
0.071289062500000 3800000
0.068237304687500 3800000
0.000000000000000 3800000
0.069641113281250 3800000
0.067321777343750 3800000
0.069580078125000 3800000
0.069946289062500 3800000
0.068725585937500 3800036
0.069946289062500 3799963
0.067626953125000 3800000
0.070495605468750 3800000
0.069274902343750 3800000
0.061645507812500 3800000
0.069702148437500 3800000
0.069458007812500 3800000
0.068725585937500 3800000
0.000000000000000 3800000
0.068908691406250 3800000
0.070434570312500 3800000
0.068725585937500 3800000
0.068481445312500 3799963
0.070190429687500 3800036
0.069030761718750 3800000
0.070556640625000 3800000
0.066711425781250 3799963
0.070312500000000 3800036
0.067138671875000 3799963
0.069152832031250 3800036
0.070983886718750 3800000
0.000000000000000 3799927
0.069335937500000 3800000
0.071899414062500 3800072
0.070678710937500 3800036
0.070129394531250 3799963
0.069030761718750 3799963
0.068786621093750 3800036
0.071777343750000 3800000
0.070312500000000 3800000
0.068542480468750 3800000
0.066589355468750 3796565
0.069458007812500 3800000
0.000000000000000 3800036
0.069335937500000 3800000
0.062072753906250 3800000
0.068115234375000 3800000
0.069335937500000 3800000
0.070556640625000 3800000
0.069885253906250 3800000
0.071716308593750 3800000
0.073669433593750 3799891
0.062561035156250 3800108
0.064758300781250 3799927
0.061828613281250 3800072
0.072509765625000 3800000
0.069030761718750 3800000
0.069458007812500 3799963
0.061645507812500 3800036
0.000000000000000 3800000
0.071411132812500 3800000
0.067138671875000 3800000
0.070190429687500 3800000
0.070922851562500 3799963
0.066833496093750 3800036
0.069091796875000 3800000
0.067565917968750 3800000
0.068969726562500 3800000
0.069335937500000 3799963
0.068969726562500 3800036
0.069091796875000 3800000
0.069946289062500 3800000
0.000000000000000 3800000
0.069702148437500 3800000
0.066833496093750 3800000
0.069885253906250 3800000
0.067016601562500 3800000
0.069702148437500 3799927
0.069335937500000 3800072
0.069763183593750 3800000
0.070190429687500 3800000
0.068359375000000 3800000
0.063598632812500 3799963
0.067932128906250 3800036
0.068725585937500 3800000
0.067932128906250 3800000
0.071472167968750 3800000
0.000000000000000 3799891
0.070861816406250 3800108
0.067932128906250 3800000
0.069335937500000 3799963
0.068176269531250 3800036
0.070251464843750 3800000
0.067932128906250 3800000
0.068969726562500 3800000
0.071166992187500 3800000
0.071166992187500 3799963
0.071289062500000 3800036
0.068725585937500 3800000
0.000000000000000 3800000
0.068725585937500 3800000
0.070190429687500 3800000
0.071838378906250 3799963
0.069030761718750 3800036
0.067321777343750 3800000
0.069519042968750 3800000
0.070739746093750 3800000
0.061218261718750 3800000
0.068725585937500 3800000
0.069458007812500 3800000
0.071289062500000 3800000
0.069763183593750 3800000
0.070556640625000 3800036
0.000000000000000 3799927
0.068298339843750 3800072
0.068054199218750 3799963
0.067871093750000 3800000
0.071044921875000 3800000
0.069763183593750 3800000
0.066894531250000 3800000
0.069091796875000 3800000
0.068542480468750 3800000
0.068420410156250 3800000
0.068847656250000 3799963
0.073059082031250 3800036
0.063049316406250 3800000
0.061950683593750 3800000
0.069824218750000 3800000
0.067626953125000 3800000
0.000000000000000 3800000
0.072204589843750 3800000
0.067565917968750 3799927
0.069091796875000 3800072
0.070556640625000 3800000
0.068847656250000 3800000
0.071105957031250 3800000
0.069885253906250 3799963
0.069274902343750 3800036
0.067871093750000 3799963
0.061035156250000 3800036
0.067871093750000 3800000
0.069885253906250 3800000
0.068176269531250 3799963
0.000000000000000 3800036
0.071411132812500 3799963
0.068908691406250 3800036
0.068908691406250 3800000
0.070556640625000 3800000
0.066772460937500 3800000
0.068420410156250 3800000
0.068420410156250 3800000
0.070434570312500 3800000
0.069763183593750 3800000
0.067504882812500 3799963
0.069091796875000 3800036
0.069030761718750 3800000
0.000000000000000 3800000
0.070190429687500 3800000
0.067749023437500 3800000
0.070434570312500 3799963
0.069213867187500 3799963
0.069396972656250 3800072
0.071472167968750 3799963
0.069152832031250 3800036
0.068481445312500 3799963
0.070800781250000 3800036
0.068298339843750 3800000
0.070922851562500 3800000
0.000000000000000 3799963
0.069152832031250 3800036
0.069702148437500 3800000
0.070190429687500 3800000
0.069580078125000 3800000
0.067993164062500 3800000
0.069763183593750 3800000
0.070495605468750 3800000
0.067260742187500 3798023
0.069152832031250 3788157
0.069519042968750 3800036
0.071533203125000 3796564
0.000000000000000 3800000
0.068725585937500 3800000
0.068298339843750 3800000
0.071411132812500 3800000
0.069274902343750 3800000
0.070068359375000 3799963
0.069396972656250 3800036
0.071228027343750 3800000
0.071899414062500 3800000
0.070800781250000 3800000
0.068603515625000 3800000
0.066711425781250 3800000
0.000000000000000 3800000
0.068603515625000 3800000
0.069641113281250 3799963
0.070129394531250 3800072
0.069702148437500 3799963
0.067687988281250 3792633
0.068298339843750 3800000
0.069885253906250 3799963
0.069458007812500 3800036
0.067810058593750 3800000
0.060974121093750 3799963
0.068298339843750 3800036
0.062316894531250 3800000
0.071044921875000 3800000
0.070983886718750 3799963
0.068725585937500 3800036
0.000000000000000 3800000
0.069702148437500 3800000
0.069580078125000 3800000
0.069885253906250 3800000
0.067993164062500 3800000
0.072204589843750 3800000
0.069274902343750 3800000
0.069091796875000 3800000
0.069030761718750 3800000
0.069702148437500 3800000
0.069274902343750 3800000
0.061340332031250 3800000
0.068603515625000 3799927
0.069213867187500 3800036
0.000000000000000 3800000
0.069213867187500 3800072
0.069641113281250 3799963
0.068298339843750 3799963
0.067993164062500 3800036
0.068725585937500 3800000
0.067993164062500 3800000
0.069030761718750 3800000
0.070983886718750 3799963
0.070617675781250 3800000
0.069458007812500 3800036
0.069152832031250 3800000
0.070434570312500 3799963
0.000000000000000 3800036
0.069946289062500 3799963
0.069152832031250 3800036
0.062683105468750 3800000
0.069091796875000 3800000
0.060913085937500 3800000
0.069152832031250 3800000
0.069641113281250 3799927
0.071044921875000 3800072
0.071044921875000 3799963
0.067626953125000 3800036
0.070190429687500 3800000
0.071533203125000 3800036
0.068298339843750 3799963
0.069091796875000 3800000
0.000000000000000 3800000
0.068176269531250 3624711
0.068908691406250 3800000
0.072937011718750 3799963
0.068908691406250 3800036
0.069885253906250 3800036
0.069152832031250 3799963
0.071960449218750 3799963
0.069702148437500 3800072
0.069274902343750 3799963
0.068847656250000 3800036
0.068359375000000 3800000
0.061462402343750 3799891
0.000000000000000 3800036
0.067565917968750 3800072
0.070922851562500 3799963
0.070495605468750 3800036
0.071838378906250 3800000
0.068542480468750 3799963
0.072875976562500 3800000
0.070678710937500 3800036
0.070007324218750 3799963
0.070983886718750 3800036
0.067138671875000 3800036
0.000000000000000 3799891
0.070800781250000 3800072
0.069335937500000 3799963
0.061157226562500 3800036
0.069030761718750 3799963
0.067993164062500 3800036
0.069274902343750 3799963
0.066284179687500 3800036
0.072814941406250 3800000
0.067993164062500 3799963
0.071960449218750 3800036
0.071044921875000 3800000
0.069335937500000 3799963
0.069580078125000 3800036
0.068969726562500 3800000
0.000000000000000 3800000
0.071044921875000 3799927
0.069213867187500 3800072
0.062133789062500 3800000
0.069213867187500 3800000
0.066589355468750 3800000
0.070129394531250 3799927
0.069763183593750 3800072
0.070068359375000 3800000
0.069091796875000 3800000
0.070495605468750 3800000
0.071411132812500 3800000
0.070800781250000 3800000
0.061340332031250 3800000
0.067077636718750 3800000
0.000000000000000 3800000
0.069213867187500 3800000
0.069458007812500 3800000
0.071594238281250 3800000
0.069030761718750 3800000
0.069519042968750 3799963
0.069274902343750 3800036
0.069030761718750 3800000
0.069702148437500 3800000
0.066955566406250 3800000
0.070434570312500 3799963
0.072875976562500 3800036
0.000000000000000 3800000
0.067382812500000 3800000
0.069946289062500 3800000
0.067260742187500 3800000
0.069091796875000 3800000
0.068298339843750 3800000
0.061523437500000 3799963
0.067199707031250 3800036
0.061096191406250 3800000
0.067932128906250 3800000
0.074645996093750 3800036
0.068176269531250 3799927
0.070068359375000 3799927
0.068359375000000 3800108
0.068908691406250 3800000
0.070068359375000 3800036
0.000000000000000 3799963
0.067382812500000 3800000
0.070251464843750 3800000
0.072448730468750 3800000
0.069152832031250 3800000
0.069335937500000 3800000
0.069458007812500 3800000
0.069152832031250 3799963
0.070190429687500 3800036
0.068359375000000 3800000
0.071533203125000 3800036
0.069335937500000 3799927
0.000000000000000 3800000
0.070861816406250 3800036
0.070556640625000 3800000
0.070434570312500 3800000
0.071166992187500 3800036
0.067749023437500 3799963
0.071105957031250 3800000
0.065856933593750 3800000
0.070007324218750 3800000
0.067871093750000 3800000
0.070190429687500 3800000
0.071105957031250 3800000
0.000000000000000 3800000
0.068054199218750 3800000
0.069519042968750 3799963
0.069946289062500 3800036
0.061584472656250 3800000
0.067443847656250 3800000
0.068481445312500 3800000
0.068542480468750 3800000
0.070434570312500 3799963
0.071472167968750 3800036
0.068786621093750 3800000
0.070678710937500 3800000
0.068725585937500 3800000
0.000000000000000 3800000
0.070617675781250 3800000
0.070434570312500 3799927
0.067382812500000 3800072
0.067993164062500 3800000
0.070434570312500 3800000
0.062255859375000 3799927
0.070678710937500 3794188
0.068176269531250 3799421
0.067993164062500 3800036
0.070495605468750 3800000
0.070129394531250 3800000
0.068603515625000 3800000
0.069763183593750 3800000
0.068847656250000 3800000
0.000000000000000 3800000
0.071777343750000 3800000
0.067443847656250 3800000
0.068786621093750 3800000
0.069946289062500 3800000
0.067932128906250 3799963
0.071105957031250 3799963
0.068725585937500 3800072
0.071166992187500 3800036
0.068603515625000 3800000
0.061889648437500 3799963
0.071166992187500 3800000
0.068054199218750 3800000
0.000000000000000 3800000
0.069091796875000 3800000
0.069763183593750 3800000
0.070983886718750 3800000
0.069763183593750 3800000
0.068359375000000 3800036
0.069641113281250 3799963
0.070068359375000 3799963
0.059814453125000 3800036
0.067993164062500 3800000
0.068359375000000 3800000
0.068359375000000 3800036
0.071166992187500 3800000
0.000000000000000 3799963
0.073364257812500 3800000
0.068969726562500 3799963
0.060607910156250 3800036
0.068298339843750 3800036
0.069580078125000 3800000
0.068969726562500 3799963
0.070434570312500 3800000
0.069580078125000 3800000
0.071105957031250 3800036
0.070312500000000 3799963
0.067016601562500 3800000
0.068725585937500 3800000
0.068542480468750 3800000
0.000000000000000 3800000
0.069763183593750 3799963
0.070129394531250 3800000
0.060974121093750 3800036
0.074340820312500 3800000
0.066101074218750 3799927
0.069152832031250 3800072
0.068603515625000 3800000
0.069458007812500 3800036
0.068908691406250 3799963
0.070617675781250 3800000
0.069885253906250 3800000
0.069763183593750 3792885
0.070068359375000 3800000
0.000000000000000 3799963
0.066650390625000 3800036
0.069458007812500 3799963
0.066772460937500 3800036
0.070617675781250 3800000
0.068664550781250 3800000
0.069152832031250 3800000
0.070190429687500 3800000
0.068237304687500 3800000
0.061523437500000 3800000
0.070495605468750 3800036
0.070251464843750 3799963
0.070251464843750 3800000
0.073059082031250 3799963
0.000000000000000 3800036
0.072326660156250 3800000
0.070556640625000 3800000
0.070800781250000 3800000
0.070190429687500 3800000
0.062438964843750 3800000
0.071594238281250 3800000
0.066528320312500 3800000
0.070739746093750 3800000
0.068054199218750 3800000
0.070251464843750 3799963
0.068908691406250 3800036
0.069030761718750 3800000
0.065795898437500 3800000
0.063293457031250 3799963
0.000000000000000 3800000
0.070739746093750 3792357
0.068481445312500 3793824
0.069519042968750 3800000
0.067871093750000 3800000
0.071533203125000 3800000
0.067810058593750 3800000
0.069824218750000 3800000
0.069702148437500 3800000
0.067749023437500 3800036
0.070556640625000 3799963
0.067504882812500 3800000
0.000000000000000 3800000
0.070373535156250 3784678
0.068908691406250 3793797
0.071411132812500 3786042
0.070190429687500 3799963
0.067504882812500 3800036
0.069274902343750 3800000
0.068115234375000 3800000
0.069274902343750 3800000
0.068237304687500 3800000
0.068237304687500 3800000
0.072265625000000 3800000
0.061279296875000 3800000
0.067932128906250 3799963
0.067077636718750 3800036
0.000000000000000 3800000
0.069030761718750 3799963
0.069274902343750 3800036
0.069274902343750 3800000
0.068176269531250 3800000
0.068664550781250 3800000
0.069091796875000 3800000
0.068115234375000 3800000
0.075073242187500 3800000
0.069152832031250 3800000
0.069946289062500 3800000
0.071716308593750 3799927
0.000000000000000 3800072
0.070373535156250 3800000
0.069580078125000 3800000
0.066711425781250 3800000
0.069885253906250 3800000
0.068542480468750 3800000
0.070129394531250 3800000
0.068054199218750 3800000
0.069091796875000 3800036
0.061889648437500 3799963
0.069335937500000 3799963
0.068603515625000 3800000
0.067626953125000 3800036
0.069641113281250 3800000
0.068481445312500 3800000
0.000000000000000 3800000
0.069030761718750 3800000
0.068603515625000 3799963
0.068969726562500 3800036
0.068969726562500 3800000
0.069396972656250 3800000
0.070983886718750 3799963
0.067810058593750 3800036
0.070983886718750 3800000
0.072143554687500 3800000
0.070129394531250 3800000
0.068847656250000 3799963
0.000000000000000 3800000
0.070251464843750 3800036
0.070617675781250 3800000
0.067504882812500 3800000
0.060913085937500 3800036
0.067871093750000 3799963
0.070800781250000 3799927
0.061950683593750 3800072
0.070434570312500 3800000
0.071044921875000 3799927
0.067749023437500 3800072
0.071472167968750 3800000
0.068237304687500 3800000
0.070007324218750 3800000
0.068786621093750 3799963
0.068115234375000 3800036
0.000000000000000 3800000
0.070739746093750 3800000
0.068542480468750 3800000
0.061523437500000 3800000
0.067443847656250 3800000
0.070190429687500 3800036
0.071350097656250 3799927
0.069396972656250 3800036
0.067626953125000 3800000
0.068481445312500 3800000
0.061340332031250 3800000
0.068481445312500 3799963
0.068725585937500 3800000
0.068786621093750 3800000
0.069396972656250 3799963
0.000000000000000 3800072
0.072875976562500 3800000
0.068603515625000 3800000
0.068237304687500 3800000
0.068908691406250 3800000
0.070373535156250 3800000
0.068115234375000 3800000
0.068908691406250 3800000
0.071533203125000 3799963
0.068664550781250 3800036
0.070556640625000 3800000
0.067749023437500 3800000
0.070129394531250 3800000
0.068298339843750 3800000
0.000000000000000 3800000
0.069641113281250 3800000
0.068603515625000 3799963
0.069274902343750 3800036
0.070678710937500 3800000
0.069824218750000 3800000
0.061767578125000 3799963
0.070129394531250 3800036
0.069335937500000 3800000
0.071777343750000 3800000
0.070007324218750 3800000
0.069763183593750 3800000
0.067626953125000 3800000
0.000000000000000 3799963
0.069091796875000 3800036
0.068603515625000 3800000
0.061889648437500 3800000
0.068298339843750 3800000
0.068298339843750 3800000
0.068908691406250 3799927
0.069580078125000 3800072
0.069824218750000 3800000
0.067687988281250 3800000
0.069152832031250 3800000
0.067932128906250 3800000
0.072143554687500 3800000
0.070129394531250 3800000
0.067810058593750 3800000
0.000000000000000 3800000
0.068176269531250 3799963
0.068908691406250 3800000
0.070556640625000 3800000
0.067504882812500 3800000
0.069335937500000 3799927
0.072326660156250 3800108
0.061340332031250 3800000
0.069519042968750 3800000
0.067504882812500 3800000
0.070129394531250 3800000
0.067749023437500 3800000
0.067443847656250 3800000
0.069946289062500 3800000
0.000000000000000 3800000
0.069519042968750 3800000
0.067565917968750 3800000
0.070129394531250 3799963
0.070190429687500 3800036
0.069030761718750 3800000
0.069580078125000 3800000
0.071166992187500 3800000
0.071228027343750 3800000
0.069152832031250 3799927
0.067993164062500 3800072
0.070434570312500 3800000
0.069091796875000 3800000
0.000000000000000 3800000
0.068603515625000 3800000
0.068176269531250 3800000
0.069580078125000 3799963
0.072021484375000 3800036
0.067993164062500 3800000
0.067565917968750 3800000
0.067749023437500 3800000
0.069946289062500 3800000
0.072692871093750 3800000
0.067993164062500 3799963
0.069458007812500 3800036
0.000000000000000 3799927
0.068969726562500 3800072
0.071777343750000 3799963
0.068786621093750 3800036
0.067260742187500 3800000
0.071716308593750 3800000
0.069641113281250 3800000
0.070739746093750 3800000
0.069824218750000 3800000
0.068481445312500 3800000
0.066833496093750 3800000
0.071716308593750 3800000
0.000000000000000 3800000
0.070251464843750 3799927
0.068115234375000 3800036
0.068908691406250 3800036
0.069030761718750 3800000
0.070678710937500 3800000
0.067382812500000 3800000
0.070007324218750 3800000
0.069763183593750 3800000
0.069641113281250 3800000
0.068908691406250 3800000
0.068786621093750 3800000
0.070983886718750 3800000
0.000000000000000 3800000
0.067443847656250 3799963
0.061706542968750 3800036
0.067871093750000 3800000
0.069213867187500 3800000
0.061096191406250 3800036
0.068725585937500 3799963
0.061401367187500 3799963
0.069335937500000 3800072
0.070983886718750 3799963
0.067321777343750 3800000
0.069458007812500 3800000
0.068847656250000 3799927
0.068298339843750 3800036
0.060058593750000 3800072
0.070068359375000 3800000
0.070190429687500 3799963
0.067626953125000 3800000
0.068969726562500 3799927
0.000000000000000 3800072
0.069396972656250 3799927
0.072875976562500 3800072
0.071105957031250 3800000
0.072326660156250 3800000
0.072326660156250 3800000
0.069458007812500 3800000
0.070617675781250 3799963
0.070312500000000 3800036
0.071105957031250 3800000
0.069335937500000 3800000
0.000000000000000 3800000
0.068725585937500 3799963
0.070312500000000 3800072
0.068298339843750 3799963
0.069030761718750 3800000
0.066833496093750 3800036
0.071716308593750 3799963
0.068908691406250 3800000
0.067871093750000 3800000
0.068237304687500 3799927
0.071166992187500 3800072
0.069702148437500 3800000
0.000000000000000 3800000
0.067932128906250 3800000
0.071838378906250 3800000
0.070739746093750 3800000
0.068054199218750 3800000
0.069641113281250 3800000
0.069091796875000 3799927
0.068847656250000 3800072
0.068786621093750 3800000
0.071044921875000 3800000
0.069885253906250 3799963
0.068481445312500 3800036
0.068786621093750 3800000
0.000000000000000 3799927
0.067199707031250 3800036
0.072082519531250 3800036
0.070251464843750 3800000
0.070312500000000 3799963
0.070312500000000 3800036
0.067871093750000 3800000
0.070007324218750 3800000
0.069030761718750 3800000
0.072326660156250 3799927
0.071228027343750 3800072
0.000000000000000 3799963
0.068481445312500 3800036
0.070495605468750 3800000
0.067138671875000 3800000
0.071044921875000 3800000
0.067626953125000 3800000
0.068359375000000 3800000
0.073181152343750 3800036
0.073425292968750 3799927
0.070068359375000 3800036
0.068481445312500 3800000
0.070739746093750 3800000
0.000000000000000 3800000
0.069641113281250 3800000
0.071044921875000 3799927
0.071960449218750 3800072
0.072875976562500 3800000
0.071716308593750 3800000
0.069580078125000 3799927
0.069641113281250 3800072
0.072021484375000 3800000
0.069458007812500 3800000
0.070556640625000 3800000
0.000000000000000 3800000
0.071105957031250 3800000
0.069152832031250 3799963
0.067199707031250 3800036
0.067810058593750 3800000
0.071899414062500 3800000
0.067749023437500 3800000
0.068969726562500 3800000
0.068359375000000 3800000
0.069641113281250 3800000
0.067016601562500 3799963
0.070983886718750 3800036
0.069274902343750 3800000
0.000000000000000 3800000
0.066650390625000 3800000
0.062561035156250 3800000
0.067199707031250 3800000
0.070800781250000 3800000
0.067382812500000 3799963
0.067626953125000 3800036
0.072021484375000 3800000
0.070983886718750 3800000
0.072631835937500 3800000
0.072509765625000 3799963
0.061401367187500 3800036
0.069030761718750 3800000
0.070068359375000 3800000
0.068603515625000 3800000
0.061218261718750 3800000
0.000000000000000 3800000
0.071166992187500 3800000
0.069335937500000 3800000
0.068237304687500 3800000
0.068054199218750 3800000
0.061096191406250 3800000
0.069885253906250 3800000
0.070068359375000 3800000
0.067993164062500 3800000
0.071044921875000 3800000
0.071838378906250 3800000
0.067077636718750 3799963
0.068847656250000 3799963
0.068847656250000 3800072
0.000000000000000 3800036
0.070861816406250 3799963
0.067810058593750 3800000
0.069702148437500 3800000
0.068847656250000 3800000
0.070251464843750 3800000
0.069091796875000 3800000
0.067199707031250 3800000
0.072265625000000 3799963
0.068969726562500 3800000
0.071716308593750 3799927
0.069335937500000 3800072
0.068969726562500 3800036
0.000000000000000 3800000
0.069702148437500 3800000
0.066711425781250 3799963
0.061523437500000 3800036
0.070068359375000 3799963
0.069885253906250 3800036
0.071289062500000 3800000
0.069763183593750 3800000
0.068237304687500 3800000
0.068725585937500 3800000
0.069152832031250 3800000
0.066040039062500 3799963
0.071655273437500 3800036
0.067199707031250 3800000
0.000000000000000 3800000
0.069824218750000 3799963
0.070434570312500 3800036
0.068908691406250 3800000
0.068725585937500 3800000
0.066711425781250 3799963
0.071044921875000 3800036
0.067932128906250 3800000
0.062011718750000 3800000
0.069274902343750 3800000
0.068176269531250 3800000
0.069702148437500 3800000
0.068542480468750 3799963
0.068298339843750 3800036
0.069702148437500 3800000
0.000000000000000 3800000
0.069458007812500 3799963
0.070068359375000 3800036
0.067260742187500 3800000
0.070678710937500 3800000
0.068420410156250 3800000
0.069030761718750 3800000
0.070190429687500 3800000
0.070617675781250 3800000
0.069824218750000 3800000
0.068969726562500 3800000
0.069091796875000 3800000
0.069824218750000 3799963
0.000000000000000 3800036
0.069152832031250 3799963
0.068420410156250 3800036
0.069213867187500 3800000
0.069030761718750 3800000
0.067810058593750 3800000
0.068481445312500 3799963
0.067382812500000 3800036
0.069763183593750 3800000
0.068847656250000 3800000
0.069396972656250 3799963
0.066589355468750 3800036
0.069641113281250 3800000
0.000000000000000 3800000
0.070678710937500 3800000
0.069946289062500 3800000
0.071350097656250 3800000
0.068603515625000 3800000
0.068725585937500 3800000
0.071594238281250 3799963
0.068054199218750 3800036
0.068481445312500 3800000
0.066772460937500 3800000
0.069885253906250 3800000
0.068603515625000 3800000
0.069030761718750 3799927
0.000000000000000 3800072
0.067016601562500 3800000
0.070373535156250 3800000
0.069763183593750 3800000
0.067749023437500 3800000
0.068359375000000 3799963
0.065856933593750 3800036
0.074218750000000 3800000
0.072326660156250 3800000
0.060302734375000 3800000
0.071594238281250 3799927
0.067810058593750 3800036
0.070617675781250 3800072
0.068420410156250 3799963
0.000000000000000 3800000
0.070129394531250 3800000
0.070861816406250 3800000
0.070434570312500 3800000
0.070800781250000 3800000
0.069213867187500 3799963
0.070556640625000 3800036
0.067138671875000 3799927
0.071960449218750 3800000
0.069641113281250 3800072
0.070068359375000 3800000
0.000000000000000 3800000
0.130798339843750 3800000
0.000000000000000 3800000
0.068603515625000 3800000
0.068054199218750 3800000
0.069458007812500 3800000
0.067993164062500 3799963
0.069702148437500 3800036
0.070495605468750 3800000
0.070983886718750 3800000
0.062011718750000 3800000
0.062927246093750 3800000
0.069152832031250 3800000
0.072082519531250 3799963
0.075378417968750 3800036
0.061157226562500 3800000
0.061950683593750 3800000
0.061462402343750 3800000
0.069824218750000 3800000
0.065979003906250 3799963
0.068725585937500 3800036
0.062866210937500 3800036
0.000000000000000 3799963
0.066711425781250 3800036
0.066406250000000 3799963
0.064208984375000 3800000
0.064025878906250 3799963
0.062866210937500 3800036
0.073242187500000 3800000
0.064025878906250 3800036
0.061767578125000 3799927
0.074707031250000 3800036
0.070861816406250 3799963
0.070556640625000 3800036
0.076660156250000 3800000
0.072937011718750 3800000
0.072021484375000 3799963
0.200134277343750 3800010
0.061645507812500 3799963
0.069152832031250 3800036
0.070495605468750 3800000
0.067321777343750 3800000
0.070983886718750 3800000
0.069580078125000 3799963
0.000000000000000 3800036
0.069458007812500 3800000
0.068847656250000 3800000
0.068298339843750 3800000
0.062316894531250 3799927
0.067260742187500 3800072
0.069580078125000 3800036
0.070800781250000 3799963
0.068725585937500 3800000
0.068237304687500 3800036
0.066162109375000 3799963
0.070922851562500 3799963
0.074584960937500 3991043
0.072509765625000 4000000
0.078491210937500 4000000
0.070861816406250 4000000
0.082702636718750 3999961
0.081115722656250 4000000
0.070800781250000 4000038
0.000000000000000 4000000
0.078857421875000 4000000
0.079101562500000 3999961
0.079284667968750 4000038
0.083435058593750 3999961
0.079406738281250 4000038
0.080444335937500 4000000
0.079895019531250 4000000
0.077697753906250 4000000
0.081848144531250 3999961
0.078857421875000 4000000
0.079895019531250 4000000
0.078308105468750 4000076
0.000000000000000 3999960
0.082824707031250 4000000
0.081420898437500 4000000
0.078918457031250 4000000
0.080871582031250 3999961
0.077697753906250 4000000
0.071472167968750 4000000
0.079345703125000 4000000
0.082641601562500 4000038
0.084289550781250 4000000
0.081237792968750 4000000
0.071105957031250 4000000
0.078430175781250 4000000
0.083374023437500 4000000
0.000000000000000 3999961
0.081298828125000 4000038
0.070617675781250 4000000
0.072265625000000 4000000
0.072998046875000 4000000
0.078796386718750 4000000
0.083618164062500 4000000
0.080871582031250 4000000
0.078552246093750 4000000
0.079040527343750 4000000
0.077453613281250 3999961
0.070373535156250 4000038
0.078918457031250 4000000
0.079406738281250 4000000
0.080505371093750 4000000
0.077453613281250 4000000
0.082458496093750 3999961
0.077697753906250 3999961
0.077453613281250 4000076
0.000000000000000 4000000
0.077819824218750 3999923
0.071655273437500 4000076
0.077758789062500 4000000
0.080749511718750 4000000
0.081909179687500 4000000
0.079833984375000 4000000
0.081115722656250 4000000
0.077758789062500 3999923
0.070983886718750 4000076
0.077819824218750 4000000
0.081787109375000 4000000
0.080078125000000 4000000
0.082824707031250 4000000
0.081359863281250 3999961
0.000000000000000 4000038
0.078796386718750 4000000
0.080749511718750 4000000
0.078308105468750 3999923
0.080078125000000 4000076
0.082885742187500 4000000
0.079650878906250 4000000
0.071044921875000 4000000
0.080261230468750 4000000
0.082458496093750 4000000
0.078979492187500 3999961
0.081481933593750 4000039
0.078186035156250 4000000
0.000000000000000 4000000
0.081909179687500 4000000
0.081298828125000 4000000
0.079772949218750 4000000
0.081604003906250 3999923
0.078063964843750 4000076
0.078430175781250 4000000
0.079040527343750 3999923
0.071228027343750 4000038
0.081604003906250 4000038
0.080749511718750 4000000
0.080566406250000 4000000
0.080932617187500 4000000
0.080017089843750 3999923
0.000000000000000 4000076
0.080505371093750 3999961
0.079772949218750 4000000
0.081665039062500 3996536
0.082641601562500 4003504
0.079589843750000 3999961
0.078857421875000 4000038
0.080078125000000 4000000
0.081115722656250 4000000
0.070434570312500 4000000
0.082397460937500 4000000
0.079101562500000 4000000
0.079772949218750 4000000
0.079101562500000 4000000
0.000000000000000 3999961
0.081909179687500 4000038
0.078857421875000 3999961
0.079406738281250 4000038
0.081176757812500 4000000
0.080810546875000 4000000
0.070800781250000 3961473
0.075805664062500 3800000
0.065002441406250 3800000
0.075012207031250 3799962
0.075988769531250 3800036
0.075927734375000 3799963
0.075195312500000 3800036
0.000000000000000 3799963
0.074218750000000 3800000
0.074340820312500 3800036
0.073425292968750 3800000
0.071655273437500 3800000
0.073059082031250 3800036
0.073364257812500 3799963
0.073791503906250 3800000
0.072692871093750 3799927
0.071838378906250 3800072
0.072204589843750 3800000
0.073669433593750 3800000
0.074401855468750 3800000
0.072692871093750 3799927
0.000000000000000 3800072
0.074340820312500 3799963
0.075256347656250 3800036
0.073608398437500 3799963
0.073425292968750 3800036
0.074218750000000 3800000
0.072570800781250 3799963
0.073486328125000 3800036
0.073181152343750 3799963
0.074829101562500 3800036
0.073120117187500 3800036
0.074829101562500 3799963
0.071166992187500 3796601
0.000000000000000 3800036
0.073547363281250 3799963
0.070983886718750 3796073
0.074035644531250 3794354
0.076354980468750 3800000
0.072753906250000 3787410
0.073974609375000 3798081
0.072387695312500 3799927
0.074462890625000 3800072
0.072509765625000 3800000
0.073669433593750 3799891
0.076599121093750 3800108
0.000000000000000 3800000
0.075317382812500 3800000
0.074462890625000 3800000
0.072326660156250 3800000
0.072814941406250 3799963
0.072875976562500 3800036
0.073791503906250 3800000
0.075073242187500 3800000
0.072204589843750 3799963
0.075439453125000 3800036
0.073791503906250 3800000
0.073669433593750 3800000
0.071594238281250 3800000
0.000000000000000 3800000
0.073181152343750 3799963
0.073303222656250 3800036
0.071716308593750 3800000
0.073608398437500 3800000
0.072692871093750 3799927
0.074096679687500 3800072
0.072021484375000 3800000
0.075866699218750 3789422
0.070495605468750 3800036
0.075378417968750 3796601
0.074096679687500 3799963
0.064758300781250 3800000
0.075073242187500 3800000
0.073059082031250 3800000
0.000000000000000 3799963
0.072753906250000 3800036
0.072387695312500 3800000
0.074523925781250 3800000
0.074707031250000 3796218
0.071166992187500 3796769
0.073791503906250 3799963
0.074707031250000 3800000
0.065002441406250 3792813
0.073303222656250 3800000
0.075500488281250 3796197
0.071960449218750 3800036
0.076477050781250 3793062
0.075927734375000 3800000
0.000000000000000 3799927
0.073242187500000 3800072
0.073364257812500 3800000
0.075683593750000 3796853
0.074035644531250 3783333
0.074584960937500 3783332
0.072326660156250 3783333
0.073486328125000 3793562
0.074829101562500 3800000
0.074890136718750 3800000
0.072143554687500 3799927
0.074096679687500 3800072
0.000000000000000 3800000
0.074707031250000 3798712
0.072631835937500 3794216
0.072814941406250 3800000
0.071533203125000 3800000
0.073486328125000 3800000
0.075561523437500 3800000
0.072570800781250 3800000
0.072998046875000 3800036
0.071899414062500 3793047
0.074768066406250 3795916
0.070678710937500 3797153
0.073303222656250 3797677
0.071533203125000 3798884
0.000000000000000 3800036
0.074279785156250 3800000
0.075805664062500 3800000
0.073425292968750 3796556
0.074096679687500 3796547
0.073303222656250 3800000
0.076843261718750 3800000
0.071777343750000 3797549
0.072448730468750 3800036
0.076721191406250 3799963
0.071777343750000 3800036
0.074829101562500 3799963
0.000000000000000 3800036
0.137695312500000 3800036
0.000000000000000 3799963
0.072143554687500 3800000
0.075012207031250 3800000
0.074218750000000 3800000
0.075378417968750 3800000
0.074951171875000 3800000
0.072509765625000 3800000
0.075805664062500 3800000
0.073547363281250 3800000
0.073242187500000 3799963
0.074401855468750 3800072
0.065429687500000 3799963
0.074462890625000 3800000
0.000000000000000 3800000
0.073059082031250 3800000
0.073364257812500 3800036
0.072998046875000 3795138
0.064819335937500 3794356
0.073669433593750 3800000
0.074279785156250 3800000
0.072265625000000 3800000
0.074584960937500 3799963
0.075744628906250 3800036
0.072387695312500 3800000
0.073730468750000 3799963
0.071899414062500 3800036
0.075744628906250 3794578
0.072021484375000 3798558
0.000000000000000 3800000
0.074951171875000 3800000
0.074340820312500 3800000
0.072021484375000 3800000
0.074951171875000 3789620
0.071655273437500 3797783
0.073608398437500 3793827
0.072448730468750 3783330
0.075622558593750 3796919
0.074584960937500 3794573
0.074462890625000 3791187
0.000000000000000 3800000
0.073486328125000 3800000
0.072143554687500 3800000
0.067199707031250 3800000
0.071289062500000 3800000
0.073791503906250 3800000
0.073913574218750 3800000
0.074829101562500 3800000
0.074035644531250 3800000
0.073974609375000 3799963
0.073486328125000 3800036
0.072937011718750 3800000
0.066406250000000 3800036
0.071777343750000 3799963
0.074035644531250 3798720
0.072814941406250 3790810
0.000000000000000 3800000
0.073669433593750 3800000
0.074645996093750 3800000
0.072082519531250 3800000
0.064880371093750 3799963
0.071411132812500 3798142
0.074584960937500 3788048
0.075805664062500 3800000
0.074218750000000 3800000
0.073059082031250 3800000
0.076721191406250 3800000
0.072265625000000 3795822
0.071838378906250 3786525
0.073669433593750 3800036
0.073059082031250 3799963
0.000000000000000 3799927
0.075134277343750 3784093
0.073364257812500 3788078
0.071105957031250 3800000
0.074829101562500 3800036
0.072753906250000 3800000
0.076171875000000 3800000
0.076721191406250 3792814
0.073120117187500 3800000
0.075195312500000 3800000
0.073425292968750 3799963
0.000000000000000 3800036
0.074218750000000 3800000
0.072021484375000 3799927
0.065368652343750 3800072
0.077392578125000 3799927
0.075195312500000 3800108
0.072265625000000 3799963
0.072326660156250 3800036
0.074401855468750 3799927
0.075927734375000 3800072
0.074890136718750 3799963
0.076232910156250 3799963
0.071533203125000 3798172
0.000000000000000 3784194
0.074218750000000 3800000
0.072631835937500 3800000
0.073364257812500 3788152
0.072082519531250 3783897
0.074523925781250 3800000
0.077331542968750 3800000
0.072143554687500 3800000
0.075073242187500 3798215
0.071777343750000 3800000
0.073486328125000 3799429
0.072753906250000 3800000
0.074707031250000 3800000
0.000000000000000 3800000
0.073669433593750 3800000
0.071777343750000 3800000
0.065612792968750 3800000
0.072265625000000 3800000
0.075561523437500 3800000
0.073303222656250 3799963
0.065063476562500 3790629
0.071899414062500 3799026
0.075500488281250 3800000
0.075683593750000 3796950
0.073181152343750 3793142
0.074584960937500 3800000
0.074462890625000 3800000
0.074707031250000 3800000
0.000000000000000 3800000
0.072998046875000 3796560
0.075439453125000 3800036
0.064636230468750 3800000
0.072998046875000 3795750
0.074523925781250 3800000
0.071533203125000 3796589
0.074035644531250 3799963
0.072692871093750 3800000
0.073852539062500 3800000
0.075073242187500 3799963
0.076110839843750 3800036
0.075195312500000 3798076
0.072570800781250 3783330
0.000000000000000 3783334
0.073181152343750 3799520
0.072143554687500 3800000
0.074951171875000 3800000
0.073669433593750 3800000
0.072021484375000 3800000
0.072448730468750 3792533
0.072692871093750 3786898
0.074462890625000 3799139
0.071960449218750 3800036
0.075622558593750 3800000
0.076110839843750 3800000
0.075134277343750 3796532
0.000000000000000 3800036
0.076110839843750 3800000
0.071777343750000 3800000
0.073791503906250 3800036
0.071533203125000 3793023
0.074462890625000 3800108
0.074279785156250 3800000
0.073669433593750 3800000
0.072692871093750 3799963
0.072570800781250 3793165
0.069519042968750 3800000
0.068359375000000 3799963
0.000000000000000 3790538
0.070922851562500 3783367
0.073730468750000 3794684
0.069152832031250 3800036
0.070434570312500 3800000
0.068054199218750 3800000
0.069763183593750 3800000
0.070007324218750 3800000
0.061096191406250 3800000
0.070312500000000 3797804
0.067321777343750 3791733
0.062194824218750 3800000
0.068298339843750 3800000
0.069885253906250 3797984
0.070861816406250 3798636
0.000000000000000 3799927
0.070068359375000 3800000
0.070007324218750 3800036
0.069152832031250 3800000
0.069641113281250 3800000
0.069335937500000 3799962
0.070556640625000 3797901
0.068481445312500 3800000
0.069946289062500 3800000
0.068847656250000 3800036
0.069580078125000 3799963
0.000000000000000 3799963
0.070983886718750 3800036
0.068481445312500 3800000
0.069458007812500 3800000
0.067138671875000 3800000
0.072021484375000 3800000
0.068359375000000 3800000
0.071899414062500 3800036
0.068664550781250 3799963
0.068298339843750 3800000
0.070251464843750 3799963
0.067321777343750 3799963
0.068298339843750 3800072
0.069213867187500 3800000
0.000000000000000 3718282
0.070861816406250 3800072
0.068786621093750 3800000
0.069641113281250 3800000
0.070312500000000 3800000
0.068847656250000 3799927
0.070007324218750 3800072
0.068786621093750 3799963
0.070983886718750 3800036
0.061096191406250 3800036
0.068054199218750 3799963
0.069763183593750 3800000
0.067321777343750 3799963
0.069763183593750 3800072
0.000000000000000 3799963
0.068847656250000 3799963
0.070068359375000 3800036
0.069702148437500 3800000
0.066589355468750 3799963
0.070739746093750 3800036
0.070312500000000 3800000
0.061340332031250 3799963
0.069030761718750 3800036
0.071289062500000 3800000
0.069702148437500 3800000
0.071899414062500 3799963
0.070922851562500 3800036
0.000000000000000 3800000
0.068115234375000 3800000
0.070861816406250 3800000
0.070312500000000 3800000
0.070556640625000 3799963
0.069824218750000 3800036
0.067443847656250 3799963
0.070800781250000 3800036
0.071228027343750 3800000
0.070434570312500 3800000
0.068664550781250 3800000
0.069396972656250 3800000
0.000000000000000 3799963
0.069458007812500 3800036
0.070983886718750 3800000
0.070434570312500 3800000
0.069030761718750 3800000
0.069091796875000 3800000
0.068908691406250 3800000
0.068725585937500 3800000
0.070373535156250 3800000
0.068054199218750 3800000
0.061096191406250 3800000
0.067504882812500 3800000
0.069641113281250 3800000
0.068237304687500 3800000
0.000000000000000 3800000
0.068237304687500 3799963
0.069458007812500 3800036
0.069458007812500 3800000
0.070739746093750 3800000
0.068481445312500 3799963
0.070739746093750 3800036
0.067749023437500 3800000
0.068725585937500 3799963
0.067749023437500 3800000
0.071960449218750 3800036
0.070617675781250 3800000
0.068115234375000 3799963
0.000000000000000 3800036
0.070678710937500 3800000
0.067138671875000 3800000
0.071228027343750 3800000
0.066894531250000 3796400
0.069824218750000 3800000
0.069030761718750 3800000
0.069885253906250 3789374
0.061523437500000 3800000
0.067749023437500 3800036
0.069641113281250 3799963
0.068908691406250 3800000
0.070556640625000 3800000
0.068725585937500 3799963
0.067565917968750 3800036
0.000000000000000 3800000
0.069885253906250 3800000
0.067749023437500 3800036
0.069580078125000 3800000
0.068237304687500 3799963
0.069030761718750 3800000
0.068237304687500 3800000
0.069213867187500 3800000
0.068237304687500 3800000
0.066711425781250 3800000
0.069030761718750 3799963
0.069274902343750 3800036
0.071472167968750 3799927
0.000000000000000 3800108
0.069335937500000 3799963
0.071655273437500 3800000
0.069335937500000 3800000
0.070434570312500 3799963
0.061706542968750 3800036
0.066711425781250 3799963
0.067993164062500 3800036
0.067077636718750 3800000
0.071899414062500 3800000
0.070495605468750 3800000
0.067810058593750 3800000
0.061462402343750 3799963
0.067871093750000 3800036
0.069152832031250 3800000
0.067626953125000 3800000
0.060974121093750 3800000
0.067138671875000 3800000
0.000000000000000 3800000
0.070983886718750 3800000
0.072570800781250 3800000
0.068847656250000 3800000
0.060546875000000 3799963
0.067932128906250 3800036
0.061340332031250 3800000
0.068664550781250 3800000
0.061645507812500 3799963
0.068359375000000 3800000
0.069885253906250 3800072
0.069824218750000 3800000
0.071228027343750 3799963
0.068664550781250 3800000
0.067810058593750 3800000
0.062194824218750 3796082
0.068725585937500 3800000
0.069641113281250 3800000
0.069458007812500 3799963
0.000000000000000 3800036
0.069458007812500 3800000
0.071838378906250 3800000
0.068115234375000 3800000
0.069396972656250 3800000
0.067321777343750 3800000
0.070495605468750 3800036
0.069702148437500 3800000
0.069458007812500 3799927
0.069702148437500 3800036
0.070861816406250 3800000
0.069091796875000 3800000
0.000000000000000 3800000
0.066528320312500 3800000
0.070922851562500 3800000
0.068054199218750 3800000
0.062622070312500 3800000
0.067138671875000 3800000
0.071411132812500 3800000
0.069641113281250 3800000
0.069274902343750 3799963
0.070495605468750 3800036
0.068298339843750 3800000
0.069946289062500 3800000
0.066772460937500 3800000
0.070495605468750 3785931
0.000000000000000 3800000
0.071044921875000 3799963
0.070861816406250 3800036
0.068603515625000 3800000
0.069580078125000 3800000
0.070983886718750 3800000
0.069274902343750 3800000
0.068054199218750 3800000
0.070190429687500 3799927
0.071411132812500 3800072
0.069091796875000 3800000
0.069274902343750 3800000
0.068420410156250 3800000
0.000000000000000 3800000
0.072204589843750 3799963
0.069335937500000 3800000
0.068908691406250 3800036
0.069946289062500 3800000
0.071533203125000 3800000
0.070434570312500 3800000
0.069458007812500 3800000
0.070495605468750 3800000
0.068542480468750 3800036
0.068542480468750 3799891
0.000000000000000 3800072
0.068420410156250 3800000
0.069152832031250 3800000
0.068603515625000 3800000
0.070617675781250 3800000
0.069335937500000 3800000
0.069458007812500 3799963
0.070190429687500 3800072
0.067993164062500 3799963
0.067810058593750 3800000
0.069702148437500 3800000
0.069396972656250 3800000
0.069885253906250 3800000
0.000000000000000 3800000
0.067626953125000 3800000
0.069885253906250 3800000
0.066833496093750 3800000
0.068725585937500 3800000
0.067626953125000 3799963
0.070495605468750 3800036
0.072204589843750 3800000
0.068176269531250 3800000
0.070251464843750 3800000
0.069641113281250 3800000
0.070007324218750 3800000
0.068054199218750 3800036
0.000000000000000 3799927
0.069580078125000 3800036
0.070983886718750 3800000
0.068603515625000 3799963
0.061584472656250 3799963
0.066772460937500 3800072
0.070068359375000 3800000
0.067749023437500 3800036
0.061035156250000 3799963
0.066467285156250 3800000
0.071228027343750 3800000
0.069824218750000 3800000
0.067993164062500 3800000
0.070739746093750 3800000
0.067016601562500 3800000
0.061645507812500 3800000
0.065673828125000 3800000
0.069702148437500 3800000
0.000000000000000 3800000
0.070312500000000 3800000
0.069702148437500 3800000
0.073364257812500 3800000
0.068420410156250 3800000
0.069580078125000 3799963
0.067993164062500 3800036
0.069946289062500 3799963
0.068725585937500 3800036
0.070373535156250 3799927
0.061279296875000 3800072
0.066833496093750 3799927
0.070434570312500 3800036
0.066833496093750 3800036
0.061340332031250 3800000
0.066955566406250 3799891
0.069152832031250 3800108
0.000000000000000 3800000
0.070434570312500 3800000
0.068847656250000 3799963
0.072814941406250 3800036
0.068298339843750 3800000
0.069580078125000 3800000
0.067321777343750 3800000
0.071166992187500 3800000
0.069030761718750 3800000
0.071044921875000 3799963
0.067810058593750 3799963
0.067993164062500 3800000
0.061950683593750 3800072
0.000000000000000 3800000
0.071960449218750 3800000
0.069580078125000 3800000
0.068176269531250 3800000
0.070617675781250 3799927
0.070251464843750 3800072
0.068054199218750 3800000
0.069519042968750 3800036
0.068786621093750 3799963
0.071228027343750 3800000
0.067932128906250 3800000
0.069152832031250 3800000
0.068725585937500 3800000
0.000000000000000 3800000
0.070617675781250 3800036
0.069458007812500 3799963
0.070007324218750 3799963
0.070800781250000 3800036
0.068176269531250 3799927
0.070129394531250 3800072
0.071166992187500 3800036
0.067504882812500 3800000
0.068908691406250 3799963
0.069030761718750 3800000
0.070373535156250 3800000
0.000000000000000 3800000
0.068725585937500 3800000
0.070190429687500 3800000
0.069580078125000 3800000
0.069335937500000 3800000
0.071166992187500 3799963
0.067016601562500 3800036
0.068420410156250 3800000
0.071411132812500 3799963
0.070983886718750 3800036
0.070556640625000 3800000
0.070678710937500 3799963
0.061035156250000 3800036
0.000000000000000 3800000
0.069824218750000 3799963
0.069458007812500 3800072
0.068054199218750 3799963
0.070922851562500 3800000
0.070190429687500 3800000
0.067687988281250 3800000
0.069885253906250 3800000
0.068420410156250 3800000
0.070251464843750 3800000
0.070617675781250 3799963
0.069519042968750 3800036
0.069030761718750 3800000
0.000000000000000 3800000
0.068969726562500 3799927
0.068908691406250 3800072
0.070007324218750 3799963
0.070007324218750 3800036
0.068176269531250 3800000
0.069946289062500 3799963
0.071838378906250 3795646
0.069030761718750 3797451
0.070678710937500 3799927
0.070251464843750 3800072
0.000000000000000 3800000
0.071411132812500 3800000
0.068054199218750 3797450
0.068359375000000 3799045
0.070434570312500 3799963
0.068725585937500 3800036
0.068725585937500 3800000
0.066101074218750 3800000
0.069152832031250 3799963
0.067504882812500 3800036
0.061096191406250 3800000
0.067199707031250 3800000
0.068786621093750 3800000
0.072692871093750 3800000
0.069030761718750 3800000
0.061218261718750 3799927
0.067321777343750 3800072
0.067932128906250 3800000
0.000000000000000 3800000
0.068481445312500 3800036
0.069946289062500 3799963
0.067687988281250 3800000
0.071350097656250 3799963
0.070312500000000 3800036
0.068054199218750 3800036
0.069824218750000 3799963
0.067199707031250 3800000
0.068908691406250 3800000
0.067016601562500 3800000
0.072570800781250 3800000
0.069519042968750 3800000
0.000000000000000 3800000
0.069519042968750 3800000
0.067932128906250 3800000
0.068969726562500 3800000
0.069213867187500 3799963
0.067565917968750 3800036
0.070312500000000 3800000
0.069396972656250 3800036
0.068237304687500 3799963
0.070068359375000 3799963
0.069458007812500 3800000
0.070434570312500 3800036
0.069763183593750 3799963
0.000000000000000 3800036
0.069763183593750 3800000
0.070861816406250 3800000
0.067443847656250 3800000
0.070190429687500 3799963
0.067871093750000 3800036
0.069458007812500 3800000
0.069030761718750 3800000
0.071899414062500 3799963
0.069458007812500 3799963
0.069885253906250 3800072
0.070190429687500 3800000
0.000000000000000 3800000
0.068298339843750 3799963
0.069396972656250 3799963
0.069335937500000 3800072
0.069519042968750 3800000
0.070556640625000 3800000
0.069702148437500 3800000
0.070739746093750 3800000
0.070007324218750 3799963
0.069946289062500 3800036
0.066894531250000 3800000
0.069702148437500 3800000
0.061096191406250 3799927
0.068725585937500 3799699
0.061584472656250 3796999
0.067871093750000 3799963
0.000000000000000 3800000
0.068176269531250 3799963
0.061157226562500 3800036
0.069335937500000 3800000
0.070922851562500 3800000
0.067077636718750 3800000
0.073547363281250 3800000
0.069519042968750 3800000
0.070800781250000 3800000
0.069152832031250 3800000
0.068786621093750 3745834
0.071838378906250 3800000
0.000000000000000 3799963
0.071838378906250 3800036
0.071044921875000 3800000
0.068298339843750 3800000
0.061035156250000 3799963
0.068603515625000 3800072
0.068847656250000 3799963
0.069885253906250 3800036
0.070007324218750 3799963
0.070617675781250 3800000
0.068176269531250 3799963
0.061584472656250 3800036
0.068176269531250 3800000
0.069335937500000 3800000
0.068786621093750 3800000
0.069519042968750 3800000
0.000000000000000 3799963
0.069396972656250 3800036
0.071105957031250 3800000
0.070861816406250 3785144
0.070007324218750 3797151
0.071044921875000 3800036
0.068847656250000 3799168
0.071716308593750 3790380
0.070800781250000 3800036
0.068481445312500 3800000
0.068908691406250 3800000
0.067382812500000 3800000
0.000000000000000 3799963
0.070312500000000 3800036
0.070678710937500 3799963
0.069152832031250 3800036
0.070556640625000 3800000
0.071105957031250 3800000
0.069335937500000 3800000
0.067993164062500 3799963
0.069396972656250 3800036
0.070556640625000 3800000
0.070373535156250 3800000
0.070312500000000 3800000
0.000000000000000 3800000
0.070190429687500 3800000
0.070495605468750 3800000
0.068786621093750 3800000
0.070251464843750 3800000
0.069396972656250 3799927
0.071289062500000 3800036
0.068054199218750 3800036
0.070556640625000 3799963
0.070678710937500 3800072
0.068725585937500 3799963
0.000000000000000 3800036
0.070129394531250 3800000
0.069335937500000 3799963
0.070251464843750 3800000
0.069274902343750 3800000
0.070556640625000 3800000
0.074645996093750 3799963
0.061401367187500 3800036
0.069091796875000 3800000
0.069946289062500 3800000
0.072021484375000 3799963
0.066528320312500 3799963
0.000000000000000 3800072
0.072570800781250 3800000
0.063659667968750 3800000
0.065002441406250 3799963
0.064697265625000 3800000
0.067810058593750 3800036
0.064880371093750 3800000
0.065063476562500 3799963
0.070983886718750 3800036
0.066345214843750 3800000
0.061096191406250 3799927
0.068115234375000 3800036
0.071899414062500 3800036
0.063598632812500 3800000
0.066467285156250 3800000
0.071044921875000 3799963
0.061340332031250 3800036
0.071960449218750 3800000
0.061096191406250 3799963
0.070617675781250 3800000
0.070129394531250 3800036
0.067749023437500 3798756
0.063964843750000 3795573
0.069396972656250 3800036
0.000000000000000 3799963
0.070861816406250 3800000
0.068420410156250 3800000
0.070678710937500 3800000
0.067993164062500 3800000
0.070495605468750 3799963
0.069885253906250 3800036
0.066955566406250 3796057
0.068603515625000 3796839
0.069702148437500 3783760
0.069519042968750 3798845
0.068115234375000 3800000
0.068664550781250 3800000
0.000000000000000 3799927
0.069335937500000 3800108
0.070129394531250 3800000
0.069030761718750 3799891
0.070007324218750 3800072
0.068847656250000 3800000
0.072143554687500 3800000
0.069458007812500 3797323
0.067932128906250 3787388
0.067321777343750 3793796
0.070129394531250 3796305
0.069274902343750 3800036
0.070068359375000 3800000
0.000000000000000 3784454
0.069213867187500 3798229
0.069335937500000 3800036
0.064025878906250 3800000
0.067749023437500 3799963
0.069030761718750 3800000
0.067687988281250 3793108
0.068603515625000 3800036
0.072631835937500 3800000
0.067321777343750 3800000
0.069458007812500 3799927
0.068725585937500 3800072
0.070983886718750 3799963
0.067932128906250 3800036
0.000000000000000 3800000
0.070007324218750 3800000
0.071166992187500 3800000
0.069030761718750 3800000
0.070617675781250 3800000
0.069946289062500 3800000
0.070190429687500 3799963
0.068908691406250 3800036
0.071166992187500 3800000
0.069519042968750 3800000
0.070922851562500 3800000
0.000000000000000 3800000
0.070312500000000 3800000
0.069702148437500 3800000
0.067138671875000 3800000
0.063232421875000 3800000
0.064941406250000 3800000
0.069152832031250 3800000
0.073181152343750 3800000
0.069885253906250 3799963
0.068847656250000 3800036
0.070922851562500 3800000
0.069091796875000 3800000
0.070739746093750 3800000
0.069824218750000 3800036
0.000000000000000 3799963
0.067382812500000 3800036
0.067871093750000 3799963
0.069274902343750 3800000
0.069824218750000 3799963
0.068847656250000 3800036
0.070434570312500 3800000
0.067443847656250 3800000
0.070983886718750 3800000
0.070068359375000 3800000
0.069091796875000 3795264
0.069641113281250 3790244
0.000000000000000 3800072
0.071044921875000 3800000
0.069885253906250 3799963
0.068969726562500 3800036
0.068115234375000 3800000
0.069335937500000 3800000
0.069335937500000 3800000
0.071044921875000 3799963
0.069030761718750 3800072
0.068481445312500 3799963
0.070007324218750 3800000
0.068664550781250 3800000
0.061706542968750 3799963
0.068237304687500 3800036
0.070617675781250 3800000
0.000000000000000 3800000
0.069702148437500 3800000
0.070190429687500 3800000
0.067749023437500 3788959
0.069946289062500 3800000
0.071472167968750 3800036
0.070373535156250 3799963
0.068542480468750 3800000
0.068298339843750 3800000
0.070739746093750 3800000
0.068847656250000 3800000
0.069702148437500 3800000
0.000000000000000 3800000
0.069763183593750 3799963
0.066772460937500 3800000
0.060913085937500 3800036
0.068664550781250 3800000
0.069885253906250 3793081
0.070251464843750 3800036
0.070739746093750 3800000
0.071289062500000 3796581
0.067138671875000 3800000
0.069580078125000 3799963
0.068054199218750 3800000
0.070495605468750 3800036
0.066955566406250 3800000
0.070190429687500 3800000
0.000000000000000 3799891
0.069580078125000 3800108
0.066894531250000 3800000
0.070434570312500 3800000
0.069641113281250 3799927
0.069519042968750 3800072
0.069213867187500 3799927
0.071411132812500 3800108
0.070861816406250 3799963
0.067993164062500 3800036
0.069824218750000 3799963
0.067138671875000 3800000
0.000000000000000 3800000
0.069763183593750 3799963
0.068237304687500 3800036
0.068542480468750 3800000
0.068847656250000 3800000
0.070007324218750 3800000
0.067871093750000 3800000
0.069213867187500 3800000
0.069091796875000 3797135
0.067626953125000 3792348
0.071411132812500 3799963
0.067687988281250 3800000
0.071105957031250 3800000
0.068298339843750 3800000
0.000000000000000 3800000
0.069091796875000 3800000
0.068664550781250 3799963
0.068847656250000 3800036
0.070129394531250 3800000
0.067687988281250 3800000
0.061462402343750 3800000
0.069641113281250 3800036
0.069580078125000 3799963
0.069396972656250 3800036
0.070190429687500 3799963
0.068664550781250 3800000
0.068176269531250 3800036
0.069458007812500 3796557
0.000000000000000 3800036
0.069702148437500 3799891
0.070068359375000 3800108
0.071289062500000 3800000
0.068420410156250 3799963
0.070495605468750 3800036
0.071166992187500 3800036
0.071960449218750 3799963
0.069763183593750 3800000
0.070251464843750 3799963
0.069274902343750 3800036
0.000000000000000 3800000
0.069885253906250 3799963
0.070861816406250 3800036
0.070312500000000 3800000
0.069519042968750 3800000
0.069335937500000 3800000
0.070861816406250 3800000
0.069335937500000 3800000
0.069152832031250 3800000
0.069702148437500 3800000
0.068298339843750 3800000
0.071350097656250 3800000
0.000000000000000 3799963
0.069641113281250 3800036
0.069824218750000 3799963
0.069702148437500 3800000
0.067749023437500 3800036
0.070007324218750 3800000
0.071105957031250 3799963
0.069519042968750 3800036
0.070739746093750 3799927
0.066528320312500 3800072
0.070556640625000 3800000
0.067626953125000 3799963
0.062194824218750 3800036
0.069458007812500 3800000
0.000000000000000 3800000
0.070434570312500 3799963
0.070251464843750 3799927
0.067016601562500 3800108
0.069885253906250 3800000
0.068908691406250 3800000
0.070007324218750 3800000
0.067687988281250 3800000
0.070922851562500 3800000
0.068176269531250 3799927
0.068969726562500 3800072
0.069946289062500 3800000
0.067199707031250 3800000
0.061767578125000 3800000
0.067871093750000 3799927
0.000000000000000 3800072
0.072143554687500 3800036
0.072448730468750 3799963
0.070007324218750 3799963
0.068298339843750 3800036
0.068298339843750 3800000
0.069152832031250 3800000
0.069091796875000 3799927
0.060913085937500 3800036
0.070434570312500 3800036
0.069335937500000 3800000
0.069824218750000 3800000
0.069030761718750 3800036
0.060974121093750 3648660
0.066894531250000 3800000
0.000000000000000 3800000
0.069152832031250 3800036
0.069580078125000 3799963
0.062194824218750 3799927
0.070556640625000 3800072
0.070007324218750 3800000
0.070312500000000 3800000
0.069885253906250 3800000
0.069885253906250 3799963
0.068908691406250 3800036
0.069396972656250 3800000
0.067993164062500 3800000
0.071533203125000 3800000
0.069274902343750 3799927
0.000000000000000 3800036
0.070068359375000 3800036
0.070190429687500 3800000
0.070068359375000 3800036
0.069702148437500 3799963
0.067260742187500 3799927
0.072570800781250 3800072
0.069274902343750 3800000
0.070556640625000 3800000
0.067443847656250 3800000
0.067016601562500 3799927
0.061523437500000 3800036
0.069091796875000 3800036
0.068908691406250 3799963
0.000000000000000 3800000
0.069091796875000 3800036
0.071044921875000 3800000
0.207763671875000 3800000
0.068542480468750 3800000
0.068115234375000 3800000
0.070800781250000 3800000
0.000000000000000 3799927
0.067016601562500 3800036
0.071960449218750 3800000
0.066955566406250 3800036
0.071411132812500 3800000
0.070068359375000 3799891
0.070129394531250 3800108
0.071838378906250 3800000
0.066955566406250 3800000
0.071960449218750 3800000
0.068237304687500 3800000
0.069030761718750 3800000
0.000000000000000 3800036
0.067138671875000 3799963
0.068298339843750 3800000
0.069946289062500 3800000
0.067199707031250 3800000
0.068786621093750 3800000
0.069641113281250 3800000
0.070739746093750 3800000
0.069641113281250 3800000
0.067504882812500 3800000
0.070007324218750 3799963
0.068908691406250 3800000
0.070495605468750 3800036
0.000000000000000 3800000
0.069458007812500 3800000
0.068054199218750 3799963
0.069824218750000 3800036
0.069152832031250 3799963
0.071472167968750 3800036
0.069030761718750 3800000
0.068420410156250 3800000
0.067565917968750 3800000
0.070739746093750 3800000
0.068969726562500 3800000
0.068603515625000 3800000
0.068908691406250 3800000
0.000000000000000 3799963
0.069335937500000 3799963
0.068847656250000 3800036
0.067199707031250 3800000
0.068603515625000 3800036
0.068481445312500 3800000
0.061462402343750 3800000
0.067810058593750 3800000
0.070495605468750 3800000
0.071044921875000 3799891
0.069030761718750 3800108
0.070556640625000 3800000
0.067749023437500 3799891
0.069458007812500 3800108
0.069763183593750 3799963
0.061523437500000 3799963
0.000000000000000 3800072
0.069152832031250 3800000
0.067504882812500 3800000
0.070739746093750 3800000
0.066345214843750 3800000
0.071105957031250 3800000
0.067749023437500 3800000
0.070312500000000 3800000
0.067138671875000 3800000
0.073425292968750 3800000
0.067687988281250 3800000
0.068603515625000 3799963
0.068420410156250 3800036
0.067443847656250 3799927
0.000000000000000 3800072
0.069824218750000 3800000
0.068115234375000 3800000
0.071105957031250 3800000
0.068420410156250 3800000
0.069824218750000 3799963
0.068603515625000 3800036
0.067016601562500 3800000
0.071105957031250 3800000
0.069152832031250 3800000
0.061889648437500 3800000
0.070617675781250 3800000
0.068237304687500 3799963
0.068603515625000 3799963
0.000000000000000 3800072
0.070617675781250 3800000
0.071105957031250 3800000
0.067321777343750 3800000
0.069519042968750 3800000
0.070739746093750 3800000
0.071899414062500 3800000
0.068176269531250 3800000
0.069152832031250 3800000
0.069824218750000 3800000
0.068298339843750 3800000
0.071166992187500 3800000
0.000000000000000 3800000
0.071716308593750 3800000
0.068054199218750 3800000
0.069030761718750 3800000
0.068847656250000 3800000
0.072265625000000 3800000
0.069274902343750 3800000
0.070678710937500 3800000
0.070861816406250 3800000
0.068176269531250 3800000
0.068603515625000 3800000
0.067138671875000 3800000
0.069885253906250 3799963
0.000000000000000 3799927
0.069152832031250 3800108
0.070556640625000 3800000
0.068298339843750 3799963
0.067749023437500 3800036
0.071105957031250 3799927
0.068725585937500 3800072
0.069641113281250 3800000
0.067321777343750 3799963
0.070007324218750 3800000
0.071105957031250 3800036
0.068420410156250 3799963
0.000000000000000 3800036
0.070739746093750 3799963
0.070007324218750 3800036
0.061584472656250 3800000
0.068725585937500 3800000
0.069274902343750 3800000
0.071716308593750 3800000
0.067810058593750 3800000
0.060974121093750 3799963
0.068786621093750 3800000
0.071777343750000 3799963
0.068786621093750 3647677
0.061279296875000 3800000
0.068603515625000 3800000
0.060913085937500 3799963
0.069030761718750 3800036
0.071350097656250 3800000
0.069946289062500 3799963
0.000000000000000 3800036
0.068664550781250 3799963
0.071960449218750 3800036
0.068786621093750 3799963
0.071655273437500 3800000
0.067260742187500 3800072
0.071411132812500 3799927
0.069030761718750 3800036
0.069396972656250 3800000
0.070312500000000 3800000
0.068237304687500 3800000
0.068359375000000 3800000
0.069641113281250 3800036
0.000000000000000 3799927
0.071960449218750 3800072
0.069396972656250 3799963
0.066345214843750 3799963
0.070434570312500 3800036
0.067871093750000 3800000
0.070861816406250 3800000
0.067626953125000 3800000
0.068420410156250 3799963
0.060485839843750 3800036
0.068054199218750 3800000
0.071411132812500 3800000
0.067749023437500 3800000
0.069824218750000 3800000
0.067321777343750 3800000
0.000000000000000 3800000
0.072143554687500 3800000
0.071350097656250 3800000
0.068176269531250 3800000
0.070434570312500 3800000
0.067871093750000 3800000
0.061523437500000 3800000
0.070007324218750 3800000
0.068542480468750 3800000
0.069396972656250 3799927
0.062072753906250 3800072
0.069274902343750 3800000
0.067565917968750 3800000
0.069763183593750 3800000
0.067932128906250 3800036
0.000000000000000 3799963
0.070312500000000 3788055
0.069091796875000 3793896
0.070190429687500 3800000
0.071350097656250 3800036
0.068908691406250 3799891
0.070861816406250 3800072
0.068237304687500 3800000
0.070617675781250 3800000
0.067077636718750 3799963
0.071594238281250 3800036
0.070007324218750 3799927
0.000000000000000 3800072
0.067993164062500 3799963
0.070190429687500 3800000
0.070739746093750 3800036
0.070312500000000 3800000
0.068054199218750 3800000
0.071716308593750 3800000
0.070373535156250 3800000
0.069580078125000 3800000
0.071105957031250 3799963
0.067871093750000 3800036
0.061340332031250 3800000
0.069641113281250 3800036
0.000000000000000 3799927
0.070678710937500 3800036
0.072021484375000 3800000
0.069213867187500 3799963
0.068847656250000 3800036
0.061218261718750 3799927
0.070495605468750 3800072
0.070129394531250 3800000
0.070129394531250 3800000
0.070312500000000 3799963
0.066955566406250 3800036
0.068298339843750 3800000
0.068115234375000 3799963
0.069702148437500 3800000
0.000000000000000 3800036
0.069152832031250 3799963
0.068725585937500 3800000
0.069213867187500 3800036
0.071716308593750 3800000
0.069213867187500 3800000
0.068603515625000 3799963
0.069213867187500 3800036
0.066223144531250 3800000
0.069274902343750 3800000
0.068725585937500 3800000
0.072998046875000 3799963
0.069213867187500 3800036
0.000000000000000 3800000
0.128601074218750 3799927
0.000000000000000 3800072
0.068542480468750 3800000
0.069580078125000 3800000
0.067565917968750 3799963
0.069030761718750 3799963
0.073059082031250 3800036
0.066589355468750 3800036
0.068115234375000 3800000
0.066833496093750 3800036
0.062377929687500 3799963
0.066772460937500 3800000
0.072875976562500 3799963
0.067138671875000 3800036
0.070312500000000 3800000
0.070129394531250 3800000
0.000000000000000 3800000
0.068054199218750 3800000
0.068908691406250 3800000
0.068237304687500 3800000
0.071228027343750 3800000
0.069152832031250 3800000
0.069030761718750 3800000
0.070556640625000 3800000
0.068725585937500 3800000
0.070556640625000 3800000
0.070129394531250 3800000
0.069702148437500 3800000
0.067016601562500 3800000
0.000000000000000 3800000
0.072570800781250 3800000
0.068969726562500 3800000
0.069458007812500 3800036
0.068298339843750 3799963
0.068481445312500 3800000
0.061096191406250 3800000
0.068847656250000 3799963
0.070678710937500 3799963
0.069335937500000 3800108
0.068725585937500 3799963
0.070434570312500 3800000
0.068298339843750 3800000
0.068725585937500 3800000
0.000000000000000 3799963
0.068420410156250 3800000
0.070922851562500 3800036
0.073242187500000 3799927
0.068786621093750 3800072
0.069152832031250 3800000
0.066589355468750 3800000
0.070983886718750 3799963
0.070068359375000 3800036
0.069458007812500 3800000
0.071228027343750 3799963
0.000000000000000 3800036
0.068481445312500 3800000
0.069030761718750 3800000
0.067138671875000 3799963
0.067993164062500 3794084
0.068542480468750 3798957
0.069885253906250 3800072
0.069274902343750 3799963
0.069274902343750 3800072
0.061157226562500 3799963
0.068420410156250 3800036
0.061462402343750 3800000
0.069030761718750 3800000
0.069458007812500 3800000
0.070007324218750 3800000
0.070556640625000 3799963
0.069030761718750 3800036
0.000000000000000 3800000
0.069152832031250 3799963
0.069152832031250 3800036
0.069396972656250 3800000
0.068847656250000 3799963
0.067993164062500 3800036
0.070861816406250 3800000
0.068603515625000 3800036
0.067993164062500 3799963
0.068542480468750 3799963
0.069274902343750 3800036
0.069519042968750 3799927
0.070556640625000 3800072
0.000000000000000 3800000
0.069580078125000 3799963
0.069030761718750 3800072
0.068725585937500 3799963
0.070373535156250 3800000
0.071777343750000 3799963
0.069763183593750 3799927
0.067199707031250 3800108
0.069396972656250 3799927
0.061096191406250 3800072
0.070190429687500 3799963
0.068359375000000 3800036
0.067321777343750 3800000
0.067932128906250 3800000
0.000000000000000 3799963
0.071472167968750 3800036
0.070434570312500 3800036
0.069274902343750 3799963
0.061096191406250 3799963
0.070556640625000 3800072
0.067810058593750 3800000
0.069213867187500 3799963
0.065917968750000 3800000
0.070495605468750 3799963
0.069580078125000 3800036
0.070678710937500 3799963
0.068603515625000 3800000
0.069824218750000 3800000
0.062255859375000 3800036
0.067749023437500 3800000
0.000000000000000 3800000
0.069946289062500 3800000
0.069091796875000 3800000
0.070617675781250 3800000
0.068542480468750 3800000
0.070007324218750 3799963
0.067321777343750 3800036
0.069213867187500 3800036
0.071777343750000 3799927
0.067993164062500 3800036
0.070556640625000 3800000
0.067810058593750 3799963
0.000000000000000 3800036
0.070617675781250 3799963
0.069458007812500 3800072
0.068054199218750 3799891
0.068725585937500 3799963
0.068176269531250 3800108
0.071228027343750 3800000
0.070190429687500 3800000
0.069458007812500 3799963
0.069519042968750 3800000
0.069519042968750 3800036
0.061950683593750 3799927
0.067260742187500 3800036
0.069335937500000 3799963
0.067260742187500 3800072
0.000000000000000 3800000
0.071166992187500 3800000
0.071166992187500 3800000
0.067443847656250 3800000
0.069702148437500 3800000
0.067138671875000 3799963
0.071289062500000 3800000
0.068847656250000 3800036
0.061279296875000 3800000
0.068054199218750 3800000
0.061767578125000 3800000
0.073242187500000 3800000
0.067199707031250 3800000
0.069763183593750 3800000
0.069091796875000 3800000
0.061035156250000 3800000
0.068969726562500 3800000
0.000000000000000 3800000
0.069030761718750 3800000
0.067382812500000 3800000
0.072753906250000 3800000
0.070068359375000 3799963
0.068115234375000 3800036
0.069763183593750 3800000
0.066223144531250 3800000
0.069824218750000 3799963
0.069274902343750 3800072
0.071655273437500 3799963
0.068176269531250 3800000
0.000000000000000 3800000
0.130676269531250 3800000
0.000000000000000 3800000
0.067260742187500 3800000
0.068664550781250 3800000
0.067626953125000 3800000
0.070434570312500 3800000
0.071044921875000 3800000
0.068359375000000 3800000
0.072326660156250 3800000
0.069885253906250 3800000
0.070190429687500 3800000
0.067382812500000 3800000
0.070190429687500 3800000
0.000000000000000 3800000
0.072326660156250 3800000
0.071838378906250 3800000
0.068176269531250 3800000
0.069641113281250 3800000
0.069030761718750 3800036
0.068176269531250 3799819
0.070312500000000 3800144
0.068725585937500 3800000
0.069213867187500 3799963
0.068603515625000 3799963
0.071105957031250 3800072
0.000000000000000 3799963
0.068603515625000 3800072
0.068542480468750 3799963
0.070739746093750 3800000
0.069824218750000 3799927
0.070983886718750 3800108
0.070495605468750 3799963
0.067321777343750 3800000
0.069763183593750 3800000
0.068847656250000 3799963
0.069274902343750 3800036
0.068725585937500 3800000
0.068481445312500 3800000
0.000000000000000 3800000
0.069152832031250 3800000
0.070373535156250 3800000
0.069824218750000 3799963
0.067993164062500 3799927
0.070068359375000 3800108
0.073181152343750 3799963
0.066711425781250 3800036
0.068420410156250 3800000
0.067016601562500 3799963
0.069335937500000 3800036
0.070373535156250 3800000
0.000000000000000 3800000
0.069946289062500 3799963
0.070739746093750 3800000
0.068725585937500 3800036
0.070190429687500 3800000
0.068847656250000 3800000
0.071044921875000 3800000
0.067199707031250 3800000
0.070434570312500 3800000
0.070922851562500 3800000
0.068786621093750 3800000
0.071838378906250 3800000
0.067565917968750 3800000
0.000000000000000 3799927
0.070556640625000 3800072
0.071228027343750 3800000
0.068298339843750 3800000
0.067871093750000 3799927
0.067565917968750 3800036
0.069702148437500 3800036
0.066406250000000 3799963
0.067993164062500 3800036
0.069030761718750 3800000
0.070861816406250 3799963
0.069580078125000 3800036
0.070373535156250 3799963
0.000000000000000 3800036
0.069030761718750 3800000
0.067932128906250 3800000
0.069946289062500 3800000
0.068908691406250 3800000
0.071228027343750 3800000
0.069396972656250 3799963
0.068176269531250 3800036
0.069702148437500 3799927
0.068054199218750 3800036
0.061157226562500 3799963
0.066589355468750 3800072
0.061218261718750 3800000
0.067138671875000 3800036
0.072998046875000 3799927
0.069458007812500 3800036
0.000000000000000 3800000
0.069458007812500 3800000
0.069335937500000 3799963
0.069091796875000 3800036
0.069885253906250 3800000
0.067260742187500 3800000
0.062561035156250 3800000
0.070068359375000 3800000
0.070556640625000 3799891
0.069213867187500 3800108
0.069458007812500 3800000
0.069274902343750 3800000
0.067382812500000 3800000
0.069335937500000 3800000
0.000000000000000 3800000
0.071777343750000 3800000
0.067810058593750 3800000
0.070068359375000 3799927
0.069335937500000 3800072
0.069519042968750 3800000
0.070190429687500 3799963
0.069763183593750 3799963
0.068481445312500 3800036
0.069030761718750 3800036
0.068481445312500 3800000
0.069213867187500 3800000
0.000000000000000 3799927
0.071655273437500 3800072
0.068969726562500 3800000
0.069763183593750 3800000
0.070678710937500 3800000
0.068115234375000 3800000
0.071594238281250 3800000
0.069274902343750 3800000
0.068847656250000 3800000
0.069458007812500 3800000
0.070800781250000 3799927
0.000000000000000 3800072
0.068176269531250 3800000
0.069152832031250 3800000
0.061889648437500 3799963
0.066833496093750 3800000
0.070373535156250 3800036
0.067565917968750 3799963
0.069152832031250 3800036
0.070556640625000 3800000
0.068969726562500 3800000
0.068786621093750 3800000
0.068420410156250 3799963
0.070007324218750 3800000
0.068298339843750 3800036
0.068786621093750 3800000
0.000000000000000 3800000
0.071228027343750 3800000
0.069274902343750 3799963
0.071655273437500 3800000
0.067443847656250 3799963
0.070983886718750 3800072
0.067443847656250 3800000
0.070251464843750 3800000
0.069702148437500 3800000
0.069152832031250 3800000
0.071960449218750 3800000
0.000000000000000 3800000
0.131347656250000 3799963
0.000000000000000 3800072
0.068847656250000 3799963
0.067749023437500 3800000
0.071655273437500 3800000
0.070739746093750 3800000
0.070251464843750 3800000
0.069030761718750 3800000
0.069458007812500 3800000
0.067871093750000 3800000
0.070312500000000 3800000
0.070739746093750 3800000
0.068664550781250 3799963
0.000000000000000 3800036
0.070861816406250 3800000
0.071716308593750 3800000
0.070190429687500 3800000
0.067504882812500 3800000
0.069458007812500 3799927
0.069152832031250 3800036
0.068176269531250 3800000
0.067749023437500 3800036
0.067932128906250 3799963
0.070190429687500 3800036
0.070007324218750 3799963
0.000000000000000 3800000
0.070678710937500 3800036
0.072204589843750 3799963
0.069580078125000 3800036
0.070007324218750 3800000
0.068847656250000 3800000
0.070434570312500 3800000
0.067749023437500 3799963
0.070007324218750 3800036
0.062011718750000 3800000
0.069335937500000 3800000
0.072265625000000 3799927
0.067260742187500 3800036
0.000000000000000 3800000
0.068969726562500 3799963
0.068420410156250 3800072
0.061828613281250 3800000
0.068298339843750 3800000
0.070678710937500 3800000
0.061157226562500 3800000
0.069335937500000 3799855
0.069580078125000 3800144
0.068237304687500 3800000
0.070068359375000 3799963
0.069458007812500 3800036
0.069274902343750 3799927
0.069885253906250 3800072
0.067871093750000 3800000
0.068542480468750 3799927
0.000000000000000 3800108
0.068359375000000 3799927
0.069274902343750 3800000
0.067382812500000 3800036
0.068664550781250 3799927
0.070251464843750 3800036
0.068359375000000 3800036
0.069274902343750 3800036
0.069274902343750 3800000
0.070556640625000 3799963
0.068481445312500 3799927
0.068359375000000 3800036
0.069702148437500 3800036
0.000000000000000 3800000
0.129699707031250 3800000
0.000000000000000 3800036
0.068847656250000 3799963
0.069030761718750 3799963
0.069152832031250 3800036
0.067810058593750 3800000
0.069824218750000 3799963
0.070434570312500 3800036
0.070068359375000 3800000
0.067382812500000 3800036
0.071655273437500 3799963
0.068603515625000 3799927
0.061035156250000 3800036
0.066101074218750 3800000
0.068847656250000 3800036
0.068603515625000 3800000
0.000000000000000 3800000
0.070861816406250 3800000
0.070129394531250 3800000
0.069091796875000 3800000
0.061401367187500 3800000
0.066711425781250 3799927
0.068908691406250 3800072
0.067993164062500 3800000
0.070556640625000 3800000
0.062194824218750 3800000
0.069824218750000 3800000
0.070373535156250 3800000
0.070678710937500 3800000
0.068603515625000 3800000
0.067138671875000 3799927
0.068664550781250 3800072
0.000000000000000 3800000
0.068359375000000 3800000
0.072143554687500 3800000
0.062866210937500 3799963
0.073547363281250 3800036
0.071594238281250 3800000
0.064392089843750 3800000
0.065551757812500 3799927
0.066101074218750 3800072
0.074707031250000 3800000
0.067199707031250 3799963
0.065612792968750 3800036
0.066894531250000 3800036
0.061584472656250 3799963
0.063049316406250 3800000
0.073242187500000 3799891
0.066223144531250 3800108
0.000000000000000 3799963
0.127929687500000 3800000
0.000000000000000 3800036
0.070068359375000 3799927
0.070983886718750 3800072
0.063232421875000 3800000
0.067687988281250 3800000
0.069396972656250 3800000
0.067321777343750 3799963
0.063598632812500 3800072
0.069213867187500 3799963
0.069458007812500 3800000
0.070312500000000 3800000
0.068481445312500 3800000
0.069580078125000 3799927
0.070312500000000 3800036
0.000000000000000 3800036
0.070495605468750 3799963
0.067260742187500 3800000
0.068908691406250 3800036
0.071533203125000 3800000
0.070617675781250 3800000
0.069030761718750 3800036
0.066040039062500 3799963
0.071838378906250 3799963
0.067932128906250 3800036
0.070068359375000 3800000
0.070861816406250 3799963
0.068847656250000 3800036
0.061767578125000 3800036
0.000000000000000 3799963
0.067749023437500 3800000
0.068542480468750 3799927
0.068237304687500 3800036
0.071472167968750 3799963
0.069030761718750 3800072
0.070678710937500 3800000
0.071411132812500 3800000
0.068603515625000 3799927
0.061950683593750 3800036
0.068725585937500 3800036
0.067993164062500 3800000
0.067321777343750 3800000
0.069885253906250 3800000
0.069641113281250 3800000
0.000000000000000 3799891
0.067565917968750 3800108
0.070922851562500 3799891
0.068420410156250 3800108
0.071105957031250 3800036
0.067626953125000 3799963
0.068359375000000 3800036
0.069580078125000 3799963
0.065856933593750 3800000
0.069946289062500 3800000
0.069580078125000 3799963
0.070556640625000 3800036
0.000000000000000 3800000
0.131896972656250 3799963
0.000000000000000 3800036
0.128234863281250 3800000
0.000000000000000 3800036
0.070861816406250 3799963
0.070861816406250 3800000
0.069641113281250 3799927
0.074707031250000 3800036
0.061584472656250 3800036
0.061462402343750 3800000
0.066040039062500 3799963
0.070556640625000 3800072
0.070312500000000 3799963
0.068542480468750 3800000
0.069885253906250 3800000
0.071350097656250 3799963
0.067199707031250 3800036
0.000000000000000 3800000
0.069946289062500 3800000
0.070312500000000 3800000
0.070983886718750 3800000
0.070068359375000 3799891
0.068054199218750 3800108
0.067871093750000 3800000
0.068542480468750 3800000
0.071166992187500 3800000
0.068603515625000 3800000
0.208923339843750 3799989
0.061584472656250 3800036
0.069335937500000 3800000
0.070922851562500 3799963
0.068847656250000 3800000
0.071289062500000 3800036
0.070617675781250 3799963
0.067138671875000 3800072
0.000000000000000 3799927
0.070861816406250 3800036
0.068176269531250 3800000
0.071716308593750 3800000
0.069396972656250 3800000
0.070129394531250 3799963
0.069580078125000 3800036
0.068176269531250 3799927
0.069458007812500 3800072
0.065979003906250 3800000
0.069824218750000 3800000
0.069274902343750 3799963
0.000000000000000 3800036
0.073303222656250 3800000
0.070129394531250 3800000
0.066955566406250 3800000
0.067932128906250 3800000
0.070007324218750 3800000
0.069885253906250 3799963
0.068969726562500 3800036
0.068847656250000 3800000
0.068969726562500 3799963
0.070922851562500 3800036
0.070678710937500 3799963
0.000000000000000 3800036
0.070129394531250 3799963
0.069091796875000 3800036
0.070068359375000 3800000
0.071044921875000 3800000
0.070678710937500 3800000
0.067626953125000 3800000
0.069274902343750 3800000
0.069030761718750 3800000
0.068481445312500 3800000
0.067138671875000 3800000
0.070495605468750 3800000
0.061950683593750 3800000
0.071716308593750 3800000
0.000000000000000 3799963
0.069030761718750 3800036
0.068908691406250 3800000
0.070251464843750 3800000
0.069152832031250 3800000
0.070068359375000 3800000
0.070251464843750 3800000
0.068237304687500 3799963
0.071228027343750 3800036
0.068847656250000 3800000
0.061767578125000 3800036
0.068054199218750 3799927
0.070617675781250 3799963
0.000000000000000 3800072
0.073181152343750 3799891
0.068542480468750 3800144
0.069702148437500 3799891
0.069946289062500 3800072
0.061218261718750 3800000
0.066894531250000 3800000
0.070007324218750 3799963
0.069030761718750 3800036
0.069885253906250 3800000
0.071716308593750 3800000
0.069641113281250 3799927
0.061279296875000 3800108
0.067871093750000 3799963
0.069824218750000 3799927
0.067260742187500 3800072
0.000000000000000 3800000
0.070983886718750 3800000
0.070739746093750 3800036
0.065368652343750 3799963
0.071411132812500 3799963
0.066894531250000 3800036
0.071289062500000 3800036
0.067749023437500 3799927
0.072143554687500 3800036
0.069335937500000 3800000
0.067565917968750 3799963
0.069091796875000 3800036
0.069274902343750 3800000
0.000000000000000 3800000
0.071411132812500 3799963
0.067382812500000 3800036
0.069152832031250 3800000
0.069946289062500 3800000
0.068664550781250 3800000
0.069824218750000 3800000
0.069702148437500 3800000
0.068420410156250 3800000
0.069152832031250 3800000
0.069885253906250 3800000
0.071228027343750 3799891
0.000000000000000 3800108
0.128173828125000 3800000
0.000000000000000 3800000
0.068603515625000 3800000
0.069335937500000 3800000
0.067626953125000 3800000
0.069274902343750 3800000
0.068481445312500 3800000
0.071166992187500 3800036
0.070007324218750 3799963
0.069885253906250 3800000
0.068298339843750 3799963
0.069946289062500 3800036
0.068420410156250 3799963
0.067993164062500 3800000
0.000000000000000 3800036
0.070312500000000 3799963
0.068847656250000 3800036
0.070556640625000 3799963
0.067199707031250 3800036
0.068176269531250 3800000
0.069030761718750 3800036
0.069152832031250 3799963
0.068298339843750 3799963
0.071105957031250 3800036
0.067504882812500 3800000
0.070068359375000 3799963
0.069213867187500 3800036
0.000000000000000 3799963
0.070068359375000 3800036
0.068237304687500 3800000
0.069274902343750 3800000
0.072387695312500 3800000
0.066772460937500 3799963
0.069519042968750 3800036
0.067687988281250 3800000
0.070129394531250 3800000
0.068908691406250 3799963
0.068237304687500 3800036
0.070922851562500 3800000
0.069519042968750 3800036
0.062622070312500 3799963
0.000000000000000 3800000
0.068786621093750 3800000
0.068664550781250 3800000
0.068054199218750 3800036
0.068115234375000 3799963
0.070190429687500 3800000
0.070739746093750 3800000
0.060668945312500 3800036
0.067016601562500 3799963
0.060852050781250 3800000
0.069274902343750 3799891
0.071044921875000 3800108
0.068176269531250 3800000
0.069519042968750 3800000
0.067749023437500 3799927
0.070617675781250 3800036
0.000000000000000 3800036
0.069335937500000 3799963
0.068420410156250 3800036
0.070617675781250 3799963
0.070190429687500 3800036
0.069458007812500 3799963
0.068847656250000 3800036
0.068908691406250 3800000
0.069885253906250 3800000
0.068481445312500 3800000
0.070251464843750 3800000
0.067260742187500 3800000
0.060913085937500 3800000
0.068725585937500 3797215
0.067749023437500 3802750
0.000000000000000 3800036
0.069274902343750 3800000
0.067871093750000 3800000
0.070861816406250 3800000
0.069396972656250 3800000
0.070617675781250 3800000
0.067932128906250 3800000
0.069763183593750 3800000
0.070678710937500 3800000
0.067810058593750 3800000
0.070190429687500 3800000
0.068115234375000 3800000
0.000000000000000 3800000
0.070373535156250 3800000
0.069458007812500 3800000
0.067993164062500 3800000
0.069335937500000 3800000
0.068115234375000 3800000
0.070556640625000 3800000
0.069274902343750 3799963
0.069274902343750 3800036
0.068969726562500 3800000
0.069274902343750 3800000
0.072509765625000 3800000
0.069885253906250 3800000
0.000000000000000 3799963
0.067993164062500 3800036
0.068054199218750 3800000
0.071228027343750 3800000
0.068908691406250 3800000
0.070861816406250 3800000
0.067626953125000 3799963
0.069335937500000 3800036
0.069763183593750 3800000
0.068115234375000 3800000
0.069152832031250 3800000
0.067382812500000 3800000
0.000000000000000 3799924
0.071899414062500 3800072
0.069885253906250 3800036
0.068603515625000 3800000
0.068908691406250 3799927
0.069335937500000 3800000
0.069763183593750 3800036
0.068542480468750 3800000
0.068420410156250 3800000
0.071289062500000 3800000
0.068969726562500 3799963
0.068847656250000 3800036
0.067993164062500 3800000
0.000000000000000 3800000
0.068664550781250 3800000
0.071105957031250 3800000
0.070312500000000 3800000
0.069702148437500 3800000
0.066162109375000 3800000
0.061218261718750 3800000
0.068542480468750 3799963
0.069274902343750 3800036
0.066772460937500 3800000
0.069274902343750 3800000
0.069946289062500 3800000
0.068847656250000 3800000
0.071594238281250 3799927
0.067504882812500 3800072
0.000000000000000 3800000
0.068847656250000 3800000
0.070251464843750 3799963
0.068420410156250 3800036
0.067871093750000 3800000
0.070251464843750 3800000
0.070251464843750 3800000
0.068542480468750 3800000
0.068847656250000 3799927
0.067626953125000 3800072
0.068298339843750 3799927
0.069763183593750 3800072
0.070007324218750 3800000
0.000000000000000 3800000
0.070434570312500 3800000
0.066406250000000 3800000
0.072692871093750 3799927
0.066955566406250 3800072
0.069396972656250 3800000
0.067565917968750 3800000
0.069274902343750 3800000
0.071899414062500 3800000
0.069152832031250 3800000
0.068298339843750 3800000
0.067443847656250 3800036
0.060913085937500 3799927
0.068298339843750 3800036
0.068603515625000 3800000
0.000000000000000 3800000
0.068725585937500 3800000
0.071411132812500 3800000
0.061828613281250 3800036
0.068603515625000 3799891
0.061950683593750 3800072
0.067138671875000 3800000
0.070556640625000 3800036
0.068725585937500 3799891
0.069885253906250 3800072
0.067260742187500 3800000
0.069702148437500 3800000
0.071228027343750 3800000
0.067626953125000 3799891
0.070190429687500 3800108
0.067565917968750 3800000
0.000000000000000 3800000
0.068847656250000 3800000
0.070434570312500 3800000
0.070800781250000 3800000
0.070739746093750 3800000
0.068542480468750 3800000
0.061523437500000 3800000
0.069458007812500 3800000
0.069580078125000 3800036
0.069274902343750 3799963
0.070983886718750 3800000
0.061462402343750 3800000
0.068115234375000 3800000
0.068603515625000 3800000
0.067993164062500 3800000
0.000000000000000 3800000
0.069702148437500 3800000
0.068603515625000 3800000
0.069702148437500 3800000
0.066467285156250 3800000
0.070617675781250 3800000
0.070678710937500 3800000
0.066833496093750 3800000
0.069458007812500 3800000
0.067077636718750 3800036
0.071594238281250 3799927
0.068847656250000 3800036
0.070800781250000 3799963
0.061218261718750 3800072
0.067871093750000 3799963
0.000000000000000 3799963
0.069396972656250 3800000
0.069946289062500 3800036
0.067993164062500 3799963
0.067443847656250 3800036
0.072204589843750 3800000
0.069641113281250 3800000
0.067443847656250 3800000
0.069274902343750 3799963
0.069152832031250 3800036
0.061584472656250 3800036
0.068542480468750 3799963
0.067871093750000 3800000
0.068603515625000 3800000
0.000000000000000 3800000
0.072143554687500 3800000
0.069458007812500 3800000
0.066894531250000 3799963
0.069458007812500 3800000
0.069946289062500 3800036
0.070190429687500 3799927
0.069885253906250 3800036
0.070434570312500 3800036
0.070556640625000 3800000
0.070007324218750 3800000
0.068237304687500 3799963
0.068908691406250 3799963
0.000000000000000 3800072
0.069885253906250 3800000
0.069030761718750 3800000
0.061706542968750 3800000
0.069702148437500 3800000
0.068176269531250 3800000
0.069519042968750 3800000
0.069152832031250 3799927
0.068725585937500 3800036
0.068420410156250 3800036
0.070129394531250 3799927
0.071472167968750 3800036
0.070007324218750 3800036
0.061340332031250 3800036
0.069824218750000 3799963
0.000000000000000 3800000
0.068115234375000 3800000
0.069274902343750 3800000
0.072143554687500 3800000
0.066711425781250 3800000
0.069335937500000 3800000
0.070434570312500 3800000
0.068664550781250 3800000
0.069763183593750 3800000
0.067993164062500 3800000
0.069885253906250 3800000
0.068359375000000 3799963
0.070800781250000 3800000
0.000000000000000 3800036
0.069641113281250 3800036
0.068176269531250 3799963
0.070617675781250 3800000
0.070129394531250 3800000
0.068054199218750 3800000
0.071105957031250 3800000
0.067993164062500 3799891
0.069702148437500 3800108
0.068847656250000 3800000
0.070190429687500 3800000
0.067077636718750 3800036
0.000000000000000 3799963
0.070068359375000 3800000
0.069580078125000 3800000
0.067932128906250 3800000
0.069458007812500 3800000
0.067810058593750 3800000
0.070617675781250 3800000
0.070007324218750 3799963
0.070556640625000 3800036
0.067260742187500 3800000
0.071655273437500 3800000
0.061645507812500 3799963
0.066772460937500 3800036
0.071594238281250 3800000
0.000000000000000 3800000
0.068420410156250 3800000
0.072204589843750 3800000
0.068664550781250 3800000
0.069458007812500 3800000
0.069885253906250 3800000
0.067687988281250 3800000
0.068542480468750 3800000
0.068176269531250 3799963
0.069458007812500 3800036
0.068298339843750 3800000
0.068725585937500 3800036
0.071472167968750 3799963
0.000000000000000 3800000
0.068969726562500 3800000
0.067749023437500 3800000
0.069702148437500 3800036
0.070800781250000 3799963
0.069030761718750 3799927
0.069458007812500 3800072
0.071594238281250 3800036
0.067871093750000 3799927
0.062194824218750 3800036
0.070434570312500 3800000
0.071411132812500 3800000
0.068054199218750 3799963
0.070068359375000 3800072
0.000000000000000 3799963
0.070739746093750 3800000
0.067810058593750 3800000
0.068481445312500 3800000
0.069091796875000 3799963
0.070861816406250 3800036
0.067565917968750 3800000
0.070861816406250 3800000
0.072021484375000 3800000
0.061218261718750 3800000
0.070251464843750 3799963
0.068359375000000 3800036
0.068725585937500 3800000
0.067993164062500 3800036
0.000000000000000 3799927
0.070739746093750 3800036
0.067871093750000 3800000
0.070678710937500 3799963
0.071716308593750 3800036
0.068664550781250 3800000
0.070434570312500 3800000
0.068847656250000 3800000
0.068237304687500 3800000
0.068481445312500 3799963
0.062500000000000 3800036
0.069091796875000 3800000
0.068847656250000 3800000
0.068847656250000 3800000
0.000000000000000 3800000
0.069641113281250 3800000
0.069030761718750 3800000
0.068725585937500 3800036
0.068542480468750 3799963
0.069824218750000 3800000
0.069213867187500 3800000
0.071350097656250 3800036
0.067871093750000 3799963
0.068054199218750 3800000
0.061828613281250 3800000
0.068725585937500 3800036
0.071105957031250 3799963
0.070129394531250 3800000
0.000000000000000 3800000
0.070068359375000 3800000
0.068725585937500 3800000
0.061340332031250 3800000
0.069396972656250 3800000
0.069458007812500 3799963
0.069152832031250 3800036
0.068969726562500 3799963
0.069030761718750 3800036
0.068481445312500 3800000
0.068420410156250 3800000
0.062316894531250 3799963
0.068298339843750 3799963
0.068298339843750 3800072
0.069641113281250 3800000
0.067687988281250 3800000
0.000000000000000 3800000
0.069396972656250 3799963
0.069213867187500 3800036
0.067993164062500 3800000
0.068420410156250 3800000
0.069091796875000 3800036
0.070617675781250 3800000
0.067199707031250 3800000
0.070678710937500 3799963
0.070251464843750 3800000
0.068359375000000 3800000
0.070373535156250 3800000
0.068481445312500 3799963
0.000000000000000 3800036
0.070617675781250 3800000
0.068420410156250 3800000
0.069885253906250 3800000
0.070190429687500 3800000
0.066833496093750 3800000
0.061218261718750 3799963
0.068420410156250 3800000
0.068725585937500 3800036
0.066467285156250 3799963
0.071228027343750 3800036
0.070983886718750 3800000
0.067626953125000 3800036
0.068359375000000 3799963
0.067321777343750 3800036
0.000000000000000 3799927
0.071716308593750 3800000
0.070312500000000 3800036
0.072082519531250 3800000
0.071105957031250 3800000
0.068115234375000 3800000
0.070190429687500 3800036
0.069030761718750 3799963
0.069580078125000 3800000
0.069763183593750 3800036
0.071289062500000 3799927
0.000000000000000 3800036
0.071166992187500 3800000
0.068176269531250 3800000
0.068908691406250 3799963
0.067321777343750 3800000
0.069519042968750 3800000
0.067993164062500 3800036
0.069519042968750 3800000
0.070434570312500 3800000
0.067626953125000 3800000
0.070983886718750 3799927
0.067687988281250 3800036
0.068420410156250 3799443
0.068359375000000 3793696
0.062194824218750 3800000
0.000000000000000 3800000
0.067749023437500 3800036
0.070007324218750 3800000
0.061584472656250 3800000
0.069702148437500 3800000
0.070495605468750 3800000
0.067871093750000 3796497
0.068908691406250 3800072
0.067565917968750 3800000
0.061340332031250 3800000
0.069030761718750 3799927
0.069641113281250 3800036
0.066711425781250 3800036
0.069519042968750 3800000
0.070190429687500 3799963
0.066650390625000 3800036
0.000000000000000 3800000
0.070129394531250 3800000
0.067749023437500 3800000
0.071044921875000 3799963
0.069885253906250 3800000
0.068969726562500 3800036
0.069946289062500 3800000
0.067321777343750 3799963
0.070373535156250 3800036
0.067993164062500 3799927
0.069885253906250 3800072
0.070007324218750 3800000
0.069091796875000 3800000
0.000000000000000 3800000
0.069519042968750 3800000
0.067260742187500 3800000
0.069946289062500 3800000
0.069702148437500 3799963
0.061950683593750 3800036
0.069274902343750 3800000
0.068664550781250 3800000
0.069091796875000 3800000
0.068664550781250 3800036
0.070251464843750 3799963
0.068054199218750 3800000
0.068969726562500 3800036
0.066894531250000 3799927
0.071960449218750 3800036
0.000000000000000 3800000
0.069702148437500 3800000
0.066467285156250 3800000
0.070068359375000 3800036
0.071289062500000 3799963
0.069580078125000 3800000
0.071838378906250 3800000
0.067993164062500 3800000
0.070434570312500 3800000
0.071044921875000 3799963
0.069335937500000 3800036
0.067871093750000 3800000
0.000000000000000 3800000
0.070617675781250 3800000
0.071289062500000 3800000
0.069335937500000 3800036
0.070922851562500 3799963
0.068786621093750 3800000
0.068298339843750 3800000
0.070312500000000 3701287
0.069091796875000 3755768
0.070678710937500 3799963
0.067504882812500 3800036
0.000000000000000 3800036
0.070739746093750 3799963
0.070678710937500 3800000
0.070556640625000 3799963
0.068786621093750 3799638
0.070678710937500 3800397
0.070312500000000 3800000
0.067443847656250 3800000
0.060791015625000 3800000
0.070190429687500 3800000
0.070617675781250 3799963
0.069335937500000 3800036
0.070617675781250 3800000
0.000000000000000 3800000
0.070739746093750 3800000
0.069335937500000 3800000
0.061218261718750 3800000
0.067260742187500 3799963
0.068603515625000 3800000
0.069458007812500 3800036
0.069152832031250 3800000
0.068176269531250 3800000
0.070678710937500 3800036
0.069763183593750 3799963
0.066833496093750 3800000
0.060668945312500 3800000
0.067810058593750 3800000
0.068359375000000 3799963
0.068542480468750 3800036
0.069152832031250 3800036
0.068847656250000 3799963
0.000000000000000 3800000
0.071838378906250 3800000
0.067810058593750 3800036
0.067138671875000 3800000
0.070312500000000 3799963
0.068115234375000 3800000
0.069335937500000 3800000
0.068847656250000 3800036
0.072265625000000 3799891
0.069458007812500 3800072
0.068786621093750 3800000
0.067199707031250 3799963
0.067871093750000 3800036
0.000000000000000 3800000
0.070312500000000 3799963
0.068176269531250 3800000
0.069458007812500 3800036
0.070739746093750 3800000
0.069641113281250 3800000
0.068298339843750 3800000
0.068847656250000 3800000
0.069580078125000 3800000
0.068481445312500 3800000
0.070556640625000 3800000
0.070068359375000 3800000
0.000000000000000 3800000
0.068908691406250 3800000
0.069824218750000 3800000
0.068603515625000 3800000
0.070007324218750 3800000
0.067993164062500 3800000
0.069274902343750 3800000
0.069152832031250 3800000
0.068725585937500 3800000
0.070129394531250 3800000
0.067871093750000 3799963
0.068847656250000 3800036
0.069946289062500 3799963
0.000000000000000 3799963
0.070068359375000 3800072
0.070434570312500 3800000
0.061340332031250 3800000
0.070190429687500 3800000
0.069396972656250 3800000
0.068298339843750 3800000
0.070068359375000 3800000
0.070007324218750 3800000
0.072021484375000 3800036
0.069396972656250 3799927
0.070312500000000 3800036
0.069885253906250 3800000
0.000000000000000 3800000
0.069030761718750 3799927
0.069213867187500 3800072
0.069396972656250 3800000
0.068603515625000 3799963
0.066955566406250 3800072
0.070556640625000 3799963
0.067993164062500 3800000
0.069335937500000 3799963
0.067810058593750 3800036
0.071411132812500 3800000
0.071166992187500 3800000
0.069274902343750 3800000
0.000000000000000 3800036
0.070190429687500 3799963
0.068237304687500 3800000
0.071777343750000 3800000
0.067871093750000 3800000
0.069885253906250 3799963
0.068664550781250 3800000
0.067443847656250 3800036
0.061950683593750 3800000
0.066223144531250 3800000
0.069213867187500 3800000
0.067810058593750 3800000
0.072448730468750 3800000
0.070739746093750 3800000
0.000000000000000 3800000
0.067687988281250 3800000
0.070190429687500 3799963
0.068542480468750 3800000
0.068908691406250 3800036
0.068298339843750 3800000
0.069274902343750 3800000
0.073425292968750 3800000
0.071411132812500 3800000
0.068664550781250 3800000
0.067932128906250 3800000
0.071228027343750 3800000
0.000000000000000 3799963
0.067871093750000 3800036
0.072387695312500 3800000
0.070007324218750 3799963
0.069030761718750 3800036
0.068176269531250 3800000
0.067077636718750 3799963
0.061096191406250 3800036
0.067138671875000 3800000
0.069763183593750 3800000
0.066162109375000 3799927
0.061035156250000 3800036
0.069885253906250 3800036
0.069152832031250 3800000
0.069580078125000 3799963
0.068237304687500 3800000
0.000000000000000 3800000
0.069702148437500 3800036
0.067749023437500 3800000
0.071166992187500 3800000
0.068237304687500 3799963
0.071411132812500 3800036
0.070556640625000 3800000
0.069152832031250 3799963
0.070617675781250 3800036
0.070983886718750 3799963
0.069396972656250 3799963
0.000000000000000 3800036
0.069702148437500 3800036
0.068542480468750 3800000
0.069458007812500 3800000
0.071289062500000 3800000
0.069946289062500 3800000
0.067749023437500 3800000
0.061096191406250 3800000
0.070861816406250 3799963
0.067260742187500 3800036
0.070373535156250 3800000
0.067810058593750 3800000
0.070617675781250 3800000
0.067749023437500 3800000
0.069641113281250 3800000
0.000000000000000 3800000
0.069702148437500 3799963
0.067993164062500 3800036
0.060974121093750 3800000
0.067138671875000 3799963
0.061035156250000 3800000
0.066772460937500 3800036
0.061035156250000 3799963
0.070739746093750 3800036
0.071655273437500 3800000
0.069152832031250 3800000
0.071411132812500 3800000
0.068237304687500 3800000
0.069519042968750 3800036
0.069519042968750 3799963
0.069213867187500 3800000
0.070251464843750 3800000
0.000000000000000 3799927
0.071289062500000 3800036
0.071716308593750 3800036
0.068481445312500 3800000
0.070556640625000 3800000
0.070800781250000 3800000
0.067993164062500 3800000
0.069213867187500 3800000
0.071533203125000 3800000
0.068420410156250 3800000
0.060974121093750 3800000
0.068176269531250 3800036
0.070190429687500 3799963
0.000000000000000 3800000
0.069274902343750 3799963
0.070800781250000 3800036
0.068176269531250 3800036
0.071289062500000 3799963
0.068847656250000 3800000
0.068969726562500 3799891
0.070983886718750 3800108
0.070129394531250 3800000
0.069335937500000 3800036
0.067810058593750 3799963
0.073059082031250 3799927
0.000000000000000 3800072
0.071472167968750 3800000
0.068237304687500 3800000
0.070556640625000 3800036
0.067993164062500 3799963
0.061523437500000 3800000
0.068542480468750 3799963
0.068847656250000 3800036
0.071228027343750 3800000
0.071044921875000 3799927
0.068115234375000 3800072
0.068542480468750 3800000
0.067993164062500 3800000
0.069396972656250 3800000
0.000000000000000 3799963
0.071838378906250 3800036
0.069702148437500 3799963
0.068237304687500 3800036
0.069580078125000 3800000
0.068969726562500 3800000
0.070007324218750 3800000
0.068603515625000 3800000
0.070983886718750 3800000
0.068420410156250 3800036
0.069458007812500 3799963
0.068298339843750 3799963
0.000000000000000 3800036
0.068054199218750 3799963
0.070190429687500 3800000
0.070373535156250 3800036
0.070312500000000 3800000
0.070007324218750 3799963
0.069885253906250 3800036
0.067565917968750 3800000
0.059875488281250 3800000
0.061462402343750 3800000
0.068969726562500 3800000
0.068847656250000 3799963
0.061157226562500 3800036
0.071594238281250 3799963
0.068420410156250 3800036
0.068542480468750 3800000
0.069274902343750 3800000
0.000000000000000 3799963
0.071044921875000 3800036
0.063293457031250 3799963
0.073364257812500 3800036
0.074401855468750 3799963
0.068359375000000 3800036
0.062255859375000 3800000
0.066589355468750 3800000
0.062194824218750 3799963
0.070678710937500 3800036
0.066711425781250 3800000
0.067138671875000 3800036
0.071044921875000 3800000
0.067810058593750 3799963
0.000000000000000 3800000
0.136047363281250 3800000
0.000000000000000 3800000
0.066589355468750 3799963
0.069091796875000 3800036
0.064575195312500 3800000
0.072570800781250 3800000
0.061950683593750 3800000
0.066284179687500 3800000
0.066406250000000 3800000
0.069641113281250 3800000
0.061401367187500 3800000
0.067565917968750 3800000
0.068237304687500 3800000
0.067016601562500 3799963
0.070129394531250 3800000
0.070068359375000 3800036
0.067504882812500 3800000
0.070129394531250 3800036
0.000000000000000 3799963
0.069091796875000 3794721
0.068725585937500 3794765
0.070800781250000 3800000
0.069641113281250 3799963
0.071289062500000 3800036
0.069946289062500 3800000
0.070800781250000 3800000
0.068969726562500 3800000
0.069030761718750 3800036
0.070617675781250 3799963
0.069396972656250 3800000
0.062255859375000 3800000
0.000000000000000 3800000
0.130615234375000 3800000
0.000000000000000 3800000
0.071777343750000 3800000
0.068054199218750 3800000
0.070190429687500 3800000
0.068359375000000 3800000
0.061401367187500 3800000
0.069580078125000 3800000
0.061462402343750 3800000
0.070190429687500 3800000
0.074707031250000 3800000
0.063354492187500 3800000
0.069091796875000 3800000
0.070495605468750 3800000
0.068969726562500 3800000
0.071166992187500 3800000
0.000000000000000 3800000
0.068054199218750 3800000
0.071228027343750 3800000
0.070251464843750 3800000
0.068481445312500 3800000
0.071105957031250 3800000
0.066894531250000 3800000
0.068542480468750 3800000
0.068420410156250 3800000
0.061340332031250 3800000
0.063232421875000 3799963
0.061523437500000 3800000
0.060424804687500 3800000
0.060241699218750 3800036
0.071105957031250 3800000
0.069335937500000 3800000
0.070251464843750 3800000
0.069396972656250 3800000
0.064941406250000 3800000
0.000000000000000 3887631
0.076416015625000 3900037
0.075439453125000 3899962
0.080444335937500 3900037
0.078002929687500 3899962
0.070129394531250 3900000
0.079833984375000 3900000
0.080261230468750 3900000
0.076354980468750 3900000
0.077148437500000 3900000
0.079406738281250 3900000
0.080627441406250 3900037
0.077453613281250 3900000
0.078857421875000 3899962
0.000000000000000 3900000
0.078796386718750 3899962
0.078125000000000 3900074
0.077697753906250 3899925
0.076843261718750 3900074
0.076416015625000 3899962
0.069396972656250 3900000
0.075683593750000 3900037
0.069946289062500 3900000
0.076232910156250 3899962
0.081665039062500 3900037
0.081848144531250 3899962
0.079101562500000 3900037
0.076660156250000 3899962
0.081420898437500 3900000
0.080017089843750 3900037
0.000000000000000 3899962
0.078247070312500 3900037
0.081787109375000 3899962
0.078491210937500 3900000
0.068908691406250 3900000
0.078247070312500 3900000
0.068908691406250 3900037
0.081176757812500 3899962
0.079711914062500 3900037
0.079895019531250 3899962
0.078430175781250 3900000
0.078674316406250 3900000
0.078735351562500 3900037
0.078674316406250 3900000
0.000000000000000 3899962
0.081298828125000 3900037
0.075805664062500 3899962
0.069519042968750 3900037
0.079040527343750 3899962
0.081298828125000 3900000
0.076538085937500 3900037
0.070251464843750 3899962
0.078857421875000 3900000
0.080383300781250 3900037
0.071228027343750 3900000
0.076721191406250 3899962
0.078247070312500 3900000
0.078063964843750 3900037
0.081542968750000 3899962
0.078796386718750 3900000
0.000000000000000 3900000
0.082580566406250 3900038
0.077575683593750 3900000
0.076293945312500 3900000
0.080200195312500 3900000
0.078125000000000 3900000
0.080810546875000 3899962
0.080993652343750 3900037
0.070129394531250 3900000
0.077270507812500 3900000
0.079589843750000 3900000
0.081298828125000 3900000
0.076538085937500 3899925
0.070007324218750 3900074
0.077026367187500 3899962
0.000000000000000 3900000
0.079833984375000 3900000
0.079223632812500 3900037
0.078369140625000 3899962
0.080383300781250 3900000
0.076538085937500 3900000
0.077697753906250 3900037
0.076965332031250 3900000
0.080749511718750 3899925
0.077148437500000 3900037
0.080932617187500 3900000
0.078674316406250 3900000
0.077209472656250 3900037
0.069580078125000 3900000
0.076904296875000 3899962
0.000000000000000 3900000
0.078308105468750 3900037
0.077331542968750 3899962
0.078308105468750 3900000
0.077758789062500 3900000
0.070007324218750 3900037
0.080688476562500 3899962
0.076049804687500 3899962
0.081420898437500 3900037
0.079040527343750 3900000
0.078369140625000 3900037
0.077758789062500 3899962
0.082641601562500 3900037
0.000000000000000 3899962
0.083129882812500 3900037
0.078857421875000 3900000
0.078918457031250 3899962
0.077331542968750 3900037
0.070556640625000 3899962
0.079345703125000 3900000
0.079833984375000 3900000
0.078796386718750 3900000
0.079223632812500 3900000
0.080566406250000 3900037
0.076232910156250 3899962
0.078308105468750 3900037
0.077331542968750 3899962
0.079711914062500 3900037
0.000000000000000 3899962
0.083129882812500 3900000
0.076293945312500 3900000
0.079040527343750 3900000
0.080505371093750 3900000
0.079833984375000 3900000
0.075744628906250 3900037
0.076293945312500 3899962
0.076782226562500 3900037
0.074829101562500 3900000
0.000000000000000 3899962
0.076232910156250 3899962
0.073120117187500 3900037
0.073669433593750 3899962
0.073303222656250 3900037
0.074340820312500 3900037
0.075988769531250 3899962
0.074096679687500 3900037
0.074890136718750 3900000
0.073303222656250 3899962
0.073913574218750 3900000
0.072631835937500 3900000
0.073547363281250 3900000
0.000000000000000 3900000
0.075683593750000 3900000
0.072082519531250 3900037
0.074218750000000 3899962
0.075866699218750 3900000
0.075195312500000 3900037
0.074157714843750 3899962
0.077514648437500 3900037
0.073852539062500 3900000
0.074096679687500 3899962
0.074890136718750 3900000
0.075500488281250 3900000
0.000000000000000 3900037
0.074462890625000 3900000
0.072021484375000 3899962
0.073791503906250 3900000
0.074157714843750 3900000
0.075012207031250 3900000
0.075317382812500 3900000
0.072387695312500 3900037
0.075622558593750 3899962
0.072143554687500 3900037
0.074707031250000 3899962
0.074645996093750 3900000
0.000000000000000 3900037
0.071533203125000 3899962
0.075012207031250 3900000
0.072753906250000 3900037
0.073486328125000 3899962
0.073181152343750 3900037
0.076232910156250 3899962
0.073913574218750 3900037
0.071899414062500 3899962
0.074890136718750 3899962
0.073364257812500 3900074
0.067138671875000 3899962
0.073486328125000 3900000
0.074462890625000 3900000
0.073730468750000 3900000
0.000000000000000 3900000
0.073669433593750 3900037
0.075378417968750 3899962
0.073913574218750 3900037
0.075805664062500 3899925
0.072448730468750 3900037
0.074890136718750 3900000
0.076904296875000 3900000
0.073303222656250 3900000
0.073242187500000 3900000
0.075622558593750 3900037
0.000000000000000 3899962
0.075256347656250 3900000
0.072143554687500 3900000
0.073547363281250 3900000
0.075805664062500 3900000
0.075683593750000 3900037
0.072692871093750 3899925
0.072265625000000 3900074
0.074829101562500 3899962
0.073974609375000 3900037
0.075195312500000 3900000
0.077209472656250 3899962
0.072631835937500 3900037
0.000000000000000 3900000
0.072998046875000 3900000
0.075866699218750 3899962
0.074645996093750 3900000
0.071411132812500 3900000
0.073547363281250 3900037
0.076354980468750 3900000
0.075866699218750 3900000
0.073669433593750 3899962
0.072448730468750 3900000
0.073791503906250 3900000
0.074707031250000 3900000
0.000000000000000 3900038
0.073974609375000 3900000
0.073913574218750 3899962
0.075317382812500 3900000
0.065551757812500 3900000
0.073669433593750 3900037
0.073547363281250 3899962
0.073364257812500 3900037
0.075378417968750 3899962
0.076538085937500 3900037
0.073974609375000 3899962
0.074523925781250 3900037
0.072265625000000 3900000
0.066223144531250 3900000
0.073425292968750 3899962
0.000000000000000 3900000
0.073364257812500 3900000
0.072143554687500 3900037
0.075134277343750 3900000
0.074951171875000 3899925
0.072570800781250 3899962
0.074096679687500 3900074
0.072631835937500 3900037
0.075378417968750 3900000
0.072143554687500 3900000
0.073425292968750 3900000
0.074707031250000 3899962
0.072570800781250 3900037
0.065856933593750 3899962
0.072021484375000 3900037
0.073669433593750 3899962
0.000000000000000 3900000
0.075744628906250 3900037
0.075012207031250 3899962
0.077880859375000 3900000
0.071960449218750 3900000
0.071960449218750 3900000
0.072692871093750 3900000
0.074401855468750 3899925
0.072204589843750 3900074
0.076171875000000 3900037
0.071472167968750 3899962
0.073547363281250 3900000
0.000000000000000 3900000
0.294189453125000 3900000
0.076660156250000 3900000
0.074340820312500 3900000
0.076049804687500 3900037
0.000000000000000 3899962
0.073547363281250 3900037
0.073852539062500 3899888
0.066528320312500 3900111
0.073242187500000 3899962
0.075378417968750 3900000
0.072265625000000 3900000
0.076477050781250 3900037
0.073547363281250 3899962
0.072265625000000 3899962
0.074218750000000 3900037
0.073303222656250 3900000
0.075744628906250 3900037
0.073303222656250 3900000
0.000000000000000 3899962
0.075378417968750 3900000
0.075744628906250 3900037
0.073486328125000 3900000
0.073608398437500 3899962
0.072692871093750 3900000
0.073974609375000 3900037
0.072448730468750 3900000
0.065612792968750 3900000
0.073974609375000 3899962
0.076293945312500 3900000
0.065307617187500 3900000
0.072143554687500 3900000
0.073852539062500 3900000
0.072021484375000 3900037
0.072631835937500 3899962
0.000000000000000 3900037
0.073242187500000 3899925
0.076110839843750 3900037
0.075134277343750 3900000
0.073425292968750 3900037
0.073364257812500 3899962
0.075439453125000 3900000
0.075439453125000 3900000
0.070861816406250 3900000
0.065429687500000 3900000
0.072448730468750 3900000
0.076477050781250 3900000
0.076416015625000 3900000
0.073852539062500 3900037
0.000000000000000 3899962
0.074890136718750 3900000
0.073974609375000 3900000
0.065551757812500 3900000
0.073242187500000 3900000
0.074279785156250 3900000
0.073791503906250 3900000
0.072265625000000 3900000
0.076477050781250 3900000
0.070800781250000 3900000
0.075073242187500 3900000
0.074645996093750 3900000
0.074829101562500 3900037
0.000000000000000 3899962
0.075256347656250 3900000
0.072021484375000 3900000
0.074584960937500 3899962
0.073364257812500 3900037
0.075500488281250 3900037
0.072326660156250 3899962
0.073181152343750 3900037
0.074829101562500 3900000
0.075439453125000 3899962
0.073669433593750 3899962
0.074951171875000 3900037
0.072509765625000 3900037
0.073364257812500 3900000
0.065246582031250 3899962
0.000000000000000 3900000
0.073425292968750 3900000
0.075744628906250 3900000
0.075012207031250 3900000
0.072692871093750 3900000
0.074584960937500 3900037
0.074035644531250 3900000
0.073181152343750 3899962
0.073425292968750 3900037
0.065124511718750 3900000
0.076660156250000 3900000
0.072021484375000 3899962
0.075195312500000 3900000
0.074157714843750 3900000
0.000000000000000 3900000
0.075744628906250 3900037
0.073730468750000 3899962
0.065124511718750 3900037
0.065612792968750 3899962
0.073181152343750 3900000
0.076477050781250 3900000
0.072448730468750 3900000
0.073669433593750 3899962
0.074218750000000 3900037
0.077148437500000 3900000
0.073669433593750 3900037
0.074890136718750 3900000
0.066467285156250 3899962
0.074218750000000 3900037
0.073364257812500 3899962
0.000000000000000 3900000
0.071899414062500 3899962
0.073242187500000 3900037
0.074340820312500 3900000
0.077514648437500 3900000
0.073669433593750 3900037
0.074157714843750 3899962
0.075134277343750 3900000
0.071960449218750 3900000
0.075988769531250 3900000
0.072937011718750 3900000
0.073913574218750 3900000
0.000000000000000 3900000
0.075683593750000 3900000
0.072387695312500 3900000
0.074768066406250 3900037
0.072082519531250 3837894
0.072448730468750 3799963
0.066833496093750 3800000
0.072021484375000 3800000
0.069885253906250 3799963
0.069580078125000 3793055
0.062438964843750 3783331
0.070312500000000 3795473
0.070434570312500 3789584
0.069335937500000 3799927
0.000000000000000 3800072
0.072021484375000 3800000
0.072204589843750 3793804
0.068176269531250 3790424
0.070678710937500 3783331
0.070190429687500 3793462
0.061462402343750 3799927
0.068908691406250 3800072
0.068969726562500 3796581
0.067565917968750 3800000
0.072204589843750 3800000
0.070007324218750 3796595
0.068054199218750 3800000
0.000000000000000 3800000
0.068664550781250 3798309
0.067626953125000 3798273
0.071655273437500 3786106
0.067749023437500 3799891
0.070434570312500 3800108
0.069274902343750 3800036
0.069458007812500 3799927
0.069702148437500 3800036
0.067016601562500 3800000
0.069824218750000 3800000
0.067993164062500 3800000
0.071166992187500 3800000
0.000000000000000 3800000
0.068786621093750 3800000
0.068847656250000 3800000
0.068847656250000 3800036
0.060424804687500 3799963
0.068115234375000 3800000
0.068237304687500 3799963
0.060974121093750 3800072
0.067749023437500 3800000
0.071533203125000 3799963
0.068603515625000 3800000
0.069213867187500 3800000
0.070556640625000 3800036
0.069213867187500 3799963
0.070678710937500 3800036
0.067871093750000 3800000
0.000000000000000 3799963
0.131286621093750 3800000
0.000000000000000 3800000
0.069335937500000 3800000
0.070190429687500 3799963
0.068420410156250 3800036
0.071166992187500 3800000
0.068908691406250 3800000
0.062194824218750 3800000
0.068908691406250 3800000
0.070434570312500 3786403
0.069030761718750 3795973
0.068481445312500 3800000
0.068298339843750 3800000
0.068908691406250 3800000
0.068725585937500 3799963
0.000000000000000 3800036
0.069274902343750 3795981
0.071899414062500 3797496
0.068969726562500 3794982
0.068542480468750 3800072
0.068786621093750 3799927
0.072021484375000 3800072
0.069030761718750 3800000
0.069396972656250 3800000
0.071044921875000 3800000
0.070556640625000 3800000
0.068542480468750 3799963
0.000000000000000 3800036
0.068847656250000 3800000
0.068298339843750 3800000
0.069152832031250 3800000
0.069519042968750 3799963
