0.069335937500000 3600102
0.000000000000000 3600000
0.067321777343750 3600000
0.067687988281250 3600000
0.066406250000000 3600000
0.065612792968750 3600000
0.066406250000000 3600000
0.065979003906250 3600000
0.059204101562500 3600000
0.064086914062500 3600000
0.069335937500000 3600000
0.068176269531250 3600000
0.065917968750000 3600034
0.068481445312500 3599965
0.066650390625000 3599965
0.067504882812500 3600034
0.000000000000000 3600034
0.067199707031250 3599965
0.069641113281250 3600000
0.066833496093750 3600000
0.064270019531250 3600034
0.067504882812500 3599965
0.066833496093750 3600034
0.067993164062500 3599965
0.067199707031250 3599931
0.068115234375000 3600068
0.069091796875000 3600000
0.065917968750000 3600000
0.000000000000000 3600000
0.068420410156250 3600034
0.066528320312500 3599965
0.066894531250000 3600034
0.065979003906250 3600000
0.067687988281250 3599965
0.065673828125000 3600000
0.067138671875000 3600000
0.067565917968750 3600000
0.065124511718750 3600000
0.068176269531250 3600000
0.065734863281250 3600034
0.067016601562500 3599965
0.067077636718750 3600000
0.000000000000000 3600000
0.068298339843750 3600000
0.068359375000000 3600000
0.064270019531250 3600000
0.059448242187500 3600000
0.066589355468750 3600000
0.066345214843750 3600000
0.067199707031250 3600000
0.066589355468750 3600034
0.067443847656250 3599965
0.065124511718750 3600000
0.068847656250000 3600000
0.066894531250000 3600000
0.066894531250000 3600000
0.066711425781250 3599965
0.000000000000000 3600034
0.069152832031250 3600000
0.067749023437500 3600000
0.065612792968750 3600000
0.067871093750000 3600000
0.066345214843750 3600000
0.060180664062500 3600000
0.066040039062500 3600000
0.069885253906250 3600000
0.067749023437500 3600000
0.064392089843750 3599965
0.069030761718750 3600034
0.065185546875000 3600000
0.000000000000000 3600000
0.068969726562500 3600000
0.067687988281250 3600000
0.066528320312500 3600000
0.068115234375000 3599965
0.065246582031250 3600034
0.067382812500000 3600000
0.067138671875000 3600000
0.067260742187500 3600000
0.064941406250000 3600000
0.066345214843750 3599965
0.071166992187500 3600034
0.065429687500000 3600034
0.000000000000000 3599965
0.067382812500000 3600000
0.065490722656250 3600000
0.068847656250000 3600000
0.067626953125000 3600000
0.066955566406250 3600000
0.069702148437500 3600000
0.065551757812500 3600000
0.059753417968750 3600000
0.067687988281250 3600034
0.066894531250000 3599965
0.065856933593750 3600000
0.068420410156250 3600034
0.065002441406250 3599965
0.000000000000000 3600000
0.069274902343750 3600000
0.066894531250000 3600000
0.065734863281250 3599965
0.067810058593750 3600034
0.067016601562500 3600000
0.067443847656250 3600000
0.067138671875000 3599965
0.069702148437500 3600000
0.067687988281250 3600034
0.066101074218750 3600000
0.066589355468750 3600000
0.067749023437500 3599931
0.000000000000000 3600068
0.067382812500000 3600000
0.066894531250000 3600000
0.066955566406250 3600034
0.069763183593750 3599965
0.067443847656250 3599965
0.066589355468750 3600034
0.065795898437500 3600034
0.067443847656250 3599965
0.065612792968750 3600034
0.070129394531250 3599965
0.065063476562500 3600000
0.000000000000000 3600000
0.067077636718750 3600000
0.067993164062500 3600000
0.066589355468750 3599965
0.065612792968750 3600034
0.066406250000000 3599931
0.069030761718750 3600102
0.065429687500000 3599965
0.068664550781250 3600000
0.065734863281250 3600000
0.065246582031250 3600000
0.067810058593750 3600000
0.067382812500000 3600000
0.067016601562500 3600000
0.000000000000000 3600034
0.069091796875000 3599965
0.065246582031250 3600000
0.066833496093750 3600000
0.067993164062500 3600000
0.066040039062500 3600000
0.065917968750000 3599965
0.067016601562500 3600000
0.068969726562500 3600034
0.065307617187500 3600000
0.067504882812500 3600000
0.066284179687500 3600000
0.067565917968750 3600000
0.000000000000000 3600000
0.066894531250000 3600000
0.066711425781250 3600000
0.066101074218750 3600000
0.066650390625000 3600034
0.059204101562500 3599965
0.066711425781250 3600000
0.068237304687500 3600000
0.066345214843750 3600000
0.066833496093750 3600034
0.066528320312500 3599965
0.067810058593750 3600000
0.067199707031250 3600034
0.065673828125000 3599965
0.068664550781250 3600000
0.000000000000000 3600000
0.067199707031250 3600000
0.066223144531250 3600000
0.064697265625000 3600034
0.067687988281250 3599965
0.059387207031250 3600000
0.065612792968750 3600000
0.067138671875000 3600034
0.065490722656250 3599965
0.068664550781250 3600000
0.067260742187500 3600034
0.066711425781250 3599965
0.066711425781250 3600000
0.068786621093750 3600000
0.067687988281250 3599965
0.000000000000000 3600034
0.065368652343750 3600000
0.067016601562500 3600000
0.066467285156250 3600000
0.066955566406250 3600000
0.069458007812500 3599965
0.066955566406250 3600034
0.068237304687500 3600000
0.067504882812500 3600000
0.067504882812500 3600000
0.067382812500000 3599965
0.067138671875000 3600034
0.000000000000000 3600000
0.069824218750000 3600000
0.065612792968750 3599965
0.069702148437500 3600034
0.066040039062500 3600000
0.067321777343750 3600000
0.067382812500000 3600000
0.059448242187500 3600000
0.065490722656250 3600000
0.066833496093750 3600000
0.065917968750000 3600000
0.065856933593750 3599965
0.068054199218750 3600034
0.065795898437500 3600034
0.069030761718750 3599965
0.000000000000000 3600034
0.124572753906250 3481610
0.000000000000000 3600000
0.067810058593750 3600000
0.069091796875000 3599931
0.068542480468750 3600068
0.067199707031250 3600000
0.067077636718750 3600000
0.066894531250000 3600000
0.067810058593750 3600000
0.069335937500000 3600034
0.068542480468750 3599965
0.068298339843750 3600000
0.000000000000000 3600000
0.065673828125000 3600000
0.065856933593750 3600000
0.066162109375000 3600000
0.068542480468750 3600000
0.070617675781250 3600000
0.064575195312500 3600000
0.068176269531250 3600000
0.067199707031250 3600000
0.067443847656250 3600000
0.067321777343750 3600000
0.067932128906250 3600000
0.000000000000000 3600000
0.068176269531250 3600000
0.066101074218750 3600000
0.068176269531250 3600000
0.065979003906250 3600000
0.065917968750000 3600000
0.067077636718750 3600000
0.067687988281250 3600000
0.066406250000000 3600000
0.067687988281250 3600000
0.066040039062500 3600034
0.067749023437500 3599965
0.067016601562500 3600000
0.064941406250000 3600000
0.059204101562500 3599965
0.065612792968750 3600000
0.000000000000000 3600034
0.067016601562500 3600000
0.067932128906250 3600034
0.067077636718750 3599965
0.066894531250000 3599965
0.067810058593750 3600034
0.067687988281250 3600000
0.066406250000000 3600000
0.067016601562500 3600000
0.068481445312500 3600000
0.067382812500000 3600000
0.068237304687500 3600000
0.000000000000000 3600000
0.065734863281250 3600000
0.067687988281250 3600000
0.067687988281250 3600000
0.066223144531250 3599931
0.067871093750000 3600068
0.064636230468750 3599828
0.067199707031250 3600171
0.066284179687500 3600000
0.066955566406250 3600000
0.067199707031250 3599965
0.068969726562500 3600034
0.059875488281250 3600000
0.066284179687500 3600034
0.000000000000000 3600000
0.067504882812500 3600000
0.065551757812500 3599965
0.068786621093750 3600000
0.065795898437500 3600000
0.067749023437500 3600000
0.067810058593750 3600034
0.066650390625000 3600000
0.068298339843750 3599965
0.065795898437500 3600000
0.068908691406250 3600000
0.065917968750000 3600034
0.067993164062500 3599965
0.000000000000000 3600000
0.067321777343750 3600034
0.066467285156250 3599965
0.067321777343750 3600000
0.066772460937500 3600000
0.068603515625000 3599965
0.066223144531250 3600034
0.067077636718750 3600000
0.068176269531250 3600000
0.066650390625000 3599965
0.066528320312500 3600034
0.066711425781250 3600000
0.067077636718750 3600000
0.000000000000000 3600000
0.066833496093750 3599931
0.067443847656250 3600068
0.067871093750000 3600000
0.067199707031250 3600000
0.066711425781250 3600000
0.068054199218750 3600000
0.066345214843750 3600000
0.066345214843750 3599965
0.068298339843750 3600000
0.066528320312500 3600034
0.066711425781250 3600000
0.066223144531250 3599931
0.000000000000000 3600068
0.065856933593750 3600000
0.068786621093750 3599965
0.067871093750000 3600034
0.068359375000000 3599931
0.068786621093750 3600068
0.064453125000000 3600000
0.067504882812500 3600000
0.066101074218750 3600000
0.067932128906250 3599965
0.066528320312500 3600000
0.068176269531250 3600068
0.000000000000000 3599965
0.070922851562500 3600000
0.066345214843750 3600000
0.069580078125000 3600000
0.065246582031250 3599897
0.066528320312500 3600102
0.069274902343750 3600000
0.067687988281250 3600000
0.068786621093750 3600000
0.065795898437500 3599931
0.068115234375000 3600068
0.064758300781250 3600000
0.000000000000000 3600000
0.068664550781250 3600034
0.065063476562500 3600000
0.069091796875000 3599965
0.069213867187500 3600000
0.066040039062500 3600000
0.065856933593750 3600034
0.068115234375000 3599965
0.069641113281250 3600034
0.067565917968750 3600000
0.067016601562500 3599965
0.067687988281250 3600034
0.000000000000000 3599965
0.067260742187500 3599965
0.068481445312500 3600034
0.065368652343750 3599965
0.066406250000000 3600068
0.066711425781250 3599965
0.068542480468750 3600000
0.066955566406250 3600000
0.066101074218750 3600034
0.068786621093750 3599965
0.064880371093750 3599965
0.060180664062500 3600034
0.066589355468750 3600000
0.067016601562500 3600000
0.067932128906250 3599965
0.000000000000000 3600034
0.066406250000000 3599931
0.068664550781250 3600068
0.065429687500000 3600000
0.067504882812500 3600000
0.066223144531250 3600000
0.067871093750000 3600000
0.068786621093750 3600000
0.067871093750000 3600034
0.066711425781250 3599965
0.066101074218750 3600000
0.069641113281250 3600000
0.000000000000000 3726976
0.068420410156250 3751382
0.074707031250000 3699964
0.075988769531250 3700035
0.073791503906250 3698220
0.073486328125000 3699929
0.071289062500000 3700035
0.065002441406250 3700000
0.073608398437500 3698014
0.064025878906250 3700000
0.070434570312500 3700000
0.072265625000000 3693633
0.073730468750000 3694650
0.073608398437500 3683369
0.000000000000000 3695054
0.073791503906250 3700035
0.071228027343750 3700000
0.068054199218750 3694088
0.072082519531250 3683609
0.074584960937500 3700000
0.074584960937500 3700000
0.064514160156250 3683655
0.076232910156250 3694282
0.077087402343750 3694711
0.066772460937500 3694231
0.067443847656250 3683738
0.072814941406250 3683369
0.078552246093750 3699375
0.000000000000000 3700105
0.072143554687500 3700000
0.072692871093750 3700035
0.066284179687500 3700000
0.067199707031250 3700000
0.069274902343750 3699964
0.074340820312500 3700035
0.067626953125000 3699964
0.069030761718750 3700000
0.074279785156250 3700000
0.066345214843750 3700035
0.074768066406250 3688668
0.076416015625000 3683369
0.071655273437500 3694558
0.073974609375000 3695624
0.072326660156250 3699964
0.000000000000000 3699929
0.076354980468750 3700105
0.071716308593750 3699964
0.073425292968750 3700000
0.072021484375000 3700000
0.073242187500000 3700000
0.071594238281250 3700000
0.072326660156250 3700000
0.075012207031250 3700000
0.070678710937500 3689144
0.071899414062500 3700000
0.071105957031250 3688783
0.072509765625000 3700000
0.072631835937500 3700000
0.000000000000000 3692851
0.074035644531250 3695152
0.073791503906250 3686355
0.071350097656250 3684797
0.073791503906250 3693114
0.070556640625000 3684574
0.071655273437500 3699964
0.072753906250000 3700035
0.071411132812500 3693429
0.073242187500000 3684242
0.072998046875000 3700000
0.071777343750000 3688180
0.072570800781250 3689249
0.000000000000000 3688672
0.073181152343750 3689009
0.070861816406250 3688849
0.072265625000000 3683330
0.070678710937500 3694426
0.066345214843750 3689121
0.075927734375000 3699964
0.071411132812500 3694853
0.073242187500000 3683333
0.071411132812500 3692749
0.074218750000000 3700035
0.069885253906250 3699964
0.072204589843750 3700035
0.074157714843750 3699964
0.000000000000000 3700000
0.070922851562500 3700035
0.073974609375000 3699964
0.071533203125000 3700000
0.075195312500000 3700000
0.070861816406250 3695219
0.074584960937500 3683332
0.073913574218750 3694580
0.073608398437500 3692719
0.073852539062500 3700000
0.073303222656250 3700000
0.075073242187500 3696523
0.000000000000000 3683334
0.073669433593750 3686302
0.073913574218750 3691573
0.076477050781250 3686235
0.068725585937500 3691653
0.068359375000000 3694562
0.066040039062500 3691594
0.076904296875000 3688901
0.072509765625000 3700000
0.072998046875000 3700000
0.073181152343750 3692224
0.070312500000000 3683299
0.071289062500000 3683365
0.072082519531250 3683333
0.000000000000000 3690929
0.072448730468750 3688896
0.072875976562500 3692729
0.072753906250000 3696215
0.070983886718750 3692909
0.064941406250000 3683332
0.072814941406250 3683297
0.072387695312500 3694564
0.073608398437500 3689498
0.072448730468750 3688919
0.073242187500000 3693944
0.072448730468750 3694962
0.074951171875000 3694116
0.073547363281250 3683297
0.064208984375000 3694547
0.000000000000000 3694234
0.074218750000000 3700000
0.073181152343750 3699964
0.074829101562500 3700000
0.075012207031250 3700000
0.074096679687500 3688892
0.064025878906250 3689829
0.073242187500000 3683370
0.072265625000000 3693422
0.071350097656250 3688879
0.072204589843750 3690152
0.071716308593750 3698818
0.073669433593750 3690211
0.000000000000000 3698579
0.073486328125000 3700070
0.072753906250000 3699964
0.072753906250000 3700000
0.071655273437500 3696425
0.072509765625000 3692219
0.072753906250000 3700035
0.072387695312500 3700000
0.076416015625000 3696869
0.070373535156250 3692027
0.075256347656250 3700035
0.069702148437500 3691474
0.071594238281250 3683334
0.070617675781250 3683333
0.000000000000000 3683333
0.073608398437500 3683333
0.072814941406250 3697011
0.075927734375000 3692038
0.064025878906250 3683335
0.069946289062500 3683334
0.073852539062500 3696608
0.070800781250000 3692417
0.072631835937500 3685291
0.071228027343750 3692639
0.073303222656250 3685184
0.073974609375000 3699964
0.072509765625000 3700035
0.071960449218750 3699964
0.000000000000000 3698856
0.072204589843750 3690090
0.072875976562500 3687799
0.071228027343750 3683334
0.073181152343750 3683371
0.072875976562500 3689746
0.070617675781250 3688106
0.063598632812500 3683337
0.070251464843750 3694592
0.074768066406250 3689434
0.071228027343750 3688344
0.074523925781250 3683337
0.070312500000000 3683330
0.064208984375000 3688850
0.075378417968750 3700000
0.072448730468750 3688850
0.000000000000000 3700000
0.073852539062500 3694891
0.071899414062500 3694018
0.073669433593750 3694980
0.072021484375000 3693910
0.075256347656250 3700035
0.074829101562500 3699964
0.070861816406250 3688805
0.071166992187500 3700035
0.072509765625000 3700000
0.075500488281250 3690011
0.071289062500000 3694570
0.073120117187500 3683365
0.000000000000000 3687584
0.073425292968750 3699964
0.072814941406250 3700035
0.072814941406250 3690503
0.069946289062500 3683368
0.073974609375000 3692700
0.073303222656250 3700000
0.064270019531250 3690901
0.070922851562500 3686846
0.073364257812500 3691019
0.071899414062500 3686760
0.072082519531250 3691684
0.073059082031250 3700000
0.071716308593750 3700000
0.000000000000000 3700000
0.076232910156250 3700035
0.070800781250000 3700000
0.073303222656250 3700000
0.074035644531250 3699964
0.072570800781250 3700035
0.072875976562500 3700000
0.071716308593750 3700000
0.074035644531250 3700000
0.071350097656250 3699964
0.073913574218750 3700035
0.074218750000000 3699964
0.072570800781250 3700000
0.000000000000000 3700000
0.072387695312500 3700000
0.070312500000000 3700000
0.072998046875000 3700000
0.071289062500000 3700000
0.072509765625000 3700000
0.074584960937500 3700035
0.070617675781250 3699964
0.073425292968750 3700000
0.072631835937500 3700000
0.072937011718750 3700035
0.070739746093750 3699929
0.073913574218750 3700035
0.000000000000000 3700035
0.073120117187500 3700000
0.074157714843750 3699964
0.071838378906250 3700035
0.072265625000000 3699964
0.071166992187500 3700000
0.072631835937500 3700000
0.075134277343750 3700035
0.074279785156250 3699964
0.072448730468750 3700000
0.071838378906250 3700000
0.072753906250000 3700035
0.072937011718750 3699964
0.000000000000000 3700000
0.070983886718750 3700000
0.075500488281250 3700000
0.065246582031250 3700000
0.071716308593750 3700000
0.071411132812500 3700000
0.071289062500000 3700000
0.071411132812500 3700035
0.072265625000000 3700000
0.072875976562500 3699929
0.070983886718750 3699964
0.073181152343750 3700105
0.075744628906250 3700000
0.072265625000000 3700000
0.072998046875000 3699964
0.000000000000000 3700000
0.071655273437500 3700035
0.073791503906250 3700000
0.071044921875000 3699964
0.074279785156250 3700035
0.073242187500000 3700000
0.071105957031250 3700000
0.064636230468750 3700000
0.072753906250000 3700000
0.072875976562500 3699964
0.072570800781250 3700000
0.074157714843750 3700000
0.075134277343750 3700000
0.072570800781250 3700000
0.000000000000000 3700035
0.075683593750000 3699964
0.070861816406250 3699964
0.074523925781250 3700070
0.072326660156250 3699964
0.073242187500000 3700000
0.072326660156250 3700035
0.073486328125000 3699964
0.074157714843750 3700000
0.072875976562500 3700035
0.074890136718750 3700000
0.070251464843750 3692837
0.000000000000000 3699964
0.075378417968750 3700000
0.072570800781250 3700035
0.071777343750000 3700000
0.073791503906250 3700000
0.072082519531250 3699964
0.064147949218750 3700000
0.071960449218750 3699964
0.072509765625000 3700035
0.075195312500000 3700035
0.073242187500000 3700000
0.072204589843750 3699964
0.071716308593750 3700035
0.074951171875000 3700000
0.000000000000000 3699964
0.073303222656250 3700035
0.064453125000000 3700000
0.070983886718750 3699964
0.074035644531250 3700000
0.073669433593750 3700035
0.074035644531250 3700000
0.074279785156250 3700000
0.074035644531250 3700000
0.071166992187500 3699964
0.075500488281250 3700035
0.072937011718750 3700000
0.074523925781250 3699964
0.000000000000000 3699964
0.072998046875000 3700035
0.074279785156250 3700035
0.074829101562500 3700000
0.072937011718750 3699964
0.072631835937500 3697322
0.070556640625000 3699574
0.074523925781250 3699894
0.072631835937500 3700070
0.074096679687500 3700035
0.072753906250000 3700000
0.000000000000000 3700000
0.073608398437500 3700000
0.074279785156250 3699964
0.072998046875000 3700035
0.073303222656250 3698630
0.063781738281250 3700000
0.073730468750000 3700000
0.073791503906250 3700035
0.064636230468750 3699964
0.072875976562500 3700000
0.064270019531250 3700035
0.073181152343750 3700000
0.072265625000000 3700000
0.073913574218750 3699964
0.071044921875000 3700035
0.072692871093750 3700000
0.071044921875000 3700000
0.000000000000000 3700000
0.074218750000000 3699964
0.073974609375000 3700000
0.069946289062500 3700035
0.073242187500000 3700000
0.071777343750000 3700000
0.072082519531250 3700000
0.071716308593750 3700000
0.074035644531250 3699964
0.075805664062500 3700000
0.069946289062500 3620573
0.058044433593750 3600000
0.066528320312500 3599965
0.060119628906250 3600034
0.066406250000000 3600000
0.067810058593750 3600034
0.000000000000000 3599965
0.067016601562500 3600000
0.067871093750000 3599965
0.069824218750000 3600034
0.068725585937500 3600000
0.068786621093750 3600000
0.067871093750000 3600000
0.068542480468750 3600000
0.066101074218750 3600000
0.068359375000000 3600000
0.068298339843750 3599965
0.000000000000000 3600034
0.065185546875000 3600000
0.069274902343750 3600000
0.064575195312500 3600000
0.066650390625000 3600000
0.065429687500000 3600000
0.059997558593750 3599965
0.065979003906250 3600034
0.059326171875000 3596367
0.067321777343750 3596363
0.064758300781250 3600000
0.070251464843750 3599931
0.067382812500000 3600034
0.067810058593750 3597201
0.064575195312500 3600000
0.067565917968750 3600000
0.000000000000000 3600000
0.068481445312500 3600000
0.066406250000000 3600000
0.069152832031250 3586081
0.065856933593750 3591691
0.069274902343750 3597371
0.066589355468750 3583334
0.065673828125000 3593949
0.067626953125000 3597971
0.069091796875000 3600000
0.067565917968750 3600000
0.067565917968750 3588824
0.067199707031250 3592311
0.000000000000000 3596621
0.065063476562500 3592448
0.069335937500000 3594573
0.067504882812500 3590449
0.068542480468750 3600000
0.069213867187500 3600000
0.066101074218750 3598327
0.065856933593750 3590097
0.065673828125000 3600000
0.067382812500000 3600000
0.067138671875000 3600000
0.068298339843750 3600000
0.000000000000000 3600000
0.067565917968750 3599965
0.068481445312500 3600034
0.067993164062500 3600000
0.068054199218750 3599023
0.067565917968750 3589887
0.067626953125000 3600000
0.066772460937500 3593695
0.068359375000000 3594925
0.066040039062500 3599877
0.067687988281250 3594598
0.066955566406250 3589412
0.058959960937500 3588911
0.061279296875000 3594118
0.066162109375000 3594734
0.000000000000000 3594282
0.067199707031250 3594580
0.064636230468750 3600000
0.068359375000000 3600000
0.068359375000000 3583569
0.067199707031250 3594324
0.069274902343750 3594794
0.065124511718750 3599734
0.066833496093750 3598601
0.064880371093750 3594009
0.068481445312500 3595103
0.067016601562500 3583332
0.067993164062500 3599193
0.000000000000000 3600000
0.066528320312500 3600000
0.066772460937500 3600000
0.065124511718750 3595651
0.066589355468750 3593195
0.068542480468750 3595782
0.065551757812500 3599817
0.066528320312500 3600000
0.065246582031250 3599200
0.069946289062500 3587363
0.068603515625000 3600034
0.066528320312500 3596129
0.059631347656250 3592707
0.065612792968750 3599405
0.000000000000000 3590833
0.068786621093750 3598111
0.065124511718750 3590914
0.066406250000000 3594553
0.070251464843750 3592349
0.065612792968750 3588897
0.059265136718750 3600000
0.067443847656250 3599002
0.066589355468750 3599965
0.068603515625000 3600034
0.067810058593750 3600000
0.066955566406250 3600000
0.070922851562500 3600000
0.069213867187500 3599965
0.000000000000000 3600034
0.065673828125000 3586272
0.068359375000000 3583330
0.066772460937500 3585796
0.059020996093750 3592097
0.066406250000000 3596861
0.061218261718750 3592161
0.069824218750000 3596781
0.065429687500000 3586162
0.067138671875000 3588923
0.066589355468750 3599965
0.059143066406250 3600034
0.066528320312500 3597155
0.066345214843750 3583329
0.065673828125000 3598305
0.067871093750000 3598388
0.059020996093750 3590453
0.066711425781250 3598570
0.068603515625000 3583334
0.000000000000000 3594594
0.066162109375000 3593273
0.068298339843750 3600000
0.067016601562500 3600000
0.067626953125000 3600000
0.067932128906250 3600000
0.067321777343750 3600000
0.067687988281250 3600000
0.065429687500000 3599923
0.067443847656250 3589828
0.065917968750000 3586801
0.059753417968750 3583334
0.067382812500000 3583951
0.067993164062500 3600000
0.000000000000000 3600000
0.067077636718750 3600034
0.064147949218750 3599965
0.070129394531250 3600000
0.066955566406250 3600000
0.067199707031250 3600000
0.067504882812500 3599965
0.070007324218750 3600034
0.067382812500000 3600000
0.067199707031250 3600000
0.066101074218750 3600000
0.068298339843750 3600000
0.000000000000000 3599931
0.067749023437500 3596658
0.065002441406250 3600000
0.068908691406250 3600000
0.067321777343750 3600000
0.067077636718750 3600000
0.067260742187500 3600000
0.066040039062500 3588913
0.068176269531250 3590047
0.065795898437500 3583370
0.068603515625000 3586645
0.067138671875000 3600000
0.066345214843750 3598495
0.000000000000000 3598665
0.066772460937500 3600034
0.067077636718750 3596019
0.067993164062500 3591931
0.067016601562500 3599212
0.067321777343750 3593779
0.068969726562500 3600000
0.067199707031250 3592070
0.067565917968750 3600000
0.065185546875000 3600000
0.068664550781250 3600000
0.000000000000000 3591420
0.069580078125000 3583300
0.065673828125000 3597323
0.067077636718750 3600000
0.067138671875000 3600000
0.069763183593750 3585986
0.065917968750000 3591792
0.067871093750000 3588911
0.067871093750000 3600000
0.066040039062500 3600000
0.068115234375000 3593238
0.067382812500000 3585720
0.067077636718750 3599931
0.000000000000000 3600068
0.065734863281250 3600000
0.068603515625000 3600000
0.069763183593750 3600034
0.066345214843750 3599965
0.068603515625000 3593030
0.066406250000000 3595904
0.069824218750000 3593290
0.065063476562500 3584467
0.066711425781250 3593766
0.067993164062500 3599346
0.065368652343750 3600000
0.000000000000000 3600000
0.068542480468750 3593793
0.066772460937500 3594561
0.068603515625000 3583333
0.065429687500000 3583801
0.067565917968750 3599965
0.069885253906250 3600034
0.065856933593750 3600000
0.060424804687500 3600000
0.068237304687500 3600000
0.067443847656250 3600000
0.064880371093750 3598358
0.066894531250000 3594353
0.065124511718750 3600000
0.059082031250000 3600000
0.067993164062500 3599545
0.000000000000000 3600000
0.067687988281250 3600000
0.068542480468750 3589615
0.066101074218750 3583296
0.059387207031250 3593698
0.066894531250000 3596954
0.066467285156250 3600000
0.066772460937500 3600034
0.068176269531250 3599965
0.066711425781250 3600000
0.065795898437500 3599965
0.067077636718750 3592940
0.064636230468750 3594100
0.068481445312500 3599965
0.065612792968750 3596587
0.000000000000000 3600000
0.070922851562500 3590508
0.070129394531250 3598323
0.068054199218750 3600000
0.066711425781250 3600000
0.069335937500000 3600000
0.067077636718750 3600000
0.070434570312500 3600000
0.065795898437500 3600000
0.068481445312500 3596642
0.000000000000000 3594588
0.065124511718750 3587137
0.068908691406250 3597016
0.067626953125000 3596299
0.066894531250000 3600000
0.068176269531250 3599928
0.068237304687500 3583334
0.070617675781250 3583301
0.066406250000000 3597045
0.067077636718750 3592034
0.065673828125000 3596981
0.067321777343750 3599965
0.000000000000000 3600000
0.069152832031250 3600000
0.064392089843750 3600000
0.067321777343750 3585496
0.066040039062500 3584807
0.067932128906250 3600000
0.065673828125000 3600000
0.068542480468750 3599161
0.066528320312500 3600000
0.064453125000000 3599965
0.068725585937500 3600034
0.065551757812500 3600000
0.067565917968750 3600000
0.000000000000000 3598268
0.068664550781250 3600000
0.068664550781250 3592758
0.068115234375000 3600000
0.066284179687500 3600000
0.066711425781250 3598203
0.066284179687500 3600000
0.059143066406250 3593160
0.066040039062500 3590987
0.069580078125000 3600034
0.067199707031250 3583486
0.067382812500000 3593885
0.068298339843750 3584059
0.065185546875000 3596479
0.000000000000000 3600000
0.068359375000000 3595403
0.066162109375000 3588764
0.069519042968750 3600034
0.067382812500000 3599367
0.067077636718750 3592167
0.066894531250000 3586902
0.066955566406250 3599896
0.068115234375000 3600102
0.065795898437500 3600000
0.067199707031250 3585850
0.068298339843750 3589508
0.000000000000000 3600034
0.067260742187500 3600000
0.068969726562500 3600000
0.067382812500000 3599965
0.067321777343750 3600034
0.068115234375000 3600000
0.068542480468750 3600000
0.069152832031250 3599965
0.065612792968750 3588948
0.059265136718750 3592032
0.067871093750000 3583331
0.067138671875000 3589071
0.064331054687500 3600034
0.067443847656250 3600000
0.000000000000000 3599965
0.070495605468750 3600000
0.067443847656250 3596359
0.067565917968750 3590680
0.067199707031250 3600000
0.066589355468750 3600000
0.067626953125000 3600000
0.067382812500000 3599931
0.069580078125000 3600068
0.068054199218750 3593157
0.061035156250000 3583334
0.064819335937500 3599308
0.066406250000000 3592828
0.000000000000000 3600000
0.067016601562500 3600000
0.066101074218750 3599965
0.067077636718750 3597644
0.067443847656250 3600000
0.067138671875000 3600000
0.065917968750000 3600000
0.068847656250000 3599965
0.064758300781250 3600034
0.066833496093750 3600000
0.066223144531250 3600000
0.068237304687500 3600034
0.067565917968750 3599965
0.000000000000000 3600000
0.067565917968750 3600000
0.067382812500000 3600000
0.067810058593750 3600000
0.067504882812500 3600000
0.064270019531250 3599965
0.067504882812500 3600034
0.067565917968750 3600000
0.067626953125000 3600000
0.058959960937500 3599931
0.064636230468750 3600102
0.067382812500000 3599965
0.065368652343750 3596556
0.069763183593750 3600000
0.066772460937500 3600000
0.000000000000000 3599965
0.067321777343750 3600034
0.067504882812500 3600000
0.064758300781250 3600000
0.068969726562500 3600000
0.065368652343750 3600000
0.066955566406250 3600034
0.065124511718750 3599931
0.069519042968750 3600034
0.067871093750000 3600000
0.064941406250000 3600000
0.068298339843750 3600000
0.066406250000000 3588931
0.059143066406250 3598260
0.066345214843750 3586475
0.000000000000000 3599965
0.067321777343750 3589522
0.066894531250000 3600000
0.066528320312500 3599965
0.067749023437500 3597207
0.065307617187500 3593250
0.068481445312500 3592155
0.066589355468750 3592847
0.068481445312500 3592188
0.068054199218750 3585571
0.065795898437500 3598524
0.068481445312500 3586798
0.066040039062500 3583336
0.000000000000000 3594554
0.066955566406250 3599702
0.068176269531250 3588911
0.067260742187500 3592882
0.068847656250000 3594533
0.066345214843750 3594898
0.067016601562500 3587438
0.067321777343750 3590287
0.066406250000000 3588922
0.067077636718750 3600034
0.067810058593750 3599965
0.069091796875000 3594433
0.000000000000000 3583298
0.065429687500000 3583330
0.069091796875000 3594560
0.066223144531250 3589655
0.068115234375000 3590325
0.067504882812500 3598391
0.067321777343750 3594707
0.070800781250000 3583334
0.067199707031250 3594599
0.067993164062500 3587930
0.065246582031250 3600102
0.059265136718750 3599965
0.066223144531250 3600000
0.000000000000000 3600000
0.067810058593750 3600000
0.069641113281250 3600000
0.066345214843750 3600000
0.069274902343750 3600000
0.065612792968750 3600000
0.066711425781250 3596577
0.064819335937500 3589992
0.066101074218750 3598950
0.059143066406250 3588919
0.067565917968750 3587677
0.067687988281250 3595648
0.065612792968750 3583333
0.069274902343750 3583332
0.066345214843750 3598779
0.000000000000000 3600034
0.067260742187500 3593473
0.065917968750000 3598632
0.068359375000000 3600000
0.058959960937500 3591173
0.068786621093750 3594572
0.067687988281250 3583334
0.065612792968750 3593611
0.067565917968750 3600000
0.066040039062500 3589271
0.067016601562500 3600068
0.067993164062500 3600000
0.066955566406250 3600000
0.067138671875000 3594290
0.000000000000000 3583265
0.068176269531250 3596584
0.066284179687500 3600000
0.066345214843750 3600000
0.068603515625000 3591820
0.067749023437500 3596105
0.065124511718750 3592899
0.067382812500000 3584417
0.067382812500000 3586941
0.068481445312500 3600000
0.067199707031250 3599759
0.065917968750000 3600171
0.067199707031250 3593097
0.000000000000000 3595103
0.067871093750000 3600000
0.067504882812500 3599615
0.067810058593750 3588788
0.068603515625000 3594535
0.066528320312500 3598031
0.067687988281250 3600034
0.067504882812500 3600000
0.064941406250000 3600000
0.066528320312500 3600000
0.067871093750000 3595604
0.067810058593750 3600000
0.000000000000000 3595544
0.065734863281250 3583334
0.066345214843750 3584496
0.063842773437500 3595212
0.070068359375000 3583295
0.066833496093750 3586989
0.066040039062500 3599965
0.065734863281250 3599931
0.069396972656250 3600068
0.068359375000000 3599965
0.066711425781250 3600034
0.065917968750000 3600000
0.067871093750000 3591682
0.000000000000000 3599931
0.067016601562500 3600102
0.066894531250000 3585133
0.066162109375000 3585586
0.066711425781250 3585302
0.066223144531250 3592475
0.067565917968750 3596587
0.066528320312500 3600000
0.065612792968750 3592975
0.069091796875000 3600000
0.066833496093750 3593126
0.068298339843750 3600000
0.065734863281250 3599931
0.000000000000000 3591605
0.067565917968750 3583333
0.068603515625000 3584810
0.065612792968750 3599965
0.067443847656250 3600000
0.063781738281250 3600000
0.067871093750000 3600000
0.068420410156250 3600000
0.067016601562500 3600000
0.066345214843750 3585973
0.066894531250000 3600000
0.067871093750000 3600000
0.064941406250000 3599965
0.068664550781250 3600034
0.000000000000000 3600000
0.065124511718750 3600034
0.067810058593750 3599965
0.069580078125000 3592535
0.065368652343750 3600034
0.069152832031250 3598746
0.065856933593750 3586879
0.068115234375000 3583301
0.067077636718750 3583365
0.068603515625000 3584421
0.067199707031250 3593413
0.067871093750000 3594540
0.000000000000000 3590865
0.068664550781250 3599965
0.067687988281250 3600000
0.068359375000000 3596148
0.065429687500000 3583333
0.070556640625000 3583709
0.067443847656250 3594180
0.065612792968750 3583335
0.066711425781250 3583329
0.066345214843750 3583334
0.068420410156250 3585509
0.067687988281250 3600000
0.000000000000000 3592795
0.067993164062500 3594329
0.067810058593750 3599965
0.066223144531250 3589267
0.068298339843750 3583368
0.065490722656250 3593310
0.067443847656250 3600034
0.064941406250000 3594975
0.059387207031250 3588110
0.069458007812500 3589790
0.065551757812500 3583332
0.070922851562500 3753062
0.074462890625000 3687026
0.072265625000000 3693361
0.000000000000000 3695650
0.072326660156250 3693095
0.073303222656250 3688878
0.072265625000000 3690467
0.074218750000000 3694628
0.072814941406250 3692761
0.071533203125000 3688911
0.071594238281250 3700000
0.072082519531250 3685251
0.070678710937500 3692498
0.064453125000000 3685323
0.070495605468750 3683366
0.071777343750000 3686758
0.074035644531250 3691157
0.000000000000000 3683366
0.073303222656250 3694358
0.071777343750000 3697049
0.073364257812500 3683332
0.075256347656250 3683299
0.071533203125000 3691783
0.070495605468750 3686109
0.072326660156250 3691647
0.072814941406250 3686221
0.073852539062500 3691461
0.071777343750000 3699964
0.073913574218750 3692126
0.000000000000000 3683334
0.071289062500000 3691136
0.072998046875000 3700000
0.070739746093750 3692428
0.072082519531250 3685304
0.070678710937500 3700000
0.070800781250000 3687122
0.073303222656250 3683330
0.072326660156250 3683334
0.071838378906250 3683333
0.073486328125000 3695935
0.072631835937500 3700035
0.072204589843750 3699964
0.000000000000000 3700000
0.074279785156250 3698978
0.074035644531250 3683332
0.070922851562500 3694558
0.064331054687500 3689824
0.070312500000000 3699302
0.073852539062500 3683333
0.072204589843750 3683873
0.074096679687500 3700000
0.071716308593750 3700000
0.074279785156250 3700000
0.074035644531250 3699964
0.071960449218750 3700035
0.066162109375000 3700000
0.072021484375000 3700000
0.000000000000000 3700000
0.070983886718750 3699964
0.069946289062500 3700035
0.076171875000000 3700000
0.073913574218750 3700000
0.070678710937500 3699964
0.071716308593750 3700000
0.070617675781250 3700000
0.073181152343750 3700035
0.072326660156250 3700000
0.074218750000000 3699964
0.073791503906250 3700035
0.071411132812500 3699964
0.064331054687500 3700000
0.070495605468750 3700000
0.000000000000000 3700000
0.073303222656250 3700035
0.073486328125000 3699964
0.073425292968750 3699964
0.073059082031250 3700070
0.073303222656250 3700000
0.064147949218750 3699371
0.071899414062500 3692638
0.072631835937500 3688861
0.072753906250000 3700035
0.072631835937500 3699964
0.072937011718750 3700000
0.073730468750000 3700000
0.000000000000000 3700035
0.074768066406250 3688909
0.072082519531250 3699964
0.064331054687500 3700000
0.070861816406250 3691402
0.072204589843750 3686312
0.072998046875000 3700000
0.064575195312500 3685959
0.072509765625000 3691815
0.064208984375000 3688877
0.076293945312500 3521229
0.068786621093750 3695944
0.074035644531250 3700035
0.073120117187500 3697657
0.063903808593750 3691215
0.072570800781250 3700000
0.073730468750000 3692232
0.070129394531250 3683335
0.000000000000000 3690956
0.074218750000000 3687061
0.072143554687500 3690718
0.072692871093750 3698402
0.073364257812500 3690526
0.070129394531250 3688994
0.065429687500000 3699964
0.072692871093750 3687562
0.071838378906250 3691581
0.073791503906250 3697921
0.071960449218750 3693413
0.071472167968750 3695520
0.071228027343750 3700000
0.073364257812500 3700000
0.072204589843750 3693895
0.065124511718750 3694676
0.070495605468750 3698496
0.000000000000000 3700000
0.075378417968750 3700000
0.072021484375000 3700000
0.075378417968750 3699929
0.072937011718750 3700105
0.072143554687500 3700000
0.072143554687500 3699964
0.072631835937500 3700035
0.074890136718750 3699964
0.072692871093750 3699894
0.073608398437500 3700140
0.000000000000000 3700000
0.073364257812500 3700000
0.073547363281250 3699964
0.071289062500000 3700035
0.074829101562500 3700000
0.072814941406250 3700000
0.072753906250000 3693336
0.071960449218750 3700035
0.072937011718750 3695804
0.072875976562500 3693077
0.072875976562500 3696888
0.075988769531250 3700000
0.000000000000000 3688911
0.071533203125000 3700000
0.071166992187500 3685152
0.070922851562500 3683333
0.072204589843750 3683298
0.071594238281250 3683405
0.073669433593750 3694519
0.073852539062500 3683331
0.070190429687500 3686276
0.074340820312500 3691743
0.072265625000000 3694511
0.073181152343750 3691497
0.071350097656250 3699964
0.000000000000000 3692174
0.074035644531250 3683295
0.076171875000000 3691060
0.073730468750000 3687100
0.074340820312500 3690628
0.073364257812500 3698362
0.074279785156250 3690440
0.073608398437500 3698619
0.074829101562500 3683333
0.072692871093750 3684628
0.072387695312500 3693265
0.000000000000000 3683193
0.071777343750000 3683437
0.071899414062500 3695344
0.071899414062500 3700000
0.070861816406250 3699964
0.075256347656250 3695312
0.074035644531250 3683332
0.069641113281250 3683368
0.073486328125000 3683725
0.073181152343750 3700035
0.071655273437500 3688878
0.071350097656250 3700000
0.073425292968750 3688880
0.000000000000000 3700000
0.073547363281250 3688904
0.073425292968750 3699949
0.072021484375000 3700000
0.070922851562500 3700000
0.073486328125000 3689153
0.075500488281250 3694555
0.073486328125000 3693786
0.074523925781250 3699964
0.071472167968750 3689786
0.072631835937500 3699218
0.073913574218750 3689885
0.063659667968750 3694558
0.071411132812500 3683261
0.000000000000000 3694607
0.073547363281250 3683332
0.074462890625000 3698659
0.074340820312500 3700000
0.074035644531250 3688864
0.072326660156250 3690773
0.074218750000000 3698207
0.072875976562500 3700000
0.073669433593750 3685312
0.073242187500000 3692375
0.073791503906250 3685514
0.065063476562500 3683330
0.000000000000000 3694559
0.072204589843750 3691475
0.069702148437500 3700035
0.072448730468750 3691980
0.071716308593750 3694623
0.077392578125000 3683333
0.071838378906250 3696491
0.072631835937500 3700035
0.072998046875000 3698089
0.139099121093750 3695160
0.072509765625000 3694433
0.071838378906250 3683295
0.000000000000000 3688868
0.073242187500000 3689096
0.073181152343750 3688657
0.072204589843750 3689230
0.073791503906250 3683299
0.071838378906250 3694082
0.065551757812500 3683844
0.072753906250000 3693973
0.072631835937500 3700000
0.072509765625000 3689578
0.071166992187500 3688070
0.075561523437500 3689799
0.073364257812500 3699080
0.072692871093750 3699964
0.000000000000000 3688880
0.071655273437500 3690203
0.074890136718750 3687562
0.074951171875000 3700035
0.070190429687500 3699964
0.073974609375000 3700070
0.071777343750000 3688897
0.065612792968750 3700035
0.072204589843750 3688930
0.073059082031250 3700000
0.074951171875000 3700000
0.074584960937500 3690691
0.074707031250000 3694598
0.000000000000000 3692532
0.071716308593750 3696564
0.073059082031250 3692325
0.071899414062500 3696828
0.064086914062500 3692164
0.070495605468750 3685691
0.073730468750000 3692035
0.071655273437500 3699929
0.072631835937500 3700105
0.071472167968750 3697357
0.070983886718750 3691516
0.072753906250000 3697504
0.072204589843750 3683330
0.064514160156250 3696809
0.075134277343750 3692203
0.071228027343750 3694575
0.000000000000000 3690948
0.072326660156250 3688894
0.072692871093750 3700070
0.074157714843750 3686997
0.072753906250000 3690603
0.074462890625000 3687320
0.073120117187500 3683332
0.074707031250000 3684623
0.072387695312500 3699964
0.071289062500000 3698988
0.072814941406250 3689904
0.073364257812500 3699131
0.000000000000000 3683300
0.073303222656250 3684090
0.073364257812500 3700000
0.070312500000000 3700000
0.072814941406250 3694026
0.073181152343750 3683636
0.073730468750000 3700000
0.071777343750000 3699435
0.073852539062500 3700000
0.074279785156250 3688777
0.071411132812500 3688808
0.072509765625000 3689118
0.071655273437500 3699883
0.000000000000000 3700000
0.073974609375000 3694870
0.064575195312500 3694043
0.072875976562500 3700000
0.071044921875000 3699964
0.074035644531250 3700000
0.075866699218750 3700000
0.071105957031250 3688938
0.073669433593750 3689925
0.071655273437500 3698915
0.072814941406250 3690091
0.074645996093750 3698836
0.071044921875000 3699964
0.072082519531250 3688949
0.000000000000000 3700000
0.070922851562500 3700035
0.074890136718750 3690462
0.070434570312500 3698242
0.071594238281250 3690648
0.073486328125000 3698210
0.074707031250000 3699964
0.074523925781250 3700000
0.073303222656250 3700000
0.072570800781250 3688990
0.072570800781250 3699964
0.073059082031250 3697123
0.000000000000000 3691400
0.074584960937500 3697623
0.069580078125000 3683369
0.072387695312500 3696784
0.072326660156250 3700070
0.064147949218750 3686610
0.072021484375000 3691108
0.074096679687500 3700035
0.071594238281250 3692501
0.074157714843750 3694730
0.073181152343750 3690550
0.073730468750000 3688812
0.073303222656250 3700000
0.072387695312500 3699964
0.063659667968750 3700035
0.072998046875000 3700000
0.000000000000000 3691752
0.072204589843750 3700000
0.073913574218750 3693836
0.073242187500000 3695210
0.064636230468750 3700000
0.073669433593750 3699462
0.072082519531250 3683298
0.071533203125000 3683367
0.074462890625000 3689179
0.071533203125000 3699964
0.065185546875000 3700000
0.065917968750000 3688893
0.067077636718750 3694486
0.073852539062500 3683333
0.073791503906250 3699753
0.078979492187500 3700035
0.000000000000000 3688853
0.076293945312500 3700000
0.064697265625000 3700035
0.075500488281250 3689546
0.072875976562500 3688253
0.067016601562500 3689673
0.071594238281250 3699199
0.065429687500000 3700035
0.070861816406250 3695463
0.071228027343750 3683330
0.063659667968750 3687786
0.075439453125000 3690110
0.074157714843750 3687593
0.076477050781250 3700000
0.066101074218750 3700000
0.075012207031250 3690561
0.068542480468750 3698347
0.072021484375000 3700000
0.065856933593750 3696486
0.000000000000000 3683404
0.074768066406250 3694649
0.074401855468750 3683329
0.078247070312500 3697700
0.067810058593750 3691440
0.073974609375000 3683298
0.071716308593750 3691834
0.071228027343750 3609104
0.063537597656250 3591692
0.058471679687500 3586002
0.066040039062500 3600000
0.071594238281250 3600000
0.068603515625000 3593546
0.000000000000000 3600000
0.065368652343750 3599965
0.067016601562500 3600034
0.067016601562500 3600000
0.067321777343750 3586912
0.064819335937500 3583366
0.066894531250000 3596243
0.068603515625000 3592804
0.065124511718750 3594556
0.060546875000000 3590495
0.066833496093750 3599965
0.059143066406250 3593676
0.067443847656250 3588942
0.065734863281250 3593194
0.065979003906250 3583336
0.059692382812500 3590081
0.067016601562500 3588907
0.066406250000000 3593535
0.059753417968750 3594531
0.065979003906250 3583336
0.000000000000000 3583331
0.067382812500000 3589470
0.066711425781250 3600000
0.066406250000000 3600000
0.067687988281250 3600000
0.067871093750000 3599965
0.067016601562500 3599827
0.067199707031250 3583369
0.067932128906250 3592336
0.065429687500000 3600000
0.068542480468750 3600000
0.066406250000000 3600000
0.067687988281250 3600000
0.060363769531250 3600000
0.000000000000000 3599965
0.066894531250000 3600034
0.067993164062500 3599965
0.066284179687500 3600034
0.066101074218750 3599965
0.069335937500000 3600000
0.067749023437500 3600034
0.068786621093750 3600000
0.067565917968750 3600000
0.059570312500000 3600000
0.066345214843750 3600000
0.069152832031250 3596615
0.059631347656250 3597213
0.060119628906250 3583435
0.062622070312500 3594604
0.060058593750000 3593274
0.069641113281250 3596160
0.068969726562500 3600000
0.000000000000000 3591566
0.067687988281250 3594555
0.067687988281250 3595244
0.058959960937500 3600000
0.065063476562500 3600000
0.067382812500000 3593477
0.068664550781250 3591401
0.068786621093750 3586485
0.068359375000000 3591210
0.065734863281250 3588914
0.061157226562500 3592311
0.067077636718750 3596541
0.067810058593750 3600000
0.066101074218750 3600000
0.000000000000000 3600000
0.069152832031250 3600000
0.070861816406250 3600000
0.064880371093750 3600000
0.068847656250000 3592369
0.065063476562500 3594016
0.070068359375000 3583329
0.066345214843750 3594580
0.068359375000000 3583334
0.067016601562500 3594552
0.066589355468750 3589621
0.068603515625000 3588915
0.000000000000000 3600000
0.067687988281250 3588392
0.067016601562500 3593887
0.067626953125000 3594459
0.068176269531250 3600000
0.067993164062500 3600000
0.066284179687500 3600000
0.067016601562500 3600000
0.065612792968750 3600000
0.068115234375000 3600000
0.067993164062500 3598091
0.067687988281250 3600000
0.000000000000000 3600000
0.067565917968750 3600000
0.067321777343750 3599931
0.068054199218750 3600000
0.065551757812500 3599459
0.065551757812500 3600000
0.066833496093750 3600000
0.067321777343750 3600000
0.068481445312500 3600034
0.064941406250000 3599965
0.067321777343750 3596223
0.069152832031250 3583330
0.067626953125000 3598260
0.000000000000000 3590819
0.065246582031250 3586918
0.069641113281250 3599965
0.069274902343750 3600034
0.068603515625000 3600000
0.059326171875000 3596744
0.065490722656250 3592163
0.067077636718750 3596926
0.066528320312500 3583331
0.065917968750000 3593059
0.068176269531250 3600000
0.065795898437500 3597925
0.067565917968750 3593081
0.066650390625000 3600000
0.000000000000000 3591507
0.067138671875000 3596655
0.065795898437500 3586055
0.069152832031250 3596568
0.069824218750000 3599965
0.067443847656250 3599980
0.069702148437500 3583296
0.064819335937500 3585112
0.069519042968750 3600000
0.067443847656250 3600000
0.067199707031250 3598661
0.066528320312500 3600000
0.058959960937500 3600000
0.000000000000000 3600000
0.067993164062500 3600000
0.067626953125000 3600000
0.067993164062500 3599931
0.067138671875000 3597508
0.068969726562500 3588576
0.069824218750000 3600000
0.067932128906250 3596431
0.067810058593750 3583977
0.065368652343750 3583332
0.069824218750000 3583367
0.000000000000000 3589893
0.067260742187500 3600000
0.068298339843750 3599965
0.068603515625000 3600034
0.069091796875000 3600034
0.069274902343750 3588733
0.067443847656250 3599896
0.067321777343750 3589035
0.067443847656250 3594694
0.059814453125000 3583300
0.068542480468750 3594519
0.067626953125000 3594512
0.066894531250000 3595064
0.000000000000000 3583333
0.069335937500000 3591994
0.059692382812500 3583573
0.065856933593750 3599965
0.067260742187500 3600034
0.069213867187500 3600034
0.068969726562500 3599704
0.067932128906250 3594565
0.065917968750000 3583336
0.066284179687500 3598274
0.069274902343750 3599965
0.066772460937500 3600034
0.067504882812500 3595390
0.000000000000000 3599965
0.066833496093750 3600034
0.067382812500000 3600000
0.068237304687500 3589668
0.065673828125000 3590114
0.066589355468750 3590309
0.067565917968750 3594689
0.059448242187500 3591469
0.066345214843750 3599965
0.067382812500000 3600034
0.065856933593750 3597670
0.067565917968750 3591157
0.067138671875000 3597889
0.066101074218750 3590929
0.067382812500000 3600000
0.000000000000000 3600000
0.068908691406250 3600000
0.059875488281250 3600000
0.067993164062500 3599965
0.067810058593750 3600034
0.065551757812500 3600034
0.068359375000000 3599965
0.067016601562500 3600000
0.067504882812500 3599965
0.068847656250000 3600000
0.065856933593750 3600034
0.065490722656250 3600000
0.067443847656250 3600034
0.000000000000000 3597135
0.066345214843750 3600000
0.067626953125000 3600000
0.066833496093750 3599965
0.070312500000000 3599349
0.064819335937500 3600000
0.067871093750000 3599906
0.066101074218750 3583374
0.066406250000000 3584436
0.069519042968750 3599965
0.067077636718750 3600034
0.067016601562500 3595325
0.067138671875000 3583331
0.000000000000000 3599111
0.069030761718750 3599965
0.066223144531250 3600000
0.066406250000000 3600000
0.067687988281250 3600034
0.067687988281250 3599965
0.067199707031250 3600000
0.067077636718750 3594679
0.067504882812500 3596727
0.064575195312500 3597716
0.068054199218750 3586606
0.065734863281250 3591361
0.067016601562500 3586446
0.000000000000000 3600034
0.067749023437500 3600000
0.067993164062500 3599931
0.068847656250000 3600068
0.066772460937500 3599965
0.067077636718750 3600034
0.066406250000000 3600000
0.060058593750000 3600000
0.065246582031250 3600000
0.067871093750000 3600000
0.059753417968750 3600000
0.066589355468750 3598258
0.069152832031250 3588766
0.065063476562500 3596266
0.059020996093750 3600000
0.066528320312500 3599931
0.066955566406250 3600034
0.000000000000000 3591214
0.069946289062500 3596814
0.066101074218750 3600000
0.067504882812500 3600000
0.065490722656250 3600000
0.068664550781250 3600000
0.066528320312500 3600000
0.067565917968750 3593652
0.069335937500000 3594490
0.125305175781250 3594871
0.065795898437500 3584537
0.067504882812500 3583300
0.066589355468750 3585784
0.066467285156250 3600000
0.064880371093750 3600000
0.068786621093750 3597867
0.068298339843750 3585155
0.066040039062500 3583366
0.000000000000000 3583336
0.070068359375000 3583330
0.066040039062500 3583366
0.067749023437500 3590531
0.066894531250000 3589412
0.069030761718750 3592916
0.066101074218750 3597738
0.064697265625000 3600000
0.067932128906250 3600000
0.065979003906250 3600000
0.067626953125000 3600000
0.065979003906250 3600000
0.068176269531250 3600000
0.000000000000000 3585780
0.067871093750000 3596475
0.067199707031250 3600000
0.067993164062500 3600000
0.065917968750000 3585724
0.066650390625000 3595008
0.066894531250000 3600034
0.067810058593750 3600000
0.068298339843750 3591484
0.066345214843750 3599965
0.067687988281250 3600034
0.066772460937500 3588852
0.000000000000000 3589440
0.068176269531250 3600000
0.065979003906250 3590650
0.067016601562500 3594233
0.068237304687500 3594764
0.067077636718750 3594097
0.067199707031250 3583334
0.066040039062500 3593947
0.067871093750000 3588959
0.067749023437500 3600000
0.067749023437500 3600000
0.068847656250000 3600000
0.065979003906250 3600000
0.000000000000000 3600000
0.066345214843750 3600000
0.059265136718750 3600000
0.068603515625000 3600000
0.066772460937500 3600000
0.067077636718750 3600000
0.070556640625000 3600000
0.064758300781250 3596325
0.068420410156250 3583333
0.065246582031250 3598040
0.066955566406250 3599965
0.066406250000000 3597286
0.068969726562500 3600000
0.066406250000000 3599965
0.000000000000000 3600034
0.068481445312500 3600000
0.068176269531250 3593764
0.066040039062500 3597450
0.066528320312500 3591466
0.066711425781250 3586406
0.067565917968750 3589910
0.068115234375000 3594576
0.065856933593750 3590779
0.069396972656250 3587084
0.065124511718750 3590690
0.067443847656250 3587179
0.064758300781250 3590596
0.000000000000000 3589800
0.066955566406250 3599965
0.065917968750000 3600034
0.068054199218750 3600000
0.068847656250000 3599965
0.065612792968750 3600034
0.066528320312500 3600000
0.066467285156250 3600000
0.068115234375000 3600000
0.064636230468750 3600000
0.068908691406250 3600034
0.066955566406250 3599965
0.067199707031250 3597621
0.000000000000000 3594115
0.067565917968750 3599965
0.065368652343750 3594056
0.068359375000000 3592788
0.065673828125000 3600000
0.069946289062500 3600000
0.067871093750000 3600000
0.067871093750000 3599897
0.069213867187500 3600102
0.067687988281250 3600000
0.059570312500000 3600000
0.065185546875000 3600000
0.067810058593750 3599965
0.000000000000000 3597345
0.067871093750000 3600000
0.067199707031250 3596321
0.067504882812500 3599965
0.066650390625000 3599465
0.067016601562500 3651579
0.075317382812500 3800036
0.068481445312500 3799963
0.078857421875000 3800000
0.075805664062500 3800000
0.077819824218750 3800000
0.076354980468750 3799963
0.077453613281250 3800000
0.077880859375000 3800036
0.078063964843750 3800000
0.000000000000000 3800000
0.079406738281250 3800000
0.078857421875000 3799927
0.078186035156250 3800072
0.077697753906250 3800000
0.079040527343750 3800000
0.076293945312500 3800000
0.068420410156250 3800000
0.075561523437500 3799963
0.079345703125000 3800036
0.080688476562500 3800000
0.078125000000000 3800000
0.077575683593750 3800000
0.074707031250000 3800000
0.000000000000000 3800000
0.078857421875000 3799927
0.079345703125000 3800072
0.079833984375000 3799963
0.076843261718750 3800036
0.076354980468750 3800000
0.077819824218750 3800000
0.077453613281250 3800000
0.078063964843750 3800000
0.078552246093750 3800000
0.079589843750000 3800000
0.077392578125000 3799963
0.077331542968750 3800036
0.000000000000000 3800000
0.079162597656250 3800000
0.077026367187500 3799927
0.078979492187500 3800108
0.070739746093750 3799963
0.068725585937500 3800000
0.075561523437500 3800000
0.081481933593750 3800000
0.079772949218750 3800036
0.078308105468750 3799963
0.077209472656250 3800036
0.078369140625000 3800000
0.079345703125000 3799963
0.082397460937500 3800036
0.000000000000000 3799963
0.077148437500000 3800000
0.077392578125000 3800000
0.078063964843750 3800000
0.079040527343750 3800000
0.079711914062500 3800000
0.079162597656250 3800000
0.077392578125000 3800000
0.076599121093750 3799963
0.082275390625000 3800036
0.078430175781250 3800000
0.068969726562500 3799963
0.078613281250000 3800036
0.076965332031250 3800000
0.000000000000000 3800036
0.078063964843750 3799963
0.079406738281250 3800000
0.078308105468750 3800036
0.076782226562500 3799963
0.079895019531250 3800000
0.077026367187500 3800000
0.070190429687500 3800036
0.075561523437500 3799963
0.078491210937500 3799963
0.082885742187500 3800036
0.075927734375000 3800000
0.076477050781250 3800000
0.076721191406250 3799963
0.079833984375000 3800036
0.000000000000000 3800000
0.078796386718750 3799963
0.079040527343750 3800036
0.078125000000000 3800000
0.075134277343750 3800000
0.070556640625000 3800000
0.078002929687500 3799963
0.081054687500000 3800036
0.078430175781250 3800000
0.079040527343750 3800000
0.076660156250000 3800036
0.079833984375000 3799963
0.078063964843750 3800000
0.075805664062500 3800000
0.000000000000000 3660116
0.079589843750000 3800036
0.080139160156250 3800000
0.080444335937500 3800000
0.077636718750000 3800000
0.069335937500000 3800000
0.077941894531250 3800000
0.076782226562500 3800000
0.079101562500000 3800000
0.074340820312500 3800000
0.064453125000000 3799963
0.073852539062500 3800036
0.075134277343750 3800000
0.073669433593750 3799963
0.000000000000000 3800000
0.074768066406250 3800000
0.074768066406250 3800036
0.072387695312500 3800000
0.071777343750000 3800000
0.073547363281250 3800000
0.075866699218750 3800000
0.075378417968750 3799963
0.071655273437500 3800000
0.064941406250000 3800000
0.074035644531250 3800036
0.075256347656250 3800000
0.072021484375000 3800000
0.000000000000000 3800000
0.075927734375000 3800000
0.071350097656250 3800000
0.064392089843750 3800000
0.073303222656250 3800000
0.072753906250000 3800000
0.072753906250000 3800000
0.073547363281250 3800000
0.073120117187500 3800000
0.072204589843750 3800000
0.073852539062500 3800000
0.074096679687500 3799963
0.074462890625000 3800036
0.074584960937500 3800000
0.070556640625000 3800000
0.000000000000000 3800000
0.137145996093750 3799963
0.064331054687500 3800000
0.000000000000000 3800036
0.072814941406250 3800000
0.076110839843750 3799963
0.073242187500000 3799963
0.074157714843750 3800036
0.071899414062500 3800036
0.069274902343750 3800000
0.074340820312500 3800000
0.075805664062500 3800000
0.073547363281250 3800000
0.075439453125000 3800000
0.070922851562500 3800000
0.073425292968750 3800000
0.000000000000000 3799963
0.074218750000000 3800036
0.073242187500000 3800000
0.072204589843750 3800000
0.074645996093750 3800000
0.076293945312500 3800000
0.072937011718750 3800000
0.073486328125000 3800000
0.071960449218750 3800000
0.074645996093750 3799963
0.073242187500000 3800000
0.071594238281250 3800036
0.000000000000000 3800000
0.075134277343750 3800000
0.072814941406250 3800000
0.074096679687500 3800000
0.071228027343750 3800000
0.072631835937500 3800000
0.074951171875000 3800000
0.074035644531250 3799963
0.075622558593750 3800036
0.072692871093750 3800000
0.073852539062500 3800000
0.073059082031250 3800000
0.000000000000000 3800000
0.074157714843750 3800000
0.072814941406250 3800000
0.074340820312500 3800000
0.074157714843750 3800000
0.070678710937500 3800000
0.065124511718750 3800000
0.072631835937500 3800000
0.073730468750000 3800000
0.073425292968750 3800000
0.073242187500000 3799963
0.074218750000000 3800036
0.074035644531250 3800036
0.072814941406250 3799963
0.000000000000000 3800000
0.073364257812500 3800000
0.075988769531250 3800000
0.073242187500000 3800000
0.073852539062500 3800000
0.074707031250000 3799927
0.065124511718750 3800036
0.074218750000000 3800036
0.072448730468750 3800000
0.075866699218750 3800036
0.071960449218750 3799963
0.077209472656250 3800036
0.073425292968750 3799963
0.000000000000000 3800000
0.071289062500000 3800000
0.072753906250000 3800000
0.073974609375000 3800000
0.076477050781250 3800000
0.073181152343750 3800000
0.064941406250000 3799963
0.073425292968750 3800072
0.073852539062500 3799963
0.075134277343750 3800000
0.071166992187500 3800000
0.073852539062500 3800000
0.075439453125000 3800000
0.000000000000000 3800000
0.072326660156250 3800000
0.074584960937500 3799963
0.073242187500000 3799927
0.073852539062500 3800108
0.074462890625000 3800000
0.073730468750000 3800000
0.072082519531250 3800000
0.073669433593750 3800000
0.066406250000000 3800000
0.074523925781250 3800000
0.074340820312500 3799927
0.072937011718750 3800036
0.000000000000000 3800036
0.073608398437500 3800000
0.073303222656250 3800000
0.075866699218750 3800000
0.072021484375000 3800000
0.073913574218750 3800000
0.073669433593750 3800000
0.072387695312500 3800000
0.074768066406250 3800000
0.073059082031250 3800000
0.072814941406250 3800000
0.073181152343750 3800000
0.000000000000000 3800036
0.076171875000000 3799963
0.072326660156250 3800000
0.072265625000000 3800000
0.075134277343750 3800000
0.071472167968750 3800000
0.073791503906250 3800000
0.076843261718750 3800000
0.072692871093750 3800000
0.075500488281250 3800000
0.071655273437500 3800000
0.072753906250000 3800000
0.070007324218750 3800000
0.066162109375000 3800000
0.000000000000000 3800000
0.137939453125000 3800000
0.000000000000000 3800000
0.075683593750000 3800000
0.072204589843750 3800000
0.065917968750000 3800000
0.074279785156250 3800000
0.072937011718750 3800000
0.072082519531250 3800036
0.064453125000000 3799963
0.071350097656250 3800000
0.073791503906250 3800000
0.073913574218750 3800000
0.070434570312500 3799963
0.075378417968750 3800036
0.073242187500000 3800000
0.064758300781250 3800000
0.072814941406250 3800000
0.074035644531250 3799963
0.000000000000000 3800036
0.073486328125000 3800000
0.075439453125000 3800000
0.075134277343750 3800000
0.072265625000000 3799891
0.075256347656250 3800108
0.073425292968750 3800000
0.072326660156250 3800000
0.071716308593750 3800000
0.076599121093750 3800000
0.071960449218750 3800000
0.074096679687500 3800000
0.000000000000000 3800000
0.073059082031250 3800000
0.072937011718750 3800000
0.074340820312500 3800000
0.071289062500000 3800000
0.075561523437500 3800000
0.073242187500000 3800000
0.072937011718750 3800000
0.065063476562500 3800000
0.072631835937500 3799891
0.073364257812500 3800072
0.073913574218750 3800036
0.074462890625000 3800000
0.072753906250000 3800000
0.000000000000000 3799963
0.073242187500000 3800072
0.071838378906250 3799963
0.075866699218750 3800000
0.064453125000000 3800000
0.072082519531250 3800000
0.074829101562500 3800000
0.072753906250000 3800000
0.074707031250000 3799963
0.072692871093750 3800036
0.070678710937500 3800000
0.073181152343750 3800000
0.074035644531250 3800000
0.073242187500000 3799963
0.000000000000000 3800036
0.074645996093750 3800000
0.071899414062500 3800000
0.074707031250000 3800000
0.072937011718750 3800000
0.074096679687500 3800000
0.072143554687500 3800000
0.073608398437500 3800000
0.075561523437500 3800000
0.071960449218750 3800000
0.074890136718750 3800000
0.072937011718750 3799963
0.000000000000000 3800036
0.072387695312500 3800000
0.072875976562500 3800000
0.075073242187500 3800000
0.074890136718750 3800036
0.072692871093750 3799963
0.074890136718750 3799927
0.071350097656250 3800072
0.074951171875000 3800000
0.072692871093750 3800000
0.074218750000000 3800000
0.077941894531250 3799963
0.000000000000000 3800036
0.073303222656250 3800000
0.072692871093750 3800000
0.072814941406250 3800000
0.076660156250000 3800000
0.072265625000000 3800000
0.074768066406250 3800000
0.072692871093750 3800000
0.072570800781250 3799963
0.073913574218750 3800000
0.072204589843750 3800036
0.072509765625000 3800000
0.000000000000000 3799963
0.072204589843750 3800036
0.075012207031250 3799927
0.075012207031250 3800072
0.072570800781250 3800000
0.072814941406250 3799963
0.072570800781250 3800036
0.074523925781250 3800000
0.072570800781250 3800000
0.075134277343750 3800000
0.074462890625000 3800000
0.072814941406250 3800000
0.000000000000000 3800000
0.075622558593750 3800000
0.071350097656250 3800000
0.074035644531250 3800000
0.074340820312500 3800000
0.074340820312500 3800036
0.073120117187500 3799963
0.072204589843750 3800000
0.064392089843750 3799927
0.073791503906250 3800072
0.072265625000000 3800000
0.071716308593750 3800000
0.072814941406250 3800000
0.074035644531250 3800000
0.070678710937500 3799963
0.000000000000000 3800036
0.074584960937500 3800000
0.073425292968750 3800000
0.073547363281250 3800000
0.074707031250000 3799963
0.073913574218750 3800036
0.075500488281250 3800000
0.073608398437500 3800000
0.075927734375000 3800000
0.070495605468750 3800000
0.075927734375000 3800000
0.070800781250000 3800000
0.000000000000000 3800000
0.073242187500000 3799963
0.075622558593750 3800036
0.071533203125000 3800000
0.075439453125000 3800000
0.073120117187500 3800000
0.073791503906250 3800000
0.071105957031250 3800000
0.074523925781250 3800000
0.074462890625000 3800000
0.071838378906250 3800000
0.065795898437500 3800000
0.072692871093750 3800000
0.072998046875000 3800036
0.000000000000000 3799963
0.071838378906250 3800000
0.065551757812500 3800000
0.073730468750000 3800000
0.064392089843750 3800000
0.073852539062500 3800000
0.071533203125000 3800000
0.075805664062500 3800000
0.072509765625000 3800000
0.074157714843750 3800000
0.073364257812500 3800000
0.074768066406250 3799927
0.074279785156250 3800072
0.073486328125000 3800000
0.074890136718750 3800000
0.000000000000000 3800000
0.073364257812500 3750243
0.074096679687500 3694181
0.073425292968750 3700000
0.074645996093750 3689357
0.073608398437500 3683300
0.070800781250000 3693855
0.074462890625000 3688933
0.072998046875000 3700035
0.072570800781250 3700035
0.071960449218750 3689808
0.000000000000000 3683297
0.073242187500000 3693346
0.072998046875000 3700035
0.069580078125000 3690154
0.074462890625000 3683337
0.070983886718750 3692960
0.073913574218750 3699964
0.074157714843750 3699925
0.073669433593750 3698235
0.064392089843750 3700035
0.071105957031250 3688913
0.072814941406250 3690852
0.072509765625000 3694688
0.071838378906250 3683298
0.072875976562500 3686639
0.000000000000000 3691252
0.073669433593750 3697659
0.073242187500000 3700035
0.071044921875000 3689252
0.063415527343750 3700035
0.073181152343750 3700000
0.073730468750000 3700000
0.070739746093750 3697430
0.073120117187500 3691502
0.071838378906250 3700000
0.074401855468750 3692137
0.074768066406250 3685615
0.071166992187500 3700035
0.000000000000000 3697844
0.072937011718750 3691001
0.071716308593750 3697583
0.072387695312500 3686444
0.071411132812500 3694571
0.072021484375000 3690404
0.073913574218750 3687399
0.070129394531250 3683372
0.064697265625000 3694606
0.073120117187500 3683298
0.072143554687500 3695458
0.073364257812500 3693561
0.073486328125000 3695346
0.073120117187500 3700000
0.000000000000000 3700000
0.137207031250000 3694004
0.000000000000000 3695019
0.070739746093750 3700000
0.072998046875000 3700000
0.071960449218750 3700035
0.072753906250000 3699964
0.072265625000000 3694313
0.072265625000000 3694595
0.070617675781250 3694450
0.072326660156250 3683263
0.073120117187500 3683370
0.073425292968750 3684941
0.073181152343750 3699914
0.070495605468750 3700000
0.000000000000000 3700035
0.138488769531250 3689321
0.000000000000000 3699622
0.071289062500000 3689540
0.071289062500000 3694604
0.071166992187500 3683265
0.074218750000000 3699224
0.072998046875000 3689834
0.072448730468750 3687895
0.073974609375000 3700035
0.071655273437500 3695743
0.064880371093750 3683301
0.071716308593750 3698734
0.073364257812500 3699964
0.072082519531250 3700035
0.000000000000000 3699964
0.073364257812500 3700000
0.073242187500000 3690643
0.072082519531250 3694555
0.073608398437500 3683334
0.070800781250000 3694555
0.064086914062500 3692503
0.070861816406250 3685413
0.074768066406250 3692326
0.071716308593750 3688967
0.073974609375000 3700000
0.073852539062500 3700000
0.071777343750000 3691296
0.072631835937500 3697610
0.069702148437500 3700000
0.000000000000000 3700035
0.075256347656250 3700000
0.072021484375000 3688874
0.071716308593750 3700035
0.073669433593750 3699964
0.074523925781250 3700035
0.073120117187500 3688807
0.072265625000000 3700035
0.074096679687500 3697838
0.071228027343750 3690946
0.074951171875000 3688637
0.000000000000000 3700070
0.072570800781250 3698544
0.069885253906250 3683264
0.071228027343750 3695855
0.072753906250000 3693207
0.072021484375000 3695680
0.073913574218750 3700000
0.064025878906250 3688973
0.073608398437500 3689949
0.073364257812500 3699119
0.072509765625000 3689737
0.071777343750000 3688946
0.072570800781250 3700000
0.072204589843750 3699964
0.000000000000000 3693963
0.074218750000000 3694988
0.076110839843750 3684834
0.070007324218750 3683604
0.073120117187500 3694528
0.072387695312500 3688779
0.072143554687500 3688687
0.071777343750000 3700000
0.072692871093750 3699964
0.074035644531250 3700035
0.070556640625000 3683820
0.074035644531250 3693767
0.071594238281250 3692356
0.000000000000000 3693383
0.072082519531250 3700035
0.072753906250000 3690161
0.070922851562500 3698749
0.074279785156250 3700000
0.073059082031250 3700000
0.071289062500000 3690411
0.070861816406250 3683299
0.270751953125000 3692124
0.064331054687500 3700000
0.074890136718750 3689666
0.000000000000000 3683366
0.072570800781250 3683334
0.067932128906250 3699104
0.069763183593750 3699964
0.064392089843750 3695745
0.069213867187500 3693251
0.072387695312500 3684807
0.070739746093750 3683296
0.064147949218750 3698430
0.066833496093750 3690690
0.078063964843750 3694552
0.065856933593750 3692655
0.071411132812500 3700000
0.074829101562500 3697216
0.063903808593750 3683368
0.074340820312500 3683335
0.064086914062500 3691190
0.074462890625000 3688217
0.071716308593750 3683334
0.074523925781250 3692139
0.064697265625000 3690816
0.074157714843750 3700035
0.000000000000000 3688915
0.073364257812500 3699964
0.071899414062500 3697327
0.073242187500000 3691635
0.072509765625000 3699964
0.073486328125000 3691990
0.073181152343750 3697010
0.070129394531250 3700000
0.074829101562500 3699964
0.073181152343750 3692286
0.073242187500000 3696729
0.070983886718750 3700000
0.000000000000000 3688934
0.071044921875000 3700000
0.074951171875000 3698293
0.071228027343750 3690590
0.072204589843750 3700000
0.069641113281250 3692916
0.073120117187500 3695993
0.070983886718750 3693062
0.072204589843750 3683299
0.073852539062500 3690296
0.072509765625000 3700000
0.072143554687500 3699929
0.065063476562500 3698963
0.064270019531250 3683334
0.072021484375000 3695516
0.000000000000000 3700000
0.073791503906250 3700000
0.072387695312500 3700000
0.073608398437500 3700035
0.074157714843750 3700000
0.070617675781250 3688871
0.072692871093750 3700000
0.071533203125000 3688933
0.073730468750000 3700000
0.073181152343750 3688930
0.072570800781250 3700000
0.075683593750000 3688908
0.071044921875000 3699980
0.000000000000000 3700000
0.072937011718750 3699964
0.070617675781250 3700035
0.073486328125000 3700000
0.075195312500000 3700000
0.073303222656250 3699964
0.073608398437500 3689541
0.074279785156250 3694542
0.065246582031250 3693826
0.070922851562500 3688839
0.073181152343750 3689798
0.070556640625000 3698887
0.000000000000000 3700035
0.076782226562500 3688784
0.132995605468750 3700035
0.000000000000000 3696086
0.070434570312500 3692790
0.063598632812500 3685065
0.075378417968750 3692437
0.064086914062500 3691124
0.070861816406250 3700000
0.073974609375000 3688911
0.073364257812500 3691346
0.073852539062500 3697526
0.073120117187500 3700000
0.071228027343750 3697103
0.069274902343750 3691806
0.073242187500000 3697266
0.070312500000000 3691669
0.072082519531250 3688872
0.000000000000000 3699929
0.072509765625000 3686422
0.075561523437500 3683334
0.072509765625000 3696828
0.072448730468750 3700000
0.071655273437500 3688893
0.069091796875000 3692407
0.071044921875000 3694673
0.071472167968750 3690776
0.073303222656250 3688929
0.074157714843750 3692695
0.072204589843750 3696226
0.074462890625000 3700000
0.000000000000000 3698470
0.070922851562500 3690168
0.070068359375000 3698904
0.071838378906250 3690024
0.073120117187500 3699053
0.072875976562500 3689846
0.072937011718750 3700035
0.071838378906250 3700000
0.071166992187500 3699515
0.073242187500000 3689352
0.071777343750000 3700035
0.070312500000000 3699964
0.073791503906250 3700035
0.000000000000000 3694488
0.073608398437500 3683300
0.072998046875000 3694532
0.071472167968750 3694305
0.073486328125000 3683551
0.072753906250000 3683333
0.065307617187500 3694556
0.073181152343750 3694089
0.069885253906250 3700000
0.072021484375000 3699964
0.072631835937500 3688971
0.072937011718750 3695939
0.071777343750000 3700000
0.073242187500000 3689789
0.000000000000000 3699168
0.073059082031250 3700000
0.074279785156250 3700000
0.064331054687500 3699964
0.073303222656250 3700035
0.074645996093750 3690587
0.071594238281250 3684143
0.073974609375000 3692625
0.073486328125000 3698655
0.071594238281250 3692436
0.074340820312500 3685471
0.070068359375000 3692250
0.074523925781250 3696805
0.000000000000000 3683298
0.069824218750000 3695967
0.072204589843750 3683369
0.073730468750000 3697381
0.071350097656250 3700000
0.071899414062500 3700000
0.071472167968750 3691767
0.073181152343750 3694589
0.071777343750000 3683332
0.071289062500000 3694575
0.073364257812500 3683331
0.071350097656250 3694564
0.064575195312500 3691195
0.071594238281250 3686694
0.064331054687500 3691066
0.070617675781250 3686791
0.000000000000000 3690962
0.073303222656250 3698093
0.071655273437500 3683298
0.074584960937500 3696333
0.073913574218750 3692742
0.069641113281250 3694568
0.075012207031250 3690522
0.072753906250000 3700000
0.072082519531250 3699964
0.072143554687500 3688964
0.072387695312500 3693190
0.074890136718750 3684563
0.000000000000000 3699964
0.071228027343750 3700035
0.072387695312500 3700000
0.070983886718750 3687979
0.072387695312500 3689763
0.070556640625000 3700035
0.072326660156250 3700000
0.073974609375000 3688877
0.071533203125000 3693992
0.074279785156250 3694950
0.071533203125000 3700035
0.072265625000000 3699704
0.072143554687500 3689170
0.000000000000000 3688885
0.075561523437500 3700000
0.073547363281250 3700000
0.073669433593750 3700000
0.071594238281250 3699929
0.071655273437500 3684593
0.074218750000000 3693836
0.071594238281250 3700000
0.071350097656250 3700000
0.074035644531250 3695417
0.072509765625000 3693495
0.071411132812500 3688934
0.000000000000000 3690042
0.072692871093750 3698902
0.072509765625000 3699964
0.071655273437500 3688946
0.064575195312500 3700000
0.071044921875000 3685042
0.075073242187500 3683295
0.071838378906250 3687111
0.070983886718750 3690781
0.073364257812500 3683368
0.070190429687500 3683295
0.072387695312500 3697869
0.070373535156250 3699964
0.064270019531250 3696877
0.073913574218750 3692002
0.071228027343750 3699964
0.073059082031250 3690331
0.000000000000000 3697465
0.073242187500000 3699964
0.074096679687500 3700000
0.069519042968750 3700000
0.073730468750000 3686331
0.072204589843750 3691444
0.072143554687500 3697587
0.071777343750000 3683330
0.071899414062500 3685683
0.070617675781250 3700035
0.071228027343750 3698214
0.075073242187500 3699964
0.073242187500000 3698174
0.000000000000000 3690735
0.070739746093750 3688912
0.070922851562500 3700000
0.076354980468750 3700000
0.072082519531250 3700000
0.070190429687500 3700035
0.073791503906250 3700000
0.075195312500000 3698762
0.071350097656250 3690092
0.071594238281250 3700035
0.070312500000000 3699964
0.073608398437500 3699198
0.000000000000000 3689774
0.071105957031250 3699964
0.071899414062500 3700000
0.071166992187500 3688349
0.073425292968750 3689411
0.073547363281250 3662567
0.068237304687500 3594434
0.058166503906250 3594462
0.066772460937500 3589095
0.067993164062500 3599965
0.068054199218750 3600034
0.059387207031250 3600000
0.067321777343750 3595116
0.065795898437500 3593790
0.068420410156250 3600000
0.066040039062500 3600000
0.000000000000000 3595420
0.065979003906250 3583333
0.066528320312500 3599062
0.067199707031250 3600034
0.066040039062500 3588081
0.068786621093750 3592968
0.067749023437500 3599411
0.066223144531250 3590664
0.068176269531250 3594481
0.067321777343750 3592903
0.068786621093750 3599965
0.067932128906250 3598579
0.064636230468750 3597065
0.000000000000000 3583332
0.069519042968750 3594606
0.066284179687500 3591449
0.067138671875000 3599931
0.067687988281250 3600068
0.060180664062500 3600000
0.067016601562500 3600000
0.067138671875000 3600000
0.066589355468750 3592507
0.065734863281250 3596390
0.067382812500000 3599931
0.065612792968750 3598346
0.068969726562500 3583331
0.065307617187500 3584253
0.000000000000000 3600000
0.070922851562500 3593223
0.066589355468750 3593116
0.067260742187500 3584637
0.067443847656250 3593233
0.066589355468750 3584486
0.067199707031250 3600000
0.066772460937500 3600000
0.069763183593750 3600000
0.068420410156250 3600000
0.067626953125000 3600000
0.066711425781250 3600000
0.000000000000000 3600034
0.065368652343750 3599965
0.067749023437500 3600000
0.066833496093750 3599517
0.059326171875000 3586341
0.067138671875000 3600000
0.066467285156250 3600000
0.066406250000000 3600000
0.066345214843750 3600034
0.059387207031250 3599965
0.064514160156250 3600000
0.067138671875000 3600000
0.065551757812500 3600000
0.068237304687500 3600000
0.067016601562500 3600000
0.068359375000000 3600000
0.067382812500000 3600000
0.000000000000000 3600000
0.066833496093750 3600000
0.060363769531250 3600000
0.067565917968750 3600034
0.067199707031250 3599931
0.066345214843750 3600034
0.068725585937500 3600000
0.066406250000000 3600000
0.066528320312500 3599965
0.066650390625000 3600034
0.065612792968750 3600034
0.067687988281250 3599965
0.065185546875000 3593972
0.068786621093750 3596111
0.067382812500000 3599965
0.000000000000000 3600034
0.069458007812500 3591039
0.066833496093750 3597706
0.066223144531250 3600000
0.067016601562500 3600000
0.065307617187500 3600000
0.060119628906250 3600000
0.067871093750000 3600034
0.065063476562500 3599965
0.066894531250000 3600000
0.065612792968750 3599185
0.070556640625000 3600000
0.064086914062500 3599965
0.067138671875000 3600068
0.000000000000000 3599965
0.067504882812500 3600000
0.067565917968750 3600000
0.067749023437500 3600000
0.065124511718750 3600000
0.067810058593750 3600000
0.065063476562500 3600000
0.067871093750000 3600000
0.065429687500000 3600000
0.067810058593750 3600000
0.066162109375000 3600000
0.066528320312500 3600000
0.067932128906250 3600034
0.065856933593750 3595954
0.000000000000000 3596736
0.067138671875000 3597240
0.066223144531250 3597297
0.067871093750000 3600000
0.066711425781250 3600034
0.067321777343750 3593590
0.067260742187500 3584118
0.066589355468750 3593873
0.068176269531250 3594583
0.063964843750000 3589352
0.068420410156250 3600000
0.066589355468750 3594151
0.066894531250000 3583623
0.066345214843750 3600000
0.000000000000000 3600000
0.065490722656250 3589698
0.067565917968750 3588986
0.069641113281250 3594502
0.068359375000000 3599798
0.059692382812500 3583600
0.065979003906250 3594663
0.067199707031250 3589034
0.067016601562500 3600000
0.066833496093750 3599965
0.065551757812500 3600034
0.067810058593750 3600000
0.070251464843750 3600000
0.065979003906250 3595374
0.000000000000000 3583332
0.067260742187500 3594579
0.065551757812500 3583365
0.067687988281250 3583297
0.066528320312500 3593139
0.067138671875000 3584695
0.068176269531250 3593024
0.065856933593750 3588852
0.059265136718750 3600000
0.067443847656250 3593158
0.067504882812500 3600000
0.065490722656250 3588967
0.067443847656250 3600000
0.066528320312500 3600000
0.000000000000000 3600000
0.066528320312500 3591814
0.069030761718750 3592231
0.065856933593750 3588944
0.068664550781250 3600000
0.065307617187500 3588910
0.067260742187500 3600000
0.065124511718750 3599965
0.065734863281250 3600034
0.068908691406250 3600000
0.065979003906250 3600000
0.067687988281250 3599931
0.065856933593750 3600068
0.000000000000000 3600000
0.069641113281250 3600000
0.067565917968750 3600000
0.067565917968750 3600000
0.067871093750000 3600034
0.066467285156250 3599965
0.069335937500000 3594190
0.066162109375000 3583331
0.067443847656250 3595923
0.065246582031250 3600000
0.069519042968750 3597202
0.067993164062500 3598234
0.067199707031250 3590887
0.000000000000000 3599965
0.068237304687500 3600034
0.067382812500000 3593993
0.067993164062500 3594584
0.066101074218750 3589292
0.066223144531250 3600034
0.066101074218750 3600000
0.068664550781250 3600000
0.066223144531250 3600000
0.068908691406250 3600000
0.067504882812500 3600000
0.066467285156250 3600000
0.000000000000000 3600000
0.068359375000000 3600000
0.067504882812500 3600000
0.065429687500000 3599965
0.067382812500000 3595984
0.067504882812500 3595670
0.067260742187500 3599002
0.065429687500000 3594094
0.067138671875000 3600000
0.067565917968750 3599965
0.067382812500000 3600034
0.067077636718750 3600000
0.065673828125000 3599965
0.000000000000000 3593127
0.069091796875000 3600034
0.066467285156250 3599965
0.067199707031250 3600000
0.066894531250000 3600000
0.066955566406250 3600000
0.067565917968750 3591461
0.066711425781250 3594629
0.066833496093750 3591806
0.066833496093750 3597218
0.069274902343750 3591691
0.070068359375000 3600000
0.000000000000000 3591891
0.066345214843750 3583334
0.067993164062500 3583330
0.067077636718750 3584081
0.068115234375000 3591329
0.067626953125000 3597755
0.070251464843750 3583333
0.067504882812500 3594594
0.065551757812500 3590561
0.059204101562500 3588877
0.065551757812500 3599965
0.068176269531250 3600000
0.065856933593750 3600000
0.069763183593750 3600034
0.000000000000000 3591412
0.070739746093750 3594560
0.066467285156250 3590256
0.068176269531250 3600000
0.065490722656250 3594025
0.066711425781250 3594542
0.067626953125000 3583335
0.066772460937500 3595910
0.069152832031250 3594130
0.067749023437500 3594066
0.067138671875000 3600000
0.065673828125000 3600034
0.066345214843750 3600000
0.000000000000000 3600000
0.065429687500000 3600000
0.068176269531250 3600000
0.069274902343750 3600034
0.064819335937500 3599965
0.068359375000000 3600000
0.065795898437500 3600000
0.059326171875000 3599965
0.064147949218750 3600034
0.070068359375000 3595173
0.065856933593750 3597930
0.060791015625000 3595517
0.069458007812500 3588507
0.068298339843750 3600000
0.068786621093750 3593144
0.000000000000000 3599311
0.066528320312500 3599965
0.059448242187500 3600000
0.066833496093750 3600000
0.069091796875000 3600000
0.069274902343750 3600000
0.068725585937500 3600000
0.067871093750000 3597438
0.066345214843750 3594513
0.067687988281250 3592310
0.065856933593750 3600000
0.067810058593750 3591482
0.067504882812500 3597473
0.000000000000000 3599965
0.065673828125000 3596608
0.067504882812500 3600034
0.068725585937500 3596768
0.067138671875000 3584217
0.066894531250000 3600000
0.067077636718750 3600000
0.067382812500000 3600034
0.066894531250000 3600000
0.068481445312500 3600000
0.066101074218750 3600000
0.067016601562500 3600000
0.066101074218750 3595033
0.000000000000000 3594597
0.067687988281250 3590768
0.067993164062500 3587129
0.066528320312500 3595770
0.067077636718750 3600000
0.068359375000000 3596058
0.066955566406250 3594556
0.065307617187500 3583331
0.067871093750000 3595525
0.068786621093750 3600000
0.065856933593750 3599241
0.066040039062500 3583329
0.065856933593750 3584105
0.000000000000000 3599965
0.068969726562500 3600000
0.067321777343750 3600000
0.066772460937500 3600034
0.067810058593750 3599965
0.066284179687500 3600000
0.059265136718750 3600034
0.064208984375000 3589007
0.066345214843750 3585853
0.066284179687500 3600000
0.069458007812500 3589288
0.059265136718750 3583296
0.066223144531250 3588463
0.068054199218750 3600000
0.066833496093750 3600000
0.068908691406250 3600000
0.000000000000000 3584143
0.065307617187500 3594839
0.067871093750000 3599965
0.065185546875000 3600034
0.068725585937500 3600000
0.068786621093750 3600000
0.066467285156250 3600000
0.066223144531250 3600000
0.067810058593750 3600000
0.067871093750000 3585546
0.065917968750000 3595277
0.067932128906250 3600034
0.067016601562500 3600000
0.000000000000000 3599965
0.066528320312500 3600034
0.066833496093750 3600000
0.066894531250000 3598982
0.065917968750000 3600000
0.066223144531250 3600000
0.069519042968750 3600000
0.069946289062500 3588933
0.066040039062500 3592170
0.066894531250000 3585475
0.064575195312500 3600000
0.066955566406250 3600000
0.066223144531250 3600000
0.000000000000000 3587449
0.067687988281250 3593679
0.065307617187500 3599965
0.068542480468750 3600000
0.067260742187500 3600000
0.066955566406250 3600000
0.066162109375000 3600000
0.065612792968750 3593376
0.067687988281250 3594500
0.067443847656250 3589895
0.067199707031250 3600068
0.066589355468750 3600000
0.067871093750000 3600034
0.000000000000000 3599965
0.068054199218750 3599965
0.065490722656250 3600034
0.067810058593750 3600000
0.065063476562500 3600000
0.067443847656250 3590633
0.067810058593750 3600034
0.066345214843750 3599965
0.067504882812500 3600000
0.067199707031250 3600000
0.066162109375000 3600000
0.065551757812500 3600034
0.069152832031250 3595290
0.000000000000000 3583332
0.068847656250000 3583296
0.059204101562500 3593532
0.067687988281250 3595549
0.066528320312500 3583335
0.066345214843750 3598135
0.066223144531250 3597162
0.067993164062500 3600034
0.068786621093750 3600000
0.065612792968750 3600000
0.066223144531250 3600000
0.067199707031250 3596569
0.068908691406250 3600000
0.065307617187500 3596440
0.066223144531250 3583334
0.000000000000000 3583331
0.068908691406250 3583332
0.067504882812500 3583334
0.066894531250000 3583332
0.064392089843750 3594559
0.069335937500000 3591642
0.066650390625000 3600000
0.067749023437500 3600000
0.068664550781250 3600000
0.065246582031250 3600000
0.069580078125000 3592526
0.065979003906250 3586889
0.000000000000000 3585910
0.067687988281250 3600034
0.065551757812500 3600000
0.067382812500000 3600000
0.069946289062500 3600000
0.065124511718750 3599965
0.067810058593750 3600034
0.067810058593750 3600000
0.070129394531250 3600000
0.065063476562500 3600000
0.067932128906250 3592673
0.065917968750000 3600000
0.000000000000000 3600000
0.067199707031250 3600000
0.067504882812500 3600000
0.066101074218750 3600000
0.067871093750000 3600034
0.068969726562500 3597993
0.068420410156250 3600000
0.067565917968750 3600000
0.065673828125000 3599965
0.066711425781250 3600000
0.066772460937500 3600034
0.069641113281250 3600000
0.000000000000000 3600000
0.066101074218750 3600000
0.066894531250000 3595674
0.068359375000000 3594092
0.067016601562500 3591152
0.065979003906250 3598325
0.065612792968750 3583332
0.065856933593750 3583332
0.066955566406250 3596638
0.068542480468750 3594645
0.070251464843750 3583365
0.065124511718750 3583332
0.067687988281250 3583334
0.000000000000000 3588438
0.068664550781250 3595600
0.066711425781250 3594529
0.065612792968750 3593281
0.068298339843750 3600000
0.068603515625000 3600000
0.066406250000000 3600000
0.065856933593750 3600000
0.067687988281250 3597522
0.066772460937500 3600000
0.066894531250000 3589725
0.068420410156250 3587908
0.067993164062500 3593264
0.000000000000000 3594048
0.066711425781250 3600000
0.068176269531250 3599097
0.067077636718750 3589556
0.059020996093750 3583333
0.065185546875000 3587129
0.068603515625000 3591752
0.070190429687500 3595953
0.068481445312500 3600000
0.067871093750000 3600000
0.064575195312500 3600000
0.068176269531250 3600000
0.067016601562500 3600000
0.000000000000000 3589541
0.066589355468750 3589235
0.067626953125000 3600034
0.067626953125000 3600000
0.069335937500000 3600000
0.065612792968750 3600000
0.067871093750000 3600034
0.068237304687500 3599965
0.066406250000000 3600000
0.069641113281250 3600000
0.068786621093750 3600000
0.000000000000000 3600000
0.068481445312500 3600034
0.065124511718750 3593409
0.066528320312500 3595499
0.065429687500000 3600000
0.066894531250000 3588944
0.068847656250000 3593901
0.065734863281250 3587485
0.059509277343750 3593914
0.065917968750000 3594654
0.066711425781250 3583331
0.065917968750000 3583649
0.068481445312500 3594245
0.065856933593750 3594663
0.066711425781250 3594491
0.067565917968750 3583301
0.000000000000000 3588798
0.065246582031250 3589155
0.069335937500000 3588629
0.064453125000000 3589226
0.065979003906250 3594555
0.066894531250000 3583332
0.068420410156250 3583332
0.067077636718750 3583333
0.065124511718750 3587641
0.067810058593750 3593799
0.067138671875000 3599965
0.068176269531250 3589756
0.067687988281250 3599150
0.000000000000000 3600000
0.065795898437500 3595546
0.068115234375000 3593387
0.068054199218750 3588884
0.068115234375000 3590120
0.065063476562500 3583365
0.069702148437500 3593141
0.065246582031250 3595912
0.069946289062500 3584856
0.066711425781250 3588195
0.066040039062500 3590520
0.067260742187500 3583335
0.000000000000000 3583330
0.068298339843750 3583335
0.068969726562500 3592646
0.067382812500000 3596372
0.067565917968750 3583336
0.068908691406250 3583329
0.068176269531250 3583301
0.067504882812500 3586704
0.065429687500000 3591224
0.067443847656250 3594520
0.070129394531250 3583332
0.065795898437500 3586403
0.000000000000000 3600000
0.066589355468750 3597099
0.065795898437500 3591825
0.068664550781250 3586152
0.067016601562500 3583365
0.068359375000000 3594725
0.066833496093750 3591953
0.066223144531250 3594600
0.067993164062500 3599956
0.066406250000000 3600000
0.065185546875000 3592161
0.066711425781250 3585635
0.067016601562500 3599965
0.000000000000000 3588937
0.068115234375000 3592011
0.066772460937500 3591681
0.066406250000000 3592839
0.066406250000000 3585710
0.067626953125000 3583335
0.065185546875000 3584730
0.065917968750000 3622652
0.070800781250000 3768724
0.074951171875000 3683333
0.063476562500000 3683334
0.071350097656250 3689991
0.074340820312500 3699062
0.069946289062500 3689818
0.063781738281250 3688912
0.069946289062500 3700000
0.071533203125000 3700000
0.000000000000000 3693953
0.070556640625000 3683332
0.070678710937500 3683332
0.074401855468750 3694975
0.070617675781250 3699964
0.073486328125000 3688602
0.070617675781250 3683333
0.072082519531250 3683332
0.072021484375000 3683334
0.072570800781250 3694454
0.072448730468750 3683540
0.074096679687500 3694171
0.075012207031250 3688898
0.000000000000000 3700070
0.072448730468750 3694990
0.072937011718750 3683299
0.073364257812500 3688313
0.073730468750000 3699964
0.073242187500000 3700000
0.071350097656250 3700035
0.073486328125000 3684241
0.071960449218750 3693369
0.064270019531250 3700000
0.070739746093750 3699964
0.071838378906250 3695896
0.074584960937500 3683296
0.063171386718750 3683334
0.072998046875000 3683334
0.000000000000000 3687281
0.071350097656250 3699964
0.072753906250000 3688907
0.072204589843750 3699964
0.073730468750000 3688836
0.071289062500000 3690995
0.073913574218750 3683370
0.072265625000000 3692070
0.072387695312500 3685788
0.074035644531250 3689050
0.070312500000000 3700035
0.071838378906250 3691627
0.072326660156250 3694592
0.000000000000000 3691535
0.074645996093750 3688911
0.072631835937500 3700035
0.071350097656250 3686532
0.073242187500000 3683330
0.074584960937500 3685569
0.074768066406250 3700000
0.071777343750000 3688898
0.074157714843750 3700035
0.072631835937500 3688899
0.070678710937500 3692707
0.073852539062500 3685029
0.000000000000000 3700035
0.137878417968750 3700035
0.000000000000000 3699964
0.074035644531250 3687496
0.063903808593750 3690278
0.070861816406250 3688921
0.074035644531250 3700000
0.072570800781250 3687696
0.073669433593750 3690018
0.073059082031250 3698989
0.071166992187500 3689923
0.072875976562500 3688910
0.072570800781250 3699964
0.073242187500000 3699241
0.073242187500000 3683333
0.070312500000000 3683334
0.000000000000000 3683333
0.071594238281250 3683942
0.071777343750000 3699964
0.071655273437500 3688928
0.073120117187500 3699964
0.073242187500000 3688645
0.073791503906250 3689019
0.070556640625000 3700070
0.072265625000000 3694407
0.070861816406250 3683369
0.075012207031250 3699889
0.074401855468750 3699964
0.073974609375000 3683634
0.000000000000000 3694079
0.073181152343750 3700035
0.070251464843750 3699964
0.074157714843750 3700035
0.070800781250000 3699964
0.064086914062500 3684032
0.071472167968750 3693659
0.074096679687500 3688765
0.070983886718750 3690011
0.073608398437500 3683333
0.071960449218750 3693102
0.072265625000000 3695958
0.073364257812500 3692955
0.071166992187500 3688858
0.070922851562500 3690693
0.070922851562500 3687095
0.000000000000000 3690828
0.074951171875000 3694533
0.073486328125000 3692447
0.070983886718750 3700035
0.072326660156250 3700000
0.071533203125000 3696719
0.073364257812500 3683297
0.070922851562500 3697809
0.073791503906250 3700000
0.072875976562500 3688909
0.070068359375000 3699964
0.073364257812500 3700035
0.000000000000000 3700000
0.073608398437500 3697281
0.073181152343750 3683368
0.071228027343750 3694504
0.073547363281250 3691488
0.064697265625000 3700000
0.072937011718750 3700035
0.073120117187500 3699964
0.072753906250000 3700035
0.063964843750000 3688893
0.070556640625000 3700035
0.073791503906250 3688903
0.071899414062500 3692447
0.073303222656250 3696390
0.064880371093750 3700070
0.073425292968750 3687127
0.074035644531250 3685287
0.070556640625000 3683405
0.000000000000000 3683334
0.070251464843750 3684856
0.074279785156250 3693253
0.071777343750000 3683330
0.075256347656250 3690009
0.071289062500000 3700035
0.064514160156250 3699964
0.071166992187500 3700000
0.073913574218750 3700035
0.072570800781250 3699301
0.072143554687500 3683334
0.072509765625000 3683980
0.073486328125000 3700035
0.073974609375000 3688957
0.000000000000000 3700000
0.073913574218750 3688874
0.075195312500000 3700000
0.072814941406250 3700000
0.074035644531250 3700000
0.071044921875000 3688860
0.063781738281250 3688891
0.074951171875000 3700070
0.070129394531250 3699964
0.071105957031250 3693394
0.070861816406250 3699686
0.063720703125000 3700035
0.073486328125000 3699929
0.074462890625000 3700035
0.075866699218750 3695196
0.000000000000000 3693776
0.071838378906250 3695260
0.071105957031250 3693643
0.070434570312500 3699964
0.077087402343750 3700000
0.068542480468750 3700000
0.074584960937500 3690176
0.068298339843750 3698708
0.066284179687500 3699964
0.066284179687500 3696025
0.076721191406250 3683371
0.069702148437500 3694584
0.068664550781250 3683298
0.073913574218750 3698330
0.064331054687500 3699964
0.073120117187500 3700070
0.065185546875000 3700000
0.072937011718750 3685375
0.000000000000000 3692335
0.076965332031250 3700035
0.071716308593750 3699929
0.067687988281250 3696916
0.070312500000000 3683295
0.072631835937500 3686482
0.070678710937500 3700000
0.071899414062500 3697069
0.074157714843750 3691678
0.064331054687500 3697344
0.072814941406250 3683334
0.070678710937500 3697023
0.075256347656250 3700035
0.072082519531250 3686485
0.073181152343750 3690923
0.070922851562500 3686932
0.000000000000000 3690867
0.071166992187500 3698131
0.075744628906250 3683436
0.071472167968750 3696114
0.071166992187500 3699964
0.070983886718750 3700035
0.075561523437500 3700000
0.069519042968750 3699964
0.073547363281250 3700035
0.070922851562500 3687911
0.074584960937500 3683299
0.064758300781250 3695201
0.070983886718750 3700035
0.072998046875000 3688899
0.071350097656250 3700035
0.000000000000000 3699964
0.073120117187500 3694180
0.072814941406250 3694557
0.074829101562500 3689099
0.063110351562500 3688871
0.070983886718750 3700035
0.065368652343750 3700035
0.071105957031250 3694588
0.073852539062500 3694272
0.072631835937500 3688861
0.072326660156250 3700000
0.074523925781250 3694997
0.072326660156250 3683295
0.073486328125000 3699483
0.072265625000000 3689537
0.000000000000000 3688089
0.074645996093750 3700070
0.071166992187500 3688779
0.071960449218750 3700000
0.071655273437500 3695618
0.065246582031250 3693272
0.064453125000000 3700035
0.072448730468750 3700000
0.075012207031250 3699964
0.073608398437500 3690514
0.074951171875000 3683334
0.071289062500000 3692715
0.078979492187500 3700035
0.065429687500000 3690752
0.063232421875000 3686918
0.074157714843750 3690963
0.073303222656250 3683298
0.000000000000000 3683335
0.072875976562500 3683331
0.072631835937500 3692204
0.063476562500000 3699964
0.072937011718750 3700035
0.072143554687500 3700000
0.070739746093750 3699964
0.074462890625000 3700000
0.074035644531250 3700035
0.070922851562500 3697342
0.073242187500000 3683334
0.072448730468750 3697080
0.073425292968750 3700000
0.071411132812500 3699964
0.000000000000000 3700035
0.072570800781250 3699929
0.073059082031250 3700035
0.069274902343750 3700035
0.073974609375000 3699964
0.071777343750000 3688938
0.072753906250000 3700000
0.071472167968750 3688855
0.075927734375000 3700000
0.071228027343750 3700000
0.071838378906250 3700035
0.073852539062500 3699964
0.070800781250000 3700000
0.073181152343750 3687655
0.000000000000000 3683298
0.070129394531250 3695676
0.075134277343750 3700035
0.071350097656250 3699184
0.072082519531250 3683300
0.073791503906250 3694504
0.070617675781250 3689585
0.072387695312500 3700105
0.071960449218750 3700000
0.074096679687500 3688836
0.072631835937500 3700035
0.070922851562500 3688911
0.071899414062500 3685809
0.000000000000000 3694771
0.071777343750000 3699964
0.072875976562500 3700000
0.070922851562500 3700035
0.073791503906250 3691778
0.075195312500000 3699897
0.071289062500000 3694127
0.074645996093750 3688654
0.069519042968750 3700000
0.073669433593750 3700000
0.072631835937500 3700000
0.076232910156250 3700000
0.000000000000000 3688033
0.074707031250000 3688055
0.071044921875000 3689838
0.074035644531250 3694534
0.072265625000000 3693514
0.073791503906250 3699964
0.070739746093750 3690034
0.072448730468750 3694573
0.075317382812500 3693269
0.070739746093750 3695786
0.075134277343750 3693121
0.072509765625000 3688843
0.073181152343750 3690424
0.000000000000000 3683369
0.072692871093750 3692838
0.071594238281250 3696167
0.072814941406250 3692705
0.069763183593750 3700035
0.073425292968750 3700000
0.071411132812500 3699964
0.074890136718750 3691427
0.072265625000000 3686313
0.075683593750000 3691578
0.074707031250000 3686230
0.071655273437500 3691619
0.000000000000000 3686003
0.072692871093750 3691961
0.070556640625000 3685878
0.075134277343750 3699964
0.071655273437500 3697999
0.072814941406250 3683261
0.072326660156250 3696541
0.073669433593750 3699964
0.073120117187500 3698204
0.072143554687500 3690721
0.072204589843750 3700035
0.073181152343750 3683543
0.073852539062500 3696126
0.000000000000000 3692915
0.072692871093750 3696018
0.072875976562500 3700000
0.073364257812500 3700000
0.070678710937500 3693280
0.065002441406250 3695618
0.070434570312500 3693431
0.073852539062500 3694534
0.072631835937500 3689796
0.072631835937500 3700000
0.072509765625000 3700035
0.072692871093750 3688908
0.071838378906250 3700000
0.074096679687500 3699964
0.064392089843750 3686157
0.071350097656250 3683332
0.000000000000000 3689210
0.073669433593750 3699787
0.072265625000000 3688980
0.074218750000000 3688913
0.073303222656250 3688809
0.071716308593750 3696617
0.071044921875000 3700000
0.071166992187500 3700000
0.064208984375000 3683656
0.069885253906250 3694088
0.073486328125000 3694978
0.071960449218750 3683364
0.071228027343750 3593624
0.067810058593750 3600034
0.067016601562500 3595383
0.000000000000000 3593520
0.068847656250000 3599965
0.068847656250000 3600000
0.067810058593750 3600000
0.067443847656250 3590352
0.065063476562500 3598543
0.068786621093750 3590449
0.069152832031250 3594546
0.067504882812500 3592755
0.068725585937500 3588496
0.065246582031250 3591142
0.068359375000000 3583333
0.000000000000000 3592147
0.066650390625000 3588911
0.068786621093750 3600034
0.067321777343750 3600000
0.067382812500000 3600034
0.071228027343750 3599965
0.067932128906250 3599931
0.066284179687500 3600034
0.067016601562500 3591892
0.066345214843750 3597004
0.067993164062500 3600034
0.000000000000000 3588909
0.067932128906250 3600000
0.066955566406250 3600000
0.064636230468750 3600000
0.067443847656250 3598132
0.065551757812500 3590629
0.067382812500000 3598394
0.064697265625000 3590469
0.067504882812500 3598589
0.067687988281250 3583332
0.065551757812500 3595802
0.065429687500000 3600000
0.065673828125000 3599965
0.070373535156250 3600034
0.065917968750000 3598442
0.000000000000000 3589842
0.066284179687500 3587988
0.066894531250000 3583335
0.067871093750000 3584124
0.059875488281250 3600034
0.068054199218750 3588896
0.066528320312500 3599965
0.066589355468750 3599543
0.069152832031250 3589401
0.065063476562500 3599672
0.066528320312500 3589239
0.068298339843750 3588583
0.066040039062500 3583366
0.059020996093750 3594571
0.067504882812500 3589085
0.000000000000000 3588915
0.067077636718750 3583330
0.064941406250000 3594218
0.067993164062500 3600000
0.065917968750000 3589353
0.066711425781250 3588772
0.068115234375000 3583265
0.067626953125000 3583367
0.058959960937500 3593791
0.067016601562500 3584151
0.068298339843750 3593633
0.066589355468750 3595448
0.069641113281250 3583365
0.066833496093750 3598965
0.066894531250000 3590077
0.000000000000000 3587536
0.066833496093750 3590294
0.065734863281250 3598682
0.068298339843750 3590332
0.064697265625000 3598578
0.069030761718750 3590479
0.067321777343750 3598432
0.068664550781250 3590630
0.058898925781250 3598243
0.067565917968750 3600000
0.067077636718750 3588843
0.065429687500000 3600068
0.068542480468750 3596763
0.067993164062500 3592166
0.000000000000000 3596891
0.066711425781250 3583330
0.066650390625000 3597552
0.066345214843750 3591494
0.068786621093750 3583335
0.065673828125000 3591260
0.066040039062500 3600000
0.065734863281250 3600034
0.068664550781250 3586724
0.067932128906250 3583368
0.066650390625000 3596371
0.059143066406250 3600000
0.134399414062500 3587125
0.064880371093750 3596395
0.065612792968750 3583335
0.068054199218750 3594558
0.000000000000000 3583330
0.068664550781250 3597830
0.066833496093750 3591197
0.066406250000000 3583331
0.068176269531250 3592105
0.064880371093750 3588889
0.069763183593750 3591502
0.069274902343750 3594524
0.068542480468750 3591867
0.066894531250000 3597171
0.067199707031250 3591718
0.000000000000000 3599377
0.067626953125000 3591872
0.066589355468750 3594536
0.067443847656250 3591482
0.068725585937500 3597587
0.067382812500000 3583333
0.068481445312500 3583333
0.066955566406250 3591072
0.067138671875000 3597996
0.066101074218750 3590903
0.069458007812500 3586989
0.067504882812500 3583333
0.000000000000000 3594575
0.066040039062500 3590618
0.066894531250000 3600034
0.065917968750000 3592883
0.066406250000000 3584834
0.066589355468750 3600000
0.067993164062500 3588813
0.068054199218750 3593269
0.065002441406250 3584028
0.066406250000000 3583363
0.067016601562500 3583300
0.066955566406250 3583334
0.066345214843750 3594534
0.068969726562500 3589444
0.000000000000000 3600000
0.067443847656250 3594188
0.066040039062500 3594560
0.067993164062500 3583303
0.066223144531250 3583463
0.068359375000000 3594402
0.065307617187500 3583365
0.067016601562500 3594502
0.069641113281250 3594273
0.066101074218750 3600000
0.066162109375000 3589242
0.065429687500000 3594533
0.068359375000000 3583334
0.000000000000000 3594558
0.066528320312500 3583296
0.067565917968750 3583366
0.069091796875000 3593667
0.066650390625000 3588768
0.059448242187500 3599965
0.067199707031250 3584546
0.065429687500000 3593241
0.066528320312500 3595808
0.067199707031250 3583331
0.064880371093750 3583333
0.068847656250000 3592855
0.069580078125000 3589663
0.067199707031250 3589163
0.060546875000000 3587116
0.000000000000000 3599965
0.065246582031250 3600034
0.066833496093750 3590989
0.066589355468750 3589164
0.059509277343750 3592193
0.069641113281250 3588908
0.067443847656250 3600000
0.068725585937500 3588869
0.066162109375000 3600000
0.067321777343750 3588910
0.065795898437500 3591708
0.068054199218750 3597260
0.067016601562500 3599965
0.066833496093750 3587294
0.000000000000000 3583333
0.067687988281250 3585602
0.067626953125000 3600000
0.067810058593750 3588900
0.065917968750000 3592462
0.059692382812500 3596483
0.067138671875000 3592502
0.068359375000000 3585233
0.067382812500000 3592639
0.066223144531250 3592223
0.067871093750000 3590642
0.066040039062500 3588946
0.067077636718750 3599793
0.067199707031250 3589082
0.000000000000000 3600000
0.068176269531250 3587596
0.067810058593750 3583329
0.065734863281250 3595638
0.066589355468750 3600034
0.069396972656250 3587925
0.066101074218750 3583332
0.067871093750000 3594532
0.068603515625000 3583333
0.066894531250000 3583500
0.067932128906250 3599965
0.067626953125000 3600034
0.000000000000000 3600000
0.068115234375000 3589014
0.067321777343750 3594569
0.069641113281250 3587756
0.067077636718750 3583666
0.068664550781250 3594132
0.065429687500000 3588909
0.070434570312500 3589424
0.067504882812500 3594596
0.067321777343750 3593853
0.066589355468750 3595266
0.066528320312500 3590220
0.058959960937500 3584172
0.067382812500000 3583334
0.000000000000000 3597866
0.066589355468750 3590036
0.065551757812500 3594592
0.068054199218750 3593214
0.066894531250000 3588906
0.067687988281250 3590261
0.065734863281250 3594499
0.067016601562500 3583335
0.067810058593750 3598398
0.065124511718750 3600000
0.059387207031250 3596320
0.066284179687500 3592627
0.067993164062500 3588910
0.065979003906250 3590881
0.068298339843750 3586837
0.000000000000000 3600000
0.068054199218750 3600034
0.064697265625000 3599965
0.067504882812500 3600034
0.065551757812500 3591356
0.067199707031250 3586041
0.067626953125000 3600000
0.067321777343750 3600000
0.059204101562500 3591924
0.068603515625000 3585854
0.066284179687500 3600000
0.065490722656250 3600000
0.068542480468750 3591794
0.066467285156250 3585155
0.000000000000000 3600103
0.067626953125000 3598471
0.069763183593750 3583298
0.066833496093750 3596117
0.068359375000000 3592909
0.066101074218750 3594577
0.067626953125000 3599889
0.067749023437500 3600000
0.070861816406250 3600034
0.066040039062500 3587678
0.064575195312500 3583299
0.067871093750000 3499902
0.000000000000000 3589929
0.126953125000000 3588911
0.000000000000000 3600000
0.066101074218750 3588880
0.067138671875000 3593840
0.069763183593750 3594532
0.068542480468750 3583296
0.066406250000000 3583915
0.066650390625000 3592801
0.066467285156250 3583732
0.064758300781250 3600034
0.068237304687500 3599783
0.066833496093750 3583333
0.066345214843750 3594670
0.000000000000000 3600034
0.067810058593750 3588801
0.068908691406250 3583335
0.066711425781250 3594446
0.066955566406250 3588952
0.067810058593750 3600000
0.068115234375000 3588893
0.068847656250000 3589496
0.068298339843750 3594617
0.064941406250000 3583334
0.065979003906250 3583334
0.068359375000000 3583333
0.067321777343750 3594565
0.000000000000000 3583336
0.068054199218750 3587891
0.066528320312500 3589997
0.067016601562500 3598899
0.069763183593750 3584596
0.067443847656250 3587269
0.065551757812500 3590615
0.067138671875000 3583300
0.069580078125000 3583367
0.067077636718750 3594556
0.067138671875000 3583329
0.066040039062500 3583335
0.000000000000000 3583333
0.068359375000000 3594856
0.067871093750000 3591355
0.068054199218750 3587727
0.069641113281250 3600000
0.067504882812500 3597195
0.059265136718750 3591709
0.065429687500000 3588847
0.069335937500000 3600000
0.066223144531250 3600000
0.066528320312500 3600000
0.067565917968750 3597748
0.065185546875000 3591161
0.000000000000000 3600000
0.067565917968750 3600000
0.065490722656250 3600000
0.067871093750000 3600000
0.065917968750000 3600000
0.059143066406250 3600000
0.065734863281250 3587235
0.068115234375000 3583333
0.068237304687500 3594580
0.064941406250000 3590394
0.068237304687500 3587533
0.065673828125000 3590258
0.068176269531250 3588930
0.066589355468750 3593247
0.068908691406250 3583335
0.000000000000000 3583369
0.068420410156250 3594554
0.066162109375000 3583298
0.067626953125000 3583368
0.066345214843750 3589631
0.067810058593750 3599443
0.066650390625000 3583298
0.069763183593750 3583367
0.068420410156250 3588993
0.066162109375000 3600034
0.065795898437500 3594565
0.066162109375000 3583302
0.000000000000000 3584939
0.068969726562500 3594223
0.066162109375000 3583672
0.068237304687500 3594012
0.068054199218750 3599965
0.068969726562500 3600034
0.066650390625000 3583987
0.066162109375000 3583366
0.067199707031250 3599222
0.067504882812500 3600034
0.069580078125000 3595376
0.068359375000000 3588245
0.000000000000000 3583369
0.066162109375000 3583264
0.066223144531250 3587704
0.067932128906250 3590305
0.059204101562500 3587472
0.064636230468750 3600000
0.066589355468750 3584858
0.067260742187500 3592631
0.067565917968750 3588886
0.059753417968750 3590948
0.066711425781250 3594535
0.067016601562500 3583331
0.067199707031250 3594524
0.068298339843750 3592187
0.065734863281250 3596825
0.068969726562500 3592106
0.000000000000000 3597005
0.068481445312500 3591904
0.066894531250000 3597204
0.067443847656250 3583331
0.064636230468750 3585115
0.066833496093750 3599965
0.068237304687500 3588949
0.059814453125000 3600000
0.068420410156250 3586388
0.066040039062500 3591357
0.067382812500000 3588511
0.059753417968750 3592502
0.067504882812500 3596387
0.065490722656250 3592597
0.067687988281250 3596291
0.066345214843750 3592862
0.060424804687500 3596045
0.000000000000000 3597076
0.068298339843750 3587433
0.066833496093750 3590328
0.067871093750000 3594358
0.066833496093750 3583335
0.068603515625000 3594512
0.066833496093750 3583332
0.069641113281250 3584282
0.066711425781250 3596551
0.066345214843750 3583936
0.059814453125000 3585539
0.067687988281250 3583815
0.066345214843750 3594078
0.067810058593750 3583682
0.000000000000000 3600000
0.067138671875000 3599831
0.066528320312500 3589047
0.066284179687500 3600000
0.067565917968750 3583665
0.066650390625000 3594141
0.068298339843750 3600000
0.065551757812500 3589403
0.068237304687500 3588303
0.069946289062500 3589585
0.067565917968750 3588221
0.058959960937500 3599965
0.064636230468750 3584193
0.059265136718750 3593517
0.067810058593750 3595498
0.000000000000000 3593412
0.068481445312500 3584406
0.065002441406250 3583369
0.067077636718750 3594555
0.067199707031250 3583334
0.067504882812500 3594549
0.068664550781250 3583335
0.066894531250000 3583330
0.066467285156250 3592860
0.069641113281250 3596201
0.067016601562500 3583334
0.068359375000000 3587086
0.000000000000000 3590790
0.066711425781250 3587020
0.067138671875000 3600000
0.067382812500000 3600000
0.059570312500000 3591014
0.065124511718750 3583335
0.069519042968750 3583366
0.069946289062500 3583296
0.065551757812500 3583334
0.059265136718750 3583333
0.066833496093750 3583334
0.066528320312500 3594555
0.069091796875000 3583335
0.067321777343750 3594534
0.067382812500000 3583333
0.000000000000000 3583368
0.127746582031250 3591079
0.000000000000000 3588878
0.066101074218750 3589059
0.066711425781250 3596464
0.065551757812500 3592614
0.069274902343750 3583336
0.066589355468750 3583330
0.066894531250000 3583300
0.069519042968750 3583365
0.067626953125000 3596030
0.068115234375000 3600000
0.065368652343750 3587470
0.067016601562500 3583335
0.065185546875000 3584660
0.000000000000000 3593203
0.069091796875000 3584415
0.069641113281250 3599965
0.067810058593750 3599279
0.068481445312500 3583333
0.066589355468750 3583267
0.070129394531250 3583399
0.067077636718750 3583332
0.067810058593750 3583298
0.067504882812500 3583366
0.066650390625000 3583336
0.000000000000000 3594555
0.068115234375000 3583337
0.066284179687500 3583332
0.066711425781250 3588867
0.066345214843750 3600000
0.069580078125000 3588904
0.059936523437500 3589198
0.065856933593750 3599735
0.068176269531250 3600000
0.066406250000000 3599965
0.060424804687500 3600068
0.065429687500000 3599931
0.066772460937500 3589726
0.065307617187500 3588086
0.069580078125000 3589804
0.000000000000000 3598913
0.067016601562500 3599910
0.067504882812500 3587662
0.068359375000000 3590324
0.066406250000000 3587426
0.068298339843750 3600000
0.067199707031250 3596079
0.068786621093750 3592829
0.058959960937500 3600000
0.067199707031250 3590806
0.068725585937500 3586973
0.065246582031250 3600000
0.066833496093750 3596579
0.065246582031250 3592333
0.000000000000000 3585561
0.070068359375000 3592156
0.067443847656250 3585773
0.068725585937500 3583331
0.066406250000000 3586257
0.068969726562500 3591706
0.068542480468750 3594543
0.066345214843750 3583332
0.060729980468750 3583332
0.068542480468750 3583301
0.066955566406250 3585702
0.067016601562500 3600034
0.064636230468750 3588873
0.000000000000000 3592314
0.067993164062500 3596651
0.067687988281250 3600000
0.066345214843750 3586909
0.067382812500000 3590810
0.066528320312500 3588912
0.066223144531250 3592714
0.067077636718750 3583335
0.068298339843750 3583296
0.065612792968750 3583367
0.066772460937500 3590331
0.068115234375000 3588933
0.065734863281250 3593165
0.067138671875000 3583332
0.000000000000000 3583366
0.065612792968750 3583335
0.067382812500000 3583369
0.066589355468750 3594680
0.068664550781250 3589654
0.070861816406250 3600000
0.067077636718750 3600000
0.067260742187500 3588945
0.067260742187500 3600000
0.066894531250000 3599575
0.070861816406250 3739495
0.064147949218750 3733455
0.075378417968750 3700035
0.000000000000000 3688895
0.074768066406250 3694409
0.064208984375000 3694523
0.070556640625000 3683497
0.074279785156250 3694373
0.071105957031250 3689098
0.072570800781250 3689170
0.068664550781250 3694464
0.072387695312500 3694140
0.075378417968750 3683733
0.071228027343750 3683332
0.070983886718750 3688177
0.070251464843750 3700000
0.074462890625000 3684207
0.000000000000000 3683299
0.070373535156250 3699161
0.072692871093750 3689935
0.073913574218750 3683298
0.068969726562500 3693295
0.072937011718750 3695785
0.071044921875000 3683333
0.071472167968750 3694559
0.070678710937500 3692884
0.065002441406250 3699964
0.074462890625000 3690688
0.073486328125000 3698241
0.074707031250000 3700035
0.072875976562500 3700000
0.000000000000000 3699964
0.071838378906250 3700000
0.072631835937500 3691132
0.074401855468750 3683332
0.070617675781250 3683295
0.074645996093750 3697653
0.064147949218750 3700035
0.071655273437500 3697020
0.071777343750000 3684259
0.070129394531250 3686035
0.074035644531250 3683297
0.070678710937500 3683332
0.072265625000000 3683334
0.074279785156250 3694586
0.072692871093750 3683299
0.000000000000000 3685820
0.073547363281250 3700000
0.071166992187500 3697686
0.072692871093750 3690979
0.072143554687500 3686945
0.074340820312500 3683332
0.075683593750000 3685221
0.072631835937500 3692706
0.072448730468750 3683370
0.072875976562500 3690505
0.072814941406250 3700000
0.073242187500000 3693033
0.000000000000000 3684645
0.073547363281250 3700105
0.071777343750000 3699964
0.071533203125000 3693254
0.071594238281250 3683371
0.070800781250000 3683295
0.073181152343750 3683337
0.070373535156250 3689736
0.072143554687500 3700035
0.073059082031250 3699964
0.070312500000000 3700000
0.073242187500000 3694023
0.072509765625000 3694568
0.000000000000000 3689316
0.070739746093750 3688575
0.070922851562500 3689169
0.074096679687500 3700035
0.074035644531250 3699964
0.070129394531250 3688906
0.072326660156250 3694521
0.068420410156250 3694321
0.072387695312500 3700035
0.290039062500000 3689393
0.073303222656250 3693678
0.071777343750000 3695345
0.072631835937500 3693402
0.070007324218750 3699964
0.074218750000000 3700035
0.072509765625000 3684650
0.072570800781250 3693090
0.071289062500000 3684734
0.071777343750000 3693002
0.000000000000000 3700000
0.073181152343750 3700000
0.071289062500000 3688871
0.072814941406250 3690742
0.071289062500000 3687034
0.073913574218750 3690841
0.074645996093750 3686761
0.072998046875000 3691137
0.071472167968750 3686609
0.071105957031250 3700000
0.074096679687500 3688746
0.071960449218750 3700000
0.073120117187500 3686066
0.000000000000000 3691665
0.071716308593750 3686230
0.070617675781250 3683369
0.073669433593750 3683331
0.071228027343750 3683334
0.074218750000000 3694554
0.074035644531250 3691008
0.064331054687500 3698121
0.073669433593750 3690675
0.070800781250000 3700035
0.074157714843750 3692767
0.071350097656250 3694561
0.072448730468750 3690497
0.071472167968750 3699964
0.000000000000000 3700035
0.073791503906250 3699964
0.074829101562500 3693256
0.071899414062500 3695685
0.073242187500000 3699964
0.071411132812500 3699119
0.073425292968750 3689767
0.072937011718750 3688969
0.072998046875000 3699964
0.074890136718750 3699356
0.072143554687500 3683369
0.071166992187500 3683332
0.072753906250000 3689426
0.000000000000000 3688910
0.072143554687500 3700000
0.070922851562500 3699964
0.072998046875000 3700000
0.073486328125000 3699368
0.072692871093750 3694534
0.071105957031250 3693203
0.072204589843750 3700000
0.072082519531250 3700000
0.073913574218750 3699964
0.073852539062500 3700035
0.072692871093750 3683889
0.070434570312500 3693783
0.000000000000000 3684076
0.072753906250000 3683364
0.072265625000000 3694558
0.073547363281250 3693523
0.071166992187500 3684368
0.072265625000000 3693386
0.072998046875000 3688898
0.072692871093750 3700000
0.074340820312500 3684759
0.073120117187500 3683333
0.073791503906250 3694560
0.073486328125000 3683298
0.000000000000000 3687205
0.071655273437500 3700000
0.073547363281250 3696335
0.072265625000000 3683335
0.072998046875000 3697890
0.073608398437500 3691167
0.072448730468750 3694580
0.070861816406250 3683334
0.073547363281250 3683368
0.075622558593750 3691910
0.071166992187500 3688944
0.071350097656250 3691535
0.071960449218750 3686170
0.064636230468750 3691722
0.071594238281250 3683332
0.000000000000000 3691651
0.072082519531250 3699964
0.071533203125000 3691959
0.073669433593750 3683369
0.064025878906250 3691343
0.071166992187500 3697852
0.072448730468750 3691053
0.071960449218750 3688943
0.076843261718750 3699964
0.073181152343750 3688943
0.074218750000000 3699929
0.076110839843750 3698423
0.074890136718750 3690552
0.064453125000000 3687415
0.000000000000000 3690288
0.072570800781250 3698808
0.074157714843750 3464197
0.064758300781250 3687903
0.064025878906250 3690609
0.073242187500000 3687984
0.063720703125000 3689809
0.073120117187500 3688974
0.074829101562500 3699964
0.073608398437500 3700000
0.071716308593750 3700000
0.073852539062500 3699964
0.073730468750000 3700035
0.073913574218750 3688908
0.074523925781250 3694140
0.072143554687500 3694735
0.000000000000000 3689034
0.071411132812500 3700035
0.071472167968750 3699964
0.076293945312500 3699964
0.064514160156250 3700070
0.073303222656250 3689271
0.081054687500000 3683334
0.070861816406250 3683367
0.064514160156250 3694518
0.072082519531250 3693551
0.068603515625000 3688873
0.063720703125000 3690027
0.064575195312500 3698911
0.075378417968750 3690216
0.070251464843750 3694593
0.064758300781250 3693028
0.071044921875000 3700000
0.070068359375000 3699964
0.071533203125000 3688944
0.071533203125000 3700035
0.069030761718750 3685194
0.064819335937500 3683263
0.000000000000000 3694594
0.070617675781250 3683335
0.078796386718750 3697927
0.067871093750000 3691126
0.071289062500000 3697397
0.071350097656250 3691793
0.070068359375000 3694527
0.076232910156250 3691333
0.075195312500000 3696353
0.072204589843750 3691188
0.070800781250000 3688952
0.071960449218750 3700035
0.072875976562500 3688935
0.000000000000000 3699929
0.073852539062500 3687077
0.073547363281250 3683366
0.070007324218750 3694507
0.073486328125000 3683332
0.070922851562500 3684798
0.071777343750000 3700000
0.074035644531250 3699929
0.073425292968750 3693183
0.073547363281250 3694662
0.070800781250000 3698412
0.074218750000000 3688008
0.071166992187500 3689812
0.000000000000000 3688873
0.072265625000000 3694014
0.071105957031250 3683295
0.073120117187500 3689464
0.073791503906250 3699535
0.072570800781250 3683368
0.072937011718750 3694857
0.071350097656250 3694169
0.074035644531250 3683332
0.072753906250000 3689149
0.073791503906250 3699876
0.072631835937500 3683418
0.069885253906250 3683334
0.066650390625000 3688704
0.000000000000000 3699964
0.072387695312500 3694818
0.072631835937500 3694094
0.072326660156250 3700035
0.075439453125000 3699964
0.073059082031250 3683965
0.069458007812500 3683336
0.073120117187500 3699348
0.072509765625000 3700035
0.072570800781250 3684183
0.073120117187500 3693436
0.073059082031250 3695610
0.072692871093750 3693263
0.000000000000000 3700000
0.075195312500000 3700035
0.072509765625000 3695997
0.069702148437500 3692913
0.074523925781250 3688898
0.071655273437500 3700000
0.072875976562500 3699964
0.076110839843750 3700035
0.064208984375000 3696365
0.072265625000000 3683332
0.074523925781250 3697867
0.073974609375000 3691124
0.073669433593750 3683333
0.000000000000000 3692056
0.073730468750000 3688938
0.076416015625000 3691436
0.068542480468750 3683231
0.068176269531250 3683401
0.066589355468750 3683370
0.064941406250000 3683365
0.072082519531250 3697070
0.072326660156250 3691980
0.072753906250000 3694560
0.071899414062500 3683368
0.074890136718750 3696764
0.073913574218750 3700035
0.073181152343750 3688859
0.071411132812500 3692549
0.073791503906250 3695357
0.000000000000000 3692667
0.074157714843750 3696305
0.072570800781250 3699964
0.074768066406250 3688946
0.071166992187500 3700000
0.073974609375000 3698573
0.073425292968750 3690325
0.072204589843750 3688906
0.073242187500000 3693160
0.075439453125000 3694591
0.072082519531250 3683297
0.000000000000000 3695597
0.072387695312500 3693496
0.072082519531250 3694522
0.072692871093750 3683330
0.073791503906250 3694572
0.073791503906250 3683365
0.074829101562500 3683301
0.074462890625000 3689453
0.069641113281250 3688803
0.064025878906250 3700000
0.071044921875000 3688971
0.073730468750000 3699894
0.071289062500000 3688785
0.070861816406250 3688993
0.000000000000000 3700035
0.076110839843750 3683599
0.073608398437500 3694166
0.064086914062500 3700000
0.070678710937500 3699929
0.074523925781250 3688944
0.071166992187500 3700000
0.071960449218750 3695316
0.070983886718750 3693652
0.076354980468750 3695402
0.076293945312500 3693496
0.070373535156250 3695513
0.073669433593750 3693393
0.070312500000000 3695752
0.065124511718750 3693104
0.070495605468750 3695874
0.000000000000000 3683369
0.073303222656250 3687317
0.074645996093750 3690577
0.074279785156250 3687240
0.065002441406250 3690618
0.073364257812500 3698258
0.072937011718750 3700000
0.070739746093750 3688912
0.064758300781250 3690945
0.071411132812500 3698032
0.072937011718750 3700000
0.074157714843750 3700000
0.073913574218750 3691360
0.074645996093750 3694556
0.070190429687500 3691889
0.000000000000000 3700035
0.071838378906250 3700000
0.070068359375000 3697278
0.073486328125000 3683330
0.073059082031250 3694565
0.071411132812500 3683366
0.073547363281250 3694524
0.070495605468750 3683333
0.076416015625000 3682666
0.066650390625000 3592208
0.068603515625000 3585637
0.069091796875000 3592256
0.000000000000000 3585435
0.068664550781250 3592457
0.068359375000000 3585298
0.064880371093750 3600000
0.065246582031250 3588924
0.065490722656250 3592677
0.068969726562500 3585038
0.067504882812500 3592838
0.065551757812500 3584794
0.067199707031250 3600102
0.069030761718750 3588942
0.059082031250000 3600000
0.067504882812500 3598774
0.067138671875000 3583331
0.000000000000000 3584353
0.068298339843750 3600034
0.067016601562500 3600000
0.067749023437500 3599931
0.066894531250000 3600034
0.067443847656250 3594017
0.066894531250000 3595044
0.067749023437500 3600000
0.068786621093750 3600000
0.067443847656250 3594201
0.069030761718750 3583504
0.068298339843750 3600000
0.000000000000000 3588803
0.069824218750000 3583300
0.065429687500000 3583297
0.067993164062500 3588731
0.067993164062500 3589209
0.065979003906250 3589700
0.067443847656250 3589311
0.067443847656250 3599600
0.068969726562500 3599399
0.069458007812500 3595141
0.059631347656250 3593769
0.066711425781250 3588914
0.065734863281250 3600000
0.000000000000000 3600000
0.067932128906250 3599897
0.065246582031250 3584547
0.067321777343750 3583330
0.065612792968750 3587605
0.067199707031250 3600034
0.069763183593750 3600034
0.066040039062500 3590382
0.069458007812500 3598490
0.066528320312500 3590634
0.067382812500000 3583300
0.066528320312500 3592673
0.065551757812500 3596416
0.000000000000000 3583302
0.068847656250000 3594629
0.065734863281250 3583330
0.069152832031250 3594556
0.066284179687500 3592177
0.068298339843750 3596945
0.067138671875000 3592034
0.071472167968750 3596958
0.066894531250000 3583334
0.067810058593750 3597450
0.067260742187500 3593730
0.065368652343750 3597265
0.000000000000000 3583331
0.068542480468750 3597159
0.067382812500000 3591876
0.067687988281250 3594534
0.069091796875000 3583332
0.068054199218750 3583337
0.066589355468750 3583331
0.067077636718750 3585537
0.066833496093750 3592368
0.064880371093750 3585412
0.068420410156250 3592456
0.067749023437500 3585269
0.000000000000000 3592640
0.066284179687500 3583330
0.067626953125000 3583333
0.068054199218750 3594557
0.066528320312500 3583335
0.064697265625000 3583296
0.070800781250000 3590332
0.067443847656250 3598697
0.067199707031250 3590011
0.067749023437500 3588909
0.065002441406250 3600000
0.066040039062500 3588935
0.069519042968750 3600000
0.000000000000000 3588155
0.066528320312500 3593483
0.069274902343750 3595145
0.066284179687500 3593881
0.066833496093750 3594594
0.066833496093750 3583336
0.067871093750000 3583333
0.065856933593750 3589122
0.059082031250000 3599905
0.069885253906250 3592999
0.065795898437500 3589051
0.066589355468750 3594557
0.065612792968750 3594214
0.068420410156250 3588898
0.000000000000000 3600000
0.065917968750000 3588909
0.065979003906250 3600000
0.068176269531250 3584010
0.064453125000000 3593732
0.069335937500000 3584112
0.064453125000000 3583369
0.068176269531250 3587924
0.066528320312500 3589999
0.066894531250000 3583330
0.070556640625000 3583332
0.066894531250000 3594562
0.066711425781250 3593173
0.000000000000000 3595961
0.067993164062500 3583332
0.070068359375000 3594558
0.067077636718750 3583333
0.067199707031250 3598002
0.069152832031250 3600068
0.067626953125000 3596261
0.068481445312500 3599965
0.065795898437500 3596950
0.066528320312500 3584624
0.067749023437500 3597058
0.000000000000000 3591852
0.068115234375000 3600000
0.067199707031250 3600000
0.065612792968750 3586190
0.066711425781250 3583333
0.066894531250000 3594034
0.068115234375000 3592064
0.066528320312500 3585619
0.066833496093750 3600000
0.066772460937500 3586875
0.068786621093750 3583333
0.067260742187500 3585158
0.065429687500000 3600000
0.066223144531250 3600000
0.000000000000000 3600000
0.064819335937500 3600000
0.061096191406250 3600000
0.066101074218750 3599965
0.058959960937500 3600034
0.067077636718750 3587880
0.065856933593750 3589830
0.067993164062500 3588913
0.065063476562500 3588839
0.066589355468750 3583331
0.065551757812500 3583336
0.067626953125000 3583330
0.069030761718750 3583333
0.065979003906250 3594469
0.067993164062500 3583364
0.066223144531250 3583336
0.000000000000000 3594427
0.067443847656250 3583330
0.065368652343750 3583333
0.066345214843750 3594167
0.068176269531250 3594809
0.069335937500000 3583334
0.066406250000000 3594555
0.065246582031250 3593765
0.067626953125000 3588907
0.069091796875000 3589766
0.067687988281250 3583334
0.067749023437500 3593491
0.066711425781250 3588960
0.000000000000000 3590044
0.065612792968750 3586402
0.066467285156250 3583334
0.067626953125000 3590157
0.065246582031250 3592945
0.067199707031250 3584923
0.067871093750000 3583334
0.066772460937500 3594533
0.068176269531250 3583334
0.065246582031250 3594537
0.067016601562500 3583296
0.068176269531250 3594958
0.067993164062500 3583329
0.000000000000000 3583333
0.066467285156250 3583268
0.068237304687500 3583401
0.068786621093750 3591399
0.067016601562500 3586485
0.059326171875000 3591252
0.065734863281250 3586605
0.067199707031250 3583363
0.066162109375000 3596669
0.069091796875000 3600000
0.067382812500000 3600000
0.065185546875000 3600000
0.068298339843750 3587101
0.065551757812500 3583330
0.000000000000000 3595938
0.066406250000000 3593083
0.065307617187500 3594538
0.066284179687500 3590129
0.068847656250000 3593913
0.066101074218750 3583334
0.067993164062500 3595319
0.066528320312500 3599965
0.068481445312500 3588248
0.065490722656250 3583332
0.066589355468750 3594526
0.068847656250000 3589361
0.064941406250000 3588537
0.000000000000000 3588893
0.070068359375000 3600000
0.067871093750000 3583607
0.068420410156250 3594244
0.066040039062500 3588887
0.068359375000000 3589289
0.070129394531250 3599486
0.066650390625000 3589535
0.068115234375000 3583367
0.067504882812500 3583296
0.066894531250000 3599296
0.065734863281250 3589748
0.000000000000000 3599151
0.066711425781250 3589888
0.066711425781250 3583330
0.066894531250000 3583333
0.067016601562500 3583334
0.065612792968750 3583334
0.068298339843750 3587258
0.066040039062500 3590885
0.069274902343750 3583331
0.067321777343750 3583331
0.066162109375000 3597962
0.066894531250000 3600000
0.067382812500000 3588909
0.000000000000000 3591198
0.065856933593750 3583334
0.067321777343750 3583329
0.067077636718750 3583337
0.067687988281250 3591545
0.067626953125000 3586333
0.067199707031250 3583365
0.065551757812500 3585431
0.066711425781250 3597065
0.067871093750000 3600000
0.068603515625000 3600000
0.069030761718750 3588933
0.065856933593750 3600000
0.000000000000000 3598391
0.067810058593750 3583330
0.066223144531250 3594559
0.067565917968750 3583334
0.066589355468750 3584412
0.067871093750000 3600034
0.070312500000000 3599069
0.066528320312500 3583303
0.065307617187500 3584073
0.065368652343750 3600000
0.066223144531250 3593849
0.067993164062500 3589416
0.066894531250000 3588422
0.000000000000000 3586927
0.068847656250000 3694375
0.073974609375000 3800000
0.070007324218750 3800000
0.075012207031250 3800000
0.079650878906250 3800000
0.079101562500000 3799963
0.076354980468750 3800036
0.076965332031250 3800000
0.081298828125000 3800000
0.079467773437500 3800000
0.077697753906250 3800036
0.080139160156250 3799963
0.000000000000000 3799927
0.075988769531250 3800072
0.077514648437500 3800000
0.078796386718750 3800000
0.077697753906250 3800000
0.078063964843750 3800000
0.076477050781250 3800000
0.078979492187500 3800000
0.077270507812500 3799963
0.078430175781250 3800036
0.078674316406250 3800000
0.076293945312500 3800000
0.000000000000000 3800000
0.080688476562500 3799963
0.076232910156250 3800000
0.068298339843750 3800000
0.077636718750000 3800036
0.077331542968750 3800000
0.078186035156250 3800000
0.069519042968750 3800000
0.079895019531250 3800000
0.077453613281250 3800000
0.081176757812500 3800000
0.076538085937500 3799891
0.078369140625000 3800072
0.077758789062500 3800036
0.077697753906250 3800000
0.078674316406250 3800000
0.000000000000000 3800000
0.078186035156250 3800000
0.075683593750000 3800000
0.078491210937500 3800000
0.077087402343750 3800000
0.075439453125000 3800000
0.079345703125000 3800000
0.078430175781250 3800000
0.078002929687500 3800000
0.077148437500000 3800000
0.078369140625000 3800000
0.080200195312500 3799963
0.076416015625000 3800072
0.076782226562500 3799963
0.000000000000000 3799963
0.075378417968750 3800036
0.078002929687500 3800000
0.078186035156250 3800000
0.075256347656250 3800000
0.076171875000000 3800000
0.078735351562500 3800036
0.077880859375000 3799963
0.079406738281250 3800000
0.079589843750000 3800000
0.078552246093750 3800000
0.078002929687500 3800000
0.078308105468750 3799963
0.078002929687500 3800036
0.000000000000000 3800000
0.078247070312500 3800000
0.077636718750000 3800000
0.080200195312500 3800000
0.077514648437500 3800000
0.077331542968750 3799963
0.079956054687500 3800036
0.077697753906250 3800000
0.078857421875000 3800036
0.076843261718750 3799963
0.065124511718750 3800000
0.076232910156250 3800000
0.072021484375000 3800000
0.064575195312500 3800000
0.072387695312500 3800000
0.000000000000000 3800000
0.074768066406250 3800000
0.073608398437500 3800000
0.072265625000000 3800000
0.073364257812500 3799927
0.075073242187500 3800072
0.075195312500000 3800000
0.071594238281250 3800000
0.073364257812500 3800000
0.072631835937500 3800000
0.073791503906250 3800000
0.072875976562500 3800000
0.076965332031250 3800000
0.000000000000000 3799963
0.073547363281250 3800036
0.073059082031250 3799927
0.074401855468750 3800072
0.072326660156250 3800000
0.075500488281250 3800000
0.071838378906250 3800000
0.074340820312500 3800000
0.074096679687500 3800000
0.072326660156250 3800000
0.072326660156250 3800000
0.072143554687500 3800000
0.000000000000000 3800000
0.075439453125000 3800000
0.071655273437500 3800000
0.076538085937500 3800000
0.072204589843750 3800000
0.072143554687500 3799963
0.074951171875000 3800036
0.073486328125000 3800000
0.065551757812500 3800000
0.071655273437500 3800000
0.075012207031250 3800036
0.073242187500000 3800000
0.073486328125000 3799963
0.074951171875000 3800000
0.000000000000000 3800000
0.072631835937500 3800000
0.064819335937500 3800000
0.072814941406250 3800036
0.075683593750000 3799963
0.077026367187500 3800000
0.073364257812500 3800000
0.074035644531250 3799927
0.074218750000000 3800036
0.074218750000000 3800036
0.072448730468750 3800000
0.065307617187500 3800000
0.072265625000000 3800000
0.074096679687500 3800000
0.000000000000000 3800000
0.074279785156250 3800000
0.073791503906250 3799963
0.072875976562500 3800036
0.074218750000000 3799963
0.073242187500000 3800000
0.073913574218750 3800036
0.073181152343750 3800000
0.072509765625000 3800000
0.072937011718750 3800000
0.075500488281250 3800000
0.074707031250000 3800036
0.000000000000000 3799963
0.073364257812500 3800000
0.074279785156250 3799963
0.072021484375000 3800036
0.074218750000000 3800000
0.073181152343750 3800000
0.064331054687500 3799963
0.073486328125000 3800036
0.072937011718750 3800000
0.073059082031250 3800000
0.074951171875000 3800000
0.072082519531250 3800000
0.073242187500000 3800000
0.072631835937500 3800000
0.000000000000000 3800000
0.075744628906250 3800000
0.074401855468750 3799963
0.074340820312500 3800036
0.073181152343750 3799963
0.076721191406250 3800036
0.072570800781250 3799963
0.075561523437500 3800000
0.072631835937500 3800036
0.074035644531250 3800000
0.064331054687500 3800000
0.074584960937500 3799927
0.072204589843750 3800072
0.000000000000000 3799963
0.070983886718750 3800036
0.073730468750000 3800000
0.070373535156250 3799963
0.073608398437500 3800036
0.072509765625000 3800000
0.064941406250000 3799963
0.072509765625000 3800036
0.076110839843750 3800000
0.073730468750000 3800000
0.073364257812500 3800000
0.073730468750000 3800000
0.074707031250000 3800000
0.064453125000000 3800000
0.075134277343750 3800000
0.074218750000000 3800000
0.066101074218750 3800000
0.000000000000000 3800000
0.074584960937500 3800000
0.074951171875000 3799963
0.072509765625000 3800036
0.074279785156250 3800000
0.072204589843750 3800000
0.073181152343750 3799963
0.074035644531250 3800036
0.072082519531250 3800000
0.065185546875000 3800000
0.072448730468750 3800000
0.073303222656250 3800000
0.071044921875000 3799963
0.073303222656250 3800036
0.000000000000000 3800000
0.073425292968750 3799963
0.075683593750000 3800036
0.073608398437500 3799963
0.072631835937500 3800036
0.064880371093750 3800000
0.070922851562500 3800000
0.074401855468750 3800000
0.072937011718750 3800000
0.074707031250000 3800036
0.075988769531250 3799963
0.073974609375000 3799963
0.072814941406250 3800036
0.070983886718750 3799963
0.000000000000000 3800036
0.076171875000000 3799963
0.071960449218750 3800072
0.073852539062500 3799927
0.074157714843750 3800036
0.075561523437500 3800000
0.073791503906250 3800036
0.073120117187500 3799963
0.074157714843750 3800000
0.071960449218750 3800000
0.074829101562500 3799963
0.072387695312500 3800036
0.000000000000000 3800000
0.073242187500000 3800000
0.076416015625000 3800000
0.071166992187500 3800000
0.074279785156250 3799927
0.070861816406250 3800072
0.074584960937500 3800000
0.075256347656250 3800000
0.074279785156250 3800000
0.074096679687500 3800036
0.074218750000000 3799963
0.074340820312500 3800000
0.000000000000000 3800000
0.071777343750000 3800000
0.067321777343750 3800000
0.073608398437500 3799891
0.071289062500000 3800108
0.073730468750000 3800000
0.074645996093750 3800000
0.074218750000000 3800000
0.070739746093750 3800000
0.073059082031250 3800000
0.074707031250000 3800000
0.071960449218750 3799963
0.065063476562500 3800036
0.070556640625000 3800000
0.074768066406250 3799963
0.072326660156250 3800036
0.000000000000000 3800000
0.076171875000000 3800000
0.071899414062500 3800000
0.073791503906250 3800000
0.072509765625000 3799963
0.074462890625000 3800072
0.074401855468750 3799963
0.073181152343750 3800000
0.073608398437500 3799963
0.076171875000000 3800036
0.073608398437500 3800000
0.073303222656250 3799927
0.000000000000000 3800072
0.072143554687500 3800000
0.072082519531250 3800000
0.064575195312500 3800000
0.072998046875000 3800000
0.073425292968750 3800000
0.075561523437500 3790900
0.064392089843750 3785575
0.072937011718750 3800036
0.074951171875000 3800036
0.073425292968750 3799927
0.073425292968750 3800036
0.073486328125000 3800000
0.074707031250000 3800000
0.000000000000000 3800000
0.076416015625000 3800000
0.071411132812500 3800000
0.074523925781250 3800000
0.073486328125000 3800000
0.072143554687500 3800000
0.073608398437500 3800000
0.075866699218750 3800000
0.074462890625000 3800000
0.071838378906250 3800000
0.072326660156250 3800000
0.072143554687500 3799963
0.073669433593750 3800036
0.000000000000000 3800000
0.074340820312500 3799963
0.072753906250000 3800036
0.073608398437500 3800000
0.070800781250000 3800000
0.064453125000000 3792969
0.071166992187500 3800036
0.073852539062500 3800000
0.070983886718750 3799374
0.075195312500000 3797210
0.073120117187500 3800000
0.073913574218750 3800000
0.065124511718750 3800000
0.072143554687500 3800000
0.075073242187500 3799963
0.071166992187500 3800036
0.071716308593750 3800000
0.000000000000000 3800000
0.073669433593750 3799963
0.074462890625000 3800036
0.075134277343750 3799963
0.074462890625000 3800000
0.072814941406250 3789699
0.072204589843750 3799927
0.075378417968750 3800072
0.071899414062500 3800000
0.075805664062500 3800000
0.074462890625000 3800000
0.073364257812500 3800000
0.065002441406250 3800000
0.000000000000000 3800000
0.075927734375000 3800036
0.072875976562500 3799963
0.072204589843750 3800000
0.075134277343750 3799963
0.070007324218750 3800036
0.075744628906250 3800036
0.073303222656250 3799963
0.072814941406250 3800000
0.065063476562500 3800000
0.073669433593750 3800036
0.073730468750000 3799963
0.071777343750000 3800000
0.075561523437500 3800000
0.000000000000000 3799963
0.075012207031250 3800000
0.071472167968750 3800036
0.073242187500000 3800000
0.073791503906250 3800000
0.075317382812500 3800000
0.072082519531250 3800000
0.075195312500000 3800000
0.064453125000000 3800000
0.071533203125000 3800000
0.074218750000000 3799963
0.072814941406250 3800036
0.073059082031250 3800000
0.070800781250000 3799963
0.073913574218750 3800036
0.000000000000000 3795008
0.072570800781250 3783853
0.072692871093750 3796739
0.075683593750000 3789068
0.071594238281250 3791918
0.065673828125000 3783295
0.073730468750000 3783334
0.073913574218750 3798932
0.073486328125000 3799512
0.065856933593750 3797050
0.074645996093750 3794573
0.071228027343750 3795819
0.072814941406250 3793114
0.072448730468750 3800000
0.074584960937500 3796579
0.000000000000000 3799963
0.074951171875000 3793108
0.073364257812500 3799963
0.074951171875000 3783722
0.073059082031250 3784901
0.072326660156250 3800000
0.071472167968750 3800000
0.073425292968750 3800000
0.072387695312500 3800000
0.065856933593750 3800000
0.072509765625000 3800000
0.072204589843750 3800000
0.075378417968750 3800000
0.071777343750000 3800000
0.072509765625000 3800000
0.000000000000000 3728422
0.071594238281250 3698439
0.073791503906250 3700000
0.072387695312500 3685074
0.064208984375000 3692649
0.071228027343750 3688902
0.074096679687500 3700000
0.072937011718750 3685428
0.071044921875000 3683299
0.065429687500000 3683333
0.073242187500000 3691921
0.072387695312500 3700105
0.070800781250000 3699964
0.075805664062500 3700035
0.072509765625000 3691771
0.070800781250000 3697121
0.000000000000000 3700000
0.073059082031250 3700000
0.071655273437500 3700035
0.074340820312500 3698214
0.070983886718750 3691145
0.073913574218750 3700000
0.075134277343750 3700000
0.064270019531250 3700000
0.071777343750000 3692720
0.072143554687500 3696188
0.073669433593750 3700000
0.072143554687500 3698659
0.064697265625000 3690270
0.071411132812500 3689318
0.072387695312500 3693210
0.000000000000000 3684545
0.073120117187500 3700000
0.073242187500000 3693469
0.071533203125000 3694070
0.070434570312500 3695237
0.074584960937500 3699964
0.071899414062500 3699578
0.075500488281250 3683332
0.071105957031250 3683260
0.063903808593750 3683405
0.073486328125000 3694499
0.074279785156250 3689153
0.073669433593750 3699964
0.069946289062500 3694514
0.000000000000000 3694431
0.073364257812500 3694613
0.073974609375000 3694275
0.072326660156250 3688928
0.073364257812500 3699964
0.070983886718750 3684978
0.071716308593750 3693873
0.071228027343750 3684009
0.070800781250000 3693472
0.073486328125000 3700000
0.071594238281250 3700000
0.071777343750000 3700000
0.074829101562500 3700000
0.000000000000000 3700000
0.072265625000000 3699964
0.070861816406250 3688911
0.073852539062500 3700035
0.073913574218750 3699964
0.072875976562500 3690793
0.073486328125000 3688259
0.071166992187500 3700000
0.072204589843750 3700000
0.073974609375000 3700000
0.072448730468750 3700000
0.074707031250000 3699964
0.000000000000000 3696882
0.071594238281250 3691651
0.072448730468750 3700000
0.072998046875000 3700000
0.073242187500000 3688786
0.071838378906250 3692355
0.073730468750000 3696500
0.075012207031250 3692614
0.069824218750000 3686209
0.070922851562500 3690684
0.071594238281250 3700000
0.074218750000000 3700000
0.072387695312500 3700000
0.000000000000000 3698816
0.073730468750000 3695717
0.073425292968750 3700000
0.070617675781250 3700000
0.073791503906250 3700000
0.073974609375000 3688964
0.074890136718750 3700000
0.072021484375000 3688933
0.064208984375000 3699964
0.073242187500000 3699964
0.072753906250000 3700070
0.072875976562500 3699964
0.070129394531250 3700035
0.000000000000000 3695928
0.073730468750000 3700000
0.070922851562500 3699964
0.071350097656250 3700035
0.071228027343750 3699964
0.075988769531250 3685349
0.073669433593750 3694107
0.073425292968750 3683857
0.074279785156250 3693900
0.071594238281250 3695163
0.075256347656250 3693709
0.074096679687500 3700000
0.000000000000000 3700000
0.070312500000000 3700035
0.074829101562500 3700000
0.071044921875000 3688878
0.072570800781250 3700000
0.072265625000000 3700035
0.072448730468750 3690203
0.074584960937500 3698670
0.071777343750000 3700000
0.070739746093750 3696028
0.071899414062500 3692845
0.074462890625000 3700035
0.072509765625000 3700000
0.000000000000000 3686138
0.072998046875000 3692225
0.074401855468750 3700000
0.070922851562500 3698542
0.074645996093750 3697114
0.072875976562500 3691759
0.072570800781250 3690246
0.070373535156250 3691757
0.074096679687500 3697176
0.075683593750000 3700000
0.070251464843750 3688674
0.000000000000000 3700035
0.075866699218750 3698045
0.072204589843750 3690795
0.069641113281250 3688969
0.072692871093750 3692791
0.073364257812500 3696083
0.075683593750000 3700000
0.078369140625000 3689707
0.074462890625000 3693146
0.077087402343750 3695725
0.069824218750000 3694934
0.069152832031250 3683329
0.000000000000000 3691782
0.070373535156250 3700070
0.068054199218750 3700000
0.070983886718750 3699715
0.069763183593750 3683299
0.069885253906250 3683403
0.068115234375000 3688865
0.070312500000000 3700035
0.064697265625000 3683626
0.067871093750000 3683332
0.069335937500000 3688455
0.063537597656250 3699964
0.077087402343750 3688911
0.072143554687500 3700000
0.078369140625000 3699929
0.072448730468750 3689790
0.073852539062500 3699222
0.063964843750000 3700000
0.063354492187500 3695635
0.073791503906250 3693274
0.074401855468750 3695742
0.000000000000000 3685808
0.071350097656250 3698618
0.071655273437500 3690440
0.072082519531250 3694559
0.072021484375000 3683299
0.073974609375000 3683367
0.073364257812500 3692566
0.072570800781250 3688913
0.070312500000000 3691782
0.074523925781250 3698022
0.072387695312500 3700000
0.072082519531250 3688907
0.072509765625000 3698005
0.000000000000000 3700035
0.071899414062500 3699823
0.075866699218750 3700140
0.070556640625000 3700035
0.074035644531250 3700000
0.073120117187500 3699929
0.074157714843750 3700035
0.072082519531250 3691849
0.073181152343750 3696880
0.072387695312500 3700000
0.071411132812500 3700000
0.074401855468750 3700035
0.070800781250000 3699929
0.000000000000000 3700070
0.072509765625000 3700000
0.072082519531250 3699964
0.071960449218750 3700000
0.073059082031250 3700000
0.071594238281250 3700000
0.072570800781250 3700035
0.073120117187500 3699929
0.065185546875000 3700070
0.071044921875000 3698615
0.071289062500000 3683298
0.073608398437500 3695748
0.065856933593750 3700000
0.075134277343750 3700035
0.071655273437500 3699964
0.000000000000000 3700000
0.071472167968750 3700000
0.073242187500000 3700035
0.073730468750000 3693640
0.072265625000000 3695250
0.064086914062500 3700000
0.076110839843750 3696044
0.073242187500000 3689424
0.064086914062500 3688834
0.071411132812500 3694141
0.072387695312500 3694826
0.075073242187500 3683559
0.066833496093750 3694748
0.066345214843750 3694695
0.066101074218750 3687450
0.066467285156250 3699958
0.074768066406250 3700000
0.075439453125000 3699964
0.000000000000000 3700000
0.071899414062500 3700035
0.073669433593750 3699964
0.071228027343750 3694775
0.073181152343750 3693797
0.068908691406250 3700070
0.074218750000000 3699964
0.073364257812500 3700035
0.070617675781250 3700000
0.075744628906250 3697098
0.071105957031250 3697039
0.072692871093750 3699270
0.072937011718750 3699964
0.000000000000000 3692939
0.073425292968750 3699964
0.073791503906250 3700000
0.071166992187500 3700000
0.072570800781250 3700035
0.072509765625000 3700000
0.073364257812500 3700000
0.072326660156250 3700000
0.073608398437500 3699964
0.071350097656250 3700000
0.074768066406250 3699267
0.072021484375000 3693363
0.000000000000000 3700035
0.072082519531250 3700000
0.073425292968750 3700000
0.071594238281250 3700000
0.074584960937500 3699964
0.073486328125000 3700035
0.073242187500000 3699929
0.071716308593750 3700035
0.072021484375000 3700000
0.063354492187500 3700035
0.071472167968750 3698242
0.072998046875000 3699401
0.072509765625000 3700035
0.000000000000000 3700000
0.073913574218750 3699964
0.073059082031250 3700000
0.070739746093750 3700035
0.072326660156250 3699964
0.074768066406250 3700035
0.073059082031250 3699964
0.072753906250000 3688906
0.073181152343750 3700035
0.071960449218750 3698021
0.071777343750000 3700035
0.073547363281250 3700000
0.072021484375000 3699964
0.000000000000000 3692465
0.074890136718750 3700000
0.065795898437500 3699964
0.070434570312500 3700000
0.071166992187500 3700035
0.070861816406250 3700000
0.072998046875000 3699929
0.073608398437500 3700035
0.064331054687500 3700035
0.071105957031250 3700000
0.075012207031250 3700000
0.064025878906250 3689417
0.072692871093750 3700000
0.070556640625000 3700000
0.070983886718750 3699964
0.071105957031250 3695719
0.072814941406250 3693227
0.000000000000000 3697719
0.072875976562500 3699964
0.073242187500000 3700035
0.071350097656250 3700000
0.075195312500000 3699964
0.073364257812500 3700035
0.073120117187500 3698496
0.070739746093750 3690898
0.071838378906250 3699964
0.075134277343750 3700035
0.070739746093750 3699964
0.070190429687500 3700000
0.070678710937500 3700000
0.000000000000000 3700035
0.073669433593750 3700000
0.074035644531250 3696597
0.074584960937500 3699353
0.072143554687500 3698034
0.070617675781250 3700000
0.065002441406250 3700035
0.070678710937500 3699964
0.071838378906250 3700035
0.071899414062500 3699964
0.073425292968750 3700035
0.070861816406250 3700000
0.074951171875000 3700000
0.071716308593750 3700000
0.070007324218750 3700000
0.000000000000000 3699964
0.072937011718750 3700000
0.070739746093750 3698794
0.072692871093750 3697824
0.071655273437500 3695645
0.073059082031250 3700000
0.073913574218750 3700000
0.072387695312500 3700000
0.071289062500000 3699964
0.073120117187500 3700035
0.064453125000000 3699964
0.071289062500000 3700035
0.072448730468750 3699964
0.070068359375000 3700035
0.000000000000000 3699929
0.072998046875000 3700035
0.074401855468750 3700000
0.070434570312500 3700035
0.072998046875000 3699964
0.072753906250000 3690508
0.064147949218750 3699964
0.071655273437500 3700000
0.064331054687500 3700035
0.070739746093750 3696515
0.072998046875000 3699506
0.076538085937500 3685667
0.073364257812500 3700035
0.073059082031250 3700000
0.069335937500000 3696639
0.074401855468750 3700035
0.000000000000000 3692999
0.074340820312500 3700000
0.070617675781250 3700000
0.070739746093750 3700000
0.072570800781250 3700000
0.073791503906250 3700000
0.072387695312500 3700035
0.070983886718750 3700000
0.072082519531250 3699964
0.074157714843750 3700000
0.072082519531250 3700035
0.072631835937500 3699964
0.074096679687500 3700000
0.000000000000000 3699929
0.073181152343750 3700070
0.073303222656250 3700000
0.072998046875000 3700000
0.075012207031250 3700035
0.071960449218750 3697482
0.073364257812500 3699964
0.072631835937500 3700000
0.071533203125000 3700035
0.073913574218750 3700000
0.075561523437500 3700000
0.070312500000000 3700000
0.000000000000000 3697830
0.072326660156250 3700035
0.071533203125000 3700000
0.074768066406250 3699964
0.072204589843750 3680892
0.070495605468750 3599897
0.068908691406250 3600102
0.067260742187500 3600000
0.069335937500000 3600000
0.067932128906250 3596727
0.068298339843750 3599855
0.000000000000000 3600000
0.068115234375000 3600000
0.067993164062500 3599965
0.059143066406250 3599117
0.065368652343750 3590629
0.067749023437500 3600000
0.067016601562500 3598001
0.071228027343750 3599965
0.065856933593750 3600034
0.059875488281250 3600000
0.064514160156250 3600000
0.068176269531250 3600000
0.067443847656250 3599965
0.067443847656250 3600000
0.068664550781250 3600034
0.000000000000000 3600000
0.066894531250000 3600000
0.070556640625000 3600000
0.065124511718750 3600034
0.066650390625000 3600000
0.068481445312500 3597505
0.066528320312500 3593776
0.068237304687500 3584123
0.065795898437500 3593665
0.065551757812500 3588930
0.065368652343750 3600000
0.069335937500000 3600000
0.067138671875000 3600000
0.000000000000000 3588886
0.066040039062500 3600000
0.067382812500000 3600000
0.065307617187500 3600000
0.068908691406250 3596116
0.064880371093750 3594369
0.068786621093750 3599965
0.066955566406250 3599965
0.066894531250000 3600034
0.068298339843750 3600000
0.067565917968750 3600000
0.066528320312500 3600034
0.066650390625000 3599965
0.000000000000000 3600000
0.068969726562500 3600000
0.067016601562500 3596557
0.064392089843750 3600000
0.067626953125000 3600034
0.066955566406250 3599965
0.068237304687500 3600000
0.067260742187500 3590188
0.059448242187500 3591260
0.068847656250000 3588910
0.068786621093750 3600000
0.067077636718750 3600000
0.065917968750000 3600000
0.067016601562500 3598187
0.000000000000000 3583333
0.067810058593750 3583330
0.068603515625000 3590590
0.069763183593750 3588911
0.066345214843750 3600000
0.068298339843750 3600000
0.067382812500000 3593192
0.066772460937500 3595687
0.065490722656250 3600000
0.067382812500000 3600000
0.067932128906250 3600000
0.000000000000000 3599155
0.068603515625000 3589795
0.067199707031250 3588122
0.066223144531250 3589623
0.067504882812500 3600034
0.068481445312500 3600034
0.068481445312500 3588841
0.066772460937500 3594124
0.065490722656250 3594585
0.068298339843750 3589166
0.065551757812500 3588910
0.059875488281250 3594315
0.065368652343750 3594602
0.066162109375000 3600000
0.069763183593750 3600000
0.000000000000000 3600000
0.068725585937500 3600000
0.067810058593750 3600000
0.065795898437500 3600000
0.059753417968750 3588910
0.067138671875000 3600000
0.068603515625000 3584115
0.066528320312500 3593666
0.068359375000000 3600000
0.058959960937500 3600000
0.065551757812500 3600000
0.068664550781250 3600034
0.067321777343750 3599965
0.068786621093750 3600000
0.066040039062500 3600000
0.000000000000000 3600000
0.068542480468750 3600000
0.068420410156250 3600000
0.065063476562500 3600000
0.067993164062500 3600000
0.065612792968750 3587590
0.069335937500000 3600000
0.068176269531250 3585683
0.067382812500000 3592092
0.068420410156250 3585795
0.065246582031250 3591827
0.066101074218750 3599965
0.000000000000000 3591724
0.065979003906250 3583332
0.069396972656250 3583335
0.067749023437500 3583332
0.067138671875000 3599322
0.066772460937500 3598928
0.067871093750000 3583333
0.066894531250000 3589934
0.065856933593750 3600000
0.066528320312500 3592451
0.066894531250000 3592890
0.069213867187500 3596021
0.066223144531250 3600000
0.000000000000000 3588862
0.067321777343750 3600000
0.066345214843750 3600000
0.067077636718750 3593345
0.066894531250000 3595589
0.067565917968750 3600000
0.069641113281250 3600000
0.068054199218750 3598474
0.068237304687500 3600000
0.066711425781250 3600034
0.065551757812500 3599729
0.066833496093750 3589149
0.000000000000000 3600034
0.067382812500000 3599931
0.068298339843750 3589040
0.069580078125000 3594594
0.066955566406250 3594127
0.066589355468750 3597598
0.067016601562500 3594487
0.067382812500000 3600000
0.066467285156250 3599965
0.067749023437500 3599277
0.059143066406250 3600034
0.067321777343750 3588817
0.066589355468750 3592993
0.066833496093750 3600000
0.000000000000000 3598950
0.066101074218750 3600068
0.067993164062500 3590719
0.068237304687500 3593825
0.068908691406250 3600000
0.066345214843750 3600000
0.060241699218750 3600000
0.065246582031250 3600000
0.068054199218750 3599086
0.064636230468750 3594563
0.068054199218750 3591907
0.066223144531250 3597136
0.067443847656250 3583364
0.065734863281250 3596700
0.000000000000000 3600000
0.069580078125000 3591386
0.060485839843750 3600000
0.065368652343750 3588872
0.068969726562500 3600000
0.066528320312500 3586677
0.067443847656250 3594535
0.069946289062500 3597460
0.066528320312500 3586925
0.066589355468750 3594562
0.066589355468750 3591002
0.070556640625000 3589895
0.065551757812500 3590432
0.000000000000000 3600068
0.069396972656250 3592991
0.068908691406250 3584685
0.066589355468750 3593189
0.069152832031250 3593356
0.066406250000000 3590125
0.067504882812500 3587726
0.065917968750000 3590014
0.058959960937500 3588789
0.068786621093750 3593653
0.066345214843750 3584137
0.066833496093750 3599931
0.067016601562500 3600068
0.060119628906250 3599747
0.066345214843750 3595079
0.000000000000000 3600000
0.067810058593750 3596487
0.066345214843750 3600034
0.067749023437500 3600000
0.066894531250000 3599965
0.066589355468750 3600000
0.067932128906250 3600034
0.068237304687500 3600000
0.068176269531250 3583702
0.067016601562500 3583334
0.068359375000000 3599546
0.068969726562500 3600034
0.000000000000000 3583991
0.066711425781250 3593760
0.066711425781250 3595272
0.068481445312500 3594598
0.067016601562500 3600000
0.069152832031250 3600000
0.068054199218750 3587906
0.067199707031250 3586247
0.065917968750000 3600000
0.067016601562500 3596609
0.066650390625000 3600000
0.066772460937500 3593442
0.000000000000000 3593595
0.069213867187500 3600000
0.064208984375000 3596065
0.067077636718750 3592844
0.067993164062500 3600000
0.067138671875000 3590722
0.066650390625000 3599711
0.067749023437500 3597044
0.069946289062500 3596527
0.067382812500000 3595602
0.066223144531250 3588933
0.066223144531250 3591190
0.066528320312500 3595048
0.000000000000000 3599965
0.068237304687500 3597380
0.068420410156250 3600000
0.067504882812500 3599965
0.066467285156250 3600034
0.068176269531250 3600000
0.065917968750000 3600000
0.067687988281250 3600000
0.067016601562500 3600034
0.059265136718750 3599965
0.067504882812500 3600000
0.067260742187500 3600000
0.068298339843750 3596923
0.066284179687500 3600034
0.060241699218750 3600000
0.066040039062500 3585338
0.000000000000000 3583370
0.068542480468750 3583878
0.066162109375000 3600000
0.067077636718750 3600000
0.068725585937500 3597027
0.065856933593750 3599553
0.067932128906250 3600000
0.064941406250000 3600000
0.068664550781250 3598983
0.067871093750000 3588889
0.067504882812500 3600034
0.000000000000000 3600000
0.069458007812500 3594345
0.066894531250000 3594589
0.060791015625000 3589060
0.066101074218750 3595489
0.066406250000000 3600000
0.066223144531250 3600000
0.067504882812500 3600000
0.066833496093750 3415772
0.068481445312500 3600068
0.068603515625000 3599965
0.067382812500000 3600000
0.059570312500000 3591546
0.065246582031250 3600000
0.067810058593750 3596321
0.065368652343750 3600000
0.000000000000000 3599931
0.069091796875000 3600068
0.069335937500000 3600034
0.066345214843750 3595839
0.068603515625000 3583366
0.065124511718750 3583367
0.067626953125000 3592794
0.066406250000000 3588911
0.067321777343750 3600000
0.067993164062500 3600000
0.067932128906250 3597664
0.069152832031250 3594709
0.000000000000000 3592202
0.067016601562500 3587398
0.068359375000000 3595176
0.067382812500000 3599965
0.069274902343750 3594970
0.068542480468750 3583334
0.066528320312500 3591624
0.069763183593750 3586327
0.065734863281250 3600034
0.066711425781250 3600000
0.067382812500000 3600000
0.066589355468750 3600000
0.000000000000000 3600000
0.067382812500000 3600000
0.066589355468750 3599069
0.067871093750000 3596438
0.067382812500000 3599965
0.068359375000000 3589341
0.069824218750000 3590633
0.066406250000000 3598441
0.066711425781250 3590501
0.065551757812500 3600000
0.069458007812500 3600000
0.066345214843750 3587477
0.000000000000000 3583330
0.067871093750000 3596121
0.069091796875000 3600102
0.064880371093750 3599965
0.069274902343750 3589990
0.065734863281250 3588858
0.068725585937500 3600034
0.066894531250000 3599965
0.066833496093750 3600034
0.070434570312500 3599965
0.066650390625000 3600000
0.000000000000000 3600000
0.068664550781250 3600034
0.065063476562500 3599465
0.067199707031250 3583334
0.066833496093750 3586860
0.067749023437500 3594588
0.067077636718750 3593488
0.065429687500000 3593849
0.059387207031250 3599965
0.065307617187500 3600068
0.067321777343750 3600000
0.065307617187500 3599965
0.067504882812500 3600000
0.268554687500000 3599259
0.059692382812500 3597741
0.065734863281250 3583336
0.066894531250000 3583365
0.064758300781250 3590992
0.067199707031250 3600034
0.066406250000000 3599965
0.067687988281250 3600034
0.067993164062500 3600000
0.000000000000000 3600000
0.125854492187500 3600000
0.000000000000000 3600000
0.065917968750000 3593145
0.066833496093750 3595710
0.066833496093750 3600000
0.068359375000000 3600000
0.068420410156250 3600034
0.065490722656250 3599897
0.067138671875000 3600034
0.065429687500000 3600034
0.068298339843750 3600000
0.066894531250000 3600000
0.066833496093750 3594073
0.067565917968750 3583701
0.000000000000000 3600000
0.065917968750000 3600000
0.059204101562500 3600000
0.065917968750000 3600000
0.068481445312500 3599965
0.066650390625000 3600034
0.068542480468750 3600000
0.066528320312500 3589192
0.067993164062500 3599725
0.068969726562500 3600000
0.067077636718750 3600000
0.068969726562500 3600000
0.066650390625000 3583958
0.000000000000000 3593851
0.067871093750000 3592845
0.067993164062500 3599965
0.068115234375000 3600000
0.069580078125000 3596855
0.066162109375000 3588908
0.067626953125000 3590042
0.065551757812500 3583330
0.069519042968750 3583334
0.069396972656250 3597782
0.066650390625000 3600034
0.068298339843750 3599965
0.000000000000000 3600000
0.066345214843750 3585060
0.066040039062500 3592575
0.068786621093750 3596485
0.070068359375000 3590220
0.066772460937500 3595948
0.066894531250000 3600000
0.067871093750000 3600000
0.067077636718750 3599390
0.067687988281250 3600034
0.068603515625000 3600000
0.000000000000000 3600000
0.067687988281250 3600000
0.068847656250000 3600000
0.065246582031250 3600000
0.068908691406250 3600034
0.068725585937500 3599897
0.058959960937500 3600068
0.066223144531250 3600000
0.066467285156250 3600000
0.068664550781250 3585459
0.067871093750000 3585317
0.067138671875000 3599931
0.065734863281250 3587134
0.068420410156250 3594056
0.000000000000000 3600000
0.066406250000000 3600000
0.067321777343750 3587378
0.066040039062500 3590257
0.066223144531250 3598785
0.067871093750000 3586635
0.066528320312500 3599965
0.067138671875000 3600034
0.067016601562500 3587848
0.066955566406250 3595096
0.069274902343750 3599965
0.065551757812500 3600000
0.067443847656250 3588797
0.000000000000000 3600000
0.065612792968750 3600034
0.068054199218750 3599965
0.068054199218750 3600000
0.068786621093750 3600000
0.067504882812500 3600034
0.066650390625000 3599965
0.068786621093750 3595741
0.065307617187500 3599731
0.069152832031250 3600000
0.068054199218750 3583820
0.059326171875000 3593503
0.067077636718750 3584365
0.065307617187500 3587226
0.000000000000000 3592085
0.065734863281250 3600034
0.066040039062500 3600000
0.062011718750000 3600000
0.067077636718750 3600000
0.059143066406250 3600000
0.065917968750000 3600000
0.066284179687500 3600000
0.071716308593750 3600000
0.068115234375000 3595111
0.068542480468750 3586839
0.065246582031250 3600000
0.059387207031250 3588911
0.066162109375000 3591173
0.059204101562500 3597300
0.067871093750000 3591699
0.066589355468750 3597270
0.068908691406250 3600000
0.000000000000000 3600034
0.065002441406250 3598446
0.067932128906250 3600034
0.065795898437500 3592271
0.068664550781250 3594529
0.065124511718750 3583337
0.067382812500000 3598631
0.068481445312500 3592525
0.067932128906250 3585219
0.069274902343750 3600000
0.066345214843750 3588945
0.066528320312500 3595912
0.065795898437500 3600000
0.059509277343750 3600000
0.000000000000000 3600000
0.066101074218750 3599965
0.066223144531250 3600034
0.068481445312500 3600000
0.066894531250000 3600000
0.059753417968750 3600034
0.065551757812500 3599965
0.068115234375000 3600000
0.065307617187500 3600000
0.068542480468750 3600000
0.067993164062500 3600000
0.066772460937500 3600034
0.065429687500000 3599965
0.067871093750000 3599965
0.068481445312500 3600034
0.000000000000000 3600000
0.066345214843750 3598084
0.067932128906250 3583333
0.068786621093750 3586877
0.066101074218750 3600000
0.068298339843750 3600034
0.067321777343750 3600000
0.067993164062500 3599965
0.065795898437500 3599965
0.059448242187500 3600034
0.066162109375000 3600000
0.067871093750000 3590209
0.068298339843750 3583369
0.066040039062500 3592978
0.000000000000000 3599965
0.068603515625000 3600034
0.066101074218750 3600000
0.066528320312500 3600000
0.064453125000000 3597186
0.059082031250000 3600000
0.067504882812500 3600000
0.068176269531250 3600000
0.068359375000000 3600000
0.067810058593750 3599931
0.069763183593750 3600068
0.065368652343750 3600000
0.068054199218750 3600000
0.000000000000000 3600000
0.067382812500000 3598994
0.066589355468750 3600000
0.066650390625000 3600000
0.066040039062500 3600034
0.068786621093750 3599931
0.066223144531250 3600034
0.069580078125000 3600000
0.066589355468750 3600000
0.065734863281250 3599730
0.067016601562500 3600000
0.066589355468750 3600000
0.068298339843750 3600000
0.065612792968750 3600000
0.000000000000000 3600000
0.068664550781250 3600000
0.069274902343750 3593059
0.068359375000000 3584682
0.066894531250000 3600000
0.066650390625000 3600000
0.066467285156250 3600000
0.067565917968750 3588875
0.067382812500000 3600034
0.066833496093750 3600034
0.066711425781250 3599931
0.000000000000000 3596663
0.069396972656250 3600000
0.065795898437500 3663104
0.072204589843750 3754621
0.075622558593750 3688847
0.074707031250000 3686407
0.064086914062500 3694843
0.072631835937500 3689028
0.071655273437500 3700035
0.071105957031250 3694766
0.072937011718750 3683368
0.071960449218750 3688486
0.074707031250000 3689407
0.000000000000000 3683299
0.072265625000000 3693901
0.072326660156250 3688813
0.072753906250000 3700035
0.073486328125000 3700000
0.071716308593750 3689843
0.069824218750000 3699032
0.074584960937500 3700000
0.072814941406250 3684611
0.071289062500000 3683367
0.071594238281250 3683334
0.069885253906250 3686968
0.064086914062500 3683331
0.072509765625000 3683334
0.063293457031250 3698155
0.072814941406250 3699964
0.064025878906250 3688942
0.000000000000000 3691068
0.077514648437500 3694525
0.071472167968750 3616941
0.074462890625000 3693763
0.071044921875000 3700070
0.074157714843750 3688488
0.072021484375000 3692359
0.073974609375000 3683330
0.064025878906250 3690860
0.074645996093750 3698061
0.075439453125000 3690802
0.071899414062500 3698222
0.072814941406250 3690212
0.070007324218750 3688910
0.000000000000000 3693406
0.074279785156250 3695484
0.073425292968750 3688268
0.071228027343750 3695379
0.073303222656250 3693668
0.072875976562500 3683334
0.073608398437500 3683369
0.072204589843750 3683295
0.072265625000000 3689116
0.073852539062500 3699912
0.071044921875000 3683382
0.072204589843750 3683367
0.000000000000000 3683369
0.071594238281250 3693835
0.073120117187500 3695170
0.072082519531250 3683331
0.072753906250000 3688020
0.069824218750000 3689842
0.073669433593750 3699129
0.072631835937500 3699964
0.072937011718750 3700035
0.072631835937500 3699964
0.071166992187500 3695782
0.073913574218750 3693158
0.071289062500000 3685763
0.000000000000000 3692955
0.073181152343750 3688865
0.074707031250000 3700035
0.070983886718750 3700000
0.071777343750000 3699964
0.073974609375000 3688913
0.072814941406250 3690842
0.071594238281250 3697986
0.075561523437500 3691031
0.063781738281250 3694553
0.070190429687500 3692217
0.071166992187500 3685647
0.072204589843750 3692072
0.075988769531250 3685761
0.000000000000000 3691914
0.072204589843750 3699964
0.072631835937500 3691638
0.073852539062500 3686129
0.072204589843750 3700000
0.074279785156250 3700000
0.070800781250000 3691879
0.073669433593750 3685830
0.073181152343750 3700000
0.073425292968750 3697725
0.074401855468750 3683329
0.071899414062500 3683372
0.073669433593750 3690837
0.000000000000000 3698169
0.071594238281250 3690734
0.064392089843750 3698299
0.071655273437500 3690482
0.073974609375000 3698510
0.073120117187500 3690366
0.070922851562500 3698649
0.072814941406250 3690263
0.073608398437500 3700000
0.072875976562500 3693268
0.071655273437500 3684384
0.073730468750000 3700000
0.072570800781250 3688049
0.074157714843750 3683299
0.000000000000000 3695263
0.073425292968750 3693951
0.071228027343750 3694525
0.074279785156250 3689402
0.070007324218750 3699609
0.071960449218750 3683404
0.070861816406250 3694797
0.074707031250000 3699964
0.072204589843750 3699937
0.071105957031250 3689083
0.072082519531250 3688917
0.071838378906250 3683335
0.074707031250000 3694294
0.000000000000000 3700035
0.072143554687500 3700000
0.073791503906250 3700000
0.072021484375000 3689504
0.072021484375000 3694525
0.073913574218750 3693360
0.070556640625000 3688582
0.071960449218750 3699964
0.072570800781250 3700000
0.064514160156250 3690724
0.073059082031250 3683295
0.073791503906250 3692675
0.073120117187500 3700000
0.070129394531250 3700000
0.072998046875000 3700000
0.070495605468750 3700000
0.000000000000000 3700000
0.074401855468750 3699964
0.074584960937500 3685734
0.064208984375000 3683228
0.072082519531250 3697649
0.071594238281250 3700000
0.073120117187500 3688925
0.071105957031250 3691627
0.072570800781250 3686069
0.071594238281250 3700035
0.072021484375000 3700000
0.073425292968750 3700000
0.071350097656250 3700000
0.075805664062500 3692193
0.000000000000000 3685549
0.070922851562500 3700035
0.072814941406250 3700000
0.072937011718750 3700000
0.064147949218750 3699964
0.070983886718750 3700000
0.075561523437500 3699964
0.074279785156250 3693036
0.073181152343750 3694603
0.072692871093750 3683330
0.070495605468750 3684140
0.065246582031250 3700000
0.071228027343750 3688357
0.071289062500000 3689339
0.072570800781250 3699693
0.072937011718750 3683370
0.000000000000000 3683500
0.074340820312500 3699964
0.076843261718750 3688892
0.075500488281250 3683369
0.075622558593750 3683332
0.070068359375000 3699796
0.069519042968750 3700035
0.069458007812500 3688906
0.064575195312500 3700035
0.072875976562500 3700000
0.071594238281250 3700000
0.071044921875000 3695205
0.065612792968750 3683296
0.068847656250000 3683332
0.074035644531250 3683334
0.073181152343750 3694574
0.065795898437500 3693315
0.065002441406250 3688909
0.071228027343750 3699964
0.000000000000000 3688944
0.072570800781250 3690318
0.076416015625000 3698593
0.075195312500000 3700000
0.071899414062500 3699964
0.073303222656250 3700000
0.069763183593750 3700000
0.064086914062500 3700035
0.075256347656250 3700000
0.072570800781250 3690930
0.073059082031250 3697921
0.070800781250000 3696429
0.075195312500000 3697680
0.000000000000000 3695843
0.074279785156250 3694538
0.071289062500000 3691885
0.072143554687500 3700035
0.071594238281250 3691629
0.072692871093750 3686119
0.070922851562500 3691847
0.072998046875000 3685907
0.072204589843750 3699964
0.074096679687500 3697602
0.064941406250000 3691259
0.070861816406250 3688891
0.074707031250000 3692372
0.072814941406250 3696597
0.072204589843750 3700000
0.000000000000000 3700000
0.071289062500000 3699964
0.072387695312500 3698274
0.072998046875000 3683297
0.072021484375000 3696179
0.072814941406250 3692878
0.070983886718750 3683333
0.072265625000000 3690241
0.073120117187500 3699964
0.072631835937500 3700035
0.072875976562500 3699964
0.072570800781250 3700035
0.072998046875000 3700000
0.073364257812500 3692598
0.000000000000000 3700035
0.072692871093750 3699964
0.071044921875000 3699964
0.071960449218750 3683664
0.074584960937500 3695119
0.071777343750000 3700000
0.072143554687500 3688531
0.070800781250000 3689228
0.072082519531250 3699760
0.072021484375000 3689105
0.072875976562500 3699896
0.069702148437500 3683446
0.075561523437500 3683330
0.000000000000000 3688811
0.076293945312500 3700000
0.070312500000000 3700000
0.075378417968750 3700035
0.071166992187500 3694913
0.073608398437500 3693996
0.075988769531250 3699964
0.063781738281250 3700000
0.069580078125000 3700035
0.065734863281250 3689821
0.067871093750000 3699037
0.074890136718750 3689967
0.072570800781250 3687742
0.070373535156250 3699964
0.072265625000000 3700000
0.072998046875000 3700000
0.000000000000000 3688909
0.072937011718750 3700000
0.073059082031250 3685100
0.070739746093750 3692653
0.073669433593750 3696369
0.072814941406250 3692537
0.071777343750000 3689343
0.070861816406250 3700070
0.072998046875000 3696746
0.072509765625000 3692164
0.073303222656250 3696916
0.075012207031250 3691993
0.070800781250000 3697022
0.000000000000000 3683332
0.071289062500000 3683367
0.076782226562500 3683296
0.071533203125000 3686195
0.072021484375000 3545868
0.071899414062500 3697247
0.065002441406250 3691804
0.071044921875000 3683295
0.075012207031250 3683334
0.070678710937500 3685909
0.072082519531250 3692019
0.075500488281250 3694627
0.072204589843750 3683332
0.072021484375000 3696648
0.071594238281250 3700000
0.065368652343750 3686831
0.000000000000000 3683331
0.070617675781250 3694568
0.073120117187500 3690583
0.072692871093750 3687270
0.072692871093750 3690508
0.072814941406250 3698601
0.071716308593750 3690263
0.072387695312500 3700000
0.071838378906250 3693322
0.073120117187500 3695447
0.072509765625000 3693694
0.072448730468750 3695308
0.074707031250000 3699964
0.000000000000000 3688329
0.071899414062500 3689422
0.072998046875000 3688398
0.070617675781250 3683334
0.075256347656250 3694823
0.073120117187500 3700035
0.073913574218750 3688933
0.073913574218750 3700000
0.071472167968750 3700000
0.071411132812500 3700000
0.071289062500000 3700000
0.072998046875000 3700000
0.073913574218750 3699964
0.000000000000000 3694919
0.075134277343750 3694027
0.074157714843750 3699964
0.073303222656250 3700000
0.073547363281250 3700000
0.070983886718750 3700000
0.072753906250000 3700035
0.071472167968750 3699964
0.064575195312500 3684394
0.076599121093750 3693361
0.072875976562500 3684523
0.072692871093750 3693259
0.075012207031250 3695765
0.000000000000000 3693121
0.072082519531250 3688876
0.070373535156250 3700000
0.071472167968750 3684835
0.072448730468750 3683368
0.072814941406250 3698313
0.074157714843750 3700035
0.071411132812500 3696356
0.073791503906250 3683331
0.075073242187500 3698065
0.072631835937500 3700000
0.074890136718750 3696676
0.000000000000000 3692109
0.071899414062500 3696946
0.074279785156250 3683330
0.071350097656250 3686252
0.073181152343750 3691576
0.070373535156250 3694639
0.073059082031250 3691602
0.075561523437500 3697444
0.072814941406250 3683334
0.064331054687500 3694522
0.071655273437500 3691309
0.072998046875000 3688774
0.072692871093750 3700000
0.072570800781250 3687047
0.074218750000000 3690737
0.000000000000000 3687119
0.073547363281250 3683331
0.075256347656250 3696088
0.071289062500000 3692967
0.072387695312500 3684115
0.073486328125000 3699964
0.072875976562500 3698811
0.075256347656250 3690028
0.071044921875000 3698981
0.072387695312500 3598360
0.067810058593750 3595394
0.059692382812500 3600000
0.067871093750000 3599318
0.000000000000000 3589535
0.067993164062500 3588906
0.067871093750000 3593891
0.066223144531250 3594987
0.067871093750000 3594071
0.065307617187500 3594178
0.067871093750000 3600000
0.067138671875000 3588821
0.067321777343750 3600000
0.065124511718750 3600000
0.066772460937500 3583450
0.067871093750000 3587535
0.065124511718750 3600000
0.059265136718750 3600000
0.065368652343750 3600000
0.000000000000000 3600000
0.066345214843750 3588963
0.069396972656250 3600000
0.067810058593750 3600000
0.068542480468750 3600000
0.066711425781250 3600000
0.066833496093750 3600000
0.065551757812500 3599401
0.059997558593750 3597200
0.066040039062500 3597410
0.066406250000000 3593329
0.066223144531250 3600000
0.067687988281250 3590190
0.059448242187500 3589456
0.066040039062500 3600000
0.066772460937500 3600000
0.000000000000000 3590496
0.065979003906250 3587234
0.067932128906250 3590622
0.065979003906250 3598244
0.067443847656250 3600000
0.065368652343750 3592298
0.067810058593750 3592490
0.068969726562500 3596629
0.066162109375000 3583330
0.067443847656250 3597809
0.065856933593750 3600000
0.059082031250000 3600000
0.066589355468750 3600000
0.067382812500000 3598663
0.067382812500000 3600000
0.000000000000000 3597423
0.064880371093750 3591484
0.068847656250000 3599931
0.065063476562500 3592142
0.066284179687500 3596871
0.066040039062500 3592229
0.069396972656250 3596714
0.069824218750000 3599965
0.066101074218750 3597332
0.066040039062500 3595783
0.065917968750000 3600000
0.069030761718750 3600034
0.064941406250000 3600000
0.000000000000000 3592741
0.067749023437500 3596111
0.069946289062500 3600000
0.067077636718750 3600000
0.069091796875000 3600000
0.066040039062500 3600000
0.065551757812500 3593344
0.066040039062500 3584436
0.059143066406250 3593459
0.065612792968750 3591346
0.067932128906250 3599965
0.067321777343750 3600034
0.068237304687500 3600000
0.067199707031250 3588145
0.000000000000000 3583334
0.067932128906250 3583987
0.068542480468750 3593988
0.066528320312500 3583400
0.068786621093750 3589239
0.068176269531250 3588845
0.066772460937500 3600000
0.066345214843750 3588982
0.066589355468750 3599864
0.067993164062500 3600000
0.065734863281250 3600000
0.069152832031250 3600000
0.000000000000000 3595003
0.067626953125000 3583332
0.066711425781250 3599437
0.067443847656250 3600034
0.065917968750000 3593017
0.066406250000000 3586836
0.070434570312500 3587873
0.067504882812500 3599965
0.067077636718750 3588921
0.068176269531250 3600034
0.058959960937500 3599965
0.058959960937500 3600000
0.069274902343750 3600034
0.065856933593750 3590455
0.066772460937500 3587300
0.000000000000000 3600000
0.070617675781250 3599965
0.066040039062500 3599366
0.066223144531250 3600034
0.068054199218750 3591159
0.067138671875000 3597746
0.058959960937500 3600000
0.066894531250000 3588910
0.067138671875000 3591413
0.068176269531250 3596622
0.068359375000000 3599965
0.065612792968750 3600068
0.067871093750000 3595380
0.067871093750000 3598567
0.000000000000000 3588460
0.067504882812500 3597122
0.070556640625000 3591917
0.064941406250000 3596943
0.068603515625000 3592977
0.067504882812500 3600000
0.068298339843750 3600000
0.068786621093750 3599965
0.067077636718750 3592555
0.068664550781250 3594535
0.066650390625000 3585016
0.000000000000000 3596201
0.068298339843750 3600000
0.065185546875000 3600000
0.067321777343750 3600000
0.065002441406250 3592736
0.068481445312500 3592049
0.067443847656250 3591060
0.066040039062500 3599965
0.066650390625000 3600034
0.066040039062500 3600000
0.068969726562500 3598134
0.065246582031250 3600000
0.059448242187500 3592367
0.067260742187500 3600000
0.068847656250000 3600000
0.000000000000000 3599965
0.066223144531250 3600034
0.066406250000000 3600000
0.068542480468750 3597640
0.065612792968750 3600000
0.060241699218750 3600000
0.066345214843750 3600000
0.066894531250000 3598073
0.068481445312500 3598275
0.067077636718750 3593973
0.066223144531250 3594556
0.066711425781250 3600000
0.066467285156250 3592467
0.067077636718750 3590344
0.060241699218750 3600000
0.067199707031250 3600000
0.000000000000000 3600000
0.067321777343750 3599965
0.068237304687500 3600034
0.067504882812500 3600000
0.066223144531250 3599446
0.066711425781250 3600000
0.067077636718750 3600000
0.067260742187500 3600000
0.069702148437500 3599965
0.067993164062500 3600034
0.067810058593750 3600000
0.067687988281250 3600000
0.000000000000000 3599147
0.067077636718750 3600000
0.066772460937500 3600000
0.066345214843750 3591547
0.068847656250000 3586089
0.067871093750000 3600000
0.066528320312500 3599965
0.067626953125000 3600034
0.068054199218750 3599965
0.058959960937500 3600034
0.068908691406250 3586700
0.065673828125000 3591053
0.067382812500000 3587033
0.000000000000000 3590655
0.067016601562500 3600000
0.069335937500000 3592827
0.067626953125000 3583331
0.067687988281250 3599551
0.067077636718750 3597092
0.068054199218750 3600000
0.069946289062500 3600000
0.067504882812500 3600000
0.067565917968750 3600000
0.066772460937500 3600000
0.066162109375000 3588132
0.000000000000000 3583330
0.068115234375000 3583972
0.068664550781250 3599965
0.065856933593750 3595687
0.065979003906250 3597159
0.059265136718750 3600034
0.065795898437500 3599965
0.067443847656250 3596114
0.058959960937500 3596915
0.065551757812500 3596508
0.065612792968750 3600068
0.068969726562500 3600000
0.066406250000000 3600034
0.065551757812500 3599965
0.066833496093750 3600000
0.069519042968750 3600000
0.000000000000000 3600000
0.067199707031250 3600000
0.066711425781250 3600000
0.067993164062500 3600000
0.069335937500000 3600000
0.067016601562500 3600000
0.067504882812500 3600000
0.068298339843750 3600000
0.070068359375000 3600000
0.068054199218750 3600000
0.065734863281250 3600000
0.066589355468750 3600034
0.000000000000000 3599965
0.067077636718750 3600000
0.060607910156250 3600000
0.066406250000000 3600000
0.069519042968750 3600000
0.065185546875000 3600000
0.067016601562500 3600000
0.059448242187500 3599931
0.066772460937500 3600068
0.067871093750000 3600034
0.065856933593750 3599965
0.059082031250000 3600000
0.065673828125000 3600000
0.066467285156250 3600034
0.067260742187500 3599965
0.070129394531250 3600000
0.059692382812500 3600000
0.067138671875000 3600034
0.066406250000000 3599965
0.000000000000000 3600000
0.066833496093750 3600000
0.067443847656250 3600034
0.065002441406250 3599965
0.069091796875000 3600000
0.066833496093750 3599965
0.065551757812500 3600034
0.059265136718750 3600000
0.066162109375000 3600000
0.067749023437500 3600000
0.064758300781250 3600000
0.067871093750000 3599965
0.068420410156250 3600034
0.058959960937500 3599965
0.068847656250000 3600034
0.065368652343750 3600034
0.060546875000000 3600000
0.000000000000000 3599897
0.065490722656250 3600068
0.068054199218750 3600000
0.066406250000000 3600000
0.067810058593750 3600000
0.066711425781250 3600000
0.067199707031250 3600000
0.068603515625000 3600000
0.066528320312500 3600034
0.067504882812500 3599965
0.065612792968750 3600034
0.059570312500000 3599965
0.065063476562500 3599965
0.068054199218750 3600034
0.068603515625000 3600000
0.000000000000000 3600000
0.065185546875000 3600000
0.066955566406250 3600000
0.064941406250000 3600000
0.067565917968750 3599931
0.066589355468750 3600102
0.067565917968750 3599965
0.065124511718750 3600034
0.067138671875000 3599965
0.067749023437500 3599965
0.067077636718750 3600034
0.067321777343750 3600000
0.064208984375000 3600034
0.069152832031250 3599965
0.000000000000000 3600000
0.067016601562500 3600000
0.066833496093750 3600000
0.067504882812500 3600000
0.066101074218750 3600000
0.067687988281250 3600000
0.066711425781250 3600000
0.067810058593750 3600000
0.065734863281250 3600000
0.068542480468750 3600000
0.067687988281250 3600000
0.065429687500000 3600000
0.000000000000000 3600000
0.068115234375000 3600000
0.064819335937500 3600000
0.067382812500000 3599965
0.067138671875000 3600000
0.068054199218750 3600034
0.066833496093750 3600000
0.065185546875000 3600000
0.066772460937500 3599965
0.068176269531250 3600034
0.067565917968750 3600000
0.065795898437500 3599965
0.069335937500000 3600000
0.065612792968750 3600034
0.000000000000000 3600000
0.065612792968750 3599965
0.068176269531250 3600034
0.066528320312500 3600000
0.067321777343750 3600000
0.067138671875000 3600034
0.066223144531250 3599897
0.067565917968750 3600000
0.066894531250000 3600102
0.065612792968750 3599965
0.065795898437500 3600000
0.066772460937500 3600000
0.067871093750000 3600000
0.000000000000000 3600000
0.067321777343750 3599965
0.068603515625000 3600034
0.066528320312500 3600000
0.066223144531250 3600000
0.067565917968750 3600000
0.066894531250000 3600000
0.065307617187500 3600000
0.067626953125000 3600000
0.069824218750000 3600000
0.065795898437500 3600000
0.068298339843750 3600000
0.067199707031250 3600000
0.000000000000000 3600000
0.067321777343750 3600000
0.066467285156250 3600000
0.068298339843750 3600000
0.067871093750000 3600034
0.067626953125000 3599931
0.068786621093750 3600068
0.066650390625000 3599965
0.067993164062500 3600000
0.066040039062500 3600000
0.068603515625000 3600000
0.000000000000000 3600000
0.070495605468750 3599965
0.064941406250000 3600034
0.066040039062500 3600000
0.064880371093750 3600034
0.059936523437500 3599965
0.066040039062500 3600000
0.066833496093750 3600000
0.065429687500000 3600000
0.068176269531250 3600000
0.068725585937500 3600000
0.067138671875000 3600000
0.066284179687500 3599965
0.065429687500000 3600034
0.067993164062500 3600000
0.066345214843750 3600000
0.000000000000000 3600000
0.067749023437500 3600034
0.068420410156250 3599965
0.065551757812500 3600000
0.059143066406250 3600000
0.064941406250000 3600000
0.067321777343750 3600000
0.065185546875000 3600000
0.068664550781250 3600000
0.069091796875000 3600034
0.065979003906250 3599965
0.068969726562500 3600000
0.066345214843750 3599965
0.068542480468750 3600068
0.000000000000000 3599965
0.067260742187500 3600000
0.067077636718750 3600034
0.067565917968750 3599965
0.065368652343750 3600000
0.070129394531250 3600000
0.065551757812500 3454067
0.068176269531250 3600000
0.066772460937500 3600000
0.059509277343750 3600000
0.066101074218750 3600000
0.067382812500000 3600000
0.067077636718750 3600000
0.068420410156250 3600000
0.060058593750000 3600000
0.000000000000000 3600000
0.065612792968750 3599965
0.068542480468750 3600034
0.065734863281250 3600000
0.068237304687500 3600000
0.067077636718750 3600000
0.067016601562500 3600000
0.067565917968750 3600000
0.067871093750000 3600000
0.068847656250000 3600034
0.065490722656250 3599965
0.068237304687500 3600000
0.067321777343750 3600000
0.000000000000000 3600000
0.067687988281250 3600000
0.067199707031250 3600000
0.065917968750000 3599965
0.067199707031250 3600034
0.068481445312500 3600000
0.060729980468750 3600000
0.069458007812500 3600000
0.067077636718750 3600034
0.066711425781250 3599965
0.067382812500000 3600000
0.065429687500000 3600034
0.066345214843750 3599965
0.067504882812500 3600000
0.000000000000000 3600000
0.065673828125000 3600000
0.068969726562500 3600000
0.066101074218750 3600000
0.067687988281250 3600000
0.067016601562500 3600000
0.067749023437500 3600000
0.068359375000000 3600000
0.067749023437500 3600000
0.065979003906250 3600000
0.066101074218750 3599965
0.066711425781250 3600034
0.000000000000000 3600000
0.066894531250000 3600034
0.066345214843750 3599965
0.068664550781250 3600000
0.058959960937500 3600000
0.067199707031250 3599965
0.068786621093750 3600034
0.064758300781250 3600000
0.067077636718750 3599965
0.066467285156250 3600000
0.067077636718750 3600034
0.067199707031250 3600000
0.069580078125000 3599965
0.069580078125000 3600034
0.000000000000000 3600000
0.065734863281250 3600000
0.065917968750000 3600000
0.067810058593750 3600000
0.066894531250000 3600000
0.059936523437500 3599965
0.067687988281250 3600034
0.067993164062500 3600000
0.066650390625000 3600000
0.067321777343750 3600000
0.067382812500000 3600000
0.066955566406250 3600000
0.066345214843750 3599965
0.065246582031250 3600034
0.000000000000000 3599965
0.070739746093750 3600034
0.065429687500000 3600034
0.066833496093750 3420326
0.066345214843750 3600034
0.067321777343750 3600000
0.069274902343750 3600000
0.068969726562500 3599965
0.068237304687500 3600034
0.066345214843750 3600000
0.068237304687500 3600000
0.065429687500000 3600000
0.065979003906250 3600000
0.000000000000000 3600000
0.066833496093750 3600000
0.069091796875000 3600000
0.068481445312500 3599965
0.066040039062500 3600068
0.068786621093750 3600000
0.065429687500000 3600000
0.059570312500000 3599965
0.066772460937500 3600034
0.068908691406250 3599965
0.066345214843750 3600000
0.067504882812500 3600000
0.069885253906250 3600000
0.000000000000000 3600000
0.067260742187500 3600034
0.066772460937500 3599965
0.066040039062500 3599965
0.067810058593750 3600034
0.065246582031250 3600000
0.066955566406250 3599965
0.066589355468750 3600034
0.065551757812500 3600000
0.068359375000000 3600000
0.066528320312500 3600000
0.065002441406250 3600000
0.066040039062500 3600000
0.068664550781250 3600000
0.000000000000000 3600000
0.067871093750000 3600000
0.065368652343750 3600000
0.066894531250000 3599965
0.067199707031250 3600000
0.068054199218750 3600034
0.065429687500000 3600000
0.067382812500000 3600000
0.066101074218750 3600000
0.067626953125000 3600000
0.065734863281250 3600000
0.066223144531250 3600000
0.067810058593750 3600000
0.065429687500000 3600000
0.000000000000000 3600000
0.067321777343750 3599965
0.069030761718750 3600000
0.065368652343750 3600000
0.068054199218750 3600034
0.066223144531250 3600000
0.068542480468750 3600000
0.066101074218750 3600000
0.067382812500000 3600000
0.066650390625000 3600000
0.068664550781250 3600000
0.067749023437500 3600034
0.000000000000000 3599965
0.065734863281250 3600000
0.067016601562500 3600000
0.068481445312500 3599965
0.067871093750000 3617194
0.074035644531250 3772031
0.072265625000000 3700035
0.075378417968750 3700000
0.072875976562500 3699964
0.073730468750000 3700035
0.071594238281250 3700000
0.064453125000000 3700000
0.076538085937500 3700000
0.000000000000000 3700000
0.072265625000000 3699964
0.072326660156250 3700000
0.070251464843750 3700000
0.074157714843750 3700000
0.072570800781250 3700000
0.074462890625000 3700035
0.075012207031250 3700000
0.072753906250000 3699964
0.074279785156250 3700000
0.072570800781250 3699929
0.073303222656250 3700070
0.000000000000000 3700035
0.071228027343750 3700000
0.065917968750000 3699964
0.072021484375000 3700000
0.073791503906250 3700000
0.072692871093750 3700000
0.072448730468750 3700000
0.064086914062500 3700035
0.072692871093750 3700000
0.073242187500000 3700000
0.072021484375000 3700000
0.075622558593750 3699964
0.064758300781250 3700000
0.070617675781250 3700035
0.072387695312500 3699964
0.072509765625000 3700035
0.073486328125000 3699964
0.000000000000000 3700035
0.072387695312500 3699964
0.073852539062500 3700000
0.072753906250000 3700035
0.070861816406250 3699964
0.073120117187500 3700000
0.073669433593750 3700000
0.073730468750000 3700035
0.072814941406250 3700000
0.074279785156250 3700000
0.073242187500000 3700000
0.073120117187500 3699929
0.000000000000000 3700035
0.073608398437500 3700035
0.070556640625000 3700000
0.073425292968750 3699964
0.070678710937500 3700035
0.072204589843750 3699964
0.075073242187500 3700000
0.072875976562500 3700035
0.074157714843750 3699964
0.072021484375000 3700035
0.073608398437500 3699964
0.071716308593750 3700000
0.064575195312500 3700000
0.000000000000000 3700000
0.074340820312500 3700000
0.071472167968750 3700000
0.074523925781250 3700000
0.072387695312500 3700000
0.072509765625000 3700000
0.071533203125000 3700000
0.071594238281250 3698649
0.073242187500000 3700035
0.074584960937500 3699964
0.073120117187500 3700035
0.069335937500000 3699964
0.072937011718750 3699964
0.000000000000000 3700035
0.072509765625000 3698550
0.070739746093750 3695928
0.075317382812500 3699964
0.071838378906250 3699964
0.064636230468750 3700035
0.071411132812500 3699964
0.074218750000000 3700070
0.071777343750000 3699964
0.073059082031250 3700000
0.073181152343750 3700035
0.073608398437500 3699929
0.073425292968750 3700035
0.070800781250000 3700000
0.073059082031250 3700035
0.000000000000000 3700000
0.073303222656250 3699964
0.072509765625000 3700035
0.074340820312500 3700000
0.072998046875000 3700000
0.074645996093750 3699964
0.071838378906250 3700000
0.074279785156250 3700000
0.070312500000000 3700035
0.074035644531250 3700000
0.073547363281250 3700000
0.072204589843750 3700000
0.000000000000000 3700000
0.074462890625000 3700000
0.071472167968750 3700000
0.072326660156250 3699964
0.072387695312500 3700035
0.064453125000000 3700000
0.072021484375000 3699964
0.075561523437500 3694612
0.076049804687500 3698331
0.073913574218750 3700035
0.071899414062500 3696354
0.070983886718750 3699541
0.064514160156250 3699964
0.070922851562500 3700035
0.072814941406250 3700000
0.000000000000000 3699894
0.073547363281250 3700105
0.073608398437500 3700000
0.065368652343750 3700000
0.072204589843750 3699929
0.073425292968750 3700035
0.073181152343750 3700035
0.075500488281250 3699964
0.072814941406250 3700035
0.073547363281250 3699964
0.072937011718750 3700000
0.071411132812500 3700000
0.064880371093750 3700000
0.070190429687500 3700000
0.073059082031250 3700000
0.071533203125000 3698207
0.000000000000000 3700000
0.072814941406250 3700035
0.072326660156250 3699964
0.074218750000000 3700035
0.072387695312500 3699964
0.073730468750000 3700000
0.064208984375000 3699929
0.071228027343750 3700070
0.072021484375000 3700035
0.070678710937500 3699964
0.075317382812500 3700000
0.075012207031250 3700035
0.071533203125000 3700000
0.072937011718750 3699964
0.000000000000000 3700035
0.134094238281250 3700000
0.000000000000000 3700000
0.072570800781250 3700000
0.064453125000000 3700000
0.071350097656250 3700000
0.073120117187500 3699964
0.074645996093750 3700000
0.070495605468750 3700035
0.064758300781250 3699964
0.073425292968750 3700035
0.072814941406250 3700000
0.072875976562500 3699964
0.072387695312500 3700000
0.071899414062500 3700000
0.064025878906250 3700000
0.074768066406250 3700000
0.071533203125000 3690159
0.072753906250000 3683334
0.000000000000000 3691437
0.074401855468750 3700035
0.073059082031250 3699964
0.071533203125000 3699929
0.074523925781250 3700105
0.075378417968750 3700000
0.072204589843750 3699964
0.074401855468750 3700035
0.071228027343750 3699964
0.073181152343750 3700035
0.071716308593750 3693049
0.072387695312500 3700000
0.000000000000000 3700000
0.075988769531250 3700000
0.073852539062500 3700035
0.074523925781250 3700000
0.073669433593750 3700000
0.072326660156250 3700000
0.072143554687500 3699964
0.073974609375000 3700000
0.072143554687500 3700000
0.070922851562500 3700000
0.073486328125000 3700000
0.071105957031250 3700000
0.072814941406250 3700000
0.000000000000000 3699929
0.071044921875000 3700070
0.074829101562500 3700035
0.073730468750000 3700000
0.071533203125000 3699964
0.071838378906250 3700035
0.072937011718750 3699929
0.075012207031250 3700035
0.072204589843750 3700000
0.073242187500000 3700035
0.072204589843750 3700000
0.072753906250000 3699964
0.064147949218750 3700000
0.072265625000000 3700035
0.000000000000000 3700000
0.072631835937500 3700000
0.072692871093750 3700000
0.076049804687500 3700000
0.073181152343750 3700000
0.070861816406250 3699964
0.071899414062500 3700035
0.072143554687500 3700000
0.072387695312500 3700000
0.071655273437500 3700000
0.072326660156250 3700000
0.074645996093750 3696562
0.073059082031250 3700035
0.000000000000000 3700000
0.073791503906250 3699964
0.071350097656250 3700000
0.063903808593750 3700000
0.069396972656250 3700035
0.064697265625000 3699964
0.076232910156250 3700000
0.075012207031250 3700000
0.067565917968750 3700000
0.069763183593750 3700035
0.074645996093750 3699964
0.075195312500000 3700035
0.071350097656250 3699964
0.071166992187500 3700035
0.065979003906250 3700000
0.064880371093750 3700000
0.076477050781250 3699894
0.073791503906250 3700070
0.065979003906250 3700000
0.000000000000000 3700035
0.140197753906250 3700000
0.000000000000000 3700000
0.071411132812500 3699341
0.075012207031250 3693676
0.065429687500000 3700035
0.073547363281250 3699964
0.073852539062500 3700035
0.069641113281250 3700000
0.076965332031250 3699964
0.073303222656250 3699964
0.070739746093750 3700070
0.072814941406250 3700000
0.071166992187500 3700000
0.072814941406250 3699964
0.073730468750000 3699929
0.000000000000000 3700070
0.070922851562500 3700000
0.071777343750000 3700000
0.074035644531250 3700000
0.071716308593750 3700035
0.071899414062500 3699964
0.074829101562500 3700000
0.071350097656250 3700035
0.075195312500000 3699964
0.074462890625000 3700035
0.071838378906250 3700000
0.073425292968750 3700000
0.000000000000000 3700000
0.073120117187500 3699964
0.072204589843750 3700000
0.072692871093750 3700000
0.073913574218750 3700035
0.073791503906250 3700000
0.073364257812500 3700000
0.072265625000000 3699964
0.070068359375000 3700000
0.064147949218750 3700000
0.071960449218750 3700035
0.073852539062500 3699964
0.073181152343750 3700035
0.071044921875000 3700000
0.072998046875000 3699964
0.000000000000000 3700035
0.073303222656250 3700000
0.072326660156250 3700000
0.071838378906250 3699964
0.074157714843750 3700000
0.074157714843750 3700000
0.071105957031250 3700035
0.071594238281250 3700000
0.073669433593750 3700000
0.074157714843750 3700000
0.073486328125000 3700000
0.073364257812500 3699964
0.000000000000000 3700035
0.074340820312500 3700000
0.074218750000000 3699964
0.075866699218750 3700035
0.070617675781250 3699964
0.065856933593750 3700000
0.071289062500000 3700035
0.073730468750000 3700000
0.076049804687500 3699964
0.074584960937500 3700035
0.067932128906250 3699964
0.065979003906250 3700035
0.067687988281250 3699929
0.074279785156250 3700070
0.074768066406250 3699964
0.000000000000000 3700000
0.070190429687500 3700035
0.075622558593750 3699964
0.074645996093750 3700035
0.069152832031250 3699964
0.064086914062500 3700035
0.071899414062500 3699964
0.073974609375000 3700035
0.072082519531250 3700000
0.073730468750000 3699964
0.074035644531250 3700000
0.072387695312500 3700035
0.072937011718750 3699964
0.070617675781250 3700000
0.000000000000000 3700035
0.074523925781250 3699964
0.071411132812500 3700035
0.070495605468750 3699964
0.075073242187500 3700035
0.070922851562500 3700000
0.073974609375000 3685930
0.072875976562500 3690079
0.063842773437500 3687883
0.070861816406250 3689939
0.073608398437500 3688901
0.073425292968750 3700000
0.072937011718750 3688105
0.073913574218750 3683335
0.072265625000000 3683938
0.000000000000000 3694044
0.072814941406250 3683690
0.070556640625000 3699964
0.075500488281250 3688665
0.071899414062500 3683367
0.074707031250000 3694603
0.074584960937500 3699964
0.071105957031250 3689062
0.073425292968750 3699846
0.072692871093750 3689353
0.074707031250000 3699609
0.071655273437500 3689403
0.000000000000000 3683405
0.075439453125000 3693813
0.072937011718750 3695250
0.071472167968750 3683299
0.064514160156250 3687992
0.071960449218750 3680541
0.072204589843750 3594518
0.067626953125000 3593352
0.058105468750000 3588947
0.069824218750000 3600000
0.065734863281250 3595851
0.068786621093750 3594055
0.066345214843750 3599965
0.069519042968750 3600034
0.065429687500000 3599965
0.000000000000000 3600034
0.067077636718750 3600000
0.068969726562500 3599965
0.065856933593750 3585375
0.065917968750000 3592410
0.068359375000000 3588889
0.067504882812500 3600000
0.067687988281250 3599965
0.068054199218750 3597214
0.067077636718750 3598772
0.067199707031250 3600000
0.068664550781250 3597228
0.000000000000000 3591605
0.065979003906250 3600000
0.067199707031250 3600000
0.067077636718750 3589629
0.066223144531250 3600000
0.068298339843750 3600000
0.065246582031250 3600000
0.068603515625000 3600000
0.066162109375000 3600034
0.069458007812500 3598180
0.066650390625000 3590571
0.067321777343750 3598419
0.070129394531250 3599203
0.000000000000000 3600034
0.066162109375000 3599965
0.066528320312500 3598695
0.068359375000000 3599175
0.068786621093750 3600000
0.067016601562500 3600000
0.065307617187500 3598945
0.067749023437500 3598361
0.065429687500000 3594921
0.069458007812500 3589892
0.066040039062500 3599142
0.066955566406250 3589792
0.066528320312500 3599483
0.000000000000000 3583333
0.066040039062500 3594821
0.068542480468750 3600034
0.065734863281250 3599965
0.068115234375000 3600034
0.065307617187500 3600000
0.067260742187500 3598900
0.065856933593750 3600034
0.070129394531250 3594042
0.067382812500000 3587582
0.066345214843750 3600000
0.069274902343750 3600000
0.065063476562500 3600000
0.000000000000000 3600000
0.069091796875000 3599965
0.066101074218750 3600034
0.059570312500000 3600000
0.067871093750000 3600000
0.068847656250000 3588970
0.066711425781250 3589694
0.064880371093750 3594762
0.067199707031250 3600000
0.066711425781250 3600000
0.066467285156250 3590336
0.066284179687500 3586929
0.068359375000000 3593769
0.069091796875000 3585181
0.000000000000000 3591402
0.065368652343750 3596792
0.067504882812500 3589401
0.066711425781250 3588963
0.067871093750000 3600000
0.065063476562500 3597070
0.068115234375000 3592891
0.067626953125000 3600000
0.066528320312500 3600034
0.067077636718750 3600000
0.065856933593750 3599965
0.067077636718750 3600034
0.065063476562500 3598931
0.068664550781250 3583365
0.000000000000000 3583331
0.068969726562500 3585385
0.065795898437500 3583336
0.066162109375000 3594554
0.067199707031250 3583333
0.066284179687500 3585315
0.065612792968750 3592549
0.068054199218750 3594620
0.069091796875000 3585671
0.069152832031250 3600000
0.059265136718750 3596390
0.065368652343750 3584845
0.067077636718750 3600000
0.067749023437500 3587537
0.000000000000000 3590387
0.066406250000000 3600034
0.065246582031250 3599931
0.068115234375000 3600034
0.068542480468750 3600034
0.068237304687500 3599965
0.068054199218750 3600034
0.066894531250000 3600000
0.066772460937500 3599931
0.067199707031250 3586874
0.068237304687500 3583332
0.067016601562500 3587032
0.000000000000000 3600000
0.067199707031250 3600000
0.067932128906250 3599965
0.066589355468750 3597350
0.066284179687500 3600000
0.065612792968750 3600000
0.067871093750000 3600000
0.068420410156250 3600000
0.066711425781250 3600000
0.068664550781250 3600000
0.065612792968750 3599965
0.067016601562500 3600068
0.066772460937500 3599965
0.000000000000000 3600000
0.068847656250000 3595675
0.066345214843750 3592545
0.066345214843750 3600034
0.069763183593750 3590224
0.065429687500000 3583365
0.065979003906250 3592998
0.065490722656250 3596057
0.068298339843750 3583368
0.059204101562500 3587199
0.067199707031250 3590815
0.066589355468750 3598090
0.067687988281250 3600000
0.069396972656250 3585449
0.000000000000000 3583300
0.067321777343750 3594557
0.069335937500000 3593438
0.068298339843750 3600034
0.067321777343750 3600000
0.059936523437500 3600000
0.065917968750000 3600000
0.067749023437500 3599931
0.068420410156250 3600068
0.068603515625000 3597712
0.067016601562500 3591391
0.066955566406250 3597637
0.058959960937500 3599757
0.065673828125000 3586724
0.059875488281250 3597786
0.067993164062500 3600000
0.067321777343750 3600000
0.000000000000000 3599965
0.066223144531250 3597994
0.068115234375000 3588910
0.066589355468750 3599965
0.067321777343750 3600034
0.066711425781250 3593009
0.067077636718750 3594553
0.068603515625000 3583330
0.065917968750000 3583337
0.069824218750000 3583329
0.067382812500000 3599264
0.065917968750000 3599965
0.000000000000000 3600000
0.067993164062500 3600000
0.066040039062500 3599965
0.066467285156250 3600068
0.204223632812500 3599052
0.067565917968750 3599268
0.066284179687500 3598832
0.067749023437500 3590354
0.067321777343750 3598556
0.065795898437500 3591418
0.066162109375000 3584974
0.068359375000000 3583334
0.067871093750000 3583232
0.066467285156250 3592657
0.000000000000000 3600000
0.065429687500000 3596973
0.066345214843750 3600000
0.068176269531250 3600000
0.067565917968750 3600000
0.068786621093750 3600000
0.067626953125000 3596989
0.067993164062500 3591921
0.066833496093750 3588925
0.067687988281250 3600000
0.066650390625000 3600000
0.068542480468750 3600000
0.059204101562500 3600000
0.000000000000000 3595343
0.065673828125000 3596499
0.067565917968750 3599222
0.065734863281250 3585210
0.066406250000000 3600000
0.066589355468750 3598452
0.064880371093750 3595971
0.066101074218750 3600034
0.065917968750000 3599965
0.070556640625000 3600000
0.066345214843750 3599965
0.067565917968750 3600034
0.066406250000000 3600000
0.058959960937500 3600000
0.067871093750000 3590055
0.000000000000000 3600000
0.067626953125000 3585588
0.067321777343750 3597068
0.064880371093750 3600000
0.067504882812500 3600000
0.067871093750000 3599965
0.067993164062500 3597626
0.065368652343750 3583331
0.068359375000000 3594556
0.059265136718750 3586633
0.068481445312500 3599965
0.067932128906250 3600034
0.065246582031250 3600000
0.069091796875000 3600000
0.000000000000000 3600000
0.066528320312500 3600000
0.067016601562500 3600000
0.066223144531250 3600000
0.069091796875000 3600000
0.068115234375000 3600000
0.065856933593750 3600000
0.068725585937500 3593541
0.064758300781250 3600000
0.059020996093750 3599196
0.066711425781250 3594245
0.068481445312500 3596679
0.067443847656250 3583369
0.067199707031250 3597819
0.059509277343750 3600000
0.066101074218750 3600000
0.000000000000000 3600000
0.065856933593750 3600000
0.066528320312500 3600000
0.068908691406250 3600000
0.066406250000000 3600000
0.069824218750000 3600000
0.066040039062500 3600000
0.064270019531250 3596582
0.067871093750000 3599965
0.066223144531250 3600034
0.067993164062500 3600000
0.066040039062500 3600000
0.069946289062500 3600000
0.000000000000000 3600000
0.067687988281250 3600000
0.066223144531250 3600000
0.067077636718750 3599931
0.065917968750000 3599463
0.067382812500000 3599965
0.066589355468750 3600034
0.068115234375000 3585112
0.067565917968750 3594589
0.066467285156250 3594190
0.067565917968750 3600000
0.065551757812500 3600000
0.066223144531250 3600000
0.000000000000000 3600034
0.068359375000000 3599965
0.068603515625000 3600034
0.066467285156250 3595793
0.065795898437500 3600000
0.066101074218750 3600000
0.066589355468750 3599532
0.067504882812500 3599108
0.065368652343750 3600000
0.070495605468750 3599965
0.058959960937500 3590694
0.067077636718750 3597342
0.067504882812500 3595141
0.067077636718750 3599965
0.000000000000000 3588786
0.066894531250000 3599965
0.067382812500000 3591810
0.066406250000000 3586061
0.067565917968750 3583367
0.068176269531250 3450450
0.067565917968750 3583332
0.067993164062500 3593131
0.067199707031250 3600000
0.065917968750000 3600000
0.068237304687500 3588909
0.069335937500000 3590209
0.000000000000000 3595857
0.066711425781250 3587477
0.066528320312500 3599897
0.066955566406250 3600068
0.066894531250000 3600034
0.068054199218750 3600000
0.059082031250000 3588911
0.065185546875000 3591408
0.065917968750000 3586366
0.059814453125000 3597897
0.065429687500000 3600000
0.068969726562500 3596608
0.065734863281250 3585861
0.065551757812500 3600000
0.067199707031250 3600000
0.066589355468750 3600000
0.067871093750000 3600000
0.000000000000000 3599965
0.067871093750000 3600034
0.068725585937500 3600000
0.067993164062500 3600000
0.068115234375000 3600000
0.065795898437500 3600000
0.066589355468750 3592659
0.069946289062500 3587869
0.065063476562500 3592808
0.067321777343750 3596054
0.066894531250000 3600034
0.068237304687500 3600000
0.000000000000000 3599965
0.066406250000000 3590366
0.066650390625000 3595817
0.069641113281250 3721893
0.075012207031250 3800072
0.070861816406250 3799927
0.078491210937500 3800036
0.077819824218750 3799927
0.077941894531250 3800072
0.069274902343750 3800000
0.076477050781250 3799963
0.078674316406250 3800036
0.078247070312500 3799963
0.076843261718750 3800036
0.079345703125000 3800000
0.000000000000000 3800000
0.079467773437500 3800000
0.079406738281250 3800000
0.076904296875000 3800000
0.080200195312500 3800036
0.078918457031250 3799963
0.076416015625000 3799891
0.079284667968750 3800108
0.080688476562500 3799963
0.081054687500000 3800036
0.077453613281250 3800000
0.075073242187500 3799927
0.000000000000000 3800036
0.079162597656250 3799963
0.078491210937500 3800072
0.080078125000000 3800000
0.076232910156250 3800036
0.079406738281250 3799963
0.078552246093750 3800000
0.079162597656250 3800000
0.077941894531250 3799963
0.076721191406250 3800036
0.069213867187500 3800000
0.077819824218750 3800000
0.077514648437500 3800000
0.076538085937500 3800000
0.000000000000000 3800000
0.079284667968750 3799963
0.077209472656250 3800036
0.077758789062500 3800036
0.078125000000000 3800000
0.076538085937500 3799963
0.077331542968750 3800000
0.078247070312500 3800000
0.077941894531250 3799927
0.081787109375000 3800072
0.075988769531250 3800000
0.077453613281250 3800000
0.078857421875000 3799963
0.000000000000000 3800036
0.078552246093750 3800000
0.076782226562500 3800000
0.079711914062500 3800000
0.069030761718750 3800036
0.080871582031250 3799963
0.077819824218750 3799855
0.078186035156250 3800144
0.078369140625000 3789686
0.077331542968750 3800000
0.077697753906250 3799963
0.077575683593750 3800000
0.079406738281250 3800036
0.080261230468750 3799963
0.077209472656250 3793027
0.000000000000000 3800036
0.078369140625000 3800000
0.077331542968750 3799927
0.078002929687500 3800036
0.078918457031250 3800036
0.080383300781250 3800000
0.080139160156250 3799927
0.078369140625000 3800108
0.079895019531250 3799963
0.077392578125000 3797184
0.077026367187500 3799205
0.076538085937500 3800000
0.078247070312500 3800000
0.069458007812500 3800000
0.000000000000000 3800000
0.077331542968750 3800000
0.081481933593750 3799891
0.077392578125000 3800108
0.079406738281250 3795257
0.078918457031250 3794386
0.078552246093750 3800000
0.078308105468750 3800000
0.077331542968750 3800000
0.080627441406250 3800000
0.074951171875000 3800000
0.073791503906250 3800000
0.000000000000000 3799963
0.075683593750000 3800036
0.064514160156250 3800000
0.074279785156250 3799927
0.073303222656250 3800072
0.073974609375000 3800000
0.074951171875000 3800000
0.077453613281250 3799963
0.071105957031250 3799519
0.073974609375000 3793639
0.076171875000000 3799963
0.074096679687500 3800036
0.072326660156250 3800000
0.071228027343750 3800000
0.000000000000000 3798470
0.075317382812500 3797861
0.071472167968750 3800000
0.076232910156250 3791296
0.073730468750000 3794261
0.071044921875000 3800036
0.074035644531250 3800000
0.075805664062500 3799963
0.074096679687500 3800036
0.071716308593750 3800000
0.072570800781250 3800000
0.074951171875000 3800000
0.000000000000000 3683099
0.073486328125000 3800000
0.064758300781250 3800000
0.073913574218750 3800000
0.075073242187500 3792994
0.070373535156250 3791503
0.076354980468750 3794593
0.072448730468750 3800000
0.073547363281250 3800000
0.074951171875000 3799963
0.075744628906250 3796673
0.073364257812500 3785833
0.073608398437500 3799785
0.000000000000000 3800000
0.075195312500000 3800000
0.076354980468750 3793606
0.072082519531250 3794368
0.074829101562500 3799927
0.074157714843750 3800072
0.071960449218750 3799963
0.073669433593750 3800036
0.073852539062500 3799963
0.075561523437500 3800036
0.072082519531250 3800000
0.000000000000000 3800000
0.074768066406250 3800000
0.072326660156250 3800000
0.072326660156250 3800000
0.073181152343750 3800036
0.075805664062500 3799963
0.068359375000000 3800000
0.072448730468750 3800000
0.074523925781250 3799927
0.072387695312500 3800036
0.075805664062500 3800036
0.073791503906250 3800000
0.074829101562500 3799963
0.000000000000000 3800036
0.075439453125000 3800000
0.073486328125000 3799963
0.075256347656250 3795076
0.073608398437500 3787352
0.066772460937500 3799963
0.072875976562500 3799963
0.066101074218750 3792468
0.073547363281250 3783299
0.076782226562500 3799530
0.071655273437500 3800000
0.071594238281250 3799963
0.075866699218750 3800036
0.072875976562500 3800000
0.000000000000000 3800000
0.075256347656250 3800000
0.074279785156250 3800000
0.075561523437500 3797532
0.073181152343750 3783333
0.075500488281250 3783331
0.065673828125000 3796779
0.065246582031250 3800000
0.066833496093750 3796532
0.074951171875000 3800036
0.073913574218750 3800000
0.075195312500000 3800000
0.073181152343750 3799927
0.072875976562500 3800072
0.072631835937500 3800000
0.000000000000000 3800000
0.073547363281250 3800000
0.071960449218750 3799963
0.075195312500000 3800036
0.075134277343750 3799927
0.072265625000000 3800072
0.074401855468750 3800000
0.073181152343750 3800000
0.075927734375000 3800000
0.074768066406250 3800000
0.075622558593750 3800000
0.000000000000000 3800000
0.076110839843750 3799927
0.072387695312500 3800072
0.074584960937500 3799963
0.073913574218750 3800036
0.065429687500000 3800000
0.073852539062500 3799963
0.074340820312500 3800036
0.075134277343750 3800000
0.070983886718750 3800000
0.074584960937500 3799963
0.071472167968750 3800036
0.075134277343750 3799963
0.074157714843750 3800036
0.000000000000000 3799891
0.072082519531250 3800144
0.073791503906250 3793042
0.072570800781250 3800036
0.065612792968750 3800000
0.072387695312500 3800000
0.075683593750000 3800000
0.074768066406250 3800000
0.074340820312500 3800000
0.076049804687500 3800000
0.072570800781250 3796517
0.065979003906250 3795834
0.071472167968750 3799963
0.072570800781250 3800036
0.070434570312500 3799963
0.065002441406250 3800036
0.074523925781250 3800000
0.000000000000000 3800000
0.072814941406250 3799963
0.075683593750000 3800036
0.073181152343750 3795909
0.064819335937500 3783405
0.072631835937500 3783263
0.073730468750000 3783369
0.073730468750000 3787187
0.072814941406250 3800000
0.074157714843750 3797753
0.075561523437500 3798759
0.071594238281250 3800000
0.072875976562500 3800000
0.065002441406250 3800000
0.072570800781250 3800000
0.000000000000000 3800000
0.075378417968750 3797954
0.072937011718750 3794757
0.075744628906250 3799927
0.075805664062500 3787211
0.073120117187500 3793999
0.074401855468750 3783334
0.071411132812500 3783333
0.072753906250000 3795829
0.073425292968750 3800000
0.076171875000000 3800000
0.000000000000000 3800000
0.075683593750000 3800000
0.073059082031250 3800000
0.065368652343750 3800000
0.073059082031250 3800000
0.074462890625000 3799963
0.070617675781250 3793094
0.065185546875000 3793214
0.073852539062500 3800000
0.075073242187500 3785490
0.064880371093750 3783366
0.073608398437500 3796126
0.073852539062500 3800000
0.074340820312500 3800000
0.074340820312500 3800000
0.072326660156250 3800000
0.000000000000000 3796556
0.074584960937500 3792924
0.075683593750000 3793559
0.072265625000000 3783227
0.073486328125000 3783441
0.073425292968750 3785673
0.064514160156250 3797402
0.071655273437500 3800000
0.073547363281250 3800000
0.072326660156250 3799963
0.074768066406250 3800036
0.074218750000000 3800000
0.073669433593750 3799927
0.071411132812500 3800072
0.071472167968750 3799927
0.065002441406250 3800036
0.000000000000000 3796638
0.073059082031250 3797381
0.075256347656250 3799209
0.073120117187500 3800000
0.074707031250000 3800000
0.075744628906250 3800000
0.071838378906250 3800000
0.064758300781250 3800000
0.071289062500000 3800000
0.065307617187500 3800000
0.070678710937500 3792420
0.064575195312500 3799927
0.074707031250000 3800072
0.073852539062500 3799927
0.076049804687500 3800036
0.072204589843750 3800000
0.072814941406250 3800000
0.071899414062500 3800000
0.000000000000000 3799927
0.074096679687500 3800108
0.075317382812500 3800000
0.072814941406250 3799963
0.075439453125000 3800036
0.070861816406250 3800000
0.076354980468750 3800000
0.071594238281250 3800000
0.075195312500000 3800000
0.072387695312500 3800036
0.074707031250000 3799963
0.000000000000000 3800000
0.075561523437500 3799963
0.071777343750000 3800036
0.074707031250000 3800000
0.073730468750000 3799927
0.075988769531250 3800072
0.075073242187500 3800000
0.071533203125000 3800000
0.072937011718750 3800000
0.072814941406250 3800000
0.074218750000000 3800000
0.072387695312500 3800000
0.000000000000000 3800000
0.075012207031250 3800000
0.076782226562500 3800000
0.072998046875000 3800000
0.075805664062500 3800000
0.070434570312500 3800000
0.072875976562500 3799963
0.075622558593750 3800036
0.074584960937500 3800000
0.071899414062500 3800000
0.072937011718750 3800000
0.064941406250000 3800000
0.071777343750000 3799927
0.074523925781250 3800108
0.000000000000000 3799963
0.074462890625000 3792944
0.074401855468750 3799942
0.076416015625000 3799963
0.074340820312500 3800036
0.075622558593750 3799963
0.075866699218750 3800036
0.064575195312500 3800000
0.073486328125000 3799927
0.075500488281250 3800072
0.073486328125000 3800000
0.071411132812500 3800000
0.065551757812500 3800000
0.073120117187500 3793018
0.000000000000000 3791803
0.075317382812500 3783332
0.070739746093750 3789179
0.065124511718750 3800000
0.071289062500000 3796187
0.073425292968750 3800000
0.075012207031250 3800000
0.072875976562500 3800000
0.073852539062500 3799927
0.073608398437500 3800072
0.073242187500000 3800000
0.071838378906250 3799963
0.076660156250000 3800036
0.076477050781250 3799963
0.071777343750000 3800036
0.000000000000000 3800036
0.073486328125000 3799963
0.072448730468750 3794101
0.074951171875000 3795377
0.072387695312500 3800000
0.074401855468750 3800000
0.075744628906250 3798885
0.075988769531250 3787182
0.064880371093750 3800036
0.071716308593750 3800036
0.073425292968750 3800000
0.072753906250000 3800000
0.073608398437500 3800000
0.000000000000000 3800000
0.076293945312500 3799963
0.074279785156250 3799963
0.074157714843750 3800072
0.075622558593750 3800000
0.072265625000000 3799963
0.073486328125000 3796067
0.073547363281250 3783333
0.075012207031250 3799891
0.073669433593750 3800000
0.076904296875000 3799963
0.072326660156250 3800000
0.000000000000000 3791195
0.074707031250000 3798513
0.073791503906250 3743340
0.075561523437500 3694792
0.074584960937500 3700000
0.073486328125000 3691984
0.074340820312500 3694599
0.074035644531250 3691183
0.073669433593750 3700000
0.073486328125000 3700000
0.000000000000000 3699964
0.075378417968750 3700035
0.073852539062500 3700000
0.071044921875000 3700035
0.072814941406250 3699964
0.071899414062500 3700035
0.072753906250000 3699964
0.071166992187500 3700035
0.074157714843750 3700000
0.074157714843750 3700000
0.072692871093750 3700000
0.074829101562500 3700000
0.072937011718750 3699894
0.000000000000000 3700070
0.074768066406250 3700035
0.073059082031250 3699964
0.071228027343750 3700035
0.072814941406250 3699894
0.071350097656250 3700105
0.064697265625000 3699964
0.071716308593750 3699964
0.074890136718750 3700070
0.071716308593750 3700000
0.072509765625000 3699964
0.072692871093750 3700000
0.071960449218750 3700035
0.064331054687500 3699964
0.071289062500000 3700000
0.074035644531250 3696591
0.000000000000000 3700035
0.070800781250000 3699964
0.128540039062500 3700000
0.000000000000000 3689985
0.072326660156250 3688274
0.072509765625000 3699964
0.071472167968750 3700000
0.072937011718750 3700000
0.072753906250000 3700000
0.073486328125000 3700035
0.072204589843750 3700000
0.073547363281250 3687261
0.072631835937500 3698720
0.072631835937500 3700000
0.071533203125000 3700000
0.070983886718750 3690981
0.000000000000000 3698481
0.073791503906250 3700035
0.071899414062500 3699929
0.074462890625000 3700070
0.072448730468750 3700035
0.074035644531250 3697850
0.064514160156250 3697242
0.070617675781250 3700000
0.073791503906250 3700035
0.071228027343750 3700000
0.074768066406250 3699929
0.073547363281250 3700070
0.073913574218750 3699964
0.000000000000000 3688624
0.074584960937500 3696528
0.073608398437500 3699964
0.073547363281250 3700035
0.072509765625000 3693050
0.072570800781250 3700000
0.072814941406250 3700035
0.076232910156250 3700035
0.072204589843750 3700000
0.072570800781250 3700000
0.075073242187500 3699964
0.072875976562500 3700035
0.000000000000000 3699964
0.073547363281250 3700000
0.074401855468750 3700000
0.069091796875000 3700035
0.075317382812500 3699964
0.072021484375000 3699964
0.074340820312500 3700070
0.069885253906250 3699964
0.072692871093750 3700000
0.073303222656250 3700000
0.073242187500000 3698348
0.000000000000000 3700035
0.076416015625000 3699964
0.067504882812500 3700035
0.073608398437500 3700000
0.070800781250000 3700000
0.065490722656250 3699964
0.064636230468750 3700000
0.066955566406250 3700035
0.075500488281250 3700000
0.064514160156250 3699964
0.070983886718750 3700035
0.067749023437500 3700000
0.070861816406250 3699964
0.076904296875000 3700000
0.073120117187500 3700000
0.071655273437500 3698391
0.068542480468750 3699212
0.076599121093750 3700000
0.074157714843750 3689994
0.000000000000000 3696938
0.076538085937500 3700000
0.064208984375000 3700035
0.075378417968750 3699964
0.067443847656250 3700000
0.071655273437500 3700000
0.076354980468750 3700000
0.064758300781250 3700035
0.070068359375000 3700000
0.070068359375000 3699894
0.071594238281250 3700070
0.073547363281250 3692639
0.073425292968750 3699964
0.071533203125000 3700035
0.073120117187500 3699894
0.000000000000000 3700070
0.072631835937500 3697857
0.072265625000000 3700000
0.072387695312500 3700000
0.072814941406250 3696914
0.073486328125000 3700035
0.071594238281250 3699964
0.063964843750000 3699929
0.074218750000000 3700105
0.071960449218750 3700000
0.071838378906250 3699964
0.070922851562500 3695851
0.072509765625000 3690522
0.072631835937500 3699894
0.070495605468750 3700070
0.070678710937500 3700000
0.000000000000000 3700035
0.074584960937500 3698535
0.073181152343750 3699964
0.071533203125000 3700000
0.072570800781250 3699964
0.070800781250000 3700070
0.072692871093750 3700000
0.073730468750000 3699964
0.073547363281250 3698040
0.071533203125000 3699929
0.071838378906250 3700070
0.074279785156250 3700000
0.000000000000000 3700000
0.074035644531250 3700000
0.072814941406250 3700000
0.076538085937500 3689597
0.071838378906250 3699747
0.064636230468750 3698022
0.071655273437500 3700070
0.074157714843750 3700000
0.072204589843750 3694905
0.074645996093750 3700000
0.073913574218750 3699929
0.075012207031250 3700105
0.072265625000000 3700000
0.000000000000000 3699929
0.073608398437500 3696645
0.074523925781250 3696564
0.072753906250000 3696572
0.064453125000000 3700035
0.073059082031250 3699964
0.073364257812500 3700000
0.064758300781250 3700000
0.074890136718750 3700035
0.064025878906250 3696891
0.065002441406250 3692343
0.068115234375000 3699311
0.068298339843750 3700000
0.064025878906250 3700000
0.064575195312500 3699964
0.074890136718750 3700000
0.074829101562500 3700000
0.074645996093750 3700035
0.073120117187500 3700000
0.072692871093750 3699964
0.072875976562500 3700000
0.000000000000000 3699173
0.073059082031250 3694434
0.073852539062500 3700000
0.072509765625000 3700035
0.074584960937500 3699964
0.073791503906250 3700000
0.074584960937500 3698567
0.072509765625000 3699455
0.071533203125000 3700000
0.070861816406250 3700035
0.072631835937500 3694765
0.070800781250000 3700035
0.000000000000000 3692833
0.075256347656250 3697817
0.071594238281250 3699894
0.074951171875000 3700105
0.071228027343750 3700000
0.072082519531250 3699964
0.070800781250000 3700000
0.072326660156250 3700035
0.075317382812500 3700000
0.071411132812500 3699964
0.072204589843750 3700000
0.072692871093750 3690586
0.065124511718750 3700000
0.072937011718750 3700000
0.000000000000000 3689029
0.073120117187500 3699868
0.072814941406250 3700035
0.071350097656250 3699894
0.074279785156250 3700105
0.070068359375000 3700000
0.074462890625000 3700000
0.071533203125000 3700000
0.074096679687500 3699964
0.070312500000000 3700000
0.074462890625000 3700000
0.072509765625000 3699929
0.070556640625000 3700070
0.000000000000000 3699964
0.073608398437500 3700070
0.070190429687500 3700000
0.074157714843750 3700000
0.071472167968750 3700000
0.075744628906250 3700000
0.064331054687500 3690413
0.072937011718750 3700035
0.074707031250000 3699964
0.072509765625000 3699929
0.075195312500000 3700105
0.072998046875000 3700000
0.072998046875000 3699964
0.073120117187500 3700000
0.000000000000000 3700035
0.073120117187500 3699964
0.072570800781250 3700000
0.072265625000000 3699964
0.071899414062500 3700035
0.072998046875000 3700000
0.074523925781250 3700035
0.072631835937500 3700000
0.071899414062500 3699964
0.072021484375000 3700035
0.071960449218750 3699964
0.072631835937500 3700000
0.000000000000000 3700000
0.072387695312500 3700035
0.072692871093750 3700000
0.073181152343750 3700000
0.071411132812500 3700000
0.070617675781250 3699964
0.070495605468750 3688650
0.072814941406250 3700035
0.072082519531250 3699964
0.072692871093750 3699964
0.075500488281250 3700035
0.072631835937500 3700000
0.072753906250000 3700035
0.000000000000000 3697560
0.072204589843750 3700035
0.072387695312500 3693554
0.071105957031250 3700105
0.074096679687500 3699964
0.077392578125000 3699852
0.070495605468750 3698940
0.072082519531250 3700070
0.071289062500000 3699894
0.072021484375000 3700105
0.064392089843750 3696717
0.071289062500000 3699964
0.073364257812500 3697451
0.064575195312500 3700000
0.072143554687500 3700000
0.073181152343750 3700035
0.064941406250000 3688871
0.071716308593750 3690456
0.000000000000000 3687199
0.072082519531250 3699964
0.074035644531250 3694321
0.072143554687500 3699964
0.071777343750000 3692074
0.074218750000000 3700035
0.074645996093750 3700000
0.074157714843750 3699964
0.072326660156250 3696722
0.071777343750000 3692134
0.075134277343750 3685790
0.000000000000000 3691997
0.075439453125000 3699929
0.070800781250000 3691609
0.075012207031250 3686191
0.070617675781250 3684661
0.073120117187500 3683231
0.073486328125000 3683435
0.072570800781250 3697066
0.073669433593750 3700000
0.070312500000000 3699929
0.065185546875000 3692214
0.070983886718750 3685587
0.073120117187500 3699964
0.071472167968750 3699929
0.072509765625000 3700105
0.000000000000000 3699964
0.071411132812500 3700000
0.074462890625000 3688928
0.071289062500000 3699964
0.072143554687500 3688873
0.075317382812500 3692923
0.070373535156250 3695932
0.073669433593750 3700070
0.069702148437500 3700000
0.074218750000000 3700000
0.063659667968750 3700000
0.071411132812500 3693374
0.074157714843750 3684403
0.071838378906250 3699929
0.000000000000000 3700070
0.076354980468750 3700000
0.073547363281250 3688740
0.071899414062500 3694042
0.073852539062500 3694867
0.073303222656250 3700035
0.073791503906250 3688870
0.072448730468750 3694427
0.074096679687500 3683296
0.072082519531250 3683369
0.063903808593750 3694211
0.074829101562500 3688947
0.072875976562500 3692177
0.000000000000000 3699615
0.074096679687500 3699894
0.069946289062500 3695869
0.064819335937500 3693848
0.073364257812500 3684139
0.072875976562500 3693639
0.070861816406250 3695440
0.075805664062500 3693390
0.073425292968750 3684451
0.071289062500000 3693229
0.074340820312500 3688934
0.071166992187500 3700000
0.074890136718750 3688823
0.072204589843750 3700035
0.063781738281250 3696315
0.000000000000000 3692661
0.073364257812500 3699964
0.073120117187500 3700035
0.073364257812500 3691546
0.072021484375000 3700000
0.074829101562500 3700000
0.070678710937500 3691036
0.073364257812500 3686720
0.076110839843750 3700035
0.072265625000000 3696904
0.071960449218750 3683402
0.073486328125000 3686317
0.000000000000000 3700000
0.073425292968750 3687445
0.070739746093750 3691713
0.073486328125000 3682456
0.073181152343750 3583297
0.068359375000000 3596873
0.059082031250000 3592204
0.067016601562500 3594557
0.068664550781250 3583334
0.067138671875000 3583297
0.066162109375000 3583366
0.068542480468750 3596148
0.066711425781250 3592838
0.067504882812500 3584937
0.059570312500000 3593003
0.000000000000000 3594585
0.066650390625000 3589980
0.068176269531250 3587907
0.059936523437500 3589817
0.067443847656250 3588908
0.070007324218750 3600000
0.067565917968750 3600000
0.065307617187500 3600000
0.068115234375000 3588451
0.068237304687500 3583334
0.067687988281250 3594830
0.067382812500000 3600000
0.067016601562500 3599965
0.069641113281250 3594774
0.000000000000000 3594149
0.067565917968750 3600000
0.068115234375000 3600000
0.066833496093750 3583831
0.058959960937500 3593651
0.067199707031250 3588913
0.066833496093750 3600000
0.066406250000000 3584349
0.066345214843750 3593432
0.068908691406250 3595605
0.067993164062500 3583337
0.067138671875000 3583332
0.065917968750000 3593155
0.069702148437500 3584732
0.000000000000000 3598462
0.070312500000000 3596055
0.067565917968750 3592911
0.066955566406250 3600000
0.065551757812500 3590747
0.068969726562500 3594588
0.066162109375000 3583335
0.066833496093750 3583333
0.069091796875000 3592259
0.066223144531250 3600034
0.067260742187500 3600034
0.066955566406250 3588877
0.000000000000000 3591357
0.068054199218750 3594638
0.065185546875000 3583335
0.067199707031250 3597265
0.068237304687500 3600000
0.065307617187500 3586248
0.068298339843750 3587659
0.067260742187500 3583330
0.059448242187500 3590424
0.066955566406250 3594522
0.068359375000000 3591232
0.067443847656250 3598008
0.067504882812500 3590954
0.068359375000000 3598078
0.064392089843750 3590853
0.000000000000000 3600034
0.066711425781250 3599965
0.065673828125000 3598425
0.059265136718750 3590483
0.066406250000000 3587352
0.068603515625000 3590405
0.069580078125000 3600034
0.066284179687500 3599965
0.060607910156250 3598827
0.066711425781250 3590114
0.067810058593750 3600000
0.066711425781250 3600000
0.068298339843750 3599378
0.065185546875000 3583334
0.068969726562500 3594557
0.000000000000000 3589438
0.066528320312500 3588914
0.065002441406250 3600000
0.067871093750000 3599792
0.064514160156250 3589103
0.067138671875000 3600034
0.067504882812500 3594393
0.059204101562500 3583333
0.066223144531250 3599866
0.067199707031250 3600000
0.067016601562500 3600000
0.066162109375000 3589331
0.066833496093750 3588339
0.065429687500000 3600000
0.067321777343750 3584052
0.065673828125000 3583364
0.000000000000000 3599106
0.071716308593750 3589908
0.066467285156250 3587798
0.066040039062500 3596271
0.068786621093750 3595738
0.067871093750000 3593171
0.069519042968750 3584753
0.066589355468750 3592962
0.066833496093750 3588890
0.067260742187500 3590507
0.067749023437500 3598406
0.069213867187500 3600000
0.000000000000000 3585087
0.064880371093750 3591065
0.067321777343750 3600000
0.066528320312500 3599965
0.060913085937500 3585542
0.066345214843750 3584923
0.067138671875000 3586575
0.066589355468750 3591320
0.067993164062500 3597548
0.066589355468750 3591637
0.065551757812500 3597237
0.067321777343750 3600034
0.203674316406250 3585865
0.066040039062500 3583365
0.067443847656250 3593980
0.068237304687500 3595043
0.067260742187500 3593901
0.067443847656250 3583967
0.065979003906250 3583334
0.000000000000000 3588146
0.066894531250000 3600000
0.067871093750000 3595424
0.067626953125000 3583330
0.068237304687500 3598912
0.067626953125000 3590101
0.070129394531250 3598661
0.065673828125000 3600000
0.067443847656250 3596030
0.066894531250000 3592836
0.067382812500000 3585051
0.065856933593750 3583333
0.000000000000000 3598135
0.066589355468750 3590925
0.067138671875000 3583332
0.065795898437500 3583367
0.059936523437500 3594598
0.066040039062500 3583332
0.065979003906250 3597058
0.066345214843750 3600000
0.068908691406250 3586216
0.067138671875000 3591544
0.068359375000000 3588912
0.068542480468750 3592017
0.065734863281250 3596891
0.059692382812500 3599965
0.067932128906250 3600034
0.000000000000000 3599965
0.069458007812500 3586892
0.064392089843750 3583333
0.068664550781250 3586885
0.070983886718750 3583335
0.065124511718750 3594619
0.068481445312500 3590510
0.065795898437500 3587461
0.059020996093750 3583330
0.067199707031250 3594557
0.067321777343750 3583336
0.066589355468750 3594555
0.067626953125000 3583927
0.069763183593750 3587882
0.000000000000000 3583299
0.065368652343750 3594538
0.067626953125000 3589746
0.065551757812500 3599280
0.059997558593750 3589666
0.065673828125000 3600000
0.067810058593750 3599965
0.066894531250000 3600000
0.065368652343750 3594068
0.068237304687500 3594869
0.067687988281250 3594202
0.069152832031250 3594743
0.065856933593750 3594278
0.069213867187500 3588188
0.000000000000000 3583335
0.070312500000000 3593406
0.066284179687500 3583558
0.067810058593750 3594230
0.066467285156250 3583658
0.059143066406250 3593033
0.066223144531250 3594984
0.068298339843750 3583332
0.067687988281250 3587982
0.067016601562500 3589944
0.067749023437500 3598988
0.065551757812500 3600000
0.067016601562500 3595680
0.066467285156250 3593241
0.059082031250000 3588634
0.066345214843750 3600000
0.000000000000000 3596215
0.068847656250000 3592697
0.069152832031250 3585269
0.066650390625000 3583333
0.066650390625000 3583333
0.067626953125000 3583332
0.067138671875000 3594690
0.066162109375000 3592182
0.068481445312500 3596273
0.068847656250000 3583331
0.068298339843750 3597545
0.066894531250000 3591478
0.000000000000000 3594549
0.068725585937500 3583336
0.065734863281250 3595028
0.065856933593750 3583300
0.066955566406250 3596796
0.069458007812500 3592271
0.067810058593750 3585352
0.066711425781250 3600000
0.067260742187500 3589695
0.066894531250000 3592795
0.067199707031250 3596115
0.067443847656250 3592942
0.000000000000000 3584592
0.067138671875000 3585717
0.066162109375000 3594895
0.067016601562500 3593381
0.066894531250000 3595447
0.067016601562500 3593760
0.066406250000000 3594700
0.059204101562500 3583330
0.068298339843750 3583334
0.066894531250000 3583334
0.066467285156250 3583330
0.068054199218750 3588846
0.066833496093750 3589003
0.066650390625000 3588725
0.067504882812500 3589165
0.000000000000000 3588309
0.068847656250000 3599370
0.067199707031250 3595276
0.067687988281250 3593627
0.069030761718750 3600034
0.059082031250000 3590150
0.064453125000000 3583332
0.068176269531250 3583334
0.058959960937500 3584745
0.069458007812500 3593677
0.065734863281250 3596058
0.067810058593750 3583334
0.068298339843750 3598297
0.067932128906250 3600102
0.067443847656250 3600000
0.000000000000000 3599965
0.066223144531250 3596547
0.067871093750000 3597840
0.068664550781250 3596806
0.065734863281250 3592063
0.069274902343750 3593746
0.065429687500000 3583299
0.068542480468750 3583366
0.067687988281250 3583300
0.067810058593750 3597317
0.068115234375000 3600000
0.065673828125000 3597478
0.000000000000000 3591468
0.066772460937500 3597544
0.066955566406250 3583401
0.067321777343750 3583296
0.066406250000000 3583334
0.068298339843750 3594558
0.067138671875000 3583336
0.065795898437500 3596171
0.067687988281250 3592868
0.066711425781250 3583368
0.069152832031250 3583297
0.067016601562500 3583336
0.067626953125000 3590233
0.000000000000000 3587652
0.066223144531250 3590000
0.066223144531250 3599931
0.066955566406250 3600034
0.066711425781250 3599382
0.067321777343750 3583331
0.064941406250000 3583521
0.070617675781250 3600034
0.066772460937500 3588823
0.067382812500000 3588984
0.067749023437500 3599965
0.064758300781250 3583565
0.068237304687500 3583331
0.000000000000000 3588134
0.064941406250000 3589923
0.069702148437500 3592614
0.066772460937500 3599965
0.069274902343750 3600034
0.069274902343750 3600000
0.066040039062500 3584737
0.066345214843750 3583332
0.066345214843750 3594587
0.070434570312500 3583333
0.067504882812500 3598231
0.065429687500000 3599965
0.000000000000000 3588911
0.067138671875000 3591154
0.066345214843750 3597382
0.067077636718750 3600000
0.065307617187500 3600000
0.068359375000000 3600000
0.069274902343750 3597542
0.068603515625000 3587529
0.067077636718750 3596892
0.066894531250000 3600000
0.067504882812500 3588871
0.069335937500000 3592383
0.000000000000000 3596526
0.125183105468750 3592644
0.000000000000000 3583366
0.068359375000000 3583333
0.067810058593750 3594562
0.067749023437500 3590421
0.066589355468750 3598583
0.068725585937500 3583298
0.067687988281250 3595796
0.067321777343750 3593264
0.069213867187500 3584240
0.059143066406250 3593740
0.067443847656250 3595248
0.066711425781250 3593938
0.068298339843750 3595114
0.000000000000000 3599965
0.066833496093750 3600068
0.069580078125000 3594131
0.066711425781250 3594776
0.069396972656250 3594249
0.065612792968750 3594540
0.067077636718750 3589046
0.068237304687500 3600034
0.069519042968750 3588846
0.059570312500000 3600000
0.066223144531250 3595002
0.067749023437500 3583332
0.066040039062500 3588226
0.000000000000000 3589665
0.068847656250000 3599265
0.068237304687500 3600034
0.068115234375000 3588892
0.068054199218750 3589852
0.065551757812500 3587903
0.068237304687500 3590008
0.065734863281250 3598886
0.068420410156250 3600000
0.066406250000000 3584663
0.058959960937500 3593092
0.063842773437500 3596076
0.068664550781250 3592836
0.066711425781250 3585030
0.065307617187500 3583333
0.058898925781250 3583334
0.066406250000000 3583334
0.000000000000000 3583334
0.066467285156250 3583330
0.065795898437500 3594538
0.068298339843750 3592267
0.065856933593750 3600000
0.069580078125000 3591286
0.066833496093750 3597615
0.065612792968750 3600000
0.068664550781250 3586024
0.065124511718750 3591733
0.067932128906250 3586159
0.065979003906250 3583297
0.000000000000000 3594592
0.069885253906250 3591277
0.068542480468750 3600000
0.066101074218750 3600034
0.066345214843750 3586680
0.065795898437500 3590959
0.061157226562500 3598297
0.065795898437500 3592576
0.068176269531250 3585141
0.068664550781250 3600034
0.065490722656250 3598409
0.059326171875000 3583300
0.067626953125000 3594610
0.066589355468750 3590484
0.065795898437500 3584516
0.068603515625000 3600000
0.000000000000000 3587808
0.067687988281250 3589969
0.065856933593750 3588910
0.068664550781250 3600034
0.065917968750000 3588879
0.068359375000000 3600000
0.067077636718750 3588713
0.067016601562500 3600102
0.066589355468750 3588873
0.067626953125000 3594104
0.067810058593750 3594633
0.065490722656250 3589119
0.066650390625000 3588768
0.000000000000000 3588894
0.065246582031250 3589014
0.067687988281250 3583335
0.065063476562500 3583332
0.068298339843750 3588498
0.067687988281250 3589403
0.067382812500000 3599468
0.067382812500000 3600000
0.065307617187500 3600000
0.066955566406250 3589739
0.066223144531250 3594566
0.068664550781250 3596288
0.065979003906250 3600000
0.066406250000000 3600000
0.000000000000000 3588910
0.067321777343750 3600000
0.066772460937500 3588866
0.066284179687500 3590393
0.066833496093750 3594684
0.067810058593750 3592720
0.066833496093750 3585119
0.067138671875000 3583365
0.066833496093750 3590022
0.065917968750000 3592439
0.067565917968750 3600034
0.066894531250000 3591066
0.068542480468750 3597839
0.000000000000000 3592658
0.065673828125000 3586421
0.066589355468750 3600034
0.066406250000000 3597059
0.068420410156250 3591852
0.066528320312500 3586060
0.067138671875000 3591631
0.067626953125000 3597596
0.068176269531250 3585015
0.064880371093750 3596817
0.068054199218750 3600000
0.067260742187500 3586722
0.066223144531250 3590915
0.000000000000000 3586987
0.068664550781250 3583263
0.066589355468750 3594590
0.069946289062500 3590633
0.065551757812500 3600000
0.067260742187500 3592984
0.065307617187500 3583336
0.067321777343750 3583334
0.065917968750000 3585111
0.066528320312500 3593432
0.068908691406250 3583334
0.067687988281250 3584211
0.066894531250000 3583334
0.000000000000000 3583332
0.066406250000000 3594560
0.059875488281250 3589140
0.065429687500000 3588959
0.067993164062500 3583334
0.065185546875000 3593896
0.068481445312500 3593199
0.068054199218750 3589706
0.067687988281250 3583297
0.066406250000000 3585995
0.065246582031250 3588866
0.068603515625000 3600000
0.065063476562500 3584701
0.067810058593750 3583299
0.000000000000000 3594588
0.066955566406250 3583334
0.066894531250000 3594487
0.068298339843750 3592618
0.067138671875000 3585394
0.067016601562500 3583332
0.067504882812500 3597928
0.068664550781250 3591062
0.067504882812500 3594569
0.065429687500000 3597512
0.059265136718750 3585733
0.066406250000000 3591985
0.068237304687500 3600000
0.065612792968750 3600000
0.000000000000000 3588862
0.066894531250000 3600034
0.069824218750000 3588784
0.068481445312500 3599965
0.068298339843750 3597788
0.065795898437500 3583331
0.068237304687500 3596686
0.065063476562500 3592390
0.059753417968750 3583297
0.065856933593750 3590878
0.068359375000000 3598146
0.066772460937500 3590760
0.066894531250000 3600000
0.067687988281250 3600034
0.000000000000000 3587297
0.066345214843750 3583334
0.068237304687500 3583334
0.066040039062500 3585999
0.070312500000000 3595747
0.066894531250000 3600034
0.067382812500000 3599013
0.066894531250000 3589880
0.067687988281250 3588007
0.066711425781250 3589688
0.067626953125000 3600000
0.066040039062500 3600000
0.067504882812500 3600034
0.000000000000000 3599965
0.067871093750000 3588731
0.067077636718750 3597574
0.065979003906250 3599275
0.067260742187500 3589085
0.066040039062500 3599965
0.068054199218750 3583510
0.067199707031250 3583331
0.065124511718750 3594554
0.067077636718750 3583300
0.067321777343750 3599685
0.066223144531250 3600034
0.067077636718750 3600000
0.000000000000000 3589500
0.069580078125000 3594557
0.067932128906250 3593768
0.065429687500000 3600000
0.065734863281250 3589727
0.065612792968750 3594592
0.068298339843750 3593503
0.066162109375000 3585513
0.067321777343750 3594482
0.068542480468750 3584546
0.065246582031250 3583334
0.068664550781250 3594510
0.065673828125000 3593081
0.059387207031250 3600000
0.064758300781250 3590627
0.000000000000000 3598306
0.069396972656250 3600000
0.067443847656250 3596464
0.066833496093750 3592443
0.067504882812500 3596545
0.066406250000000 3583370
0.071350097656250 3594489
0.066040039062500 3583333
0.065795898437500 3583330
0.067565917968750 3592062
0.066955566406250 3586322
0.060424804687500 3591438
0.067443847656250 3594569
0.000000000000000 3665546
0.073974609375000 3800000
0.074768066406250 3775845
0.064636230468750 3686362
0.073547363281250 3683263
0.072448730468750 3694592
0.064208984375000 3683333
0.070617675781250 3694560
0.074157714843750 3691099
0.071899414062500 3688935
0.071350097656250 3700035
0.073059082031250 3688872
0.073608398437500 3700000
0.072570800781250 3688984
0.070556640625000 3700000
0.000000000000000 3687315
0.074096679687500 3690472
0.072570800781250 3700000
0.073791503906250 3699964
0.073425292968750 3688889
0.074035644531250 3699964
0.073242187500000 3687813
0.071777343750000 3689976
0.063964843750000 3699131
0.072875976562500 3689767
0.074157714843750 3699964
0.072082519531250 3693989
0.074829101562500 3695097
0.000000000000000 3700000
0.074768066406250 3688406
0.071350097656250 3689369
0.073425292968750 3688596
0.073547363281250 3689235
0.072998046875000 3700000
0.071166992187500 3694438
0.072692871093750 3683334
0.073730468750000 3699867
0.072387695312500 3689063
0.071289062500000 3694486
0.070129394531250 3683335
0.073364257812500 3688465
0.000000000000000 3700000
0.074951171875000 3688871
0.071838378906250 3689575
0.072998046875000 3683369
0.071899414062500 3693619
0.071228027343750 3700070
0.073425292968750 3699964
0.070556640625000 3695459
0.071960449218750 3683405
0.073303222656250 3698925
0.073242187500000 3700000
0.074523925781250 3695959
0.000000000000000 3692950
0.071594238281250 3700000
0.069885253906250 3690617
0.073730468750000 3694534
0.071716308593750 3692666
0.072143554687500 3700000
0.071533203125000 3690840
0.073974609375000 3686900
0.077331542968750 3700000
0.070800781250000 3685476
0.071777343750000 3683299
0.071044921875000 3686699
0.073974609375000 3691203
0.000000000000000 3694595
0.072265625000000 3683334
0.074645996093750 3697513
0.073425292968750 3691518
0.070800781250000 3686258
0.074523925781250 3692545
0.072021484375000 3683780
0.072448730468750 3691498
0.075256347656250 3699964
0.069885253906250 3692029
0.074279785156250 3694740
0.071838378906250 3686266
0.071960449218750 3694588
0.000000000000000 3690840
0.071228027343750 3698182
0.073486328125000 3683331
0.070373535156250 3696080
0.073425292968750 3699964
0.072875976562500 3700000
0.071350097656250 3693136
0.073791503906250 3695763
0.070129394531250 3700035
0.073303222656250 3698936
0.075195312500000 3689937
0.072692871093750 3699964
0.000000000000000 3700000
0.073425292968750 3700035
0.074218750000000 3700000
0.072631835937500 3688876
0.070922851562500 3700035
0.074645996093750 3699614
0.073608398437500 3683299
0.072326660156250 3694779
0.072937011718750 3685883
0.074523925781250 3694586
0.073669433593750 3689113
0.072753906250000 3688993
0.000000000000000 3688361
0.074584960937500 3689421
0.072631835937500 3688353
0.071899414062500 3700000
0.072448730468750 3684097
0.070983886718750 3693688
0.074340820312500 3700000
0.073364257812500 3700000
0.075439453125000 3695601
0.073852539062500 3684201
0.073425292968750 3694561
0.000000000000000 3693155
0.072937011718750 3700000
0.073547363281250 3700000
0.073791503906250 3696021
0.075012207031250 3692889
0.071350097656250 3700035
0.065246582031250 3699964
0.073059082031250 3700000
0.065490722656250 3700000
0.073486328125000 3696602
0.067993164062500 3692312
0.071838378906250 3696747
0.072448730468750 3683299
0.073486328125000 3694531
0.067993164062500 3683295
0.065185546875000 3683405
0.073059082031250 3683296
0.067749023437500 3686299
0.068664550781250 3691610
0.000000000000000 3697303
0.134338378906250 3691683
0.000000000000000 3686015
0.072937011718750 3692800
0.072326660156250 3685889
0.069702148437500 3692035
0.076965332031250 3696894
0.070312500000000 3700035
0.065307617187500 3697846
0.067871093750000 3690981
0.068664550781250 3698155
0.065124511718750 3690721
0.075439453125000 3698322
0.071166992187500 3683333
0.066711425781250 3694567
0.070678710937500 3690470
0.065002441406250 3698547
0.075683593750000 3683299
0.063964843750000 3684302
0.074157714843750 3693649
0.070373535156250 3695303
0.073303222656250 3700000
0.000000000000000 3699964
0.069885253906250 3700000
0.072998046875000 3699501
0.071228027343750 3683368
0.075439453125000 3694596
0.072265625000000 3683839
0.071777343750000 3694581
0.072326660156250 3700035
0.070800781250000 3700000
0.074157714843750 3699964
0.070922851562500 3700000
0.071289062500000 3700035
0.074035644531250 3699964
0.065063476562500 3688910
0.000000000000000 3698088
0.073242187500000 3695227
0.073547363281250 3693718
0.072692871093750 3699964
0.074096679687500 3700000
0.074279785156250 3700000
0.070800781250000 3700035
0.072021484375000 3699964
0.074157714843750 3700035
0.070800781250000 3688960
0.073913574218750 3699964
0.072204589843750 3689909
0.071411132812500 3699964
0.000000000000000 3700035
0.072143554687500 3699964
0.072265625000000 3700035
0.073852539062500 3700000
0.073242187500000 3699964
0.073852539062500 3700035
0.073364257812500 3699964
0.073608398437500 3692172
0.071105957031250 3697782
0.070983886718750 3700035
0.073242187500000 3700000
0.074096679687500 3700035
0.000000000000000 3700000
0.072998046875000 3700000
0.070251464843750 3699964
0.073181152343750 3700000
0.073486328125000 3700035
0.071472167968750 3699964
0.065246582031250 3700035
0.074707031250000 3700000
0.071533203125000 3699964
0.064636230468750 3700035
0.075439453125000 3699964
0.072204589843750 3697576
0.074890136718750 3694897
0.067077636718750 3700000
0.065673828125000 3700035
0.065063476562500 3700000
0.066955566406250 3699964
0.064086914062500 3700035
0.073059082031250 3699964
0.073059082031250 3696585
0.071289062500000 3700000
0.000000000000000 3700000
0.072265625000000 3695323
0.069885253906250 3700035
0.075378417968750 3699964
0.071533203125000 3700000
0.073669433593750 3699964
0.073608398437500 3697413
0.074096679687500 3700000
0.074584960937500 3700035
0.073364257812500 3700000
0.071655273437500 3699964
0.072814941406250 3699929
0.000000000000000 3700070
0.074218750000000 3700000
0.074401855468750 3700035
0.072570800781250 3699964
0.071838378906250 3699964
0.074584960937500 3700035
0.071228027343750 3700035
0.073547363281250 3699964
0.070800781250000 3700035
0.072937011718750 3699964
0.072631835937500 3700000
0.072143554687500 3696529
0.000000000000000 3700035
0.076538085937500 3699964
0.072448730468750 3700035
0.064758300781250 3700000
0.072387695312500 3700035
0.073791503906250 3695043
0.071105957031250 3700000
0.073242187500000 3696484
0.076599121093750 3700000
0.074279785156250 3700000
0.072875976562500 3700035
0.071838378906250 3700000
0.073547363281250 3700000
0.070678710937500 3700000
0.000000000000000 3700000
0.071411132812500 3700000
0.073242187500000 3700000
0.072143554687500 3700000
0.065002441406250 3700000
0.069885253906250 3696539
0.071899414062500 3700035
0.072570800781250 3699964
0.075866699218750 3700000
0.072204589843750 3700035
0.075134277343750 3699964
0.073425292968750 3700000
0.070739746093750 3700000
0.000000000000000 3700000
0.074096679687500 3700035
0.072387695312500 3700000
0.073913574218750 3700000
0.071960449218750 3699964
0.064758300781250 3700000
0.074096679687500 3700000
0.071411132812500 3700035
0.073120117187500 3699964
0.072631835937500 3700035
0.065185546875000 3699422
0.072021484375000 3700035
0.072875976562500 3700000
0.071472167968750 3688700
0.074707031250000 3692888
0.073669433593750 3700000
0.000000000000000 3700035
0.072448730468750 3700000
0.075012207031250 3700000
0.072875976562500 3699964
0.064880371093750 3700035
0.073120117187500 3699964
0.073059082031250 3699107
0.072204589843750 3700000
0.072998046875000 3699964
0.074890136718750 3696372
0.072570800781250 3697414
0.071289062500000 3699964
0.071655273437500 3700000
0.064208984375000 3689310
0.074707031250000 3700019
0.000000000000000 3694724
0.072448730468750 3698755
0.073669433593750 3700000
0.073913574218750 3698803
0.072937011718750 3700035
0.072570800781250 3699964
0.074157714843750 3700000
0.072937011718750 3700000
0.074401855468750 3700000
0.072509765625000 3700035
0.072387695312500 3699964
0.073181152343750 3696234
0.000000000000000 3700000
0.071655273437500 3700000
0.072448730468750 3700000
0.075256347656250 3700000
0.073120117187500 3699964
0.073669433593750 3700000
0.073120117187500 3700000
0.071411132812500 3700000
0.073547363281250 3700035
0.075500488281250 3699964
0.074645996093750 3700000
0.072387695312500 3700035
0.000000000000000 3699964
0.072509765625000 3700000
0.071594238281250 3700000
0.072387695312500 3699964
0.075805664062500 3700070
0.073913574218750 3699964
0.071838378906250 3700035
0.072937011718750 3700000
0.064331054687500 3700000
0.071594238281250 3699964
0.071655273437500 3700035
0.073303222656250 3697747
0.075134277343750 3696208
0.064392089843750 3700000
0.000000000000000 3700035
0.074645996093750 3699964
0.073425292968750 3700035
0.071655273437500 3700000
0.076171875000000 3700000
0.071472167968750 3699964
0.072570800781250 3700035
0.074829101562500 3699929
0.071960449218750 3700070
0.065124511718750 3700000
0.073120117187500 3699964
0.074707031250000 3700000
0.070800781250000 3700000
0.073791503906250 3700000
0.000000000000000 3700000
0.072143554687500 3700035
0.072875976562500 3700000
0.075012207031250 3700000
0.070800781250000 3696589
0.066833496093750 3700000
0.072204589843750 3699964
0.072265625000000 3700035
0.070800781250000 3699964
0.072326660156250 3700035
0.074584960937500 3699964
0.073120117187500 3699964
0.072998046875000 3700070
0.071533203125000 3700000
0.000000000000000 3700000
0.074035644531250 3699964
0.072937011718750 3700000
0.073974609375000 3700000
0.072814941406250 3700000
0.070983886718750 3684309
0.073181152343750 3600000
0.068725585937500 3600000
0.068603515625000 3600034
0.067749023437500 3599965
0.060180664062500 3600000
0.068298339843750 3599965
0.066650390625000 3600068
0.000000000000000 3599931
0.068054199218750 3600034
0.066589355468750 3599965
0.068176269531250 3600000
0.066711425781250 3600034
0.066955566406250 3600034
0.066528320312500 3599965
0.068603515625000 3600000
0.067443847656250 3600000
0.066040039062500 3600000
0.068481445312500 3600034
0.066101074218750 3599965
0.067565917968750 3597660
0.000000000000000 3594520
0.068298339843750 3594602
0.065551757812500 3597766
0.068054199218750 3600000
0.067504882812500 3600000
0.068115234375000 3600000
0.065734863281250 3600000
0.066650390625000 3600000
0.068420410156250 3600000
0.066040039062500 3600000
0.067626953125000 3599965
0.065551757812500 3600034
0.067199707031250 3600000
0.000000000000000 3599965
0.066589355468750 3600068
0.066589355468750 3599965
0.065490722656250 3600000
0.059387207031250 3600000
0.068237304687500 3600034
0.066833496093750 3599897
0.068115234375000 3600034
0.067504882812500 3600034
0.067932128906250 3600000
0.066406250000000 3600000
0.065917968750000 3600000
0.067932128906250 3600000
0.066894531250000 3600000
0.000000000000000 3600000
0.067565917968750 3599965
0.067199707031250 3600034
0.066406250000000 3600000
0.066894531250000 3600000
0.067810058593750 3600000
0.068542480468750 3600034
0.066223144531250 3599965
0.067504882812500 3599931
0.065063476562500 3600000
0.066467285156250 3600034
0.066223144531250 3600034
0.059631347656250 3600034
0.065490722656250 3599965
0.068725585937500 3600000
0.060241699218750 3600000
0.065917968750000 3600000
0.000000000000000 3600000
0.066345214843750 3600000
0.065124511718750 3600000
0.066711425781250 3600000
0.067077636718750 3600000
0.066833496093750 3600000
0.065917968750000 3600000
0.067810058593750 3600000
0.067382812500000 3600000
0.067382812500000 3600000
0.067138671875000 3600000
0.066955566406250 3600000
0.067810058593750 3600000
0.000000000000000 3600000
0.071105957031250 3600000
0.065734863281250 3600000
0.068969726562500 3600000
0.067321777343750 3600000
0.067077636718750 3599931
0.066406250000000 3600068
0.067382812500000 3600000
0.068298339843750 3600000
0.065856933593750 3600000
0.068420410156250 3600000
0.065429687500000 3600000
0.000000000000000 3600000
0.068298339843750 3600000
0.065551757812500 3600034
0.067382812500000 3599965
0.067199707031250 3600000
0.066162109375000 3600000
0.065551757812500 3600034
0.064758300781250 3599965
0.067993164062500 3600000
0.067932128906250 3600034
0.067565917968750 3599965
0.067443847656250 3600034
0.067626953125000 3599965
0.059387207031250 3600000
0.067382812500000 3600000
0.000000000000000 3600000
0.068115234375000 3600000
0.065856933593750 3600000
0.066650390625000 3600034
0.067321777343750 3599965
0.058959960937500 3600034
0.068176269531250 3599931
0.065856933593750 3600034
0.060119628906250 3600000
0.066040039062500 3600000
0.067443847656250 3600000
0.066345214843750 3600000
0.069335937500000 3600000
0.067016601562500 3600000
0.069702148437500 3600000
0.068176269531250 3600000
0.000000000000000 3600000
0.066162109375000 3600000
0.069274902343750 3600000
0.066528320312500 3599965
0.068481445312500 3600034
0.067199707031250 3600000
0.068847656250000 3600000
0.068298339843750 3600000
0.067626953125000 3599931
0.068237304687500 3600068
0.066101074218750 3600000
0.059936523437500 3600000
0.065307617187500 3600000
0.000000000000000 3600000
0.067382812500000 3600000
0.069763183593750 3599965
0.067871093750000 3600034
0.065979003906250 3599965
0.067443847656250 3600034
0.066345214843750 3600000
0.065917968750000 3600000
0.068969726562500 3600000
0.067016601562500 3599965
0.064147949218750 3600034
0.067749023437500 3600000
0.000000000000000 3600000
0.068786621093750 3600000
0.066833496093750 3599965
0.067199707031250 3600034
0.067810058593750 3600000
0.067016601562500 3600000
0.069335937500000 3600000
0.067321777343750 3600000
0.065307617187500 3600000
0.066589355468750 3600034
0.066894531250000 3599965
0.068664550781250 3599965
0.067260742187500 3600034
0.000000000000000 3600000
0.066040039062500 3600000
0.067077636718750 3600000
0.068725585937500 3600000
0.067993164062500 3600000
0.066833496093750 3600000
0.066894531250000 3600000
0.059997558593750 3600000
0.064880371093750 3599931
0.059265136718750 3600068
0.066223144531250 3600000
0.066223144531250 3599965
0.067504882812500 3600000
0.066833496093750 3600068
0.065856933593750 3599965
0.069030761718750 3599965
0.000000000000000 3600034
0.066955566406250 3600000
0.066894531250000 3600000
0.066589355468750 3600000
0.066223144531250 3600000
0.067321777343750 3600034
0.066711425781250 3599965
0.067810058593750 3600000
0.068725585937500 3599965
0.064880371093750 3600034
0.067993164062500 3600000
0.067321777343750 3600000
0.067871093750000 3600000
0.000000000000000 3600000
0.064270019531250 3600000
0.069335937500000 3600000
0.069641113281250 3600000
0.067138671875000 3599965
0.066955566406250 3600034
0.067932128906250 3599965
0.066955566406250 3600034
0.067016601562500 3600000
0.068969726562500 3600000
0.067749023437500 3600000
0.064636230468750 3600000
0.060729980468750 3600000
0.065673828125000 3600034
0.000000000000000 3599965
0.066345214843750 3599965
0.066589355468750 3600034
0.067260742187500 3600000
0.067260742187500 3600000
0.067199707031250 3600000
0.065917968750000 3600000
0.068237304687500 3599931
0.068542480468750 3600068
0.066345214843750 3600000
0.067382812500000 3600000
0.064636230468750 3600000
0.069152832031250 3600000
0.000000000000000 3600000
0.067443847656250 3600000
0.067199707031250 3599931
0.066589355468750 3600034
0.065063476562500 3600034
0.069152832031250 3600000
0.065917968750000 3600000
0.067260742187500 3600000
0.067016601562500 3600000
0.067321777343750 3600000
0.069458007812500 3599862
0.066223144531250 3600137
0.067077636718750 3600000
0.000000000000000 3599931
0.125122070312500 3600000
0.000000000000000 3600068
0.067626953125000 3600000
0.064880371093750 3600000
0.066223144531250 3600000
0.066345214843750 3600000
0.068725585937500 3599965
0.065979003906250 3517788
0.065734863281250 3600034
0.067321777343750 3600000
0.070800781250000 3600000
0.066955566406250 3600000
0.066833496093750 3599931
0.067382812500000 3600068
0.000000000000000 3600000
0.068298339843750 3600000
0.067382812500000 3599965
0.068664550781250 3600000
0.064147949218750 3600068
0.067993164062500 3599965
0.067687988281250 3600000
0.066284179687500 3600000
0.068176269531250 3599965
0.067749023437500 3600034
0.065856933593750 3599965
0.067565917968750 3600034
0.000000000000000 3600000
0.067016601562500 3600000
0.066040039062500 3600000
0.065551757812500 3600000
0.066528320312500 3600000
0.067626953125000 3600000
0.066040039062500 3600000
0.067321777343750 3600000
0.068237304687500 3599965
0.067138671875000 3600034
0.066467285156250 3600000
0.065368652343750 3600000
0.066894531250000 3600000
0.068054199218750 3600000
0.000000000000000 3600000
0.067199707031250 3599965
0.068542480468750 3600034
0.066345214843750 3600000
0.067443847656250 3600000
0.066711425781250 3600000
0.067321777343750 3600000
0.066040039062500 3600000
0.068115234375000 3600000
0.059265136718750 3600000
0.066772460937500 3600000
0.067077636718750 3600034
0.066467285156250 3600000
0.067138671875000 3599965
0.000000000000000 3600000
0.066650390625000 3599965
0.067504882812500 3600034
0.069824218750000 3600000
0.068359375000000 3600000
0.067871093750000 3599965
0.066650390625000 3600000
0.066040039062500 3600034
0.065856933593750 3599965
0.067443847656250 3600000
0.068359375000000 3600000
0.066528320312500 3600034
0.066345214843750 3600000
0.000000000000000 3600000
0.065551757812500 3600000
0.069274902343750 3600000
0.065979003906250 3600000
0.066894531250000 3600034
0.069396972656250 3599965
0.066162109375000 3600000
0.059814453125000 3600000
0.065612792968750 3600034
0.065734863281250 3599965
0.066528320312500 3599965
0.068481445312500 3600034
0.064453125000000 3600000
0.069213867187500 3600000
0.000000000000000 3600000
0.067138671875000 3600000
0.066223144531250 3599965
0.069641113281250 3600000
0.065795898437500 3600034
0.067504882812500 3600000
0.065368652343750 3600000
0.069641113281250 3600000
0.067687988281250 3600000
0.066162109375000 3600000
0.059326171875000 3600000
0.065307617187500 3600000
0.068725585937500 3600000
0.065551757812500 3600000
0.066467285156250 3600034
0.000000000000000 3599931
0.068115234375000 3600034
0.067810058593750 3600000
0.066833496093750 3600034
0.262023925781250 3599980
0.064270019531250 3600034
0.000000000000000 3600000
0.069458007812500 3600000
0.059448242187500 3600000
0.068176269531250 3600000
0.066223144531250 3600000
0.069946289062500 3599931
0.068847656250000 3600068
0.065734863281250 3600000
0.070434570312500 3600000
0.066711425781250 3600000
0.064941406250000 3600000
0.068115234375000 3600000
0.059143066406250 3599965
0.068664550781250 3600000
0.065429687500000 3600000
0.000000000000000 3600034
0.068237304687500 3599965
0.066894531250000 3600034
0.067749023437500 3600000
0.067749023437500 3600000
0.066101074218750 3599965
0.067199707031250 3600034
0.067993164062500 3600000
0.066345214843750 3600000
0.067138671875000 3600000
0.064819335937500 3600000
0.067626953125000 3599965
0.000000000000000 3600034
0.067504882812500 3600000
0.066894531250000 3600000
0.067626953125000 3599965
0.067260742187500 3600034
0.068481445312500 3599965
0.066101074218750 3600034
0.068664550781250 3600000
0.068481445312500 3600034
0.067626953125000 3599965
0.066589355468750 3600000
0.068908691406250 3600000
0.000000000000000 3600000
0.067504882812500 3599965
0.065124511718750 3600034
0.067382812500000 3600000
0.067199707031250 3600000
0.067626953125000 3600000
0.066406250000000 3600000
0.068359375000000 3600000
0.069885253906250 3600000
0.067260742187500 3600000
0.067077636718750 3600000
0.066772460937500 3600000
0.067993164062500 3600034
0.000000000000000 3599965
0.064636230468750 3600000
0.067749023437500 3599965
0.067321777343750 3600034
0.064697265625000 3600000
0.059020996093750 3600034
0.066406250000000 3599965
0.066040039062500 3600000
0.066406250000000 3600000
0.067077636718750 3600000
0.066101074218750 3600034
0.069152832031250 3599965
0.068115234375000 3599965
0.067077636718750 3600068
0.067565917968750 3599965
0.000000000000000 3600034
0.065734863281250 3599965
0.065612792968750 3600000
0.065917968750000 3600000
0.059082031250000 3600034
0.068725585937500 3600000
0.065673828125000 3599965
0.068481445312500 3600000
0.065185546875000 3600000
0.067077636718750 3600000
0.067626953125000 3600000
0.059387207031250 3599965
0.066162109375000 3600034
0.066894531250000 3600000
0.069519042968750 3600000
0.067138671875000 3600000
0.000000000000000 3600000
0.069152832031250 3600000
0.064575195312500 3600034
0.068664550781250 3599897
0.067321777343750 3600034
0.067687988281250 3600034
0.066223144531250 3600034
0.067321777343750 3599965
0.069641113281250 3600000
0.064147949218750 3600000
0.065917968750000 3600000
0.066345214843750 3600034
0.067382812500000 3599931
0.000000000000000 3600034
0.067626953125000 3600000
0.066406250000000 3600000
0.068481445312500 3600000
0.065795898437500 3600000
0.067565917968750 3600000
0.065917968750000 3600000
0.067993164062500 3600000
0.067382812500000 3599965
0.067260742187500 3600000
0.066223144531250 3600034
0.065246582031250 3600000
0.067687988281250 3600000
0.000000000000000 3600000
0.066955566406250 3600000
0.067016601562500 3599965
0.066406250000000 3600068
0.067260742187500 3599931
0.066101074218750 3600000
0.066406250000000 3600034
0.068359375000000 3600000
0.066101074218750 3600000
0.067077636718750 3600000
0.068725585937500 3600000
0.067810058593750 3600000
0.066467285156250 3600000
0.000000000000000 3600000
0.065551757812500 3600000
0.067016601562500 3600000
0.066894531250000 3600000
0.063903808593750 3600000
0.068054199218750 3600000
0.068054199218750 3599965
0.066955566406250 3600034
0.068786621093750 3600000
0.067260742187500 3599965
0.066345214843750 3600034
0.069030761718750 3600000
0.000000000000000 3600000
0.069580078125000 3600000
0.064025878906250 3600000
0.068176269531250 3600000
0.066101074218750 3600034
0.067810058593750 3599965
0.059692382812500 3599965
0.067199707031250 3600034
0.066894531250000 3599965
0.067565917968750 3600034
0.068664550781250 3599965
0.066345214843750 3600034
0.059997558593750 3600000
0.065551757812500 3600000
0.068115234375000 3600000
0.067504882812500 3600000
0.000000000000000 3600000
0.066589355468750 3600000
0.068420410156250 3600000
0.065612792968750 3600000
0.067626953125000 3600000
0.064880371093750 3599965
0.067626953125000 3600068
0.064636230468750 3599965
0.067382812500000 3600000
0.070312500000000 3600000
0.066345214843750 3600000
0.066223144531250 3600000
0.067077636718750 3600000
0.067504882812500 3599965
0.000000000000000 3600034
0.065979003906250 3600000
0.066589355468750 3600000
0.066101074218750 3600000
0.067932128906250 3600000
0.068176269531250 3600000
0.067443847656250 3599965
0.067810058593750 3600034
0.064392089843750 3600000
0.069580078125000 3600000
0.068481445312500 3600000
0.066528320312500 3600000
0.000000000000000 3600000
0.069091796875000 3600000
0.065917968750000 3599965
0.067565917968750 3600034
0.064941406250000 3600000
0.067810058593750 3600000
0.069335937500000 3600000
0.066589355468750 3600000
0.068115234375000 3600034
0.066040039062500 3599931
0.066711425781250 3600034
0.066589355468750 3600000
0.068542480468750 3599656
0.000000000000000 3600342
0.066955566406250 3600000
0.066406250000000 3600034
0.067016601562500 3599965
0.066406250000000 3600000
0.067810058593750 3600034
0.066284179687500 3599965
0.065429687500000 3600000
0.066101074218750 3600000
0.069274902343750 3600034
0.067993164062500 3599965
0.066162109375000 3599965
0.068176269531250 3600034
0.000000000000000 3600000
0.068908691406250 3600000
0.065124511718750 3600000
0.067077636718750 3708016
0.072753906250000 3772315
0.065429687500000 3699964
0.073974609375000 3700035
0.073547363281250 3699894
0.072082519531250 3700070
0.073608398437500 3700035
0.073242187500000 3700000
0.072326660156250 3699929
0.072998046875000 3700070
0.000000000000000 3699964
0.071350097656250 3700000
0.072448730468750 3700035
0.072937011718750 3699964
0.074951171875000 3700000
0.070861816406250 3700000
0.072875976562500 3700035
0.074279785156250 3699964
0.070495605468750 3700000
0.073181152343750 3700035
0.069580078125000 3699964
0.073730468750000 3700000
0.071533203125000 3700000
0.000000000000000 3700035
0.071289062500000 3700000
0.072753906250000 3700000
0.071838378906250 3700000
