0.073425292968750 3700000
0.071594238281250 3700000
0.072692871093750 3700000
0.065124511718750 3700000
0.074584960937500 3700000
0.075744628906250 3700035
0.068359375000000 3700000
0.070312500000000 3699964
0.069763183593750 3700000
0.063354492187500 3700000
0.068908691406250 3700000
0.069763183593750 3700035
0.069335937500000 3699964
0.062927246093750 3700000
0.066528320312500 3698198
0.072998046875000 3690725
0.067993164062500 3700070
0.064636230468750 3699964
0.000000000000000 3700036
0.074218750000000 3699224
0.075317382812500 3700000
0.069641113281250 3700035
0.064514160156250 3699964
0.073120117187500 3700000
0.073486328125000 3699964
0.071655273437500 3700070
0.067443847656250 3699964
0.071594238281250 3700000
0.072509765625000 3699964
0.073303222656250 3700035
0.069274902343750 3692512
0.074157714843750 3699861
0.000000000000000 3700035
0.073303222656250 3698753
0.072448730468750 3699964
0.072387695312500 3700000
0.071289062500000 3700000
0.073486328125000 3700000
0.070251464843750 3700000
0.072509765625000 3700035
0.069152832031250 3700000
0.073059082031250 3699964
0.073913574218750 3700000
0.000000000000000 3700035
0.069946289062500 3699929
0.071594238281250 3700035
0.068847656250000 3700035
0.071960449218750 3699964
0.070861816406250 3700000
0.063049316406250 3700000
0.070007324218750 3699964
0.072082519531250 3700070
0.074340820312500 3699929
0.071472167968750 3700035
0.072814941406250 3699964
0.071105957031250 3700070
0.072448730468750 3699964
0.070495605468750 3699964
0.000000000000000 3700070
0.072021484375000 3699964
0.072265625000000 3699964
0.068359375000000 3693048
0.075378417968750 3700070
0.070190429687500 3699964
0.070190429687500 3700035
0.070495605468750 3686365
0.072021484375000 3699853
0.071777343750000 3700035
0.071411132812500 3700000
0.071594238281250 3700000
0.071289062500000 3700000
0.070861816406250 3699964
0.000000000000000 3700035
0.071716308593750 3699964
0.073608398437500 3700000
0.065673828125000 3698613
0.074096679687500 3690439
0.071411132812500 3697705
0.063293457031250 3700035
0.072265625000000 3699964
0.071655273437500 3700035
0.065917968750000 3695907
0.063354492187500 3700000
0.066711425781250 3699964
0.064514160156250 3700000
0.070007324218750 3700000
0.075927734375000 3700000
0.070190429687500 3700000
0.063049316406250 3700000
0.070312500000000 3700000
0.073120117187500 3700035
0.070434570312500 3699929
0.000000000000000 3700035
0.070617675781250 3700000
0.071533203125000 3698168
0.074951171875000 3700000
0.072570800781250 3700035
0.070068359375000 3699964
0.070556640625000 3700035
0.070739746093750 3700000
0.075195312500000 3697929
0.071350097656250 3694137
0.072143554687500 3700000
0.070678710937500 3699964
0.000000000000000 3700000
0.071533203125000 3700035
0.071838378906250 3699964
0.072021484375000 3700000
0.074035644531250 3700000
0.072448730468750 3696231
0.071472167968750 3699964
0.070739746093750 3700035
0.071289062500000 3700000
0.073059082031250 3700000
0.070983886718750 3699964
0.072143554687500 3700000
0.000000000000000 3700035
0.073913574218750 3699964
0.070678710937500 3700000
0.073181152343750 3700035
0.072021484375000 3699964
0.073486328125000 3700000
0.070983886718750 3700035
0.070190429687500 3699964
0.074035644531250 3700000
0.072692871093750 3700035
0.072937011718750 3696566
0.071960449218750 3700000
0.000000000000000 3699964
0.072631835937500 3700035
0.070983886718750 3697738
0.073059082031250 3699964
0.072021484375000 3700000
0.068481445312500 3700000
0.072021484375000 3693116
0.072631835937500 3700000
0.070617675781250 3696602
0.070373535156250 3696431
0.068908691406250 3597748
0.059082031250000 3590369
0.067504882812500 3599565
0.066284179687500 3600000
0.000000000000000 3600000
0.065429687500000 3600000
0.065673828125000 3600000
0.065490722656250 3600000
0.066040039062500 3600000
0.070190429687500 3600000
0.066040039062500 3600000
0.068115234375000 3600034
0.064147949218750 3599965
0.066528320312500 3600000
0.065856933593750 3600000
0.067199707031250 3600034
0.000000000000000 3599965
0.069946289062500 3600000
0.067687988281250 3600000
0.065490722656250 3600000
0.066162109375000 3600000
0.066162109375000 3599931
0.065551757812500 3600068
0.067138671875000 3600000
0.067443847656250 3600000
0.064147949218750 3600000
0.058959960937500 3599849
0.064819335937500 3598021
0.058959960937500 3589216
0.066345214843750 3583331
0.069274902343750 3594074
0.064697265625000 3583867
0.000000000000000 3583332
0.068176269531250 3589314
0.067077636718750 3599965
0.066284179687500 3599105
0.067321777343750 3600000
0.065795898437500 3588911
0.067565917968750 3600000
0.064697265625000 3600034
0.058837890625000 3590068
0.067016601562500 3594563
0.065246582031250 3592996
0.065917968750000 3588934
0.064453125000000 3600034
0.057922363281250 3599965
0.065551757812500 3600000
0.000000000000000 3600000
0.067810058593750 3600000
0.065612792968750 3600000
0.067565917968750 3600034
0.066528320312500 3599965
0.065979003906250 3600000
0.067443847656250 3600034
0.066040039062500 3600000
0.066528320312500 3600000
0.065795898437500 3599965
0.067077636718750 3600000
0.065063476562500 3599261
0.000000000000000 3597358
0.065734863281250 3599965
0.065856933593750 3600034
0.064514160156250 3599965
0.067199707031250 3598310
0.066650390625000 3583368
0.068481445312500 3596068
0.064880371093750 3592813
0.064453125000000 3588931
0.065490722656250 3593265
0.065856933593750 3584348
0.065795898437500 3600000
0.065673828125000 3600000
0.000000000000000 3597774
0.066406250000000 3599409
0.065551757812500 3590314
0.064880371093750 3600000
0.067138671875000 3600000
0.064636230468750 3592027
0.064880371093750 3589154
0.065917968750000 3588919
0.065124511718750 3599965
0.067077636718750 3600000
0.065124511718750 3600000
0.066894531250000 3600000
0.066223144531250 3600000
0.000000000000000 3600000
0.067077636718750 3600000
0.065368652343750 3587864
0.067016601562500 3599347
0.059448242187500 3600000
0.065979003906250 3600000
0.067871093750000 3600000
0.065246582031250 3600034
0.067504882812500 3600000
0.067138671875000 3599965
0.067077636718750 3590247
0.065795898437500 3598653
0.065368652343750 3600000
0.000000000000000 3596877
0.067077636718750 3591104
0.064758300781250 3599965
0.066101074218750 3600034
0.066467285156250 3600000
0.065002441406250 3599189
0.067749023437500 3594607
0.065795898437500 3591218
0.066772460937500 3597692
0.066345214843750 3591219
0.065979003906250 3597840
0.067443847656250 3591034
0.066345214843750 3588962
0.000000000000000 3600000
0.067077636718750 3598113
0.063659667968750 3590569
0.067138671875000 3600000
0.065429687500000 3599965
0.066894531250000 3600034
0.065429687500000 3600000
0.066101074218750 3600000
0.066650390625000 3600034
0.064880371093750 3587835
0.066406250000000 3589918
0.066528320312500 3588695
0.066650390625000 3595402
0.000000000000000 3600000
0.066711425781250 3600000
0.066650390625000 3600000
0.066162109375000 3595066
0.066833496093750 3597916
0.066772460937500 3600000
0.067016601562500 3600000
0.066406250000000 3594730
0.065063476562500 3594172
0.066589355468750 3583686
0.066467285156250 3593782
0.063537597656250 3584108
0.067138671875000 3596022
0.000000000000000 3600000
0.068115234375000 3600000
0.065979003906250 3600000
0.064453125000000 3599965
0.067260742187500 3600000
0.066101074218750 3600034
0.066833496093750 3600000
0.065246582031250 3600000
0.064941406250000 3584850
0.066955566406250 3583335
0.065979003906250 3583332
0.066162109375000 3583334
0.000000000000000 3598195
0.067321777343750 3597241
0.065429687500000 3600000
0.066833496093750 3600000
0.065734863281250 3598796
0.066772460937500 3600000
0.064514160156250 3596896
0.064819335937500 3591324
0.068359375000000 3600000
0.064941406250000 3600000
0.065979003906250 3599965
0.063598632812500 3600034
0.067199707031250 3600000
0.000000000000000 3599931
0.066528320312500 3595717
0.066345214843750 3599931
0.066284179687500 3600034
0.064025878906250 3600034
0.066162109375000 3598138
0.064819335937500 3587380
0.065551757812500 3587062
0.066467285156250 3583368
0.066833496093750 3591471
0.068237304687500 3600000
0.065673828125000 3600000
0.000000000000000 3600000
0.066650390625000 3600034
0.064147949218750 3588529
0.066772460937500 3590385
0.065002441406250 3585564
0.066528320312500 3583403
0.067199707031250 3596892
0.064392089843750 3600000
0.068237304687500 3600000
0.065551757812500 3585299
0.067016601562500 3594075
0.063842773437500 3594924
0.066467285156250 3600000
0.000000000000000 3597309
0.066650390625000 3600000
0.065795898437500 3600000
0.067138671875000 3600000
0.065185546875000 3600000
0.066772460937500 3600000
0.066223144531250 3599965
0.067749023437500 3600000
0.066528320312500 3600034
0.065002441406250 3600000
0.066650390625000 3600000
0.064331054687500 3600000
0.000000000000000 3600000
0.066162109375000 3600000
0.064575195312500 3600000
0.067321777343750 3600000
0.058532714843750 3600000
0.066772460937500 3600034
0.067382812500000 3590676
0.067565917968750 3598176
0.065368652343750 3600000
0.065246582031250 3596706
0.065795898437500 3584874
0.066406250000000 3599965
0.064575195312500 3591356
0.000000000000000 3594684
0.067443847656250 3583366
0.063415527343750 3586060
0.067077636718750 3591828
0.066467285156250 3594564
0.064758300781250 3591453
0.066650390625000 3597590
0.064392089843750 3583333
0.066101074218750 3596335
0.066284179687500 3600034
0.065307617187500 3600000
0.065917968750000 3599965
0.064575195312500 3600034
0.059265136718750 3600034
0.066589355468750 3599965
0.000000000000000 3592742
0.068542480468750 3595691
0.064147949218750 3598871
0.058166503906250 3594664
0.067382812500000 3590229
0.065185546875000 3588930
0.064453125000000 3593261
0.066772460937500 3594713
0.058044433593750 3583364
0.066345214843750 3584182
0.066223144531250 3600000
0.065612792968750 3600000
0.064819335937500 3600000
0.066406250000000 3600000
0.064880371093750 3600000
0.063842773437500 3599777
0.000000000000000 3592393
0.068298339843750 3591964
0.067260742187500 3583336
0.065063476562500 3583261
0.065307617187500 3592376
0.064270019531250 3600000
0.064880371093750 3596628
0.065673828125000 3589984
0.065246582031250 3594403
0.066101074218750 3598860
0.064819335937500 3600000
0.066101074218750 3600000
0.065002441406250 3600034
0.064575195312500 3599965
0.000000000000000 3600000
0.067077636718750 3600000
0.065368652343750 3585660
0.068725585937500 3599727
0.065612792968750 3596224
0.065856933593750 3600000
0.063598632812500 3588818
0.067932128906250 3590665
0.065368652343750 3592720
0.066955566406250 3600034
0.067749023437500 3596389
0.064453125000000 3592445
0.057861328125000 3585409
0.064208984375000 3583336
0.064758300781250 3595158
0.000000000000000 3600000
0.064270019531250 3597156
0.065612792968750 3590540
0.066772460937500 3598701
0.068664550781250 3599965
0.066650390625000 3597192
0.063537597656250 3583365
0.066833496093750 3593098
0.065551757812500 3600000
0.063781738281250 3600000
0.064331054687500 3600034
0.067749023437500 3599965
0.067077636718750 3600000
0.000000000000000 3599965
0.064514160156250 3594570
0.064697265625000 3600000
0.064880371093750 3600000
0.068054199218750 3600000
0.063110351562500 3592701
0.065917968750000 3594569
0.066040039062500 3583334
0.065979003906250 3594522
0.067077636718750 3592222
0.065185546875000 3600000
0.058166503906250 3599965
0.065185546875000 3600034
0.066528320312500 3600000
0.065063476562500 3584753
0.000000000000000 3590693
0.066223144531250 3600000
0.065917968750000 3600000
0.063903808593750 3592630
0.065063476562500 3600000
0.064819335937500 3600000
0.065734863281250 3597538
0.065368652343750 3588849
0.067565917968750 3583335
0.066162109375000 3586861
0.065002441406250 3588184
0.065429687500000 3588289
0.065490722656250 3597356
0.000000000000000 3597374
0.066955566406250 3588688
0.064941406250000 3600000
0.066833496093750 3600000
0.065551757812500 3600000
0.067626953125000 3600000
0.067565917968750 3600000
0.065429687500000 3600000
0.066162109375000 3600000
0.064086914062500 3600000
0.067321777343750 3600000
0.066406250000000 3600000
0.064208984375000 3600000
0.000000000000000 3596487
0.065551757812500 3583526
0.066589355468750 3594611
0.066284179687500 3583330
0.065124511718750 3594559
0.058288574218750 3583333
0.067687988281250 3593852
0.066833496093750 3591781
0.058227539062500 3597244
0.065429687500000 3591666
0.067932128906250 3588860
0.065917968750000 3591815
0.066284179687500 3597103
0.064880371093750 3600000
0.066711425781250 3600034
0.000000000000000 3589602
0.067626953125000 3600034
0.066650390625000 3595272
0.067382812500000 3597726
0.064208984375000 3592549
0.066162109375000 3596255
0.064575195312500 3600000
0.066833496093750 3600000
0.066162109375000 3592932
0.063903808593750 3596388
0.067016601562500 3593040
0.067138671875000 3594662
0.000000000000000 3600000
0.065063476562500 3600034
0.067871093750000 3599965
0.064697265625000 3597662
0.066101074218750 3593648
0.065307617187500 3671523
0.072631835937500 3780416
0.071105957031250 3700035
0.073608398437500 3693963
0.074645996093750 3694560
0.071899414062500 3689295
0.072570800781250 3699762
0.000000000000000 3683333
0.071899414062500 3694587
0.071777343750000 3683498
0.069824218750000 3694461
0.072814941406250 3700000
0.073974609375000 3689107
0.071166992187500 3688489
0.072570800781250 3699964
0.069519042968750 3700000
0.073303222656250 3699929
0.071533203125000 3684061
0.063293457031250 3683337
0.070983886718750 3699185
0.071533203125000 3689878
0.000000000000000 3687712
0.072326660156250 3699964
0.070678710937500 3695930
0.071899414062500 3693013
0.070373535156250 3688931
0.072387695312500 3690538
0.069396972656250 3698298
0.075439453125000 3700000
0.063232421875000 3696423
0.072387695312500 3683297
0.062927246093750 3694594
0.070800781250000 3692360
0.062866210937500 3685463
0.070617675781250 3683402
0.070556640625000 3694560
0.070129394531250 3692078
0.071289062500000 3690292
0.000000000000000 3700035
0.072814941406250 3700000
0.071411132812500 3687593
0.071166992187500 3683364
0.070617675781250 3683298
0.073974609375000 3696560
0.071411132812500 3699964
0.071166992187500 3700035
0.072265625000000 3700000
0.071289062500000 3700000
0.073303222656250 3700000
0.070861816406250 3700000
0.072753906250000 3699964
0.000000000000000 3700000
0.070129394531250 3700000
0.074951171875000 3700000
0.073791503906250 3700035
0.070495605468750 3700000
0.071350097656250 3699964
0.071655273437500 3700035
0.063232421875000 3699964
0.071533203125000 3700035
0.072387695312500 3699964
0.071472167968750 3700035
0.072875976562500 3699964
0.063354492187500 3700035
0.070495605468750 3699964
0.071899414062500 3700000
0.000000000000000 3700035
0.070861816406250 3699964
0.064514160156250 3700035
0.069946289062500 3688848
0.071289062500000 3690439
0.071777343750000 3683299
0.071289062500000 3692854
0.072937011718750 3694236
0.073791503906250 3683616
0.072692871093750 3683337
0.071228027343750 3697880
0.074096679687500 3700000
0.073181152343750 3699964
0.000000000000000 3700000
0.072204589843750 3700000
0.071838378906250 3700035
0.072448730468750 3700000
0.070861816406250 3700000
0.070251464843750 3700000
0.072021484375000 3700000
0.070617675781250 3699964
0.070739746093750 3700035
0.072509765625000 3700000
0.071105957031250 3700000
0.071472167968750 3700000
0.071105957031250 3700000
0.000000000000000 3700000
0.072692871093750 3699964
0.072937011718750 3700000
0.070251464843750 3700035
0.070800781250000 3700000
0.071044921875000 3700000
0.071105957031250 3700000
0.070617675781250 3700000
0.071350097656250 3699964
0.073974609375000 3700000
0.069946289062500 3700035
0.072631835937500 3700000
0.071533203125000 3699964
0.000000000000000 3700000
0.071411132812500 3700035
0.073303222656250 3699964
0.071289062500000 3700035
0.072753906250000 3700000
0.070190429687500 3700000
0.072204589843750 3699964
0.069885253906250 3700035
0.069580078125000 3700000
0.071960449218750 3700000
0.073364257812500 3699929
0.072937011718750 3700035
0.000000000000000 3700035
0.071960449218750 3699964
0.072143554687500 3699929
0.073181152343750 3700105
0.072387695312500 3699964
0.071960449218750 3700035
0.074645996093750 3700000
0.072875976562500 3699964
0.072753906250000 3700035
0.071472167968750 3696455
0.070068359375000 3700000
0.071350097656250 3699964
0.000000000000000 3700000
0.072265625000000 3700000
0.073852539062500 3700035
0.072326660156250 3700000
0.070007324218750 3700000
0.073059082031250 3700000
0.071655273437500 3699964
0.071533203125000 3700035
0.069335937500000 3700000
0.071411132812500 3700000
0.072082519531250 3699964
0.072570800781250 3700000
0.000000000000000 3700035
0.071899414062500 3699964
0.070007324218750 3700000
0.071411132812500 3700000
0.072814941406250 3700035
0.072814941406250 3699964
0.071228027343750 3700000
0.071411132812500 3700000
0.070983886718750 3700000
0.069885253906250 3700035
0.072509765625000 3699929
0.070129394531250 3700070
0.072082519531250 3700000
0.000000000000000 3699964
0.074218750000000 3700000
0.072509765625000 3700000
0.071899414062500 3700035
0.069152832031250 3700000
0.073303222656250 3699964
0.072143554687500 3700035
0.072814941406250 3700000
0.071228027343750 3700000
0.070678710937500 3699964
0.073059082031250 3700035
0.069335937500000 3699964
0.071655273437500 3700035
0.000000000000000 3700000
0.069702148437500 3700000
0.071960449218750 3700000
0.073913574218750 3700000
0.070861816406250 3699964
0.073730468750000 3700000
0.070373535156250 3700000
0.073303222656250 3700000
0.070739746093750 3700000
0.073059082031250 3700000
0.073242187500000 3700000
0.070373535156250 3700035
0.062866210937500 3700000
0.071655273437500 3699964
0.000000000000000 3700000
0.072814941406250 3700035
0.070190429687500 3699964
0.071899414062500 3700000
0.072387695312500 3700035
0.069396972656250 3699964
0.072692871093750 3700000
0.071289062500000 3700000
0.072875976562500 3700000
0.071777343750000 3700000
0.072265625000000 3700035
0.071655273437500 3699964
0.000000000000000 3700000
0.071044921875000 3700000
0.071533203125000 3699354
0.069030761718750 3683517
0.069641113281250 3683333
0.070251464843750 3699838
0.072387695312500 3700035
0.072998046875000 3694872
0.069458007812500 3683334
0.071350097656250 3699557
0.071289062500000 3700000
0.071655273437500 3700000
0.070617675781250 3689825
0.071899414062500 3699118
0.000000000000000 3698053
0.070739746093750 3695553
0.073059082031250 3693359
0.070617675781250 3699964
0.071777343750000 3690312
0.072570800781250 3694541
0.072448730468750 3693028
0.073425292968750 3684879
0.072265625000000 3683336
0.071594238281250 3698358
0.071899414062500 3700000
0.071899414062500 3698918
0.000000000000000 3700000
0.073547363281250 3700000
0.069641113281250 3700035
0.074035644531250 3699964
0.073791503906250 3700000
0.071044921875000 3700000
0.071838378906250 3699964
0.068481445312500 3700070
0.076049804687500 3685637
0.069885253906250 3694792
0.071411132812500 3683369
0.072021484375000 3694518
0.000000000000000 3691228
0.070678710937500 3697823
0.073730468750000 3691093
0.068420410156250 3697989
0.071716308593750 3690916
0.069396972656250 3698045
0.071899414062500 3690832
0.072570800781250 3688909
0.070251464843750 3700035
0.070617675781250 3698798
0.071289062500000 3683368
0.073486328125000 3695581
0.069030761718750 3700000
0.072692871093750 3688911
0.000000000000000 3699929
0.072143554687500 3700035
0.071411132812500 3693868
0.073303222656250 3684014
0.070434570312500 3693964
0.071105957031250 3683938
0.070922851562500 3693953
0.072875976562500 3694766
0.073974609375000 3683298
0.072448730468750 3683419
0.070617675781250 3700000
0.070739746093750 3700035
0.000000000000000 3689058
0.072875976562500 3700000
0.070129394531250 3683509
0.071472167968750 3683365
0.071105957031250 3683300
0.072692871093750 3693919
0.073425292968750 3700000
0.070983886718750 3700000
0.071044921875000 3688793
0.071777343750000 3689858
0.072448730468750 3694555
0.073730468750000 3683369
0.000000000000000 3698903
0.070983886718750 3690083
0.074340820312500 3694523
0.071166992187500 3683370
0.071105957031250 3687403
0.069030761718750 3700000
0.071411132812500 3688913
0.075927734375000 3700000
0.071777343750000 3700035
0.071166992187500 3690891
0.069824218750000 3686909
0.072875976562500 3690957
0.072021484375000 3686687
0.000000000000000 3691142
0.072143554687500 3694701
0.071594238281250 3683296
0.072387695312500 3683334
0.073547363281250 3691877
0.070251464843750 3700000
0.071960449218750 3700000
0.069763183593750 3697265
0.072204589843750 3683332
0.074157714843750 3697013
0.069702148437500 3691992
0.071777343750000 3694501
0.070068359375000 3683332
0.000000000000000 3696762
0.075439453125000 3700000
0.070861816406250 3700000
0.073730468750000 3700000
0.070373535156250 3686915
0.068725585937500 3683331
0.072937011718750 3694584
0.070068359375000 3690558
0.071899414062500 3698431
0.069580078125000 3690422
0.062988281250000 3688776
0.069580078125000 3700070
0.072937011718750 3698941
0.071533203125000 3689970
0.000000000000000 3700000
0.071533203125000 3700000
0.072021484375000 3699265
0.072814941406250 3683330
0.072570800781250 3694541
0.070495605468750 3683332
0.073791503906250 3694823
0.072082519531250 3694346
0.069824218750000 3683333
0.072204589843750 3688942
0.069396972656250 3689040
0.072753906250000 3687333
0.071472167968750 3694112
0.000000000000000 3700000
0.071350097656250 3689371
0.072082519531250 3699514
0.072204589843750 3700000
0.072265625000000 3695513
0.072143554687500 3683329
0.071105957031250 3687721
0.075073242187500 3700035
0.071716308593750 3695829
0.071533203125000 3693073
0.069885253906250 3688877
0.071411132812500 3700035
0.000000000000000 3700000
0.073242187500000 3690680
0.071350097656250 3694501
0.073181152343750 3692623
0.069946289062500 3685288
0.070556640625000 3683366
0.071655273437500 3683299
0.072021484375000 3683331
0.068237304687500 3694625
0.071105957031250 3691759
0.072204589843750 3697333
0.073120117187500 3691564
0.071411132812500 3700035
0.000000000000000 3699964
0.070739746093750 3696461
0.063476562500000 3692204
0.070495605468750 3685606
0.072509765625000 3700000
0.072448730468750 3686769
0.069274902343750 3683331
0.074584960937500 3684987
0.070678710937500 3700035
0.071166992187500 3699964
0.072265625000000 3700000
0.071228027343750 3687595
0.071777343750000 3693618
0.070739746093750 3700035
0.000000000000000 3693314
0.072509765625000 3694563
0.073303222656250 3689901
0.070922851562500 3700000
0.071655273437500 3693653
0.063720703125000 3683337
0.072448730468750 3683330
0.063110351562500 3694525
0.070251464843750 3689406
0.072448730468750 3688447
0.073730468750000 3683297
0.071899414062500 3683557
0.065063476562500 3694370
0.071228027343750 3683373
0.071105957031250 3694483
0.070007324218750 3683330
0.070312500000000 3688735
0.000000000000000 3700000
0.073852539062500 3683654
0.070617675781250 3683295
0.063171386718750 3699678
0.070617675781250 3689602
0.073059082031250 3699307
0.069763183593750 3689683
0.071533203125000 3694588
0.072265625000000 3693545
0.072570800781250 3700000
0.072265625000000 3700000
0.071105957031250 3700000
0.071166992187500 3700035
0.071411132812500 3699964
0.000000000000000 3700000
0.072326660156250 3700000
0.070068359375000 3700035
0.071411132812500 3700000
0.074218750000000 3700000
0.071105957031250 3700000
0.072265625000000 3699964
0.073059082031250 3700000
0.070800781250000 3700035
0.068725585937500 3699964
0.074890136718750 3700000
0.071289062500000 3700035
0.069274902343750 3700000
0.000000000000000 3699964
0.073181152343750 3700000
0.070800781250000 3700035
0.072814941406250 3699964
0.070739746093750 3700035
0.071289062500000 3699964
0.070861816406250 3700000
0.070190429687500 3700000
0.072631835937500 3700035
0.070678710937500 3700000
0.071105957031250 3699964
0.070434570312500 3700000
0.072631835937500 3700000
0.000000000000000 3700035
0.071655273437500 3699964
0.069763183593750 3700035
0.071350097656250 3699964
0.073059082031250 3700035
0.071166992187500 3700000
0.069213867187500 3700000
0.070434570312500 3700000
0.074768066406250 3700000
0.070922851562500 3699964
0.070312500000000 3700035
0.069641113281250 3699964
0.073242187500000 3700035
0.071105957031250 3700000
0.000000000000000 3699964
0.071655273437500 3700035
0.073791503906250 3699964
0.072814941406250 3700000
0.063110351562500 3700000
0.073181152343750 3700035
0.070617675781250 3700000
0.071411132812500 3699964
0.070800781250000 3700000
0.071289062500000 3700035
0.074340820312500 3700000
0.072387695312500 3700000
0.069946289062500 3699964
0.000000000000000 3700035
0.071777343750000 3700000
0.071411132812500 3699964
0.072814941406250 3700000
0.069030761718750 3700000
0.064086914062500 3700000
0.065124511718750 3700035
0.072814941406250 3699929
0.068054199218750 3700035
0.070617675781250 3700000
0.063964843750000 3700000
0.072631835937500 3700035
0.065246582031250 3699964
0.073791503906250 3700000
0.076293945312500 3700000
0.071838378906250 3700035
0.066284179687500 3699964
0.069213867187500 3700000
0.000000000000000 3700035
0.074707031250000 3700000
0.069030761718750 3694854
0.071655273437500 3700035
0.068603515625000 3700000
0.064758300781250 3700000
0.068481445312500 3700000
0.075683593750000 3699964
0.068298339843750 3700035
0.067626953125000 3699964
0.071472167968750 3700035
0.064697265625000 3699964
0.072570800781250 3700000
0.063476562500000 3699964
0.069335937500000 3697965
0.072021484375000 3696082
0.073303222656250 3699929
0.064880371093750 3700070
0.069213867187500 3699964
0.071105957031250 3700000
0.000000000000000 3700000
0.072143554687500 3700035
0.071228027343750 3699964
0.070800781250000 3700000
0.073242187500000 3700000
0.073547363281250 3700035
0.074279785156250 3699964
0.071533203125000 3700035
0.072631835937500 3700000
0.070983886718750 3700000
0.072631835937500 3700000
0.000000000000000 3699964
0.075073242187500 3700035
0.070373535156250 3699964
0.071655273437500 3700000
0.069213867187500 3700000
0.073364257812500 3700000
0.073547363281250 3700000
0.070556640625000 3700035
0.073669433593750 3700000
0.070678710937500 3700000
0.064514160156250 3699964
0.072021484375000 3700000
0.072387695312500 3700035
0.073181152343750 3700000
0.000000000000000 3699964
0.072692871093750 3700035
0.074584960937500 3700000
0.070495605468750 3699964
0.071655273437500 3700035
0.069519042968750 3700000
0.070800781250000 3700000
0.071411132812500 3700000
0.072509765625000 3700000
0.069458007812500 3699964
0.073547363281250 3700000
0.072692871093750 3700000
0.070129394531250 3700000
0.000000000000000 3700000
0.072387695312500 3700000
0.069824218750000 3700000
0.073913574218750 3700035
0.073669433593750 3699964
0.069641113281250 3700035
0.071716308593750 3700000
0.071777343750000 3700000
0.063354492187500 3699964
0.072143554687500 3700035
0.064147949218750 3700000
0.071655273437500 3699964
0.072143554687500 3700035
0.074951171875000 3699964
0.066284179687500 3700000
0.064819335937500 3700035
0.062255859375000 3657664
0.061401367187500 3600000
0.061950683593750 3600000
0.059020996093750 3599965
0.065612792968750 3598764
0.000000000000000 3598408
0.068298339843750 3599965
0.066833496093750 3600034
0.066467285156250 3600034
0.067565917968750 3594621
0.063598632812500 3591001
0.067443847656250 3593374
0.066406250000000 3583368
0.066406250000000 3592563
0.065246582031250 3600000
0.066223144531250 3585777
0.067810058593750 3594949
0.000000000000000 3600000
0.064575195312500 3588933
0.066040039062500 3594218
0.063476562500000 3594552
0.068725585937500 3583334
0.065979003906250 3594561
0.067199707031250 3594467
0.067565917968750 3583332
0.065979003906250 3583333
0.058593750000000 3594309
0.063232421875000 3600000
0.065673828125000 3599965
0.066528320312500 3600034
0.067443847656250 3600034
0.000000000000000 3599965
0.068664550781250 3600000
0.065612792968750 3597360
0.066589355468750 3590124
0.064270019531250 3592078
0.067016601562500 3591388
0.064575195312500 3600000
0.066040039062500 3600000
0.064575195312500 3600000
0.067321777343750 3592128
0.058166503906250 3598254
0.063232421875000 3600000
0.066894531250000 3600000
0.064514160156250 3600000
0.066284179687500 3596554
0.000000000000000 3585194
0.064025878906250 3600000
0.067749023437500 3600000
0.066284179687500 3590880
0.066162109375000 3592074
0.067077636718750 3588909
0.064514160156250 3591444
0.065063476562500 3583334
0.065368652343750 3591641
0.067443847656250 3586250
0.066284179687500 3591599
0.064514160156250 3588926
0.067077636718750 3591965
0.000000000000000 3596946
0.066406250000000 3589982
0.068298339843750 3596504
0.066223144531250 3600034
0.064941406250000 3600000
0.066772460937500 3599965
0.066528320312500 3598431
0.065307617187500 3590481
0.064697265625000 3588931
0.066040039062500 3600000
0.065490722656250 3587721
0.065185546875000 3583335
0.066345214843750 3595507
0.000000000000000 3593512
0.066040039062500 3587611
0.065490722656250 3593896
0.065673828125000 3595165
0.066650390625000 3600034
0.065002441406250 3599897
0.066284179687500 3600068
0.067199707031250 3590160
0.064514160156250 3600000
0.066284179687500 3589637
0.064331054687500 3600000
0.066406250000000 3600000
0.065979003906250 3600034
0.000000000000000 3600000
0.066101074218750 3599965
0.066345214843750 3590087
0.065246582031250 3599551
0.066772460937500 3600000
0.064392089843750 3600000
0.065429687500000 3600000
0.064208984375000 3600000
0.065246582031250 3600000
0.067382812500000 3595534
0.066650390625000 3583330
0.064880371093750 3583302
0.065124511718750 3583368
0.000000000000000 3587619
0.067382812500000 3590248
0.064208984375000 3598664
0.065551757812500 3594528
0.066406250000000 3600000
0.068786621093750 3590574
0.068298339843750 3595205
0.065307617187500 3586964
0.066467285156250 3597506
0.065246582031250 3600034
0.067321777343750 3596596
0.064941406250000 3600000
0.068664550781250 3592268
0.000000000000000 3600000
0.065307617187500 3600000
0.065917968750000 3600000
0.066284179687500 3600000
0.066040039062500 3599328
0.066711425781250 3588935
0.067321777343750 3591741
0.065917968750000 3596800
0.066650390625000 3600068
0.066406250000000 3600000
0.065795898437500 3592481
0.065246582031250 3594686
0.058532714843750 3590678
0.000000000000000 3598402
0.064819335937500 3590435
0.066345214843750 3587373
0.058776855468750 3583330
0.069763183593750 3586911
0.065856933593750 3600000
0.064697265625000 3600000
0.065429687500000 3600000
0.064270019531250 3594053
0.068969726562500 3596063
0.065246582031250 3600000
0.064819335937500 3600034
0.067016601562500 3599965
0.065429687500000 3600000
0.000000000000000 3600000
0.065246582031250 3599931
0.064392089843750 3600005
0.066467285156250 3583410
0.065979003906250 3583299
0.064331054687500 3588935
0.065185546875000 3600000
0.066467285156250 3599931
0.065917968750000 3595618
0.065612792968750 3600000
0.066894531250000 3600000
0.064575195312500 3600000
0.067382812500000 3592361
0.057861328125000 3593778
0.066040039062500 3600000
0.000000000000000 3600000
0.066040039062500 3595958
0.065063476562500 3583778
0.066101074218750 3589159
0.066589355468750 3599965
0.066833496093750 3600000
0.065856933593750 3596365
0.064025878906250 3592991
0.065246582031250 3593842
0.068542480468750 3600000
0.066589355468750 3600000
0.065795898437500 3590804
0.066345214843750 3594590
0.000000000000000 3592448
0.070434570312500 3585481
0.064453125000000 3590005
0.066833496093750 3594885
0.066528320312500 3591630
0.065734863281250 3597550
0.066833496093750 3583365
0.067199707031250 3585649
0.067382812500000 3592239
0.065490722656250 3583331
0.058288574218750 3592744
0.065490722656250 3599965
0.065429687500000 3600000
0.000000000000000 3600000
0.065185546875000 3594329
0.065429687500000 3585123
0.066894531250000 3592772
0.065551757812500 3594830
0.066040039062500 3592982
0.064514160156250 3591313
0.066772460937500 3596350
0.064819335937500 3588855
0.066406250000000 3593263
0.066833496093750 3584489
0.064453125000000 3596199
0.067687988281250 3584368
0.000000000000000 3593544
0.064270019531250 3595388
0.064880371093750 3598371
0.063781738281250 3600000
0.059204101562500 3600000
0.064331054687500 3587990
0.066284179687500 3588912
0.066955566406250 3588876
0.064453125000000 3586393
0.058288574218750 3594338
0.064208984375000 3583302
0.066345214843750 3583366
0.064819335937500 3586833
0.066284179687500 3597228
0.065124511718750 3599359
0.066711425781250 3599000
0.065368652343750 3600000
0.064697265625000 3596585
0.000000000000000 3588897
0.065368652343750 3590435
0.065429687500000 3598476
0.066040039062500 3590498
0.064331054687500 3587186
0.065246582031250 3590713
0.068725585937500 3588787
0.064514160156250 3600000
0.065917968750000 3600000
0.063476562500000 3600034
0.057861328125000 3600000
0.066406250000000 3600000
0.065795898437500 3599965
0.063842773437500 3600000
0.065185546875000 3600034
0.057922363281250 3599897
0.064575195312500 3586145
0.000000000000000 3583331
0.065795898437500 3586113
0.064331054687500 3600000
0.066101074218750 3600000
0.066406250000000 3598287
0.065612792968750 3585327
0.066406250000000 3591357
0.064819335937500 3588831
0.066772460937500 3592380
0.066223144531250 3590892
0.066284179687500 3595236
0.066223144531250 3600000
0.000000000000000 3593190
0.067199707031250 3595456
0.065185546875000 3600000
0.064697265625000 3600000
0.058105468750000 3600000
0.064453125000000 3600000
0.067871093750000 3593885
0.063964843750000 3594532
0.066345214843750 3589492
0.064270019531250 3588372
0.065063476562500 3589391
0.065856933593750 3588522
0.065612792968750 3588909
0.065368652343750 3600034
0.065612792968750 3599965
0.066833496093750 3590474
0.000000000000000 3594497
0.065002441406250 3583365
0.058166503906250 3595285
0.065795898437500 3600034
0.066406250000000 3599965
0.067199707031250 3600000
0.063659667968750 3600034
0.066345214843750 3599965
0.064575195312500 3595742
0.067016601562500 3593163
0.064025878906250 3584841
0.066650390625000 3583299
0.065246582031250 3594049
0.063476562500000 3600034
0.058288574218750 3596479
0.064514160156250 3592362
0.065002441406250 3586328
0.000000000000000 3594085
0.066162109375000 3585844
0.066528320312500 3591867
0.067626953125000 3597174
0.064086914062500 3583333
0.066284179687500 3597243
0.066101074218750 3591851
0.066955566406250 3592072
0.065307617187500 3600000
0.065673828125000 3600000
0.066040039062500 3600000
0.065429687500000 3598917
0.000000000000000 3600000
0.066223144531250 3600034
0.064514160156250 3600000
0.066467285156250 3592170
0.063659667968750 3593952
0.068420410156250 3592020
0.068542480468750 3600000
0.065246582031250 3588801
0.065368652343750 3596689
0.065979003906250 3593027
0.065368652343750 3600000
0.065979003906250 3600000
0.066650390625000 3600000
0.000000000000000 3597105
0.065612792968750 3600000
0.065185546875000 3600000
0.065429687500000 3600000
0.066650390625000 3600000
0.067016601562500 3594014
0.064819335937500 3586696
0.065979003906250 3600000
0.067871093750000 3600000
0.066345214843750 3600000
0.066345214843750 3600000
0.065856933593750 3597945
0.064819335937500 3596647
0.000000000000000 3600000
0.064514160156250 3600000
0.066650390625000 3600000
0.064697265625000 3600000
0.067077636718750 3589350
0.066589355468750 3590471
0.064514160156250 3599439
0.064453125000000 3599392
0.066162109375000 3597221
0.064758300781250 3583412
0.065979003906250 3587214
0.066345214843750 3600000
0.066833496093750 3585201
0.000000000000000 3592576
0.064575195312500 3600000
0.066284179687500 3585015
0.064819335937500 3594544
0.065185546875000 3592323
0.066162109375000 3600000
0.065551757812500 3600000
0.064819335937500 3588729
0.066467285156250 3600000
0.066772460937500 3597748
0.065063476562500 3600000
0.065429687500000 3600000
0.065490722656250 3598597
0.000000000000000 3583333
0.066772460937500 3591111
0.067810058593750 3596564
0.065368652343750 3599064
0.066223144531250 3583300
0.064270019531250 3590958
0.066406250000000 3588934
0.067016601562500 3599526
0.065307617187500 3585117
0.065673828125000 3592875
0.262939453125000 3599063
0.065612792968750 3599965
0.000000000000000 3600000
0.066894531250000 3597766
0.067687988281250 3680695
0.069335937500000 3800000
0.076171875000000 3773637
0.070861816406250 3700035
0.063598632812500 3690771
0.071594238281250 3696399
0.073608398437500 3687885
0.072021484375000 3700035
0.073303222656250 3700035
0.071777343750000 3696583
0.069519042968750 3683367
0.071289062500000 3686566
0.000000000000000 3691274
0.070190429687500 3686401
0.072998046875000 3691462
0.070922851562500 3697482
0.071533203125000 3691611
0.073059082031250 3683334
0.070556640625000 3683295
0.071533203125000 3686106
0.070373535156250 3691792
0.073791503906250 3685884
0.074584960937500 3692045
0.070983886718750 3685729
0.000000000000000 3692160
0.071655273437500 3694532
0.070190429687500 3691193
0.072021484375000 3697863
0.072753906250000 3683334
0.073059082031250 3696555
0.072631835937500 3692606
0.068542480468750 3683335
0.071838378906250 3690682
0.072082519531250 3698361
0.071777343750000 3690486
0.072265625000000 3700000
0.000000000000000 3692957
0.137329101562500 3683439
0.000000000000000 3683295
0.070129394531250 3686957
0.071411132812500 3700000
0.072570800781250 3700000
0.070861816406250 3700035
0.071166992187500 3699964
0.073181152343750 3700000
0.073242187500000 3700000
0.070678710937500 3694056
0.072509765625000 3694892
0.071655273437500 3694132
0.072448730468750 3683598
0.000000000000000 3694254
0.069580078125000 3699869
0.070373535156250 3699929
0.075927734375000 3699149
0.070312500000000 3683334
0.072448730468750 3693690
0.069091796875000 3684202
0.075439453125000 3693577
0.072021484375000 3695597
0.070861816406250 3683334
0.072814941406250 3698709
0.067932128906250 3700000
0.072509765625000 3699964
0.000000000000000 3700000
0.072509765625000 3700035
0.071411132812500 3699964
0.070983886718750 3700000
0.072875976562500 3700000
0.074951171875000 3700000
0.069335937500000 3700035
0.063354492187500 3699964
0.071716308593750 3700035
0.073608398437500 3700000
0.071166992187500 3700000
0.063537597656250 3699964
0.070983886718750 3700000
0.072937011718750 3700000
0.000000000000000 3700000
0.073425292968750 3700035
0.069702148437500 3700000
0.071472167968750 3700000
0.070007324218750 3699964
0.071533203125000 3700035
0.071533203125000 3699964
0.072021484375000 3700035
0.072204589843750 3700000
0.072265625000000 3700000
0.071899414062500 3699964
0.072021484375000 3700000
0.072143554687500 3700000
0.000000000000000 3700000
0.071105957031250 3700000
0.073791503906250 3700000
0.072570800781250 3700035
0.069702148437500 3699964
0.072692871093750 3700035
0.071777343750000 3699964
0.073852539062500 3700000
0.070678710937500 3559215
0.071594238281250 3697530
0.072875976562500 3700000
0.063415527343750 3694699
0.073303222656250 3683331
0.070617675781250 3694534
0.000000000000000 3693993
0.072265625000000 3688968
0.070251464843750 3689505
0.074035644531250 3694527
0.070800781250000 3683371
0.071655273437500 3694487
0.071411132812500 3683366
0.072021484375000 3694549
0.071899414062500 3693495
0.070434570312500 3699964
0.072937011718750 3690084
0.072387695312500 3687672
0.000000000000000 3700000
0.071166992187500 3684717
0.071472167968750 3683295
0.070983886718750 3698474
0.072814941406250 3690574
0.072692871093750 3698313
0.072692871093750 3700000
0.071350097656250 3700035
0.071777343750000 3690782
0.070922851562500 3686747
0.072570800781250 3700035
0.074035644531250 3696760
0.000000000000000 3692139
0.071411132812500 3700035
0.071838378906250 3700000
0.070800781250000 3700000
0.069213867187500 3699964
0.072143554687500 3700035
0.069396972656250 3700000
0.071899414062500 3699964
0.071350097656250 3699964
0.070007324218750 3700070
0.074340820312500 3699964
0.070983886718750 3700035
0.072631835937500 3700000
0.000000000000000 3699929
0.071105957031250 3700070
0.072265625000000 3697480
0.073181152343750 3700000
0.073059082031250 3688899
0.071594238281250 3700035
0.070312500000000 3699964
0.071960449218750 3692786
0.069946289062500 3696120
0.073608398437500 3692894
0.068542480468750 3695961
0.073181152343750 3699964
0.000000000000000 3700035
0.073852539062500 3693357
0.072021484375000 3694556
0.071716308593750 3683335
0.070739746093750 3684267
0.070861816406250 3693537
0.071228027343750 3683369
0.063537597656250 3683330
0.072387695312500 3684039
0.068420410156250 3700035
0.071533203125000 3700000
0.071777343750000 3694010
0.071655273437500 3694886
0.070983886718750 3699964
0.071411132812500 3700035
0.069519042968750 3700000
0.063476562500000 3700000
0.000000000000000 3699964
0.073303222656250 3700000
0.070739746093750 3700000
0.071044921875000 3700000
0.070007324218750 3700035
0.072021484375000 3700000
0.069824218750000 3699964
0.070678710937500 3689523
0.072387695312500 3683330
0.075317382812500 3683370
0.071777343750000 3699259
0.068725585937500 3699964
0.070312500000000 3684324
0.071166992187500 3683332
0.000000000000000 3687778
0.072265625000000 3700035
0.071350097656250 3695747
0.069580078125000 3693129
0.072326660156250 3686273
0.071533203125000 3700000
0.071166992187500 3684903
0.069824218750000 3683336
0.070617675781250 3683330
0.070312500000000 3692639
0.071716308593750 3685316
0.073913574218750 3683295
0.069702148437500 3697562
0.000000000000000 3683296
0.071777343750000 3686924
0.070739746093750 3700000
0.073120117187500 3700000
0.069702148437500 3691118
0.072082519531250 3686648
0.071044921875000 3700035
0.063415527343750 3696818
0.063293457031250 3692068
0.069091796875000 3700000
0.073547363281250 3700000
0.070739746093750 3688897
0.064453125000000 3659050
0.070983886718750 3697659
0.073791503906250 3691284
0.074157714843750 3699964
0.072509765625000 3700000
0.000000000000000 3686762
0.071960449218750 3683368
0.070983886718750 3685275
0.073791503906250 3692553
0.068908691406250 3685195
0.073852539062500 3692709
0.073730468750000 3696167
0.069458007812500 3700000
0.071655273437500 3698502
0.073791503906250 3683371
0.064941406250000 3683333
0.071777343750000 3683295
0.072692871093750 3683369
0.000000000000000 3683299
0.071777343750000 3684488
0.070983886718750 3693440
0.071289062500000 3684162
0.069091796875000 3700035
0.063537597656250 3688898
0.071350097656250 3700035
0.073059082031250 3699399
0.070129394531250 3683335
0.072143554687500 3694762
0.072937011718750 3694189
0.071777343750000 3683456
0.072021484375000 3694409
0.070373535156250 3683333
0.071960449218750 3694500
0.000000000000000 3694396
0.072265625000000 3683530
0.072814941406250 3683302
0.073059082031250 3683365
0.070861816406250 3694078
0.063049316406250 3699964
0.071166992187500 3689458
0.071228027343750 3699451
0.071838378906250 3700000
0.074645996093750 3688976
0.073608398437500 3699964
0.071228027343750 3700035
0.072753906250000 3699964
0.000000000000000 3695700
0.069458007812500 3683297
0.070739746093750 3694570
0.063354492187500 3683299
0.072692871093750 3687434
0.074707031250000 3690499
0.071716308593750 3698409
0.063110351562500 3690638
0.071350097656250 3694537
0.071289062500000 3683367
0.070251464843750 3694717
0.071411132812500 3683296
0.071777343750000 3694555
0.070922851562500 3692332
0.072998046875000 3685565
0.000000000000000 3683368
0.070983886718750 3683297
0.074340820312500 3692074
0.070678710937500 3688778
0.073303222656250 3691803
0.070434570312500 3686773
0.071594238281250 3691948
0.073669433593750 3694540
0.070312500000000 3683333
0.073364257812500 3685657
0.071655273437500 3697899
0.072692871093750 3683330
0.000000000000000 3683337
0.074035644531250 3694592
0.069580078125000 3690710
0.074096679687500 3688906
0.070129394531250 3692963
0.072509765625000 3695948
0.072937011718750 3700000
0.070495605468750 3688946
0.071899414062500 3693208
0.072387695312500 3695721
0.073120117187500 3699964
0.070739746093750 3699101
0.000000000000000 3683298
0.071044921875000 3694686
0.070129394531250 3683334
0.072204589843750 3683931
0.072937011718750 3700000
0.070190429687500 3688456
0.071289062500000 3689276
0.073791503906250 3700035
0.072631835937500 3699964
0.070190429687500 3688899
0.072204589843750 3699964
0.073181152343750 3700035
0.071166992187500 3689118
0.000000000000000 3700000
0.072448730468750 3688877
0.070434570312500 3689177
0.071105957031250 3688573
0.073669433593750 3700035
0.072814941406250 3694892
0.071228027343750 3694005
0.070922851562500 3683957
0.072631835937500 3683297
0.072814941406250 3688201
0.072021484375000 3689717
0.072021484375000 3699251
0.062866210937500 3700000
0.000000000000000 3684261
0.070983886718750 3693481
0.074157714843750 3688863
0.073059082031250 3690382
0.070007324218750 3683330
0.071594238281250 3692939
0.072387695312500 3684950
0.071411132812500 3692804
0.071777343750000 3696267
0.069763183593750 3692663
0.072448730468750 3696383
0.071533203125000 3683331
0.070434570312500 3686805
0.000000000000000 3690963
0.069702148437500 3683405
0.071655273437500 3683367
0.063049316406250 3686589
0.070495605468750 3691265
0.071594238281250 3683366
0.070434570312500 3691987
0.072021484375000 3697111
0.069580078125000 3683369
0.072631835937500 3686135
0.070373535156250 3691761
0.073181152343750 3694499
0.072448730468750 3691536
0.071105957031250 3697540
0.071777343750000 3691338
0.000000000000000 3686551
0.133911132812500 3683335
0.000000000000000 3696605
0.071166992187500 3699964
0.071533203125000 3700070
0.068969726562500 3700000
0.071289062500000 3689762
0.073669433593750 3700035
0.069458007812500 3699964
0.072143554687500 3700000
0.069580078125000 3700035
0.073059082031250 3699964
0.069885253906250 3700035
0.073425292968750 3700000
0.072143554687500 3696993
0.000000000000000 3698356
0.069335937500000 3688945
0.071289062500000 3699964
0.071838378906250 3699132
0.071289062500000 3689811
0.069824218750000 3688860
0.072265625000000 3693992
0.074096679687500 3683297
0.070129394531250 3689248
0.072143554687500 3688911
0.071960449218750 3694265
0.063232421875000 3683335
0.072265625000000 3688501
0.070861816406250 3689370
0.071105957031250 3683368
0.000000000000000 3693842
0.073181152343750 3684038
0.072204589843750 3693656
0.069702148437500 3697651
0.073364257812500 3698918
0.070129394531250 3687715
0.063537597656250 3690139
0.071411132812500 3698752
0.071655273437500 3690310
0.073059082031250 3686905
0.071777343750000 3683330
0.073425292968750 3685283
0.069580078125000 3699964
0.070495605468750 3700000
0.000000000000000 3700035
0.071838378906250 3700000
0.073791503906250 3700000
0.073852539062500 3700000
0.068969726562500 3699964
0.074096679687500 3700035
0.071350097656250 3699964
0.072509765625000 3700000
0.070129394531250 3700000
0.073608398437500 3700035
0.072570800781250 3700000
0.000000000000000 3699964
0.071105957031250 3700035
0.073608398437500 3699964
0.070617675781250 3700035
0.071533203125000 3700000
0.069641113281250 3699964
0.074462890625000 3700000
0.071655273437500 3700000
0.069885253906250 3700000
0.072265625000000 3700000
0.072875976562500 3700035
0.072021484375000 3700000
0.069091796875000 3699894
0.000000000000000 3700070
0.071838378906250 3700035
0.072448730468750 3700000
0.070617675781250 3700000
0.063049316406250 3699964
0.071533203125000 3700000
0.073242187500000 3700035
0.070373535156250 3700000
0.073486328125000 3700000
0.071899414062500 3700000
0.069274902343750 3700000
0.071533203125000 3699964
0.070373535156250 3700035
0.072021484375000 3699964
0.071411132812500 3700000
0.000000000000000 3700000
0.071166992187500 3700035
0.073791503906250 3700000
0.069519042968750 3700000
0.062988281250000 3699964
0.070983886718750 3700035
0.070922851562500 3699964
0.072326660156250 3700035
0.073425292968750 3700000
0.071350097656250 3700000
0.071899414062500 3700000
0.073120117187500 3699964
0.070007324218750 3700035
0.071228027343750 3699964
0.000000000000000 3700000
0.068725585937500 3700000
0.072387695312500 3700000
0.071960449218750 3700000
0.072387695312500 3700035
0.070251464843750 3699964
0.071044921875000 3700035
0.063354492187500 3699964
0.069274902343750 3700000
0.071166992187500 3700035
0.070129394531250 3700000
0.070861816406250 3699964
0.073486328125000 3700035
0.071411132812500 3700000
0.070861816406250 3700000
0.071166992187500 3700000
0.000000000000000 3700000
0.074340820312500 3700000
0.069580078125000 3700000
0.071960449218750 3700000
0.071105957031250 3699964
0.074829101562500 3700000
0.064147949218750 3700035
0.071289062500000 3699964
0.073669433593750 3700035
0.070007324218750 3700000
0.064270019531250 3699964
0.071044921875000 3700035
0.071166992187500 3699964
0.074279785156250 3700035
0.000000000000000 3699964
0.071105957031250 3700035
0.071960449218750 3699964
0.071472167968750 3700035
0.072631835937500 3699964
0.071105957031250 3700035
0.071289062500000 3700000
0.073913574218750 3700000
0.070800781250000 3700000
0.071472167968750 3699964
0.069580078125000 3700035
0.072631835937500 3700000
0.069580078125000 3699929
0.000000000000000 3700070
0.071655273437500 3699964
0.071472167968750 3700000
0.072448730468750 3700000
0.072692871093750 3700000
0.069519042968750 3700000
0.070129394531250 3700035
0.069702148437500 3699676
0.071777343750000 3696860
0.070312500000000 3700035
0.072387695312500 3700000
0.072509765625000 3700000
0.072631835937500 3700000
0.000000000000000 3694929
0.070983886718750 3683334
0.072448730468750 3699335
0.072082519531250 3699964
0.071594238281250 3700000
0.073425292968750 3697536
0.072509765625000 3695541
0.070617675781250 3693214
0.072387695312500 3688904
0.071777343750000 3700000
0.064819335937500 3699929
0.076110839843750 3696639
0.071228027343750 3694659
0.000000000000000 3700105
0.072143554687500 3688879
0.126098632812500 3700000
0.062988281250000 3685231
0.000000000000000 3683332
0.075012207031250 3698033
0.075622558593750 3700000
0.069458007812500 3700000
0.064331054687500 3691147
0.069335937500000 3697716
0.078247070312500 3700035
0.071716308593750 3688901
0.070861816406250 3691508
0.067016601562500 3697381
0.062988281250000 3691647
0.067565917968750 3686906
0.075378417968750 3686833
0.066162109375000 3689245
0.069458007812500 3692206
0.069091796875000 3694608
0.068054199218750 3691026
0.000000000000000 3700000
0.138000488281250 3692673
0.000000000000000 3654470
0.067260742187500 3592877
0.065795898437500 3585351
0.058044433593750 3600034
0.060852050781250 3599965
0.068115234375000 3600000
0.066345214843750 3600000
0.067443847656250 3600034
0.068237304687500 3599965
0.063903808593750 3599965
0.064941406250000 3600034
0.065612792968750 3600000
0.058288574218750 3599965
0.064392089843750 3600034
0.066101074218750 3600000
0.067077636718750 3600000
0.065063476562500 3600000
0.000000000000000 3589631
0.067138671875000 3588439
0.064880371093750 3583365
0.065795898437500 3583647
0.065490722656250 3600000
0.067749023437500 3588686
0.067077636718750 3589045
0.064575195312500 3596106
0.067810058593750 3591241
0.064697265625000 3600000
0.068115234375000 3600000
0.064025878906250 3594690
0.000000000000000 3598911
0.064514160156250 3600000
0.067871093750000 3600034
0.066162109375000 3597076
0.065429687500000 3599387
0.064392089843750 3586586
0.066894531250000 3600000
0.063842773437500 3600000
0.058410644531250 3600000
0.066833496093750 3600000
0.067932128906250 3597463
0.067871093750000 3599965
0.067016601562500 3600034
0.067932128906250 3600000
0.000000000000000 3600000
0.065368652343750 3585573
0.064575195312500 3583334
0.066040039062500 3588875
0.057983398437500 3599965
0.067382812500000 3600034
0.065429687500000 3600034
0.067932128906250 3600000
0.065429687500000 3598713
0.059753417968750 3600000
0.064636230468750 3600000
0.066284179687500 3589291
0.068237304687500 3595680
0.067687988281250 3590639
0.000000000000000 3600034
0.125854492187500 3600000
0.058532714843750 3600000
0.059875488281250 3600034
0.062255859375000 3599392
0.060241699218750 3594814
0.000000000000000 3587685
0.068115234375000 3600000
0.064575195312500 3599359
0.067199707031250 3589467
0.066467285156250 3599181
0.065734863281250 3600034
0.067932128906250 3599965
0.065185546875000 3600034
0.067504882812500 3596702
0.064208984375000 3597837
0.065429687500000 3595199
0.067321777343750 3597884
0.000000000000000 3589365
0.066711425781250 3583300
0.067565917968750 3596778
0.063903808593750 3588681
0.065551757812500 3600034
0.065429687500000 3588281
0.059082031250000 3598698
0.066894531250000 3596282
0.066223144531250 3583330
0.065124511718750 3594538
0.066284179687500 3592269
0.067504882812500 3597758
0.064697265625000 3599965
0.065917968750000 3599965
0.000000000000000 3600000
0.065979003906250 3600034
0.066528320312500 3600000
0.065185546875000 3586423
0.065490722656250 3591314
0.066345214843750 3588908
0.063720703125000 3592218
0.066162109375000 3586859
0.067077636718750 3597877
0.063476562500000 3598182
0.066162109375000 3590861
0.066528320312500 3598366
0.065551757812500 3590577
0.065002441406250 3587310
0.000000000000000 3589443
0.065185546875000 3588922
0.069763183593750 3593238
0.065429687500000 3583296
0.066345214843750 3583336
0.064941406250000 3583330
0.065612792968750 3587973
0.066589355468750 3594555
0.065063476562500 3589704
0.066345214843750 3600034
0.065551757812500 3593956
0.067016601562500 3597383
0.000000000000000 3599965
0.064880371093750 3593595
0.066040039062500 3600000
0.063964843750000 3599965
0.066589355468750 3600034
0.067504882812500 3600000
0.064941406250000 3600000
0.065979003906250 3586529
0.065185546875000 3583332
0.068054199218750 3587957
0.066772460937500 3600000
0.066955566406250 3592959
0.000000000000000 3600000
0.068908691406250 3600000
0.066711425781250 3600000
0.058349609375000 3600000
0.065551757812500 3600000
0.064208984375000 3590080
0.063537597656250 3589447
0.067687988281250 3600000
0.064575195312500 3600000
0.067443847656250 3600000
0.065185546875000 3600000
0.065368652343750 3600000
0.066894531250000 3599965
0.065856933593750 3600034
0.000000000000000 3600034
0.065856933593750 3599965
0.065368652343750 3598549
0.069274902343750 3592267
0.064880371093750 3589212
0.065063476562500 3597011
0.065673828125000 3597111
0.064392089843750 3591797
0.068176269531250 3586094
0.065429687500000 3591679
0.066223144531250 3587311
0.066162109375000 3600025
0.066101074218750 3597016
0.000000000000000 3592107
0.064819335937500 3596737
0.064086914062500 3600068
0.064575195312500 3588911
0.065429687500000 3595522
0.068359375000000 3588717
0.064025878906250 3600068
0.066284179687500 3599965
0.065307617187500 3592986
0.065551757812500 3601913
0.077209472656250 3800000
0.076232910156250 3800000
0.076171875000000 3800000
0.078063964843750 3800000
0.000000000000000 3800036
0.078369140625000 3799963
0.080139160156250 3799963
0.075500488281250 3800036
0.068420410156250 3800000
0.076782226562500 3800000
0.078247070312500 3799963
0.078063964843750 3800036
0.076904296875000 3800000
0.078308105468750 3800000
0.076904296875000 3800000
0.077819824218750 3800000
0.075805664062500 3800000
0.076721191406250 3800000
0.000000000000000 3800000
0.144042968750000 3799963
0.000000000000000 3800036
0.078063964843750 3800000
0.075866699218750 3800000
0.078491210937500 3800000
0.079895019531250 3800036
0.077880859375000 3799927
0.076904296875000 3800036
0.077453613281250 3800000
0.079040527343750 3800000
0.076171875000000 3800000
0.076538085937500 3800000
0.079040527343750 3800000
0.000000000000000 3800000
0.077697753906250 3800000
0.078674316406250 3799927
0.078918457031250 3800072
0.077941894531250 3800000
0.075927734375000 3800000
0.079162597656250 3800000
0.068359375000000 3800000
0.077209472656250 3800000
0.076293945312500 3800000
0.079711914062500 3800000
0.068664550781250 3800000
0.068542480468750 3799963
0.078979492187500 3800036
0.076599121093750 3800000
0.077453613281250 3800000
0.079895019531250 3800000
0.000000000000000 3800000
0.077087402343750 3800000
0.078918457031250 3800000
0.077392578125000 3800000
0.079589843750000 3800000
0.074707031250000 3800036
0.076721191406250 3799963
0.074157714843750 3799963
0.079467773437500 3800036
0.079345703125000 3800000
0.080505371093750 3800000
0.078063964843750 3800000
0.000000000000000 3800000
0.074279785156250 3800036
0.081298828125000 3799963
0.075256347656250 3800000
0.068725585937500 3800000
0.075073242187500 3800000
0.077575683593750 3800000
0.078796386718750 3800000
0.078552246093750 3800000
0.077453613281250 3799927
0.076904296875000 3800072
0.076904296875000 3799963
0.078125000000000 3800036
0.077758789062500 3799927
0.075683593750000 3800000
0.068359375000000 3800072
0.000000000000000 3800000
0.077026367187500 3800000
0.073669433593750 3799963
0.073791503906250 3800036
0.072021484375000 3799963
0.074157714843750 3800036
0.075195312500000 3800000
0.075683593750000 3800000
0.073547363281250 3799963
0.071960449218750 3800036
0.074523925781250 3800036
0.070068359375000 3799963
0.000000000000000 3800000
0.075073242187500 3799963
0.073730468750000 3800036
0.074584960937500 3799963
0.065002441406250 3800036
0.072326660156250 3800000
0.074157714843750 3800000
0.072387695312500 3799963
0.074279785156250 3800036
0.070800781250000 3800000
0.072204589843750 3800000
0.074096679687500 3800000
0.071228027343750 3800000
0.074584960937500 3800000
0.000000000000000 3800000
0.071838378906250 3800000
0.075317382812500 3800000
0.071472167968750 3800000
0.076599121093750 3799963
0.074340820312500 3800000
0.071594238281250 3800036
0.076477050781250 3800000
0.071472167968750 3800000
0.075317382812500 3800000
0.069641113281250 3800000
0.074523925781250 3800000
0.000000000000000 3799927
0.075744628906250 3800072
0.073181152343750 3800000
0.064880371093750 3800000
0.070434570312500 3800036
0.074462890625000 3799963
0.072082519531250 3800000
0.073608398437500 3799964
0.070922851562500 3800036
0.076477050781250 3800036
0.073547363281250 3799927
0.074645996093750 3800036
0.074890136718750 3800000
0.072692871093750 3799927
0.000000000000000 3800072
0.074584960937500 3800000
0.074462890625000 3800000
0.074890136718750 3800000
0.073059082031250 3800000
0.073852539062500 3755084
0.065368652343750 3800072
0.074218750000000 3800000
0.074218750000000 3800000
0.077087402343750 3800000
0.072753906250000 3800000
0.076110839843750 3800000
0.000000000000000 3800036
0.071716308593750 3799963
0.073974609375000 3800000
0.074829101562500 3800000
0.074096679687500 3799963
0.076354980468750 3800036
0.073730468750000 3800000
0.074340820312500 3800000
0.073303222656250 3800000
0.064697265625000 3800000
0.073852539062500 3800000
0.073059082031250 3800000
0.000000000000000 3800000
0.074340820312500 3799963
0.071899414062500 3800036
0.074218750000000 3799927
0.073364257812500 3800072
0.074951171875000 3800036
0.072937011718750 3799963
0.076110839843750 3800000
0.075195312500000 3800000
0.073425292968750 3799891
0.074768066406250 3800108
0.072509765625000 3800000
0.065795898437500 3800000
0.000000000000000 3799927
0.072692871093750 3800036
0.075622558593750 3800036
0.073425292968750 3800000
0.073120117187500 3800000
0.073059082031250 3800000
0.071228027343750 3800000
0.073669433593750 3799963
0.072753906250000 3800036
0.073547363281250 3800000
0.074218750000000 3800000
0.071960449218750 3800000
0.072570800781250 3800000
0.000000000000000 3800000
0.074645996093750 3800000
0.074218750000000 3800000
0.073608398437500 3800000
0.073608398437500 3800036
0.075866699218750 3799963
0.072326660156250 3800000
0.072875976562500 3800000
0.073425292968750 3800000
0.073974609375000 3799927
0.074951171875000 3800072
0.000000000000000 3800036
0.076049804687500 3799963
0.073608398437500 3800000
0.073364257812500 3800000
0.073852539062500 3800000
0.074279785156250 3800000
0.073852539062500 3800000
0.073791503906250 3800036
0.073242187500000 3799963
0.065307617187500 3800000
0.071289062500000 3800000
0.076049804687500 3799927
0.071105957031250 3800072
0.064331054687500 3800036
0.073242187500000 3799963
0.064880371093750 3800000
0.070861816406250 3800000
0.000000000000000 3800000
0.073730468750000 3800000
0.077209472656250 3800000
0.071777343750000 3800000
0.064331054687500 3800000
0.073303222656250 3800000
0.073364257812500 3800000
0.073547363281250 3799963
0.073730468750000 3800036
0.072448730468750 3800000
0.064514160156250 3800000
0.076965332031250 3800000
0.071899414062500 3799963
0.075927734375000 3800036
0.073364257812500 3800000
0.000000000000000 3800000
0.075256347656250 3800000
0.073791503906250 3800000
0.064392089843750 3800000
0.075378417968750 3800000
0.071594238281250 3800036
0.073852539062500 3799963
0.075561523437500 3799963
0.074096679687500 3800036
0.072326660156250 3800000
0.073364257812500 3800036
0.066467285156250 3799963
0.072265625000000 3800000
0.072998046875000 3800000
0.070617675781250 3800000
0.000000000000000 3800036
0.074096679687500 3799963
0.074707031250000 3800000
0.072875976562500 3800000
0.074584960937500 3800000
0.069641113281250 3799963
0.076110839843750 3800000
0.070556640625000 3800036
0.071716308593750 3800000
0.072570800781250 3800036
0.075927734375000 3799963
0.072509765625000 3800000
0.000000000000000 3800000
0.074218750000000 3800000
0.074340820312500 3800000
0.071105957031250 3799963
0.073852539062500 3800036
0.071533203125000 3800000
0.073425292968750 3800000
0.072814941406250 3799927
0.076049804687500 3800072
0.065063476562500 3800000
0.071472167968750 3800000
0.075073242187500 3800000
0.070983886718750 3800000
0.074401855468750 3800000
0.071411132812500 3800000
0.000000000000000 3800000
0.076110839843750 3799963
0.072326660156250 3800036
0.072326660156250 3799963
0.065673828125000 3800036
0.072998046875000 3799927
0.072937011718750 3800036
0.071594238281250 3800036
0.076599121093750 3800036
0.076599121093750 3800000
0.072204589843750 3799963
0.073425292968750 3800000
0.072692871093750 3800000
0.000000000000000 3800000
0.075988769531250 3800000
0.070983886718750 3800000
0.072875976562500 3800000
0.076293945312500 3800000
0.072998046875000 3800000
0.064636230468750 3800000
0.074340820312500 3799963
0.073486328125000 3800036
0.072082519531250 3800000
0.075439453125000 3800000
0.073059082031250 3800000
0.076660156250000 3800000
0.000000000000000 3800036
0.073486328125000 3800000
0.072814941406250 3799963
0.072814941406250 3799963
0.071960449218750 3800000
0.072204589843750 3800036
0.072326660156250 3800000
0.074462890625000 3800000
0.073059082031250 3800000
0.073303222656250 3800000
0.073059082031250 3800000
0.075622558593750 3800000
0.074279785156250 3800000
0.000000000000000 3799891
0.074829101562500 3800072
0.071472167968750 3800036
0.073486328125000 3800000
0.071838378906250 3800000
0.071533203125000 3800000
0.070922851562500 3799963
0.073974609375000 3800036
0.072570800781250 3799963
0.074462890625000 3800036
0.070373535156250 3800000
0.074951171875000 3800036
0.074035644531250 3799963
0.000000000000000 3800000
0.075561523437500 3800000
0.074951171875000 3800000
0.074951171875000 3800000
0.071350097656250 3800000
0.076232910156250 3800000
0.073913574218750 3800000
0.072692871093750 3800000
0.071838378906250 3800000
0.073486328125000 3800000
0.074279785156250 3800000
0.070861816406250 3800000
0.000000000000000 3800000
0.076232910156250 3800000
0.070678710937500 3800000
0.076354980468750 3800000
0.073974609375000 3800000
0.073486328125000 3800000
0.074707031250000 3800000
0.070861816406250 3800000
0.076721191406250 3800000
0.072204589843750 3800000
0.073974609375000 3800000
0.000000000000000 3800000
0.074340820312500 3800000
0.075744628906250 3800000
0.076477050781250 3800000
0.070800781250000 3800000
0.074584960937500 3800000
0.071411132812500 3800000
0.075500488281250 3800000
0.073852539062500 3800000
0.074096679687500 3800000
0.073059082031250 3800000
0.073608398437500 3800000
0.000000000000000 3800000
0.073791503906250 3800000
0.073364257812500 3799963
0.074707031250000 3800072
0.075744628906250 3799963
0.072692871093750 3800000
0.072570800781250 3800000
0.072204589843750 3800000
0.075561523437500 3800000
0.072937011718750 3800000
0.074096679687500 3799927
0.071594238281250 3800072
0.071105957031250 3800000
0.000000000000000 3800000
0.075683593750000 3799927
0.072143554687500 3800072
0.072937011718750 3800000
0.071350097656250 3800000
0.072204589843750 3800000
0.072570800781250 3800000
0.074890136718750 3800000
0.074890136718750 3800000
0.071960449218750 3800000
0.074890136718750 3800000
0.074462890625000 3799963
0.000000000000000 3800036
0.073730468750000 3800000
0.075439453125000 3800000
0.072631835937500 3800000
0.073547363281250 3800000
0.072204589843750 3800000
0.074768066406250 3800000
0.071838378906250 3800000
0.074768066406250 3800000
0.076232910156250 3800000
0.072082519531250 3800036
0.074401855468750 3799963
0.000000000000000 3800000
0.072570800781250 3800000
0.064941406250000 3800000
0.071594238281250 3800000
0.073547363281250 3800000
0.073425292968750 3800000
0.074096679687500 3800000
0.075134277343750 3800000
0.071166992187500 3800000
0.073730468750000 3800000
0.071777343750000 3800000
0.072631835937500 3713265
0.070373535156250 3694029
0.072509765625000 3683297
0.000000000000000 3683369
0.073913574218750 3694579
0.070617675781250 3683295
0.072509765625000 3683456
0.072143554687500 3700000
0.070495605468750 3688955
0.069274902343750 3699922
0.073486328125000 3689054
0.071594238281250 3694508
0.072753906250000 3683333
0.063049316406250 3699729
0.070373535156250 3700000
0.070495605468750 3688966
0.070312500000000 3699964
0.071899414062500 3683997
0.000000000000000 3683332
0.073425292968750 3687846
0.073303222656250 3689984
0.072753906250000 3683336
0.069702148437500 3683331
0.071899414062500 3698830
0.069580078125000 3690218
0.071777343750000 3694588
0.073913574218750 3692913
0.070251464843750 3688872
0.071105957031250 3700035
0.072937011718750 3685217
0.000000000000000 3683299
0.071411132812500 3698097
0.072753906250000 3700000
0.070983886718750 3699964
0.071533203125000 3700035
0.071716308593750 3700000
0.070983886718750 3691198
0.070861816406250 3686534
0.071166992187500 3691360
0.071716308593750 3697491
0.071472167968750 3700000
0.073242187500000 3700105
0.071899414062500 3691556
0.000000000000000 3697118
0.073181152343750 3699929
0.072021484375000 3688942
0.072265625000000 3692208
0.069030761718750 3685572
0.070861816406250 3692314
0.072631835937500 3694562
0.072204589843750 3683333
0.070922851562500 3683330
0.070983886718750 3683369
0.073303222656250 3694536
0.072814941406250 3683299
0.000000000000000 3696183
0.071105957031250 3692869
0.073669433593750 3694572
0.069091796875000 3683368
0.063171386718750 3683332
0.069946289062500 3690208
0.071105957031250 3700000
0.069213867187500 3700000
0.072509765625000 3700000
0.073791503906250 3700000
0.072387695312500 3699964
0.070617675781250 3700035
0.072937011718750 3700000
0.063232421875000 3700000
0.072387695312500 3700000
0.070373535156250 3693944
0.000000000000000 3695525
0.070251464843750 3700035
0.072814941406250 3699964
0.072265625000000 3700035
0.069274902343750 3699964
0.072509765625000 3700035
0.070129394531250 3699964
0.073913574218750 3700000
0.070007324218750 3700000
0.071289062500000 3700035
0.072570800781250 3699964
0.071105957031250 3700000
0.071838378906250 3700000
0.000000000000000 3700035
0.070495605468750 3700000
0.071411132812500 3700000
0.068969726562500 3699964
0.070983886718750 3700000
0.073974609375000 3700035
0.071777343750000 3700000
0.070617675781250 3700000
0.069580078125000 3700000
0.072631835937500 3699964
0.071655273437500 3700000
0.073303222656250 3700035
0.072021484375000 3700000
0.000000000000000 3700000
0.072937011718750 3697218
0.072265625000000 3699340
0.069763183593750 3700000
0.071533203125000 3700035
0.070251464843750 3699964
0.064270019531250 3700000
0.071838378906250 3700035
0.071044921875000 3700000
0.071777343750000 3699964
0.072082519531250 3700000
0.073181152343750 3700035
0.071044921875000 3700000
0.070495605468750 3699964
0.000000000000000 3700035
0.135498046875000 3699964
0.000000000000000 3700000
0.072875976562500 3700000
0.069580078125000 3700000
0.073425292968750 3700035
0.071655273437500 3699964
0.071228027343750 3695809
0.071411132812500 3700035
0.063476562500000 3700000
0.072387695312500 3699964
0.074096679687500 3700035
0.071777343750000 3699964
0.071289062500000 3691871
0.072021484375000 3699929
0.000000000000000 3700035
0.072631835937500 3700035
0.072204589843750 3699964
0.070129394531250 3700035
0.073547363281250 3699964
0.070739746093750 3700000
0.073181152343750 3700035
0.072814941406250 3699964
0.071899414062500 3700000
0.071289062500000 3700000
0.073913574218750 3700000
0.070312500000000 3700000
0.000000000000000 3700000
0.070861816406250 3700035
0.071533203125000 3700000
0.074401855468750 3699964
0.071350097656250 3700000
0.071655273437500 3700035
0.072387695312500 3699964
0.070312500000000 3700000
0.071655273437500 3700000
0.071960449218750 3700000
0.073059082031250 3700000
0.070800781250000 3700000
0.000000000000000 3700035
0.072143554687500 3700000
0.073181152343750 3700000
0.070251464843750 3699964
0.071899414062500 3700000
0.069763183593750 3700000
0.071655273437500 3700035
0.071533203125000 3699964
0.071289062500000 3700035
0.072143554687500 3700000
0.069763183593750 3700000
0.074462890625000 3700000
0.069702148437500 3700000
0.000000000000000 3700000
0.072509765625000 3699964
0.069641113281250 3700035
0.073547363281250 3700000
0.071899414062500 3700000
0.071960449218750 3699964
0.072021484375000 3700035
0.069580078125000 3699964
0.072448730468750 3700000
0.071411132812500 3700000
0.072631835937500 3700000
0.072387695312500 3700000
0.071166992187500 3700000
0.000000000000000 3699929
0.071533203125000 3700070
0.069763183593750 3700035
0.072692871093750 3700000
0.070617675781250 3700000
0.063110351562500 3699964
0.069396972656250 3700000
0.074279785156250 3700035
0.071777343750000 3699929
0.072448730468750 3700070
0.070556640625000 3699964
0.070007324218750 3700035
0.072570800781250 3699964
0.070190429687500 3700035
0.072692871093750 3699964
0.000000000000000 3700035
0.073608398437500 3699964
0.070251464843750 3700035
0.072875976562500 3699964
0.071289062500000 3700035
0.072814941406250 3699964
0.070007324218750 3700035
0.072265625000000 3699964
0.072814941406250 3700035
0.072265625000000 3700000
0.072448730468750 3699929
0.070556640625000 3700035
0.000000000000000 3700000
0.070678710937500 3700035
0.073669433593750 3696575
0.063049316406250 3700000
0.071899414062500 3700000
0.069702148437500 3700000
0.073974609375000 3699964
0.072937011718750 3700000
0.070373535156250 3700035
0.069641113281250 3699964
0.072021484375000 3700000
0.074035644531250 3700035
0.072143554687500 3699964
0.000000000000000 3700000
0.072875976562500 3700000
0.069641113281250 3700000
0.071899414062500 3700000
0.071899414062500 3700000
0.071899414062500 3700000
0.072387695312500 3700000
0.070312500000000 3700000
0.071289062500000 3700000
0.071105957031250 3700000
0.062927246093750 3700035
0.070251464843750 3700000
0.072998046875000 3698997
0.071960449218750 3699964
0.071533203125000 3695860
0.000000000000000 3691259
0.071105957031250 3697670
0.069274902343750 3693030
0.074707031250000 3700035
0.071289062500000 3700000
0.071105957031250 3700000
0.070922851562500 3700000
0.072875976562500 3700000
0.073059082031250 3700000
0.072570800781250 3699964
0.071960449218750 3700035
0.070068359375000 3700000
0.070861816406250 3699964
0.000000000000000 3700035
0.072692871093750 3700000
0.074096679687500 3699964
0.070068359375000 3700000
0.069702148437500 3700000
0.072021484375000 3700000
0.070739746093750 3700000
0.071899414062500 3700035
0.072570800781250 3699964
0.072387695312500 3700035
0.072631835937500 3700000
0.069458007812500 3699964
0.000000000000000 3700000
0.073425292968750 3700035
0.070495605468750 3700000
0.072021484375000 3700000
0.070495605468750 3700000
0.071289062500000 3699964
0.072631835937500 3700000
0.072631835937500 3700035
0.072265625000000 3700000
0.071899414062500 3699964
0.072692871093750 3700000
0.069702148437500 3700000
0.000000000000000 3700035
0.073913574218750 3699964
0.072937011718750 3700035
0.071655273437500 3700000
0.071289062500000 3700000
0.072387695312500 3699964
0.070922851562500 3700000
0.072326660156250 3700000
0.071044921875000 3693131
0.072998046875000 3700000
0.072814941406250 3697118
0.070617675781250 3700000
0.070251464843750 3700000
0.000000000000000 3700000
0.133361816406250 3700035
0.000000000000000 3699964
0.070617675781250 3700035
0.075988769531250 3699964
0.070861816406250 3700000
0.073608398437500 3700000
0.073120117187500 3700000
0.071289062500000 3700000
0.071655273437500 3700035
0.072021484375000 3699964
0.064025878906250 3700000
0.070983886718750 3700000
0.072753906250000 3700000
0.070434570312500 3700035
0.000000000000000 3699964
0.072082519531250 3700000
0.070739746093750 3700035
0.072814941406250 3699964
0.073852539062500 3700035
0.071960449218750 3699964
0.064086914062500 3700000
0.069763183593750 3700000
0.071899414062500 3700000
0.070007324218750 3700035
0.072692871093750 3699964
0.072082519531250 3700000
0.073547363281250 3700035
0.000000000000000 3700000
0.073791503906250 3697204
0.069519042968750 3699341
0.071777343750000 3700035
0.071411132812500 3693339
0.070800781250000 3699964
0.072631835937500 3700000
0.070922851562500 3700035
0.072753906250000 3699964
0.071472167968750 3700000
0.070495605468750 3700000
0.069519042968750 3700000
0.073547363281250 3700017
0.000000000000000 3696487
0.070495605468750 3700000
0.072509765625000 3700000
0.070861816406250 3700000
0.071166992187500 3700035
0.074584960937500 3699964
0.071533203125000 3700035
0.070312500000000 3700000
0.070190429687500 3699964
0.074584960937500 3700035
0.072143554687500 3700000
0.070617675781250 3699964
0.071777343750000 3699964
0.000000000000000 3700070
0.069396972656250 3699964
0.072631835937500 3700000
0.070617675781250 3699964
0.074035644531250 3700070
0.071533203125000 3699964
0.071777343750000 3700000
0.072814941406250 3700035
0.068908691406250 3699964
0.063354492187500 3698882
0.070129394531250 3700000
0.071166992187500 3700000
0.074707031250000 3700000
0.069580078125000 3700035
0.000000000000000 3700000
0.072387695312500 3700000
0.072143554687500 3699964
0.071838378906250 3700000
0.071350097656250 3700035
0.073974609375000 3699894
0.071472167968750 3700070
0.073364257812500 3700000
0.073913574218750 3700000
0.071838378906250 3700035
0.074096679687500 3700000
0.000000000000000 3699964
0.075866699218750 3700035
0.072509765625000 3700000
0.286926269531250 3699992
0.071289062500000 3700035
0.075683593750000 3700000
0.073852539062500 3700000
0.074218750000000 3699964
0.069335937500000 3700000
0.069458007812500 3700000
0.071044921875000 3700000
0.075378417968750 3700000
0.075073242187500 3700035
0.067077636718750 3700000
0.064636230468750 3699964
0.066223144531250 3700035
0.000000000000000 3699964
0.075866699218750 3700035
0.066284179687500 3700000
0.067565917968750 3700000
0.063476562500000 3699964
0.075073242187500 3698841
0.078063964843750 3699964
0.064880371093750 3700070
0.072265625000000 3699964
0.070129394531250 3700035
0.075927734375000 3699964
0.064697265625000 3700035
0.071411132812500 3699964
0.072509765625000 3700000
0.070495605468750 3700035
0.064453125000000 3699894
0.070495605468750 3700070
0.073364257812500 3513991
0.000000000000000 3699929
0.072265625000000 3700070
0.072814941406250 3700000
0.072021484375000 3700000
0.073303222656250 3700035
0.075195312500000 3700000
0.068359375000000 3700000
0.073547363281250 3696573
0.070739746093750 3699964
0.071594238281250 3700000
0.069519042968750 3700035
0.000000000000000 3700000
0.075195312500000 3699929
0.070434570312500 3700000
0.071289062500000 3700070
0.071044921875000 3698551
0.069763183593750 3700000
0.072143554687500 3700035
0.070312500000000 3699859
0.072143554687500 3700105
0.072021484375000 3700035
0.072692871093750 3700000
0.073486328125000 3699964
0.071166992187500 3700000
0.000000000000000 3699964
0.071594238281250 3700070
0.074279785156250 3699964
0.062927246093750 3700035
0.072143554687500 3696973
0.071472167968750 3696114
0.073913574218750 3700000
0.071105957031250 3700000
0.071105957031250 3700000
0.071777343750000 3699964
0.072265625000000 3700000
0.070922851562500 3700000
0.072570800781250 3700000
0.000000000000000 3700000
0.073059082031250 3700035
0.069885253906250 3697207
0.071838378906250 3699964
0.072021484375000 3700000
0.072326660156250 3700000
0.072143554687500 3700000
0.070739746093750 3700000
0.064147949218750 3700000
0.073242187500000 3700035
0.063842773437500 3700000
0.076721191406250 3699964
0.066711425781250 3700035
0.066528320312500 3699964
0.065673828125000 3700035
0.065673828125000 3700000
0.072021484375000 3700000
0.071472167968750 3699964
0.000000000000000 3700035
0.072692871093750 3699964
0.072326660156250 3700000
0.070251464843750 3700035
0.069335937500000 3699964
0.073059082031250 3700000
0.070861816406250 3700035
0.071289062500000 3700000
0.071228027343750 3699894
0.072509765625000 3700105
0.070861816406250 3699964
0.071838378906250 3700035
0.069335937500000 3700000
0.073425292968750 3698183
0.000000000000000 3699964
0.075134277343750 3700035
0.069763183593750 3700000
0.072021484375000 3700000
0.071411132812500 3699964
0.070129394531250 3700035
0.075500488281250 3699964
0.071533203125000 3700035
0.071655273437500 3699964
0.071411132812500 3700000
0.071899414062500 3700035
0.069519042968750 3700000
0.000000000000000 3700000
0.072509765625000 3700000
0.073120117187500 3700000
0.071655273437500 3694799
0.072753906250000 3696258
0.069152832031250 3699964
0.073669433593750 3700000
0.072021484375000 3700035
0.074768066406250 3700000
0.073913574218750 3699964
0.071289062500000 3700035
0.000000000000000 3700000
0.072692871093750 3699964
0.072265625000000 3700035
0.072937011718750 3700000
0.069458007812500 3699964
0.071166992187500 3700035
0.073059082031250 3700000
0.062988281250000 3700000
0.072692871093750 3699964
0.072082519531250 3700035
0.070922851562500 3699964
0.071350097656250 3700000
0.073791503906250 3700035
0.000000000000000 3699964
0.074829101562500 3700000
0.070007324218750 3700035
0.071533203125000 3699964
0.072326660156250 3699964
0.073059082031250 3699194
0.071350097656250 3700000
0.070617675781250 3700000
0.072387695312500 3700000
0.074340820312500 3695297
0.070312500000000 3700000
0.069458007812500 3699964
0.072265625000000 3700000
0.000000000000000 3700000
0.070495605468750 3700035
0.070800781250000 3700000
0.072448730468750 3700000
0.070861816406250 3700000
0.071655273437500 3700000
0.070983886718750 3699964
0.071350097656250 3700000
0.070434570312500 3700035
0.072631835937500 3698550
0.072265625000000 3692063
0.072387695312500 3700000
0.063598632812500 3700000
0.073303222656250 3700000
0.000000000000000 3699964
0.074157714843750 3700035
0.063537597656250 3700000
0.071289062500000 3700000
0.070495605468750 3639693
0.060058593750000 3600034
0.068725585937500 3599965
0.066101074218750 3600034
0.067321777343750 3599965
0.063842773437500 3600000
0.065734863281250 3600000
0.067504882812500 3600000
0.066955566406250 3600000
0.067199707031250 3600000
0.000000000000000 3600000
0.067199707031250 3600000
0.066467285156250 3596934
0.064453125000000 3591977
0.066772460937500 3600000
0.064697265625000 3591537
0.066833496093750 3596269
0.067199707031250 3600034
0.065551757812500 3597471
0.067077636718750 3583333
0.063842773437500 3593878
0.068115234375000 3591300
0.066833496093750 3588932
0.066467285156250 3600000
0.000000000000000 3596033
0.068176269531250 3600000
0.066894531250000 3598098
0.067016601562500 3590705
0.065185546875000 3596406
0.059204101562500 3592690
0.064331054687500 3596223
0.067810058593750 3600000
0.067138671875000 3599931
0.067321777343750 3593146
0.067382812500000 3595842
0.064819335937500 3593269
0.066589355468750 3583369
0.000000000000000 3595229
0.066284179687500 3599965
0.066040039062500 3600068
0.065979003906250 3599965
0.066589355468750 3599965
0.065368652343750 3585979
0.065368652343750 3583335
0.066101074218750 3599053
0.066345214843750 3588949
0.058654785156250 3589085
0.066345214843750 3588702
0.067199707031250 3600000
0.066467285156250 3600000
0.000000000000000 3600000
0.067382812500000 3600000
0.067321777343750 3600000
0.065917968750000 3600000
0.066833496093750 3600000
0.065063476562500 3600000
0.068359375000000 3600000
0.067138671875000 3597155
0.064819335937500 3600000
0.066467285156250 3588924
0.067260742187500 3600000
0.067260742187500 3588892
0.000000000000000 3600000
0.068420410156250 3585038
0.067443847656250 3592705
0.058471679687500 3600034
0.057983398437500 3599965
0.065307617187500 3596540
0.064514160156250 3594561
0.066223144531250 3600000
0.065795898437500 3600000
0.065795898437500 3600000
0.069519042968750 3591443
0.065063476562500 3594568
0.066162109375000 3591737
0.064941406250000 3600034
0.066894531250000 3599965
0.065124511718750 3600034
0.000000000000000 3591889
0.066955566406250 3587558
0.068115234375000 3595536
0.063598632812500 3600000
0.067138671875000 3600000
0.065917968750000 3599965
0.067871093750000 3600034
0.065917968750000 3600034
0.065429687500000 3599965
0.066284179687500 3600000
0.063293457031250 3600000
0.058166503906250 3600000
0.064514160156250 3600034
0.065490722656250 3590189
0.065734863281250 3592451
0.000000000000000 3600000
0.065979003906250 3600000
0.066284179687500 3600000
0.067199707031250 3600000
0.068054199218750 3599965
0.065002441406250 3600034
0.066467285156250 3600000
0.067993164062500 3600034
0.068054199218750 3596588
0.064514160156250 3594007
0.066528320312500 3583331
0.000000000000000 3583265
0.065856933593750 3594873
0.064758300781250 3599965
0.067932128906250 3600000
0.065673828125000 3600000
0.068237304687500 3600000
0.063232421875000 3600000
0.067321777343750 3600000
0.066772460937500 3600000
0.064086914062500 3600000
0.067382812500000 3600034
0.064392089843750 3599965
0.068237304687500 3600000
0.000000000000000 3598815
0.065795898437500 3598821
0.069702148437500 3600000
0.065246582031250 3600000
0.064453125000000 3600000
0.065673828125000 3599931
0.064514160156250 3590110
0.066955566406250 3599311
0.065856933593750 3596670
0.066040039062500 3599965
0.067626953125000 3590334
0.066284179687500 3595629
0.067504882812500 3592278
0.000000000000000 3598401
0.066406250000000 3600000
0.066406250000000 3600034
0.064880371093750 3599965
0.067138671875000 3588910
0.066589355468750 3596965
0.065734863281250 3600000
0.065002441406250 3600000
0.057983398437500 3422260
0.058288574218750 3599965
0.065185546875000 3599148
0.066955566406250 3600034
0.066345214843750 3599965
0.058044433593750 3600034
0.066345214843750 3599965
0.066589355468750 3599965
0.065490722656250 3600068
0.000000000000000 3600000
0.066162109375000 3600000
0.058227539062500 3592023
0.063964843750000 3583334
0.064636230468750 3583331
0.063598632812500 3596804
0.066528320312500 3600000
0.066772460937500 3600000
0.065734863281250 3600000
0.066162109375000 3600000
0.064880371093750 3597684
0.067138671875000 3599965
0.065979003906250 3600000
0.067138671875000 3598546
0.000000000000000 3588897
0.067382812500000 3600000
0.066772460937500 3599965
0.057861328125000 3600034
0.065246582031250 3598253
0.065612792968750 3584237
0.065307617187500 3593831
0.065429687500000 3595197
0.067199707031250 3597469
0.067016601562500 3600000
0.065612792968750 3600000
0.065246582031250 3598048
0.066223144531250 3589293
0.065979003906250 3600034
0.000000000000000 3600000
0.066650390625000 3600000
0.066467285156250 3600000
0.065246582031250 3600000
0.066406250000000 3593118
0.064636230468750 3599965
0.067810058593750 3600034
0.066345214843750 3600000
0.066284179687500 3600000
0.067687988281250 3600000
0.065490722656250 3600000
0.066650390625000 3600000
0.057861328125000 3600000
0.066223144531250 3600000
0.000000000000000 3595788
0.065795898437500 3590441
0.067871093750000 3600102
0.066650390625000 3600000
0.064147949218750 3600000
0.066467285156250 3600034
0.063476562500000 3599965
0.067382812500000 3590567
0.066162109375000 3598344
0.065368652343750 3600000
0.068542480468750 3599965
0.065795898437500 3596989
0.059020996093750 3583262
0.065063476562500 3592260
0.000000000000000 3589964
0.065429687500000 3591283
0.065307617187500 3591511
0.065551757812500 3599630
0.065612792968750 3583330
0.064880371093750 3591822
0.066955566406250 3586034
0.064453125000000 3594401
0.066589355468750 3600000
0.064514160156250 3599965
0.066955566406250 3600000
0.064086914062500 3600000
0.067260742187500 3600000
0.000000000000000 3600000
0.067932128906250 3600000
0.066223144531250 3599965
0.064575195312500 3600034
0.064331054687500 3600000
0.067749023437500 3600000
0.063964843750000 3600000
0.065551757812500 3600000
0.067871093750000 3600000
0.063964843750000 3600034
0.065490722656250 3592431
0.065979003906250 3588942
0.000000000000000 3600000
0.069030761718750 3599055
0.065551757812500 3595269
0.059875488281250 3588260
0.068420410156250 3589439
0.064575195312500 3600000
0.067260742187500 3600000
0.064514160156250 3588538
0.058044433593750 3583331
0.065002441406250 3586613
0.065673828125000 3596950
0.063415527343750 3600000
0.070495605468750 3599464
0.065002441406250 3586681
0.065856933593750 3600000
0.000000000000000 3599897
0.067138671875000 3600068
0.065002441406250 3600034
0.066467285156250 3588915
0.064392089843750 3598336
0.067504882812500 3599965
0.067382812500000 3593090
0.066223144531250 3599286
0.065795898437500 3596277
0.064819335937500 3593247
0.065246582031250 3594039
0.065002441406250 3600000
0.058410644531250 3597904
0.066589355468750 3594548
0.065063476562500 3597640
0.000000000000000 3594651
0.067382812500000 3592573
0.067321777343750 3596515
0.065429687500000 3592393
0.064025878906250 3596634
0.065368652343750 3586859
0.066650390625000 3596303
0.065795898437500 3599965
0.067443847656250 3600034
0.064819335937500 3600000
0.064514160156250 3600000
0.065002441406250 3595155
0.064392089843750 3600000
0.000000000000000 3600000
0.064453125000000 3598208
0.066406250000000 3593409
0.066284179687500 3594809
0.065429687500000 3590963
0.065917968750000 3597836
0.063232421875000 3597365
0.065551757812500 3600000
0.066345214843750 3599965
0.067565917968750 3599008
0.065979003906250 3600000
0.064758300781250 3598838
0.066711425781250 3583330
0.065734863281250 3595608
0.000000000000000 3594351
0.065307617187500 3594517
0.064514160156250 3597628
0.066528320312500 3600000
0.065795898437500 3599965
0.064819335937500 3600034
0.065917968750000 3600034
0.064575195312500 3588807
0.066894531250000 3594119
0.065551757812500 3591672
0.066833496093750 3600034
0.066833496093750 3588937
0.064880371093750 3599965
0.000000000000000 3600000
0.066955566406250 3600000
0.066772460937500 3600000
0.066162109375000 3600034
0.067260742187500 3600000
0.066955566406250 3599965
0.067138671875000 3600000
0.065124511718750 3600034
0.064514160156250 3599965
0.066101074218750 3595230
0.057922363281250 3593658
0.065002441406250 3597259
0.067016601562500 3585002
0.066833496093750 3596872
0.000000000000000 3600000
0.067382812500000 3600000
0.066955566406250 3600000
0.063964843750000 3597393
0.067687988281250 3589964
0.064514160156250 3598205
0.059448242187500 3590681
0.063903808593750 3594568
0.066650390625000 3594377
0.065063476562500 3585810
0.064331054687500 3591765
0.067077636718750 3598546
0.066162109375000 3599965
0.066162109375000 3600034
0.000000000000000 3600000
0.064514160156250 3596572
0.068176269531250 3600000
0.065429687500000 3600034
0.065063476562500 3600000
0.065246582031250 3600000
0.064208984375000 3596488
0.066284179687500 3596594
0.064514160156250 3600000
0.066772460937500 3600000
0.067687988281250 3600000
0.067260742187500 3600000
0.065551757812500 3600000
0.000000000000000 3587143
0.065124511718750 3592445
0.066284179687500 3600000
0.065063476562500 3600000
0.065979003906250 3598063
0.066955566406250 3590076
0.063598632812500 3600000
0.066467285156250 3600000
0.068176269531250 3600000
0.065612792968750 3591625
0.064147949218750 3543776
0.067565917968750 3562070
0.059631347656250 3594586
0.000000000000000 3600000
0.067443847656250 3600000
0.067993164062500 3600000
0.065551757812500 3599965
0.066955566406250 3594672
0.066650390625000 3595180
0.058593750000000 3600000
0.068298339843750 3642513
0.065063476562500 3800000
0.074096679687500 3783541
0.072631835937500 3688308
0.070617675781250 3689542
0.069580078125000 3688173
0.073852539062500 3700070
0.000000000000000 3695351
0.072814941406250 3683296
0.071350097656250 3683330
0.071655273437500 3693330
0.070861816406250 3691330
0.070678710937500 3699964
0.072570800781250 3700000
0.062988281250000 3700035
0.070251464843750 3695932
0.072326660156250 3683334
0.071105957031250 3698457
0.073059082031250 3700000
0.072509765625000 3700035
0.070678710937500 3699894
0.000000000000000 3700105
0.072143554687500 3700000
0.070312500000000 3699929
0.071533203125000 3700070
0.072448730468750 3685904
0.071228027343750 3691868
0.072814941406250 3700000
0.071350097656250 3700000
0.072937011718750 3688909
0.070007324218750 3691812
0.072387695312500 3685944
0.063964843750000 3691927
0.070617675781250 3685661
0.071228027343750 3692248
0.071533203125000 3692195
0.000000000000000 3700000
0.072875976562500 3687100
0.070739746093750 3683401
0.071533203125000 3683299
0.070861816406250 3698701
0.072509765625000 3688865
0.073547363281250 3700000
0.073059082031250 3693865
0.073059082031250 3683299
0.069274902343750 3695631
0.062927246093750 3693434
0.071289062500000 3684285
0.071838378906250 3699964
0.071228027343750 3688833
0.000000000000000 3700000
0.070556640625000 3688463
0.063293457031250 3689329
0.070678710937500 3688873
0.070617675781250 3700035
0.070739746093750 3699964
0.071716308593750 3700035
0.075500488281250 3699964
0.068542480468750 3683540
0.063842773437500 3683334
0.070983886718750 3694574
0.073181152343750 3687880
0.069274902343750 3694822
0.072814941406250 3683366
0.070129394531250 3699564
0.063354492187500 3689445
0.070617675781250 3688364
0.063171386718750 3689548
0.071472167968750 3687914
0.000000000000000 3700000
0.071533203125000 3699964
0.073486328125000 3690172
0.073547363281250 3694502
0.073913574218750 3683366
0.072265625000000 3698422
0.071533203125000 3690512
0.073913574218750 3694545
0.071655273437500 3692696
0.070495605468750 3685191
0.070739746093750 3683369
0.071777343750000 3686874
0.000000000000000 3690977
0.071289062500000 3697508
0.073608398437500 3700000
0.070251464843750 3686160
0.069641113281250 3700035
0.064147949218750 3699964
0.070739746093750 3700035
0.072448730468750 3699964
0.067993164062500 3700035
0.071716308593750 3700000
0.075805664062500 3700000
0.069091796875000 3699964
0.063720703125000 3700035
0.068969726562500 3700000
0.072753906250000 3699964
0.069213867187500 3700000
0.000000000000000 3700000
0.071716308593750 3699964
0.069580078125000 3700000
0.072265625000000 3700035
0.074523925781250 3700035
0.069763183593750 3700000
0.070556640625000 3699964
0.070861816406250 3700000
0.071655273437500 3700000
0.070495605468750 3699964
0.071899414062500 3700070
0.073303222656250 3699964
0.071411132812500 3700000
0.000000000000000 3700000
0.071899414062500 3700000
0.070983886718750 3700000
0.072509765625000 3700035
0.069274902343750 3699964
0.073181152343750 3696417
0.071655273437500 3700000
0.069824218750000 3700000
0.072387695312500 3698986
0.069702148437500 3699764
0.072509765625000 3689621
0.070800781250000 3699320
0.072753906250000 3689700
0.000000000000000 3694558
0.072448730468750 3683331
0.071533203125000 3683299
0.072082519531250 3693359
0.070129394531250 3699929
0.071289062500000 3690239
0.069885253906250 3687615
0.072937011718750 3690290
0.073303222656250 3698606
0.070251464843750 3690549
0.072082519531250 3683331
0.071472167968750 3692675
0.072021484375000 3685182
0.070007324218750 3692598
0.000000000000000 3688967
0.071411132812500 3699964
0.072265625000000 3700000
0.070251464843750 3700035
0.063232421875000 3696748
0.069824218750000 3692114
0.071472167968750 3685775
0.070739746093750 3683296
0.063598632812500 3697102
0.068542480468750 3700000
0.072326660156250 3686472
0.070861816406250 3691201
0.073181152343750 3697826
0.072875976562500 3691120
0.068847656250000 3700000
0.072265625000000 3700000
0.071289062500000 3700000
0.000000000000000 3700000
0.074462890625000 3698366
0.068603515625000 3683295
0.072631835937500 3683368
0.073059082031250 3690531
0.072265625000000 3698590
0.072692871093750 3683333
0.070190429687500 3684662
0.071777343750000 3693265
0.069458007812500 3695603
0.073120117187500 3700035
0.073669433593750 3699964
0.000000000000000 3700035
0.072509765625000 3699217
0.072143554687500 3689728
0.071777343750000 3688142
0.072082519531250 3689518
0.070434570312500 3699964
0.071594238281250 3694290
0.071228027343750 3683440
0.071105957031250 3700070
0.071655273437500 3699964
0.069702148437500 3688967
0.074584960937500 3700000
0.000000000000000 3689098
0.075561523437500 3689110
0.072265625000000 3683298
0.072509765625000 3694143
0.070861816406250 3683785
0.070251464843750 3693989
0.071899414062500 3688927
0.071899414062500 3689540
0.073486328125000 3683297
0.070251464843750 3683366
0.063171386718750 3699397
0.071289062500000 3700000
0.071716308593750 3695857
0.069213867187500 3683297
0.000000000000000 3687428
0.070983886718750 3700035
0.073852539062500 3688873
0.073547363281250 3690707
0.072143554687500 3694566
0.070251464843750 3692513
0.072021484375000 3688902
0.069885253906250 3690975
0.070861816406250 3697958
0.069763183593750 3700000
0.072631835937500 3696825
0.073425292968750 3692083
0.070312500000000 3688928
0.000000000000000 3691413
0.070983886718750 3686250
0.069335937500000 3700000
0.072265625000000 3688836
0.071105957031250 3691816
0.070861816406250 3685822
0.073791503906250 3700000
0.070129394531250 3699964
0.071899414062500 3700035
0.071655273437500 3686650
0.071716308593750 3683334
0.070251464843750 3696319
0.073913574218750 3692712
0.000000000000000 3685026
0.071228027343750 3700000
0.070800781250000 3688904
0.072021484375000 3700000
0.070434570312500 3698777
0.071289062500000 3690169
0.069580078125000 3699021
0.073364257812500 3683299
0.072448730468750 3694533
0.063110351562500 3689776
0.071044921875000 3700000
0.072265625000000 3700000
0.071777343750000 3700000
0.069335937500000 3693957
0.073303222656250 3694953
0.000000000000000 3700000
0.070007324218750 3697081
0.072387695312500 3700035
0.073913574218750 3699964
0.073059082031250 3694569
0.073059082031250 3694430
0.069641113281250 3694601
0.071655273437500 3694233
0.070007324218750 3700035
0.074951171875000 3700000
0.072692871093750 3699929
0.000000000000000 3689583
0.071594238281250 3688228
0.071777343750000 3700035
0.070251464843750 3684063
0.072021484375000 3693634
0.074462890625000 3700035
0.069946289062500 3690004
0.071411132812500 3683334
0.071716308593750 3693258
0.071655273437500 3684675
0.070129394531250 3683334
0.071105957031250 3698568
0.073974609375000 3690421
0.000000000000000 3687274
0.072875976562500 3700000
0.072082519531250 3700035
0.071044921875000 3690823
0.070739746093750 3686928
0.063720703125000 3690967
0.071594238281250 3686743
0.071655273437500 3700035
0.071166992187500 3700000
0.063110351562500 3691225
0.071899414062500 3697710
0.071044921875000 3691392
0.070007324218750 3694499
0.071472167968750 3691863
0.071289062500000 3688853
0.071655273437500 3700035
0.000000000000000 3688894
0.069641113281250 3700035
0.072021484375000 3699964
0.073242187500000 3691968
0.070922851562500 3694554
0.071655273437500 3683334
0.070739746093750 3685584
0.072692871093750 3700035
0.071228027343750 3698017
0.071228027343750 3690925
0.062988281250000 3686977
0.071533203125000 3683332
0.073669433593750 3685142
0.071289062500000 3694147
0.000000000000000 3694528
0.071777343750000 3690508
0.070373535156250 3699964
0.074157714843750 3693045
0.073486328125000 3694490
0.070129394531250 3683299
0.069763183593750 3684234
0.071533203125000 3700035
0.072692871093750 3688111
0.072143554687500 3683334
0.062927246093750 3695129
0.074035644531250 3694010
0.070739746093750 3683902
0.063110351562500 3700000
0.071166992187500 3700035
0.070861816406250 3700000
0.000000000000000 3699939
0.068847656250000 3683381
0.072509765625000 3694496
0.070739746093750 3683580
0.069763183593750 3694380
0.071899414062500 3700035
0.072387695312500 3700000
0.072814941406250 3683601
0.069702148437500 3694155
0.072875976562500 3684323
0.069458007812500 3683366
0.072937011718750 3699532
0.072631835937500 3689549
0.000000000000000 3688189
0.072631835937500 3700035
0.071533203125000 3688931
0.072753906250000 3699964
0.073791503906250 3695656
0.069946289062500 3683335
0.074279785156250 3694594
0.071228027343750 3683301
0.070678710937500 3698666
0.074279785156250 3690379
0.072204589843750 3694556
0.070800781250000 3683334
0.000000000000000 3683368
0.070007324218750 3683266
0.072937011718750 3698280
0.069580078125000 3700000
0.072509765625000 3688907
0.070983886718750 3691127
0.069458007812500 3694590
0.074584960937500 3691949
0.069763183593750 3688969
0.071655273437500 3691554
0.072387695312500 3683333
0.072937011718750 3683334
0.000000000000000 3683297
0.073791503906250 3691558
0.072570800781250 3698420
0.071166992187500 3691369
0.070434570312500 3700035
0.073059082031250 3692285
0.062988281250000 3685469
0.070129394531250 3699964
0.072937011718750 3700000
0.062988281250000 3700035
0.063232421875000 3699964
0.070434570312500 3700035
0.074462890625000 3700000
0.071044921875000 3692941
0.072387695312500 3684810
0.073059082031250 3700000
0.070800781250000 3698804
0.000000000000000 3690057
0.071105957031250 3699964
0.071777343750000 3693512
0.073059082031250 3684220
0.069091796875000 3700000
0.063049316406250 3699278
0.070739746093750 3689689
0.072814941406250 3699376
0.070251464843750 3689464
0.070251464843750 3688875
0.072387695312500 3700070
0.069702148437500 3688773
0.073974609375000 3694254
0.072326660156250 3694650
0.072082519531250 3689002
0.000000000000000 3688910
0.073608398437500 3694576
0.071166992187500 3694260
0.069763183593750 3694794
0.070800781250000 3694091
0.072021484375000 3700070
0.069763183593750 3700035
0.073181152343750 3688839
0.069885253906250 3700035
0.071838378906250 3695345
0.062927246093750 3683298
0.072143554687500 3694569
0.070556640625000 3683368
0.070495605468750 3687714
0.000000000000000 3700035
0.073181152343750 3695826
0.072509765625000 3683334
0.072998046875000 3698400
0.070678710937500 3700000
0.072204589843750 3688926
0.072692871093750 3690789
0.070373535156250 3698082
0.062927246093750 3700000
0.072326660156250 3700000
0.063720703125000 3700000
0.072631835937500 3700000
0.071350097656250 3700035
0.072143554687500 3699929
0.069946289062500 3700035
0.072265625000000 3697194
0.000000000000000 3683334
0.071228027343750 3697007
0.072265625000000 3691987
0.072937011718750 3685724
0.070434570312500 3692200
0.071838378906250 3696673
0.072204589843750 3700035
0.070983886718750 3700000
0.071044921875000 3700000
0.070739746093750 3700035
0.073974609375000 3692642
0.070556640625000 3694677
0.000000000000000 3690520
0.073364257812500 3700035
0.070922851562500 3693006
0.073791503906250 3684703
0.063293457031250 3700035
0.063476562500000 3687594
0.070434570312500 3683329
0.071411132812500 3684273
0.075622558593750 3693645
0.069580078125000 3684163
0.073303222656250 3699964
0.076660156250000 3699477
0.073730468750000 3689470
0.000000000000000 3699964
0.078063964843750 3700035
0.067138671875000 3688885
0.070129394531250 3699964
0.067810058593750 3688911
0.067077636718750 3700035
0.070129394531250 3699929
0.070373535156250 3694623
0.068542480468750 3694210
0.063964843750000 3688945
0.068359375000000 3689313
0.077087402343750 3688402
0.068176269531250 3689488
0.069091796875000 3683332
0.063293457031250 3693739
0.076049804687500 3684150
0.071777343750000 3693605
0.064392089843750 3684341
0.069519042968750 3693496
0.074951171875000 3684335
0.000000000000000 3683333
0.070861816406250 3683371
0.065002441406250 3693148
0.069885253906250 3700105
0.071105957031250 3690273
0.072631835937500 3694564
0.073486328125000 3685691
0.070983886718750 3683333
0.071777343750000 3683330
0.072631835937500 3698369
0.070007324218750 3700000
0.064514160156250 3700035
0.071716308593750 3700000
0.071899414062500 3696483
0.071655273437500 3683332
0.000000000000000 3686901
0.071411132812500 3683297
0.071533203125000 3694555
0.069702148437500 3683334
0.073547363281250 3694596
0.069885253906250 3683365
0.073120117187500 3697063
0.071228027343750 3700070
0.071228027343750 3688933
0.074707031250000 3692096
0.071533203125000 3696748
0.070739746093750 3700035
0.069885253906250 3699929
0.000000000000000 3692476
0.075073242187500 3696503
0.070495605468750 3692579
0.071289062500000 3696331
0.072509765625000 3692625
0.071289062500000 3694591
0.072509765625000 3683369
0.070312500000000 3695999
0.072570800781250 3693244
0.069030761718750 3683302
0.074157714843750 3690141
0.072082519531250 3688886
0.000000000000000 3693426
0.070922851562500 3694563
0.072204589843750 3683336
0.071655273437500 3695410
0.072692871093750 3691009
0.070983886718750 3700000
0.075195312500000 3700000
0.071533203125000 3699502
0.070556640625000 3689406
0.073059082031250 3699706
0.073059082031250 3689179
0.072937011718750 3700035
0.000000000000000 3700000
0.072937011718750 3688942
0.075378417968750 3694460
0.072998046875000 3683369
0.070251464843750 3694559
0.069946289062500 3694204
0.067871093750000 3694836
0.065734863281250 3694072
0.072143554687500 3688873
0.074218750000000 3689568
0.074707031250000 3694605
0.069702148437500 3693649
0.072143554687500 3700000
0.000000000000000 3699964
0.070434570312500 3700035
0.071594238281250 3689988
0.070617675781250 3687731
0.063171386718750 3684735
0.072143554687500 3683297
0.070007324218750 3693080
0.073486328125000 3689001
0.072631835937500 3690387
0.070861816406250 3694577
0.068298339843750 3692854
0.072998046875000 3685060
0.073852539062500 3692579
0.070007324218750 3696465
0.000000000000000 3692397
0.071533203125000 3685531
0.070129394531250 3683332
0.072326660156250 3694525
0.070739746093750 3683330
0.062866210937500 3697265
0.070861816406250 3657719
0.069946289062500 3592058
0.067077636718750 3592112
0.067687988281250 3583365
0.067504882812500 3591167
0.065917968750000 3586725
0.069213867187500 3583334
0.000000000000000 3585289
0.068847656250000 3592614
0.066345214843750 3600000
0.058349609375000 3600000
0.066223144531250 3600034
0.059143066406250 3599965
0.067016601562500 3600000
0.058898925781250 3600000
0.065551757812500 3600000
0.068176269531250 3599965
0.064758300781250 3600068
0.067443847656250 3599965
0.064819335937500 3600000
0.065490722656250 3600000
0.067260742187500 3600000
0.066101074218750 3599897
0.065612792968750 3600102
0.000000000000000 3599656
0.065368652343750 3600068
0.067077636718750 3600034
0.066528320312500 3588793
0.064575195312500 3600000
0.065612792968750 3588658
0.064208984375000 3583333
0.068176269531250 3595922
0.064514160156250 3600000
0.067016601562500 3588914
0.065734863281250 3594525
0.063720703125000 3583334
0.066650390625000 3588533
0.000000000000000 3600034
0.064819335937500 3588875
0.065429687500000 3592978
0.065429687500000 3599440
0.068115234375000 3599965
0.064392089843750 3600068
0.065673828125000 3599965
0.066162109375000 3588903
0.067077636718750 3589880
0.066528320312500 3594592
0.067016601562500 3590435
0.068725585937500 3600000
0.065185546875000 3600000
0.000000000000000 3600034
0.066589355468750 3599965
0.066284179687500 3587354
0.064697265625000 3583334
0.067382812500000 3590651
0.064758300781250 3600000
0.067626953125000 3599965
0.064086914062500 3600034
0.065368652343750 3600000
0.066345214843750 3600000
0.065307617187500 3600000
0.066833496093750 3599931
0.065246582031250 3592808
0.000000000000000 3591504
0.068298339843750 3586437
0.067626953125000 3583334
0.066711425781250 3585755
0.066955566406250 3592136
0.064392089843750 3594558
0.066711425781250 3583332
0.058227539062500 3596260
0.066162109375000 3590314
0.067016601562500 3596361
0.064453125000000 3599965
0.066650390625000 3600000
0.066284179687500 3596917
0.066345214843750 3594567
0.000000000000000 3583265
0.122253417968750 3594593
0.000000000000000 3583266
0.065795898437500 3591656
0.066040039062500 3600000
0.066650390625000 3600000
0.065856933593750 3600000
0.066467285156250 3599243
0.067260742187500 3586853
0.068359375000000 3595198
0.066589355468750 3594019
0.068176269531250 3594913
0.069458007812500 3594136
0.065490722656250 3583329
0.000000000000000 3589098
0.065612792968750 3595659
0.065002441406250 3589028
0.067443847656250 3593224
0.064880371093750 3595280
0.065612792968750 3600034
0.067382812500000 3600000
0.064270019531250 3600000
0.068054199218750 3588632
0.063720703125000 3600034
0.066772460937500 3599965
0.066284179687500 3600034
0.000000000000000 3596062
0.068054199218750 3600000
0.067382812500000 3600000
0.064697265625000 3592016
0.067321777343750 3599157
0.066467285156250 3600000
0.068603515625000 3600034
0.066284179687500 3598068
0.058349609375000 3596353
0.066833496093750 3597868
0.065551757812500 3600000
0.058776855468750 3600000
0.065368652343750 3600000
0.066284179687500 3600000
0.065002441406250 3599434
0.058105468750000 3598032
0.065368652343750 3600000
0.000000000000000 3600000
0.066345214843750 3597389
0.067504882812500 3591454
0.066284179687500 3597564
0.058837890625000 3591344
0.066040039062500 3600000
0.066162109375000 3600000
0.064575195312500 3598206
0.065551757812500 3583298
0.065490722656250 3585125
0.066711425781250 3600000
0.065612792968750 3589407
0.066772460937500 3600034
0.058959960937500 3600000
0.065124511718750 3597211
0.066528320312500 3598846
0.000000000000000 3583298
0.065734863281250 3597009
0.065551757812500 3600000
0.067687988281250 3600000
0.065124511718750 3600000
0.066589355468750 3599276
0.064453125000000 3583263
0.067016601562500 3593141
0.063720703125000 3600000
0.066955566406250 3600034
0.066894531250000 3599965
0.065917968750000 3600000
0.066467285156250 3600000
0.000000000000000 3599931
0.066467285156250 3600068
0.064270019531250 3600000
0.065002441406250 3594764
0.068542480468750 3594170
0.067382812500000 3588877
0.066284179687500 3600034
0.066894531250000 3595077
0.065856933593750 3593889
0.065612792968750 3595177
0.066650390625000 3583332
0.000000000000000 3599141
0.066467285156250 3583669
0.066467285156250 3598880
0.066406250000000 3600000
0.058044433593750 3600000
0.064025878906250 3600000
0.066894531250000 3600000
0.064025878906250 3600000
0.065612792968750 3593348
0.066833496093750 3600000
0.066467285156250 3600000
0.066894531250000 3600000
0.066284179687500 3599965
0.065002441406250 3599965
0.064208984375000 3596839
0.000000000000000 3592200
0.065490722656250 3590977
0.064453125000000 3600034
0.058227539062500 3592835
0.066040039062500 3600000
0.065002441406250 3588775
0.067138671875000 3600000
0.064697265625000 3597617
0.068481445312500 3591326
0.063598632812500 3599965
0.066284179687500 3600034
0.066467285156250 3600000
0.066894531250000 3592637
0.065429687500000 3586838
0.066772460937500 3588714
0.000000000000000 3600000
0.066040039062500 3592950
0.064514160156250 3584726
0.066467285156250 3599965
0.065917968750000 3600034
0.064392089843750 3599965
0.066406250000000 3600034
0.064392089843750 3593034
0.065734863281250 3600000
0.064697265625000 3600000
0.065490722656250 3600034
0.066711425781250 3599965
0.065124511718750 3600000
0.000000000000000 3586449
0.065246582031250 3599601
0.065185546875000 3600000
0.065063476562500 3600000
0.067077636718750 3600000
0.066772460937500 3600000
0.066894531250000 3600000
0.065307617187500 3600000
0.066650390625000 3594588
0.062744140625000 3588826
0.067687988281250 3599920
0.063903808593750 3596287
0.065490722656250 3586337
0.000000000000000 3594514
0.066955566406250 3595123
0.066162109375000 3594424
0.065185546875000 3588889
0.064514160156250 3600000
0.067932128906250 3600000
0.065063476562500 3600000
0.067138671875000 3600000
0.064025878906250 3600000
0.066894531250000 3600000
0.067565917968750 3599965
0.065856933593750 3592804
0.067199707031250 3600000
0.000000000000000 3600034
0.064086914062500 3594424
0.066955566406250 3588590
0.065429687500000 3599965
0.067077636718750 3600034
0.066528320312500 3600034
0.064514160156250 3599965
0.067810058593750 3600000
0.064453125000000 3600000
0.066650390625000 3598682
0.065551757812500 3586382
0.057800292968750 3600034
0.066589355468750 3585942
0.067138671875000 3587732
0.000000000000000 3592194
0.065246582031250 3597708
0.065185546875000 3599965
0.066284179687500 3595661
0.065490722656250 3587166
0.067932128906250 3600000
0.063964843750000 3598029
0.058227539062500 3590881
0.065002441406250 3589942
0.065490722656250 3599931
0.065307617187500 3599167
0.064819335937500 3588469
0.067138671875000 3599965
0.065917968750000 3600000
0.066101074218750 3600000
0.000000000000000 3599965
0.064514160156250 3600034
0.066406250000000 3600000
0.066406250000000 3600000
0.064086914062500 3600000
0.065673828125000 3588943
0.065185546875000 3593870
0.068359375000000 3594592
0.067382812500000 3589449
0.065856933593750 3600000
0.065795898437500 3600034
0.063781738281250 3585460
0.066650390625000 3594417
0.000000000000000 3600000
0.065429687500000 3600000
0.068664550781250 3596720
0.066345214843750 3594595
0.066955566406250 3583431
0.065490722656250 3594593
0.064941406250000 3594075
0.066101074218750 3595035
0.065917968750000 3593879
0.065917968750000 3591212
0.065063476562500 3593709
0.064392089843750 3584145
0.000000000000000 3593501
0.067993164062500 3600000
0.065490722656250 3590034
0.065917968750000 3586347
0.063903808593750 3600000
0.066589355468750 3588875
0.069152832031250 3600034
0.065795898437500 3590364
0.065002441406250 3592293
0.065002441406250 3585559
0.065429687500000 3583334
0.066528320312500 3583330
0.068298339843750 3592144
0.000000000000000 3600034
0.063964843750000 3600000
0.066894531250000 3599965
0.058654785156250 3600000
0.064147949218750 3600000
0.067321777343750 3600000
0.062927246093750 3600000
0.066833496093750 3600034
0.067932128906250 3588875
0.065246582031250 3600000
0.065429687500000 3586972
0.064697265625000 3590771
0.066223144531250 3598432
0.064575195312500 3589656
0.000000000000000 3598775
0.067382812500000 3593249
0.065246582031250 3600000
0.063659667968750 3600000
0.067749023437500 3599965
0.066833496093750 3600034
0.067871093750000 3600000
0.066101074218750 3600034
0.066040039062500 3595701
0.067077636718750 3600034
0.066467285156250 3599965
0.066162109375000 3593930
0.064208984375000 3583336
0.059020996093750 3589363
0.000000000000000 3599686
0.122802734375000 3588547
0.000000000000000 3594724
0.066101074218750 3594325
0.065368652343750 3594556
0.068847656250000 3588948
0.064270019531250 3600000
0.066650390625000 3600000
0.066589355468750 3600000
0.067199707031250 3600000
0.065063476562500 3600000
0.065185546875000 3595048
0.065246582031250 3583296
0.066345214843750 3599267
0.000000000000000 3592935
0.067321777343750 3599965
0.066711425781250 3600034
0.064697265625000 3592720
0.065429687500000 3593121
0.067932128906250 3595154
0.066589355468750 3590456
0.063964843750000 3598615
0.065734863281250 3590409
0.066406250000000 3587071
0.066589355468750 3595407
0.064636230468750 3598066
0.067932128906250 3600000
0.000000000000000 3600000
0.064819335937500 3597221
0.065612792968750 3600000
0.066223144531250 3597634
0.066101074218750 3600000
0.065368652343750 3599965
0.066650390625000 3600034
0.058532714843750 3600000
0.070312500000000 3587911
0.070312500000000 3779768
0.064025878906250 3700000
0.072814941406250 3700000
0.072387695312500 3700035
0.071655273437500 3700000
0.000000000000000 3700000
0.071411132812500 3699964
0.069580078125000 3700035
0.073608398437500 3700000
0.074829101562500 3700000
0.069519042968750 3700000
0.071044921875000 3699964
0.071166992187500 3700035
0.074462890625000 3700000
0.074096679687500 3700000
0.070800781250000 3699964
0.071289062500000 3700035
0.000000000000000 3699964
0.071960449218750 3700035
0.071472167968750 3700000
0.070861816406250 3700000
0.072265625000000 3700000
0.073303222656250 3700000
0.070190429687500 3699964
0.072143554687500 3700000
0.070739746093750 3700000
0.071960449218750 3694454
0.071350097656250 3683332
0.072021484375000 3699937
0.072082519531250 3689058
0.000000000000000 3683366
0.069763183593750 3694188
0.073364257812500 3683707
0.069702148437500 3683295
0.071716308593750 3688442
0.069519042968750 3700000
0.072387695312500 3700000
0.074890136718750 3700000
0.070007324218750 3688667
0.073913574218750 3689985
0.070251464843750 3698926
0.072448730468750 3700000
0.069091796875000 3700000
0.000000000000000 3700035
0.070983886718750 3699964
0.069213867187500 3690456
0.072631835937500 3683298
0.073059082031250 3683369
0.072265625000000 3698360
0.071838378906250 3700000
0.069580078125000 3685166
0.073974609375000 3683336
0.070007324218750 3686946
0.071899414062500 3690931
0.071044921875000 3694570
0.069519042968750 3692263
0.063354492187500 3700000
0.072692871093750 3700035
0.063293457031250 3696993
0.000000000000000 3691899
0.071716308593750 3700000
0.071594238281250 3691618
0.070190429687500 3697290
0.073181152343750 3700035
0.073425292968750 3700000
0.069091796875000 3691907
0.062988281250000 3694559
0.069519042968750 3683368
0.072143554687500 3696884
0.071105957031250 3692145
0.072631835937500 3683371
0.072692871093750 3683296
0.071777343750000 3685393
0.000000000000000 3699964
0.071472167968750 3688860
0.071960449218750 3692724
0.075988769531250 3694574
0.070678710937500 3690622
0.071228027343750 3687231
0.071289062500000 3690582
0.070251464843750 3698502
0.072265625000000 3683299
0.069702148437500 3684793
0.073303222656250 3693111
0.070129394531250 3695816
0.063415527343750 3700035
0.070007324218750 3688842
0.071960449218750 3693460
0.000000000000000 3683332
0.071228027343750 3683334
0.071289062500000 3695288
0.071350097656250 3700000
0.069946289062500 3688300
0.069763183593750 3683333
0.071166992187500 3683817
0.073608398437500 3694040
0.071411132812500 3683369
0.070312500000000 3689148
0.071777343750000 3699900
0.070617675781250 3683298
0.063720703125000 3683402
0.070739746093750 3700035
0.070434570312500 3688960
0.000000000000000 3683296
0.070861816406250 3683367
0.072692871093750 3694556
0.071411132812500 3683335
0.070373535156250 3699357
0.071838378906250 3689798
0.069702148437500 3687908
0.072143554687500 3700035
0.070983886718750 3684440
0.072570800781250 3683299
0.071289062500000 3698781
0.071533203125000 3699929
0.070556640625000 3700070
0.071472167968750 3692690
0.000000000000000 3688605
0.070373535156250 3691136
0.070373535156250 3683336
0.073669433593750 3692131
0.072509765625000 3696879
0.069702148437500 3692025
0.071411132812500 3697018
0.071350097656250 3683330
0.070617675781250 3683333
0.071594238281250 3683371
0.062988281250000 3694529
0.069946289062500 3683336
0.073364257812500 3696741
0.073059082031250 3700035
0.069091796875000 3699964
0.000000000000000 3700000
0.073303222656250 3687152
0.070983886718750 3683371
0.073120117187500 3694561
0.073791503906250 3683331
0.072631835937500 3694596
0.072143554687500 3686895
0.072875976562500 3683335
0.073181152343750 3689926
0.071289062500000 3689071
0.073181152343750 3700000
0.000000000000000 3688895
0.073059082031250 3693764
0.070556640625000 3683332
0.072570800781250 3689478
0.069091796875000 3700000
0.063720703125000 3700035
0.070007324218750 3699542
0.073364257812500 3689365
0.069335937500000 3690338
0.071716308593750 3700035
0.071899414062500 3699809
0.069030761718750 3683261
0.063842773437500 3694589
0.069458007812500 3689089
0.064758300781250 3688900
0.070922851562500 3699806
0.072998046875000 3689271
0.069824218750000 3694559
0.000000000000000 3693894
0.072387695312500 3700000
0.064758300781250 3699964
0.071533203125000 3700000
0.071411132812500 3689776
0.069213867187500 3688031
0.072814941406250 3689895
0.072143554687500 3683330
0.073669433593750 3693337
0.073486328125000 3695650
0.072021484375000 3693068
0.072387695312500 3695970
0.071289062500000 3692964
0.000000000000000 3688907
0.073181152343750 3699964
0.069641113281250 3685121
0.073852539062500 3692659
0.072509765625000 3688903
0.070495605468750 3699929
0.072631835937500 3700070
0.069641113281250 3691155
0.076110839843750 3694673
0.071105957031250 3691945
0.073181152343750 3685926
0.071105957031250 3683335
0.000000000000000 3685911
0.133728027343750 3700035
0.000000000000000 3686424
0.070190429687500 3683371
0.074157714843750 3694530
0.070312500000000 3690792
0.073181152343750 3689019
0.072082519531250 3692620
0.070678710937500 3694591
0.071899414062500 3683330
0.071777343750000 3696092
0.063537597656250 3692907
0.069824218750000 3694594
0.071472167968750 3683366
0.069152832031250 3694522
0.073791503906250 3689865
0.000000000000000 3688033
0.070800781250000 3689749
0.069641113281250 3699240
0.070068359375000 3689531
0.070861816406250 3688862
0.073425292968750 3694057
0.069396972656250 3694536
0.071594238281250 3689332
0.074462890625000 3700000
0.071655273437500 3699964
0.072753906250000 3688694
0.070739746093750 3683330
0.071289062500000 3694595
0.000000000000000 3694493
0.134582519531250 3694453
0.000000000000000 3688893
0.072814941406250 3700035
0.071350097656250 3688910
0.355468750000000 3691911
0.069946289062500 3683297
0.063842773437500 3694560
0.000000000000000 3683294
0.071350097656250 3694631
0.069030761718750 3692351
0.073852539062500 3700000
0.069152832031250 3700000
0.063354492187500 3688664
0.070007324218750 3700035
0.072265625000000 3699964
0.069885253906250 3691901
0.074096679687500 3694533
0.072387695312500 3683335
0.073669433593750 3696934
0.073669433593750 3692148
0.071044921875000 3685442
0.000000000000000 3692450
0.071166992187500 3685313
0.069763183593750 3700035
0.070678710937500 3688905
0.071594238281250 3699964
0.074157714843750 3700035
0.071105957031250 3699964
0.071411132812500 3687329
0.071594238281250 3683365
0.071350097656250 3694522
0.072937011718750 3690378
0.072265625000000 3688909
0.071166992187500 3700035
0.000000000000000 3698892
0.072631835937500 3689983
0.070800781250000 3688907
0.070495605468750 3700000
0.070251464843750 3688000
0.071228027343750 3683369
0.071105957031250 3694525
0.071044921875000 3689108
0.074462890625000 3700070
0.070373535156250 3694454
0.072509765625000 3694291
0.070739746093750 3694732
0.073913574218750 3683369
0.000000000000000 3688573
0.071899414062500 3700035
0.070617675781250 3699964
0.071044921875000 3700000
0.072143554687500 3688964
0.072937011718750 3700000
0.070922851562500 3688853
0.071960449218750 3700035
0.063781738281250 3684249
0.068847656250000 3683369
0.072204589843750 3698993
0.072143554687500 3700000
0.072998046875000 3688875
0.072509765625000 3690291
0.000000000000000 3694596
0.070861816406250 3692906
0.072265625000000 3700000
0.070373535156250 3690570
0.063720703125000 3687180
0.071594238281250 3690711
0.071289062500000 3694561
0.070617675781250 3683331
0.072998046875000 3686809
0.073974609375000 3700035
0.070007324218750 3685536
0.070007324218750 3683332
0.070617675781250 3686493
0.072875976562500 3700035
0.068969726562500 3685930
0.000000000000000 3691865
0.071105957031250 3685988
0.072631835937500 3691419
0.072326660156250 3700000
0.063354492187500 3695639
0.069824218750000 3699964
0.071838378906250 3700000
0.069458007812500 3686881
0.071899414062500 3690876
0.071899414062500 3686981
0.073059082031250 3690712
0.075866699218750 3688896
0.071594238281250 3693074
0.000000000000000 3694425
0.072814941406250 3690274
0.070007324218750 3700000
0.070983886718750 3700035
0.071533203125000 3699059
0.072387695312500 3683335
0.072875976562500 3684069
0.070495605468750 3693974
0.072814941406250 3683969
0.070800781250000 3698709
0.071655273437500 3700000
0.070373535156250 3700000
0.072021484375000 3699964
0.000000000000000 3700000
0.070861816406250 3699964
0.073181152343750 3700035
0.071105957031250 3700035
0.069458007812500 3699964
0.070983886718750 3700000
0.070129394531250 3700035
0.075134277343750 3699964
0.073303222656250 3700000
0.071716308593750 3700000
0.071166992187500 3700035
0.070068359375000 3699964
0.070861816406250 3700000
0.000000000000000 3700000
0.072265625000000 3699964
0.070739746093750 3698762
0.073181152343750 3690796
0.070678710937500 3690598
0.071655273437500 3694584
0.070251464843750 3683367
0.071166992187500 3686982
0.071105957031250 3690889
0.070861816406250 3686867
0.074279785156250 3700035
0.070190429687500 3696697
0.071105957031250 3692177
0.000000000000000 3685762
0.073547363281250 3683331
0.070800781250000 3694592
0.071411132812500 3683337
0.072082519531250 3694537
0.072937011718750 3691727
0.070495605468750 3688901
0.071533203125000 3699964
0.071655273437500 3700000
0.073364257812500 3700000
0.071166992187500 3700000
0.071838378906250 3700035
0.000000000000000 3699964
0.073059082031250 3700035
0.070068359375000 3699964
0.071716308593750 3700035
0.069396972656250 3699964
0.072875976562500 3700000
0.069458007812500 3700035
0.062927246093750 3700000
0.071289062500000 3700000
0.072814941406250 3699964
0.072448730468750 3700000
0.070190429687500 3693441
0.063110351562500 3695465
0.073486328125000 3700000
0.073059082031250 3688900
0.070007324218750 3693965
0.063659667968750 3683263
0.071899414062500 3683368
0.000000000000000 3694555
0.073913574218750 3683369
0.072570800781250 3694520
0.068603515625000 3683372
0.071594238281250 3694519
0.069458007812500 3683464
0.073364257812500 3683334
0.071838378906250 3694477
0.072937011718750 3683299
0.072082519531250 3686886
0.070922851562500 3694095
0.070251464843750 3700070
0.071594238281250 3700000
0.000000000000000 3695124
0.074096679687500 3683370
0.070251464843750 3688022
0.072265625000000 3700035
0.070495605468750 3700000
0.069824218750000 3700000
0.072509765625000 3695632
0.069763183593750 3693187
0.071350097656250 3688909
0.072082519531250 3690379
0.073425292968750 3683369
0.071166992187500 3683334
0.000000000000000 3687097
0.072265625000000 3700000
0.074340820312500 3688963
0.069519042968750 3694320
0.072814941406250 3688879
0.072265625000000 3690996
0.070983886718750 3694630
0.071411132812500 3694001
0.071533203125000 3683330
0.071838378906250 3692107
0.070373535156250 3700000
0.072143554687500 3699929
0.068725585937500 3685988
0.000000000000000 3691834
0.074340820312500 3699964
0.071533203125000 3700000
0.069641113281250 3688906
0.071777343750000 3691842
0.071105957031250 3683332
0.063415527343750 3691426
0.070434570312500 3700000
0.071960449218750 3699964
0.071899414062500 3686653
0.072814941406250 3683333
0.072387695312500 3694523
0.071777343750000 3690863
0.070312500000000 3687040
0.070495605468750 3690769
0.000000000000000 3687145
0.070617675781250 3697141
0.075195312500000 3700000
0.070373535156250 3699964
0.071411132812500 3700035
0.071044921875000 3700000
0.072631835937500 3699964
0.071594238281250 3700035
0.072937011718750 3700000
0.073059082031250 3700000
0.069274902343750 3699964
0.064270019531250 3700035
0.070495605468750 3700000
0.000000000000000 3700000
0.072570800781250 3699964
0.072143554687500 3700035
0.071960449218750 3699964
0.071350097656250 3700000
0.073059082031250 3700035
0.073974609375000 3699964
0.072570800781250 3700035
0.072265625000000 3700000
0.070556640625000 3700000
0.071838378906250 3699964
0.074340820312500 3696680
0.000000000000000 3699861
0.069641113281250 3689212
0.071655273437500 3688530
0.071105957031250 3689341
0.063903808593750 3699582
0.071411132812500 3689464
0.070739746093750 3688213
0.070556640625000 3700070
0.071716308593750 3688766
0.072570800781250 3689834
0.071655273437500 3694648
0.072937011718750 3683335
0.069641113281250 3698971
0.064086914062500 3690119
0.069885253906250 3687665
0.070617675781250 3690277
0.069091796875000 3698613
0.000000000000000 3700000
0.074035644531250 3699964
0.063476562500000 3700000
0.072265625000000 3688944
0.070922851562500 3699964
0.073120117187500 3700000
0.076965332031250 3690995
0.073669433593750 3694590
0.071472167968750 3692076
0.072021484375000 3688850
0.064758300781250 3691479
0.063842773437500 3697525
0.076049804687500 3700000
0.000000000000000 3699964
0.073303222656250 3700035
0.068420410156250 3699964
0.068054199218750 3699964
0.070739746093750 3700035
0.066162109375000 3699964
0.068298339843750 3700035
0.067565917968750 3700000
0.069091796875000 3700035
0.073669433593750 3700000
0.072509765625000 3700000
0.075256347656250 3700000
0.065979003906250 3700000
0.071350097656250 3699964
0.068176269531250 3700000
0.069458007812500 3700000
0.075500488281250 3700000
0.063354492187500 3700000
0.070434570312500 3700035
0.000000000000000 3699964
0.072753906250000 3699964
0.066833496093750 3697496
0.074707031250000 3700000
0.072998046875000 3700000
0.072021484375000 3700035
0.072082519531250 3700000
0.069030761718750 3699929
0.063964843750000 3700035
0.070617675781250 3700000
0.071533203125000 3700035
0.073852539062500 3691982
0.070861816406250 3690715
0.063964843750000 3700000
0.072143554687500 3696540
0.072265625000000 3700000
0.000000000000000 3700035
0.070129394531250 3699964
0.072570800781250 3700000
0.071228027343750 3700035
0.076293945312500 3699964
0.071838378906250 3700035
0.069885253906250 3699964
0.062988281250000 3697048
0.068237304687500 3601524
0.057922363281250 3600034
0.066711425781250 3599965
0.068847656250000 3600034
0.064392089843750 3600000
0.066345214843750 3600000
0.000000000000000 3596105
0.069152832031250 3591626
0.063903808593750 3596217
0.066528320312500 3592652
0.064819335937500 3585439
0.066162109375000 3583333
0.064636230468750 3594612
0.067504882812500 3589349
0.067993164062500 3599931
0.063964843750000 3600102
0.065612792968750 3599965
0.064880371093750 3591699
0.065185546875000 3598949
0.065979003906250 3600000
0.000000000000000 3600000
0.067016601562500 3600000
0.066772460937500 3600000
0.068847656250000 3600000
0.064208984375000 3600000
0.064208984375000 3600000
0.066589355468750 3600000
0.066162109375000 3600034
0.069091796875000 3599965
0.065490722656250 3583554
0.069396972656250 3584471
0.000000000000000 3600000
0.125000000000000 3587960
0.000000000000000 3583330
0.065979003906250 3583335
0.060119628906250 3583330
0.062316894531250 3594560
0.066345214843750 3589351
0.059509277343750 3599705
0.065917968750000 3583331
0.066284179687500 3583332
0.067687988281250 3588986
0.066467285156250 3599965
0.059020996093750 3589112
0.065368652343750 3588926
0.065429687500000 3599819
0.067016601562500 3589775
0.066223144531250 3600000
0.066955566406250 3600000
0.064514160156250 3600000
0.000000000000000 3600034
0.067260742187500 3599965
0.064941406250000 3600000
0.059509277343750 3600034
0.065063476562500 3599965
0.068481445312500 3599965
0.065795898437500 3600034
0.064941406250000 3596770
0.066101074218750 3590316
0.064331054687500 3598596
0.067138671875000 3600000
0.063659667968750 3588907
0.068969726562500 3600000
0.065124511718750 3596285
0.064208984375000 3583366
0.000000000000000 3598134
0.122924804687500 3590876
0.000000000000000 3594720
0.066894531250000 3583332
0.063171386718750 3597760
0.066467285156250 3588925
0.064392089843750 3586063
0.068481445312500 3600000
0.066162109375000 3586446
0.065307617187500 3583333
0.065856933593750 3596478
0.065979003906250 3600000
0.065307617187500 3600034
0.064880371093750 3593027
0.066040039062500 3587354
0.000000000000000 3583334
0.067138671875000 3595062
0.058227539062500 3593223
0.065185546875000 3584580
0.065002441406250 3593285
0.067871093750000 3583262
0.067077636718750 3589624
0.068969726562500 3588912
0.065429687500000 3600000
0.063842773437500 3600000
0.065917968750000 3600034
0.065673828125000 3599320
0.067138671875000 3594493
0.065429687500000 3583369
0.000000000000000 3599795
0.068298339843750 3600000
0.067443847656250 3600000
0.066345214843750 3600000
0.067443847656250 3600000
0.063537597656250 3600000
0.066040039062500 3599392
0.064025878906250 3589862
0.068176269531250 3583434
0.067199707031250 3593296
0.065551757812500 3588895
0.000000000000000 3600034
0.067199707031250 3588819
0.065917968750000 3590451
0.058166503906250 3598489
0.064025878906250 3599965
0.065002441406250 3596294
0.067321777343750 3584986
0.063415527343750 3600034
0.067932128906250 3591580
0.066650390625000 3594798
0.058044433593750 3585343
0.064514160156250 3600034
0.066467285156250 3600000
0.064819335937500 3599965
0.066650390625000 3600000
0.067382812500000 3599897
0.065124511718750 3600102
0.000000000000000 3600034
0.065246582031250 3599965
0.066589355468750 3600000
0.065795898437500 3600000
0.064392089843750 3600000
0.066284179687500 3597598
0.067504882812500 3600000
0.064758300781250 3600000
0.066467285156250 3600000
0.064453125000000 3593488
0.064514160156250 3583330
0.065002441406250 3583334
0.066650390625000 3584083
0.000000000000000 3600000
0.068420410156250 3589758
0.066406250000000 3598536
0.068115234375000 3592068
0.064208984375000 3596444
0.066955566406250 3599701
0.065002441406250 3589056
0.067382812500000 3597788
0.065551757812500 3600034
0.065124511718750 3599965
0.065795898437500 3600000
0.066589355468750 3600000
0.000000000000000 3586666
0.067871093750000 3600000
0.066772460937500 3599931
0.067138671875000 3596556
0.064880371093750 3600068
0.065795898437500 3589864
0.065307617187500 3599044
0.058349609375000 3600000
0.066345214843750 3600000
0.065551757812500 3590132
0.067382812500000 3590587
0.066284179687500 3597028
0.058044433593750 3583400
0.066528320312500 3592955
0.062927246093750 3596071
0.000000000000000 3593526
0.066833496093750 3600000
0.066345214843750 3600000
0.066772460937500 3588868
0.064025878906250 3590840
0.065490722656250 3596058
0.064819335937500 3600034
0.065124511718750 3596489
0.065795898437500 3600034
0.064147949218750 3600034
0.065490722656250 3599965
0.066772460937500 3586463
0.064025878906250 3586528
0.068420410156250 3585954
0.000000000000000 3591952
0.063598632812500 3685216
0.075134277343750 3799963
0.079284667968750 3800000
0.078063964843750 3800036
0.077941894531250 3799963
0.079711914062500 3800000
0.069213867187500 3800000
0.077514648437500 3800000
0.068115234375000 3800000
0.074645996093750 3800000
0.079406738281250 3799927
0.076538085937500 3800072
0.080078125000000 3800036
0.078552246093750 3799927
0.000000000000000 3800072
0.078247070312500 3799963
0.078918457031250 3799963
0.077331542968750 3800036
0.076293945312500 3800000
0.075927734375000 3800000
0.078369140625000 3800000
0.076599121093750 3800000
0.068725585937500 3800000
0.079895019531250 3800000
0.075988769531250 3800000
0.076660156250000 3800000
0.078857421875000 3800000
0.079589843750000 3800000
0.000000000000000 3799963
0.076293945312500 3800036
0.078674316406250 3800000
0.080810546875000 3799963
0.076599121093750 3800036
0.075744628906250 3800000
0.075805664062500 3800000
0.077331542968750 3799963
0.077575683593750 3800036
0.079101562500000 3799963
0.078552246093750 3800000
0.076110839843750 3800036
0.000000000000000 3800000
0.078430175781250 3800000
0.076354980468750 3799963
0.078857421875000 3800036
0.075866699218750 3800000
0.078002929687500 3800000
0.079589843750000 3800000
0.078369140625000 3800000
0.079406738281250 3800000
0.078796386718750 3800000
0.069519042968750 3799963
0.076721191406250 3800036
0.078979492187500 3799963
0.000000000000000 3800072
0.078369140625000 3799963
0.076477050781250 3800036
0.068908691406250 3799963
0.076599121093750 3799963
0.078247070312500 3800036
0.078186035156250 3800000
0.068298339843750 3800000
0.079162597656250 3800000
0.077209472656250 3800000
0.077026367187500 3800000
0.075500488281250 3800000
0.068115234375000 3800000
0.078063964843750 3800000
0.077514648437500 3799927
0.075561523437500 3800036
0.078063964843750 3800000
0.080017089843750 3800036
0.000000000000000 3800000
0.078125000000000 3800000
0.077880859375000 3799963
0.074829101562500 3800036
0.068664550781250 3800000
0.075134277343750 3800000
0.076354980468750 3800000
0.078674316406250 3799963
0.077026367187500 3800000
0.078063964843750 3800036
0.072692871093750 3800000
0.074584960937500 3800000
0.073181152343750 3800000
0.065856933593750 3799963
0.071044921875000 3800036
0.074218750000000 3800000
0.000000000000000 3800000
0.074096679687500 3800000
0.075073242187500 3800000
0.065002441406250 3800000
0.073120117187500 3800000
0.072875976562500 3800000
0.073059082031250 3800000
0.065124511718750 3800000
0.070983886718750 3800000
0.073730468750000 3800000
0.072326660156250 3799963
0.074157714843750 3800036
0.065856933593750 3800000
0.073730468750000 3800000
0.071228027343750 3800000
0.071228027343750 3800000
0.071960449218750 3800000
0.000000000000000 3800000
0.075683593750000 3800000
0.073608398437500 3800000
0.074645996093750 3800000
0.072570800781250 3800000
0.072021484375000 3800000
0.073486328125000 3800000
0.073852539062500 3800000
0.070312500000000 3800000
0.074096679687500 3800000
0.077453613281250 3800000
0.071960449218750 3800000
0.000000000000000 3800000
0.072814941406250 3800000
0.072143554687500 3800000
0.074645996093750 3800000
0.072509765625000 3800000
0.072204589843750 3799927
0.075927734375000 3800072
0.073364257812500 3800036
0.065063476562500 3799963
0.073730468750000 3800000
0.073181152343750 3800000
0.071411132812500 3800000
0.074951171875000 3800000
0.071350097656250 3799927
0.000000000000000 3800072
0.138122558593750 3800036
0.000000000000000 3799963
0.073242187500000 3800000
0.076110839843750 3800000
0.071594238281250 3800000
0.075073242187500 3800000
0.072082519531250 3800000
0.075500488281250 3800000
0.072509765625000 3800000
0.071411132812500 3800000
0.066345214843750 3800000
0.064758300781250 3800036
0.074707031250000 3799963
0.072875976562500 3800036
0.073974609375000 3799963
0.072265625000000 3799963
0.000000000000000 3800000
0.075500488281250 3800036
0.074707031250000 3800000
0.074768066406250 3800000
0.073486328125000 3800000
0.073303222656250 3800000
0.075195312500000 3799963
0.073974609375000 3800036
0.071228027343750 3800000
0.072387695312500 3800000
0.074218750000000 3800000
0.072448730468750 3800000
0.000000000000000 3800000
0.070861816406250 3800000
0.073730468750000 3799927
0.071960449218750 3800072
0.075256347656250 3800000
0.072326660156250 3800000
0.074340820312500 3800000
0.064270019531250 3800000
0.073852539062500 3800000
0.070617675781250 3800000
0.073669433593750 3800000
0.072570800781250 3800000
0.075317382812500 3800000
0.073364257812500 3800000
0.000000000000000 3800000
0.073974609375000 3800000
0.072143554687500 3799963
0.074645996093750 3800036
0.072204589843750 3800000
0.073608398437500 3800000
0.075744628906250 3800000
0.071472167968750 3799927
0.074462890625000 3800072
0.072082519531250 3800000
0.075073242187500 3800000
0.071838378906250 3800000
0.000000000000000 3800000
0.075927734375000 3799963
0.074523925781250 3800000
0.072082519531250 3800036
0.072204589843750 3800036
0.072204589843750 3799963
0.075073242187500 3800000
0.073059082031250 3800000
0.073486328125000 3800000
0.072937011718750 3800000
0.070434570312500 3800000
0.076171875000000 3800000
0.071105957031250 3799963
0.000000000000000 3800036
0.073608398437500 3799963
0.074951171875000 3800000
0.075988769531250 3800036
0.073364257812500 3800000
0.073608398437500 3800000
0.074951171875000 3800000
0.073730468750000 3800000
0.074523925781250 3799963
0.072692871093750 3800036
0.074340820312500 3800000
0.073242187500000 3799927
0.000000000000000 3800036
0.073303222656250 3800036
0.072998046875000 3800000
0.073547363281250 3800000
0.073791503906250 3800000
0.076965332031250 3800000
0.072631835937500 3800000
0.073791503906250 3799963
0.071594238281250 3800072
0.074279785156250 3799927
0.072631835937500 3800072
0.072753906250000 3799963
0.000000000000000 3800000
0.077087402343750 3800000
0.070800781250000 3799927
0.073486328125000 3800072
0.075378417968750 3800036
0.074462890625000 3799927
0.073669433593750 3800036
0.075134277343750 3800000
0.075317382812500 3800036
0.072814941406250 3799963
0.073730468750000 3799963
0.000000000000000 3800036
0.071838378906250 3800036
0.074462890625000 3799963
0.072937011718750 3800000
0.073852539062500 3800000
0.072937011718750 3800000
0.072875976562500 3799963
0.074157714843750 3800036
0.071716308593750 3800000
0.074279785156250 3800000
0.073181152343750 3800000
0.075134277343750 3800000
0.064331054687500 3800000
0.072326660156250 3800000
0.000000000000000 3800000
0.073242187500000 3800000
0.071472167968750 3800036
0.073791503906250 3799963
0.071533203125000 3800000
0.074829101562500 3799963
0.075683593750000 3800036
0.070556640625000 3800000
0.073913574218750 3800000
0.073730468750000 3800000
0.072509765625000 3800000
0.073120117187500 3800000
0.074584960937500 3800000
0.000000000000000 3800000
0.072937011718750 3800000
0.074523925781250 3800000
0.070983886718750 3800000
0.071716308593750 3800000
0.074707031250000 3800000
0.073059082031250 3800000
0.072509765625000 3800036
0.075805664062500 3799963
0.072814941406250 3800000
0.072509765625000 3800000
0.071838378906250 3800000
0.073852539062500 3800000
0.000000000000000 3799963
0.071594238281250 3800036
0.075256347656250 3800000
0.076354980468750 3800000
0.072204589843750 3799927
0.073181152343750 3679822
0.072326660156250 3800000
0.075683593750000 3800000
0.073486328125000 3799927
0.074707031250000 3800072
0.074707031250000 3800000
0.000000000000000 3800000
0.074218750000000 3800000
0.074584960937500 3800000
0.073730468750000 3800000
0.074096679687500 3800000
0.073181152343750 3800000
0.073181152343750 3799963
0.072814941406250 3800036
0.070800781250000 3800000
0.072692871093750 3800000
0.073730468750000 3800000
0.072875976562500 3800000
0.072753906250000 3799963
0.000000000000000 3800036
0.074401855468750 3800000
0.074096679687500 3800000
0.073059082031250 3800000
0.074829101562500 3800000
0.070434570312500 3800000
0.072570800781250 3800000
0.073669433593750 3800000
0.073608398437500 3800000
0.075256347656250 3799963
0.072509765625000 3800036
0.073608398437500 3800000
0.072570800781250 3799963
0.000000000000000 3800036
0.072082519531250 3800000
0.073303222656250 3800000
0.073974609375000 3800000
0.076843261718750 3800000
0.070800781250000 3799855
0.072631835937500 3800144
0.072387695312500 3800000
0.065429687500000 3800000
0.071350097656250 3800000
0.071472167968750 3800000
0.071289062500000 3799963
0.073730468750000 3800036
0.065307617187500 3800000
0.073791503906250 3800000
0.072937011718750 3800000
0.000000000000000 3800000
0.071411132812500 3800000
0.075317382812500 3799963
0.072875976562500 3800036
0.073852539062500 3800000
0.075195312500000 3800000
0.074462890625000 3800000
0.073852539062500 3800000
0.071533203125000 3799963
0.073852539062500 3800000
0.071594238281250 3800036
0.074218750000000 3800000
0.000000000000000 3800000
0.072998046875000 3800000
0.073852539062500 3800000
0.065246582031250 3800000
0.071044921875000 3799963
0.067138671875000 3800036
0.071289062500000 3800000
0.065979003906250 3800000
0.070251464843750 3799891
0.064575195312500 3800108
0.072814941406250 3800000
0.073547363281250 3800000
0.074279785156250 3800000
0.072204589843750 3800000
0.065246582031250 3800000
0.075012207031250 3800000
0.072326660156250 3800000
0.065917968750000 3800000
0.073547363281250 3800000
0.072814941406250 3800000
0.075195312500000 3800000
0.000000000000000 3800000
0.073059082031250 3800000
0.071716308593750 3799963
0.065002441406250 3800036
0.072265625000000 3800000
0.073364257812500 3800000
0.071533203125000 3800036
0.072814941406250 3799963
0.086669921875000 3800000
0.000000000000000 3800000
0.093566894531250 3800000
0.094238281250000 3799963
0.097900390625000 3800072
0.000000000000000 3799963
0.094665527343750 3800036
0.074462890625000 3799963
0.072509765625000 3800000
0.074035644531250 3800000
0.073303222656250 3799963
0.075500488281250 3800036
0.072692871093750 3800000
0.064758300781250 3800000
0.000000000000000 3800000
0.076354980468750 3800000
0.074035644531250 3800000
0.075378417968750 3800000
0.074951171875000 3800000
0.076477050781250 3800000
0.072631835937500 3800000
0.075988769531250 3800000
0.072814941406250 3800000
0.074218750000000 3799963
0.071350097656250 3800036
0.000000000000000 3800036
0.072509765625000 3799963
0.074462890625000 3800000
0.073364257812500 3800036
0.074829101562500 3799963
0.071350097656250 3800000
0.073303222656250 3799963
0.076354980468750 3788493
0.072875976562500 3700000
0.073852539062500 3693957
0.071777343750000 3694546
0.000000000000000 3683366
0.072265625000000 3695103
0.069702148437500 3694027
0.071472167968750 3683906
0.069091796875000 3694017
0.074462890625000 3683368
0.070251464843750 3689201
0.070373535156250 3699754
0.072814941406250 3689185
0.068847656250000 3699964
0.072143554687500 3699929
0.069519042968750 3700105
0.072937011718750 3689048
0.072021484375000 3700000
0.000000000000000 3683567
0.071105957031250 3683330
0.071655273437500 3699260
0.070617675781250 3689871
0.071350097656250 3687880
0.071350097656250 3690018
0.072265625000000 3698772
0.073059082031250 3700000
0.071105957031250 3695891
0.071228027343750 3693076
0.068664550781250 3695982
0.073425292968750 3683367
0.072204589843750 3687159
0.000000000000000 3690694
0.072631835937500 3683369
0.073425292968750 3692530
0.070556640625000 3688947
0.071777343750000 3699964
0.071105957031250 3688962
0.071350097656250 3691048
0.070861816406250 3697823
0.070007324218750 3700035
0.071411132812500 3699964
0.071960449218750 3699964
0.069580078125000 3685933
0.070190429687500 3691763
0.000000000000000 3697281
0.073364257812500 3691651
0.071166992187500 3688885
0.072143554687500 3691889
0.071472167968750 3694485
0.069763183593750 3691480
0.072509765625000 3688877
0.072143554687500 3700035
0.072204589843750 3686649
0.069519042968750 3691140
0.070190429687500 3688909
0.071289062500000 3700000
0.072509765625000 3688656
0.072387695312500 3699964
0.000000000000000 3700000
0.071105957031250 3692923
0.070983886718750 3694570
0.072143554687500 3690046
0.070678710937500 3687807
0.071472167968750 3683332
0.072143554687500 3695548
0.072204589843750 3700000
0.070190429687500 3699964
0.072021484375000 3700000
0.071228027343750 3700035
0.071899414062500 3693943
0.069885253906250 3694976
0.000000000000000 3694153
0.070617675781250 3683581
0.072021484375000 3700035
0.070129394531250 3688707
0.062927246093750 3688976
0.070251464843750 3688916
0.072021484375000 3699836
0.068420410156250 3700105
0.073303222656250 3700000
0.071228027343750 3699964
0.063537597656250 3688946
0.071777343750000 3689404
0.071228027343750 3699451
0.072692871093750 3699929
0.070800781250000 3689005
0.073974609375000 3689775
0.069152832031250 3699135
0.000000000000000 3690039
0.071899414062500 3687494
0.073120117187500 3690337
0.069458007812500 3683369
0.071289062500000 3683297
0.070129394531250 3694626
0.072692871093750 3683334
0.069763183593750 3698328
0.071777343750000 3700035
0.071777343750000 3700000
0.070373535156250 3699929
0.072326660156250 3696786
0.070617675781250 3692194
0.000000000000000 3685676
0.071960449218750 3691831
0.071105957031250 3688932
0.072387695312500 3691707
0.070861816406250 3697240
0.071838378906250 3691760
0.070983886718750 3685940
0.070129394531250 3691927
0.073059082031250 3696952
0.068847656250000 3692147
0.069946289062500 3685560
0.071228027343750 3700000
0.073364257812500 3699964
0.000000000000000 3692600
0.071655273437500 3684876
0.071411132812500 3700035
0.071350097656250 3700000
0.069396972656250 3693079
0.072204589843750 3695821
0.071777343750000 3700000
0.071655273437500 3700035
0.072387695312500 3693294
0.072387695312500 3684423
0.072265625000000 3700035
0.070495605468750 3699964
0.072570800781250 3700035
0.069763183593750 3688906
0.000000000000000 3699964
0.074768066406250 3700035
0.071350097656250 3699964
0.068481445312500 3700000
0.070129394531250 3700000
0.072326660156250 3700035
0.070495605468750 3699964
0.070922851562500 3688850
0.071289062500000 3688935
0.063415527343750 3697243
0.073974609375000 3699964
0.063110351562500 3700000
0.071166992187500 3700035
0.073120117187500 3699964
0.071289062500000 3699964
0.000000000000000 3700035
0.071594238281250 3700035
0.070007324218750 3700000
0.072570800781250 3700000
0.072204589843750 3700000
0.069580078125000 3699964
0.071289062500000 3700035
0.072021484375000 3693945
0.072937011718750 3700035
0.071411132812500 3699964
0.071777343750000 3700035
0.071044921875000 3699964
0.071166992187500 3692882
0.070983886718750 3700000
0.000000000000000 3699964
0.073913574218750 3700035
0.071655273437500 3699964
0.069763183593750 3696688
0.071044921875000 3692219
0.072692871093750 3699929
0.070129394531250 3700035
0.073059082031250 3695217
0.070678710937500 3691719
0.072875976562500 3699964
0.071655273437500 3699344
0.071472167968750 3699964
0.000000000000000 3700035
0.072448730468750 3700000
0.070312500000000 3698959
0.074523925781250 3700000
0.071105957031250 3699964
0.071411132812500 3700000
0.069519042968750 3698147
0.072387695312500 3700035
0.063232421875000 3699964
0.070556640625000 3700000
0.070373535156250 3698260
0.069580078125000 3699929
0.071716308593750 3700035
0.069885253906250 3696607
0.072509765625000 3699964
0.000000000000000 3700000
0.074462890625000 3700000
0.070983886718750 3700035
0.072631835937500 3700000
0.070129394531250 3700000
0.071411132812500 3699964
0.071655273437500 3699964
0.071289062500000 3700035
0.071716308593750 3700000
0.071533203125000 3700000
0.071228027343750 3700035
0.069396972656250 3699964
0.074035644531250 3700000
0.000000000000000 3700035
0.068359375000000 3699964
0.072631835937500 3700035
0.071655273437500 3699964
0.073608398437500 3700035
0.062866210937500 3699964
0.071350097656250 3700035
0.070983886718750 3700000
0.071350097656250 3699964
0.073181152343750 3700000
0.069946289062500 3700035
0.074035644531250 3699964
0.070739746093750 3700000
0.070251464843750 3700000
0.000000000000000 3699964
0.072509765625000 3700035
0.070983886718750 3700000
0.071777343750000 3698807
0.069641113281250 3697640
0.072937011718750 3700000
0.072814941406250 3699964
0.070922851562500 3700035
0.070495605468750 3700035
0.071655273437500 3700000
0.073669433593750 3699964
0.070617675781250 3700000
0.071655273437500 3699964
0.000000000000000 3700035
0.074340820312500 3700035
0.070800781250000 3700000
0.072265625000000 3700000
0.069458007812500 3700000
0.072753906250000 3700000
0.072387695312500 3700000
0.063720703125000 3699964
0.071960449218750 3700000
0.071044921875000 3700000
0.072265625000000 3700000
0.070129394531250 3700000
0.071289062500000 3700000
0.068969726562500 3699929
0.000000000000000 3700105
0.072204589843750 3700000
0.069885253906250 3699964
0.064636230468750 3700035
0.072998046875000 3699929
0.070068359375000 3700035
0.070861816406250 3700000
0.072387695312500 3700035
0.071533203125000 3700000
0.070007324218750 3690765
0.062866210937500 3699964
0.069946289062500 3700035
0.063232421875000 3699929
0.073791503906250 3700035
0.071411132812500 3694716
0.071105957031250 3689760
0.069091796875000 3700000
0.073791503906250 3700000
0.068725585937500 3699964
0.000000000000000 3700035
0.072937011718750 3700000
0.071411132812500 3700000
0.072265625000000 3700000
0.072814941406250 3700035
0.070617675781250 3699964
0.071655273437500 3700000
0.069824218750000 3700000
0.072021484375000 3700035
0.069824218750000 3700000
0.072692871093750 3699964
0.072326660156250 3699964
0.000000000000000 3700035
0.072448730468750 3700000
0.072143554687500 3699964
0.071777343750000 3693166
0.072509765625000 3700035
0.073669433593750 3700000
0.071105957031250 3699964
0.070312500000000 3700000
0.070495605468750 3700000
0.073303222656250 3700000
0.071716308593750 3699964
0.071166992187500 3700070
0.000000000000000 3699964
0.073120117187500 3696597
0.070861816406250 3700000
0.070495605468750 3700035
0.070129394531250 3699964
0.073730468750000 3700000
0.069824218750000 3700035
0.071594238281250 3700000
0.073181152343750 3700000
0.070861816406250 3699964
0.070861816406250 3700000
0.070373535156250 3700035
0.070983886718750 3699964
0.071411132812500 3700035
0.000000000000000 3699964
0.070495605468750 3700035
0.070373535156250 3699929
0.070678710937500 3700070
0.071044921875000 3699964
0.069580078125000 3690093
0.071899414062500 3700000
0.069396972656250 3700035
0.070373535156250 3699964
0.073974609375000 3700000
0.069702148437500 3700000
0.073242187500000 3700035
0.071350097656250 3699964
0.063720703125000 3700000
0.071777343750000 3700035
0.000000000000000 3700000
0.071838378906250 3700000
0.071105957031250 3700000
0.072509765625000 3700000
0.073425292968750 3699964
0.070190429687500 3700000
0.071777343750000 3700000
0.069763183593750 3700000
0.073120117187500 3699964
0.071594238281250 3700070
0.073913574218750 3699964
0.073913574218750 3699964
0.000000000000000 3700035
0.071228027343750 3700000
0.072570800781250 3700035
0.069274902343750 3699964
0.071533203125000 3700000
0.070739746093750 3700000
0.063293457031250 3700000
0.068298339843750 3699894
0.078430175781250 3700105
0.076721191406250 3700000
0.070007324218750 3700000
0.068603515625000 3700000
0.067504882812500 3700000
0.072387695312500 3700035
0.070983886718750 3700000
0.000000000000000 3699964
0.069458007812500 3700000
0.072082519531250 3700035
0.063720703125000 3700000
0.066162109375000 3700000
0.070678710937500 3700000
0.071166992187500 3699964
0.075012207031250 3700000
0.073608398437500 3697677
0.072509765625000 3700000
0.075683593750000 3699964
0.063781738281250 3700070
0.068481445312500 3699929
0.072570800781250 3700035
0.070800781250000 3700035
0.069763183593750 3700000
0.000000000000000 3699964
0.071655273437500 3700000
0.071533203125000 3698999
0.071166992187500 3700000
0.072814941406250 3700035
0.072265625000000 3700000
0.070983886718750 3700000
0.070739746093750 3700000
0.070800781250000 3700000
0.073852539062500 3700000
0.071289062500000 3700000
0.072387695312500 3700000
0.000000000000000 3699964
0.072814941406250 3700035
0.070373535156250 3698422
0.071777343750000 3699964
0.070434570312500 3700035
0.073913574218750 3693787
0.072998046875000 3699964
0.071166992187500 3699929
0.071960449218750 3700105
0.069824218750000 3700000
0.071960449218750 3700000
0.071411132812500 3700000
0.071655273437500 3700000
0.000000000000000 3699964
0.070312500000000 3700000
0.071411132812500 3700035
0.072021484375000 3699964
0.071899414062500 3700035
0.070556640625000 3700000
0.072387695312500 3700000
0.071777343750000 3699964
0.074035644531250 3700035
0.069213867187500 3700000
0.071411132812500 3699964
0.071716308593750 3700000
0.063110351562500 3700000
0.072509765625000 3699964
0.000000000000000 3700000
0.072265625000000 3700070
0.071533203125000 3700000
0.070922851562500 3700000
0.063903808593750 3700000
0.069946289062500 3700000
0.072753906250000 3699964
0.069946289062500 3700035
0.072631835937500 3699964
0.064147949218750 3700000
0.073791503906250 3700000
0.072082519531250 3700035
0.073059082031250 3699964
0.071533203125000 3700000
0.072570800781250 3700035
0.000000000000000 3699964
0.075195312500000 3700000
0.067443847656250 3700035
0.066162109375000 3700000
0.065612792968750 3700000
0.065917968750000 3700000
0.073974609375000 3700000
0.070495605468750 3700000
0.070617675781250 3699929
0.070922851562500 3700070
0.073852539062500 3700000
0.068847656250000 3699964
0.073059082031250 3700000
0.072265625000000 3700000
0.070739746093750 3700000
0.071960449218750 3700035
0.069213867187500 3699964
0.000000000000000 3700035
0.072204589843750 3699964
0.071655273437500 3699964
0.074401855468750 3700070
0.073425292968750 3700000
0.069885253906250 3699964
0.072937011718750 3700035
0.070251464843750 3699964
0.072143554687500 3700035
0.069152832031250 3699964
0.072509765625000 3700035
0.000000000000000 3700000
0.074401855468750 3700000
0.069702148437500 3700000
0.071166992187500 3700000
0.070373535156250 3700000
0.072326660156250 3700000
0.071838378906250 3699929
0.070739746093750 3700070
0.072265625000000 3700000
0.072021484375000 3699929
0.070983886718750 3700035
0.070129394531250 3700000
0.071533203125000 3700000
0.072387695312500 3700035
0.000000000000000 3700000
0.071716308593750 3699071
0.071899414062500 3700035
0.071838378906250 3699964
0.072143554687500 3700035
0.070007324218750 3700000
0.074157714843750 3700000
0.071594238281250 3699964
0.072509765625000 3698944
0.070861816406250 3700035
0.072937011718750 3700000
0.072448730468750 3700000
0.000000000000000 3700000
0.132629394531250 3700000
0.000000000000000 3699964
0.071533203125000 3700000
0.064697265625000 3700035
0.069702148437500 3700000
0.070739746093750 3699964
0.071411132812500 3699964
0.072875976562500 3700035
0.071105957031250 3700000
0.070983886718750 3700035
0.071166992187500 3699964
0.070190429687500 3700035
0.073669433593750 3699964
0.071655273437500 3700035
0.070007324218750 3700000
0.071166992187500 3699964
0.000000000000000 3700035
0.071777343750000 3699283
0.071533203125000 3697236
0.069763183593750 3699964
0.070495605468750 3700000
0.075073242187500 3696068
0.072753906250000 3699964
0.070434570312500 3699964
0.070312500000000 3700035
0.071533203125000 3700000
0.072875976562500 3700000
0.072570800781250 3700000
0.000000000000000 3700000
0.074035644531250 3700035
0.072021484375000 3699964
0.072204589843750 3700035
0.073547363281250 3696560
0.072265625000000 3695471
0.070007324218750 3700035
0.071838378906250 3699964
0.073425292968750 3700035
0.069335937500000 3700000
0.070617675781250 3699929
0.071289062500000 3700070
0.000000000000000 3699964
0.073059082031250 3700035
0.072143554687500 3700000
0.073181152343750 3699964
0.071411132812500 3700000
0.069091796875000 3700000
0.073974609375000 3700035
0.069824218750000 3700000
0.072631835937500 3699964
0.070312500000000 3700000
0.072570800781250 3700035
0.073669433593750 3699964
0.068725585937500 3700000
0.000000000000000 3700035
0.071716308593750 3699894
0.070007324218750 3700105
0.072570800781250 3699964
0.070739746093750 3697303
0.071838378906250 3699074
0.071655273437500 3700000
0.070251464843750 3700000
0.073791503906250 3700000
0.071105957031250 3700000
0.071899414062500 3700000
0.070678710937500 3699964
0.072387695312500 3700000
0.000000000000000 3616966
0.068725585937500 3600068
0.066528320312500 3599965
0.066711425781250 3600000
0.066650390625000 3600000
0.059570312500000 3600000
0.065307617187500 3598553
0.067016601562500 3600000
0.066894531250000 3600000
0.067932128906250 3600000
0.065856933593750 3583529
0.063964843750000 3583330
0.066284179687500 3586260
0.063476562500000 3600000
0.000000000000000 3590408
0.066528320312500 3595711
0.065856933593750 3600000
0.065734863281250 3599965
0.067321777343750 3600034
0.067260742187500 3600000
0.065307617187500 3600000
0.064392089843750 3600000
0.066345214843750 3600000
0.064880371093750 3600034
0.066284179687500 3599931
0.067565917968750 3600034
0.065856933593750 3600000
0.000000000000000 3600000
0.066955566406250 3600000
0.066955566406250 3600000
0.058898925781250 3600000
0.065612792968750 3600000
0.067626953125000 3600000
0.067382812500000 3600000
0.065673828125000 3600000
0.066101074218750 3600000
0.065856933593750 3600000
0.065307617187500 3600000
0.065612792968750 3600000
0.066162109375000 3600000
0.065368652343750 3600000
0.000000000000000 3600034
0.065124511718750 3599931
0.065795898437500 3600034
0.066223144531250 3600000
0.067260742187500 3600000
0.064331054687500 3600000
0.065979003906250 3600000
0.066406250000000 3600000
0.063964843750000 3599965
0.067504882812500 3600000
0.064880371093750 3600034
0.064636230468750 3600034
0.066162109375000 3599965
0.000000000000000 3600000
0.066772460937500 3600034
0.066162109375000 3599965
0.065307617187500 3600000
0.066589355468750 3600000
0.065063476562500 3600000
0.067321777343750 3600000
0.065673828125000 3600000
0.066223144531250 3600000
0.069030761718750 3600000
0.063964843750000 3600000
0.066223144531250 3600000
0.064208984375000 3600000
0.000000000000000 3600000
0.067199707031250 3599965
0.064575195312500 3600034
0.065917968750000 3600000
0.067382812500000 3600000
0.065795898437500 3600000
0.059448242187500 3600000
0.064819335937500 3599931
0.066284179687500 3600068
0.064880371093750 3600000
0.067565917968750 3600000
0.064636230468750 3600034
0.067443847656250 3599965
0.000000000000000 3600000
0.067932128906250 3600000
0.065185546875000 3600000
0.066223144531250 3600034
0.065490722656250 3599965
0.066101074218750 3600000
0.064575195312500 3600000
0.068542480468750 3600000
0.066467285156250 3600034
0.065979003906250 3599965
0.065063476562500 3600000
0.066223144531250 3600000
0.068115234375000 3600000
0.000000000000000 3600000
0.065612792968750 3600000
0.067443847656250 3600034
0.065856933593750 3599965
0.066345214843750 3600000
0.065551757812500 3600034
0.064453125000000 3599965
0.067077636718750 3600000
0.064575195312500 3600000
0.067626953125000 3599965
0.067504882812500 3600034
0.066406250000000 3600000
0.064025878906250 3599965
0.066040039062500 3600034
0.000000000000000 3600000
0.066833496093750 3599965
0.064392089843750 3599965
0.066223144531250 3600068
0.067993164062500 3600000
0.066284179687500 3600000
0.064331054687500 3600000
0.065368652343750 3600000
0.065734863281250 3600034
0.065124511718750 3599965
0.066101074218750 3600000
0.067993164062500 3600000
0.065856933593750 3600034
0.000000000000000 3600000
0.063903808593750 3599965
0.066894531250000 3600000
0.064636230468750 3600000
0.065185546875000 3599965
0.064819335937500 3600034
0.067810058593750 3600000
0.064392089843750 3599931
0.057983398437500 3600068
0.065979003906250 3600000
0.065979003906250 3599931
0.067871093750000 3600068
0.066223144531250 3600000
0.065612792968750 3600000
0.000000000000000 3600000
0.066101074218750 3600000
0.059692382812500 3600000
0.064025878906250 3600034
0.066040039062500 3599965
0.065307617187500 3600000
0.066162109375000 3599965
0.065185546875000 3600034
0.065307617187500 3600000
0.067871093750000 3600000
0.065612792968750 3600000
0.069335937500000 3600000
0.066650390625000 3600000
0.066162109375000 3600000
0.000000000000000 3600000
0.122253417968750 3600000
0.000000000000000 3599897
0.068298339843750 3600068
0.067810058593750 3600034
0.066040039062500 3600000
0.065124511718750 3600000
0.068054199218750 3600000
0.067504882812500 3600000
0.066711425781250 3600000
0.067138671875000 3599965
0.065002441406250 3600034
0.065612792968750 3600000
0.064880371093750 3600034
0.000000000000000 3599965
0.067504882812500 3600000
0.065368652343750 3600000
0.064941406250000 3600000
0.066406250000000 3600000
0.064270019531250 3600000
0.065979003906250 3599931
0.064453125000000 3600068
0.066650390625000 3600000
0.066467285156250 3600000
0.066955566406250 3600000
0.066345214843750 3600034
0.067382812500000 3599965
0.000000000000000 3600000
0.064147949218750 3600000
0.065551757812500 3600000
0.064575195312500 3599965
0.066772460937500 3600034
0.058349609375000 3600000
0.066162109375000 3600000
0.066650390625000 3600000
0.065490722656250 3600000
0.066711425781250 3600000
0.066833496093750 3600034
0.063293457031250 3600000
0.066406250000000 3599965
0.065612792968750 3600034
0.058105468750000 3599965
0.065368652343750 3600000
0.000000000000000 3600000
0.066650390625000 3600000
0.066406250000000 3599931
0.064697265625000 3600068
0.067077636718750 3600000
0.064453125000000 3600000
0.065795898437500 3600000
0.067321777343750 3600000
0.069152832031250 3600000
0.065551757812500 3600034
0.065063476562500 3599931
0.066772460937500 3600034
0.000000000000000 3600000
0.066650390625000 3600000
0.066284179687500 3600000
0.069763183593750 3522744
0.065185546875000 3600034
0.058105468750000 3600000
0.066040039062500 3600000
0.058471679687500 3600000
0.064025878906250 3600000
0.066467285156250 3600000
0.065490722656250 3600000
0.067504882812500 3600000
0.065979003906250 3600000
0.067260742187500 3599931
0.066162109375000 3600068
0.000000000000000 3600000
0.066772460937500 3600034
0.066223144531250 3599965
0.065429687500000 3600034
0.068420410156250 3599965
0.067565917968750 3600034
0.065979003906250 3599965
0.066833496093750 3600000
0.065063476562500 3599931
0.065063476562500 3600102
0.065612792968750 3599965
0.066650390625000 3599931
0.000000000000000 3600068
0.065979003906250 3600000
0.065856933593750 3600000
0.066162109375000 3600000
0.064758300781250 3600000
0.065979003906250 3600000
0.065429687500000 3600000
0.066101074218750 3600000
0.066223144531250 3600000
0.064331054687500 3600000
0.067504882812500 3600000
0.064575195312500 3600000
0.066528320312500 3600000
0.065856933593750 3599982
0.065490722656250 3600034
0.066650390625000 3600000
0.064086914062500 3599965
0.067138671875000 3600034
0.063476562500000 3600000
0.058532714843750 3600000
0.066772460937500 3600034
0.065490722656250 3599965
0.067565917968750 3599965
0.065429687500000 3600034
0.066650390625000 3600000
0.066589355468750 3600000
0.000000000000000 3599965
0.067932128906250 3600034
0.065917968750000 3600000
0.068176269531250 3600000
0.067260742187500 3600000
0.058166503906250 3600000
0.067321777343750 3600000
0.064575195312500 3600000
0.067443847656250 3600000
0.065429687500000 3600000
0.059631347656250 3599931
0.065856933593750 3600034
0.067199707031250 3600034
0.064758300781250 3600000
0.000000000000000 3600000
0.124633789062500 3600000
0.000000000000000 3600034
0.064208984375000 3599965
0.066711425781250 3600000
0.065124511718750 3600034
0.065856933593750 3599965
0.067199707031250 3600000
0.064025878906250 3600000
0.067443847656250 3600000
0.066040039062500 3600000
0.066955566406250 3600000
0.065673828125000 3600000
0.066406250000000 3600000
0.066528320312500 3599965
0.000000000000000 3600034
0.066772460937500 3600034
0.065002441406250 3599931
0.065734863281250 3599931
0.065734863281250 3600102
0.067382812500000 3600000
0.067199707031250 3600000
0.068725585937500 3599931
0.065429687500000 3600068
0.066772460937500 3600000
0.065246582031250 3600000
0.000000000000000 3599965
0.067077636718750 3600034
0.064880371093750 3600000
0.066223144531250 3600034
0.067321777343750 3599965
0.066406250000000 3600034
0.065979003906250 3599965
0.065551757812500 3600034
0.066772460937500 3599965
0.065856933593750 3599965
0.066711425781250 3600068
0.066894531250000 3599965
0.062988281250000 3600000
0.057861328125000 3600000
0.064697265625000 3599931
0.000000000000000 3600068
0.065673828125000 3599931
0.064636230468750 3600068
0.064392089843750 3599931
0.058959960937500 3600034
0.067260742187500 3600034
0.068908691406250 3600034
0.064575195312500 3599897
0.058044433593750 3600068
0.068725585937500 3599897
0.065185546875000 3600102
0.064819335937500 3600000
0.066284179687500 3599965
0.070373535156250 3600034
0.000000000000000 3600000
0.067565917968750 3600000
0.066955566406250 3600000
0.064819335937500 3599931
0.058288574218750 3600034
0.065673828125000 3600034
0.065734863281250 3600000
0.065246582031250 3600000
0.067565917968750 3600000
0.066223144531250 3599931
0.066101074218750 3600068
0.065979003906250 3600000
0.064758300781250 3600000
0.067749023437500 3600000
0.000000000000000 3600000
0.064819335937500 3600000
0.069152832031250 3600000
0.064697265625000 3600000
0.067687988281250 3600000
0.066650390625000 3599931
0.064575195312500 3600034
0.065002441406250 3600000
0.063476562500000 3600034
0.069458007812500 3599931
0.065612792968750 3600068
0.065490722656250 3600000
0.067626953125000 3600000
0.000000000000000 3600000
0.065734863281250 3599965
0.066406250000000 3600034
0.065368652343750 3600000
0.066223144531250 3599965
0.064697265625000 3600000
0.066650390625000 3600034
0.066223144531250 3599965
0.063232421875000 3600034
0.066406250000000 3600000
0.064453125000000 3599931
0.067199707031250 3600068
0.066650390625000 3599965
0.000000000000000 3600034
0.065063476562500 3657068
0.067932128906250 3800000
0.074157714843750 3742404
0.071594238281250 3699929
0.072570800781250 3700035
0.073242187500000 3699964
0.072509765625000 3700035
0.073547363281250 3700000
0.071105957031250 3700000
0.071411132812500 3700035
0.070312500000000 3700000
0.000000000000000 3699929
0.071899414062500 3700070
0.072814941406250 3700000
0.071289062500000 3700000
0.068969726562500 3700000
0.072021484375000 3700000
0.073059082031250 3699964
0.072814941406250 3700000
0.073059082031250 3699964
0.069458007812500 3700035
0.073303222656250 3700000
0.071899414062500 3700035
0.070800781250000 3699964
0.000000000000000 3699964
0.071594238281250 3700070
0.071960449218750 3699964
0.073791503906250 3700035
0.071716308593750 3699964
0.073120117187500 3700000
0.069580078125000 3700035
0.073181152343750 3700000
0.070251464843750 3699964
0.074096679687500 3700000
0.071533203125000 3700000
0.069458007812500 3700000
0.000000000000000 3700035
0.072326660156250 3699929
0.072937011718750 3700035
0.070983886718750 3700035
0.070678710937500 3700000
0.071960449218750 3699964
0.073669433593750 3700035
0.069519042968750 3699964
0.072204589843750 3700035
0.070617675781250 3699964
0.071838378906250 3700035
0.070495605468750 3699964
0.070617675781250 3700000
0.000000000000000 3699929
0.071960449218750 3700105
0.071777343750000 3700000
0.071533203125000 3700000
0.069213867187500 3699964
0.073913574218750 3700000
0.069824218750000 3700035
0.063110351562500 3700000
0.069702148437500 3700000
0.073669433593750 3700000
0.070617675781250 3699929
0.072937011718750 3700035
0.071228027343750 3700035
0.069641113281250 3699964
0.072631835937500 3700000
0.000000000000000 3699964
0.069213867187500 3700070
0.073547363281250 3699964
0.072692871093750 3700035
0.068847656250000 3699964
0.072814941406250 3700035
0.071533203125000 3699929
0.070556640625000 3700000
0.069580078125000 3700035
0.073303222656250 3700000
0.071716308593750 3699964
0.071289062500000 3700035
0.071166992187500 3699964
0.000000000000000 3700035
0.071899414062500 3700035
0.071594238281250 3699964
0.071594238281250 3700035
0.072387695312500 3700000
0.071777343750000 3699964
0.070983886718750 3700035
0.070861816406250 3699964
0.071533203125000 3700000
0.071411132812500 3700035
0.070434570312500 3699964
0.071777343750000 3700000
0.000000000000000 3700000
0.074340820312500 3700000
0.070983886718750 3700000
0.072265625000000 3700000
0.071411132812500 3699964
0.072387695312500 3700035
0.073059082031250 3700035
0.072570800781250 3699964
0.072875976562500 3700000
0.069030761718750 3700000
0.074401855468750 3700000
0.070739746093750 3700035
0.000000000000000 3700000
0.072143554687500 3699894
0.069946289062500 3700105
0.063354492187500 3699964
0.070739746093750 3700000
0.074157714843750 3700035
0.071472167968750 3699929
0.069519042968750 3700035
0.063598632812500 3700000
0.069519042968750 3699964
0.071960449218750 3700035
0.070983886718750 3700000
0.072021484375000 3700035
0.073425292968750 3700000
0.071411132812500 3699929
0.071899414062500 3700070
0.070434570312500 3700000
0.000000000000000 3700000
0.073242187500000 3699964
0.070312500000000 3700000
0.070373535156250 3700000
0.073791503906250 3700000
0.069824218750000 3700000
0.071533203125000 3700000
0.071533203125000 3700035
0.072814941406250 3699964
0.069946289062500 3700000
0.073547363281250 3700035
0.072326660156250 3699929
0.070129394531250 3700035
0.000000000000000 3700035
0.072448730468750 3699929
0.070617675781250 3700070
0.072814941406250 3700000
0.069946289062500 3699964
0.072265625000000 3700000
0.074035644531250 3700000
0.072265625000000 3700035
0.072509765625000 3700000
0.070983886718750 3700000
0.070129394531250 3699964
0.070983886718750 3700000
0.000000000000000 3700000
0.072814941406250 3700035
0.072204589843750 3700000
0.070861816406250 3699964
0.063110351562500 3699964
0.069519042968750 3700035
0.072448730468750 3700000
0.071350097656250 3700035
0.070495605468750 3700000
0.070861816406250 3699964
0.072998046875000 3700035
0.074707031250000 3700000
0.070678710937500 3700000
0.071166992187500 3699964
0.000000000000000 3700035
0.071533203125000 3699964
0.073242187500000 3699964
0.070007324218750 3700070
0.072814941406250 3699964
0.073425292968750 3700000
0.071044921875000 3700000
0.070861816406250 3699964
0.070861816406250 3700035
0.072570800781250 3700000
0.069274902343750 3700035
0.073913574218750 3700000
0.071350097656250 3700000
0.000000000000000 3699964
0.072875976562500 3699964
0.072509765625000 3700070
0.070739746093750 3700000
0.070922851562500 3699964
0.070129394531250 3700035
0.071289062500000 3699964
0.071533203125000 3700000
0.071044921875000 3700000
0.073486328125000 3700000
0.071166992187500 3700000
0.072387695312500 3700000
0.070617675781250 3699929
0.000000000000000 3700070
0.074096679687500 3700000
0.071411132812500 3700000
0.071655273437500 3700000
0.072448730468750 3700000
0.072814941406250 3700000
0.071655273437500 3700035
0.071105957031250 3700000
0.072387695312500 3699964
0.072509765625000 3700035
0.071228027343750 3699929
0.071044921875000 3700035
0.000000000000000 3700035
0.070495605468750 3699929
0.071716308593750 3700070
0.072875976562500 3700000
0.072387695312500 3699964
0.072387695312500 3699964
0.069641113281250 3700035
0.063354492187500 3699964
0.072387695312500 3700035
0.063476562500000 3700000
0.070373535156250 3700000
0.063049316406250 3700000
0.070861816406250 3699964
0.062866210937500 3700070
0.070983886718750 3700000
0.071899414062500 3699929
0.071105957031250 3700070
0.072814941406250 3699964
0.071838378906250 3700035
0.000000000000000 3699964
0.070129394531250 3700035
0.070739746093750 3699964
0.076110839843750 3699964
0.070129394531250 3700070
0.072143554687500 3699858
0.069824218750000 3700140
0.072204589843750 3699929
0.072387695312500 3700070
0.072631835937500 3700000
0.074035644531250 3700000
0.071105957031250 3699964
0.064880371093750 3700035
0.000000000000000 3699964
0.073181152343750 3700000
0.072021484375000 3700000
0.070251464843750 3700000
0.069702148437500 3700035
0.072692871093750 3700000
0.071289062500000 3700000
0.072021484375000 3699929
0.071044921875000 3700035
0.072387695312500 3700000
0.071899414062500 3700035
0.072509765625000 3699964
0.069458007812500 3700000
0.000000000000000 3700035
0.072387695312500 3700000
0.072387695312500 3699964
0.070739746093750 3700035
0.072875976562500 3700000
0.068847656250000 3699894
0.071960449218750 3700070
0.069580078125000 3699964
0.074401855468750 3700035
0.072204589843750 3700035
0.069885253906250 3699929
0.072448730468750 3700070
0.068725585937500 3699929
0.000000000000000 3700035
0.071289062500000 3700000
0.070678710937500 3700035
0.073425292968750 3700000
0.071166992187500 3699964
0.071228027343750 3700000
0.070617675781250 3700000
0.071533203125000 3699964
0.072753906250000 3700070
0.071350097656250 3700000
0.073364257812500 3699964
0.072509765625000 3700000
0.000000000000000 3700035
0.074340820312500 3699964
0.071472167968750 3700035
0.071716308593750 3700000
0.071044921875000 3700000
0.070129394531250 3699964
0.073303222656250 3700000
0.073059082031250 3700035
0.070983886718750 3700000
0.072937011718750 3700000
0.071533203125000 3699964
0.070556640625000 3699964
0.069580078125000 3700035
0.000000000000000 3700000
0.072509765625000 3700035
0.071594238281250 3699964
0.070068359375000 3700000
0.072814941406250 3700035
0.069946289062500 3699964
0.071105957031250 3700035
0.072509765625000 3700000
0.072814941406250 3699964
0.072082519531250 3700035
0.070312500000000 3699964
0.072143554687500 3700000
0.071350097656250 3700000
0.000000000000000 3700000
0.072814941406250 3700035
0.070556640625000 3700000
0.071777343750000 3700000
0.063293457031250 3699964
0.069213867187500 3700000
0.071228027343750 3700035
0.071228027343750 3700000
0.072265625000000 3699964
0.072204589843750 3694734
0.073547363281250 3694234
0.072814941406250 3700000
0.071594238281250 3700000
0.000000000000000 3700000
0.074096679687500 3699964
0.069519042968750 3699929
0.073669433593750 3700105
0.072631835937500 3699929
0.074584960937500 3700035
0.073425292968750 3700035
0.070861816406250 3699929
0.073181152343750 3700000
0.069946289062500 3700035
0.074829101562500 3700035
0.070007324218750 3699964
0.000000000000000 3700000
0.071655273437500 3700035
0.072021484375000 3699964
0.070617675781250 3700035
0.072753906250000 3699964
0.069824218750000 3700000
0.070373535156250 3700035
0.072021484375000 3699964
0.072998046875000 3700035
0.071411132812500 3699964
0.068847656250000 3700000
0.072509765625000 3700035
0.071655273437500 3699964
0.000000000000000 3695825
0.071411132812500 3697010
0.070068359375000 3692162
0.072021484375000 3694504
0.287170410156250 3689851
0.063110351562500 3700000
0.073425292968750 3700000
0.071105957031250 3700000
0.075073242187500 3700035
0.000000000000000 3699929
0.069335937500000 3700035
0.070800781250000 3700035
0.071228027343750 3700000
0.072082519531250 3700000
0.069702148437500 3697161
0.071105957031250 3700000
0.071105957031250 3700000
0.074890136718750 3699964
0.073425292968750 3700035
0.070129394531250 3700000
0.071838378906250 3700000
0.071716308593750 3700000
0.000000000000000 3700000
0.070251464843750 3700000
0.072814941406250 3699964
0.069091796875000 3700000
0.074829101562500 3700000
0.070129394531250 3700000
0.073059082031250 3700035
0.071655273437500 3699894
0.071166992187500 3700070
0.074462890625000 3700000
0.069702148437500 3700035
0.072326660156250 3700000
0.067810058593750 3699964
0.000000000000000 3700000
0.072998046875000 3700035
0.069580078125000 3700000
0.071655273437500 3699964
0.070190429687500 3700000
0.071716308593750 3700035
0.073181152343750 3700000
0.072509765625000 3699964
0.063110351562500 3700035
0.071594238281250 3699964
0.071838378906250 3700000
0.072265625000000 3700000
0.071655273437500 3700000
0.068847656250000 3700000
0.071411132812500 3699929
0.062866210937500 3700105
0.070556640625000 3700000
0.000000000000000 3699964
0.073242187500000 3700035
0.074279785156250 3700000
0.064636230468750 3700000
0.070251464843750 3700000
0.068298339843750 3700000
0.068359375000000 3699964
0.071655273437500 3700000
0.072631835937500 3700035
0.070068359375000 3699964
0.069213867187500 3700000
0.065185546875000 3700035
0.067443847656250 3699964
0.074218750000000 3700035
0.069396972656250 3699929
0.064758300781250 3700070
0.065795898437500 3700000
0.065490722656250 3699964
0.068969726562500 3700000
0.000000000000000 3700035
0.076843261718750 3699964
0.073181152343750 3700000
0.073791503906250 3700000
0.072509765625000 3700035
0.066345214843750 3700000
0.074096679687500 3700000
0.072204589843750 3700000
0.063903808593750 3700000
0.071105957031250 3699929
0.071533203125000 3700035
0.071533203125000 3700000
0.071166992187500 3700035
0.074707031250000 3700000
0.000000000000000 3700000
0.070434570312500 3700000
0.070617675781250 3699964
0.070678710937500 3700000
0.071655273437500 3699929
0.070495605468750 3700070
0.071228027343750 3700035
0.069213867187500 3699929
0.071411132812500 3700070
0.074096679687500 3700000
0.072631835937500 3699929
0.072937011718750 3700070
0.070861816406250 3695197
0.000000000000000 3699824
0.073181152343750 3700000
0.073608398437500 3699964
0.070190429687500 3700035
0.070739746093750 3699964
0.071350097656250 3700000
0.073669433593750 3700035
0.070556640625000 3699964
0.070861816406250 3700000
0.072814941406250 3700035
0.070861816406250 3699964
0.070983886718750 3700000
0.070983886718750 3700035
0.000000000000000 3699964
0.071228027343750 3698665
0.070861816406250 3699756
0.072937011718750 3699964
0.072143554687500 3700035
0.071289062500000 3700000
0.071228027343750 3700035
0.073303222656250 3699964
0.072143554687500 3699964
0.069213867187500 3700035
0.063049316406250 3700035
0.070556640625000 3700000
0.073730468750000 3699964
0.000000000000000 3700000
0.075012207031250 3697403
0.072509765625000 3698060
0.071105957031250 3700000
0.071716308593750 3699964
0.071777343750000 3700000
0.071533203125000 3699929
0.074890136718750 3700070
0.067077636718750 3700035
0.066711425781250 3700000
0.065551757812500 3700000
0.064147949218750 3699929
0.072753906250000 3700035
0.073242187500000 3700000
0.070007324218750 3700000
0.070373535156250 3700000
0.000000000000000 3700000
0.071594238281250 3700035
0.072082519531250 3699929
0.073425292968750 3700070
0.071899414062500 3699964
0.069213867187500 3700035
0.071289062500000 3700000
0.071411132812500 3696562
0.072509765625000 3700035
0.070495605468750 3699964
0.069091796875000 3700035
0.072631835937500 3699929
0.071716308593750 3700070
0.000000000000000 3700000
0.072143554687500 3700000
0.070373535156250 3700000
0.071289062500000 3699929
0.074035644531250 3700070
0.069885253906250 3700000
0.071350097656250 3700000
0.070068359375000 3699964
0.070800781250000 3700035
0.071472167968750 3699964
0.071105957031250 3700035
0.071655273437500 3700000
0.070190429687500 3700000
0.073303222656250 3699964
0.068847656250000 3700000
0.000000000000000 3700000
0.072570800781250 3700000
0.069458007812500 3700000
0.072570800781250 3700000
0.074523925781250 3700035
0.070251464843750 3699964
0.072387695312500 3699964
0.071899414062500 3700035
0.063720703125000 3699964
0.070739746093750 3700035
0.071411132812500 3700035
0.071411132812500 3699964
0.072021484375000 3700000
0.000000000000000 3700000
0.072814941406250 3700035
0.069519042968750 3700000
0.071838378906250 3678087
0.069030761718750 3600068
0.068420410156250 3599965
0.067260742187500 3600000
0.058166503906250 3600000
0.066040039062500 3600000
0.064941406250000 3600000
0.067199707031250 3600000
0.059082031250000 3599931
0.067993164062500 3600068
0.066101074218750 3600000
0.065734863281250 3600000
0.000000000000000 3600034
0.067260742187500 3599965
0.065063476562500 3600000
0.065856933593750 3600000
0.065246582031250 3600000
0.060058593750000 3600000
0.065368652343750 3600000
0.065795898437500 3600000
0.064147949218750 3600000
0.067626953125000 3600000
0.068908691406250 3599931
0.063354492187500 3600068
0.067199707031250 3599931
0.065917968750000 3600068
0.058471679687500 3600000
0.064697265625000 3600000
0.066162109375000 3599965
0.000000000000000 3600068
0.065368652343750 3599931
0.067749023437500 3600034
0.068359375000000 3600000
0.064819335937500 3600000
0.065002441406250 3600000
0.064086914062500 3600000
0.065795898437500 3600000
0.064208984375000 3599897
0.068786621093750 3600068
0.067504882812500 3600034
0.065734863281250 3600000
0.059082031250000 3599965
0.000000000000000 3600034
0.065490722656250 3600000
0.066162109375000 3600000
0.065795898437500 3600000
0.067199707031250 3600000
0.065917968750000 3600000
0.066833496093750 3600000
0.068054199218750 3599931
0.066894531250000 3600068
0.060058593750000 3599931
0.066772460937500 3600068
0.066711425781250 3600000
0.068237304687500 3600034
0.000000000000000 3599965
0.067016601562500 3599931
0.066833496093750 3600068
0.064819335937500 3599965
0.065979003906250 3599965
0.063903808593750 3600068
0.058105468750000 3600000
0.064453125000000 3600000
0.065734863281250 3600000
0.066162109375000 3600000
0.064941406250000 3600000
0.067993164062500 3600000
0.064636230468750 3600000
0.065734863281250 3600000
0.063720703125000 3599965
0.000000000000000 3600034
0.068969726562500 3600000
0.066162109375000 3600000
0.064941406250000 3600000
0.066711425781250 3600000
0.067993164062500 3600000
0.059082031250000 3600000
0.066589355468750 3599965
0.065673828125000 3600034
0.066589355468750 3600000
0.065673828125000 3600000
0.066467285156250 3600000
0.067077636718750 3600000
0.065979003906250 3600000
0.000000000000000 3600000
0.066772460937500 3600000
0.067504882812500 3600000
0.066162109375000 3599931
0.065002441406250 3600000
0.066955566406250 3600068
0.067016601562500 3600000
0.067626953125000 3600000
0.064941406250000 3590346
0.067260742187500 3599286
0.058715820312500 3600000
0.066650390625000 3596170
0.066894531250000 3583299
0.000000000000000 3590458
0.064331054687500 3594132
0.059020996093750 3600000
0.064392089843750 3587793
0.068725585937500 3585879
0.064697265625000 3583333
0.066406250000000 3583334
0.065979003906250 3598742
0.065246582031250 3596853
0.067504882812500 3586587
0.064270019531250 3585834
0.067932128906250 3598049
0.068847656250000 3600000
0.064880371093750 3600034
0.000000000000000 3600000
0.067993164062500 3597362
0.063964843750000 3600000
0.068054199218750 3600000
0.066101074218750 3600000
0.065612792968750 3600000
0.067810058593750 3600000
0.063476562500000 3600000
0.058471679687500 3600000
0.064392089843750 3600000
0.066650390625000 3600034
0.066162109375000 3600000
0.068725585937500 3588776
0.000000000000000 3599931
0.064636230468750 3588917
0.067993164062500 3593028
0.066406250000000 3595938
0.063781738281250 3600000
0.067993164062500 3597561
0.064453125000000 3593266
0.066040039062500 3595710
0.063415527343750 3600000
0.068542480468750 3600000
0.065429687500000 3593609
0.065368652343750 3584094
0.066406250000000 3600000
0.000000000000000 3599522
0.064453125000000 3589305
0.066406250000000 3600000
0.064636230468750 3599965
0.066467285156250 3600034
0.066650390625000 3600000
0.066894531250000 3599965
0.067382812500000 3600034
0.064086914062500 3589276
0.066406250000000 3583332
0.064086914062500 3583302
0.068176269531250 3599336
0.065063476562500 3600102
0.000000000000000 3600000
0.065734863281250 3600000
0.067382812500000 3595447
0.067077636718750 3596852
0.067810058593750 3595742
0.064392089843750 3593136
0.066955566406250 3600000
0.064941406250000 3590500
0.067810058593750 3598412
0.064941406250000 3600000
0.063476562500000 3599931
0.067016601562500 3600034
0.000000000000000 3600034
0.067687988281250 3600000
0.066101074218750 3599965
0.065612792968750 3600034
0.065856933593750 3600000
0.064331054687500 3586395
0.067749023437500 3594510
0.066101074218750 3583368
0.063964843750000 3597453
0.066345214843750 3599965
0.066406250000000 3600034
0.066162109375000 3600034
0.066284179687500 3588873
0.000000000000000 3599965
0.064453125000000 3586410
0.065551757812500 3591401
0.067199707031250 3600034
0.067443847656250 3599965
0.067810058593750 3586714
0.063720703125000 3583335
0.067871093750000 3583300
0.064392089843750 3593917
0.066284179687500 3599965
0.064086914062500 3600000
0.067077636718750 3600000
0.000000000000000 3600000
0.066772460937500 3597803
0.063659667968750 3591804
0.064575195312500 3600000
0.064514160156250 3593665
0.067138671875000 3584108
0.064697265625000 3593932
0.065979003906250 3583333
0.065429687500000 3594430
0.063842773437500 3583403
0.067871093750000 3597926
0.065246582031250 3600000
0.065307617187500 3593129
0.065917968750000 3599862
0.000000000000000 3600137
0.067932128906250 3599471
0.065185546875000 3588300
0.064880371093750 3595732
0.065673828125000 3584181
0.065246582031250 3583330
0.067382812500000 3588001
0.065063476562500 3589968
0.066223144531250 3595895
0.068054199218750 3600000
0.066589355468750 3599931
0.064880371093750 3586954
0.065429687500000 3583367
0.000000000000000 3583333
0.066772460937500 3587202
0.064819335937500 3596943
0.067871093750000 3588913
0.067321777343750 3595347
0.064636230468750 3599965
0.065124511718750 3599462
0.066223144531250 3594445
0.065490722656250 3600034
0.064941406250000 3599931
0.065673828125000 3600068
0.068847656250000 3594724
0.065917968750000 3591699
0.000000000000000 3596904
0.067016601562500 3599965
0.064025878906250 3600000
0.067626953125000 3595684
0.065856933593750 3596826
0.065795898437500 3597680
0.068176269531250 3594558
0.064697265625000 3590704
0.066467285156250 3600000
0.064575195312500 3600000
0.064025878906250 3595191
0.063049316406250 3592691
0.065612792968750 3596300
0.000000000000000 3600034
0.067626953125000 3588875
0.065368652343750 3600000
0.066406250000000 3594478
0.063232421875000 3597535
0.065856933593750 3600000
0.066162109375000 3600000
0.065612792968750 3600000
0.064514160156250 3600000
0.065612792968750 3600000
0.067199707031250 3599965
0.065612792968750 3600034
0.064575195312500 3598064
0.064514160156250 3599519
0.058044433593750 3588756
0.058105468750000 3589078
0.067016601562500 3583332
0.000000000000000 3583369
0.064270019531250 3597127
0.066406250000000 3600000
0.067626953125000 3599931
0.065429687500000 3600068
0.066589355468750 3595358
0.064392089843750 3592495
0.064819335937500 3600000
0.064941406250000 3600000
0.065795898437500 3600034
0.066467285156250 3599965
0.066223144531250 3599931
0.068786621093750 3600102
0.000000000000000 3599965
0.065368652343750 3583489
0.067016601562500 3588815
0.064697265625000 3599965
0.066345214843750 3599965
0.064636230468750 3590876
0.065795898437500 3595815
0.067016601562500 3600034
0.065856933593750 3599931
0.068725585937500 3591500
0.064453125000000 3597479
0.066345214843750 3599965
0.000000000000000 3590746
0.068115234375000 3591620
0.065917968750000 3586267
0.067687988281250 3590875
0.063781738281250 3597058
0.065612792968750 3600000
0.064575195312500 3600000
0.068420410156250 3592183
0.064025878906250 3583335
0.063659667968750 3598611
0.067138671875000 3600068
0.065063476562500 3592747
0.066101074218750 3583299
0.065002441406250 3590558
0.000000000000000 3600000
0.067138671875000 3593211
0.065979003906250 3583399
0.066162109375000 3595120
0.066528320312500 3599965
0.065490722656250 3600034
0.066955566406250 3600000
0.066101074218750 3600000
0.057861328125000 3600000
0.067565917968750 3600000
0.064086914062500 3599931
0.066040039062500 3600068
0.066406250000000 3600000
0.000000000000000 3600000
0.065185546875000 3600000
0.065734863281250 3600000
0.066650390625000 3588891
0.066589355468750 3593656
0.064941406250000 3599965
0.064208984375000 3600034
0.064697265625000 3600000
0.065124511718750 3600000
0.329650878906250 3594047
0.125610351562500 3594493
0.000000000000000 3600000
0.065307617187500 3600000
0.065979003906250 3583575
0.063659667968750 3599027
0.069458007812500 3600102
0.066406250000000 3599965
0.065124511718750 3600000
0.066345214843750 3589809
0.066955566406250 3593364
0.065673828125000 3600034
0.066650390625000 3600000
0.065002441406250 3600000
0.000000000000000 3600000
0.066711425781250 3588279
0.065185546875000 3594537
0.065551757812500 3583368
0.065612792968750 3594464
0.066345214843750 3583331
0.065979003906250 3583332
0.067565917968750 3583334
0.069091796875000 3586049
0.066650390625000 3600000
0.066467285156250 3600000
0.063964843750000 3600000
0.000000000000000 3600000
0.066711425781250 3599931
0.064208984375000 3597868
0.066772460937500 3583333
0.068359375000000 3594557
0.063842773437500 3590779
0.065429687500000 3597280
0.065002441406250 3600000
0.074218750000000 3793900
0.074951171875000 3800000
0.069519042968750 3701362
0.062927246093750 3690293
0.070983886718750 3699110
0.064025878906250 3693163
0.072387695312500 3683334
0.000000000000000 3683299
0.071105957031250 3693832
0.070312500000000 3690551
0.071289062500000 3684325
0.075073242187500 3700035
0.070007324218750 3688261
0.071166992187500 3699465
0.071899414062500 3700000
0.072937011718750 3699894
0.070129394531250 3695784
0.070983886718750 3698832
0.070861816406250 3689582
0.068786621093750 3694557
0.062866210937500 3683331
0.071899414062500 3694577
0.000000000000000 3683333
0.072692871093750 3683366
0.072387695312500 3683335
0.064147949218750 3687735
0.070861816406250 3699964
0.072265625000000 3700035
0.073181152343750 3699964
0.071166992187500 3700000
0.063903808593750 3695596
0.070312500000000 3698383
0.071472167968750 3700000
0.070739746093750 3685127
0.074340820312500 3683403
0.071105957031250 3694612
0.070800781250000 3692279
0.000000000000000 3700000
0.072082519531250 3691260
0.071533203125000 3697686
0.064941406250000 3700000
0.070007324218750 3697040
0.070373535156250 3683436
0.070373535156250 3683299
0.072143554687500 3691547
0.073364257812500 3686322
0.072448730468750 3686883
0.070129394531250 3694497
0.070861816406250 3683335
0.073547363281250 3696735
0.069702148437500 3700035
0.071899414062500 3690048
0.000000000000000 3700000
0.072998046875000 3699964
0.071533203125000 3700070
0.072814941406250 3699964
0.070373535156250 3643013
0.072143554687500 3700035
0.071594238281250 3700000
0.073608398437500 3699929
0.073181152343750 3700035
0.071044921875000 3700000
0.071411132812500 3700000
0.000000000000000 3700035
0.072570800781250 3700000
0.071777343750000 3699964
0.069702148437500 3700035
0.071777343750000 3700000
0.073669433593750 3699964
0.072875976562500 3700035
0.072387695312500 3699964
0.072082519531250 3700000
0.072814941406250 3700035
0.072021484375000 3699964
0.071716308593750 3700000
0.000000000000000 3700035
0.072692871093750 3700000
0.069824218750000 3700000
0.073486328125000 3699964
0.072265625000000 3700035
0.073059082031250 3699964
0.070007324218750 3700035
0.072814941406250 3700000
0.072937011718750 3700000
0.070495605468750 3699964
0.071899414062500 3700000
0.070373535156250 3700000
0.071044921875000 3700000
0.000000000000000 3700000
0.071777343750000 3699129
0.072448730468750 3683334
0.074279785156250 3693044
0.069946289062500 3684787
0.071411132812500 3692934
0.070495605468750 3690953
0.070983886718750 3699964
0.070007324218750 3689012
0.072021484375000 3699929
0.073059082031250 3700035
0.070678710937500 3700000
0.070800781250000 3685357
0.000000000000000 3683333
0.070373535156250 3683336
0.072998046875000 3683334
0.069580078125000 3686658
0.072448730468750 3691245
0.072021484375000 3697699
0.070373535156250 3699964
0.062805175781250 3693145
0.073913574218750 3683295
0.063476562500000 3686258
0.071289062500000 3691715
0.073242187500000 3694489
0.071105957031250 3683436
0.074584960937500 3685861
0.070251464843750 3692017
0.000000000000000 3699702
0.071655273437500 3700000
0.064392089843750 3700000
0.070800781250000 3700035
0.072387695312500 3687273
0.070922851562500 3690505
0.063110351562500 3698529
0.070739746093750 3683331
0.074707031250000 3695747
0.071228027343750 3700035
0.071899414062500 3688761
0.063110351562500 3699964
0.070617675781250 3699226
0.072387695312500 3683263
0.069824218750000 3694631
0.074707031250000 3683336
0.072265625000000 3683820
0.000000000000000 3699964
0.070800781250000 3688876
0.069824218750000 3700035
0.069946289062500 3688785
0.074035644531250 3688975
0.070251464843750 3692140
0.072265625000000 3699929
0.071594238281250 3695514
0.071411132812500 3700000
0.070739746093750 3689195
0.069519042968750 3694533
0.072326660156250 3683335
0.069213867187500 3687786
0.063537597656250 3700000
0.071228027343750 3697806
0.000000000000000 3690011
0.072814941406250 3698858
0.071533203125000 3700000
0.070556640625000 3684640
0.072937011718750 3683336
0.071411132812500 3683295
0.073059082031250 3683334
0.072021484375000 3683368
0.072570800781250 3692878
0.071716308593750 3700000
0.069946289062500 3690600
0.071411132812500 3698335
0.071289062500000 3699964
0.000000000000000 3688929
0.073364257812500 3700000
0.070495605468750 3688964
0.072570800781250 3691180
0.073547363281250 3694506
0.070373535156250 3683400
0.063659667968750 3694715
0.070251464843750 3691582
0.071777343750000 3697485
0.071105957031250 3691413
0.072753906250000 3697676
0.073425292968750 3691252
0.070068359375000 3686719
0.071960449218750 3691046
0.000000000000000 3700000
0.070800781250000 3699964
0.071044921875000 3688909
0.073181152343750 3692640
0.070861816406250 3694626
0.072265625000000 3683260
0.073425292968750 3683370
0.070739746093750 3683334
0.071044921875000 3683330
0.071472167968750 3683370
0.072143554687500 3695816
0.071289062500000 3693332
0.000000000000000 3684423
0.072875976562500 3693470
0.071655273437500 3695407
0.063293457031250 3693628
0.070983886718750 3694675
0.070678710937500 3689518
0.072021484375000 3688839
0.071350097656250 3694089
0.072143554687500 3694914
0.072998046875000 3700000
0.070922851562500 3692617
0.073791503906250 3694243
0.073120117187500 3694655
0.072265625000000 3694387
0.000000000000000 3694483
0.071960449218750 3700000
0.073303222656250 3699964
0.070373535156250 3694930
0.062927246093750 3694049
0.071777343750000 3683788
0.063171386718750 3693932
0.072326660156250 3695156
0.072631835937500 3693786
0.072631835937500 3688893
0.070556640625000 3700035
0.073547363281250 3695411
0.071899414062500 3683334
0.074890136718750 3694556
0.000000000000000 3692504
0.072265625000000 3700000
0.063293457031250 3700000
0.069763183593750 3700000
0.070739746093750 3700035
0.073608398437500 3698719
0.069824218750000 3683330
0.070983886718750 3687187
0.072265625000000 3699964
0.074523925781250 3699964
0.069763183593750 3700070
0.070922851562500 3688830
0.070556640625000 3691074
0.072937011718750 3694579
0.000000000000000 3683264
0.072753906250000 3694565
0.071655273437500 3692038
0.071472167968750 3685855
0.071289062500000 3691905
0.064086914062500 3700035
0.069396972656250 3691590
0.073181152343750 3694659
0.072387695312500 3691627
0.071105957031250 3686268
0.072570800781250 3698712
0.071411132812500 3700000
0.073547363281250 3699964
0.070983886718750 3700035
0.000000000000000 3699964
0.073242187500000 3700000
0.072692871093750 3700035
0.069946289062500 3699894
0.070373535156250 3700070
0.070007324218750 3700035
0.073852539062500 3700000
0.069885253906250 3699964
0.072265625000000 3700035
0.071472167968750 3699964
0.071472167968750 3700000
0.073303222656250 3700035
0.069030761718750 3700000
0.000000000000000 3700000
0.071777343750000 3699929
0.070007324218750 3700035
0.063354492187500 3693673
0.073913574218750 3684850
0.069091796875000 3700000
0.071960449218750 3700000
0.071777343750000 3700000
0.070739746093750 3688890
0.069763183593750 3694207
0.071594238281250 3683567
0.070739746093750 3700035
0.073913574218750 3688833
0.071838378906250 3683333
0.070922851562500 3694378
0.000000000000000 3694647
0.071350097656250 3683332
0.072570800781250 3683332
0.072143554687500 3694142
0.070556640625000 3683891
0.075439453125000 3693837
0.072326660156250 3700035
0.063415527343750 3699964
0.070251464843750 3688990
0.071044921875000 3700000
0.072265625000000 3700000
0.072265625000000 3700000
0.070983886718750 3699964
0.071655273437500 3700000
0.000000000000000 3695825
0.069641113281250 3683299
0.072082519531250 3683366
0.070373535156250 3692978
0.070495605468750 3684916
0.070129394531250 3683332
0.071044921875000 3698313
0.073059082031250 3700000
0.071960449218750 3699964
0.072387695312500 3700035
0.072814941406250 3699964
0.069946289062500 3700000
0.072631835937500 3685665
0.000000000000000 3683333
0.073486328125000 3686462
0.070312500000000 3691392
0.070678710937500 3686326
0.063049316406250 3691507
0.072021484375000 3686144
0.063049316406250 3700035
0.069885253906250 3700000
0.070129394531250 3700000
0.072143554687500 3700000
0.072143554687500 3699964
0.072509765625000 3697791
0.071105957031250 3691117
0.072387695312500 3697958
0.075195312500000 3690947
0.000000000000000 3686944
0.070312500000000 3690747
0.072875976562500 3700000
0.070129394531250 3692871
0.072509765625000 3684845
0.070007324218750 3700070
0.072570800781250 3687470
0.071105957031250 3683369
0.072509765625000 3683330
0.071777343750000 3690094
0.071594238281250 3688945
0.073059082031250 3699964
0.069580078125000 3688944
0.000000000000000 3693461
0.071350097656250 3684274
0.069580078125000 3693688
0.073425292968750 3695278
0.070373535156250 3693917
0.071044921875000 3683297
0.073303222656250 3683336
0.072265625000000 3694712
0.072204589843750 3694297
0.068603515625000 3683447
0.074157714843750 3696109
0.070251464843750 3700035
0.070983886718750 3700000
0.000000000000000 3700000
0.071105957031250 3700000
0.070129394531250 3699929
0.071594238281250 3700070
0.071289062500000 3700000
0.070495605468750 3700000
0.071594238281250 3699964
0.073364257812500 3700000
0.072021484375000 3700035
0.070129394531250 3700000
0.072265625000000 3699964
0.070190429687500 3700035
0.064514160156250 3699964
0.069580078125000 3700035
0.072387695312500 3699964
0.000000000000000 3700035
0.072998046875000 3700000
0.072509765625000 3700000
0.071533203125000 3696477
0.069885253906250 3699929
0.071105957031250 3700105
0.069396972656250 3699964
0.072875976562500 3700000
0.070129394531250 3700000
0.072692871093750 3700000
0.070861816406250 3700035
0.072265625000000 3700000
0.070861816406250 3700000
0.000000000000000 3700000
0.071044921875000 3700000
0.072692871093750 3700000
0.071411132812500 3700000
0.073791503906250 3700000
0.072692871093750 3699929
0.070983886718750 3700035
0.070739746093750 3700000
0.073486328125000 3700035
0.072937011718750 3699964
0.069458007812500 3699964
0.074096679687500 3700035
0.000000000000000 3700035
0.071533203125000 3699964
0.071472167968750 3700035
0.072814941406250 3699964
0.070678710937500 3700035
0.069458007812500 3700000
0.070983886718750 3699964
0.072937011718750 3700000
0.073181152343750 3700035
0.070434570312500 3699964
0.070129394531250 3700000
0.071838378906250 3700000
0.069763183593750 3700035
0.071350097656250 3699964
0.000000000000000 3700000
0.070068359375000 3700035
0.074768066406250 3699964
0.071594238281250 3700035
0.071655273437500 3700000
0.069885253906250 3699964
0.072631835937500 3700035
0.071960449218750 3699964
0.073486328125000 3700000
0.070983886718750 3700035
0.071350097656250 3699929
0.071777343750000 3700070
0.000000000000000 3700000
0.070190429687500 3700000
0.071960449218750 3699964
0.070007324218750 3700000
0.072448730468750 3700035
0.071289062500000 3699964
0.069763183593750 3700000
0.072692871093750 3700000
0.071228027343750 3700035
0.073059082031250 3699929
0.069213867187500 3700070
0.072021484375000 3700000
0.072753906250000 3700000
0.000000000000000 3699964
0.135314941406250 3700035
0.000000000000000 3700000
0.069152832031250 3700000
0.072937011718750 3700000
0.069702148437500 3699964
0.074401855468750 3700000
0.071777343750000 3700000
0.072631835937500 3700000
0.071411132812500 3700035
0.069763183593750 3699964
0.075012207031250 3700035
0.070190429687500 3700000
0.070556640625000 3700000
0.070129394531250 3699964
0.063842773437500 3700035
0.000000000000000 3699964
0.072631835937500 3700000
0.069335937500000 3700035
0.072204589843750 3699964
0.069763183593750 3700000
0.072448730468750 3700035
0.070861816406250 3700000
0.072143554687500 3699964
0.072631835937500 3700000
0.072753906250000 3700035
0.074707031250000 3700000
0.070556640625000 3700000
0.000000000000000 3700000
0.072387695312500 3700000
0.071655273437500 3700000
0.074096679687500 3700000
0.073608398437500 3699964
0.069763183593750 3700000
0.073181152343750 3700035
0.073913574218750 3699964
0.074523925781250 3700000
0.074645996093750 3700000
0.071533203125000 3699964
0.000000000000000 3700035
0.070129394531250 3700000
0.070556640625000 3700000
0.071960449218750 3700000
0.071533203125000 3700035
0.077270507812500 3699964
0.077880859375000 3700035
0.062988281250000 3700000
0.070434570312500 3699964
0.067321777343750 3700035
0.068359375000000 3700000
0.073730468750000 3699964
0.072082519531250 3700035
0.070251464843750 3699964
0.000000000000000 3700035
0.070068359375000 3699964
0.065917968750000 3697337
0.065490722656250 3699369
0.076354980468750 3700000
0.067565917968750 3699964
0.067138671875000 3700000
0.064880371093750 3700000
0.074218750000000 3699964
0.071777343750000 3700070
0.078369140625000 3699964
0.070068359375000 3700000
0.067993164062500 3700000
0.062988281250000 3699964
0.062988281250000 3700035
0.071411132812500 3700035
0.071044921875000 3699964
0.072204589843750 3700000
0.069580078125000 3700035
0.000000000000000 3700000
0.072753906250000 3700000
0.072265625000000 3700000
0.072937011718750 3699964
0.071350097656250 3700035
0.069458007812500 3699964
0.071777343750000 3700035
0.073425292968750 3700000
0.071777343750000 3699964
0.071899414062500 3700000
0.069641113281250 3700000
0.064208984375000 3700035
0.072387695312500 3699964
0.072265625000000 3699929
0.000000000000000 3700105
0.070129394531250 3699964
0.071228027343750 3700035
0.073974609375000 3699894
0.068298339843750 3700105
0.072570800781250 3699964
0.070861816406250 3700035
0.070617675781250 3688362
0.071472167968750 3697616
0.071655273437500 3700000
0.072753906250000 3700035
0.071228027343750 3699964
0.072265625000000 3700000
0.000000000000000 3700000
0.071166992187500 3700000
0.072753906250000 3700000
0.069152832031250 3700035
0.071777343750000 3699964
0.073852539062500 3699964
0.069213867187500 3700035
0.070495605468750 3700000
0.071411132812500 3700000
0.074279785156250 3700000
0.069580078125000 3700000
0.071411132812500 3700000
0.069702148437500 3700000
0.072387695312500 3700035
0.059875488281250 3618614
0.000000000000000 3600034
0.125122070312500 3599965
0.058776855468750 3600034
0.000000000000000 3599965
0.068054199218750 3600034
0.059082031250000 3600034
0.066650390625000 3599965
0.066467285156250 3600000
0.067504882812500 3600000
0.070556640625000 3600000
0.061950683593750 3600000
0.060607910156250 3600000
0.063415527343750 3600000
0.057861328125000 3599931
0.068359375000000 3600068
0.066955566406250 3600000
0.064819335937500 3600000
0.066101074218750 3600000
0.067199707031250 3600000
0.064025878906250 3600000
0.000000000000000 3600034
0.066467285156250 3599965
0.063659667968750 3600000
0.065795898437500 3599965
0.065856933593750 3599965
0.066589355468750 3600068
0.065979003906250 3600000
0.066406250000000 3600000
0.067260742187500 3600000
0.064086914062500 3600000
0.065490722656250 3597872
0.064392089843750 3596797
0.066955566406250 3599965
0.000000000000000 3600034
0.066589355468750 3600000
0.065307617187500 3600000
0.065734863281250 3600000
0.064758300781250 3596715
0.066833496093750 3599965
0.064270019531250 3600000
0.066101074218750 3589369
0.064697265625000 3594653
0.067016601562500 3590154
0.057983398437500 3595090
0.065917968750000 3583330
0.066406250000000 3583335
0.065246582031250 3586636
0.065185546875000 3588008
0.000000000000000 3583335
0.065429687500000 3595226
0.066833496093750 3600034
0.068115234375000 3599965
0.064514160156250 3594006
0.065917968750000 3594505
0.065063476562500 3600000
0.065246582031250 3596590
0.065063476562500 3600000
0.066467285156250 3600000
0.067077636718750 3588286
0.066711425781250 3600000
0.065185546875000 3589199
0.000000000000000 3583369
0.065246582031250 3598409
0.066833496093750 3600034
0.065185546875000 3600000
0.065307617187500 3600000
0.068969726562500 3599897
0.064880371093750 3600137
0.059143066406250 3599965
0.065429687500000 3591093
0.065185546875000 3588742
0.066772460937500 3600000
0.065246582031250 3600000
0.065673828125000 3600000
0.069274902343750 3600000
0.000000000000000 3600000
0.068725585937500 3600000
0.064758300781250 3597766
0.067504882812500 3594904
0.064270019531250 3591428
0.067016601562500 3600000
0.067382812500000 3599965
0.065856933593750 3600034
0.064941406250000 3600000
0.067871093750000 3588914
0.065551757812500 3598181
0.063842773437500 3594557
0.000000000000000 3590775
0.067443847656250 3598204
0.063720703125000 3590657
0.066162109375000 3600000
0.066345214843750 3600000
0.065979003906250 3600000
0.067138671875000 3600000
0.064697265625000 3586121
0.065307617187500 3593844
0.063171386718750 3599015
0.058654785156250 3593316
0.067321777343750 3583296
0.064331054687500 3583335
0.066162109375000 3590650
0.066772460937500 3586888
0.000000000000000 3583333
0.066467285156250 3583333
0.064697265625000 3594553
0.065246582031250 3599395
0.066101074218750 3597061
0.067138671875000 3588929
0.066833496093750 3589612
0.064819335937500 3588130
0.067382812500000 3600000
0.065246582031250 3600000
0.065856933593750 3589972
0.067749023437500 3598720
0.000000000000000 3599965
0.066467285156250 3600034
0.065856933593750 3600000
0.065795898437500 3600000
0.068664550781250 3600000
0.065246582031250 3599965
0.067810058593750 3600034
0.066894531250000 3588876
0.064453125000000 3600034
0.066284179687500 3599965
0.064941406250000 3600034
0.065795898437500 3600000
0.066406250000000 3600000
0.000000000000000 3600000
0.065063476562500 3600000
0.067138671875000 3600034
0.066040039062500 3597912
0.067138671875000 3586060
0.064453125000000 3591806
0.065979003906250 3583334
0.064147949218750 3592340
0.065917968750000 3588909
0.067138671875000 3592123
0.064758300781250 3599984
0.067199707031250 3587961
0.063964843750000 3598084
0.058044433593750 3600000
0.065429687500000 3597948
0.000000000000000 3591840
0.066284179687500 3600000
0.064514160156250 3600000
0.067810058593750 3599931
0.067077636718750 3600068
0.063659667968750 3600000
0.066345214843750 3592949
0.063964843750000 3584773
0.067565917968750 3600000
0.064819335937500 3587553
0.065917968750000 3583367
0.066101074218750 3595688
0.000000000000000 3594922
0.066772460937500 3600000
0.066406250000000 3600000
0.067504882812500 3589543
0.058471679687500 3600000
0.065856933593750 3600000
0.067260742187500 3599965
0.066589355468750 3595192
0.067993164062500 3584785
0.058227539062500 3596920
0.063781738281250 3600000
0.068481445312500 3600000
0.065185546875000 3600000
0.067077636718750 3593633
0.063537597656250 3596679
0.000000000000000 3599965
0.068298339843750 3596591
0.065795898437500 3600000
0.063903808593750 3600000
0.066101074218750 3591259
0.064208984375000 3598235
0.067626953125000 3596386
0.064208984375000 3600000
0.066467285156250 3600000
0.066589355468750 3588866
0.066223144531250 3590085
0.065246582031250 3598825
0.065429687500000 3600000
0.000000000000000 3590200
0.066955566406250 3590363
0.066284179687500 3598569
0.058227539062500 3600000
0.067932128906250 3598905
0.065063476562500 3600000
0.066894531250000 3600000
0.064697265625000 3600000
0.065368652343750 3626648
0.074707031250000 3800000
0.080322265625000 3799963
0.078552246093750 3800000
0.078369140625000 3800036
0.000000000000000 3799963
0.078063964843750 3800036
0.075927734375000 3800000
0.076721191406250 3800000
0.077758789062500 3800000
0.078857421875000 3800036
0.077514648437500 3799963
0.074340820312500 3800036
0.077758789062500 3799963
0.078857421875000 3800000
0.077026367187500 3800000
0.075988769531250 3800036
0.077392578125000 3799963
0.079162597656250 3800000
0.000000000000000 3800000
0.075683593750000 3800000
0.078674316406250 3799963
0.077575683593750 3800036
0.080078125000000 3800000
0.078613281250000 3800000
0.079589843750000 3799963
0.079162597656250 3800036
0.076904296875000 3800000
0.077819824218750 3800000
0.076660156250000 3799927
0.075805664062500 3800072
0.000000000000000 3800000
0.144165039062500 3800000
0.000000000000000 3800000
0.078369140625000 3799963
0.077941894531250 3800072
0.076782226562500 3799963
0.076110839843750 3800000
0.079589843750000 3800000
0.076477050781250 3799963
0.079284667968750 3800072
0.078674316406250 3799542
0.222229003906250 3800000
0.076904296875000 3799963
0.077941894531250 3800072
0.078186035156250 3796543
0.078491210937500 3800000
0.079711914062500 3800000
0.000000000000000 3672115
0.079162597656250 3800000
0.077148437500000 3799963
0.068298339843750 3800036
0.076782226562500 3800000
0.078247070312500 3799963
0.078369140625000 3800036
0.081542968750000 3799963
0.076660156250000 3800036
0.076477050781250 3800000
0.077148437500000 3800000
0.075927734375000 3800000
0.081054687500000 3800000
0.076904296875000 3800000
0.000000000000000 3799963
0.076965332031250 3800036
0.080505371093750 3800000
0.076599121093750 3800000
0.080322265625000 3800000
0.075622558593750 3799963
0.075866699218750 3800036
0.079284667968750 3800036
0.079528808593750 3799963
0.077270507812500 3800000
0.076782226562500 3797417
0.077453613281250 3792210
0.000000000000000 3800000
0.077026367187500 3800000
0.077392578125000 3800036
0.076293945312500 3799963
0.078552246093750 3799963
0.079223632812500 3800036
0.079467773437500 3799963
0.078735351562500 3800036
0.078491210937500 3800036
0.074279785156250 3799963
0.064575195312500 3800000
0.074951171875000 3800000
0.064575195312500 3800000
0.074768066406250 3800000
0.000000000000000 3800000
0.072326660156250 3794135
0.075683593750000 3796402
0.072143554687500 3800000
0.073974609375000 3800000
0.065429687500000 3800000
0.071472167968750 3800000
0.073303222656250 3800000
0.074340820312500 3800000
0.073547363281250 3800000
0.074218750000000 3800000
0.072631835937500 3800036
0.073120117187500 3799963
0.071899414062500 3800000
0.073425292968750 3800000
0.066040039062500 3799963
0.000000000000000 3800000
0.072814941406250 3800036
0.073974609375000 3800000
0.071960449218750 3800000
0.075317382812500 3793005
0.072937011718750 3796602
0.072326660156250 3800000
0.075134277343750 3800000
0.071899414062500 3800000
0.074951171875000 3800000
0.071411132812500 3800000
0.076904296875000 3800000
0.000000000000000 3800000
0.073608398437500 3800000
0.074890136718750 3800000
0.075073242187500 3800000
0.072814941406250 3800000
0.064697265625000 3799963
0.073852539062500 3795920
0.073852539062500 3797335
0.074035644531250 3800000
0.072265625000000 3791378
0.075988769531250 3784101
0.073242187500000 3800000
0.065185546875000 3798137
0.071838378906250 3784466
0.064514160156250 3800036
0.071105957031250 3799927
0.000000000000000 3800000
0.074951171875000 3800036
0.072387695312500 3800000
0.072204589843750 3800000
0.074951171875000 3800000
0.071838378906250 3795120
0.075805664062500 3804885
0.071228027343750 3800000
0.074035644531250 3800000
0.071044921875000 3800000
0.076538085937500 3800000
0.072937011718750 3796553
0.071838378906250 3800036
0.000000000000000 3800000
0.074523925781250 3800000
0.073059082031250 3800000
0.074340820312500 3800000
0.072509765625000 3800000
0.075500488281250 3800000
0.072204589843750 3793130
0.072692871093750 3799963
0.073730468750000 3800036
0.073364257812500 3800000
0.072814941406250 3800000
0.072082519531250 3800000
0.000000000000000 3800000
0.074951171875000 3800000
0.073852539062500 3800000
0.071350097656250 3800000
0.072937011718750 3800000
0.071716308593750 3800000
0.072387695312500 3800036
0.073120117187500 3799963
0.072814941406250 3800036
0.075134277343750 3799963
0.074340820312500 3800000
0.074035644531250 3800000
0.072326660156250 3786592
0.000000000000000 3799161
0.073608398437500 3800000
0.072021484375000 3800000
0.072387695312500 3800000
0.074096679687500 3799963
0.073059082031250 3800036
0.075317382812500 3800000
0.072448730468750 3800000
0.072692871093750 3800000
0.072631835937500 3800000
0.073791503906250 3800000
0.076660156250000 3800000
0.000000000000000 3800000
0.074340820312500 3800036
0.072998046875000 3800000
0.071838378906250 3799963
0.072204589843750 3800000
0.064697265625000 3800000
0.072082519531250 3800000
0.073486328125000 3799963
0.075744628906250 3800036
0.072448730468750 3800000
0.073608398437500 3800036
0.073425292968750 3799963
0.071594238281250 3800036
0.074279785156250 3796290
0.000000000000000 3792920
0.075988769531250 3800000
0.073303222656250 3800000
0.073364257812500 3800000
0.075256347656250 3800000
0.075561523437500 3800000
0.072937011718750 3800000
0.075866699218750 3800000
0.074096679687500 3800000
0.072021484375000 3800000
0.074462890625000 3800000
0.072937011718750 3800000
0.000000000000000 3800000
0.071228027343750 3800000
0.070068359375000 3800000
0.073791503906250 3800000
0.072937011718750 3800000
0.071960449218750 3800000
0.074035644531250 3800000
0.073852539062500 3800000
0.065429687500000 3800000
0.073974609375000 3800000
0.070739746093750 3800000
0.072814941406250 3800000
0.075561523437500 3800000
0.073486328125000 3800000
0.071472167968750 3800000
0.000000000000000 3800000
0.073486328125000 3800000
0.071960449218750 3799554
0.074951171875000 3797021
0.071044921875000 3800000
0.072753906250000 3793127
0.071899414062500 3800036
0.073669433593750 3797276
0.073120117187500 3790951
0.071228027343750 3800000
0.071716308593750 3799963
0.073425292968750 3800000
0.073181152343750 3800000
0.074035644531250 3800036
0.000000000000000 3800000
0.071228027343750 3800000
0.073242187500000 3800036
0.073974609375000 3793459
0.073852539062500 3796527
0.073852539062500 3800036
0.074218750000000 3800000
0.072875976562500 3800000
0.072875976562500 3800000
0.065185546875000 3800000
0.072875976562500 3800000
0.064575195312500 3799117
0.072875976562500 3788647
0.073913574218750 3786253
0.072326660156250 3800000
0.000000000000000 3800000
0.072387695312500 3800000
0.075927734375000 3800000
0.073181152343750 3800000
0.072204589843750 3800000
0.072448730468750 3800000
0.072265625000000 3800036
0.074340820312500 3799963
0.075378417968750 3799963
0.074829101562500 3800036
0.070922851562500 3800000
0.071716308593750 3800036
0.072692871093750 3799963
0.000000000000000 3800000
0.074951171875000 3800000
0.073425292968750 3800000
0.074218750000000 3800000
0.072143554687500 3799963
0.073181152343750 3800000
0.073608398437500 3800036
0.072937011718750 3800000
0.073120117187500 3800000
0.075012207031250 3800000
0.074096679687500 3800000
0.073303222656250 3800000
0.000000000000000 3800000
0.073120117187500 3798544
0.071166992187500 3783334
0.074096679687500 3783334
0.071533203125000 3789240
0.073852539062500 3800036
0.072570800781250 3800000
0.074401855468750 3799963
0.071777343750000 3800000
0.072753906250000 3799963
0.071594238281250 3800036
0.074707031250000 3800000
0.073730468750000 3795332
0.000000000000000 3800000
0.074462890625000 3800036
0.073852539062500 3800000
0.071960449218750 3800000
0.073486328125000 3800000
0.072509765625000 3800000
0.073974609375000 3797225
0.072082519531250 3800000
0.064636230468750 3800036
0.073730468750000 3799963
0.076049804687500 3796951
0.072204589843750 3800036
0.073303222656250 3796599
0.000000000000000 3799963
0.075988769531250 3798724
0.071899414062500 3797649
0.072387695312500 3793872
0.075805664062500 3792278
0.073486328125000 3800000
0.065002441406250 3799927
0.073547363281250 3800072
0.073425292968750 3787975
0.074218750000000 3791017
0.064941406250000 3800000
0.073425292968750 3789521
0.075256347656250 3786064
0.074462890625000 3800036
0.072448730468750 3789701
0.065002441406250 3792678
0.070922851562500 3800000
0.064697265625000 3799963
0.072021484375000 3797021
0.000000000000000 3789153
0.072326660156250 3800000
0.073364257812500 3800000
0.074829101562500 3799963
0.077026367187500 3800000
0.071228027343750 3800036
0.064331054687500 3800000
0.070983886718750 3800000
0.072326660156250 3800000
0.071533203125000 3800000
0.072937011718750 3800000
0.075256347656250 3799927
0.074707031250000 3800072
0.073364257812500 3800000
0.000000000000000 3800000
0.074218750000000 3800000
0.073303222656250 3796839
0.072814941406250 3800000
0.072082519531250 3800000
0.074523925781250 3800000
0.074401855468750 3792219
0.066345214843750 3783993
0.070556640625000 3800000
0.072509765625000 3800000
0.070434570312500 3799963
0.075012207031250 3800036
0.072204589843750 3800000
0.075866699218750 3793616
0.000000000000000 3788867
0.073974609375000 3799963
0.072814941406250 3800000
0.065429687500000 3796406
0.071960449218750 3798674
0.072692871093750 3800036
0.074035644531250 3796589
0.064575195312500 3797788
0.072570800781250 3795343
0.074157714843750 3797355
0.075866699218750 3800000
0.072509765625000 3799963
0.073974609375000 3792413
0.072082519531250 3800072
0.075744628906250 3799963
0.000000000000000 3800000
0.072265625000000 3679585
0.075683593750000 3800108
0.075683593750000 3800000
0.074096679687500 3796589
0.073791503906250 3796359
0.074768066406250 3800000
0.075317382812500 3800036
0.073974609375000 3800000
0.072692871093750 3800036
0.064575195312500 3799963
0.073608398437500 3800000
0.000000000000000 3800000
0.075073242187500 3800000
0.072326660156250 3800000
0.073181152343750 3800000
0.072448730468750 3799963
0.075439453125000 3800036
0.074951171875000 3800036
0.073364257812500 3799963
0.074218750000000 3800000
0.072326660156250 3800000
0.064331054687500 3800000
0.071594238281250 3800000
0.072387695312500 3800000
0.073181152343750 3796533
0.072570800781250 3800036
0.000000000000000 3799963
0.074401855468750 3800000
0.072448730468750 3800000
0.074218750000000 3800000
0.071960449218750 3800000
0.073486328125000 3799963
0.073730468750000 3800036
0.072387695312500 3776686
0.063659667968750 3700000
0.072875976562500 3700000
0.074096679687500 3697181
0.070556640625000 3700035
0.071838378906250 3700000
0.000000000000000 3700000
0.072509765625000 3700000
0.072265625000000 3700000
0.072998046875000 3699964
0.069641113281250 3700000
0.073303222656250 3700035
0.072387695312500 3699964
0.069824218750000 3700035
0.069885253906250 3699964
0.071716308593750 3700035
0.073730468750000 3699964
0.070373535156250 3700000
0.070251464843750 3700000
0.000000000000000 3700000
0.072631835937500 3700000
0.073425292968750 3700000
0.069824218750000 3700000
0.072570800781250 3700035
0.071289062500000 3700000
0.069458007812500 3699964
0.072814941406250 3700035
0.071777343750000 3699964
0.070739746093750 3700000
0.069824218750000 3700035
0.072387695312500 3699964
0.063171386718750 3700000
0.071289062500000 3700000
0.070739746093750 3700035
0.000000000000000 3690299
0.133728027343750 3700000
0.000000000000000 3699964
0.070007324218750 3700035
0.071228027343750 3699964
0.072143554687500 3700035
0.073425292968750 3699894
0.063659667968750 3689926
0.071166992187500 3692615
0.069580078125000 3700000
0.071777343750000 3700000
0.072570800781250 3700035
0.069458007812500 3700000
0.071777343750000 3700000
0.070617675781250 3699964
0.071166992187500 3700035
0.000000000000000 3693075
0.073913574218750 3700000
0.070800781250000 3700000
0.073120117187500 3700000
0.070495605468750 3698860
0.072387695312500 3699123
0.069030761718750 3697046
0.072937011718750 3699964
0.070495605468750 3700035
0.071411132812500 3700000
0.063110351562500 3700000
0.070556640625000 3700000
0.071655273437500 3700000
0.071289062500000 3700000
0.070861816406250 3698014
0.000000000000000 3691477
0.073242187500000 3697477
0.071350097656250 3699964
0.062988281250000 3700035
0.070129394531250 3700000
0.064514160156250 3692347
0.069580078125000 3700035
0.071166992187500 3699964
0.070007324218750 3700000
0.071899414062500 3699964
0.071899414062500 3700035
0.071533203125000 3688946
0.073303222656250 3692246
0.069824218750000 3696626
0.072082519531250 3692595
0.069335937500000 3694559
0.071655273437500 3690754
0.000000000000000 3698346
0.071777343750000 3690529
0.070617675781250 3698398
0.073181152343750 3700000
0.070373535156250 3699964
0.071655273437500 3693265
0.071777343750000 3694569
0.063232421875000 3690009
0.071716308593750 3687850
0.073486328125000 3686836
0.070861816406250 3684281
0.072021484375000 3700000
0.072937011718750 3699252
0.069091796875000 3689716
0.063171386718750 3688861
0.000000000000000 3700000
0.073669433593750 3700035
0.073059082031250 3699964
0.072692871093750 3688910
0.069519042968750 3700000
0.071777343750000 3699983
0.073303222656250 3689024
0.072570800781250 3700035
0.071777343750000 3683545
0.071228027343750 3694397
0.074707031250000 3688872
0.063171386718750 3700035
0.071105957031250 3688898
0.069458007812500 3689802
0.000000000000000 3699505
0.071899414062500 3700000
0.071166992187500 3695219
0.063476562500000 3693673
0.069885253906250 3700035
0.071594238281250 3700000
0.071289062500000 3695466
0.068908691406250 3693410
0.073852539062500 3695647
0.069580078125000 3693160
0.072998046875000 3695888
0.072265625000000 3692988
0.071838378906250 3684870
0.071594238281250 3683333
0.070190429687500 3687117
0.000000000000000 3690716
0.073791503906250 3694628
0.070251464843750 3683337
0.074645996093750 3697990
0.070495605468750 3691035
0.072021484375000 3686617
0.072937011718750 3700035
0.070617675781250 3688897
0.070373535156250 3699964
0.069458007812500 3697096
0.073242187500000 3683295
0.071105957031250 3697302
0.000000000000000 3691759
0.074218750000000 3697185
0.074035644531250 3700000
0.070373535156250 3688922
0.070434570312500 3692006
0.070922851562500 3685271
0.071166992187500 3691211
0.071350097656250 3700035
0.071960449218750 3692410
0.074584960937500 3694591
0.072570800781250 3683298
0.063903808593750 3696362
0.069702148437500 3692720
0.070495605468750 3694589
0.000000000000000 3690289
0.073547363281250 3694633
0.074096679687500 3683334
0.071289062500000 3684640
0.071044921875000 3700035
0.071411132812500 3687705
0.072814941406250 3683294
0.072509765625000 3694541
0.070434570312500 3689772
0.072021484375000 3700035
0.074707031250000 3700000
0.069885253906250 3700000
0.000000000000000 3700000
0.074157714843750 3688374
0.071594238281250 3683260
0.071289062500000 3694596
0.074218750000000 3689269
0.073547363281250 3700035
0.073059082031250 3694203
0.070068359375000 3694708
0.072753906250000 3700035
0.070007324218750 3700000
0.072509765625000 3688983
0.000000000000000 3699964
0.070251464843750 3700000
0.074340820312500 3689313
0.072631835937500 3694672
0.069274902343750 3693833
0.071289062500000 3700035
0.070617675781250 3700000
0.074951171875000 3695244
0.071228027343750 3693629
0.072875976562500 3688970
0.072509765625000 3699964
0.070495605468750 3699964
0.000000000000000 3700035
0.072692871093750 3692094
0.070129394531250 3699964
0.072875976562500 3688946
0.071166992187500 3699894
0.062988281250000 3685000
0.073974609375000 3692868
0.069396972656250 3700000
0.074279785156250 3700000
0.070739746093750 3688920
0.072937011718750 3690826
0.069824218750000 3686917
0.063964843750000 3700000
0.069824218750000 3700000
0.074768066406250 3700035
0.070678710937500 3696771
0.000000000000000 3692138
0.071533203125000 3685787
0.072021484375000 3683334
0.069580078125000 3697463
0.073242187500000 3700035
0.069580078125000 3699964
0.073730468750000 3700035
0.073425292968750 3691708
0.072387695312500 3691519
0.071594238281250 3700000
0.069641113281250 3700035
0.069824218750000 3688893
0.000000000000000 3699964
0.072021484375000 3688876
0.073852539062500 3700070
0.072387695312500 3692934
0.070251464843750 3700035
0.074218750000000 3700000
0.071228027343750 3699964
0.072265625000000 3700035
0.072753906250000 3699964
0.072143554687500 3687451
0.073303222656250 3690341
0.071716308593750 3698682
0.000000000000000 3690231
0.074035644531250 3699964
0.072143554687500 3700035
0.071044921875000 3700000
0.072021484375000 3697421
0.070861816406250 3694624
0.071899414062500 3689516
0.069030761718750 3700000
0.069396972656250 3693999
0.075073242187500 3694927
0.072021484375000 3689853
0.070556640625000 3688843
0.069702148437500 3700035
0.062866210937500 3700000
0.070495605468750 3694520
0.000000000000000 3694432
0.072692871093750 3700000
0.071899414062500 3699964
0.063415527343750 3694842
0.072814941406250 3694149
0.063232421875000 3700000
0.070190429687500 3699964
0.072143554687500 3695136
0.073181152343750 3693797
0.070983886718750 3684097
0.071594238281250 3693682
0.070129394531250 3684169
0.071594238281250 3693584
0.073669433593750 3688871
0.000000000000000 3700035
0.073852539062500 3699964
0.074096679687500 3690064
0.071105957031250 3698824
0.072692871093750 3700035
0.072143554687500 3689850
0.070861816406250 3690466
0.073120117187500 3698504
0.072692871093750 3690576
0.063476562500000 3687150
0.072021484375000 3700035
0.071533203125000 3700000
0.071899414062500 3699964
0.000000000000000 3687173
0.072509765625000 3699964
0.070251464843750 3700000
0.073547363281250 3691147
0.071594238281250 3683777
0.069152832031250 3683263
0.063354492187500 3697663
0.071655273437500 3700000
0.072875976562500 3700000
0.071411132812500 3691569
0.075012207031250 3697343
0.073974609375000 3699964
0.072326660156250 3688945
0.000000000000000 3700000
0.074279785156250 3697575
0.072265625000000 3691330
0.069274902343750 3700000
0.070007324218750 3692171
0.071472167968750 3685577
0.073547363281250 3692275
0.076110839843750 3696597
0.078125000000000 3700035
0.072448730468750 3700035
0.069091796875000 3699964
0.069885253906250 3688968
0.000000000000000 3699964
0.068664550781250 3687336
0.076232910156250 3690402
0.067321777343750 3688946
0.068298339843750 3693148
0.066589355468750 3695728
0.063598632812500 3693334
0.067810058593750 3695613
0.074829101562500 3693469
0.065979003906250 3694560
0.069763183593750 3689817
0.072570800781250 3699964
0.076843261718750 3693730
0.072021484375000 3699964
0.063415527343750 3700000
0.071105957031250 3688418
0.070739746093750 3683298
0.072692871093750 3694539
0.065979003906250 3683333
0.000000000000000 3683551
0.070617675781250 3700000
0.072875976562500 3688918
0.071777343750000 3688855
0.071105957031250 3700035
0.070800781250000 3688898
0.073303222656250 3689114
0.071350097656250 3699797
0.070617675781250 3689308
0.072387695312500 3688513
0.071166992187500 3699964
0.071655273437500 3683844
0.069519042968750 3693897
0.000000000000000 3700000
0.072692871093750 3700000
0.069335937500000 3686141
0.074462890625000 3693490
0.071228027343750 3700000
0.071960449218750 3700000
0.063293457031250 3700035
0.072631835937500 3690196
0.070861816406250 3688298
0.069946289062500 3693040
0.075378417968750 3699964
0.071960449218750 3690579
0.073608398437500 3698395
0.000000000000000 3690715
0.070373535156250 3698207
0.070495605468750 3700000
0.071960449218750 3700000
0.073974609375000 3700000
0.072937011718750 3685784
0.072937011718750 3692003
0.072387695312500 3699964
0.071899414062500 3691576
0.074157714843750 3683333
0.071777343750000 3691499
0.000000000000000 3700000
0.074157714843750 3692077
0.070678710937500 3694569
0.072082519531250 3691125
0.071655273437500 3686810
0.072753906250000 3690946
0.069763183593750 3688935
0.064270019531250 3700035
0.072448730468750 3700000
0.072021484375000 3692820
0.073791503906250 3696057
0.072875976562500 3692961
0.071228027343750 3684795
0.000000000000000 3693076
0.136596679687500 3684657
0.000000000000000 3700000
0.070983886718750 3699964
0.073547363281250 3700035
0.069519042968750 3687771
0.063049316406250 3689862
0.066650390625000 3699964
0.072387695312500 3700000
0.064880371093750 3699356
0.070983886718750 3689472
0.072937011718750 3688231
0.071533203125000 3689524
0.071289062500000 3699575
0.063476562500000 3689330
0.073852539062500 3700035
0.071411132812500 3699929
0.072021484375000 3689006
0.063049316406250 3699964
0.072814941406250 3688887
0.000000000000000 3700035
0.071960449218750 3688934
0.069763183593750 3683371
0.073791503906250 3683330
0.073852539062500 3683332
0.072021484375000 3693951
0.072570800781250 3683945
0.069213867187500 3693785
0.072692871093750 3700000
0.074340820312500 3699964
0.069580078125000 3700035
0.072814941406250 3700000
0.069458007812500 3695573
0.064636230468750 3693265
0.000000000000000 3695785
0.070556640625000 3683330
0.070983886718750 3687541
0.070007324218750 3700000
0.072875976562500 3684993
0.073303222656250 3683334
0.069396972656250 3687002
0.072937011718750 3690893
0.071411132812500 3694530
0.063537597656250 3683330
0.069702148437500 3686701
0.072143554687500 3691119
0.070495605468750 3697824
0.073547363281250 3700000
0.000000000000000 3696979
0.073303222656250 3683366
0.071350097656250 3697428
0.071594238281250 3692867
0.071838378906250 3686048
0.070861816406250 3700000
0.069885253906250 3697514
0.072387695312500 3683334
0.073120117187500 3685775
0.072448730468750 3700000
0.073181152343750 3700000
0.068786621093750 3699894
0.062988281250000 3698069
0.071716308593750 3683369
0.072204589843750 3694492
0.000000000000000 3690796
0.072814941406250 3688930
0.071411132812500 3700000
0.071838378906250 3700000
0.071655273437500 3692933
0.070373535156250 3695977
0.069824218750000 3700035
0.071166992187500 3687484
0.071899414062500 3690291
0.071899414062500 3688799
0.071166992187500 3699964
0.070434570312500 3688739
0.063110351562500 3693721
0.073059082031250 3683334
0.000000000000000 3689553
0.071899414062500 3688910
0.070068359375000 3693981
0.072265625000000 3683333
0.070983886718750 3689192
0.063598632812500 3699929
0.071350097656250 3694392
0.071411132812500 3694454
0.063354492187500 3689022
0.070678710937500 3700035
0.075073242187500 3700000
0.068481445312500 3700000
0.072387695312500 3688858
0.073120117187500 3700000
0.072509765625000 3700000
0.071777343750000 3689508
0.000000000000000 3694588
0.069763183593750 3693783
0.073425292968750 3688921
0.070007324218750 3689774
0.074096679687500 3683298
0.070678710937500 3693546
0.072265625000000 3688877
0.070861816406250 3690068
0.073425292968750 3687607
0.073608398437500 3690282
0.071411132812500 3698651
0.070617675781250 3699964
0.000000000000000 3684940
0.071228027343750 3683332
0.072326660156250 3687212
0.070617675781250 3700000
0.069580078125000 3699964
0.072143554687500 3700035
0.069763183593750 3685347
0.074035644531250 3683334
0.074096679687500 3694520
0.070312500000000 3683367
0.070739746093750 3697769
0.070434570312500 3691258
0.063598632812500 3686410
0.071655273437500 3700035
0.000000000000000 3688946
0.073852539062500 3691633
0.073669433593750 3697332
0.070556640625000 3699964
0.072509765625000 3697385
0.072998046875000 3683296
0.070129394531250 3694556
0.074157714843750 3683369
0.072448730468750 3683332
0.072265625000000 3691190
0.069885253906250 3700070
0.071655273437500 3699964
0.069030761718750 3699929
0.000000000000000 3692558
0.072875976562500 3685245
0.069458007812500 3692644
0.073608398437500 3694560
0.063171386718750 3690564
0.069824218750000 3687328
0.072509765625000 3683296
0.069152832031250 3694563
0.074829101562500 3683365
0.069580078125000 3684443
0.071228027343750 3693451
0.068725585937500 3694583
0.074340820312500 3689826
0.074523925781250 3700000
0.000000000000000 3693783
0.070190429687500 3684086
0.070251464843750 3693954
0.073608398437500 3683709
0.073181152343750 3700035
0.074035644531250 3688903
0.071960449218750 3700035
0.073059082031250 3689823
0.071166992187500 3700000
0.063842773437500 3688993
0.071716308593750 3688844
0.072509765625000 3699964
0.073242187500000 3700035
0.000000000000000 3689265
0.071289062500000 3694561
0.063354492187500 3683332
0.070617675781250 3688388
0.071289062500000 3700035
0.071960449218750 3700000
0.071899414062500 3661920
0.068237304687500 3588121
0.068054199218750 3600000
0.068359375000000 3584241
0.066650390625000 3593439
0.067871093750000 3595337
0.064514160156250 3590026
0.000000000000000 3594685
0.066955566406250 3593164
0.066162109375000 3595903
0.066589355468750 3583234
0.067565917968750 3594597
0.066467285156250 3583331
0.066772460937500 3583337
0.066589355468750 3592545
0.066589355468750 3596563
0.066284179687500 3592399
0.064697265625000 3600034
0.065673828125000 3591112
0.065429687500000 3597719
0.000000000000000 3591387
0.066711425781250 3597527
0.063903808593750 3591608
0.067565917968750 3594553
0.067138671875000 3583334
0.066650390625000 3583333
0.068298339843750 3583335
0.064636230468750 3585563
0.066284179687500 3592487
0.067565917968750 3583333
0.069763183593750 3583331
0.000000000000000 3596296
0.066162109375000 3592765
0.064514160156250 3596147
0.059143066406250 3592875
0.065307617187500 3584876
0.065734863281250 3593012
0.063842773437500 3595900
0.066284179687500 3593137
0.066711425781250 3583334
0.065917968750000 3590150
0.066650390625000 3595928
0.065429687500000 3583333
0.067932128906250 3594537
0.064575195312500 3583334
0.057983398437500 3583266
0.063842773437500 3589696
0.000000000000000 3588710
0.066955566406250 3600000
0.070983886718750 3588588
0.066284179687500 3586346
0.065673828125000 3600000
0.063476562500000 3600000
0.066406250000000 3591384
0.064636230468750 3600000
0.068054199218750 3589144
0.067382812500000 3599765
0.063842773437500 3589262
0.066467285156250 3599649
0.063781738281250 3589339
0.057983398437500 3588389
0.064758300781250 3589501
0.000000000000000 3594557
0.066284179687500 3583331
0.064514160156250 3594558
0.058044433593750 3583336
0.066589355468750 3586221
0.065368652343750 3593434
0.065917968750000 3584541
0.065551757812500 3583330
0.067382812500000 3599640
0.064086914062500 3590326
0.066040039062500 3587484
0.065490722656250 3600000
0.065734863281250 3596001
0.065246582031250 3592909
0.066162109375000 3585084
0.000000000000000 3592602
0.066467285156250 3585289
0.064392089843750 3592462
0.065246582031250 3600000
0.064819335937500 3589452
0.068359375000000 3583329
0.064941406250000 3592179
0.064514160156250 3585670
0.067565917968750 3592092
0.065063476562500 3588911
0.068054199218750 3591464
0.064697265625000 3594585
0.066955566406250 3583331
0.000000000000000 3583368
0.064453125000000 3591496
0.065490722656250 3597529
0.066833496093750 3583331
0.064147949218750 3585546
0.065917968750000 3592395
0.065856933593750 3594579
0.067993164062500 3583335
0.067871093750000 3583334
0.063720703125000 3590719
0.067138671875000 3588862
0.066223144531250 3592838
0.066040039062500 3584955
0.063842773437500 3600000
0.000000000000000 3588815
0.066772460937500 3586889
0.065917968750000 3595663
0.066955566406250 3600000
0.057861328125000 3587888
0.063903808593750 3589818
0.065368652343750 3588016
0.067138671875000 3589773
0.067626953125000 3588129
0.065368652343750 3583333
0.064147949218750 3583745
0.065185546875000 3594142
0.066650390625000 3585853
0.066162109375000 3589125
0.000000000000000 3588833
0.065185546875000 3589011
0.067260742187500 3599965
0.063964843750000 3589093
0.067871093750000 3600000
0.065185546875000 3594691
0.064025878906250 3594181
0.066040039062500 3588933
0.065979003906250 3589384
0.066528320312500 3588949
0.065124511718750 3593928
0.066772460937500 3583961
0.065856933593750 3591251
0.000000000000000 3587446
0.066284179687500 3583333
0.066772460937500 3597308
0.063476562500000 3600000
0.065673828125000 3588237
0.068176269531250 3590178
0.066162109375000 3587564
0.066711425781250 3599931
0.064208984375000 3596005
0.065063476562500 3589801
0.065063476562500 3587286
0.065307617187500 3600000
0.064941406250000 3596717
0.000000000000000 3599965
0.066711425781250 3596348
0.065429687500000 3592571
0.063964843750000 3599865
0.067138671875000 3583340
0.065612792968750 3588404
0.065429687500000 3583335
0.058349609375000 3597799
0.066406250000000 3584995
0.064697265625000 3583404
0.066467285156250 3583262
0.067138671875000 3586460
0.066040039062500 3591623
0.065795898437500 3583368
0.064758300781250 3591626
0.000000000000000 3586239
0.065368652343750 3583334
0.067504882812500 3583336
0.067565917968750 3591352
0.066040039062500 3588528
0.065429687500000 3591207
0.068786621093750 3589003
0.064147949218750 3592299
0.066528320312500 3594536
0.064758300781250 3589736
0.065734863281250 3588908
0.069274902343750 3600000
0.064086914062500 3588364
0.000000000000000 3583297
0.065368652343750 3583369
0.065307617187500 3583334
0.067382812500000 3583331
0.064758300781250 3583333
0.065917968750000 3584826
0.066223144531250 3589256
0.066833496093750 3590272
0.058227539062500 3588040
0.065917968750000 3583333
0.067565917968750 3583301
0.067626953125000 3586689
0.058776855468750 3593513
0.069091796875000 3595397
0.064331054687500 3592916
0.000000000000000 3595149
0.066772460937500 3600000
0.065612792968750 3600034
0.067932128906250 3593993
0.064331054687500 3583333
0.065917968750000 3583330
0.198852539062500 3586842
0.064331054687500 3583337
0.065307617187500 3597775
0.063964843750000 3591263
0.067382812500000 3594545
0.064819335937500 3590506
0.065795898437500 3585881
0.065979003906250 3591912
0.000000000000000 3597140
0.064880371093750 3591699
0.065002441406250 3600000
0.067504882812500 3600000
0.065368652343750 3589013
0.064880371093750 3591827
0.066650390625000 3597088
0.066589355468750 3591940
0.065673828125000 3594477
0.065795898437500 3583370
0.065734863281250 3596755
0.064758300781250 3592232
0.064086914062500 3583330
0.000000000000000 3583367
0.065979003906250 3585105
0.066589355468750 3592778
0.065612792968750 3585001
0.064697265625000 3600000
0.065429687500000 3587466
0.057800292968750 3590268
0.066955566406250 3597344
0.067199707031250 3583226
0.068237304687500 3583435
0.064575195312500 3589184
0.066528320312500 3599016
0.064086914062500 3583329
0.058349609375000 3583334
0.065307617187500 3589807
0.066833496093750 3588086
0.058654785156250 3583330
0.000000000000000 3583370
0.067260742187500 3589372
0.066528320312500 3588483
0.062927246093750 3583331
0.067565917968750 3586488
0.066284179687500 3594209
0.065063476562500 3583401
0.064636230468750 3589004
0.066589355468750 3600000
0.068786621093750 3583455
0.065490722656250 3583400
0.066833496093750 3594627
0.000000000000000 3594142
0.065979003906250 3594904
0.067138671875000 3594004
0.065917968750000 3583905
0.065917968750000 3583331
0.066040039062500 3588275
0.066772460937500 3589601
0.058471679687500 3583368
0.066467285156250 3583336
0.066162109375000 3594530
0.067199707031250 3593519
0.065002441406250 3585873
0.069458007812500 3583336
0.000000000000000 3594508
0.065246582031250 3597416
0.065124511718750 3595948
0.062927246093750 3583334
0.067749023437500 3598492
0.065063476562500 3590571
0.065612792968750 3583368
0.065612792968750 3592520
0.065856933593750 3585433
0.066833496093750 3583369
0.065185546875000 3597802
0.058532714843750 3600000
0.065429687500000 3588934
0.066467285156250 3600000
0.064025878906250 3600000
0.000000000000000 3591682
0.067749023437500 3583332
0.066406250000000 3583299
0.065673828125000 3583403
0.067443847656250 3583333
0.063598632812500 3596962
0.065368652343750 3592118
0.065734863281250 3585592
0.067810058593750 3592194
0.065673828125000 3585545
0.065063476562500 3600000
0.066528320312500 3598124
0.064331054687500 3583330
0.000000000000000 3583334
0.067199707031250 3583334
0.064392089843750 3594630
0.066223144531250 3583336
0.065612792968750 3548703
0.067565917968750 3600000
0.067993164062500 3600000
0.065673828125000 3600000
0.066162109375000 3599379
0.065124511718750 3593815
0.067321777343750 3594665
0.064819335937500 3589454
0.000000000000000 3588438
0.064697265625000 3586798
0.064392089843750 3599749
0.066162109375000 3589150
0.067077636718750 3592703
0.064941406250000 3588974
0.067443847656250 3588929
0.065734863281250 3588768
0.065856933593750 3589028
0.067138671875000 3599883
0.065185546875000 3589172
0.065002441406250 3594612
0.065551757812500 3583334
0.000000000000000 3588421
0.066345214843750 3600000
0.066650390625000 3600000
0.064514160156250 3600000
0.065307617187500 3595384
0.066162109375000 3593527
0.066101074218750 3600000
0.065673828125000 3599965
0.067016601562500 3588929
0.068054199218750 3590083
0.063598632812500 3587547
0.066955566406250 3590366
0.064697265625000 3587388
0.000000000000000 3596893
0.064270019531250 3600000
0.065124511718750 3590627
0.057983398437500 3591370
0.065002441406250 3583333
0.066284179687500 3583334
0.067077636718750 3583334
0.063720703125000 3583333
0.066772460937500 3592106
0.064392089843750 3588912
0.065734863281250 3592251
0.065368652343750 3585761
0.067626953125000 3583300
0.065551757812500 3586168
0.065307617187500 3591722
0.000000000000000 3583300
0.067504882812500 3583367
0.064392089843750 3597076
0.065002441406250 3591933
0.066467285156250 3594576
0.066955566406250 3591326
0.065673828125000 3595572
0.065002441406250 3600000
0.065185546875000 3598083
0.064575195312500 3583334
0.065490722656250 3585195
0.063232421875000 3600000
0.068359375000000 3587188
0.067260742187500 3583332
0.000000000000000 3584944
0.064514160156250 3592945
0.066284179687500 3583299
0.064575195312500 3590348
0.066772460937500 3595917
0.071105957031250 3781392
0.065551757812500 3688929
0.073974609375000 3693332
0.073425292968750 3684435
0.072937011718750 3700000
0.069580078125000 3688985
0.072875976562500 3693548
0.069702148437500 3684185
0.070922851562500 3700000
0.000000000000000 3699964
0.073669433593750 3700035
0.073059082031250 3688305
0.072631835937500 3683300
0.070312500000000 3694627
0.069885253906250 3683299
0.071655273437500 3694593
0.073059082031250 3689077
0.071044921875000 3688858
0.069763183593750 3699918
0.073120117187500 3700035
0.070068359375000 3688887
0.000000000000000 3700000
0.071533203125000 3700000
0.069030761718750 3700035
0.071350097656250 3694972
0.073608398437500 3683330
0.070373535156250 3683371
0.071899414062500 3693695
0.069091796875000 3695357
0.073120117187500 3683300
0.063110351562500 3683334
0.072021484375000 3683330
0.072448730468750 3683369
0.073425292968750 3693049
0.072692871093750 3684886
0.000000000000000 3692966
0.072021484375000 3696156
0.071228027343750 3683299
0.071350097656250 3694553
0.069946289062500 3683333
0.072753906250000 3698135
0.071472167968750 3690928
0.069885253906250 3686810
0.070678710937500 3691085
0.070983886718750 3697846
0.072631835937500 3700035
0.070739746093750 3697077
0.069885253906250 3691859
0.074340820312500 3697160
0.000000000000000 3691713
0.072937011718750 3698641
0.069335937500000 3683334
0.072143554687500 3685845
0.070678710937500 3699964
0.074645996093750 3697670
0.072143554687500 3690946
0.074218750000000 3700000
0.072326660156250 3692573
0.072509765625000 3685220
0.064208984375000 3700000
0.070251464843750 3688905
0.073791503906250 3692938
0.000000000000000 3695957
0.070922851562500 3693094
0.063354492187500 3695874
0.073730468750000 3700000
0.071044921875000 3698914
0.072204589843750 3689998
0.071533203125000 3687921
0.073303222656250 3683369
0.072509765625000 3684134
0.069885253906250 3700035
0.073242187500000 3699517
0.070312500000000 3684029
0.064697265625000 3694434
0.071838378906250 3700070
0.000000000000000 3700000
0.073303222656250 3688932
0.069641113281250 3700000
0.072753906250000 3688861
0.072387695312500 3700035
0.073425292968750 3695023
0.071777343750000 3693918
0.071228027343750 3695123
0.063232421875000 3693591
0.072631835937500 3700035
0.072143554687500 3689888
0.070922851562500 3698802
0.074035644531250 3690277
0.070983886718750 3698602
0.000000000000000 3700000
0.069763183593750 3684915
0.073059082031250 3683330
0.070617675781250 3683333
0.063354492187500 3692421
0.070373535156250 3685504
0.070800781250000 3692178
0.071411132812500 3700035
0.074035644531250 3699964
0.072631835937500 3700000
0.072814941406250 3700035
0.071533203125000 3699964
0.070068359375000 3691735
0.062866210937500 3685980
0.071472167968750 3691887
0.072265625000000 3694559
0.063171386718750 3691393
0.000000000000000 3699964
0.072387695312500 3692277
0.071594238281250 3694524
0.069763183593750 3691031
0.072204589843750 3688906
0.069213867187500 3692592
0.072387695312500 3685088
0.069641113281250 3699964
0.071166992187500 3698483
0.072753906250000 3683405
0.070312500000000 3684681
0.072570800781250 3693210
0.070495605468750 3684565
0.072021484375000 3699964
0.000000000000000 3700000
0.071228027343750 3693677
0.075073242187500 3683931
0.073120117187500 3700035
0.071411132812500 3688911
0.062927246093750 3700000
0.068908691406250 3699690
0.073059082031250 3683296
0.071044921875000 3694557
0.073730468750000 3683370
0.071228027343750 3683386
0.071411132812500 3694508
0.074096679687500 3683333
0.000000000000000 3683298
0.070617675781250 3683366
0.070434570312500 3694556
0.070495605468750 3683299
0.073547363281250 3688202
0.070861816406250 3689718
0.068664550781250 3699180
0.070495605468750 3689914
0.072021484375000 3694591
0.071655273437500 3693380
0.070556640625000 3688932
0.071228027343750 3699964
0.071655273437500 3695918
0.071838378906250 3683334
0.000000000000000 3694685
0.071655273437500 3692544
0.069702148437500 3688745
0.072692871093750 3700000
0.071472167968750 3685689
0.071044921875000 3692082
0.073364257812500 3685975
0.069091796875000 3683298
0.070861816406250 3694554
0.071838378906250 3691677
0.072570800781250 3700035
0.070373535156250 3691847
0.070617675781250 3683297
0.000000000000000 3690950
0.075012207031250 3686949
0.070129394531250 3690861
0.072631835937500 3698242
0.069458007812500 3690646
0.063293457031250 3698349
0.070739746093750 3690121
0.063598632812500 3700000
0.070678710937500 3693550
0.073303222656250 3683334
0.073974609375000 3689715
0.069702148437500 3688144
0.071899414062500 3683367
0.070251464843750 3683332
0.071411132812500 3683299
0.071289062500000 3694555
0.000000000000000 3683366
0.072509765625000 3694790
0.070434570312500 3700000
0.071228027343750 3688938
0.073425292968750 3688874
0.069702148437500 3689017
0.071777343750000 3699876
0.069641113281250 3689228
0.069885253906250 3699739
0.072570800781250 3699964
0.072021484375000 3684151
0.072875976562500 3683335
0.070739746093750 3699182
0.000000000000000 3699964
0.072631835937500 3684325
0.071655273437500 3693488
0.072082519531250 3700000
0.070007324218750 3700000
0.073181152343750 3699964
0.072021484375000 3690312
0.071228027343750 3698600
0.071655273437500 3690431
0.070739746093750 3687281
0.072570800781250 3700000
0.070556640625000 3696286
0.073913574218750 3683296
0.000000000000000 3694509
0.071105957031250 3692583
0.070007324218750 3700000
0.072448730468750 3699964
0.069335937500000 3685507
0.071044921875000 3692238
0.070007324218750 3685660
0.072814941406250 3691679
0.072326660156250 3700035
0.072387695312500 3699964
0.071105957031250 3697542
0.073913574218750 3683299
0.071716308593750 3696914
0.000000000000000 3699964
0.070007324218750 3700070
0.071228027343750 3692224
0.073181152343750 3694589
0.063110351562500 3683337
0.071105957031250 3685194
0.071533203125000 3700000
0.072204589843750 3688944
0.071838378906250 3699929
0.072143554687500 3689007
0.073486328125000 3699964
0.069641113281250 3687479
0.064208984375000 3683299
0.073181152343750 3683330
0.072143554687500 3690220
0.000000000000000 3687724
0.070617675781250 3683329
0.071899414062500 3683335
0.073303222656250 3683366
0.071655273437500 3684136
0.072143554687500 3699964
0.070800781250000 3688261
0.070983886718750 3689525
0.071716308593750 3688871
0.072021484375000 3694127
0.072998046875000 3683647
0.070983886718750 3694266
0.000000000000000 3694591
0.072570800781250 3694417
0.072143554687500 3694518
0.070739746093750 3694576
0.071899414062500 3683299
0.071044921875000 3699861
0.075622558593750 3699964
0.071716308593750 3694998
0.071166992187500 3683298
0.070983886718750 3688164
0.072814941406250 3689789
0.071777343750000 3694572
0.000000000000000 3683334
0.071899414062500 3687841
0.073303222656250 3699929
0.071777343750000 3684607
0.071289062500000 3683265
0.071533203125000 3694650
0.073791503906250 3692889
0.069458007812500 3700035
0.071533203125000 3699964
0.073364257812500 3696301
0.069885253906250 3683369
0.070922851562500 3686938
0.069274902343750 3690960
0.000000000000000 3686680
0.073669433593750 3700000
0.070556640625000 3688945
0.071289062500000 3700000
0.072204589843750 3696920
0.070068359375000 3691991
0.071655273437500 3697055
0.071533203125000 3683332
0.071228027343750 3686199
0.070678710937500 3699964
0.072692871093750 3697429
0.072082519531250 3683367
0.070922851562500 3696953
0.000000000000000 3700035
0.069885253906250 3697706
0.068359375000000 3683295
0.073669433593750 3683369
0.070251464843750 3683335
0.071777343750000 3695863
0.071166992187500 3690850
0.073913574218750 3700000
0.069824218750000 3699964
0.070495605468750 3700000
0.072509765625000 3700000
0.069946289062500 3700000
0.072937011718750 3700035
0.072021484375000 3699964
0.000000000000000 3700000
0.071533203125000 3700000
0.072692871093750 3693273
0.072082519531250 3683301
0.072326660156250 3689949
0.072570800781250 3699964
0.071289062500000 3700035
0.070068359375000 3699964
0.074951171875000 3697935
0.071655273437500 3699964
0.069519042968750 3694066
0.072143554687500 3694973
0.000000000000000 3699964
0.072326660156250 3688653
0.072021484375000 3689141
0.069885253906250 3699883
0.072814941406250 3689047
0.071289062500000 3688852
0.070190429687500 3694633
0.070800781250000 3694357
0.070739746093750 3688872
0.072814941406250 3689393
0.070983886718750 3688409
0.073059082031250 3699964
0.071716308593750 3700000
0.000000000000000 3689602
0.071289062500000 3688204
0.071350097656250 3689681
0.071899414062500 3698964
0.073791503906250 3690045
0.069396972656250 3683331
0.071166992187500 3683335
0.073608398437500 3698716
0.070373535156250 3690334
0.071960449218750 3698518
0.069030761718750 3690563
0.071655273437500 3683369
0.070983886718750 3692626
0.000000000000000 3699964
0.073120117187500 3700000
0.070434570312500 3696932
0.069702148437500 3692387
0.072143554687500 3696632
0.071838378906250 3683368
0.070617675781250 3694952
0.070129394531250 3683366
0.063110351562500 3697612
0.063171386718750 3699964
0.072631835937500 3688935
0.073364257812500 3691568
0.071777343750000 3686166
0.075073242187500 3700000
0.070373535156250 3700035
0.068847656250000 3691907
0.000000000000000 3697003
0.069702148437500 3692037
0.072143554687500 3696796
0.065612792968750 3700000
0.065368652343750 3697940
0.064270019531250 3683299
0.075561523437500 3696447
0.075073242187500 3692672
0.074035644531250 3685078
0.064941406250000 3692855
0.074096679687500 3694515
0.064025878906250 3690460
0.071655273437500 3698560
0.069152832031250 3683334
0.067199707031250 3695775
0.075317382812500 3693281
0.000000000000000 3695629
0.077575683593750 3699964
0.069580078125000 3699101
0.064270019531250 3689863
0.077514648437500 3700000
0.072692871093750 3699964
0.074096679687500 3700000
0.063720703125000 3694228
0.073242187500000 3683526
0.071411132812500 3694329
0.073425292968750 3683422
0.066284179687500 3694505
0.071533203125000 3694466
0.072448730468750 3699964
0.069274902343750 3689195
0.000000000000000 3699716
0.072814941406250 3689332
0.069702148437500 3688444
0.073059082031250 3700000
0.069152832031250 3688852
0.073425292968750 3700035
0.069885253906250 3700000
0.071228027343750 3689733
0.072692871093750 3694507
0.069824218750000 3693559
0.071044921875000 3695484
0.072448730468750 3683296
0.072143554687500 3683331
0.000000000000000 3693347
0.071105957031250 3700000
0.070983886718750 3700000
0.071655273437500 3699964
0.070739746093750 3700000
0.070129394531250 3700035
0.070495605468750 3690606
0.074951171875000 3698268
0.072204589843750 3700035
0.070678710937500 3699964
0.070495605468750 3699964
0.071105957031250 3689010
0.071655273437500 3699964
0.069213867187500 3696669
0.000000000000000 3683334
0.073669433593750 3686590
0.072937011718750 3699964
0.070922851562500 3700000
0.072631835937500 3700000
0.069946289062500 3685983
0.070739746093750 3691771
0.070678710937500 3697312
0.071899414062500 3691630
0.071533203125000 3688734
0.070617675781250 3700176
0.070983886718750 3699964
0.070251464843750 3700000
0.000000000000000 3700035
0.072631835937500 3699964
0.069885253906250 3697940
0.072265625000000 3683369
0.073547363281250 3683334
0.073059082031250 3683332
0.073181152343750 3683334
0.070007324218750 3690682
0.073303222656250 3687172
0.072509765625000 3690601
0.074584960937500 3687322
0.000000000000000 3690450
0.076232910156250 3688876
0.064086914062500 3693124
0.066406250000000 3695786
0.127502441406250 3700000
0.000000000000000 3698849
0.072570800781250 3683369
0.071716308593750 3695538
0.070617675781250 3700000
0.072448730468750 3688131
0.071350097656250 3683332
0.070251464843750 3694557
0.072204589843750 3683332
0.071899414062500 3695040
0.071289062500000 3700000
0.069641113281250 3699964
0.071289062500000 3694247
0.000000000000000 3683329
0.074768066406250 3689103
0.069946289062500 3699958
0.071228027343750 3688935
0.070495605468750 3689012
0.072692871093750 3688761
0.071411132812500 3689130
0.072143554687500 3699778
0.072937011718750 3689269
0.071044921875000 3688540
0.072448730468750 3691952
0.071472167968750 3686030
0.062988281250000 3683368
0.071289062500000 3688157
0.072937011718750 3700035
0.000000000000000 3700035
0.070495605468750 3689736
0.072692871093750 3699173
0.071472167968750 3689876
0.070617675781250 3694556
0.073547363281250 3693308
0.071105957031250 3699964
0.071289062500000 3700000
0.070129394531250 3688909
0.062927246093750 3700035
0.074829101562500 3688940
0.068908691406250 3700000
0.070983886718750 3696767
0.069030761718750 3683265
0.071716308593750 3683366
0.000000000000000 3683298
0.070617675781250 3697611
0.071105957031250 3691502
0.070373535156250 3686241
0.072570800781250 3700035
0.073669433593750 3686080
0.070129394531250 3683403
0.071228027343750 3697080
0.070129394531250 3700000
0.071350097656250 3688900
0.070190429687500 3692110
0.070861816406250 3694617
0.072021484375000 3691088
0.000000000000000 3697918
0.135986328125000 3683369
0.000000000000000 3696418
0.070373535156250 3700035
0.071899414062500 3690370
0.069519042968750 3700000
0.072814941406250 3693847
0.074035644531250 3690566
0.069885253906250 3687418
0.070800781250000 3690397
0.070068359375000 3700000
0.062988281250000 3693246
0.070129394531250 3695661
0.071838378906250 3693423
0.070983886718750 3695449
0.073669433593750 3700035
0.000000000000000 3688905
0.072204589843750 3693764
0.070617675781250 3694520
0.072143554687500 3683336
0.070007324218750 3694985
0.073547363281250 3700035
0.070251464843750 3699805
0.072814941406250 3683301
0.072937011718750 3683524
0.072570800781250 3700035
0.072265625000000 3699964
0.070007324218750 3700000
0.071899414062500 3700035
0.000000000000000 3700000
0.071899414062500 3700000
0.072631835937500 3699964
0.072021484375000 3700000
0.069702148437500 3654235
0.069641113281250 3583334
0.057312011718750 3588054
0.058898925781250 3599965
0.066101074218750 3600000
0.067321777343750 3590019
0.064208984375000 3593049
0.058715820312500 3593304
0.065917968750000 3600000
0.066528320312500 3599965
0.068664550781250 3596004
0.063903808593750 3583334
0.058898925781250 3594561
0.064941406250000 3583333
0.000000000000000 3587083
0.067260742187500 3599965
0.064331054687500 3588861
0.067871093750000 3600068
0.068603515625000 3588769
0.065673828125000 3591179
0.067810058593750 3594528
0.064941406250000 3592086
0.058776855468750 3592631
0.064697265625000 3591752
0.068847656250000 3586372
0.067565917968750 3591402
0.067810058593750 3588911
0.065917968750000 3600000
0.000000000000000 3597818
0.066284179687500 3591075
0.065795898437500 3588908
0.064819335937500 3600034
0.068237304687500 3586901
0.066772460937500 3583367
0.065734863281250 3596292
0.064453125000000 3600000
0.070617675781250 3600000
0.066406250000000 3592972
0.067443847656250 3584806
0.000000000000000 3593113
0.065917968750000 3595654
0.069641113281250 3590550
0.064575195312500 3584236
0.067687988281250 3593622
0.066589355468750 3594645
0.065612792968750 3589524
0.068298339843750 3588890
0.065551757812500 3593966
0.066101074218750 3595017
0.065063476562500 3599965
0.066650390625000 3600000
0.066711425781250 3600000
0.000000000000000 3588914
0.068603515625000 3600000
0.068054199218750 3591193
0.065490722656250 3588655
0.067626953125000 3600000
0.063781738281250 3600000
0.065368652343750 3591357
0.066101074218750 3588289
0.068603515625000 3600034
0.066528320312500 3588826
0.064331054687500 3589842
0.064758300781250 3583334
0.000000000000000 3593451
0.065429687500000 3584444
0.069091796875000 3585337
0.066589355468750 3599965
0.066101074218750 3599965
0.067016601562500 3584732
0.067138671875000 3583299
0.066772460937500 3583299
0.064941406250000 3593033
0.066101074218750 3584142
0.066589355468750 3583335
0.000000000000000 3583330
0.068969726562500 3592559
0.065612792968750 3585298
0.064819335937500 3583332
0.065979003906250 3597969
0.067260742187500 3591183
0.065734863281250 3597368
0.065185546875000 3583264
0.065368652343750 3594621
0.067016601562500 3586127
0.065612792968750 3597146
0.066833496093750 3583397
0.065368652343750 3597211
0.065307617187500 3597583
0.000000000000000 3585961
0.065734863281250 3597023
0.066467285156250 3585841
0.066467285156250 3592039
0.065673828125000 3596847
0.065979003906250 3599965
0.067932128906250 3597806
0.065917968750000 3591127
0.064819335937500 3588866
0.065185546875000 3600000
0.066955566406250 3586969
0.064636230468750 3590723
0.066223144531250 3600000
0.000000000000000 3593286
0.064147949218750 3584969
0.065429687500000 3592911
0.065307617187500 3584843
0.067504882812500 3592984
0.066345214843750 3584741
0.064208984375000 3590222
0.068054199218750 3595738
0.065612792968750 3600034
0.066284179687500 3599012
0.063537597656250 3589884
0.067687988281250 3599230
0.000000000000000 3583330
0.067260742187500 3593103
0.065063476562500 3593898
0.065979003906250 3583933
0.065246582031250 3599383
0.066528320312500 3588912
0.065185546875000 3593996
0.064392089843750 3594901
0.065185546875000 3584606
0.066833496093750 3594533
0.058959960937500 3583482
0.064636230468750 3594416
0.065002441406250 3600000
0.065063476562500 3600034
0.068969726562500 3583755
0.000000000000000 3583333
0.063903808593750 3583334
0.066345214843750 3593800
0.066101074218750 3584090
0.065185546875000 3583329
0.066650390625000 3588044
0.064819335937500 3600000
0.066711425781250 3595449
0.065673828125000 3583334
0.068542480468750 3583332
0.066345214843750 3592113
0.065185546875000 3588870
0.066467285156250 3600000
0.000000000000000 3585878
0.064819335937500 3591876
0.067993164062500 3588911
0.063598632812500 3600000
0.057861328125000 3600000
0.064636230468750 3600000
0.067138671875000 3597449
0.066040039062500 3591478
0.064392089843750 3597697
0.065551757812500 3591214
0.064941406250000 3586700
0.067626953125000 3587458
0.064392089843750 3585450
0.068481445312500 3600000
0.065002441406250 3600000
0.000000000000000 3592879
0.066467285156250 3594555
0.066955566406250 3583332
0.063964843750000 3583334
0.064819335937500 3583329
0.064880371093750 3583335
0.068176269531250 3583297
0.064941406250000 3583369
0.064514160156250 3583334
0.068054199218750 3584244
0.064880371093750 3600000
0.058715820312500 3588054
0.064819335937500 3583401
0.067749023437500 3583333
0.000000000000000 3589474
0.068054199218750 3600034
0.065612792968750 3599965
0.065490722656250 3588932
0.065124511718750 3594090
0.065246582031250 3583331
0.065612792968750 3583333
0.066894531250000 3583334
0.067504882812500 3594556
0.065185546875000 3594231
0.066162109375000 3583683
0.066467285156250 3583300
0.000000000000000 3583367
0.065734863281250 3583334
0.063415527343750 3583332
0.066833496093750 3593785
0.069152832031250 3600000
0.063903808593750 3600000
0.066589355468750 3588790
0.065185546875000 3590164
0.066284179687500 3598573
0.066101074218750 3600000
0.065979003906250 3600000
0.066040039062500 3600000
0.065307617187500 3600034
0.058166503906250 3599965
0.065429687500000 3596377
0.000000000000000 3583333
0.065124511718750 3594554
0.063110351562500 3592100
0.066406250000000 3600034
0.058471679687500 3591448
0.065429687500000 3594534
0.065429687500000 3583334
0.066284179687500 3583331
0.067993164062500 3591212
0.064697265625000 3588873
0.066284179687500 3600000
0.064331054687500 3597971
0.067321777343750 3583333
0.067321777343750 3583295
0.064697265625000 3590346
0.000000000000000 3599965
0.065551757812500 3597014
0.067199707031250 3588911
0.066040039062500 3600000
0.064758300781250 3597058
0.065795898437500 3599965
0.064208984375000 3599249
0.064270019531250 3589624
0.059143066406250 3588220
0.064758300781250 3589467
0.065612792968750 3599587
0.066284179687500 3589224
0.066650390625000 3599841
0.066528320312500 3599458
0.000000000000000 3600000
0.066833496093750 3594526
0.065979003906250 3583330
0.064880371093750 3594546
0.066833496093750 3583332
0.066406250000000 3594560
0.066467285156250 3594141
0.063232421875000 3600000
0.067321777343750 3589376
0.067382812500000 3588277
0.064880371093750 3600000
0.064758300781250 3600000
0.067626953125000 3600000
0.000000000000000 3600034
0.067565917968750 3599965
0.064270019531250 3584423
0.058471679687500 3583333
0.066528320312500 3594552
0.065185546875000 3593136
0.066406250000000 3600034
0.066101074218750 3599965
0.066040039062500 3588934
0.064208984375000 3600000
0.067932128906250 3588912
0.067565917968750 3590853
0.065368652343750 3594489
0.066162109375000 3583398
0.000000000000000 3583336
0.064025878906250 3583333
0.067810058593750 3583330
0.064025878906250 3592156
0.066528320312500 3596868
0.067321777343750 3592029
0.066955566406250 3597025
0.065429687500000 3583299
0.065429687500000 3583296
0.066162109375000 3591727
0.064392089843750 3597438
0.068298339843750 3583333
0.065856933593750 3594558
0.000000000000000 3591308
0.065795898437500 3588933
0.066833496093750 3598679
0.065795898437500 3586836
0.065551757812500 3590736
0.063049316406250 3589001
0.067504882812500 3600000
0.066955566406250 3600000
0.065429687500000 3600000
0.064697265625000 3598518
0.066467285156250 3583335
0.066772460937500 3584801
0.065124511718750 3593084
0.000000000000000 3584623
0.066284179687500 3595871
0.067260742187500 3594667
0.064392089843750 3589820
0.065307617187500 3600034
0.065917968750000 3600000
0.065551757812500 3599365
0.063842773437500 3593987
0.066772460937500 3583938
0.068176269531250 3600000
0.064392089843750 3588910
0.067260742187500 3584156
0.000000000000000 3583668
0.065063476562500 3594200
0.066772460937500 3594710
0.067443847656250 3600000
0.065002441406250 3589116
0.066589355468750 3583334
0.066223144531250 3594166
0.065795898437500 3595271
0.065429687500000 3584468
0.064697265625000 3583334
0.065551757812500 3583331
0.065185546875000 3590471
0.068298339843750 3593800
0.000000000000000 3600000
0.065795898437500 3600000
0.065551757812500 3588909
0.062866210937500 3600000
0.068359375000000 3587624
0.064697265625000 3583330
0.131530761718750 3598202
0.064880371093750 3588938
0.067321777343750 3599317
0.064880371093750 3589835
0.065734863281250 3583330
0.064697265625000 3583265
0.067382812500000 3599112
0.063964843750000 3599048
0.067871093750000 3594533
0.065490722656250 3593203
0.064208984375000 3588909
0.000000000000000 3599965
0.069335937500000 3595981
0.064453125000000 3592962
0.065368652343750 3584961
0.066345214843750 3592677
0.058837890625000 3585871
0.067810058593750 3600000
0.065734863281250 3600000
0.067810058593750 3590959
0.064147949218750 3597932
0.068908691406250 3600000
0.064270019531250 3596768
0.068786621093750 3592165
0.000000000000000 3588943
0.067138671875000 3600000
0.065429687500000 3585856
0.066345214843750 3583333
0.063720703125000 3586284
0.067504882812500 3592137
0.068420410156250 3586116
0.065185546875000 3583334
0.067565917968750 3583334
0.063903808593750 3591514
0.065979003906250 3586375
0.067260742187500 3583301
