0.072204589843750 3699929
0.070556640625000 3700105
0.071411132812500 3700035
0.073608398437500 3699964
0.071044921875000 3700000
0.073059082031250 3700000
0.070434570312500 3700035
0.071350097656250 3699964
0.071655273437500 3700035
0.000000000000000 3699964
0.072509765625000 3700035
0.073059082031250 3699964
0.070007324218750 3700000
0.073547363281250 3700035
0.071899414062500 3699964
0.071594238281250 3700000
0.070739746093750 3699964
0.072753906250000 3700070
0.072631835937500 3699963
0.072326660156250 3700035
0.073059082031250 3699964
0.000000000000000 3700035
0.069702148437500 3699964
0.071289062500000 3699964
0.073303222656250 3700035
0.070922851562500 3700035
0.072021484375000 3700000
0.072143554687500 3699929
0.072326660156250 3700035
0.078186035156250 3794530
0.078186035156250 3800036
0.077819824218750 3800000
0.077514648437500 3800000
0.000000000000000 3799891
0.079345703125000 3800108
0.075561523437500 3800000
0.079528808593750 3800000
0.076049804687500 3799963
0.076721191406250 3800000
0.078552246093750 3800036
0.078369140625000 3800000
0.078979492187500 3799963
0.075256347656250 3800036
0.080688476562500 3800000
0.076171875000000 3800000
0.076110839843750 3800000
0.076965332031250 3800000
0.000000000000000 3800000
0.079040527343750 3800000
0.078369140625000 3799927
0.075683593750000 3800072
0.077453613281250 3800000
0.077026367187500 3800000
0.068054199218750 3800000
0.075927734375000 3800000
0.076721191406250 3799927
0.077026367187500 3800072
0.078369140625000 3800000
0.070251464843750 3800000
0.076293945312500 3800000
0.077941894531250 3800000
0.074401855468750 3799963
0.071228027343750 3800036
0.076965332031250 3800000
0.067565917968750 3800000
0.073425292968750 3800000
0.000000000000000 3799963
0.073364257812500 3800036
0.077819824218750 3800036
0.073181152343750 3799963
0.075866699218750 3800036
0.070495605468750 3799963
0.075073242187500 3799927
0.072143554687500 3800072
0.073791503906250 3800000
0.073608398437500 3800036
0.071838378906250 3799963
0.000000000000000 3799963
0.074645996093750 3800072
0.075317382812500 3800000
0.073730468750000 3799963
0.070861816406250 3800000
0.075073242187500 3799963
0.072082519531250 3800036
0.072143554687500 3800000
0.073303222656250 3800000
0.073913574218750 3799927
0.064147949218750 3800072
0.072143554687500 3800000
0.076782226562500 3800000
0.000000000000000 3800000
0.074035644531250 3799963
0.074157714843750 3800036
0.073303222656250 3800000
0.071960449218750 3800000
0.072509765625000 3800000
0.072326660156250 3800036
0.075927734375000 3800000
0.074829101562500 3799963
0.072448730468750 3800000
0.074645996093750 3799963
0.073669433593750 3800036
0.000000000000000 3800000
0.074279785156250 3800000
0.072143554687500 3800000
0.074340820312500 3800000
0.072937011718750 3800000
0.073913574218750 3799891
0.072204589843750 3800108
0.072448730468750 3800000
0.073791503906250 3800000
0.072631835937500 3800000
0.074829101562500 3800000
0.075378417968750 3799891
0.000000000000000 3800036
0.071228027343750 3800072
0.075195312500000 3799963
0.074401855468750 3799963
0.071594238281250 3800072
0.075317382812500 3800000
0.071350097656250 3800000
0.064575195312500 3800000
0.073852539062500 3800000
0.071777343750000 3800000
0.071655273437500 3800000
0.073059082031250 3799963
0.072998046875000 3800036
0.074218750000000 3800036
0.000000000000000 3799963
0.073303222656250 3799927
0.072570800781250 3800072
0.075073242187500 3800000
0.072265625000000 3800000
0.072937011718750 3800000
0.072326660156250 3800000
0.064270019531250 3800000
0.077148437500000 3800036
0.071716308593750 3800000
0.072326660156250 3799963
0.073303222656250 3800000
0.075256347656250 3800000
0.071533203125000 3799963
0.000000000000000 3800036
0.074645996093750 3799963
0.074401855468750 3800036
0.070556640625000 3800000
0.065002441406250 3800000
0.071716308593750 3800000
0.074218750000000 3800000
0.071105957031250 3800000
0.073608398437500 3800000
0.073059082031250 3800000
0.072387695312500 3800000
0.073852539062500 3800000
0.070739746093750 3800000
0.074462890625000 3800000
0.073303222656250 3800000
0.000000000000000 3800000
0.075195312500000 3799963
0.071472167968750 3800036
0.073059082031250 3799963
0.075500488281250 3800036
0.071228027343750 3799963
0.073181152343750 3800036
0.070678710937500 3800000
0.075683593750000 3800000
0.071228027343750 3800000
0.073608398437500 3800000
0.072143554687500 3800000
0.072570800781250 3800000
0.000000000000000 3800000
0.073974609375000 3799963
0.071594238281250 3800036
0.072937011718750 3800000
0.072204589843750 3800000
0.075500488281250 3799963
0.073608398437500 3800036
0.072448730468750 3800000
0.071594238281250 3800000
0.072082519531250 3800000
0.075378417968750 3800000
0.070129394531250 3800000
0.074523925781250 3800000
0.072937011718750 3800000
0.000000000000000 3800000
0.072021484375000 3799963
0.073852539062500 3800036
0.071411132812500 3800000
0.072204589843750 3799963
0.071594238281250 3800036
0.076171875000000 3800000
0.071594238281250 3800000
0.074768066406250 3800000
0.074401855468750 3800000
0.072875976562500 3800000
0.073974609375000 3800036
0.072021484375000 3799963
0.000000000000000 3800000
0.071472167968750 3799963
0.071350097656250 3800036
0.075988769531250 3800036
0.073852539062500 3799927
0.071594238281250 3800036
0.073486328125000 3800000
0.071838378906250 3800000
0.073364257812500 3800000
0.070922851562500 3800000
0.075439453125000 3800000
0.073242187500000 3800036
0.072692871093750 3799963
0.000000000000000 3800000
0.073486328125000 3799963
0.070983886718750 3800072
0.072814941406250 3799963
0.064880371093750 3800000
0.072265625000000 3800000
0.074462890625000 3800000
0.073181152343750 3800000
0.075012207031250 3800000
0.072387695312500 3799963
0.073852539062500 3800036
0.072570800781250 3800000
0.072387695312500 3800000
0.075134277343750 3800000
0.072204589843750 3800000
0.000000000000000 3800000
0.073547363281250 3800036
0.070556640625000 3799855
0.073974609375000 3800072
0.073608398437500 3800000
0.072143554687500 3800036
0.070312500000000 3800000
0.075744628906250 3800000
0.075195312500000 3800000
0.071533203125000 3800000
0.072326660156250 3800000
0.072875976562500 3800000
0.072937011718750 3800000
0.000000000000000 3800000
0.073059082031250 3800000
0.074584960937500 3799963
0.072204589843750 3800036
0.073608398437500 3800000
0.074035644531250 3800000
0.072692871093750 3800000
0.072387695312500 3800000
0.072448730468750 3799963
0.072265625000000 3800036
0.075439453125000 3800000
0.071228027343750 3800000
0.074584960937500 3799963
0.000000000000000 3800036
0.071472167968750 3800000
0.075012207031250 3800000
0.071472167968750 3800000
0.074584960937500 3800000
0.072265625000000 3800000
0.073242187500000 3800000
0.073608398437500 3800036
0.072998046875000 3799963
0.073791503906250 3800000
0.070617675781250 3800036
0.075317382812500 3799963
0.072692871093750 3799927
0.000000000000000 3800072
0.072937011718750 3799963
0.072509765625000 3800000
0.071655273437500 3800036
0.075805664062500 3800036
0.071044921875000 3799963
0.074829101562500 3799963
0.071777343750000 3800036
0.073364257812500 3799927
0.074340820312500 3800072
0.070922851562500 3800000
0.073913574218750 3800000
0.070556640625000 3800036
0.064392089843750 3799963
0.071228027343750 3799927
0.072692871093750 3800036
0.000000000000000 3800000
0.073181152343750 3800072
0.073608398437500 3799963
0.072753906250000 3800000
0.072204589843750 3800000
0.073059082031250 3800000
0.072692871093750 3800036
0.072937011718750 3799927
0.075134277343750 3800036
0.071472167968750 3799963
0.073852539062500 3800036
0.074462890625000 3800000
0.000000000000000 3800000
0.073608398437500 3800000
0.072143554687500 3799891
0.073181152343750 3800108
0.072631835937500 3800000
0.073181152343750 3800000
0.072814941406250 3800000
0.072204589843750 3800000
0.072448730468750 3800000
0.072265625000000 3800036
0.075195312500000 3799963
0.073364257812500 3799963
0.071594238281250 3800036
0.072814941406250 3800000
0.000000000000000 3800000
0.073303222656250 3800000
0.072204589843750 3800000
0.072692871093750 3799963
0.071960449218750 3799963
0.074462890625000 3800036
0.072387695312500 3800036
0.072448730468750 3799927
0.072143554687500 3800072
0.073669433593750 3799963
0.072082519531250 3800036
0.073120117187500 3799927
0.073486328125000 3800108
0.072204589843750 3799963
0.000000000000000 3800000
0.073425292968750 3800000
0.071777343750000 3800000
0.073852539062500 3800000
0.070434570312500 3800000
0.075073242187500 3800000
0.075439453125000 3800000
0.072509765625000 3800000
0.073303222656250 3799963
0.070434570312500 3800036
0.065307617187500 3799927
0.071594238281250 3800108
0.064941406250000 3799963
0.072998046875000 3800000
0.073364257812500 3800000
0.073486328125000 3800000
0.000000000000000 3800000
0.072753906250000 3800000
0.073425292968750 3799963
0.072570800781250 3799963
0.074035644531250 3800072
0.072570800781250 3800000
0.073486328125000 3800000
0.072570800781250 3800000
0.074340820312500 3800000
0.074584960937500 3800000
0.071289062500000 3800036
0.073913574218750 3799963
0.071594238281250 3800000
0.000000000000000 3800000
0.074096679687500 3800000
0.072204589843750 3799963
0.073852539062500 3800036
0.073669433593750 3799963
0.070800781250000 3800036
0.074829101562500 3800000
0.072082519531250 3800000
0.072937011718750 3800000
0.070983886718750 3800000
0.075744628906250 3800000
0.074035644531250 3800000
0.071777343750000 3800000
0.000000000000000 3800000
0.073974609375000 3800000
0.073181152343750 3800000
0.074218750000000 3800000
0.071166992187500 3799891
0.073364257812500 3800108
0.074096679687500 3799963
0.074401855468750 3800000
0.073181152343750 3800000
0.070556640625000 3800036
0.075073242187500 3800000
0.073059082031250 3800000
0.064392089843750 3799963
0.072204589843750 3800036
0.071105957031250 3800000
0.000000000000000 3800000
0.073120117187500 3800000
0.074768066406250 3799963
0.073242187500000 3800036
0.072814941406250 3799963
0.073730468750000 3800036
0.074829101562500 3800000
0.073547363281250 3799963
0.074340820312500 3800036
0.072387695312500 3800000
0.071655273437500 3722341
0.064086914062500 3700070
0.072082519531250 3699964
0.000000000000000 3700035
0.073486328125000 3699894
0.071716308593750 3700035
0.071228027343750 3700070
0.072509765625000 3700000
0.071289062500000 3700000
0.070495605468750 3700000
0.070251464843750 3699964
0.072204589843750 3700000
0.072387695312500 3700000
0.071594238281250 3700035
0.072998046875000 3699964
0.073364257812500 3700000
0.000000000000000 3700000
0.070861816406250 3700000
0.072326660156250 3700000
0.070007324218750 3700035
0.073669433593750 3699964
0.072204589843750 3700000
0.070251464843750 3700000
0.073364257812500 3699964
0.069885253906250 3700035
0.072509765625000 3700035
0.071105957031250 3700000
0.071594238281250 3699964
0.074157714843750 3700000
0.000000000000000 3699964
0.070129394531250 3700035
0.072143554687500 3700000
0.070068359375000 3700000
0.072143554687500 3700035
0.070007324218750 3700000
0.073181152343750 3700000
0.073364257812500 3699964
0.071228027343750 3699964
0.071655273437500 3700035
0.071472167968750 3699929
0.064147949218750 3700070
0.070068359375000 3700035
0.071777343750000 3700000
0.071228027343750 3700000
0.000000000000000 3699964
0.070312500000000 3700035
0.063476562500000 3700000
0.070251464843750 3700000
0.071960449218750 3699964
0.070495605468750 3700000
0.073608398437500 3700000
0.070495605468750 3700035
0.072448730468750 3700000
0.072753906250000 3699964
0.068908691406250 3700000
0.074401855468750 3700035
0.072082519531250 3700000
0.071166992187500 3699964
0.072387695312500 3700035
0.000000000000000 3699964
0.071655273437500 3700000
0.071594238281250 3700000
0.071960449218750 3700035
0.071594238281250 3699929
0.071350097656250 3700000
0.071838378906250 3700035
0.071533203125000 3700000
0.071899414062500 3700000
0.070739746093750 3700000
0.072326660156250 3700035
0.072326660156250 3700000
0.070068359375000 3699929
0.000000000000000 3700035
0.073547363281250 3700000
0.072814941406250 3700035
0.073852539062500 3700000
0.074645996093750 3700000
0.071289062500000 3700000
0.073852539062500 3699964
0.072448730468750 3700000
0.071289062500000 3700035
0.071411132812500 3699964
0.071411132812500 3700000
0.000000000000000 3699929
0.070861816406250 3700105
0.073059082031250 3700000
0.072082519531250 3700000
0.068664550781250 3699964
0.075866699218750 3700000
0.069335937500000 3700035
0.073059082031250 3699964
0.071777343750000 3700000
0.072387695312500 3700035
0.071228027343750 3699964
0.074157714843750 3700000
0.000000000000000 3700000
0.074401855468750 3700000
0.068847656250000 3699964
0.068603515625000 3700035
0.068359375000000 3700035
0.072692871093750 3699964
0.074035644531250 3700000
0.068542480468750 3700035
0.069091796875000 3700000
0.066040039062500 3699964
0.065490722656250 3700000
0.073303222656250 3699964
0.073120117187500 3700070
0.068176269531250 3699894
0.074645996093750 3700070
0.075073242187500 3699929
0.000000000000000 3700105
0.071655273437500 3699964
0.065368652343750 3700000
0.073547363281250 3700035
0.073974609375000 3700000
0.074707031250000 3700000
0.065917968750000 3700000
0.064758300781250 3699964
0.069580078125000 3699964
0.071777343750000 3700035
0.071044921875000 3700000
0.070495605468750 3700000
0.070251464843750 3700000
0.073181152343750 3699929
0.071044921875000 3700070
0.070007324218750 3700035
0.000000000000000 3699964
0.073059082031250 3699929
0.070678710937500 3700105
0.072998046875000 3699964
0.070556640625000 3700000
0.071105957031250 3700000
0.073791503906250 3700035
0.070373535156250 3699964
0.071655273437500 3700000
0.070739746093750 3699964
0.072937011718750 3700035
0.070434570312500 3700000
0.072998046875000 3700035
0.000000000000000 3699964
0.073486328125000 3700035
0.071777343750000 3699964
0.073852539062500 3699929
0.070495605468750 3700070
0.071411132812500 3700000
0.069885253906250 3700035
0.075378417968750 3700000
0.063903808593750 3700000
0.070861816406250 3700000
0.070800781250000 3700000
0.071350097656250 3699964
0.073547363281250 3699964
0.070495605468750 3700070
0.000000000000000 3699964
0.073852539062500 3700035
0.072448730468750 3699964
0.070617675781250 3699964
0.073425292968750 3700035
0.069580078125000 3700035
0.070678710937500 3700000
0.071472167968750 3699964
0.064208984375000 3699929
0.070068359375000 3700105
0.071533203125000 3699929
0.076354980468750 3700070
0.073181152343750 3700000
0.000000000000000 3700000
0.072875976562500 3699929
0.073120117187500 3700035
0.070251464843750 3700000
0.075683593750000 3700035
0.074157714843750 3699964
0.066955566406250 3700035
0.064697265625000 3699964
0.065185546875000 3700035
0.065063476562500 3700000
0.064758300781250 3699929
0.069641113281250 3700035
0.072692871093750 3700035
0.072265625000000 3699894
0.072631835937500 3700105
0.072753906250000 3699929
0.071166992187500 3700035
0.071105957031250 3699964
0.000000000000000 3700070
0.071472167968750 3699859
0.073425292968750 3700105
0.070007324218750 3700035
0.072143554687500 3700000
0.072753906250000 3699964
0.070983886718750 3700035
0.072509765625000 3699964
0.069152832031250 3700000
0.071044921875000 3700000
0.072143554687500 3699964
0.064086914062500 3700070
0.074645996093750 3699964
0.070312500000000 3700000
0.000000000000000 3700000
0.071716308593750 3700035
0.071166992187500 3699964
0.072814941406250 3617225
0.070434570312500 3700000
0.074584960937500 3700000
0.075683593750000 3700000
0.072265625000000 3700035
0.072692871093750 3700000
0.070495605468750 3700000
0.073486328125000 3699929
0.072998046875000 3700000
0.000000000000000 3700035
0.072082519531250 3700035
0.071350097656250 3699929
0.070495605468750 3700070
0.071411132812500 3699964
0.071228027343750 3700035
0.072143554687500 3700000
0.069702148437500 3699964
0.070495605468750 3700035
0.075805664062500 3700000
0.069152832031250 3700000
0.070129394531250 3699929
0.071960449218750 3700035
0.000000000000000 3700000
0.072998046875000 3700000
0.070434570312500 3700000
0.072570800781250 3700035
0.074096679687500 3700000
0.070190429687500 3700000
0.063171386718750 3699964
0.071166992187500 3700000
0.070861816406250 3700035
0.071594238281250 3700000
0.072143554687500 3699964
0.072509765625000 3700035
0.071960449218750 3700000
0.063720703125000 3699964
0.070312500000000 3700000
0.072143554687500 3700035
0.000000000000000 3699964
0.071655273437500 3700035
0.072509765625000 3699964
0.068725585937500 3699929
0.073608398437500 3700070
0.073059082031250 3700035
0.069885253906250 3700000
0.073303222656250 3700000
0.070739746093750 3699964
0.071960449218750 3700000
0.071411132812500 3700000
0.072082519531250 3700000
0.069458007812500 3700000
0.063720703125000 3700035
0.000000000000000 3700000
0.073669433593750 3700000
0.069702148437500 3699964
0.071411132812500 3700035
0.069580078125000 3699964
0.073059082031250 3700000
0.071228027343750 3700000
0.071899414062500 3700035
0.074157714843750 3699929
0.071350097656250 3700070
0.072814941406250 3700000
0.070861816406250 3699964
0.072814941406250 3700000
0.069702148437500 3700000
0.000000000000000 3700035
0.070983886718750 3700000
0.073242187500000 3700000
0.069641113281250 3699964
0.073791503906250 3700035
0.071350097656250 3699964
0.073120117187500 3700000
0.072937011718750 3700000
0.070983886718750 3700035
0.072692871093750 3699964
0.068725585937500 3700000
0.073913574218750 3699964
0.000000000000000 3700070
0.070556640625000 3699964
0.071228027343750 3700035
0.072326660156250 3700000
0.072937011718750 3699964
0.072326660156250 3700000
0.071472167968750 3700035
0.062927246093750 3700000
0.070007324218750 3699964
0.073242187500000 3700000
0.071289062500000 3700035
0.071350097656250 3700000
0.069274902343750 3700000
0.075439453125000 3700000
0.071411132812500 3699964
0.000000000000000 3700000
0.070495605468750 3700000
0.063476562500000 3700000
0.070495605468750 3700035
0.073242187500000 3699964
0.070800781250000 3700000
0.072326660156250 3700035
0.072387695312500 3699964
0.067993164062500 3700000
0.063537597656250 3700000
0.069946289062500 3700000
0.072448730468750 3700035
0.070251464843750 3699964
0.063171386718750 3699964
0.072387695312500 3700035
0.070373535156250 3699964
0.074035644531250 3700070
0.073669433593750 3699964
0.000000000000000 3700035
0.070800781250000 3700000
0.072143554687500 3699964
0.071350097656250 3700035
0.069458007812500 3700000
0.074218750000000 3699964
0.071899414062500 3700000
0.070678710937500 3700000
0.072631835937500 3700000
0.069641113281250 3700000
0.073059082031250 3700000
0.070129394531250 3700000
0.070739746093750 3700035
0.070556640625000 3699964
0.000000000000000 3700035
0.075073242187500 3699964
0.070007324218750 3699964
0.069702148437500 3700070
0.073486328125000 3700000
0.070007324218750 3699964
0.072631835937500 3700035
0.069519042968750 3700000
0.072631835937500 3700000
0.073730468750000 3699964
0.072265625000000 3700035
0.073486328125000 3699964
0.069641113281250 3700000
0.000000000000000 3700035
0.072387695312500 3699964
0.071044921875000 3700035
0.073486328125000 3699964
0.072631835937500 3700035
0.070129394531250 3700000
0.071044921875000 3699964
0.072387695312500 3700000
0.071105957031250 3699929
0.069335937500000 3700105
0.073852539062500 3699929
0.071533203125000 3700070
0.071289062500000 3699929
0.000000000000000 3700070
0.073059082031250 3700000
0.071350097656250 3700000
0.071289062500000 3700000
0.073120117187500 3700000
0.072570800781250 3700000
0.071166992187500 3699964
0.071044921875000 3700000
0.072143554687500 3700035
0.071655273437500 3699964
0.072692871093750 3700035
0.069641113281250 3699964
0.000000000000000 3700035
0.071472167968750 3699859
0.073852539062500 3700105
0.068786621093750 3700035
0.072509765625000 3700000
0.072692871093750 3699964
0.072265625000000 3700035
0.071655273437500 3700000
0.074890136718750 3699964
0.071838378906250 3700000
0.071899414062500 3700035
0.075134277343750 3699964
0.000000000000000 3700035
0.069702148437500 3700000
0.071105957031250 3699929
0.071228027343750 3700035
0.072265625000000 3700035
0.071899414062500 3700000
0.071716308593750 3700000
0.071350097656250 3700000
0.071411132812500 3699964
0.073364257812500 3700000
0.069641113281250 3700000
0.072326660156250 3700035
0.071472167968750 3699964
0.000000000000000 3700000
0.134216308593750 3700000
0.000000000000000 3699964
0.070190429687500 3700070
0.071472167968750 3699929
0.071777343750000 3700035
0.072814941406250 3700000
0.069030761718750 3700035
0.073608398437500 3699964
0.071166992187500 3700000
0.068725585937500 3700000
0.072875976562500 3700035
0.069458007812500 3700000
0.072631835937500 3699964
0.071044921875000 3700035
0.073120117187500 3699964
0.000000000000000 3699929
0.071960449218750 3700070
0.071838378906250 3700035
0.069641113281250 3699964
0.070129394531250 3700035
0.074707031250000 3700000
0.071350097656250 3699894
0.072326660156250 3700070
0.072631835937500 3699964
0.070800781250000 3700035
0.072631835937500 3700035
0.069641113281250 3699964
0.073730468750000 3700000
0.000000000000000 3700000
0.069641113281250 3700000
0.074829101562500 3700035
0.072082519531250 3699964
0.072082519531250 3699929
0.070983886718750 3700105
0.070373535156250 3699964
0.072937011718750 3700035
0.069519042968750 3700000
0.073120117187500 3699964
0.073547363281250 3700035
0.069885253906250 3699964
0.071472167968750 3699964
0.000000000000000 3700035
0.068481445312500 3700000
0.071960449218750 3699964
0.071716308593750 3700035
0.069885253906250 3700035
0.075622558593750 3699964
0.070983886718750 3700000
0.071533203125000 3700000
0.074157714843750 3700035
0.072082519531250 3700000
0.069824218750000 3699964
0.073364257812500 3700000
0.000000000000000 3700000
0.074279785156250 3700000
0.069763183593750 3700000
0.071899414062500 3699964
0.071655273437500 3700070
0.070861816406250 3700000
0.073547363281250 3699964
0.074218750000000 3700035
0.070983886718750 3699964
0.072937011718750 3700000
0.072998046875000 3700035
0.071472167968750 3699964
0.071594238281250 3700035
0.000000000000000 3699964
0.070678710937500 3699964
0.072875976562500 3700035
0.072937011718750 3699964
0.071044921875000 3700035
0.071960449218750 3700000
0.071289062500000 3700000
0.072631835937500 3700035
0.071289062500000 3699964
0.073303222656250 3700000
0.072143554687500 3700000
0.069702148437500 3700035
0.063476562500000 3700000
0.072326660156250 3700000
0.000000000000000 3700000
0.070312500000000 3699964
0.071716308593750 3700000
0.073913574218750 3700000
0.070434570312500 3700035
0.070556640625000 3699964
0.063659667968750 3700035
0.072814941406250 3699964
0.073669433593750 3699929
0.071411132812500 3700070
0.072021484375000 3700035
0.070373535156250 3688415
0.069091796875000 3600000
0.060668945312500 3600000
0.066101074218750 3600000
0.068420410156250 3600000
0.000000000000000 3600000
0.067260742187500 3600000
0.059753417968750 3599965
0.066101074218750 3600034
0.066955566406250 3599965
0.063659667968750 3600034
0.068237304687500 3600000
0.067504882812500 3600000
0.066406250000000 3600000
0.067138671875000 3600000
0.065551757812500 3600000
0.069274902343750 3600000
0.064819335937500 3600000
0.066345214843750 3599965
0.068237304687500 3600034
0.000000000000000 3599931
0.065734863281250 3600068
0.068542480468750 3599965
0.064758300781250 3600000
0.066345214843750 3600068
0.066223144531250 3599931
0.066772460937500 3600034
0.067077636718750 3600000
0.064941406250000 3600000
0.067810058593750 3600000
0.066650390625000 3600000
0.066955566406250 3600000
0.066040039062500 3600000
0.069274902343750 3600000
0.000000000000000 3600000
0.068542480468750 3600000
0.067321777343750 3600000
0.065734863281250 3600000
0.066589355468750 3599965
0.067199707031250 3600034
0.065917968750000 3600000
0.067749023437500 3600000
0.067871093750000 3600000
0.067504882812500 3599965
0.067687988281250 3600068
0.066528320312500 3599931
0.066345214843750 3600034
0.000000000000000 3600000
0.066345214843750 3600000
0.067504882812500 3600000
0.065002441406250 3600000
0.070129394531250 3600000
0.067565917968750 3600000
0.064575195312500 3600000
0.066589355468750 3600000
0.067810058593750 3600000
0.066467285156250 3599965
0.065429687500000 3600034
0.067382812500000 3599931
0.068237304687500 3600068
0.000000000000000 3600000
0.066650390625000 3600000
0.066040039062500 3600000
0.066223144531250 3599897
0.067077636718750 3600102
0.066833496093750 3599931
0.068664550781250 3600068
0.066650390625000 3600000
0.066528320312500 3599965
0.066345214843750 3600000
0.066650390625000 3600034
0.067871093750000 3600034
0.066833496093750 3599965
0.000000000000000 3600000
0.067138671875000 3600000
0.060668945312500 3599931
0.065734863281250 3600000
0.067687988281250 3600102
0.068969726562500 3599965
0.066528320312500 3600000
0.067016601562500 3599965
0.068237304687500 3600000
0.068481445312500 3600068
0.065856933593750 3599897
0.069824218750000 3600068
0.066833496093750 3600000
0.065490722656250 3600000
0.000000000000000 3600000
0.066528320312500 3600000
0.067993164062500 3600000
0.068786621093750 3599965
0.067504882812500 3600034
0.068542480468750 3600000
0.065490722656250 3600000
0.060424804687500 3599965
0.064392089843750 3600034
0.067871093750000 3600000
0.065246582031250 3600000
0.067810058593750 3600000
0.067321777343750 3600000
0.066833496093750 3600000
0.000000000000000 3599965
0.066589355468750 3600068
0.065734863281250 3599965
0.067687988281250 3600000
0.066894531250000 3600000
0.067871093750000 3600034
0.066406250000000 3599965
0.065856933593750 3600000
0.068542480468750 3600000
0.067199707031250 3600000
0.067199707031250 3600000
0.065551757812500 3599965
0.068969726562500 3600034
0.000000000000000 3600000
0.067687988281250 3600000
0.065734863281250 3600000
0.065429687500000 3600000
0.068481445312500 3600000
0.061889648437500 3600000
0.067016601562500 3600000
0.066589355468750 3600000
0.068542480468750 3599965
0.064453125000000 3600034
0.059143066406250 3599965
0.065368652343750 3600034
0.068847656250000 3600000
0.066528320312500 3600000
0.059570312500000 3600000
0.066528320312500 3600034
0.067871093750000 3599965
0.000000000000000 3599931
0.067016601562500 3600102
0.065734863281250 3600000
0.068054199218750 3599965
0.064758300781250 3600034
0.069458007812500 3599965
0.065551757812500 3600034
0.067993164062500 3599931
0.066833496093750 3600034
0.066223144531250 3599931
0.067749023437500 3600034
0.065429687500000 3600034
0.067626953125000 3600000
0.065979003906250 3600000
0.000000000000000 3600034
0.067993164062500 3600000
0.065979003906250 3599965
0.068786621093750 3600000
0.067016601562500 3600000
0.065979003906250 3600000
0.066223144531250 3600000
0.065368652343750 3599965
0.069580078125000 3600034
0.064941406250000 3600000
0.069030761718750 3600000
0.066711425781250 3599931
0.067565917968750 3600102
0.000000000000000 3599965
0.066406250000000 3600000
0.066162109375000 3600000
0.067504882812500 3599931
0.065551757812500 3600068
0.069335937500000 3600034
0.067871093750000 3599931
0.065063476562500 3600034
0.067687988281250 3599965
0.069152832031250 3600034
0.066467285156250 3599965
0.065429687500000 3600068
0.000000000000000 3599965
0.069091796875000 3600000
0.068847656250000 3600000
0.066406250000000 3600000
0.059020996093750 3600000
0.065612792968750 3599965
0.068054199218750 3600034
0.067749023437500 3600000
0.067321777343750 3600000
0.065917968750000 3600000
0.066589355468750 3600000
0.067382812500000 3600000
0.065551757812500 3600034
0.067138671875000 3599965
0.065734863281250 3600000
0.000000000000000 3600000
0.067626953125000 3599965
0.067871093750000 3600034
0.065246582031250 3600000
0.067382812500000 3600000
0.068115234375000 3600000
0.067504882812500 3600000
0.066406250000000 3600000
0.066345214843750 3600000
0.067993164062500 3600000
0.065368652343750 3599931
0.068481445312500 3600068
0.066589355468750 3600000
0.000000000000000 3599965
0.066589355468750 3600034
0.065856933593750 3600000
0.066894531250000 3600000
0.070617675781250 3600034
0.067993164062500 3599931
0.068176269531250 3600034
0.066101074218750 3600000
0.061706542968750 3600000
0.065246582031250 3600034
0.068176269531250 3599965
0.065856933593750 3600000
0.068420410156250 3599931
0.066406250000000 3600034
0.000000000000000 3599931
0.067077636718750 3600103
0.066711425781250 3599965
0.066589355468750 3600034
0.067871093750000 3599897
0.065795898437500 3600068
0.068603515625000 3600034
0.066894531250000 3600000
0.064819335937500 3600000
0.068420410156250 3599965
0.065429687500000 3600068
0.068176269531250 3599965
0.066894531250000 3600000
0.000000000000000 3600000
0.068420410156250 3599965
0.068115234375000 3600034
0.066040039062500 3600000
0.065368652343750 3600000
0.066223144531250 3600000
0.066406250000000 3600000
0.067016601562500 3600000
0.067016601562500 3599897
0.067749023437500 3600102
0.069641113281250 3600000
0.065307617187500 3600000
0.067382812500000 3600000
0.000000000000000 3600000
0.067077636718750 3600000
0.066101074218750 3599931
0.068847656250000 3600068
0.067443847656250 3600034
0.065551757812500 3599897
0.065734863281250 3600068
0.066223144531250 3599965
0.067565917968750 3600034
0.065185546875000 3600000
0.068176269531250 3600000
0.067321777343750 3599965
0.067077636718750 3600034
0.000000000000000 3600000
0.067749023437500 3600000
0.065368652343750 3600000
0.066101074218750 3600000
0.067626953125000 3600000
0.067687988281250 3599931
0.068969726562500 3600034
0.065795898437500 3600034
0.067382812500000 3599931
0.066955566406250 3600068
0.068603515625000 3600034
0.065612792968750 3599931
0.065979003906250 3600034
0.000000000000000 3600000
0.068603515625000 3600000
0.066711425781250 3600000
0.067199707031250 3600000
0.066040039062500 3600000
0.066589355468750 3600000
0.068176269531250 3599965
0.067016601562500 3600034
0.067810058593750 3600000
0.065124511718750 3600000
0.069763183593750 3600000
0.065063476562500 3599931
0.067810058593750 3600068
0.065307617187500 3599897
0.000000000000000 3600102
0.067260742187500 3600000
0.068847656250000 3599965
0.065246582031250 3600034
0.067199707031250 3600000
0.066223144531250 3600000
0.068603515625000 3599931
0.064941406250000 3600068
0.067321777343750 3600000
0.065307617187500 3599931
0.066528320312500 3600068
0.068176269531250 3600000
0.065246582031250 3600000
0.000000000000000 3599965
0.066528320312500 3600034
0.066040039062500 3600000
0.067993164062500 3600000
0.066650390625000 3600000
0.067382812500000 3487212
0.067321777343750 3600000
0.066894531250000 3600000
0.069458007812500 3600000
0.064453125000000 3600000
0.069091796875000 3600034
0.065917968750000 3599965
0.059631347656250 3599897
0.068847656250000 3600102
0.064575195312500 3600000
0.000000000000000 3600000
0.067749023437500 3600000
0.065917968750000 3600000
0.069030761718750 3600000
0.065002441406250 3600000
0.067443847656250 3600000
0.066833496093750 3599965
0.067443847656250 3600034
0.067260742187500 3600000
0.064575195312500 3600000
0.067749023437500 3600000
0.066406250000000 3600000
0.068603515625000 3600000
0.000000000000000 3600000
0.067749023437500 3600000
0.067016601562500 3600000
0.067382812500000 3600000
0.068054199218750 3467651
0.068298339843750 3599965
0.067443847656250 3600034
0.059204101562500 3600000
0.067504882812500 3600000
0.059265136718750 3600000
0.067687988281250 3600000
0.065063476562500 3600000
0.069519042968750 3600000
0.066589355468750 3600034
0.000000000000000 3599931
0.068542480468750 3600034
0.065490722656250 3600000
0.068359375000000 3600000
0.068542480468750 3600000
0.068054199218750 3600000
0.066894531250000 3600000
0.067565917968750 3600000
0.067077636718750 3600000
0.064636230468750 3600000
0.059204101562500 3600034
0.066467285156250 3599965
0.059570312500000 3600000
0.067993164062500 3600000
0.068969726562500 3599965
0.068237304687500 3600000
0.000000000000000 3600034
0.065734863281250 3600000
0.066955566406250 3600000
0.066467285156250 3600000
0.059936523437500 3600000
0.070007324218750 3600034
0.066162109375000 3599965
0.066528320312500 3599965
0.068176269531250 3600034
0.067138671875000 3600000
0.065429687500000 3600000
0.066589355468750 3599965
0.066528320312500 3600034
0.069152832031250 3600000
0.000000000000000 3599965
0.067504882812500 3600000
0.065307617187500 3599965
0.066833496093750 3600068
0.066406250000000 3599965
0.067871093750000 3600034
0.066162109375000 3599897
0.067382812500000 3600102
0.068664550781250 3600000
0.069763183593750 3600000
0.067871093750000 3600034
0.065551757812500 3599965
0.059020996093750 3600000
0.068359375000000 3600000
0.000000000000000 3600034
0.067199707031250 3599965
0.068054199218750 3600000
0.067077636718750 3600034
0.068603515625000 3599965
0.067016601562500 3600000
0.066528320312500 3600000
0.064514160156250 3600000
0.067504882812500 3600000
0.069824218750000 3600000
0.067016601562500 3600000
0.065246582031250 3600034
0.066589355468750 3599931
0.000000000000000 3600034
0.069702148437500 3600034
0.067504882812500 3600000
0.067687988281250 3600000
0.067138671875000 3600000
0.069335937500000 3599965
0.067626953125000 3600000
0.066772460937500 3600000
0.066833496093750 3599862
0.065917968750000 3600102
0.068115234375000 3600034
0.000000000000000 3600000
0.068908691406250 3600000
0.066772460937500 3600000
0.067993164062500 3600000
0.065673828125000 3599931
0.068115234375000 3600068
0.064453125000000 3600000
0.067199707031250 3600000
0.067810058593750 3599965
0.065002441406250 3599931
0.068359375000000 3600102
0.067810058593750 3600000
0.068420410156250 3599965
0.000000000000000 3600034
0.066162109375000 3600000
0.069946289062500 3600000
0.067810058593750 3600034
0.067810058593750 3600000
0.069763183593750 3599965
0.065612792968750 3600000
0.068359375000000 3600000
0.068542480468750 3600000
0.065979003906250 3600000
0.065246582031250 3600000
0.059448242187500 3600000
0.066406250000000 3600000
0.000000000000000 3600000
0.067810058593750 3599931
0.067993164062500 3600068
0.066040039062500 3599965
0.069152832031250 3600000
0.067321777343750 3600000
0.065673828125000 3600034
0.066223144531250 3599965
0.067749023437500 3600034
0.065124511718750 3599897
0.066467285156250 3600102
0.068298339843750 3599965
0.069091796875000 3600034
0.059265136718750 3600000
0.000000000000000 3600000
0.067138671875000 3600000
0.065612792968750 3600000
0.067443847656250 3599965
0.068298339843750 3600034
0.068359375000000 3600000
0.067565917968750 3600000
0.065185546875000 3600000
0.067565917968750 3600000
0.067443847656250 3600000
0.067443847656250 3600000
0.067993164062500 3600000
0.065063476562500 3600000
0.000000000000000 3600000
0.070617675781250 3599965
0.066955566406250 3600034
0.066101074218750 3600000
0.065185546875000 3600000
0.069458007812500 3600000
0.068481445312500 3599897
0.067932128906250 3600102
0.068664550781250 3600000
0.065979003906250 3600000
0.068664550781250 3600000
0.065795898437500 3600000
0.000000000000000 3599965
0.067626953125000 3600034
0.066711425781250 3599965
0.066833496093750 3600034
0.069030761718750 3600034
0.065368652343750 3599965
0.067810058593750 3600000
0.067565917968750 3600000
0.060424804687500 3600034
0.066772460937500 3599965
0.067565917968750 3600034
0.069641113281250 3599931
0.067016601562500 3600034
0.000000000000000 3599965
0.068115234375000 3600034
0.067077636718750 3600000
0.059082031250000 3599965
0.065368652343750 3600034
0.058959960937500 3600000
0.067504882812500 3600000
0.068786621093750 3599965
0.069885253906250 3600034
0.067565917968750 3600000
0.069458007812500 3599965
0.065185546875000 3599965
0.067199707031250 3600068
0.064941406250000 3600000
0.069458007812500 3599965
0.000000000000000 3600034
0.068420410156250 3599965
0.065246582031250 3600034
0.068359375000000 3600000
0.066772460937500 3600000
0.067382812500000 3600000
0.064880371093750 3600000
0.068420410156250 3600000
0.067016601562500 3600000
0.058959960937500 3599965
0.066955566406250 3600034
0.065734863281250 3600034
0.068176269531250 3599965
0.065490722656250 3600000
0.060729980468750 3600000
0.065734863281250 3600000
0.000000000000000 3599965
0.067810058593750 3600034
0.067077636718750 3600000
0.066711425781250 3600000
0.067565917968750 3600000
0.066162109375000 3600000
0.067687988281250 3600000
0.066284179687500 3600000
0.059387207031250 3600000
0.066772460937500 3600034
0.068603515625000 3599965
0.066711425781250 3600000
0.068115234375000 3600034
0.067993164062500 3599965
0.000000000000000 3600000
0.068481445312500 3600000
0.067932128906250 3600034
0.067016601562500 3599965
0.059082031250000 3600000
0.068786621093750 3600000
0.066650390625000 3600034
0.067504882812500 3599965
0.067626953125000 3600000
0.069213867187500 3600000
0.069458007812500 3600000
0.065429687500000 3600000
0.067321777343750 3600000
0.000000000000000 3600000
0.067321777343750 3600000
0.066223144531250 3600000
0.066955566406250 3600000
0.068298339843750 3600034
0.068786621093750 3623462
0.062988281250000 3800000
0.072143554687500 3800000
0.071716308593750 3702546
0.062988281250000 3700000
0.073120117187500 3699964
0.071777343750000 3700035
0.070617675781250 3699964
0.073303222656250 3700000
0.075012207031250 3700000
0.070312500000000 3700035
0.000000000000000 3700000
0.071350097656250 3699964
0.070251464843750 3700000
0.072998046875000 3700000
0.075134277343750 3700035
0.065246582031250 3700000
0.070373535156250 3699964
0.074401855468750 3700000
0.064392089843750 3699929
0.066406250000000 3700105
0.075073242187500 3700000
0.071044921875000 3699964
0.070922851562500 3700000
0.067993164062500 3700000
0.071899414062500 3700000
0.000000000000000 3700035
0.081604003906250 3699964
0.069091796875000 3700035
0.069519042968750 3699964
0.067565917968750 3700035
0.075256347656250 3699964
0.070678710937500 3700000
0.073608398437500 3699929
0.064941406250000 3700105
0.076049804687500 3699894
0.068847656250000 3700105
0.066955566406250 3699929
0.077270507812500 3700035
0.073425292968750 3700035
0.000000000000000 3700000
0.074584960937500 3699964
0.071533203125000 3700000
0.070800781250000 3700000
0.070922851562500 3700035
0.072570800781250 3700000
0.071228027343750 3699929
0.072082519531250 3700070
0.074523925781250 3699964
0.075622558593750 3700035
0.069885253906250 3699964
0.072448730468750 3700035
0.000000000000000 3699964
0.071166992187500 3700000
0.072937011718750 3700000
0.073059082031250 3700035
0.071777343750000 3699964
0.074462890625000 3700035
0.069763183593750 3699929
0.065368652343750 3700035
0.070739746093750 3700000
0.071899414062500 3700000
0.073364257812500 3700035
0.071105957031250 3699964
0.070617675781250 3699964
0.072509765625000 3700035
0.000000000000000 3700000
0.072326660156250 3700035
0.071105957031250 3700000
0.064453125000000 3699964
0.069763183593750 3699929
0.072082519531250 3700105
0.071655273437500 3700000
0.072753906250000 3699929
0.074462890625000 3700035
0.068847656250000 3699964
0.063049316406250 3700035
0.071533203125000 3699964
0.071533203125000 3700035
0.073425292968750 3700000
0.073181152343750 3700000
0.069641113281250 3700035
0.072143554687500 3699964
0.000000000000000 3700000
0.074523925781250 3700035
0.068908691406250 3700000
0.071105957031250 3699964
0.069763183593750 3700035
0.074584960937500 3700000
0.072631835937500 3699964
0.071594238281250 3700000
0.074584960937500 3700000
0.072937011718750 3700000
0.065551757812500 3699929
0.071472167968750 3700070
0.063476562500000 3700000
0.071594238281250 3700000
0.071228027343750 3700035
0.000000000000000 3700000
0.074829101562500 3700000
0.069274902343750 3699964
0.071472167968750 3700035
0.068115234375000 3699964
0.064880371093750 3700000
0.071105957031250 3700000
0.073669433593750 3700000
0.070983886718750 3700035
0.071960449218750 3700000
0.072692871093750 3699964
0.072998046875000 3700000
0.072448730468750 3700000
0.070007324218750 3700035
0.062927246093750 3700000
0.072448730468750 3699929
0.072204589843750 3700070
0.070983886718750 3699964
0.000000000000000 3700035
0.072326660156250 3699964
0.074096679687500 3700035
0.071228027343750 3700000
0.072570800781250 3700000
0.072448730468750 3699964
0.072509765625000 3699964
0.069763183593750 3700035
0.072265625000000 3700000
0.070007324218750 3700035
0.071838378906250 3699964
0.206420898437500 3700000
0.070983886718750 3700000
0.072265625000000 3699929
0.070861816406250 3700105
0.072387695312500 3699964
0.072998046875000 3700035
0.070434570312500 3699929
0.063903808593750 3700070
0.073425292968750 3700000
0.072692871093750 3699964
0.070678710937500 3700000
0.070983886718750 3699929
0.071472167968750 3700070
0.000000000000000 3700000
0.074768066406250 3700035
0.073120117187500 3700000
0.072021484375000 3699964
0.073303222656250 3700035
0.069885253906250 3699964
0.071350097656250 3700000
0.071472167968750 3700035
0.073120117187500 3700000
0.064880371093750 3700000
0.069580078125000 3700000
0.073242187500000 3700000
0.072143554687500 3699964
0.074829101562500 3700000
0.000000000000000 3700000
0.071533203125000 3700035
0.071899414062500 3700000
0.073059082031250 3700000
0.070739746093750 3699964
0.073486328125000 3700000
0.069580078125000 3700035
0.072509765625000 3700000
0.070007324218750 3699929
0.073974609375000 3700070
0.072082519531250 3700000
0.070312500000000 3699964
0.073547363281250 3700000
0.069885253906250 3699929
0.063903808593750 3700070
0.070007324218750 3700035
0.000000000000000 3699929
0.073242187500000 3700035
0.069458007812500 3700000
0.064514160156250 3700000
0.074890136718750 3700035
0.072143554687500 3699964
0.071228027343750 3700000
0.070495605468750 3700000
0.075134277343750 3699929
0.070556640625000 3700105
0.072631835937500 3699964
0.072204589843750 3699929
0.073120117187500 3700105
0.074340820312500 3700000
0.000000000000000 3700000
0.070556640625000 3699964
0.073730468750000 3700035
0.070434570312500 3699964
0.073181152343750 3700035
0.071289062500000 3699929
0.073547363281250 3700035
0.072021484375000 3700035
0.071411132812500 3699964
0.073120117187500 3700035
0.071228027343750 3699964
0.072937011718750 3700035
0.072937011718750 3699964
0.000000000000000 3700000
0.074279785156250 3700035
0.072631835937500 3699964
0.071350097656250 3700035
0.073059082031250 3700000
0.072387695312500 3699929
0.074584960937500 3700070
0.071228027343750 3700000
0.074157714843750 3699894
0.072875976562500 3700035
0.070434570312500 3700070
0.070922851562500 3699894
0.000000000000000 3700070
0.072570800781250 3700035
0.071899414062500 3699929
0.069458007812500 3700035
0.075805664062500 3699964
0.071594238281250 3700070
0.069580078125000 3699964
0.074218750000000 3700000
0.073791503906250 3700000
0.070068359375000 3700000
0.072326660156250 3700000
0.074768066406250 3700000
0.072082519531250 3700000
0.000000000000000 3700000
0.071533203125000 3700000
0.072998046875000 3700035
0.071655273437500 3699964
0.072753906250000 3700035
0.072265625000000 3700000
0.073669433593750 3699964
0.071350097656250 3700035
0.070312500000000 3700000
0.072143554687500 3699894
0.072692871093750 3700035
0.073364257812500 3700035
0.069030761718750 3700000
0.000000000000000 3700035
0.074218750000000 3700000
0.074096679687500 3699964
0.070434570312500 3700000
0.070617675781250 3699894
0.070678710937500 3700105
0.072937011718750 3700035
0.074401855468750 3699964
0.072387695312500 3700000
0.072265625000000 3700000
0.072692871093750 3700000
0.064819335937500 3699964
0.071838378906250 3700035
0.071228027343750 3700035
0.071044921875000 3700000
0.000000000000000 3699964
0.073669433593750 3699964
0.074035644531250 3700035
0.071228027343750 3700000
0.074829101562500 3700035
0.069396972656250 3699894
0.073608398437500 3700070
0.071960449218750 3700035
0.072509765625000 3700000
0.071166992187500 3699964
0.071105957031250 3700035
0.073913574218750 3699964
0.000000000000000 3700035
0.071289062500000 3700000
0.072814941406250 3700000
0.071594238281250 3699964
0.072998046875000 3700035
0.071289062500000 3699964
0.072387695312500 3699929
0.075317382812500 3700105
0.071350097656250 3700000
0.063476562500000 3699964
0.071838378906250 3700035
0.072998046875000 3699964
0.070739746093750 3700035
0.072692871093750 3700000
0.000000000000000 3700000
0.074035644531250 3700000
0.072143554687500 3700000
0.071838378906250 3699929
0.072509765625000 3700035
0.072265625000000 3700000
0.072082519531250 3700000
0.072875976562500 3700000
0.073120117187500 3700035
0.073364257812500 3699894
0.072143554687500 3700105
0.072143554687500 3700000
0.000000000000000 3699964
0.072631835937500 3700000
0.071350097656250 3700035
0.073425292968750 3700000
0.072326660156250 3699929
0.071777343750000 3700070
0.072509765625000 3699894
0.073242187500000 3700105
0.074035644531250 3699929
0.070800781250000 3700070
0.073547363281250 3699929
0.072448730468750 3700070
0.072387695312500 3699964
0.000000000000000 3700000
0.071350097656250 3700000
0.069702148437500 3700035
0.072937011718750 3699964
0.073181152343750 3700000
0.072204589843750 3699929
0.072937011718750 3700105
0.071655273437500 3699964
0.071472167968750 3699964
0.072509765625000 3700035
0.071044921875000 3700035
0.070739746093750 3700000
0.073974609375000 3700000
0.072021484375000 3699964
0.000000000000000 3700000
0.070983886718750 3700000
0.074340820312500 3700000
0.069946289062500 3700000
0.073059082031250 3699964
0.072204589843750 3700035
0.073181152343750 3700035
0.073242187500000 3699964
0.071289062500000 3700000
0.073791503906250 3700035
0.072082519531250 3700000
0.072326660156250 3700000
0.071716308593750 3700000
0.000000000000000 3699964
0.070312500000000 3700000
0.076660156250000 3700000
0.071166992187500 3699964
0.072387695312500 3700070
0.071594238281250 3699964
0.074035644531250 3699964
0.069396972656250 3700035
0.072998046875000 3700035
0.072875976562500 3699964
0.072204589843750 3699964
0.073730468750000 3700035
0.072387695312500 3700035
0.000000000000000 3699929
0.071716308593750 3700070
0.071289062500000 3699964
0.072814941406250 3700035
0.074523925781250 3699964
0.071777343750000 3700000
0.072265625000000 3700035
0.071777343750000 3700000
0.073608398437500 3699964
0.070495605468750 3700035
0.072631835937500 3700000
0.072692871093750 3700000
0.072082519531250 3699964
0.000000000000000 3700000
0.074401855468750 3700035
0.071289062500000 3699964
0.072509765625000 3700035
0.070861816406250 3700000
0.073913574218750 3699964
0.070983886718750 3700000
0.072082519531250 3700000
0.071594238281250 3700000
0.070739746093750 3700035
0.075317382812500 3700000
0.071411132812500 3699929
0.073242187500000 3700035
0.000000000000000 3700000
0.072143554687500 3700000
0.073669433593750 3700035
0.072265625000000 3699894
0.071044921875000 3700105
0.074645996093750 3699964
0.071960449218750 3699964
0.071655273437500 3700000
0.072387695312500 3700070
0.070739746093750 3699964
0.072753906250000 3700035
0.071594238281250 3699929
0.074523925781250 3700070
0.000000000000000 3699964
0.072082519531250 3700000
0.071716308593750 3700035
0.072509765625000 3699964
0.074218750000000 3700000
0.071411132812500 3700035
0.070129394531250 3700000
0.073059082031250 3699964
0.072265625000000 3700000
0.073547363281250 3700035
0.071044921875000 3700000
0.072814941406250 3699964
0.073120117187500 3700000
0.071655273437500 3700000
0.000000000000000 3700000
0.071960449218750 3700035
0.069824218750000 3700000
0.071228027343750 3699964
0.073120117187500 3700035
0.071960449218750 3699964
0.073242187500000 3700000
0.071716308593750 3700000
0.073852539062500 3700000
0.069763183593750 3700000
0.074584960937500 3700000
0.070068359375000 3700035
0.072326660156250 3699929
0.000000000000000 3700070
0.074584960937500 3700000
0.070983886718750 3699929
0.072937011718750 3700035
0.070739746093750 3665821
0.061584472656250 3600000
0.064758300781250 3600000
0.067687988281250 3600000
0.066589355468750 3600000
0.070800781250000 3600000
0.068725585937500 3600034
0.066589355468750 3599965
0.067321777343750 3600000
0.067687988281250 3600000
0.059692382812500 3599965
0.000000000000000 3600034
0.066894531250000 3600000
0.068603515625000 3600000
0.068359375000000 3599931
0.067871093750000 3600102
0.066833496093750 3600000
0.066894531250000 3599965
0.068237304687500 3599965
0.067565917968750 3600000
0.069335937500000 3600034
0.067810058593750 3600000
0.066894531250000 3600000
0.000000000000000 3600034
0.066040039062500 3600000
0.066345214843750 3599965
0.059997558593750 3600000
0.067871093750000 3600000
0.066040039062500 3600000
0.066528320312500 3600000
0.068969726562500 3600034
0.067077636718750 3599965
0.064758300781250 3600000
0.066040039062500 3600000
0.067199707031250 3599965
0.058898925781250 3600034
0.068054199218750 3600000
0.066955566406250 3600034
0.066833496093750 3599965
0.000000000000000 3600000
0.067504882812500 3599965
0.068359375000000 3600000
0.066528320312500 3599931
0.068054199218750 3600068
0.065917968750000 3600068
0.068481445312500 3599931
0.067443847656250 3600034
0.066467285156250 3600000
0.066650390625000 3599965
0.067871093750000 3600034
0.067077636718750 3600000
0.065246582031250 3600000
0.000000000000000 3600000
0.067810058593750 3600000
0.067504882812500 3599965
0.065490722656250 3600034
0.065612792968750 3600034
0.066406250000000 3599965
0.067382812500000 3600000
0.067749023437500 3600000
0.067077636718750 3599965
0.066711425781250 3600034
0.066223144531250 3600000
0.066711425781250 3600000
0.068054199218750 3600034
0.000000000000000 3599965
0.067382812500000 3600000
0.064880371093750 3600000
0.067626953125000 3600000
0.069763183593750 3599965
0.065795898437500 3599965
0.067199707031250 3600034
0.065856933593750 3600068
0.068481445312500 3599965
0.067077636718750 3600000
0.067993164062500 3600000
0.066284179687500 3600034
0.066894531250000 3599965
0.000000000000000 3599965
0.067565917968750 3600000
0.065917968750000 3600034
0.066345214843750 3599897
0.065429687500000 3600102
0.069274902343750 3600000
0.068054199218750 3600000
0.065307617187500 3600034
0.066589355468750 3599965
0.064453125000000 3600000
0.058959960937500 3599965
0.065063476562500 3600034
0.066589355468750 3599897
0.067382812500000 3600102
0.067077636718750 3599965
0.067932128906250 3600034
0.000000000000000 3600000
0.064941406250000 3600000
0.066894531250000 3600000
0.065185546875000 3600000
0.068176269531250 3600000
0.065856933593750 3600000
0.067260742187500 3600000
0.066528320312500 3600000
0.065734863281250 3600000
0.059143066406250 3600000
0.067382812500000 3600034
0.067016601562500 3599965
0.066223144531250 3599931
0.066894531250000 3600102
0.067321777343750 3599965
0.059082031250000 3600000
0.068542480468750 3600000
0.000000000000000 3600000
0.066223144531250 3600000
0.059631347656250 3599965
0.066711425781250 3600000
0.066894531250000 3599965
0.064758300781250 3600068
0.067199707031250 3600000
0.067138671875000 3600000
0.068054199218750 3600000
0.067810058593750 3600000
0.065246582031250 3599965
0.067382812500000 3600034
0.066589355468750 3599965
0.059570312500000 3600034
0.065002441406250 3600000
0.066833496093750 3600000
0.000000000000000 3600000
0.068359375000000 3599931
0.070129394531250 3600068
0.069213867187500 3599965
0.065368652343750 3600034
0.066101074218750 3599965
0.066589355468750 3600034
0.066833496093750 3600034
0.067565917968750 3599931
0.065979003906250 3600068
0.070129394531250 3599965
0.066284179687500 3599931
0.000000000000000 3600068
0.067565917968750 3600000
0.066345214843750 3600000
0.066406250000000 3600000
0.070251464843750 3600000
0.066711425781250 3600000
0.069274902343750 3599965
0.065002441406250 3600034
0.068359375000000 3599965
0.065673828125000 3599965
0.066589355468750 3600068
0.068725585937500 3599965
0.065246582031250 3600000
0.000000000000000 3600034
0.067932128906250 3600000
0.065307617187500 3600000
0.068298339843750 3600000
0.065856933593750 3599965
0.068237304687500 3600034
0.068237304687500 3600000
0.067443847656250 3600000
0.068664550781250 3600000
0.068542480468750 3600000
0.068054199218750 3600000
0.066040039062500 3600000
0.000000000000000 3600000
0.065979003906250 3599965
0.069030761718750 3600034
0.067382812500000 3599931
0.066711425781250 3600068
0.065856933593750 3599965
0.069152832031250 3600034
0.065551757812500 3600000
0.059875488281250 3600034
0.066101074218750 3599965
0.067321777343750 3599931
0.067626953125000 3600068
0.066833496093750 3600000
0.066711425781250 3600000
0.064941406250000 3599931
0.000000000000000 3600034
0.067199707031250 3600068
0.065551757812500 3600000
0.067810058593750 3599965
0.067077636718750 3600000
0.065917968750000 3600000
0.065124511718750 3600000
0.067504882812500 3600000
0.067871093750000 3599965
0.068969726562500 3600068
0.067443847656250 3599965
0.066101074218750 3600000
0.067565917968750 3600000
0.000000000000000 3600000
0.066040039062500 3599965
0.068298339843750 3600000
0.067687988281250 3600068
0.068298339843750 3600000
0.068359375000000 3599931
0.067565917968750 3600034
0.065246582031250 3600000
0.070068359375000 3599965
0.067199707031250 3600034
0.059265136718750 3600000
0.065185546875000 3600000
0.065612792968750 3599965
0.069274902343750 3600068
0.000000000000000 3600000
0.065734863281250 3600000
0.066223144531250 3599965
0.066894531250000 3600000
0.067260742187500 3599931
0.068786621093750 3600068
0.067077636718750 3600000
0.067749023437500 3600034
0.066650390625000 3600000
0.067443847656250 3599965
0.067871093750000 3600000
0.066833496093750 3599965
0.000000000000000 3599931
0.068359375000000 3600068
0.066162109375000 3599931
0.068176269531250 3600102
0.068115234375000 3600000
0.068542480468750 3600000
0.065917968750000 3600000
0.068481445312500 3600000
0.066772460937500 3600000
0.069152832031250 3600000
0.069580078125000 3600000
0.000000000000000 3599965
0.067504882812500 3600034
0.067993164062500 3600000
0.065063476562500 3600000
0.066223144531250 3600000
0.066894531250000 3600000
0.068542480468750 3599965
0.066833496093750 3599965
0.066833496093750 3600068
0.066650390625000 3600000
0.066528320312500 3600000
0.060424804687500 3599965
0.064758300781250 3600034
0.065917968750000 3600034
0.066833496093750 3599965
0.000000000000000 3600000
0.069396972656250 3600034
0.066711425781250 3599931
0.067199707031250 3600034
0.066223144531250 3600000
0.065917968750000 3600000
0.068786621093750 3600000
0.067443847656250 3600000
0.065368652343750 3600000
0.067687988281250 3600000
0.068603515625000 3600000
0.067687988281250 3599931
0.065490722656250 3600068
0.000000000000000 3600000
0.067565917968750 3600034
0.064392089843750 3599965
0.068908691406250 3599965
0.066772460937500 3600034
0.066406250000000 3600000
0.067687988281250 3600000
0.067504882812500 3600034
0.067749023437500 3599965
0.065490722656250 3600000
0.067993164062500 3600000
0.059204101562500 3600000
0.067810058593750 3599931
0.066772460937500 3600068
0.065429687500000 3599965
0.000000000000000 3600034
0.068542480468750 3600000
0.066528320312500 3600034
0.068786621093750 3599965
0.067687988281250 3599965
0.065246582031250 3600034
0.066040039062500 3599965
0.068359375000000 3600034
0.066345214843750 3600000
0.066894531250000 3599965
0.067443847656250 3600034
0.069458007812500 3600034
0.000000000000000 3599965
0.065979003906250 3600000
0.067016601562500 3599965
0.066589355468750 3600034
0.069274902343750 3600000
0.068481445312500 3600000
0.068298339843750 3600000
0.067077636718750 3600000
0.065246582031250 3599965
0.068786621093750 3599931
0.065734863281250 3600102
0.066833496093750 3600000
0.065612792968750 3600000
0.000000000000000 3600000
0.067687988281250 3600000
0.070312500000000 3600000
0.065551757812500 3600000
0.065185546875000 3600000
0.065612792968750 3600000
0.067443847656250 3599931
0.066833496093750 3600068
0.067443847656250 3600000
0.067565917968750 3600000
0.067077636718750 3600000
0.068420410156250 3600000
0.067321777343750 3600000
0.000000000000000 3600000
0.068664550781250 3600000
0.066101074218750 3600000
0.069335937500000 3600000
0.068115234375000 3599965
0.066833496093750 3600034
0.067565917968750 3600000
0.067382812500000 3600000
0.066589355468750 3600000
0.064880371093750 3599965
0.067260742187500 3600034
0.066589355468750 3600000
0.000000000000000 3600000
0.066772460937500 3599965
0.068481445312500 3600000
0.065551757812500 3599931
0.066223144531250 3600102
0.067321777343750 3600034
0.066345214843750 3599965
0.067993164062500 3600000
0.065551757812500 3599965
0.067749023437500 3600034
0.067199707031250 3600000
0.067016601562500 3600000
0.065002441406250 3600000
0.066711425781250 3600000
0.000000000000000 3600000
0.069152832031250 3600000
0.064453125000000 3600000
0.066833496093750 3600000
0.066406250000000 3600000
0.068054199218750 3600000
0.069702148437500 3600000
0.068664550781250 3600000
0.068054199218750 3600000
0.066589355468750 3600000
0.067626953125000 3600000
0.066711425781250 3600000
0.000000000000000 3600000
0.067199707031250 3600000
0.065734863281250 3600000
0.067138671875000 3600000
0.069580078125000 3600000
0.065673828125000 3599965
0.066833496093750 3600034
0.067321777343750 3600000
0.068115234375000 3599897
0.065551757812500 3600102
0.066223144531250 3600000
0.067993164062500 3600000
0.065063476562500 3600034
0.000000000000000 3599965
0.067382812500000 3600000
0.065673828125000 3599965
0.067260742187500 3600034
0.066162109375000 3600000
0.069885253906250 3600000
0.068664550781250 3600000
0.066040039062500 3600000
0.067810058593750 3600034
0.066040039062500 3600000
0.059204101562500 3599965
0.067687988281250 3600034
0.068298339843750 3599965
0.066040039062500 3600000
0.000000000000000 3600034
0.069702148437500 3599931
0.067504882812500 3600034
0.065917968750000 3600000
0.067321777343750 3600000
0.066345214843750 3600000
0.060119628906250 3600000
0.068237304687500 3600000
0.068176269531250 3600000
0.069152832031250 3599965
0.067016601562500 3600034
0.067565917968750 3600000
0.066589355468750 3600000
0.000000000000000 3600000
0.067382812500000 3599965
0.067077636718750 3600034
0.069335937500000 3600000
0.067382812500000 3600000
0.066528320312500 3600000
0.066894531250000 3600000
0.065734863281250 3600000
0.066223144531250 3599965
0.065002441406250 3600000
0.067016601562500 3600034
0.067077636718750 3600034
0.066101074218750 3599965
0.066467285156250 3600000
0.000000000000000 3600000
0.065429687500000 3600000
0.066772460937500 3600000
0.066406250000000 3600000
0.066223144531250 3600034
0.068481445312500 3599931
0.067016601562500 3600034
0.066589355468750 3600000
0.066589355468750 3600000
0.067565917968750 3600000
0.066223144531250 3600000
0.066589355468750 3600000
0.069396972656250 3600000
0.000000000000000 3600000
0.067260742187500 3600000
0.065307617187500 3600034
0.067443847656250 3599965
0.067077636718750 3600000
0.058959960937500 3600000
0.067871093750000 3600000
0.065612792968750 3600000
0.065979003906250 3600000
0.068176269531250 3600000
0.066833496093750 3600034
0.067077636718750 3599965
0.065063476562500 3600000
0.065979003906250 3599965
0.067810058593750 3600034
0.066406250000000 3600000
0.000000000000000 3600000
0.070617675781250 3599965
0.067260742187500 3600000
0.067626953125000 3600000
0.066162109375000 3600068
0.066467285156250 3599965
0.064819335937500 3599965
0.069030761718750 3600034
0.069274902343750 3600000
0.065734863281250 3600000
0.069519042968750 3600000
0.064941406250000 3600000
0.059326171875000 3600000
0.064758300781250 3599965
0.000000000000000 3600034
0.067810058593750 3600000
0.065368652343750 3600000
0.067565917968750 3600000
0.059204101562500 3600000
0.065490722656250 3600000
0.065612792968750 3600000
0.067749023437500 3600034
0.065124511718750 3600000
0.066284179687500 3599965
0.069274902343750 3599965
0.065246582031250 3600034
0.066345214843750 3600000
0.067382812500000 3600000
0.065490722656250 3600034
0.000000000000000 3599965
0.067321777343750 3600000
0.066467285156250 3600034
0.067199707031250 3599965
0.058959960937500 3600000
0.067993164062500 3600000
0.068725585937500 3599965
0.065612792968750 3600034
0.059692382812500 3600000
0.065307617187500 3599965
0.066528320312500 3600034
0.065917968750000 3600000
0.067565917968750 3599965
0.068786621093750 3600034
0.069824218750000 3600000
0.066223144531250 3600000
0.000000000000000 3599965
0.067810058593750 3600034
0.067687988281250 3600000
0.066650390625000 3600000
0.067504882812500 3600034
0.064086914062500 3599965
0.068542480468750 3600034
0.068298339843750 3599965
0.065856933593750 3599965
0.067687988281250 3600034
0.065734863281250 3600000
0.069702148437500 3600000
0.065917968750000 3600000
0.000000000000000 3599931
0.068359375000000 3600034
0.066223144531250 3600034
0.065368652343750 3600000
0.067932128906250 3600000
0.066589355468750 3600000
0.066589355468750 3600000
0.064270019531250 3600000
0.068786621093750 3600000
0.067871093750000 3600000
0.064514160156250 3600000
0.067993164062500 3599965
0.064819335937500 3600034
0.068176269531250 3599965
0.000000000000000 3600034
0.066223144531250 3600000
0.067749023437500 3600000
0.066894531250000 3600000
0.068603515625000 3600000
0.067382812500000 3600000
0.065246582031250 3600000
0.067199707031250 3600000
0.065551757812500 3600034
0.058959960937500 3600000
0.065429687500000 3599965
0.070129394531250 3599965
0.066711425781250 3600034
0.065002441406250 3600000
0.000000000000000 3599931
0.068542480468750 3600034
0.067993164062500 3600034
0.068481445312500 3599931
0.065979003906250 3600068
0.068481445312500 3600000
0.066894531250000 3599965
0.065917968750000 3600034
0.066650390625000 3600000
0.066406250000000 3600000
0.059082031250000 3600000
0.066650390625000 3600000
0.068969726562500 3600000
0.067260742187500 3599965
0.065856933593750 3600034
0.000000000000000 3702977
0.071899414062500 3799963
0.072265625000000 3754188
0.072021484375000 3699964
0.069824218750000 3700035
0.074035644531250 3699964
0.073425292968750 3700000
0.071411132812500 3700035
0.072509765625000 3699964
0.072204589843750 3700000
0.072937011718750 3700000
0.069519042968750 3700035
0.070739746093750 3699964
0.000000000000000 3700035
0.071594238281250 3700000
0.071533203125000 3699964
0.072265625000000 3700035
0.070678710937500 3700000
0.066223144531250 3699964
0.073974609375000 3699964
0.069152832031250 3700070
0.071777343750000 3699964
0.072143554687500 3700000
0.071838378906250 3700000
0.063354492187500 3700035
0.064758300781250 3699964
0.074523925781250 3700035
0.070983886718750 3699894
0.071655273437500 3700105
0.068847656250000 3700000
0.000000000000000 3700000
0.071716308593750 3699964
0.071289062500000 3700035
0.070129394531250 3699964
0.069335937500000 3700035
0.063049316406250 3700000
0.067687988281250 3700000
0.071838378906250 3699964
0.071472167968750 3700000
0.068298339843750 3699929
0.077636718750000 3700035
0.075134277343750 3700070
0.072570800781250 3699964
0.064514160156250 3700000
0.074523925781250 3700000
0.073913574218750 3700000
0.000000000000000 3700035
0.072570800781250 3700000
0.067871093750000 3700000
0.072875976562500 3699964
0.072875976562500 3700000
0.069946289062500 3699929
0.073486328125000 3700070
0.074523925781250 3700000
0.063415527343750 3700000
0.069885253906250 3700035
0.071166992187500 3699929
0.070861816406250 3700070
0.073730468750000 3700000
0.072265625000000 3699964
0.068969726562500 3700000
0.071716308593750 3700035
0.000000000000000 3699859
0.071411132812500 3700140
0.072021484375000 3699964
0.069946289062500 3700000
0.075134277343750 3700035
0.072204589843750 3699964
0.071472167968750 3700035
0.072570800781250 3700000
0.070312500000000 3700000
0.071899414062500 3700000
0.072692871093750 3700000
0.071838378906250 3699964
0.072692871093750 3700035
0.000000000000000 3700000
0.069946289062500 3700000
0.072021484375000 3700000
0.073303222656250 3699964
0.071655273437500 3700000
0.070861816406250 3700000
0.070617675781250 3699964
0.075439453125000 3700035
0.070678710937500 3700000
0.071655273437500 3699964
0.069885253906250 3700035
0.072631835937500 3700035
0.071960449218750 3700000
0.000000000000000 3699964
0.072753906250000 3700035
0.072143554687500 3699964
0.071289062500000 3700000
0.074584960937500 3700035
0.071228027343750 3700000
0.071777343750000 3699929
0.071289062500000 3700070
0.073364257812500 3699964
0.075012207031250 3700035
0.072021484375000 3699964
0.063293457031250 3700035
0.071411132812500 3699894
0.062927246093750 3700070
0.070373535156250 3700000
0.000000000000000 3700000
0.078552246093750 3699964
0.064880371093750 3700070
0.067749023437500 3699964
0.067321777343750 3700000
0.074279785156250 3700000
0.073852539062500 3699964
0.069824218750000 3700035
0.072143554687500 3700035
0.070373535156250 3700000
0.073669433593750 3699964
0.069335937500000 3699964
0.072143554687500 3700070
0.073120117187500 3699964
0.070800781250000 3700000
0.000000000000000 3700035
0.074707031250000 3700000
0.068847656250000 3699964
0.071533203125000 3700035
0.074035644531250 3699894
0.072265625000000 3700070
0.074035644531250 3700000
0.071166992187500 3700035
0.063659667968750 3700000
0.071777343750000 3699929
0.074523925781250 3700070
0.071594238281250 3699964
0.069885253906250 3700035
0.074523925781250 3699929
0.070983886718750 3700035
0.000000000000000 3700000
0.071716308593750 3700035
0.071594238281250 3699964
0.074401855468750 3700035
0.070068359375000 3699964
0.072082519531250 3700000
0.073059082031250 3700000
0.072326660156250 3700035
0.073242187500000 3700000
0.069152832031250 3699964
0.070800781250000 3700000
0.070312500000000 3700000
0.074035644531250 3700000
0.000000000000000 3700000
0.071899414062500 3700035
0.071289062500000 3699929
0.071289062500000 3700070
0.070434570312500 3700000
0.063903808593750 3699964
0.070922851562500 3700035
0.072204589843750 3700000
0.069580078125000 3700000
0.075134277343750 3699964
0.072570800781250 3700000
0.071105957031250 3700000
0.073730468750000 3700035
0.069702148437500 3699964
0.073852539062500 3700035
0.000000000000000 3700000
0.069458007812500 3699929
0.074401855468750 3700035
0.073059082031250 3700000
0.070800781250000 3700000
0.070861816406250 3700000
0.070617675781250 3700035
0.072143554687500 3700000
0.069458007812500 3699964
0.063476562500000 3699929
0.070373535156250 3700070
0.073120117187500 3700000
0.073669433593750 3700035
0.070556640625000 3700000
0.063598632812500 3700000
0.070434570312500 3699964
0.075073242187500 3700035
0.000000000000000 3699964
0.070495605468750 3700000
0.063354492187500 3700035
0.071044921875000 3700000
0.070983886718750 3700000
0.072814941406250 3700000
0.072265625000000 3699964
0.063232421875000 3700000
0.070556640625000 3700035
0.070434570312500 3700000
0.070861816406250 3699964
0.072631835937500 3700035
0.070068359375000 3700000
0.072082519531250 3699964
0.073913574218750 3700035
0.071594238281250 3699964
0.073181152343750 3700035
0.000000000000000 3700000
0.070556640625000 3699964
0.071472167968750 3700035
0.069885253906250 3700000
0.072753906250000 3700000
0.072753906250000 3699964
0.071777343750000 3700000
0.073303222656250 3700035
0.071655273437500 3699964
0.072937011718750 3700000
0.069335937500000 3700000
0.073486328125000 3700035
0.073364257812500 3699964
0.069091796875000 3700000
0.000000000000000 3700000
0.071044921875000 3700000
0.072387695312500 3700000
0.072326660156250 3700000
0.069946289062500 3699964
0.072692871093750 3700035
0.073913574218750 3699964
0.069152832031250 3700070
0.071899414062500 3699964
0.069824218750000 3700035
0.075073242187500 3699964
0.069091796875000 3700000
0.071594238281250 3700035
0.070800781250000 3699964
0.000000000000000 3700000
0.074829101562500 3700000
0.071655273437500 3699964
0.068786621093750 3700070
0.070800781250000 3699964
0.072998046875000 3700000
0.074035644531250 3700035
0.069702148437500 3700000
0.073486328125000 3699964
0.072937011718750 3700035
0.071533203125000 3699964
0.071472167968750 3699964
0.071166992187500 3700070
0.000000000000000 3700000
0.072448730468750 3700000
0.069396972656250 3699964
0.074951171875000 3700000
0.070922851562500 3700000
0.072143554687500 3699929
0.073303222656250 3700070
0.063598632812500 3700000
0.071960449218750 3700035
0.069396972656250 3699964
0.074951171875000 3700035
0.074096679687500 3700000
0.071472167968750 3700000
0.073852539062500 3699929
0.000000000000000 3700035
0.070373535156250 3700000
0.072509765625000 3700000
0.072692871093750 3700035
0.072448730468750 3700000
0.074340820312500 3699964
0.070129394531250 3700000
0.072021484375000 3700035
0.072265625000000 3700000
0.072631835937500 3699964
0.071228027343750 3700000
0.072082519531250 3700000
0.075134277343750 3700000
0.000000000000000 3699929
0.069396972656250 3700105
0.071289062500000 3699964
0.072937011718750 3700035
0.072021484375000 3700000
0.072631835937500 3700000
0.073059082031250 3700000
0.071411132812500 3699894
0.073852539062500 3700105
0.063659667968750 3700000
0.071411132812500 3699964
0.071716308593750 3700035
0.069458007812500 3699964
0.072509765625000 3700000
0.071289062500000 3700000
0.000000000000000 3700000
0.071289062500000 3700000
0.073791503906250 3700000
0.070617675781250 3700000
0.073303222656250 3699964
0.070434570312500 3700070
0.072143554687500 3699964
0.071228027343750 3700035
0.071899414062500 3700000
0.073608398437500 3699964
0.069702148437500 3700035
0.075195312500000 3699964
0.071594238281250 3700000
0.072753906250000 3700000
0.000000000000000 3700000
0.069824218750000 3700035
0.072326660156250 3700000
0.070068359375000 3700000
0.063903808593750 3699894
0.074096679687500 3700105
0.072753906250000 3700000
0.072326660156250 3699964
0.072387695312500 3699929
0.072998046875000 3700070
0.071228027343750 3700000
0.072448730468750 3700000
0.072937011718750 3700000
0.069702148437500 3700035
0.064636230468750 3700000
0.071655273437500 3700000
0.000000000000000 3700000
0.071411132812500 3700000
0.071716308593750 3699964
0.073730468750000 3700035
0.073120117187500 3700000
0.070251464843750 3699964
0.063598632812500 3700035
0.069580078125000 3700000
0.073120117187500 3700000
0.071289062500000 3700000
0.072814941406250 3699964
0.069946289062500 3700000
0.072326660156250 3700000
0.076049804687500 3700000
0.000000000000000 3700035
0.071594238281250 3700000
0.072265625000000 3700000
0.072143554687500 3700000
0.063842773437500 3700000
0.072937011718750 3699964
0.071655273437500 3700035
0.069885253906250 3699929
0.072753906250000 3700035
0.074279785156250 3700000
0.070800781250000 3700000
0.073791503906250 3700035
0.069946289062500 3700000
0.074401855468750 3699964
0.069580078125000 3699964
0.000000000000000 3700070
0.072753906250000 3699894
0.074035644531250 3700070
0.071228027343750 3700035
0.075439453125000 3700000
0.070251464843750 3700000
0.073242187500000 3700000
0.070434570312500 3700000
0.076049804687500 3699964
0.071655273437500 3700035
0.071899414062500 3699964
0.072143554687500 3700035
0.071411132812500 3700000
0.000000000000000 3699964
0.072570800781250 3700035
0.072448730468750 3700000
0.072570800781250 3700000
0.070861816406250 3699964
0.072326660156250 3700000
0.074462890625000 3700035
0.070922851562500 3699929
0.072387695312500 3700035
0.069946289062500 3699964
0.075195312500000 3700070
0.072265625000000 3700000
0.071044921875000 3699964
0.000000000000000 3700035
0.070312500000000 3700000
0.070983886718750 3699964
0.073547363281250 3700035
0.071655273437500 3699929
0.073120117187500 3700070
0.072692871093750 3699964
0.072265625000000 3700035
0.072021484375000 3699964
0.069641113281250 3700000
0.072998046875000 3700000
0.071594238281250 3700035
0.071105957031250 3700000
0.000000000000000 3700000
0.074645996093750 3699964
0.071350097656250 3700035
0.073120117187500 3699964
0.072082519531250 3700000
0.072204589843750 3699929
0.071594238281250 3700105
0.071899414062500 3700000
0.073486328125000 3699964
0.072692871093750 3700035
0.071838378906250 3699964
0.070678710937500 3700000
0.070861816406250 3700000
0.073181152343750 3700035
0.000000000000000 3700000
0.073730468750000 3700000
0.075378417968750 3700000
0.070251464843750 3699929
0.075073242187500 3700035
0.071655273437500 3700000
0.070007324218750 3700000
0.070373535156250 3700035
0.074279785156250 3699964
0.073364257812500 3699964
0.071044921875000 3700035
0.071350097656250 3700000
0.000000000000000 3700000
0.072387695312500 3700000
0.073059082031250 3700000
0.071838378906250 3700035
0.071960449218750 3700000
0.075561523437500 3699964
0.071716308593750 3700035
0.071411132812500 3700000
0.071533203125000 3699964
0.072265625000000 3700000
0.073364257812500 3700035
0.073852539062500 3700000
0.072143554687500 3700000
0.000000000000000 3699964
0.072265625000000 3699929
0.072998046875000 3700070
0.070983886718750 3700035
0.075012207031250 3654306
0.066650390625000 3599965
0.066650390625000 3600000
0.068664550781250 3600034
0.068847656250000 3600034
0.067932128906250 3600000
0.065734863281250 3599931
0.066711425781250 3600034
0.000000000000000 3600000
0.068664550781250 3600000
0.069152832031250 3600000
0.066650390625000 3600034
0.066040039062500 3599965
0.068237304687500 3599965
0.066833496093750 3600034
0.067871093750000 3599965
0.066284179687500 3600000
0.066833496093750 3600068
0.069091796875000 3599965
0.068054199218750 3600000
0.000000000000000 3600000
0.067565917968750 3600000
0.065551757812500 3600000
0.069274902343750 3600000
0.066833496093750 3600000
0.067687988281250 3600000
0.066467285156250 3600000
0.065551757812500 3600000
0.067749023437500 3600034
0.067382812500000 3599965
0.067993164062500 3600000
0.066650390625000 3600000
0.000000000000000 3600000
0.069335937500000 3600000
0.067932128906250 3599931
0.065979003906250 3600068
0.067626953125000 3600000
0.065429687500000 3600000
0.066406250000000 3600034
0.068054199218750 3600000
0.066711425781250 3599931
0.067016601562500 3600034
0.066772460937500 3600000
0.067810058593750 3600000
0.068054199218750 3600034
0.000000000000000 3599965
0.067810058593750 3600000
0.068359375000000 3600034
0.070739746093750 3599897
0.067565917968750 3600102
0.066589355468750 3600000
0.059143066406250 3599965
0.065185546875000 3600000
0.058898925781250 3599965
0.066833496093750 3599965
0.067077636718750 3600068
0.065612792968750 3600000
0.069030761718750 3600000
0.068298339843750 3600000
0.065979003906250 3599965
0.000000000000000 3600034
0.067016601562500 3600000
0.066528320312500 3600000
0.201965332031250 3600000
0.068481445312500 3599931
0.067199707031250 3600068
0.000000000000000 3599965
0.069580078125000 3600034
0.066162109375000 3600000
0.068054199218750 3600000
0.068664550781250 3600000
0.066955566406250 3600000
0.068359375000000 3600034
0.066833496093750 3599965
0.067138671875000 3600000
0.064941406250000 3600000
0.067871093750000 3600000
0.066833496093750 3599897
0.000000000000000 3600068
0.066040039062500 3600034
0.068725585937500 3600000
0.067077636718750 3600000
0.067199707031250 3600000
0.065246582031250 3599965
0.067016601562500 3599965
0.066101074218750 3600068
0.059692382812500 3600000
0.066833496093750 3600000
0.068969726562500 3600000
0.068054199218750 3599965
0.067504882812500 3600034
0.066894531250000 3600034
0.066040039062500 3599965
0.000000000000000 3600000
0.068969726562500 3600000
0.066894531250000 3600000
0.067810058593750 3600000
0.068176269531250 3600000
0.064819335937500 3600000
0.067321777343750 3600000
0.068054199218750 3600000
0.067749023437500 3600034
0.066467285156250 3599965
0.065551757812500 3599965
0.059143066406250 3600034
0.067993164062500 3599965
0.000000000000000 3600000
0.069458007812500 3600034
0.067321777343750 3600000
0.066345214843750 3599965
0.068054199218750 3600000
0.066833496093750 3600034
0.067443847656250 3600000
0.065063476562500 3600000
0.068603515625000 3599965
0.066955566406250 3600034
0.066528320312500 3600000
0.068725585937500 3599965
0.065490722656250 3600034
0.000000000000000 3600000
0.069152832031250 3599931
0.065368652343750 3600068
0.068054199218750 3599965
0.067077636718750 3600068
0.066467285156250 3599965
0.068420410156250 3600000
0.066040039062500 3599931
0.068481445312500 3600068
0.065307617187500 3600000
0.067810058593750 3600000
0.066162109375000 3600000
0.067687988281250 3599965
0.000000000000000 3600034
0.066711425781250 3599965
0.065551757812500 3600034
0.067626953125000 3600000
0.065551757812500 3600000
0.066162109375000 3600000
0.065063476562500 3600000
0.067810058593750 3602240
0.074035644531250 3799963
0.069152832031250 3800000
0.078491210937500 3800000
0.077026367187500 3800036
0.068481445312500 3800000
0.078186035156250 3800000
0.077148437500000 3800000
0.078491210937500 3800000
0.000000000000000 3800000
0.078979492187500 3800000
0.079345703125000 3800000
0.078125000000000 3800000
0.079284667968750 3800000
0.076354980468750 3799927
0.078735351562500 3800072
0.075622558593750 3800000
0.078247070312500 3800000
0.078430175781250 3800000
0.078308105468750 3800000
0.077636718750000 3800000
0.000000000000000 3800000
0.075378417968750 3800000
0.078247070312500 3800000
0.076782226562500 3800000
0.077087402343750 3799891
0.079833984375000 3800108
0.080017089843750 3800000
0.077697753906250 3800000
0.076782226562500 3799963
0.078186035156250 3800000
0.076538085937500 3800036
0.081054687500000 3800000
0.076538085937500 3800000
0.000000000000000 3799963
0.077209472656250 3800072
0.078491210937500 3799963
0.075744628906250 3800000
0.076293945312500 3800000
0.078247070312500 3799963
0.077880859375000 3800036
0.080078125000000 3799963
0.076232910156250 3800036
0.076843261718750 3800000
0.078613281250000 3800000
0.076660156250000 3800000
0.075012207031250 3800000
0.000000000000000 3800000
0.074829101562500 3799963
0.073852539062500 3800036
0.065307617187500 3800000
0.075256347656250 3799963
0.073852539062500 3800000
0.072692871093750 3800036
0.071960449218750 3800000
0.073791503906250 3800000
0.071289062500000 3800000
0.075439453125000 3800000
0.075073242187500 3800000
0.071533203125000 3800000
0.072692871093750 3800000
0.000000000000000 3799927
0.073730468750000 3800036
0.076538085937500 3800000
0.072998046875000 3800036
0.072937011718750 3799963
0.073120117187500 3800000
0.072448730468750 3800036
0.073791503906250 3800000
0.073547363281250 3799963
0.074218750000000 3800036
0.071228027343750 3800000
0.075805664062500 3800000
0.000000000000000 3800000
0.073913574218750 3799963
0.072326660156250 3800036
0.072448730468750 3800000
0.070251464843750 3800000
0.064575195312500 3800000
0.071472167968750 3800000
0.073730468750000 3800000
0.072326660156250 3799891
0.073242187500000 3800108
0.075195312500000 3800000
0.070983886718750 3800000
0.072387695312500 3800000
0.073303222656250 3800000
0.074218750000000 3800000
0.071472167968750 3799927
0.000000000000000 3800072
0.071899414062500 3800000
0.074951171875000 3800000
0.072448730468750 3800000
0.074279785156250 3800000
0.070861816406250 3800000
0.071899414062500 3800000
0.071838378906250 3800000
0.065185546875000 3799963
0.075134277343750 3800036
0.070983886718750 3800000
0.074707031250000 3800000
0.072631835937500 3799927
0.065673828125000 3800108
0.072814941406250 3799963
0.072509765625000 3800000
0.000000000000000 3800000
0.072082519531250 3799963
0.073608398437500 3800036
0.074951171875000 3800000
0.071960449218750 3800000
0.073608398437500 3800000
0.071838378906250 3800000
0.074768066406250 3800000
0.072143554687500 3800000
0.073913574218750 3800000
0.071838378906250 3800000
0.073181152343750 3799963
0.065551757812500 3800036
0.070983886718750 3800000
0.072814941406250 3799927
0.000000000000000 3800108
0.073120117187500 3799963
0.073486328125000 3800000
0.075988769531250 3800000
0.074340820312500 3800000
0.074218750000000 3800000
0.071044921875000 3799963
0.073486328125000 3800000
0.073181152343750 3800036
0.074584960937500 3800000
0.075378417968750 3800000
0.000000000000000 3800000
0.075805664062500 3800000
0.073608398437500 3800000
0.073120117187500 3800000
0.073242187500000 3799963
0.071105957031250 3800036
0.075195312500000 3800000
0.072509765625000 3800000
0.075439453125000 3800000
0.073059082031250 3800000
0.073974609375000 3799963
0.074096679687500 3800036
0.071350097656250 3800000
0.000000000000000 3800000
0.073120117187500 3799963
0.074707031250000 3800036
0.072998046875000 3800000
0.074645996093750 3800036
0.072387695312500 3799963
0.074340820312500 3800000
0.072753906250000 3800036
0.073791503906250 3799963
0.073120117187500 3800000
0.072204589843750 3800000
0.073852539062500 3800000
0.000000000000000 3799963
0.073059082031250 3800036
0.072326660156250 3800000
0.072631835937500 3800000
0.074340820312500 3749166
0.073730468750000 3800036
0.072265625000000 3800000
0.074462890625000 3800000
0.075012207031250 3800000
0.073730468750000 3800000
0.074829101562500 3799963
0.074218750000000 3800000
0.000000000000000 3800036
0.072265625000000 3800000
0.070739746093750 3799963
0.064453125000000 3799963
0.072204589843750 3800072
0.074218750000000 3800000
0.070678710937500 3800000
0.073120117187500 3800000
0.075988769531250 3800000
0.072509765625000 3800000
0.071594238281250 3799963
0.070373535156250 3800036
0.076171875000000 3800000
0.072204589843750 3800000
0.072509765625000 3800000
0.072204589843750 3800000
0.000000000000000 3800000
0.073364257812500 3800000
0.064819335937500 3800000
0.070983886718750 3800000
0.072937011718750 3800000
0.071655273437500 3800000
0.074035644531250 3800000
0.070556640625000 3800000
0.075073242187500 3799963
0.073059082031250 3799963
0.072021484375000 3800072
0.074584960937500 3800000
0.070983886718750 3800000
0.072265625000000 3800000
0.072204589843750 3800000
0.000000000000000 3800000
0.075561523437500 3800000
0.073852539062500 3799927
0.073608398437500 3800072
0.075439453125000 3800000
0.072204589843750 3800036
0.073669433593750 3799963
0.072448730468750 3800000
0.073608398437500 3799963
0.073913574218750 3800036
0.072570800781250 3799963
0.072631835937500 3800036
0.000000000000000 3799963
0.073913574218750 3800000
0.075561523437500 3800036
0.070434570312500 3800000
0.064636230468750 3800000
0.071838378906250 3800000
0.075866699218750 3800000
0.072814941406250 3799963
0.072875976562500 3800036
0.072387695312500 3800000
0.071777343750000 3800000
0.071472167968750 3800000
0.070983886718750 3800000
0.064453125000000 3800000
0.072631835937500 3799963
0.073242187500000 3800000
0.075683593750000 3800036
0.000000000000000 3800000
0.073486328125000 3800000
0.073303222656250 3800036
0.072082519531250 3799963
0.064697265625000 3800000
0.072326660156250 3799927
0.076721191406250 3800108
0.071533203125000 3799963
0.072265625000000 3800000
0.073425292968750 3800000
0.070495605468750 3800000
0.065979003906250 3800000
0.072204589843750 3800000
0.073059082031250 3800000
0.070251464843750 3799963
0.075927734375000 3799927
0.000000000000000 3800072
0.074096679687500 3800036
0.072204589843750 3800000
0.073974609375000 3800000
0.071838378906250 3800000
0.074707031250000 3800036
0.072021484375000 3799963
0.074401855468750 3800000
0.072204589843750 3799927
0.074035644531250 3800072
0.073852539062500 3800000
0.071472167968750 3800000
0.074829101562500 3800000
0.000000000000000 3800000
0.070251464843750 3800000
0.074768066406250 3799963
0.073364257812500 3800036
0.070007324218750 3800000
0.074096679687500 3800000
0.074768066406250 3800000
0.073242187500000 3799963
0.072326660156250 3800036
0.075866699218750 3800000
0.075317382812500 3800000
0.071716308593750 3800000
0.000000000000000 3799963
0.075317382812500 3799927
0.073913574218750 3800108
0.072998046875000 3800000
0.072570800781250 3800000
0.072875976562500 3800000
0.074096679687500 3800000
0.070922851562500 3800000
0.072937011718750 3800000
0.076538085937500 3800000
0.072875976562500 3800036
0.076232910156250 3799963
0.000000000000000 3800036
0.072692871093750 3799963
0.072570800781250 3800000
0.072265625000000 3800000
0.064697265625000 3800000
0.074096679687500 3800000
0.072814941406250 3800000
0.074401855468750 3800000
0.074096679687500 3800000
0.072326660156250 3800000
0.071411132812500 3799963
0.073486328125000 3799963
0.071411132812500 3800072
0.065551757812500 3800036
0.070678710937500 3799927
0.072937011718750 3800036
0.073059082031250 3800000
0.000000000000000 3800000
0.073547363281250 3800000
0.075317382812500 3800000
0.070678710937500 3800000
0.073425292968750 3800000
0.070434570312500 3800000
0.064697265625000 3800000
0.071228027343750 3800000
0.073974609375000 3800000
0.075622558593750 3799963
0.070861816406250 3800000
0.074829101562500 3800036
0.071472167968750 3800000
0.075866699218750 3800000
0.073852539062500 3800000
0.000000000000000 3800000
0.074401855468750 3799963
0.076721191406250 3800036
0.072814941406250 3800000
0.074340820312500 3799963
0.071289062500000 3800036
0.072387695312500 3799963
0.072814941406250 3800000
0.073181152343750 3800036
0.077026367187500 3800000
0.073059082031250 3800000
0.000000000000000 3800000
0.073791503906250 3799963
0.072570800781250 3800036
0.075561523437500 3800000
0.073608398437500 3799963
0.074951171875000 3800036
0.074768066406250 3800000
0.072509765625000 3800000
0.074401855468750 3800000
0.072875976562500 3800000
0.073486328125000 3800000
0.072692871093750 3800000
0.065795898437500 3800000
0.000000000000000 3799927
0.073242187500000 3800072
0.070556640625000 3800000
0.072082519531250 3800000
0.072326660156250 3800000
0.073425292968750 3800000
0.072814941406250 3800000
0.074340820312500 3800000
0.075439453125000 3800000
0.073059082031250 3800000
0.074890136718750 3800000
0.071777343750000 3799963
0.072814941406250 3800036
0.072570800781250 3800000
0.000000000000000 3800036
0.072692871093750 3799963
0.074584960937500 3800000
0.071350097656250 3800000
0.073486328125000 3800000
0.073364257812500 3800000
0.072326660156250 3800000
0.074707031250000 3800000
0.073730468750000 3800000
0.074829101562500 3800000
0.071105957031250 3800000
0.076049804687500 3800000
0.000000000000000 3800000
0.072326660156250 3800000
0.072570800781250 3725803
0.072937011718750 3700000
0.073181152343750 3700035
0.073364257812500 3699929
0.070251464843750 3700070
0.073486328125000 3699964
0.070373535156250 3700000
0.072692871093750 3700000
0.072326660156250 3700000
0.071105957031250 3700035
0.073547363281250 3700000
0.000000000000000 3699964
0.069458007812500 3699964
0.072692871093750 3700070
0.070556640625000 3700000
0.072692871093750 3700000
0.071533203125000 3699964
0.072692871093750 3700000
0.072631835937500 3700000
0.071960449218750 3700000
0.072937011718750 3700035
0.069396972656250 3699964
0.074707031250000 3700000
0.000000000000000 3700000
0.071411132812500 3700035
0.073608398437500 3699964
0.074218750000000 3700035
0.070800781250000 3700000
0.072082519531250 3700000
0.069580078125000 3700000
0.063232421875000 3699964
0.070434570312500 3700000
0.069885253906250 3700000
0.072021484375000 3700035
0.073791503906250 3700000
0.070617675781250 3699964
0.072692871093750 3700035
0.071899414062500 3699964
0.000000000000000 3700000
0.069519042968750 3699964
0.074096679687500 3700070
0.070068359375000 3699964
0.072448730468750 3700000
0.072814941406250 3700000
0.063415527343750 3700035
0.066040039062500 3699964
0.066162109375000 3700000
0.071838378906250 3700000
0.072082519531250 3700000
0.065124511718750 3700035
0.077514648437500 3699964
0.075500488281250 3700035
0.075500488281250 3699964
0.068725585937500 3700035
0.000000000000000 3700000
0.068969726562500 3699964
0.068725585937500 3700035
0.064270019531250 3699964
0.068603515625000 3700035
0.069274902343750 3700000
0.069641113281250 3699964
0.064086914062500 3700000
0.068908691406250 3700000
0.074707031250000 3700035
0.069946289062500 3699964
0.068176269531250 3699894
0.074584960937500 3700105
0.075683593750000 3700000
0.075805664062500 3700000
0.064697265625000 3700035
0.070678710937500 3699964
0.072021484375000 3700035
0.072021484375000 3699964
0.000000000000000 3700035
0.074462890625000 3699929
0.072448730468750 3700070
0.071899414062500 3700000
0.068725585937500 3699964
0.062866210937500 3700035
0.072204589843750 3699964
0.070373535156250 3700035
0.072143554687500 3700000
0.070800781250000 3699929
0.070495605468750 3700035
0.070983886718750 3700000
0.071472167968750 3700035
0.070190429687500 3700000
0.071655273437500 3699964
0.000000000000000 3700000
0.072570800781250 3700000
0.071105957031250 3700035
0.072448730468750 3700000
0.070617675781250 3700000
0.071228027343750 3699964
0.072692871093750 3700035
0.071777343750000 3699929
0.070434570312500 3700035
0.071655273437500 3700035
0.072509765625000 3699964
0.069946289062500 3699929
0.070983886718750 3700070
0.000000000000000 3700000
0.071350097656250 3700035
0.071655273437500 3700000
0.072875976562500 3700000
0.071777343750000 3700000
0.071716308593750 3699964
0.072021484375000 3700035
0.073669433593750 3699964
0.070251464843750 3700035
0.071777343750000 3699964
0.072814941406250 3700000
0.070190429687500 3700035
0.072814941406250 3699964
0.000000000000000 3700000
0.069519042968750 3700000
0.072143554687500 3699964
0.069580078125000 3700035
0.063354492187500 3700000
0.070495605468750 3700000
0.072143554687500 3700035
0.071289062500000 3700000
0.071960449218750 3700000
0.063476562500000 3700000
0.069702148437500 3700000
0.072143554687500 3700000
0.071411132812500 3700000
0.074279785156250 3700000
0.079711914062500 3700000
0.063842773437500 3699964
0.066711425781250 3700000
0.064636230468750 3700000
0.066284179687500 3700000
0.070495605468750 3700000
0.000000000000000 3700035
0.071655273437500 3699964
0.069030761718750 3699964
0.072937011718750 3700070
0.073486328125000 3700000
0.070861816406250 3699964
0.071228027343750 3700000
0.072082519531250 3700000
0.073791503906250 3699964
0.069885253906250 3700070
0.071716308593750 3699964
0.072021484375000 3700000
0.072143554687500 3700000
0.000000000000000 3700000
0.071716308593750 3700035
0.070129394531250 3699964
0.072998046875000 3700000
0.071350097656250 3700035
0.063537597656250 3699964
0.070495605468750 3700035
0.071105957031250 3700000
0.072631835937500 3699964
0.072570800781250 3700000
0.071777343750000 3700035
0.070983886718750 3699894
0.072326660156250 3700070
0.069946289062500 3700000
0.073425292968750 3700035
0.000000000000000 3699964
0.072692871093750 3699964
0.070922851562500 3700000
0.071166992187500 3700070
0.071228027343750 3699964
0.073303222656250 3700035
0.071166992187500 3699964
0.073242187500000 3699929
0.072082519531250 3700070
0.072265625000000 3700035
0.072448730468750 3699964
0.070190429687500 3700000
0.000000000000000 3700000
0.072998046875000 3700000
0.070800781250000 3700000
0.074157714843750 3700000
0.072387695312500 3700000
0.071289062500000 3700000
0.072143554687500 3700000
0.072570800781250 3700035
0.071594238281250 3699929
0.071289062500000 3700070
0.063293457031250 3699964
0.074645996093750 3700035
0.069885253906250 3699929
0.072021484375000 3700035
0.000000000000000 3700035
0.070861816406250 3699964
0.073059082031250 3700035
0.070983886718750 3700000
0.071472167968750 3700000
0.072082519531250 3700000
0.071228027343750 3699964
0.072509765625000 3700000
0.069641113281250 3700035
0.071716308593750 3699964
0.072448730468750 3699929
0.072692871093750 3700070
0.073974609375000 3700000
0.069030761718750 3700035
0.000000000000000 3699964
0.072326660156250 3700000
0.070312500000000 3700035
0.073608398437500 3699964
0.069946289062500 3700000
0.071594238281250 3700000
0.069763183593750 3700000
0.071105957031250 3700035
0.071716308593750 3699964
0.071044921875000 3700000
0.070983886718750 3700000
0.070312500000000 3700035
0.073852539062500 3699929
0.000000000000000 3700035
0.071166992187500 3700035
0.071838378906250 3700000
0.071533203125000 3699964
0.069824218750000 3699964
0.073364257812500 3700035
0.069824218750000 3700035
0.071472167968750 3699964
0.071655273437500 3700000
0.074279785156250 3700000
0.073547363281250 3700000
0.069641113281250 3700000
0.071716308593750 3700035
0.069091796875000 3700000
0.000000000000000 3699964
0.074584960937500 3700035
0.071105957031250 3700000
0.070922851562500 3700000
0.071533203125000 3700000
0.072326660156250 3699964
0.070800781250000 3700035
0.071289062500000 3700000
0.072875976562500 3699964
0.069580078125000 3700000
0.063598632812500 3700035
0.069335937500000 3700000
0.074279785156250 3700000
0.070739746093750 3700000
0.071044921875000 3699964
0.000000000000000 3700035
0.073242187500000 3700000
0.070739746093750 3700000
0.070617675781250 3699964
0.069885253906250 3700000
0.075439453125000 3700035
0.072082519531250 3700000
0.071228027343750 3699929
0.070556640625000 3700035
0.071289062500000 3700000
0.072448730468750 3699964
0.072143554687500 3700070
0.072448730468750 3700000
0.000000000000000 3699964
0.073059082031250 3700035
0.070617675781250 3700000
0.072631835937500 3699964
0.069763183593750 3700000
0.072509765625000 3700035
0.069763183593750 3700000
0.074035644531250 3699964
0.070678710937500 3700035
0.071105957031250 3699929
0.071716308593750 3700070
0.071350097656250 3700000
0.072998046875000 3700000
0.000000000000000 3700000
0.071533203125000 3699929
0.070678710937500 3700070
0.072692871093750 3699964
0.073486328125000 3700035
0.071533203125000 3699964
0.069824218750000 3700000
0.071044921875000 3699964
0.073059082031250 3700070
0.072143554687500 3699964
0.072021484375000 3699929
0.069702148437500 3700070
0.072570800781250 3700035
0.000000000000000 3699964
0.071899414062500 3699929
0.071411132812500 3700070
0.069702148437500 3700000
0.071105957031250 3700035
0.074645996093750 3699964
0.071105957031250 3700000
0.069335937500000 3700000
0.071716308593750 3700000
0.071289062500000 3700035
0.071594238281250 3700000
0.073303222656250 3699964
0.207275390625000 3700000
0.070434570312500 3699964
0.072692871093750 3700070
0.000000000000000 3700000
0.071594238281250 3700000
0.071350097656250 3699964
0.072631835937500 3700000
0.073425292968750 3700000
0.072082519531250 3700000
0.070190429687500 3700000
0.072753906250000 3700035
0.071228027343750 3700000
0.071899414062500 3699894
0.069763183593750 3700035
0.075317382812500 3699964
0.000000000000000 3700070
0.073364257812500 3700000
0.069580078125000 3700000
0.070129394531250 3700000
0.070007324218750 3700000
0.064697265625000 3700000
0.070983886718750 3700035
0.072082519531250 3700000
0.069641113281250 3700000
0.074218750000000 3700000
0.073059082031250 3699964
0.069335937500000 3700035
0.072692871093750 3700000
0.071228027343750 3699929
0.074951171875000 3700035
0.000000000000000 3700000
0.069824218750000 3700035
0.072570800781250 3700000
0.071166992187500 3699964
0.070983886718750 3700035
0.073181152343750 3700000
0.070068359375000 3699964
0.074279785156250 3700000
0.069702148437500 3700000
0.073730468750000 3700035
0.073303222656250 3699964
0.069946289062500 3700035
0.071533203125000 3700000
0.000000000000000 3700000
0.069946289062500 3699929
0.074645996093750 3700035
0.071472167968750 3700000
0.071411132812500 3700000
0.072509765625000 3700000
0.072143554687500 3700035
0.070373535156250 3700000
0.071105957031250 3700000
0.070800781250000 3700000
0.070495605468750 3699929
0.073547363281250 3700070
0.071411132812500 3700000
0.000000000000000 3700000
0.071044921875000 3699964
0.072265625000000 3699964
0.071594238281250 3700035
0.070373535156250 3700000
0.070312500000000 3700000
0.072753906250000 3700000
0.073303222656250 3700000
0.071350097656250 3700000
0.071411132812500 3700000
0.069885253906250 3700000
0.073547363281250 3700035
0.070434570312500 3700000
0.000000000000000 3700000
0.073181152343750 3699964
0.073852539062500 3700035
0.070617675781250 3700000
0.071411132812500 3699964
0.070861816406250 3700035
0.072509765625000 3699964
0.069824218750000 3700035
0.072448730468750 3699964
0.074584960937500 3700035
0.070251464843750 3700000
0.071716308593750 3699964
0.068664550781250 3699859
0.072021484375000 3700140
0.000000000000000 3700000
0.072326660156250 3700000
0.072143554687500 3700000
0.071228027343750 3700035
0.071960449218750 3699964
0.073364257812500 3700000
0.068847656250000 3700035
0.073486328125000 3700000
0.071105957031250 3699964
0.070129394531250 3700000
0.074645996093750 3700035
0.070739746093750 3700000
0.000000000000000 3699964
0.072937011718750 3700000
0.070068359375000 3700000
0.072998046875000 3700035
0.071350097656250 3699964
0.070190429687500 3700000
0.072143554687500 3700000
0.069396972656250 3700035
0.073059082031250 3700000
0.070678710937500 3699894
0.074096679687500 3700105
0.070495605468750 3700000
0.072875976562500 3699964
0.000000000000000 3700035
0.073791503906250 3700000
0.070129394531250 3699964
0.071655273437500 3700035
0.070068359375000 3699964
0.073608398437500 3700000
0.070190429687500 3699964
0.073120117187500 3700070
0.073120117187500 3699964
0.071716308593750 3700000
0.070861816406250 3700035
0.070983886718750 3699964
0.071655273437500 3700035
0.069763183593750 3699964
0.064636230468750 3700035
0.070068359375000 3699964
0.000000000000000 3700035
0.071960449218750 3700000
0.072326660156250 3699964
0.071533203125000 3700035
0.073669433593750 3699964
0.070434570312500 3699964
0.070678710937500 3700035
0.072387695312500 3699964
0.073730468750000 3700070
0.073608398437500 3700000
0.069946289062500 3700000
0.072448730468750 3699964
0.000000000000000 3700000
0.070922851562500 3700035
0.073059082031250 3700000
0.069335937500000 3699929
0.072753906250000 3700035
0.072143554687500 3700035
0.072143554687500 3699964
0.072448730468750 3700000
0.070129394531250 3700000
0.071166992187500 3700000
0.071899414062500 3700035
0.063476562500000 3699929
0.071044921875000 3700000
0.071166992187500 3700035
0.072021484375000 3700000
0.000000000000000 3700000
0.070495605468750 3700000
0.071105957031250 3700000
0.069763183593750 3700000
0.071044921875000 3700000
0.071166992187500 3700000
0.074340820312500 3700035
0.071655273437500 3700000
0.070800781250000 3700000
0.071228027343750 3699964
0.072937011718750 3700035
0.072326660156250 3700000
0.070434570312500 3700000
0.071960449218750 3699964
0.000000000000000 3700000
0.073059082031250 3700000
0.072021484375000 3700035
0.064086914062500 3700000
0.070312500000000 3700000
0.070495605468750 3700000
0.071594238281250 3700000
0.071594238281250 3699964
0.071228027343750 3700035
0.072265625000000 3699964
0.076232910156250 3700035
0.071289062500000 3700000
0.070312500000000 3699894
0.069641113281250 3700105
0.000000000000000 3700000
0.073181152343750 3633668
0.071289062500000 3600000
0.066833496093750 3600000
0.069641113281250 3600000
0.067199707031250 3599965
0.067871093750000 3600034
0.067077636718750 3600034
0.069702148437500 3600000
0.066101074218750 3600000
0.065612792968750 3599965
0.000000000000000 3599965
0.070251464843750 3600034
0.065124511718750 3599965
0.065368652343750 3600000
0.066345214843750 3600034
0.066833496093750 3600000
0.067749023437500 3600000
0.065795898437500 3600000
0.067626953125000 3600000
0.066894531250000 3600000
0.068420410156250 3600000
0.066101074218750 3600000
0.067382812500000 3600000
0.000000000000000 3599965
0.068359375000000 3600034
0.065429687500000 3600034
0.059692382812500 3599965
0.066345214843750 3600000
0.067749023437500 3600034
0.066284179687500 3599965
0.068237304687500 3600000
0.067016601562500 3600000
0.069580078125000 3599965
0.066955566406250 3600034
0.066101074218750 3600000
0.067138671875000 3599965
0.065551757812500 3600034
0.066345214843750 3599931
0.000000000000000 3600102
0.066894531250000 3599965
0.068847656250000 3600000
0.068054199218750 3600000
0.065612792968750 3599965
0.067321777343750 3600034
0.067260742187500 3600000
0.067810058593750 3600000
0.066589355468750 3599965
0.067321777343750 3600034
0.069580078125000 3600000
0.066772460937500 3600000
0.000000000000000 3600000
0.068847656250000 3600000
0.066101074218750 3600000
0.066894531250000 3600000
0.065551757812500 3600000
0.069824218750000 3600000
0.066162109375000 3600000
0.065917968750000 3600000
0.066345214843750 3599965
0.068237304687500 3600034
0.068176269531250 3600000
0.066406250000000 3600000
0.066101074218750 3599965
0.000000000000000 3600000
0.068298339843750 3600034
0.067382812500000 3600000
0.066162109375000 3600000
0.066589355468750 3600000
0.068359375000000 3600000
0.068664550781250 3600000
0.069030761718750 3600000
0.067077636718750 3600000
0.065368652343750 3600034
0.066833496093750 3599965
0.068786621093750 3599965
0.000000000000000 3600000
0.066528320312500 3600034
0.066589355468750 3600000
0.068359375000000 3600000
0.069396972656250 3600034
0.066528320312500 3599931
0.067016601562500 3600034
0.064941406250000 3600000
0.066894531250000 3600000
0.066711425781250 3600000
0.067993164062500 3599965
0.067810058593750 3600034
0.000000000000000 3600000
0.066040039062500 3600000
0.068359375000000 3600000
0.067199707031250 3600000
0.067077636718750 3599965
0.065002441406250 3600034
0.070007324218750 3600000
0.059387207031250 3600000
0.067321777343750 3600000
0.068176269531250 3600000
0.065002441406250 3600000
0.069458007812500 3600000
0.066284179687500 3600000
0.066528320312500 3600000
0.000000000000000 3600000
0.067871093750000 3600000
0.067443847656250 3599897
0.060058593750000 3600102
0.066101074218750 3599965
0.065124511718750 3600034
0.066528320312500 3599931
0.069030761718750 3552851
0.068786621093750 3533204
0.067077636718750 3600068
0.069824218750000 3600000
0.067382812500000 3600000
0.060852050781250 3600000
0.066467285156250 3600000
0.068237304687500 3599965
0.000000000000000 3600000
0.068664550781250 3600034
0.065734863281250 3600000
0.068298339843750 3600000
0.068420410156250 3600000
0.059387207031250 3600000
0.065124511718750 3600000
0.059143066406250 3600000
0.067321777343750 3599931
0.069274902343750 3600068
0.067810058593750 3600000
0.066894531250000 3600000
0.066894531250000 3599965
0.067321777343750 3600034
0.066528320312500 3599862
0.000000000000000 3600171
0.065917968750000 3599965
0.069030761718750 3600034
0.066406250000000 3600000
0.067199707031250 3599965
0.066894531250000 3600000
0.067016601562500 3599965
0.070068359375000 3600034
0.064758300781250 3600000
0.066894531250000 3600000
0.069030761718750 3600000
0.066833496093750 3600000
0.000000000000000 3600000
0.067382812500000 3599965
0.064575195312500 3600034
0.066284179687500 3600000
0.067749023437500 3600000
0.065612792968750 3600000
0.068420410156250 3599965
0.065917968750000 3600034
0.068359375000000 3600000
0.066223144531250 3600000
0.067077636718750 3599931
0.066894531250000 3600068
0.066833496093750 3600000
0.069641113281250 3600000
0.000000000000000 3600000
0.065368652343750 3600000
0.067504882812500 3599897
0.068420410156250 3600068
0.067016601562500 3600034
0.066345214843750 3600000
0.069030761718750 3600000
0.067871093750000 3600000
0.068481445312500 3600000
0.068176269531250 3600000
0.065917968750000 3600000
0.067810058593750 3600000
0.000000000000000 3600000
0.065856933593750 3599965
0.068786621093750 3600000
0.069763183593750 3600034
0.066711425781250 3599965
0.067687988281250 3600034
0.066833496093750 3600000
0.067687988281250 3600000
0.065734863281250 3600000
0.069458007812500 3599965
0.066833496093750 3600000
0.065124511718750 3600034
0.059387207031250 3600000
0.066040039062500 3600000
0.000000000000000 3600000
0.066162109375000 3600000
0.064697265625000 3600000
0.069946289062500 3599965
0.065063476562500 3600000
0.068115234375000 3600034
0.067993164062500 3599965
0.066345214843750 3600034
0.068969726562500 3599965
0.066345214843750 3600034
0.066406250000000 3600000
0.068054199218750 3600000
0.000000000000000 3600000
0.070800781250000 3600000
0.067382812500000 3599965
0.067199707031250 3600034
0.068359375000000 3600000
0.067077636718750 3600000
0.059814453125000 3600000
0.066833496093750 3599965
0.068542480468750 3600034
0.068664550781250 3600000
0.067077636718750 3600000
0.066650390625000 3600000
0.066589355468750 3600000
0.000000000000000 3600000
0.066955566406250 3600000
0.065551757812500 3600034
0.068603515625000 3599931
0.066467285156250 3600034
0.067260742187500 3600000
0.065734863281250 3600000
0.066650390625000 3599931
0.065612792968750 3600068
0.066040039062500 3600000
0.066894531250000 3600000
0.068298339843750 3599965
0.069152832031250 3600068
0.000000000000000 3599965
0.069824218750000 3600000
0.066040039062500 3600034
0.067077636718750 3599931
0.066894531250000 3600034
0.069152832031250 3600000
0.066406250000000 3600000
0.064697265625000 3600000
0.065856933593750 3600000
0.067565917968750 3600000
0.068054199218750 3599965
0.066040039062500 3600034
0.066345214843750 3600000
0.068298339843750 3600000
0.000000000000000 3600000
0.067016601562500 3600000
0.069335937500000 3599965
0.066894531250000 3600034
0.067077636718750 3600000
0.067199707031250 3600000
0.067016601562500 3600000
0.066894531250000 3600000
0.066223144531250 3600000
0.060546875000000 3600000
0.065734863281250 3599965
0.066101074218750 3600034
0.068481445312500 3600000
0.066711425781250 3600000
0.000000000000000 3600000
0.067993164062500 3600034
0.065734863281250 3599965
0.068603515625000 3600034
0.065246582031250 3600000
0.059020996093750 3599965
0.064392089843750 3600000
0.065429687500000 3600000
0.066040039062500 3599965
0.068115234375000 3600034
0.068176269531250 3600000
0.065063476562500 3600000
0.066101074218750 3599965
0.064392089843750 3600034
0.069458007812500 3600000
0.065551757812500 3600000
0.000000000000000 3600000
0.068176269531250 3600000
0.066040039062500 3600000
0.066406250000000 3600000
0.067687988281250 3600000
0.066894531250000 3600000
0.067016601562500 3600000
0.065429687500000 3599965
0.068298339843750 3600068
0.066467285156250 3600000
0.067077636718750 3599965
0.067626953125000 3600000
0.066284179687500 3600000
0.000000000000000 3600034
0.067077636718750 3599965
0.066528320312500 3600000
0.066406250000000 3599965
0.065185546875000 3600034
0.069458007812500 3599965
0.068359375000000 3600034
0.064880371093750 3600000
0.067443847656250 3599965
0.065063476562500 3600034
0.067565917968750 3599931
0.066162109375000 3600068
0.066711425781250 3599965
0.000000000000000 3600034
0.068664550781250 3600000
0.066162109375000 3599965
0.068664550781250 3600000
0.065673828125000 3600034
0.067871093750000 3600000
0.065612792968750 3599965
0.069580078125000 3600034
0.068603515625000 3599897
0.064941406250000 3600102
0.066223144531250 3600000
0.065856933593750 3600000
0.067382812500000 3600000
0.064392089843750 3600000
0.000000000000000 3599965
0.069030761718750 3600034
0.068115234375000 3600000
0.066955566406250 3600000
0.066406250000000 3600000
0.064941406250000 3599931
0.069274902343750 3600034
0.067199707031250 3600034
0.068115234375000 3599965
0.067749023437500 3600034
0.065246582031250 3599931
0.067565917968750 3600068
0.065856933593750 3600000
0.000000000000000 3600000
0.067199707031250 3600000
0.065856933593750 3600000
0.067382812500000 3600000
0.067504882812500 3599897
0.066101074218750 3600102
0.067810058593750 3600000
0.066406250000000 3600000
0.066711425781250 3600000
0.067138671875000 3600000
0.065856933593750 3599965
0.067871093750000 3600034
0.065124511718750 3600000
0.000000000000000 3600000
0.069885253906250 3600000
0.067565917968750 3600000
0.066040039062500 3600000
0.064758300781250 3600000
0.067138671875000 3600000
0.069824218750000 3600000
0.065612792968750 3599965
0.066467285156250 3600034
0.067810058593750 3600000
0.068481445312500 3600000
0.066894531250000 3600000
0.000000000000000 3600000
0.068298339843750 3600000
0.067993164062500 3600000
0.065124511718750 3600000
0.069885253906250 3599897
0.066589355468750 3600137
0.067871093750000 3599965
0.066040039062500 3600000
0.059387207031250 3600034
0.065917968750000 3599965
0.067626953125000 3600000
0.066833496093750 3600034
0.065429687500000 3599965
0.059692382812500 3600000
0.065490722656250 3599897
0.068969726562500 3600102
0.066162109375000 3599965
0.000000000000000 3600068
0.067810058593750 3599965
0.068481445312500 3600000
0.065979003906250 3599931
0.066406250000000 3600068
0.066772460937500 3600034
0.068664550781250 3599965
0.067138671875000 3600000
0.068847656250000 3600000
0.066833496093750 3599965
0.065856933593750 3600034
0.059936523437500 3600034
0.066528320312500 3600000
0.066528320312500 3599965
0.000000000000000 3599931
0.066711425781250 3600034
0.069824218750000 3600034
0.067077636718750 3600000
0.067138671875000 3600000
0.066406250000000 3600000
0.065429687500000 3600000
0.069824218750000 3600000
0.066467285156250 3600000
0.059204101562500 3600000
0.066040039062500 3600000
0.059387207031250 3600000
0.066162109375000 3600034
0.068847656250000 3599897
0.066772460937500 3600034
0.000000000000000 3600034
0.068054199218750 3600000
0.068359375000000 3600000
0.067687988281250 3600034
0.066894531250000 3599965
0.066528320312500 3600000
0.069641113281250 3600000
0.067016601562500 3600000
0.066711425781250 3600000
0.068359375000000 3599965
0.065490722656250 3600034
0.067810058593750 3600000
0.000000000000000 3600034
0.066772460937500 3599965
0.070373535156250 3600000
0.066833496093750 3600000
0.058959960937500 3600000
0.067687988281250 3600000
0.067687988281250 3600000
0.066101074218750 3599965
0.067016601562500 3600000
0.068420410156250 3600034
0.067932128906250 3600000
0.066345214843750 3600000
0.066101074218750 3600000
0.068603515625000 3600034
0.000000000000000 3599965
0.067199707031250 3600000
0.065612792968750 3600000
0.067932128906250 3600000
0.066345214843750 3600000
0.068786621093750 3600000
0.059082031250000 3600000
0.065551757812500 3600000
0.066528320312500 3600000
0.068298339843750 3600000
0.065612792968750 3600000
0.067993164062500 3599931
0.065124511718750 3600102
0.068786621093750 3599965
0.000000000000000 3600000
0.069030761718750 3600000
0.067810058593750 3600000
0.066345214843750 3599965
0.066955566406250 3600034
0.068664550781250 3600000
0.066772460937500 3600000
0.066711425781250 3599965
0.066223144531250 3600034
0.066894531250000 3600000
0.066223144531250 3600000
0.068359375000000 3600034
0.067749023437500 3600000
0.000000000000000 3599965
0.065612792968750 3599965
0.067871093750000 3600068
0.066711425781250 3599965
0.067138671875000 3600000
0.065124511718750 3599965
0.059082031250000 3600000
0.059143066406250 3600034
0.067810058593750 3599931
0.068298339843750 3600034
0.065734863281250 3600000
0.067321777343750 3600034
0.069152832031250 3600000
0.066406250000000 3600000
0.065673828125000 3600034
0.066223144531250 3599965
0.000000000000000 3600000
0.065551757812500 3600000
0.068176269531250 3600000
0.067443847656250 3600000
0.064880371093750 3600000
0.065246582031250 3600000
0.069213867187500 3599965
0.067382812500000 3600034
0.066589355468750 3600000
0.067626953125000 3600000
0.060119628906250 3600034
0.066772460937500 3599965
0.066772460937500 3600000
0.065979003906250 3600000
0.067993164062500 3600000
0.000000000000000 3600000
0.068847656250000 3600000
0.067626953125000 3600000
0.066894531250000 3600000
0.065856933593750 3600000
0.067993164062500 3600000
0.067321777343750 3599965
0.068542480468750 3600000
0.066589355468750 3600034
0.067016601562500 3600034
0.069396972656250 3599965
0.065917968750000 3599965
0.000000000000000 3600034
0.067565917968750 3600000
0.065185546875000 3599965
0.067504882812500 3600000
0.064758300781250 3600034
0.068847656250000 3600000
0.070922851562500 3600000
0.066406250000000 3599931
0.066955566406250 3600068
0.066040039062500 3599931
0.067871093750000 3600068
0.066528320312500 3600000
0.059020996093750 3600000
0.066345214843750 3600000
0.000000000000000 3600000
0.068298339843750 3600000
0.068298339843750 3600000
0.067810058593750 3600034
0.059631347656250 3600000
0.065612792968750 3599965
0.067199707031250 3600000
0.066894531250000 3600000
0.068420410156250 3599897
0.068359375000000 3600102
0.064575195312500 3600000
0.067504882812500 3600000
0.065856933593750 3600000
0.068847656250000 3600000
0.000000000000000 3599931
0.065063476562500 3600068
0.068481445312500 3600000
0.067260742187500 3600000
0.070373535156250 3600000
0.066040039062500 3600000
0.064270019531250 3600000
0.066833496093750 3600000
0.065551757812500 3600000
0.061340332031250 3600000
0.071655273437500 3600000
0.068786621093750 3600000
0.059387207031250 3600000
0.063903808593750 3599965
0.065979003906250 3600034
0.063354492187500 3600000
0.000000000000000 3600000
0.069458007812500 3600000
0.065917968750000 3600000
0.067016601562500 3600000
0.065673828125000 3600000
0.067687988281250 3600000
0.065612792968750 3600034
0.069763183593750 3599931
0.066040039062500 3600034
0.062805175781250 3600000
0.067626953125000 3600000
0.060363769531250 3600000
0.072570800781250 3600000
0.059997558593750 3600000
0.061706542968750 3600000
0.071594238281250 3716337
0.000000000000000 3734414
0.073242187500000 3699964
0.068481445312500 3700000
0.071960449218750 3700000
0.073181152343750 3700000
0.074707031250000 3700035
0.071838378906250 3700000
0.071289062500000 3699929
0.071655273437500 3700035
0.073425292968750 3700035
0.071105957031250 3700000
0.074401855468750 3699964
0.000000000000000 3700035
0.070739746093750 3700000
0.068359375000000 3700000
0.063232421875000 3699929
0.070068359375000 3700070
0.070495605468750 3699929
0.069152832031250 3700070
0.071960449218750 3699964
0.072143554687500 3700000
0.074035644531250 3700000
0.071105957031250 3700000
0.073120117187500 3700035
0.073486328125000 3699894
0.072082519531250 3700105
0.073059082031250 3699929
0.000000000000000 3700070
0.072570800781250 3699964
0.073425292968750 3700035
0.072692871093750 3699929
0.073425292968750 3700035
0.071533203125000 3700035
0.071838378906250 3700000
0.073120117187500 3700000
0.073303222656250 3699964
0.071411132812500 3700035
0.071716308593750 3700000
0.070068359375000 3699964
0.000000000000000 3700000
0.073547363281250 3700000
0.071044921875000 3700035
0.072265625000000 3700000
0.072082519531250 3699894
0.072814941406250 3700070
0.064636230468750 3700000
0.071044921875000 3700000
0.070251464843750 3700000
0.070373535156250 3700035
0.072326660156250 3699964
0.064453125000000 3700035
0.074645996093750 3700000
0.074401855468750 3700000
0.073303222656250 3700000
0.063293457031250 3699964
0.072265625000000 3700035
0.000000000000000 3700000
0.076477050781250 3699964
0.065185546875000 3700000
0.068847656250000 3700035
0.066833496093750 3699964
0.063720703125000 3700035
0.071777343750000 3699964
0.072387695312500 3700000
0.073608398437500 3700035
0.071777343750000 3699964
0.072570800781250 3700035
0.068725585937500 3699964
0.074035644531250 3699964
0.071289062500000 3700070
0.071105957031250 3700000
0.072692871093750 3699964
0.000000000000000 3700000
0.072265625000000 3700035
0.073974609375000 3700000
0.070007324218750 3699964
0.072387695312500 3700035
0.071166992187500 3700000
0.071777343750000 3700000
0.073181152343750 3699964
0.070861816406250 3700035
0.073120117187500 3699964
0.070922851562500 3700035
0.070861816406250 3700000
0.072143554687500 3700000
0.000000000000000 3699964
0.074218750000000 3700035
0.073059082031250 3699964
0.070312500000000 3700000
0.074645996093750 3700000
0.070190429687500 3700000
0.072021484375000 3700000
0.071166992187500 3700035
0.072265625000000 3699964
0.063171386718750 3700000
0.071044921875000 3700035
0.071289062500000 3699964
0.070678710937500 3700035
0.072814941406250 3699964
0.070434570312500 3700000
0.000000000000000 3700000
0.072692871093750 3700000
0.072875976562500 3700000
0.070129394531250 3700000
0.072570800781250 3700035
0.071777343750000 3699929
0.072998046875000 3700035
0.070739746093750 3700035
0.072204589843750 3700000
0.073364257812500 3699964
0.072204589843750 3699929
0.071655273437500 3700105
0.069946289062500 3700000
0.063964843750000 3700000
0.000000000000000 3700000
0.071594238281250 3700000
0.072143554687500 3699964
0.069274902343750 3700035
0.074645996093750 3700000
0.072875976562500 3699894
0.069763183593750 3700070
0.070312500000000 3700000
0.071350097656250 3700000
0.072509765625000 3700035
0.071044921875000 3699964
0.070678710937500 3700000
0.073913574218750 3700000
0.072631835937500 3700000
0.000000000000000 3700035
0.070007324218750 3700000
0.072998046875000 3699964
0.073547363281250 3700000
0.071228027343750 3700035
0.063659667968750 3700000
0.071350097656250 3700000
0.070922851562500 3700000
0.072326660156250 3700000
0.070922851562500 3699964
0.072204589843750 3700035
0.071411132812500 3700000
0.072448730468750 3700000
0.071655273437500 3699964
0.064147949218750 3700000
0.072082519531250 3700000
0.000000000000000 3700035
0.071777343750000 3700000
0.071899414062500 3700000
0.069824218750000 3700000
0.072937011718750 3699929
0.070861816406250 3700035
0.070800781250000 3700035
0.071716308593750 3699964
0.075439453125000 3700000
0.070312500000000 3700035
0.070495605468750 3699964
0.072998046875000 3700035
0.073120117187500 3699964
0.000000000000000 3700035
0.073913574218750 3699964
0.070739746093750 3700035
0.074218750000000 3700000
0.072021484375000 3700000
0.071594238281250 3699964
0.073242187500000 3700035
0.070861816406250 3700000
0.070922851562500 3700000
0.072082519531250 3700000
0.074157714843750 3699964
0.071594238281250 3700035
0.069946289062500 3699964
0.063293457031250 3700035
0.000000000000000 3699964
0.073242187500000 3700035
0.070800781250000 3699964
0.070129394531250 3700035
0.073364257812500 3700000
0.073425292968750 3700000
0.074340820312500 3700000
0.071289062500000 3700000
0.069946289062500 3700000
0.071350097656250 3699964
0.073730468750000 3700000
0.072937011718750 3700035
0.070434570312500 3699964
0.000000000000000 3700035
0.069519042968750 3699929
0.074035644531250 3700070
0.071777343750000 3699929
0.071289062500000 3700070
0.072570800781250 3700000
0.072753906250000 3699929
0.071105957031250 3700070
0.071350097656250 3700000
0.072021484375000 3699964
0.070434570312500 3700035
0.072814941406250 3699859
0.072570800781250 3700105
0.000000000000000 3700000
0.071228027343750 3700000
0.072204589843750 3700000
0.070556640625000 3700000
0.072937011718750 3699964
0.073364257812500 3700070
0.074279785156250 3699964
0.070434570312500 3700000
0.075683593750000 3700035
0.070800781250000 3700000
0.072143554687500 3699964
0.072448730468750 3700000
0.000000000000000 3700000
0.072692871093750 3700000
0.064270019531250 3700035
0.070617675781250 3699964
0.071289062500000 3700000
0.071411132812500 3700000
0.075378417968750 3700035
0.072631835937500 3700000
0.070617675781250 3700000
0.072631835937500 3699964
0.070800781250000 3700035
0.073608398437500 3700000
0.072509765625000 3699964
0.000000000000000 3700000
0.071350097656250 3700000
0.072265625000000 3700000
0.071533203125000 3700000
0.073852539062500 3700000
0.071655273437500 3700000
0.072448730468750 3700035
0.072937011718750 3699964
0.071166992187500 3700000
0.070495605468750 3700000
0.070312500000000 3700000
0.072448730468750 3700035
0.071411132812500 3700000
0.000000000000000 3699964
0.073364257812500 3699964
0.073791503906250 3700035
0.072814941406250 3700035
0.071105957031250 3700000
0.072387695312500 3699964
0.072509765625000 3700000
0.070617675781250 3699964
0.072448730468750 3700000
0.075195312500000 3700070
0.070617675781250 3700000
0.073242187500000 3699964
0.000000000000000 3700000
0.069946289062500 3700035
0.072143554687500 3699929
0.072937011718750 3700000
0.072387695312500 3700070
0.206054687500000 3699985
0.070373535156250 3700035
0.000000000000000 3700000
0.072021484375000 3700000
0.071899414062500 3700000
0.072204589843750 3699964
0.071960449218750 3700035
0.074462890625000 3699964
0.071350097656250 3700035
0.070983886718750 3699964
0.074401855468750 3700035
0.070922851562500 3699929
0.070983886718750 3700035
0.071533203125000 3700000
0.072570800781250 3700000
0.000000000000000 3700035
0.073608398437500 3699964
0.071166992187500 3700000
0.071105957031250 3700000
0.070373535156250 3700035
0.074584960937500 3700000
0.070129394531250 3700000
0.072265625000000 3699964
0.070983886718750 3699929
0.073242187500000 3700105
0.064086914062500 3700000
0.071105957031250 3700000
0.073669433593750 3700000
0.072143554687500 3699964
0.000000000000000 3699929
0.072692871093750 3700105
0.073303222656250 3700000
0.070983886718750 3700000
0.073059082031250 3700000
0.069946289062500 3700000
0.064331054687500 3699964
0.071472167968750 3700035
0.071166992187500 3700000
0.072143554687500 3699964
0.072082519531250 3700000
0.073852539062500 3700035
0.069213867187500 3699964
0.073364257812500 3700000
0.070434570312500 3700035
0.072265625000000 3700000
0.000000000000000 3699964
0.073364257812500 3700000
0.071472167968750 3700000
0.072509765625000 3700000
0.069213867187500 3700035
0.064880371093750 3700000
0.070068359375000 3699964
0.072265625000000 3700000
0.070190429687500 3699964
0.072509765625000 3700070
0.072143554687500 3699964
0.071655273437500 3699964
0.072448730468750 3700035
0.070007324218750 3700000
0.072204589843750 3700035
0.000000000000000 3699964
0.072326660156250 3700000
0.072875976562500 3700035
0.071105957031250 3700000
0.075073242187500 3699964
0.072875976562500 3700035
0.070129394531250 3699964
0.071655273437500 3700000
0.072082519531250 3700000
0.074340820312500 3700000
0.071533203125000 3699964
0.071655273437500 3700070
0.000000000000000 3700000
0.073364257812500 3700000
0.072753906250000 3699964
0.071899414062500 3700035
0.070800781250000 3699964
0.072509765625000 3700000
0.070373535156250 3700000
0.075012207031250 3699929
0.072082519531250 3700105
0.070678710937500 3700000
0.073730468750000 3700000
0.071350097656250 3700000
0.072082519531250 3700000
0.071411132812500 3700000
0.000000000000000 3700000
0.073913574218750 3699929
0.071838378906250 3700070
0.071594238281250 3700000
0.072814941406250 3699964
0.071411132812500 3700000
0.071411132812500 3700000
0.071166992187500 3700035
0.073547363281250 3699964
0.073059082031250 3700000
0.070190429687500 3573847
0.071472167968750 3699964
0.000000000000000 3700035
0.074096679687500 3699964
0.073120117187500 3700035
0.070861816406250 3700000
0.074340820312500 3699964
0.073364257812500 3700000
0.071777343750000 3699964
0.072265625000000 3700035
0.071350097656250 3700000
0.072204589843750 3700035
0.071899414062500 3700000
0.071960449218750 3699964
0.074157714843750 3700000
0.000000000000000 3700000
0.070495605468750 3700000
0.072753906250000 3700000
0.070556640625000 3699964
0.072082519531250 3700035
0.070251464843750 3700035
0.074523925781250 3699964
0.073974609375000 3700035
0.070251464843750 3699929
0.073120117187500 3700070
0.070373535156250 3699964
0.064331054687500 3700035
0.070495605468750 3699964
0.073425292968750 3700000
0.071166992187500 3700035
0.000000000000000 3700000
0.072692871093750 3699964
0.063476562500000 3700035
0.072082519531250 3700000
0.072570800781250 3700000
0.070068359375000 3700000
0.073547363281250 3699964
0.070068359375000 3699929
0.072326660156250 3700105
0.072937011718750 3699964
0.070312500000000 3700000
0.075744628906250 3700000
0.069519042968750 3700000
0.071594238281250 3700035
0.071166992187500 3700000
0.000000000000000 3700000
0.071716308593750 3699929
0.071594238281250 3700070
0.073242187500000 3699964
0.070251464843750 3700035
0.070678710937500 3700000
0.064208984375000 3699964
0.072448730468750 3700000
0.071899414062500 3699929
0.069641113281250 3700105
0.072204589843750 3699964
0.073791503906250 3700000
0.070617675781250 3700000
0.071777343750000 3700035
0.069091796875000 3700000
0.065124511718750 3700000
0.072509765625000 3699964
0.000000000000000 3700035
0.073425292968750 3699964
0.070739746093750 3700000
0.074035644531250 3700035
0.063842773437500 3699894
0.070922851562500 3700105
0.071777343750000 3699929
0.070007324218750 3700070
0.073181152343750 3700000
0.071594238281250 3700000
0.072692871093750 3700000
0.072387695312500 3700000
0.070495605468750 3699964
0.065490722656250 3700035
0.071899414062500 3700000
0.000000000000000 3699964
0.072265625000000 3700000
0.070617675781250 3700035
0.074035644531250 3699964
0.071960449218750 3700035
0.072814941406250 3700000
0.072937011718750 3699964
0.070434570312500 3700000
0.073059082031250 3699929
0.071105957031250 3700000
0.073364257812500 3700105
0.070312500000000 3700000
0.071777343750000 3604921
0.000000000000000 3600034
0.066650390625000 3600034
0.067260742187500 3599965
0.067993164062500 3599931
0.067321777343750 3600068
0.060546875000000 3600000
0.066101074218750 3600000
0.066955566406250 3600000
0.067504882812500 3600000
0.067687988281250 3600000
0.066894531250000 3600000
0.067077636718750 3599965
0.067138671875000 3600034
0.000000000000000 3600000
0.066101074218750 3600034
0.069213867187500 3599965
0.058959960937500 3600000
0.065429687500000 3600000
0.067077636718750 3599931
0.065734863281250 3600068
0.066711425781250 3600000
0.066833496093750 3600000
0.066223144531250 3600000
0.065734863281250 3600000
0.069152832031250 3600000
0.068359375000000 3600000
0.065734863281250 3599965
0.065917968750000 3600000
0.000000000000000 3600034
0.065673828125000 3599965
0.069763183593750 3600034
0.065490722656250 3600000
0.067138671875000 3599965
0.067687988281250 3600034
0.066345214843750 3600000
0.067260742187500 3600000
0.065429687500000 3599965
0.066711425781250 3600034
0.067077636718750 3600034
0.068237304687500 3599965
0.068176269531250 3600000
0.000000000000000 3599965
0.066345214843750 3600034
0.066345214843750 3600000
0.066528320312500 3599965
0.067565917968750 3600034
0.067626953125000 3600000
0.066345214843750 3600000
0.066833496093750 3600000
0.067321777343750 3599965
0.068969726562500 3599965
0.066406250000000 3600068
0.067382812500000 3600000
0.067749023437500 3600000
0.000000000000000 3599931
0.066467285156250 3600068
0.068298339843750 3600000
0.064819335937500 3600000
0.067810058593750 3600000
0.065734863281250 3600000
0.067504882812500 3600000
0.065551757812500 3599931
0.067687988281250 3600068
0.068481445312500 3600000
0.064697265625000 3600000
0.065917968750000 3600000
0.066589355468750 3600000
0.067199707031250 3600000
0.000000000000000 3600000
0.067321777343750 3600000
0.066284179687500 3600034
0.067626953125000 3599897
0.064880371093750 3600102
0.068786621093750 3599897
0.065856933593750 3600068
0.068786621093750 3600000
0.065795898437500 3599965
0.067687988281250 3600034
0.067932128906250 3600000
0.065979003906250 3599965
0.068420410156250 3600034
0.000000000000000 3600000
0.065429687500000 3600000
0.067993164062500 3600000
0.065856933593750 3600000
0.068115234375000 3600000
0.066711425781250 3600000
0.066101074218750 3600000
0.068603515625000 3600000
0.065612792968750 3599965
0.067565917968750 3600034
0.065917968750000 3599931
0.069335937500000 3600102
0.066345214843750 3599965
0.000000000000000 3600000
0.067687988281250 3600000
0.067260742187500 3600034
0.066711425781250 3599965
0.067382812500000 3599931
0.065246582031250 3600068
0.066955566406250 3600000
0.066894531250000 3600000
0.068542480468750 3600000
0.067321777343750 3600034
0.067382812500000 3599965
0.067321777343750 3600000
0.000000000000000 3600000
0.126708984375000 3600034
0.000000000000000 3599965
0.067199707031250 3600000
0.067382812500000 3600000
0.068237304687500 3600000
0.067565917968750 3600000
0.067199707031250 3600000
0.067382812500000 3599965
0.067626953125000 3600034
0.068603515625000 3600000
0.068542480468750 3600000
0.067016601562500 3600000
0.065246582031250 3600000
0.000000000000000 3600034
0.066040039062500 3599965
0.066406250000000 3600000
0.068115234375000 3600000
0.065795898437500 3600000
0.068359375000000 3600034
0.059448242187500 3599965
0.066528320312500 3600000
0.059265136718750 3600000
0.064392089843750 3599931
0.067810058593750 3600068
0.067565917968750 3600000
0.068664550781250 3600000
0.064819335937500 3600000
0.068481445312500 3599965
0.068481445312500 3600034
0.000000000000000 3600000
0.067077636718750 3599965
0.066894531250000 3600034
0.065612792968750 3600000
0.067871093750000 3599760
0.066650390625000 3600239
0.068847656250000 3600000
0.068725585937500 3600034
0.067260742187500 3599965
0.059143066406250 3600000
0.069274902343750 3600000
0.067749023437500 3600034
0.065856933593750 3599965
0.067382812500000 3600000
0.060668945312500 3600000
0.000000000000000 3600034
0.065429687500000 3599965
0.068969726562500 3600000
0.065368652343750 3599897
0.067382812500000 3600000
0.066406250000000 3600068
0.067687988281250 3599897
0.064758300781250 3600137
0.068054199218750 3600000
0.067504882812500 3600000
0.067443847656250 3600000
0.066711425781250 3599931
0.064941406250000 3600034
0.000000000000000 3600034
0.067077636718750 3600000
0.066894531250000 3600000
0.068359375000000 3600000
0.066345214843750 3600000
0.064941406250000 3600000
0.069885253906250 3600000
0.066284179687500 3600000
0.066223144531250 3600000
0.066162109375000 3600000
0.068542480468750 3600000
0.067810058593750 3600000
0.066345214843750 3600000
0.000000000000000 3600000
0.066528320312500 3600000
0.067504882812500 3600034
0.067993164062500 3599965
0.065429687500000 3600000
0.067016601562500 3600000
0.066589355468750 3600000
0.065063476562500 3600000
0.058959960937500 3600000
0.065673828125000 3600000
0.068359375000000 3600000
0.066894531250000 3600000
0.059570312500000 3599965
0.065612792968750 3600034
0.066894531250000 3600000
0.067687988281250 3600000
0.066223144531250 3599862
0.000000000000000 3600171
0.067382812500000 3599965
0.065124511718750 3600000
0.066650390625000 3600000
0.066345214843750 3600000
0.067993164062500 3600034
0.069824218750000 3599965
0.065979003906250 3600034
0.067626953125000 3599965
0.066406250000000 3600000
0.058959960937500 3600000
0.064941406250000 3600000
0.069824218750000 3600000
0.066406250000000 3600000
0.000000000000000 3600034
0.070068359375000 3599965
0.066345214843750 3599965
0.067382812500000 3600034
0.066589355468750 3600000
0.065490722656250 3600000
0.067810058593750 3600000
0.066955566406250 3599965
0.067382812500000 3600034
0.066650390625000 3600000
0.066223144531250 3600000
0.067687988281250 3600000
0.067932128906250 3600000
0.000000000000000 3600000
0.069091796875000 3600000
0.066772460937500 3600000
0.067016601562500 3600000
0.068176269531250 3600000
0.065979003906250 3600034
0.068237304687500 3599965
0.059082031250000 3599931
0.067504882812500 3600068
0.059082031250000 3600000
0.066223144531250 3600000
0.066589355468750 3600000
0.068969726562500 3600000
0.067810058593750 3600000
0.067199707031250 3600000
0.000000000000000 3600000
0.067626953125000 3600000
0.068298339843750 3600000
0.065856933593750 3600034
0.069030761718750 3599965
0.067810058593750 3600000
0.065551757812500 3600000
0.066345214843750 3599965
0.067687988281250 3600034
0.064941406250000 3600000
0.066528320312500 3600034
0.067749023437500 3599965
0.066894531250000 3600000
0.000000000000000 3599931
0.067382812500000 3600102
0.067749023437500 3599965
0.066955566406250 3600000
0.068298339843750 3600000
0.067016601562500 3600000
0.067016601562500 3600000
0.065856933593750 3600000
0.069152832031250 3599965
0.066650390625000 3600034
0.067687988281250 3600000
0.066284179687500 3600000
0.067077636718750 3600000
0.000000000000000 3600000
0.069580078125000 3600000
0.065856933593750 3600034
0.066284179687500 3599965
0.066711425781250 3600000
0.068969726562500 3600000
0.065063476562500 3600000
0.068481445312500 3599897
0.068359375000000 3600137
0.065612792968750 3599965
0.069152832031250 3600000
0.068359375000000 3599965
0.000000000000000 3600034
0.066589355468750 3600000
0.067016601562500 3599965
0.068237304687500 3600034
0.068481445312500 3600000
0.064758300781250 3432377
0.067077636718750 3600000
0.068542480468750 3600000
0.068786621093750 3599965
0.067871093750000 3600034
0.068847656250000 3599965
0.066955566406250 3600034
0.000000000000000 3599931
0.067687988281250 3600102
0.067810058593750 3599965
0.067443847656250 3600000
0.066589355468750 3599965
0.065612792968750 3600034
0.060058593750000 3600000
0.068664550781250 3600000
0.066040039062500 3600000
0.058959960937500 3600000
0.066589355468750 3600000
0.059509277343750 3600000
0.064880371093750 3599965
0.066162109375000 3600034
0.066650390625000 3599931
0.059753417968750 3600102
0.065856933593750 3600000
0.067871093750000 3599965
0.000000000000000 3600000
0.070007324218750 3600000
0.065429687500000 3599965
0.059204101562500 3600034
0.065124511718750 3600000
0.067565917968750 3600000
0.066223144531250 3600034
0.068298339843750 3599931
0.065734863281250 3600034
0.067016601562500 3600000
0.066772460937500 3599965
0.065551757812500 3600000
0.067932128906250 3600000
0.067443847656250 3600034
0.066406250000000 3600000
0.066650390625000 3599931
0.000000000000000 3600068
0.067687988281250 3600000
0.059997558593750 3600000
0.066894531250000 3600000
0.066833496093750 3600000
0.065979003906250 3599965
0.068176269531250 3599931
0.067504882812500 3600102
0.068054199218750 3600000
0.067749023437500 3600000
0.067871093750000 3600000
0.069641113281250 3599965
0.064575195312500 3600034
0.066467285156250 3600000
0.000000000000000 3600000
0.066406250000000 3600000
0.069274902343750 3600000
0.066528320312500 3600000
0.065246582031250 3599897
0.065979003906250 3600068
0.067138671875000 3600034
0.067993164062500 3599931
0.065917968750000 3600068
0.065246582031250 3600000
0.068603515625000 3600000
0.068359375000000 3599931
0.067810058593750 3600068
0.000000000000000 3599965
0.064392089843750 3600068
0.067993164062500 3599965
0.066711425781250 3599931
0.067382812500000 3600068
0.068847656250000 3600000
0.065185546875000 3599965
0.067871093750000 3600034
0.068176269531250 3600000
0.067260742187500 3600000
0.065246582031250 3600000
0.068603515625000 3600000
0.067199707031250 3600000
0.000000000000000 3600000
0.066406250000000 3599965
0.058959960937500 3600034
0.067016601562500 3600000
0.067565917968750 3600000
0.066467285156250 3600000
0.067626953125000 3599862
0.066040039062500 3600137
0.069458007812500 3600000
0.067077636718750 3600000
0.066894531250000 3600000
0.068359375000000 3600000
0.066162109375000 3600000
0.067687988281250 3600000
0.000000000000000 3600000
0.068664550781250 3599965
0.068664550781250 3599965
0.068176269531250 3600068
0.067016601562500 3600000
0.069946289062500 3600000
0.066589355468750 3600000
0.067871093750000 3600000
0.070007324218750 3599965
0.065856933593750 3600034
0.068481445312500 3600000
0.000000000000000 3600000
0.068786621093750 3600000
0.067260742187500 3600000
0.065429687500000 3600000
0.069946289062500 3600034
0.068664550781250 3599965
0.065246582031250 3599965
0.068542480468750 3600000
0.065124511718750 3600034
0.068786621093750 3599931
0.065856933593750 3600068
0.067260742187500 3600000
0.000000000000000 3600000
0.069274902343750 3600000
0.066528320312500 3600000
0.067810058593750 3600000
0.066101074218750 3600000
0.068237304687500 3600000
0.065795898437500 3599862
0.070190429687500 3600137
0.066711425781250 3600000
0.068908691406250 3600000
0.067199707031250 3600000
0.000000000000000 3600000
0.067077636718750 3599965
0.066955566406250 3600034
0.065795898437500 3600000
0.066711425781250 3600000
0.067077636718750 3600000
0.067565917968750 3600000
0.066467285156250 3599965
0.066528320312500 3600000
0.067504882812500 3600000
0.068481445312500 3599965
0.068115234375000 3600068
0.067504882812500 3600000
0.064819335937500 3600000
0.000000000000000 3600000
0.068664550781250 3600000
0.066040039062500 3600000
0.068603515625000 3600000
0.066345214843750 3600000
0.058959960937500 3600000
0.071228027343750 3599965
0.064697265625000 3600034
0.068664550781250 3600000
0.067321777343750 3600000
0.066894531250000 3599965
0.069091796875000 3600000
0.067016601562500 3600034
0.000000000000000 3600000
0.068298339843750 3600000
0.065307617187500 3600000
0.066528320312500 3600000
0.065917968750000 3600000
0.067810058593750 3599931
0.066406250000000 3600068
0.067077636718750 3600000
0.068420410156250 3600000
0.065917968750000 3599965
0.069274902343750 3599965
0.064331054687500 3600068
0.068176269531250 3600000
0.000000000000000 3600000
0.066589355468750 3600000
0.068176269531250 3600000
0.067626953125000 3600000
0.066223144531250 3600000
0.059631347656250 3600000
0.066284179687500 3599965
0.070068359375000 3600034
0.065246582031250 3600000
0.067504882812500 3600000
0.065185546875000 3600000
0.068786621093750 3599965
0.067321777343750 3600000
0.065429687500000 3600034
0.058898925781250 3599965
0.065124511718750 3599965
0.000000000000000 3600068
0.067138671875000 3600000
0.065734863281250 3600000
0.069763183593750 3600000
0.071105957031250 3599931
0.064880371093750 3600068
0.068908691406250 3600000
0.066040039062500 3599965
0.067077636718750 3600034
0.065795898437500 3600000
0.068298339843750 3600000
0.068908691406250 3600000
0.000000000000000 3600000
0.065307617187500 3600000
0.068481445312500 3600000
0.066528320312500 3599965
0.067504882812500 3600000
0.066223144531250 3599965
0.067932128906250 3600068
0.060363769531250 3600000
0.060302734375000 3599931
0.062500000000000 3600034
0.064453125000000 3600000
0.069458007812500 3600068
0.069152832031250 3599965
0.061218261718750 3600000
0.068603515625000 3600000
0.058959960937500 3600000
0.065063476562500 3599965
0.061889648437500 3600034
0.121704101562500 3599984
0.065795898437500 3600034
0.063781738281250 3600000
0.067321777343750 3600000
0.059020996093750 3600000
0.062011718750000 3600000
0.069274902343750 3600000
0.064819335937500 3600000
0.061401367187500 3600000
0.000000000000000 3600000
0.072875976562500 3600000
0.068481445312500 3600000
0.070007324218750 3600000
0.059387207031250 3600000
0.063476562500000 3599965
0.068054199218750 3600034
0.068664550781250 3600000
0.059448242187500 3600000
0.067810058593750 3600034
0.067138671875000 3599965
0.066101074218750 3599931
0.068054199218750 3600068
0.067077636718750 3600000
0.065734863281250 3600034
0.000000000000000 3599897
0.067382812500000 3600068
0.059326171875000 3600000
0.069274902343750 3600000
0.068237304687500 3600000
0.066223144531250 3600000
0.067626953125000 3600000
0.067016601562500 3600000
0.066040039062500 3600000
0.065063476562500 3599965
0.066528320312500 3600034
0.069335937500000 3600000
0.068481445312500 3600000
0.066650390625000 3600000
0.000000000000000 3600000
0.066894531250000 3599931
0.067626953125000 3600068
0.066772460937500 3599931
0.067382812500000 3600034
0.065490722656250 3600034
0.068664550781250 3600000
0.067687988281250 3600000
0.065979003906250 3600000
0.065734863281250 3599931
0.066101074218750 3600068
0.068054199218750 3600000
0.071838378906250 3779319
0.000000000000000 3732142
0.074157714843750 3700035
0.072875976562500 3700000
0.073059082031250 3699964
0.073120117187500 3700000
0.070922851562500 3700035
0.071105957031250 3699964
0.072814941406250 3700000
0.072143554687500 3700035
0.073547363281250 3699964
0.069396972656250 3699964
0.071899414062500 3700070
0.000000000000000 3700000
0.072753906250000 3700000
0.064636230468750 3699964
0.127807617187500 3700000
0.000000000000000 3700035
0.070312500000000 3700000
0.063720703125000 3699964
0.073059082031250 3700000
0.073547363281250 3700035
0.073669433593750 3699964
0.077270507812500 3700000
0.068725585937500 3700000
0.064636230468750 3700035
0.065673828125000 3700000
0.072204589843750 3699894
0.073791503906250 3700070
0.073303222656250 3700035
0.071899414062500 3700000
0.075622558593750 3699964
0.000000000000000 3700000
0.134460449218750 3700035
0.000000000000000 3700000
0.072570800781250 3699894
0.071044921875000 3700105
0.074584960937500 3699964
0.070678710937500 3700035
0.066040039062500 3699964
0.071533203125000 3700000
0.071411132812500 3700000
0.071289062500000 3700035
0.074096679687500 3700000
0.071960449218750 3699964
0.071472167968750 3699964
0.071716308593750 3700035
0.072143554687500 3700035
0.063659667968750 3700000
0.000000000000000 3699894
0.071166992187500 3700035
0.075195312500000 3700070
0.070373535156250 3700000
0.072143554687500 3700000
0.073059082031250 3700000
0.071166992187500 3700000
0.070983886718750 3700000
0.070617675781250 3700000
0.074157714843750 3699964
0.070129394531250 3700035
0.073364257812500 3700000
0.073181152343750 3700000
0.000000000000000 3699964
0.071228027343750 3700035
0.072570800781250 3699964
0.069152832031250 3700035
0.072753906250000 3700000
0.072326660156250 3699964
0.073852539062500 3700035
0.071899414062500 3700000
0.071594238281250 3700000
0.073059082031250 3700000
0.071350097656250 3699964
0.064514160156250 3700035
0.071289062500000 3699964
0.072509765625000 3700000
0.000000000000000 3700000
0.075683593750000 3700000
0.070129394531250 3700035
0.064147949218750 3700000
0.070373535156250 3700000
0.072326660156250 3700000
0.070495605468750 3699964
0.063293457031250 3700000
0.070373535156250 3700000
0.074340820312500 3700000
0.069641113281250 3700000
0.074218750000000 3699929
0.063720703125000 3700105
0.073364257812500 3699964
0.071533203125000 3700035
0.069641113281250 3700000
0.073669433593750 3700000
0.071899414062500 3700000
0.000000000000000 3699964
0.072326660156250 3700035
0.073974609375000 3699929
0.069335937500000 3700070
0.074707031250000 3700000
0.071289062500000 3699964
0.073852539062500 3700000
0.072753906250000 3700000
0.075256347656250 3700000
0.073120117187500 3699964
0.069824218750000 3700035
0.073059082031250 3700035
0.000000000000000 3700000
0.071777343750000 3699894
0.073608398437500 3700105
0.069702148437500 3699964
0.075195312500000 3700035
0.071838378906250 3699964
0.073547363281250 3699964
0.072875976562500 3700035
0.071105957031250 3700000
0.071899414062500 3700000
0.072753906250000 3700000
0.075256347656250 3700035
0.000000000000000 3700000
0.072875976562500 3699964
0.071472167968750 3700000
0.071838378906250 3700000
0.073364257812500 3700000
0.071777343750000 3700000
0.070922851562500 3700000
0.072814941406250 3700000
0.072021484375000 3700000
0.071350097656250 3700000
0.073547363281250 3700000
0.072509765625000 3700000
0.071594238281250 3700035
0.000000000000000 3699964
0.072814941406250 3700000
0.073913574218750 3699964
0.072265625000000 3700035
0.070373535156250 3700000
0.073303222656250 3700035
0.072814941406250 3700000
0.073486328125000 3699929
0.071594238281250 3700070
0.072387695312500 3700000
0.065368652343750 3700000
0.070068359375000 3700000
0.073364257812500 3699929
0.071655273437500 3700070
0.000000000000000 3700000
0.072998046875000 3699964
0.073181152343750 3700035
0.072448730468750 3699964
0.072509765625000 3700000
0.071533203125000 3700000
0.071716308593750 3700000
0.072326660156250 3700035
0.073547363281250 3700000
0.069274902343750 3699929
0.074707031250000 3700070
0.071655273437500 3699964
0.070312500000000 3700035
0.000000000000000 3699964
0.073059082031250 3700000
0.074218750000000 3700035
0.073669433593750 3699964
0.072326660156250 3700035
0.072937011718750 3700000
0.072387695312500 3699964
0.070373535156250 3700000
0.062927246093750 3700035
0.071228027343750 3700000
0.072387695312500 3699964
0.070861816406250 3699964
0.074768066406250 3700070
0.000000000000000 3700000
0.072265625000000 3700000
0.071411132812500 3699964
0.071655273437500 3700035
0.070800781250000 3699964
0.074584960937500 3700035
0.069213867187500 3700000
0.073547363281250 3699964
0.070800781250000 3699964
0.074401855468750 3700070
0.071044921875000 3699964
0.070556640625000 3700000
0.073608398437500 3700000
0.070678710937500 3700000
0.000000000000000 3699964
0.075073242187500 3700070
0.070617675781250 3699964
0.072937011718750 3700035
0.074645996093750 3699929
0.071716308593750 3700070
0.073303222656250 3700000
0.070495605468750 3700000
0.073303222656250 3699964
0.069030761718750 3700035
0.075561523437500 3699964
0.063964843750000 3699929
0.069702148437500 3700105
0.072387695312500 3700000
0.000000000000000 3700000
0.071655273437500 3699964
0.073242187500000 3700035
0.073486328125000 3700000
0.072021484375000 3700000
0.071960449218750 3700000
0.072753906250000 3699929
0.072570800781250 3700035
0.072143554687500 3700000
0.072570800781250 3700000
0.071166992187500 3700035
0.064331054687500 3700000
0.073242187500000 3700000
0.072387695312500 3699964
0.071044921875000 3700000
0.000000000000000 3700035
0.073486328125000 3699964
0.073242187500000 3700000
0.072937011718750 3700000
0.072692871093750 3700000
0.071716308593750 3700000
0.072998046875000 3700000
0.072814941406250 3700035
0.072265625000000 3700000
0.071899414062500 3699964
0.072021484375000 3700035
0.072387695312500 3700000
0.000000000000000 3700000
0.072998046875000 3699964
0.071716308593750 3700035
0.072265625000000 3699964
0.072509765625000 3700000
0.073486328125000 3700000
0.070556640625000 3700000
0.071960449218750 3700000
0.072143554687500 3700000
0.071533203125000 3700035
0.071594238281250 3700000
0.071655273437500 3699964
0.073913574218750 3700000
0.000000000000000 3700035
0.071533203125000 3699929
0.072875976562500 3700070
0.069702148437500 3699964
0.073486328125000 3700000
0.072753906250000 3700000
0.072265625000000 3700000
0.072326660156250 3700000
0.070983886718750 3700035
0.072326660156250 3700000
0.071533203125000 3700000
0.074645996093750 3699964
0.072875976562500 3700035
0.000000000000000 3699964
0.069580078125000 3700035
0.064270019531250 3699929
0.070251464843750 3700035
0.071166992187500 3700000
0.074951171875000 3700000
0.072570800781250 3700035
0.075073242187500 3699964
0.071838378906250 3700000
0.071655273437500 3700035
0.069885253906250 3700000
0.074951171875000 3700000
0.069763183593750 3699894
0.073913574218750 3700000
0.000000000000000 3700070
0.072937011718750 3700000
0.070983886718750 3700000
0.064575195312500 3699964
0.073669433593750 3700070
0.071655273437500 3699964
0.070129394531250 3700035
0.076416015625000 3700000
0.072875976562500 3700000
0.072204589843750 3699964
0.072937011718750 3700035
0.070251464843750 3700000
0.073242187500000 3700000
0.072204589843750 3700000
0.000000000000000 3699929
0.072265625000000 3700070
0.071228027343750 3700000
0.076416015625000 3700000
0.074707031250000 3699964
0.071777343750000 3700035
0.070495605468750 3699929
0.069641113281250 3700035
0.064697265625000 3700000
0.074279785156250 3700000
0.072509765625000 3700035
0.074279785156250 3700000
0.071228027343750 3700000
0.071533203125000 3699964
0.000000000000000 3700035
0.071289062500000 3700000
0.073486328125000 3699964
0.071594238281250 3700000
0.064086914062500 3700035
0.071411132812500 3700000
0.076232910156250 3700000
0.073059082031250 3700000
0.071899414062500 3699964
0.072570800781250 3699964
0.070129394531250 3700070
0.071777343750000 3700000
0.070922851562500 3699964
0.075378417968750 3699964
0.000000000000000 3700035
0.074401855468750 3700000
0.069396972656250 3700000
0.071289062500000 3700000
0.073181152343750 3700035
0.071166992187500 3700000
0.070983886718750 3700000
0.073547363281250 3699964
0.071594238281250 3700035
0.072753906250000 3700000
0.072509765625000 3699964
0.070007324218750 3700000
0.072021484375000 3700000
0.000000000000000 3700035
0.072082519531250 3700000
0.072814941406250 3700000
0.072570800781250 3699929
0.071289062500000 3700035
0.072326660156250 3700000
0.071960449218750 3700035
0.073181152343750 3700000
0.070800781250000 3699964
0.071166992187500 3700000
0.074584960937500 3699894
0.070617675781250 3700105
0.072631835937500 3700000
0.000000000000000 3700000
0.070312500000000 3700000
0.070983886718750 3700000
0.069824218750000 3700000
0.072631835937500 3700035
0.072143554687500 3699964
0.070495605468750 3700000
0.074951171875000 3700035
0.063598632812500 3699964
0.073913574218750 3700000
0.070312500000000 3700000
0.072021484375000 3700035
0.073303222656250 3700000
0.069885253906250 3699964
0.000000000000000 3700000
0.071960449218750 3700000
0.071594238281250 3700035
0.073364257812500 3700000
0.070312500000000 3700000
0.073669433593750 3699964
0.074890136718750 3700000
0.070129394531250 3700035
0.074462890625000 3699964
0.070495605468750 3700000
0.070495605468750 3699964
0.070861816406250 3700000
0.063842773437500 3700035
0.069458007812500 3700035
0.072509765625000 3699964
0.000000000000000 3700000
0.073059082031250 3699964
0.070861816406250 3700035
0.071533203125000 3699964
0.072509765625000 3700070
0.072631835937500 3700000
0.071228027343750 3700000
0.075622558593750 3700000
0.071716308593750 3699964
0.069458007812500 3699964
0.072753906250000 3700035
0.069946289062500 3700000
0.000000000000000 3700000
0.074584960937500 3700035
0.071350097656250 3699964
0.063903808593750 3700035
0.074707031250000 3699894
0.069702148437500 3700070
0.071472167968750 3700035
0.071777343750000 3699964
0.072875976562500 3700035
0.069152832031250 3700000
0.073425292968750 3699929
0.072631835937500 3700070
0.071777343750000 3700000
0.072082519531250 3700000
0.070373535156250 3699964
0.000000000000000 3700000
0.075561523437500 3700000
0.070556640625000 3700000
0.071716308593750 3699964
0.071716308593750 3700035
0.075134277343750 3700035
0.071472167968750 3699964
0.069641113281250 3700000
0.071716308593750 3700035
0.071777343750000 3699964
0.072387695312500 3700000
0.071838378906250 3699964
0.074768066406250 3700070
0.000000000000000 3699929
0.071899414062500 3700035
0.072509765625000 3699964
0.070251464843750 3700035
0.071411132812500 3700000
0.071289062500000 3700035
0.071777343750000 3700000
0.072937011718750 3699964
0.072509765625000 3700035
0.071655273437500 3699964
0.071838378906250 3700035
0.070007324218750 3699964
0.063354492187500 3700035
0.071960449218750 3699929
0.069641113281250 3630221
0.000000000000000 3600000
0.067932128906250 3600000
0.067626953125000 3600000
0.060485839843750 3599965
0.065612792968750 3600034
0.067871093750000 3600000
0.066589355468750 3600000
0.067077636718750 3600000
0.066162109375000 3600000
0.067871093750000 3600000
0.067504882812500 3599965
0.068481445312500 3599965
0.066040039062500 3600068
0.065551757812500 3600034
0.000000000000000 3599965
0.067932128906250 3599931
0.067199707031250 3600068
0.066894531250000 3600000
0.066162109375000 3600000
0.066467285156250 3600000
0.067810058593750 3599965
0.067504882812500 3600034
0.068786621093750 3600000
0.065429687500000 3600034
0.068298339843750 3599965
0.059387207031250 3600000
0.064819335937500 3600000
0.066772460937500 3599965
0.066650390625000 3600034
0.000000000000000 3600000
0.067932128906250 3600000
0.065795898437500 3600000
0.067138671875000 3599965
0.067565917968750 3600034
0.067138671875000 3600000
0.068054199218750 3599965
0.067016601562500 3600034
0.069030761718750 3599965
0.066589355468750 3600034
0.066589355468750 3600000
0.069946289062500 3600000
0.000000000000000 3599965
0.067565917968750 3600034
0.067749023437500 3599965
0.065368652343750 3600000
0.067871093750000 3600034
0.068420410156250 3599965
0.059448242187500 3600034
0.065185546875000 3599931
0.068969726562500 3600068
0.067504882812500 3600000
0.067138671875000 3600000
0.067382812500000 3600000
0.065917968750000 3600000
0.000000000000000 3599965
0.068847656250000 3600034
0.064636230468750 3600000
0.067871093750000 3600000
0.065551757812500 3600000
0.059020996093750 3600000
0.269348144531250 3600000
0.069580078125000 3599931
0.069458007812500 3600034
0.065612792968750 3600000
0.066345214843750 3600034
0.066101074218750 3600000
0.000000000000000 3600000
0.068969726562500 3600000
0.064819335937500 3600000
0.069335937500000 3600000
0.068908691406250 3600000
0.067260742187500 3600000
0.067016601562500 3600000
0.065124511718750 3600000
0.066406250000000 3600000
0.065856933593750 3600000
0.067871093750000 3599965
0.067871093750000 3600034
0.065246582031250 3600034
0.000000000000000 3599965
0.066711425781250 3600034
0.067626953125000 3599965
0.066772460937500 3600000
0.065734863281250 3600000
0.068847656250000 3600000
0.068664550781250 3600000
0.066223144531250 3600000
0.066833496093750 3600000
0.066101074218750 3600034
0.065368652343750 3600000
0.067199707031250 3599897
0.059753417968750 3600068
0.067138671875000 3600000
0.063415527343750 3701979
0.080078125000000 3800000
0.000000000000000 3799963
0.080627441406250 3800036
0.076171875000000 3800000
0.077209472656250 3800000
0.076110839843750 3799963
0.077941894531250 3800036
0.080261230468750 3799963
0.078796386718750 3800072
0.075012207031250 3799963
0.069763183593750 3800036
0.074829101562500 3799963
0.072204589843750 3800000
0.076416015625000 3800000
0.078796386718750 3799891
0.078125000000000 3800072
0.069335937500000 3800036
0.076293945312500 3800000
0.000000000000000 3800000
0.079162597656250 3800000
0.078918457031250 3800000
0.077819824218750 3800000
0.077941894531250 3799891
0.071411132812500 3800072
0.078247070312500 3800072
0.077331542968750 3799963
0.080383300781250 3800000
0.078125000000000 3800000
0.076782226562500 3800000
0.078002929687500 3800000
0.076782226562500 3799927
0.000000000000000 3800036
0.080261230468750 3800036
0.075256347656250 3800000
0.075927734375000 3800000
0.075378417968750 3800000
0.078674316406250 3800000
0.096679687500000 3800000
0.000000000000000 3800000
0.097351074218750 3800000
0.094665527343750 3800000
0.000000000000000 3800000
0.082214355468750 3800000
0.082824707031250 3800000
0.073730468750000 3800000
0.077026367187500 3800000
0.073181152343750 3800000
0.075683593750000 3800000
0.074218750000000 3800000
0.074218750000000 3800000
0.064453125000000 3800000
0.000000000000000 3800000
0.074523925781250 3800000
0.074584960937500 3800000
0.064331054687500 3800000
0.075134277343750 3800000
0.073486328125000 3800000
0.074523925781250 3800000
0.064575195312500 3800000
0.072448730468750 3800000
0.076049804687500 3800000
0.071166992187500 3800000
0.073059082031250 3800000
0.072937011718750 3800000
0.073059082031250 3799963
0.072875976562500 3800000
0.000000000000000 3800036
0.072814941406250 3799927
0.074096679687500 3800108
0.072937011718750 3799927
0.074157714843750 3800036
0.071105957031250 3800000
0.072204589843750 3800000
0.072753906250000 3800000
0.072021484375000 3800000
0.073852539062500 3799963
0.072509765625000 3800036
0.074951171875000 3800000
0.072692871093750 3800000
0.000000000000000 3800000
0.073425292968750 3800000
0.073486328125000 3800000
0.071716308593750 3800000
0.072082519531250 3800000
0.072082519531250 3800000
0.074523925781250 3799963
0.076232910156250 3800000
0.073181152343750 3800036
0.072692871093750 3800000
0.073974609375000 3800000
0.073730468750000 3799963
0.071838378906250 3800036
0.000000000000000 3800000
0.072753906250000 3800000
0.075561523437500 3800000
0.071960449218750 3800000
0.073852539062500 3800000
0.071472167968750 3799963
0.072692871093750 3800000
0.073303222656250 3800036
0.064331054687500 3800000
0.074951171875000 3800000
0.071228027343750 3800000
0.074584960937500 3800000
0.071716308593750 3800000
0.072814941406250 3799963
0.070129394531250 3800036
0.000000000000000 3800000
0.074462890625000 3799963
0.072143554687500 3800036
0.072692871093750 3800000
0.074096679687500 3799963
0.072326660156250 3799963
0.074096679687500 3800108
0.072082519531250 3799963
0.072448730468750 3799963
0.073364257812500 3800036
0.073974609375000 3799963
0.073608398437500 3800036
0.072509765625000 3800000
0.000000000000000 3799927
0.072937011718750 3800072
0.072204589843750 3800000
0.074523925781250 3800000
0.071655273437500 3800000
0.073303222656250 3799963
0.074218750000000 3800072
0.071838378906250 3800000
0.075073242187500 3799963
0.071228027343750 3800000
0.074401855468750 3799891
0.072692871093750 3800108
0.075195312500000 3800000
0.000000000000000 3800000
0.073791503906250 3800000
0.072204589843750 3800000
0.073181152343750 3800000
0.072082519531250 3799963
0.065551757812500 3800036
0.071533203125000 3800036
0.074096679687500 3799891
0.073974609375000 3800072
0.072082519531250 3800000
0.074462890625000 3800000
0.070983886718750 3799927
0.074890136718750 3800000
0.073120117187500 3800072
0.065429687500000 3799891
0.071350097656250 3800108
0.000000000000000 3800000
0.074768066406250 3800000
0.073486328125000 3799927
0.071533203125000 3800072
0.065979003906250 3800000
0.072143554687500 3799963
0.073669433593750 3800036
0.071105957031250 3800000
0.075134277343750 3799963
0.074218750000000 3799963
0.070434570312500 3800072
0.073181152343750 3800000
0.071655273437500 3800000
0.074645996093750 3799963
0.070983886718750 3800000
0.000000000000000 3800000
0.072875976562500 3800036
0.073242187500000 3800000
0.075561523437500 3800000
0.074829101562500 3800000
0.070373535156250 3800000
0.073181152343750 3799891
0.072570800781250 3800072
0.074584960937500 3799963
0.072937011718750 3800000
0.074462890625000 3800072
0.073120117187500 3799963
0.000000000000000 3800036
0.073791503906250 3800000
0.072814941406250 3800000
0.071105957031250 3800000
0.073974609375000 3800000
0.072082519531250 3800000
0.074951171875000 3800000
0.072509765625000 3800000
0.071105957031250 3799963
0.072875976562500 3800036
0.073303222656250 3799963
0.073303222656250 3800036
0.071594238281250 3799927
0.073791503906250 3800072
0.000000000000000 3799891
0.074707031250000 3800144
0.072937011718750 3800000
0.074096679687500 3799963
0.071594238281250 3800000
0.072204589843750 3800000
0.073669433593750 3800000
0.074096679687500 3799927
0.071411132812500 3800072
0.072326660156250 3800000
0.073181152343750 3800000
0.073486328125000 3800000
0.072631835937500 3799927
0.071228027343750 3800108
0.000000000000000 3799963
0.073608398437500 3800000
0.076599121093750 3800000
0.070373535156250 3800000
0.075317382812500 3800000
0.072204589843750 3799927
0.072570800781250 3800072
0.072875976562500 3800000
0.072204589843750 3800000
0.076232910156250 3800000
0.073303222656250 3800036
0.074462890625000 3799963
0.000000000000000 3800000
0.072998046875000 3800000
0.072814941406250 3800000
0.071899414062500 3799963
0.072692871093750 3799963
0.075317382812500 3800072
0.072204589843750 3799963
0.073303222656250 3800036
0.072753906250000 3800000
0.073364257812500 3800000
0.071472167968750 3800036
0.074340820312500 3799963
0.073120117187500 3800000
0.000000000000000 3800000
0.072448730468750 3800000
0.073120117187500 3800000
0.072753906250000 3799963
0.074584960937500 3800036
0.070617675781250 3800000
0.076110839843750 3800000
0.075073242187500 3800000
0.071472167968750 3800000
0.074707031250000 3800000
0.072082519531250 3799963
0.074340820312500 3800000
0.071105957031250 3800036
0.000000000000000 3800036
0.074157714843750 3799963
0.075317382812500 3800000
0.072143554687500 3800000
0.074462890625000 3800000
0.072326660156250 3799891
0.074584960937500 3800108
0.072326660156250 3800000
0.074401855468750 3800000
0.073486328125000 3800000
0.072326660156250 3799927
0.072570800781250 3800072
0.000000000000000 3800000
0.073913574218750 3799891
0.073730468750000 3800108
0.072814941406250 3800000
0.073730468750000 3800000
0.072448730468750 3800000
0.073364257812500 3800000
0.074035644531250 3799963
0.072021484375000 3799891
0.073181152343750 3800180
0.073486328125000 3799963
0.074279785156250 3800000
0.000000000000000 3800000
0.073120117187500 3799963
0.070861816406250 3800036
0.072998046875000 3800000
0.072448730468750 3800000
0.072570800781250 3799891
0.072021484375000 3800108
0.071350097656250 3799963
0.077575683593750 3800036
0.072326660156250 3800000
0.071411132812500 3799927
0.072387695312500 3800036
0.073791503906250 3800036
0.072937011718750 3799927
0.000000000000000 3800072
0.072448730468750 3800000
0.076843261718750 3799891
0.070861816406250 3800108
0.074707031250000 3800000
0.072204589843750 3800000
0.072509765625000 3800000
0.072204589843750 3800000
0.072448730468750 3800000
0.075500488281250 3799963
0.072204589843750 3800000
0.073730468750000 3800036
0.071350097656250 3800000
0.064514160156250 3800000
0.071105957031250 3800000
0.000000000000000 3800000
0.073181152343750 3800000
0.072753906250000 3800000
0.073913574218750 3800000
0.073852539062500 3800000
0.072082519531250 3800000
0.073486328125000 3800000
0.071350097656250 3800000
0.073852539062500 3800000
0.071472167968750 3800000
0.073669433593750 3800000
0.073364257812500 3800000
0.070861816406250 3800036
0.000000000000000 3799927
0.076354980468750 3800036
0.070922851562500 3799963
0.073303222656250 3800000
0.071350097656250 3800000
0.075317382812500 3800036
0.072265625000000 3800000
0.072631835937500 3800000
0.075439453125000 3800000
0.073974609375000 3800036
0.066711425781250 3799963
0.071044921875000 3800000
0.064819335937500 3800000
0.071899414062500 3800000
0.072998046875000 3799963
0.075561523437500 3800036
0.000000000000000 3800000
0.071716308593750 3800000
0.073303222656250 3800000
0.072448730468750 3799963
0.075683593750000 3800036
0.070983886718750 3800000
0.073181152343750 3800000
0.073730468750000 3799963
0.071228027343750 3800000
0.073608398437500 3800036
0.071228027343750 3800000
0.075012207031250 3800000
0.071228027343750 3799963
0.073547363281250 3800036
0.000000000000000 3800000
0.070983886718750 3799927
0.073913574218750 3800072
0.073181152343750 3800000
0.070922851562500 3800036
0.074401855468750 3799963
0.073059082031250 3799927
0.072509765625000 3800072
0.071411132812500 3799927
0.074645996093750 3713534
0.072448730468750 3700035
0.071044921875000 3699929
0.073242187500000 3700000
0.000000000000000 3700070
0.070922851562500 3700000
0.074645996093750 3699964
0.070556640625000 3700035
0.072448730468750 3699964
0.070190429687500 3699859
0.072753906250000 3700176
0.073852539062500 3699929
0.069396972656250 3700070
0.072387695312500 3699964
0.071655273437500 3700000
0.063476562500000 3700035
0.072509765625000 3699964
0.070983886718750 3700000
0.000000000000000 3700035
0.072448730468750 3700000
0.072814941406250 3700000
0.071044921875000 3699964
0.072753906250000 3699964
0.073059082031250 3700070
0.072387695312500 3700000
0.072204589843750 3699964
0.063110351562500 3700000
0.079101562500000 3700035
0.072570800781250 3699929
0.071289062500000 3700035
0.000000000000000 3700035
0.073974609375000 3700000
0.066894531250000 3700000
0.076049804687500 3699929
0.072143554687500 3700035
0.075866699218750 3700000
0.068359375000000 3700000
0.064636230468750 3699929
0.073669433593750 3700105
0.063659667968750 3700000
0.070190429687500 3699964
0.072387695312500 3699929
0.064025878906250 3700105
0.075500488281250 3699964
0.072448730468750 3700035
0.072082519531250 3699964
0.064208984375000 3700000
0.063110351562500 3700000
0.065612792968750 3700035
0.068786621093750 3700000
0.072265625000000 3700000
0.064758300781250 3700000
0.000000000000000 3699964
0.070800781250000 3700035
0.072692871093750 3700000
0.074645996093750 3700000
0.072875976562500 3699964
0.071655273437500 3700000
0.072265625000000 3700035
0.072631835937500 3700000
0.074218750000000 3700000
0.071044921875000 3700000
0.072448730468750 3699964
0.071166992187500 3699964
0.000000000000000 3699964
0.072937011718750 3699964
0.069091796875000 3700070
0.074035644531250 3700035
0.070068359375000 3700035
0.073974609375000 3700000
0.070861816406250 3699964
0.070251464843750 3700000
0.070861816406250 3700035
0.071411132812500 3699929
0.073242187500000 3699964
0.070983886718750 3700105
0.070617675781250 3700000
0.000000000000000 3700000
0.073547363281250 3700000
0.071472167968750 3699964
0.072814941406250 3700000
0.071350097656250 3700000
0.073425292968750 3700035
0.072509765625000 3700000
0.070373535156250 3699964
0.073608398437500 3700000
0.070739746093750 3700000
0.072631835937500 3700035
0.071166992187500 3699929
0.000000000000000 3700070
0.072631835937500 3699964
0.073364257812500 3700035
0.070556640625000 3700000
0.063049316406250 3700000
0.070190429687500 3699964
0.072937011718750 3700000
0.071533203125000 3700035
0.070190429687500 3699964
0.063415527343750 3699929
0.072326660156250 3700070
0.064636230468750 3699964
0.070190429687500 3700035
0.072265625000000 3700035
0.071960449218750 3700000
0.073181152343750 3700000
0.071228027343750 3699929
0.071960449218750 3700070
0.000000000000000 3699964
0.076232910156250 3700000
0.071960449218750 3700035
0.071289062500000 3699964
0.067565917968750 3700035
0.067016601562500 3699964
0.067138671875000 3699929
0.078002929687500 3700070
0.074157714843750 3700035
0.070556640625000 3699964
0.073425292968750 3700000
0.073791503906250 3700035
0.070556640625000 3699964
0.000000000000000 3700035
0.070312500000000 3699964
0.074035644531250 3700000
0.073974609375000 3700035
0.070251464843750 3700000
0.071105957031250 3700000
0.070251464843750 3700000
0.063720703125000 3699964
0.070129394531250 3700035
0.070617675781250 3699964
0.070373535156250 3700000
0.073547363281250 3700035
0.064208984375000 3699964
0.069580078125000 3700035
0.071472167968750 3700000
0.070678710937500 3700000
0.000000000000000 3700000
0.074279785156250 3700000
0.070312500000000 3699964
0.070373535156250 3700035
0.072326660156250 3699929
0.073486328125000 3700035
0.073730468750000 3700000
0.071777343750000 3700035
0.070922851562500 3700000
0.071533203125000 3699964
0.074462890625000 3700000
0.070983886718750 3700035
0.000000000000000 3699964
0.135742187500000 3700035
0.000000000000000 3699929
0.071472167968750 3700000
0.071594238281250 3700035
0.070861816406250 3700035
0.074218750000000 3700000
0.069702148437500 3700000
0.071777343750000 3700000
0.072387695312500 3700000
0.071105957031250 3700000
0.071472167968750 3699964
0.071289062500000 3700000
0.062866210937500 3700000
0.070556640625000 3700035
0.073120117187500 3700000
0.000000000000000 3699964
0.074645996093750 3700000
0.070312500000000 3700000
0.063964843750000 3700000
0.071472167968750 3699964
0.072875976562500 3700070
0.071655273437500 3699964
0.073120117187500 3700035
0.070007324218750 3700000
0.072143554687500 3699964
0.072753906250000 3699929
0.069213867187500 3700070
0.064636230468750 3700000
0.069946289062500 3700035
0.071472167968750 3699964
0.071655273437500 3700000
0.000000000000000 3700035
0.073486328125000 3700000
0.074279785156250 3699964
0.071533203125000 3700000
0.073425292968750 3700000
0.072509765625000 3699894
0.070922851562500 3700105
0.073059082031250 3700000
0.072631835937500 3700000
0.071228027343750 3700000
0.071838378906250 3700035
0.071044921875000 3700000
0.000000000000000 3700000
0.072326660156250 3699964
0.071716308593750 3700035
0.069396972656250 3699964
0.063598632812500 3700035
0.073852539062500 3700000
0.070373535156250 3699964
0.070983886718750 3700000
0.072082519531250 3699929
0.070983886718750 3700070
0.071899414062500 3699964
0.071228027343750 3700035
0.069641113281250 3700000
0.073791503906250 3700035
0.070739746093750 3699964
0.000000000000000 3699964
0.069702148437500 3700070
0.072509765625000 3645405
0.070251464843750 3699929
0.063659667968750 3700105
0.072387695312500 3699894
0.072753906250000 3700105
0.074890136718750 3699964
0.069885253906250 3699964
0.071472167968750 3700035
0.071899414062500 3700000
0.073303222656250 3700000
0.072814941406250 3700000
0.000000000000000 3700000
0.072448730468750 3699964
0.072082519531250 3700000
0.069396972656250 3700000
0.071350097656250 3700035
0.070678710937500 3700000
0.073852539062500 3700035
0.070373535156250 3700000
0.073303222656250 3699894
0.073242187500000 3700000
0.071411132812500 3700035
0.064025878906250 3700035
0.068847656250000 3700035
0.070922851562500 3700000
0.072326660156250 3700000
0.000000000000000 3700000
0.072692871093750 3699964
0.072937011718750 3699964
0.072753906250000 3700070
0.073181152343750 3699964
0.070129394531250 3700035
0.072082519531250 3699894
0.071166992187500 3700070
0.070983886718750 3700000
0.072753906250000 3700000
0.072631835937500 3699964
0.072082519531250 3700035
0.069274902343750 3700000
0.000000000000000 3700035
0.073059082031250 3700000
0.068969726562500 3700000
0.072814941406250 3700000
0.070617675781250 3699964
0.072204589843750 3700000
0.074645996093750 3700035
0.071838378906250 3700000
0.070373535156250 3700000
0.070312500000000 3699964
0.072143554687500 3700035
0.071228027343750 3699964
0.072631835937500 3700000
0.000000000000000 3700035
0.073547363281250 3699929
0.071350097656250 3700035
0.071777343750000 3699964
0.069335937500000 3700070
0.072265625000000 3700000
0.070556640625000 3699929
0.073913574218750 3700035
0.072082519531250 3699964
0.072326660156250 3700035
0.071289062500000 3700000
0.072082519531250 3699929
0.000000000000000 3700035
0.073913574218750 3700070
0.068481445312500 3699929
0.073730468750000 3700035
0.070739746093750 3700035
0.073181152343750 3699964
0.073059082031250 3700035
0.070556640625000 3700000
0.072387695312500 3700000
0.070129394531250 3699964
0.073974609375000 3700035
0.071594238281250 3699929
0.070373535156250 3657797
0.000000000000000 3699964
0.073913574218750 3700035
0.071655273437500 3700035
0.064270019531250 3700000
0.070129394531250 3700000
0.073547363281250 3699964
0.071899414062500 3700000
0.070129394531250 3699964
0.070007324218750 3700035
0.072021484375000 3700035
0.071899414062500 3699964
0.072021484375000 3700000
0.071228027343750 3700000
0.073913574218750 3700000
0.000000000000000 3700035
0.068298339843750 3699964
0.070007324218750 3700000
0.072509765625000 3700035
0.072692871093750 3699964
0.071228027343750 3700035
0.071838378906250 3699964
0.073608398437500 3700035
0.068969726562500 3700000
0.072082519531250 3699964
0.069519042968750 3700000
0.072509765625000 3700000
0.071228027343750 3699964
0.072387695312500 3700070
0.000000000000000 3700000
0.072937011718750 3700000
0.069824218750000 3699964
0.073059082031250 3700000
0.069946289062500 3700000
0.071044921875000 3700035
0.069885253906250 3700000
0.074035644531250 3699964
0.063110351562500 3700035
0.072509765625000 3699929
0.072753906250000 3700070
0.069091796875000 3699964
0.074401855468750 3700000
0.069702148437500 3699964
0.000000000000000 3700070
0.070312500000000 3699964
0.068908691406250 3699964
0.063659667968750 3700000
0.073059082031250 3700035
0.072692871093750 3700035
0.072570800781250 3700000
0.069274902343750 3699929
0.064147949218750 3700035
0.073364257812500 3700000
0.072814941406250 3700000
0.071594238281250 3700035
0.071228027343750 3699964
0.075805664062500 3700000
0.069335937500000 3700000
0.072631835937500 3700000
0.000000000000000 3700000
0.071289062500000 3699964
0.070190429687500 3700035
0.074218750000000 3700000
0.072937011718750 3700000
0.073303222656250 3700000
0.069763183593750 3700035
0.063720703125000 3699964
0.070373535156250 3699964
0.071655273437500 3700035
0.068664550781250 3700000
0.075012207031250 3699929
0.063659667968750 3700105
0.071655273437500 3700000
0.071655273437500 3699964
0.071289062500000 3700000
0.000000000000000 3700000
0.073242187500000 3700000
0.070007324218750 3699929
0.072387695312500 3700070
0.070251464843750 3699929
0.073059082031250 3700070
0.073791503906250 3700035
0.070007324218750 3700000
0.072509765625000 3700000
0.070617675781250 3699929
0.073059082031250 3700000
0.069641113281250 3700035
0.071716308593750 3700035
0.000000000000000 3700000
0.074340820312500 3699929
0.070434570312500 3700070
0.074645996093750 3700000
0.071777343750000 3699964
0.071838378906250 3700000
0.070922851562500 3700035
0.075378417968750 3699894
0.071044921875000 3700105
0.069396972656250 3699929
0.071472167968750 3700000
0.071044921875000 3700070
0.000000000000000 3699964
0.071655273437500 3700035
0.071289062500000 3700000
0.074096679687500 3699964
0.072204589843750 3700000
0.072631835937500 3700035
0.071899414062500 3699894
0.071044921875000 3700070
0.069946289062500 3700035
0.072387695312500 3700000
0.074279785156250 3700000
0.071411132812500 3700000
0.071594238281250 3700000
0.000000000000000 3699964
0.071350097656250 3699894
0.071228027343750 3700105
0.073669433593750 3700035
0.072509765625000 3700000
0.072753906250000 3700000
0.071411132812500 3699929
0.071044921875000 3700035
0.072265625000000 3700035
0.069213867187500 3699859
0.073120117187500 3700105
0.071960449218750 3700000
0.071228027343750 3700035
0.000000000000000 3699964
0.072265625000000 3700035
0.071289062500000 3699964
0.069396972656250 3700000
0.074279785156250 3700035
0.073425292968750 3699964
0.070068359375000 3700035
0.073974609375000 3700000
0.072570800781250 3700000
0.069580078125000 3699964
0.070617675781250 3700035
0.070373535156250 3699929
0.000000000000000 3700070
0.072631835937500 3699964
0.071655273437500 3700035
0.072448730468750 3700000
0.073059082031250 3699894
0.069458007812500 3700070
0.072692871093750 3700035
0.070678710937500 3700000
0.072143554687500 3700000
0.070373535156250 3700000
0.073486328125000 3700000
0.073547363281250 3699964
0.069763183593750 3700000
0.070861816406250 3700000
0.000000000000000 3700035
0.071594238281250 3699964
0.073181152343750 3700035
0.070556640625000 3699964
0.073974609375000 3699964
0.073364257812500 3700035
0.069519042968750 3700035
0.064453125000000 3699929
0.070617675781250 3700000
0.070800781250000 3700070
0.071105957031250 3700000
0.071594238281250 3699929
0.073181152343750 3700070
0.072937011718750 3700000
0.000000000000000 3699964
0.072265625000000 3700000
0.070434570312500 3700035
0.064697265625000 3699964
0.069946289062500 3700000
0.070922851562500 3700000
0.073486328125000 3699964
0.071228027343750 3700000
0.063110351562500 3700035
0.071472167968750 3700035
0.073059082031250 3699964
0.070007324218750 3700035
0.072509765625000 3699964
0.068908691406250 3699964
0.063842773437500 3700070
0.070983886718750 3699964
0.070434570312500 3700035
0.075012207031250 3699929
0.000000000000000 3700035
0.070983886718750 3700035
0.074462890625000 3699964
0.069580078125000 3699929
0.072998046875000 3700035
0.070678710937500 3700035
0.071044921875000 3700000
0.069702148437500 3698364
0.072509765625000 3600000
0.059143066406250 3599965
0.067382812500000 3600034
0.068542480468750 3600000
0.066589355468750 3600000
0.060058593750000 3600000
0.064392089843750 3600000
0.066955566406250 3600000
0.000000000000000 3599965
0.068481445312500 3600000
0.065002441406250 3600034
0.066345214843750 3600000
0.067077636718750 3600000
0.067321777343750 3600000
0.065551757812500 3599931
0.068054199218750 3600068
0.066345214843750 3600000
0.068420410156250 3543989
0.067871093750000 3600000
0.067749023437500 3600000
0.060729980468750 3600000
0.067260742187500 3600000
0.000000000000000 3599897
0.067687988281250 3600068
0.066894531250000 3600000
0.069702148437500 3599931
0.065551757812500 3600102
0.066040039062500 3600000
0.066284179687500 3600000
0.068786621093750 3600000
0.068420410156250 3599965
0.067504882812500 3600034
0.067749023437500 3600000
0.065612792968750 3600000
0.000000000000000 3600034
0.066833496093750 3599965
0.067871093750000 3599965
0.066223144531250 3600000
0.069580078125000 3600034
0.066040039062500 3599965
0.059509277343750 3600034
0.066101074218750 3600000
0.067993164062500 3599965
0.068298339843750 3600034
0.067199707031250 3600000
0.066894531250000 3599965
0.068481445312500 3600034
0.000000000000000 3600000
0.068481445312500 3600000
0.067504882812500 3600000
0.066711425781250 3599965
0.068176269531250 3600034
0.066894531250000 3600034
0.067993164062500 3599965
0.067810058593750 3600000
0.067565917968750 3552148
0.067687988281250 3600000
0.067138671875000 3599931
0.069030761718750 3600068
0.000000000000000 3600000
0.068725585937500 3599965
0.066589355468750 3600000
0.067871093750000 3600068
0.069458007812500 3599897
0.067810058593750 3600068
0.065246582031250 3600034
0.068542480468750 3599897
0.065917968750000 3600068
0.068359375000000 3600000
0.071594238281250 3600000
0.065429687500000 3600000
0.000000000000000 3600000
0.067626953125000 3600000
0.065612792968750 3599965
0.067993164062500 3600000
0.065307617187500 3600034
0.067260742187500 3599965
0.068298339843750 3600000
0.067382812500000 3599897
0.067260742187500 3600137
0.067810058593750 3600000
0.068298339843750 3600000
0.064331054687500 3600000
0.000000000000000 3600000
0.069641113281250 3599965
0.067626953125000 3600034
0.066223144531250 3600000
0.066040039062500 3600000
0.065795898437500 3600000
0.067626953125000 3599965
0.066223144531250 3600034
0.067077636718750 3600000
0.066467285156250 3599931
0.060974121093750 3600000
0.067626953125000 3600068
0.067504882812500 3600000
0.058959960937500 3600000
0.068359375000000 3600000
0.067810058593750 3600000
0.000000000000000 3600000
0.065979003906250 3600000
0.067382812500000 3600000
0.066894531250000 3599931
0.067077636718750 3600034
0.067993164062500 3600034
0.065917968750000 3600000
0.066162109375000 3600000
0.066223144531250 3600034
0.068298339843750 3599965
0.068908691406250 3599965
0.065429687500000 3600034
0.066528320312500 3600000
0.000000000000000 3599931
0.067382812500000 3600068
0.066955566406250 3600000
0.065917968750000 3599965
0.067016601562500 3600000
0.069274902343750 3599931
0.067077636718750 3600102
0.066040039062500 3600000
0.067382812500000 3600000
0.067382812500000 3599965
0.066833496093750 3600034
0.066284179687500 3599965
0.066345214843750 3600068
0.000000000000000 3600000
0.068481445312500 3599965
0.066345214843750 3600000
0.067871093750000 3600034
0.068908691406250 3599965
0.066589355468750 3600034
0.068847656250000 3599965
0.067871093750000 3599897
0.067565917968750 3600068
0.068237304687500 3600068
0.065856933593750 3599965
0.068664550781250 3599965
0.000000000000000 3600034
0.066528320312500 3600000
0.067443847656250 3600000
0.068359375000000 3600000
0.065002441406250 3599965
0.067687988281250 3600034
0.065185546875000 3600000
0.066528320312500 3599931
0.066528320312500 3600068
0.067321777343750 3600000
0.067993164062500 3600034
0.065246582031250 3599965
0.068176269531250 3599965
0.000000000000000 3600034
0.125000000000000 3599965
0.000000000000000 3599965
0.066833496093750 3600034
0.066894531250000 3600034
0.066650390625000 3600000
0.067321777343750 3599965
0.068664550781250 3599965
0.065551757812500 3600000
0.067993164062500 3600034
0.066528320312500 3600000
0.068054199218750 3600000
0.065307617187500 3600034
0.068115234375000 3599897
0.067321777343750 3600034
0.000000000000000 3600102
0.125488281250000 3599965
0.000000000000000 3599965
0.065856933593750 3600034
0.067749023437500 3600000
0.067077636718750 3600000
0.068542480468750 3600000
0.065429687500000 3600000
0.067749023437500 3599965
0.068176269531250 3600034
0.066284179687500 3599965
0.067260742187500 3600034
0.065856933593750 3600000
0.067443847656250 3600000
0.065124511718750 3600000
0.000000000000000 3599931
0.070739746093750 3600068
0.067932128906250 3600034
0.066284179687500 3599965
0.067138671875000 3599931
0.066040039062500 3600068
0.067382812500000 3599965
0.066833496093750 3600034
0.067443847656250 3600000
0.067077636718750 3600000
0.067504882812500 3600034
0.066833496093750 3599965
0.000000000000000 3599965
0.064880371093750 3600034
0.068481445312500 3600000
0.067077636718750 3600000
0.068481445312500 3600000
0.068969726562500 3600000
0.066040039062500 3600000
0.067993164062500 3600000
0.066711425781250 3600000
0.067932128906250 3600000
0.065490722656250 3600034
0.068298339843750 3599897
0.000000000000000 3600034
0.067077636718750 3600000
0.070007324218750 3600034
0.066833496093750 3600000
0.065979003906250 3600000
0.066528320312500 3600000
0.068176269531250 3600000
0.068786621093750 3600000
0.066711425781250 3599965
0.069152832031250 3600034
0.067504882812500 3600000
0.065795898437500 3599931
0.000000000000000 3600068
0.068115234375000 3600000
0.068969726562500 3600000
0.065368652343750 3600000
0.068664550781250 3600000
0.067871093750000 3600000
0.067871093750000 3600034
0.068176269531250 3599965
0.070068359375000 3600000
0.065795898437500 3600000
0.066467285156250 3599965
0.067138671875000 3600000
0.000000000000000 3600034
0.068359375000000 3599965
0.059387207031250 3600034
0.065002441406250 3600034
0.067321777343750 3599965
0.066406250000000 3600000
0.068908691406250 3600000
0.067077636718750 3600000
0.068542480468750 3600000
0.068847656250000 3600000
0.066040039062500 3600034
0.067932128906250 3599897
0.070068359375000 3600068
0.000000000000000 3599965
0.065368652343750 3600000
0.067565917968750 3600000
0.066650390625000 3600000
0.066833496093750 3600034
0.067321777343750 3600000
0.068542480468750 3600000
0.067626953125000 3600000
0.068725585937500 3600000
0.066650390625000 3600000
0.064636230468750 3599931
0.067504882812500 3600068
0.069458007812500 3600000
0.000000000000000 3600000
0.069335937500000 3600000
0.066162109375000 3600000
0.065429687500000 3600000
0.067687988281250 3600000
0.067626953125000 3600000
0.067810058593750 3600000
0.066650390625000 3600000
0.067138671875000 3599965
0.068847656250000 3600000
0.066467285156250 3600034
0.065612792968750 3599965
0.000000000000000 3600034
0.066467285156250 3600000
0.066345214843750 3599931
0.066894531250000 3600068
0.068298339843750 3600000
0.069030761718750 3599965
0.065246582031250 3600034
0.067382812500000 3600000
0.065917968750000 3600000
0.067382812500000 3600000
0.064453125000000 3600000
0.066406250000000 3599965
0.071350097656250 3430503
0.000000000000000 3600136
0.126708984375000 3600034
0.000000000000000 3600034
0.125183105468750 3600000
0.000000000000000 3600034
0.066955566406250 3599965
0.066284179687500 3600000
0.065734863281250 3600000
0.066223144531250 3600000
0.068298339843750 3600000
0.065429687500000 3600000
0.067443847656250 3600000
0.065795898437500 3600000
0.068237304687500 3599931
0.067993164062500 3563908
0.060119628906250 3600102
0.065551757812500 3600000
0.070251464843750 3599931
0.059814453125000 3600068
0.065795898437500 3599965
0.000000000000000 3599965
0.069030761718750 3600068
0.067443847656250 3600000
0.070068359375000 3600000
0.066894531250000 3600000
0.068115234375000 3600000
0.066650390625000 3600000
0.067749023437500 3600000
0.068603515625000 3599965
0.066955566406250 3600034
0.068237304687500 3600000
0.066894531250000 3599965
0.000000000000000 3600034
0.069580078125000 3600000
0.067993164062500 3599931
0.065368652343750 3600068
0.066284179687500 3600000
0.065002441406250 3599965
0.134399414062500 3600013
0.069152832031250 3600000
0.070922851562500 3600000
0.064758300781250 3600000
0.060302734375000 3599931
0.067077636718750 3600068
0.068603515625000 3600000
0.067321777343750 3599965
0.059936523437500 3600034
0.065490722656250 3600000
0.068786621093750 3600000
0.068481445312500 3600000
0.066101074218750 3600000
0.068115234375000 3599931
0.066406250000000 3600068
0.000000000000000 3600000
0.066589355468750 3600000
0.065307617187500 3600000
0.059387207031250 3600000
0.064758300781250 3600000
0.066650390625000 3599965
0.066101074218750 3600034
0.066101074218750 3600000
0.067993164062500 3599897
0.068054199218750 3600137
0.065917968750000 3599965
0.066955566406250 3600000
0.067321777343750 3600000
0.066955566406250 3600000
0.065307617187500 3600000
0.000000000000000 3600000
0.067687988281250 3600000
0.065612792968750 3600000
0.068786621093750 3600000
0.066223144531250 3600000
0.066772460937500 3600034
0.065673828125000 3599931
0.066467285156250 3600068
0.066406250000000 3599965
0.065734863281250 3599931
0.068359375000000 3600102
0.065246582031250 3599965
0.068786621093750 3600000
0.068542480468750 3600000
0.000000000000000 3600000
0.123901367187500 3600000
0.000000000000000 3600000
0.067993164062500 3600000
0.065856933593750 3600000
0.065063476562500 3600000
0.066406250000000 3600000
0.065124511718750 3600000
0.059387207031250 3600000
0.069702148437500 3600000
0.067687988281250 3600000
0.068481445312500 3600000
0.069580078125000 3599931
0.068786621093750 3600068
0.064819335937500 3599965
0.068054199218750 3600034
0.000000000000000 3600034
0.067077636718750 3600000
0.069152832031250 3599965
0.067199707031250 3600000
0.064941406250000 3600000
0.067993164062500 3600000
0.066223144531250 3600000
0.066345214843750 3600000
0.069152832031250 3599931
0.065551757812500 3600000
0.066406250000000 3600068
0.065490722656250 3599965
0.068603515625000 3600034
0.000000000000000 3600000
0.067626953125000 3599965
0.068420410156250 3600034
0.059082031250000 3600000
0.067810058593750 3600000
0.068481445312500 3600000
0.068237304687500 3600000
0.067321777343750 3600000
0.066162109375000 3600000
0.066833496093750 3600000
0.067382812500000 3600034
0.065612792968750 3599965
0.070251464843750 3599931
0.000000000000000 3600068
0.065185546875000 3600000
0.067016601562500 3600000
0.065551757812500 3600000
0.066711425781250 3600034
0.059265136718750 3599965
0.067138671875000 3600034
0.069396972656250 3599965
0.065490722656250 3600000
0.069580078125000 3599897
0.065490722656250 3600102
0.068359375000000 3599931
0.065124511718750 3600068
0.068237304687500 3599965
0.000000000000000 3600034
0.067626953125000 3600000
0.066162109375000 3599965
0.069152832031250 3600034
0.066467285156250 3600000
0.069946289062500 3600000
0.067016601562500 3600000
0.059570312500000 3600000
0.066589355468750 3600000
0.067321777343750 3600000
0.068725585937500 3600000
0.066284179687500 3600000
0.066833496093750 3600000
0.065368652343750 3600034
0.000000000000000 3599931
0.069030761718750 3600034
0.068359375000000 3600034
0.065307617187500 3599965
0.066528320312500 3600034
0.067077636718750 3599965
0.059020996093750 3600000
0.064697265625000 3598056
0.069763183593750 3583365
0.066589355468750 3590901
0.068725585937500 3600000
0.067810058593750 3600000
0.066833496093750 3600000
0.066833496093750 3600000
0.000000000000000 3600034
0.066040039062500 3599965
0.069030761718750 3600000
0.067443847656250 3599965
0.067382812500000 3600034
0.065979003906250 3600000
0.066223144531250 3593105
0.068054199218750 3591873
0.065429687500000 3583337
0.067565917968750 3596434
0.064819335937500 3600034
0.070678710937500 3600000
0.066406250000000 3600000
0.000000000000000 3600000
0.066528320312500 3599965
0.068481445312500 3596571
0.064514160156250 3600000
0.060119628906250 3590708
0.066528320312500 3598664
0.068115234375000 3600000
0.067504882812500 3589659
0.066467285156250 3600000
0.066040039062500 3599965
0.066528320312500 3600034
0.067443847656250 3600000
0.065124511718750 3598119
0.067810058593750 3598462
0.069458007812500 3599965
0.000000000000000 3600034
0.065551757812500 3600000
0.066040039062500 3600000
0.069458007812500 3596274
0.067016601562500 3596798
0.065429687500000 3596501
0.067382812500000 3457899
0.068847656250000 3597249
0.069396972656250 3596557
0.068786621093750 3600034
0.065185546875000 3595319
0.066345214843750 3594001
0.000000000000000 3600000
0.068542480468750 3599931
0.066162109375000 3600068
0.068237304687500 3593079
0.066284179687500 3600000
0.058959960937500 3589571
0.068298339843750 3600000
0.067016601562500 3600034
0.066955566406250 3592910
0.067016601562500 3593066
0.067321777343750 3600000
0.068298339843750 3585883
0.068786621093750 3586323
0.065490722656250 3600000
0.000000000000000 3600000
0.064575195312500 3599931
0.067504882812500 3600068
0.067810058593750 3600000
0.067565917968750 3599965
0.060119628906250 3600034
0.072143554687500 3600000
0.072692871093750 3600034
0.067138671875000 3600000
0.063720703125000 3599965
0.065124511718750 3600000
0.060852050781250 3600000
0.064758300781250 3593087
0.064270019531250 3592735
0.065063476562500 3600000
0.060119628906250 3592256
0.065246582031250 3597275
0.000000000000000 3600000
0.073364257812500 3600000
0.195800781250000 3596452
0.062072753906250 3600000
0.068420410156250 3598763
0.061828613281250 3583334
0.063903808593750 3585788
0.066406250000000 3600034
0.070983886718750 3597206
0.059448242187500 3599897
0.066833496093750 3593942
0.066101074218750 3585215
0.000000000000000 3600000
0.068054199218750 3600034
0.069274902343750 3600000
0.066223144531250 3599965
0.059265136718750 3599931
0.066406250000000 3600068
0.067016601562500 3600000
0.067321777343750 3600000
0.067260742187500 3600000
0.068481445312500 3600034
0.068298339843750 3599965
0.067077636718750 3600034
0.066894531250000 3599965
0.067871093750000 3600000
0.000000000000000 3600000
0.068908691406250 3600000
0.067565917968750 3600000
0.067626953125000 3597675
0.067138671875000 3595451
0.059631347656250 3600000
0.065429687500000 3600000
0.066955566406250 3600034
0.065063476562500 3599965
0.066467285156250 3600000
0.072875976562500 3760731
0.074829101562500 3800000
0.073486328125000 3733358
0.000000000000000 3699929
0.071655273437500 3698359
0.074157714843750 3700000
0.072387695312500 3696162
0.071105957031250 3699964
0.071533203125000 3700000
0.073974609375000 3700000
0.071838378906250 3687580
0.072204589843750 3683332
0.071472167968750 3690542
0.069458007812500 3699964
0.073791503906250 3699929
0.070922851562500 3695571
0.000000000000000 3686855
0.072326660156250 3690416
0.070739746093750 3683333
0.069213867187500 3695103
0.073669433593750 3699814
0.073486328125000 3694453
0.063720703125000 3700035
0.070251464843750 3696514
0.073730468750000 3700035
0.075683593750000 3693021
0.070007324218750 3687805
0.073181152343750 3694499
0.066101074218750 3700000
0.066589355468750 3699964
0.065063476562500 3700035
0.064392089843750 3696478
0.064025878906250 3700000
0.072570800781250 3700000
0.072570800781250 3700000
0.000000000000000 3700000
0.070861816406250 3699964
0.073364257812500 3700000
0.070983886718750 3700000
0.072631835937500 3700035
0.071472167968750 3700000
0.072326660156250 3699964
0.071533203125000 3700035
0.073120117187500 3700000
0.074523925781250 3699964
0.069519042968750 3700035
0.072875976562500 3699929
0.069824218750000 3700035
0.000000000000000 3700035
0.072631835937500 3700000
0.072998046875000 3699964
0.071838378906250 3700035
0.072082519531250 3699894
0.073425292968750 3700070
0.064575195312500 3700000
0.070129394531250 3700000
0.073242187500000 3700035
0.070312500000000 3700000
0.075256347656250 3700000
0.074768066406250 3699964
0.069030761718750 3700035
0.000000000000000 3699964
0.072937011718750 3700000
0.070556640625000 3700000
0.072326660156250 3700000
0.071777343750000 3700035
0.071716308593750 3699964
0.074829101562500 3700000
0.072937011718750 3700035
0.071228027343750 3700000
0.072631835937500 3700000
0.072937011718750 3699964
0.070983886718750 3700035
0.073303222656250 3699929
0.000000000000000 3700035
0.072143554687500 3700000
0.071838378906250 3700000
0.063293457031250 3700000
0.071838378906250 3700035
0.070617675781250 3699964
0.071411132812500 3699964
0.073364257812500 3700000
0.069885253906250 3700035
0.074035644531250 3699964
0.070617675781250 3700070
0.071655273437500 3699964
0.071777343750000 3700000
0.072753906250000 3700000
0.072509765625000 3699894
0.000000000000000 3700105
0.074401855468750 3700035
0.073181152343750 3699929
0.068054199218750 3699964
0.071594238281250 3700070
0.071411132812500 3700035
0.073181152343750 3700000
0.065917968750000 3700000
0.077819824218750 3699964
0.074645996093750 3700035
0.071960449218750 3700000
0.065856933593750 3699964
0.069519042968750 3700035
0.063842773437500 3699964
0.071960449218750 3700000
0.068725585937500 3700035
0.071228027343750 3699964
0.064880371093750 3700035
0.069274902343750 3699964
0.000000000000000 3700000
0.075256347656250 3700000
0.068237304687500 3700035
0.066650390625000 3700000
0.074523925781250 3700000
0.065979003906250 3700000
0.070922851562500 3687953
0.074096679687500 3683369
0.078002929687500 3683331
0.076477050781250 3696143
0.070129394531250 3700000
0.069030761718750 3689801
0.072387695312500 3690269
0.000000000000000 3696460
0.074218750000000 3686150
0.071594238281250 3700035
0.071228027343750 3697037
0.071777343750000 3699514
0.073547363281250 3695590
0.072570800781250 3686888
0.073181152343750 3693075
0.071960449218750 3691096
0.071289062500000 3695040
0.072631835937500 3688055
0.073547363281250 3695433
0.000000000000000 3695755
0.073364257812500 3683333
0.070068359375000 3685977
0.072021484375000 3700000
0.071838378906250 3692291
0.073181152343750 3686750
0.069152832031250 3694346
0.071533203125000 3683334
0.074707031250000 3690908
0.070068359375000 3700000
0.072998046875000 3687273
0.069274902343750 3690357
0.073974609375000 3683297
0.000000000000000 3683331
0.073181152343750 3683511
0.071289062500000 3697970
0.072448730468750 3688930
0.071472167968750 3686628
0.072387695312500 3699964
0.069946289062500 3687137
0.070983886718750 3683369
0.072814941406250 3687275
0.071655273437500 3699520
0.074340820312500 3700000
0.070434570312500 3692212
0.072265625000000 3683616
0.071166992187500 3700000
0.063903808593750 3690862
0.070861816406250 3687783
0.000000000000000 3700000
0.072753906250000 3699964
0.068847656250000 3696595
0.072875976562500 3700035
0.073852539062500 3684995
0.070861816406250 3700035
0.072387695312500 3696531
0.073120117187500 3700035
0.065368652343750 3700000
0.071716308593750 3699964
0.071594238281250 3686284
0.075378417968750 3698105
0.073364257812500 3696503
0.000000000000000 3696556
0.072692871093750 3700000
0.071716308593750 3700035
0.066284179687500 3700000
0.066772460937500 3698547
0.068115234375000 3695323
0.073303222656250 3699964
0.073791503906250 3700035
0.072875976562500 3699964
0.073364257812500 3699929
0.073303222656250 3700070
0.072448730468750 3700000
0.071533203125000 3699964
0.074096679687500 3700035
0.000000000000000 3700035
0.072937011718750 3699964
0.072875976562500 3700000
0.072387695312500 3700000
0.073120117187500 3700000
0.071960449218750 3700035
0.071105957031250 3699894
0.071899414062500 3700070
0.072998046875000 3700000
0.071472167968750 3700035
0.070922851562500 3700000
0.063171386718750 3699964
0.071533203125000 3700035
0.071899414062500 3700000
0.069396972656250 3699964
0.000000000000000 3694060
0.074829101562500 3700000
0.073730468750000 3700000
0.071166992187500 3699964
0.071960449218750 3700035
0.070861816406250 3700000
0.070861816406250 3688274
0.071533203125000 3683368
0.073425292968750 3683330
0.073120117187500 3698589
0.071533203125000 3690507
0.071472167968750 3686849
0.069519042968750 3683401
0.072204589843750 3683297
0.000000000000000 3683334
0.072814941406250 3691191
0.074096679687500 3689599
0.073059082031250 3685595
0.071960449218750 3698969
0.073425292968750 3690515
0.072753906250000 3683337
0.070861816406250 3687019
0.070678710937500 3683333
0.072937011718750 3683330
0.074462890625000 3683333
0.069702148437500 3695845
0.000000000000000 3695199
0.071838378906250 3692544
0.069580078125000 3699964
0.071533203125000 3700035
0.073547363281250 3699964
0.072387695312500 3699929
0.069091796875000 3700105
0.075256347656250 3698020
0.074462890625000 3698539
0.069458007812500 3700000
0.072631835937500 3700000
0.069641113281250 3696365
0.071777343750000 3688829
0.000000000000000 3684245
0.070861816406250 3696212
0.075439453125000 3700035
0.072387695312500 3699964
0.069091796875000 3698731
0.073242187500000 3700000
0.071838378906250 3698587
0.070556640625000 3683332
0.072692871093750 3683335
0.072387695312500 3695845
0.074462890625000 3700000
0.072326660156250 3686516
0.000000000000000 3695887
0.073608398437500 3699964
0.072021484375000 3686929
0.073425292968750 3699161
0.073242187500000 3700000
0.071044921875000 3700035
0.073730468750000 3699964
0.071655273437500 3700000
0.072509765625000 3700000
0.070800781250000 3699964
0.071105957031250 3700035
0.073852539062500 3700035
0.071105957031250 3700000
0.065002441406250 3699964
0.000000000000000 3700000
0.071899414062500 3699964
0.074584960937500 3700035
0.070983886718750 3700035
0.072509765625000 3700000
0.071960449218750 3699964
0.072448730468750 3700035
0.072570800781250 3700000
0.072082519531250 3699964
0.064025878906250 3700000
0.069213867187500 3696594
0.073913574218750 3692955
0.072753906250000 3693186
0.063476562500000 3700000
0.072448730468750 3700000
0.072814941406250 3700000
0.000000000000000 3699929
0.074584960937500 3689198
0.071166992187500 3683333
0.072814941406250 3696900
0.070068359375000 3693185
0.063659667968750 3683260
0.070861816406250 3690556
0.072204589843750 3683495
0.074890136718750 3695936
0.070373535156250 3688260
0.073303222656250 3690701
0.071289062500000 3691640
0.072631835937500 3691635
0.072570800781250 3700000
0.000000000000000 3700000
0.070983886718750 3700000
0.073486328125000 3700035
0.072998046875000 3699894
0.072021484375000 3700105
0.072326660156250 3700000
0.072631835937500 3699964
0.074401855468750 3700000
0.072143554687500 3700035
0.072692871093750 3700000
0.071655273437500 3699964
0.071777343750000 3700035
0.000000000000000 3699964
0.073730468750000 3699964
0.071899414062500 3700070
0.071960449218750 3700000
0.072998046875000 3699964
0.074829101562500 3700035
0.071472167968750 3699964
0.072998046875000 3700000
0.070678710937500 3700035
0.071289062500000 3700000
0.074401855468750 3700000
0.073852539062500 3699929
0.000000000000000 3700070
0.072082519531250 3699964
0.069885253906250 3700035
0.073242187500000 3700000
0.069946289062500 3699964
0.072570800781250 3700035
0.069824218750000 3699964
0.070495605468750 3700035
0.074157714843750 3700000
0.072570800781250 3700000
0.071838378906250 3696394
0.071289062500000 3700000
0.072998046875000 3696812
0.071655273437500 3692109
0.000000000000000 3685793
0.073486328125000 3691768
0.074462890625000 3689591
0.071411132812500 3690187
0.072814941406250 3688692
0.072692871093750 3699964
0.073242187500000 3700035
0.072570800781250 3700035
0.064453125000000 3699964
0.071411132812500 3700000
0.072204589843750 3699964
0.073791503906250 3700035
0.073486328125000 3697111
0.071533203125000 3692716
0.000000000000000 3686896
0.070678710937500 3686857
0.072387695312500 3690924
0.069763183593750 3696972
0.074768066406250 3693932
0.073120117187500 3698698
0.070373535156250 3685457
0.071594238281250 3689905
0.070861816406250 3686075
0.073120117187500 3683335
0.071166992187500 3683297
0.073547363281250 3683370
0.070739746093750 3695588
0.000000000000000 3695600
0.072753906250000 3687219
0.071655273437500 3691899
0.069763183593750 3697657
0.072143554687500 3692066
0.069519042968750 3683368
0.074829101562500 3683336
0.071105957031250 3683298
0.071533203125000 3683367
0.063842773437500 3686830
0.071350097656250 3690430
0.072753906250000 3694044
0.070190429687500 3686958
0.071533203125000 3694180
0.070556640625000 3699929
0.000000000000000 3700070
0.074401855468750 3699964
0.071044921875000 3700035
0.069702148437500 3699964
0.074645996093750 3700000
0.070861816406250 3700035
0.071960449218750 3699964
0.070983886718750 3699964
0.071899414062500 3700070
0.072570800781250 3700000
0.074218750000000 3699964
0.073425292968750 3700000
0.070739746093750 3700035
0.000000000000000 3700000
0.072509765625000 3700000
0.074707031250000 3700000
0.071289062500000 3698247
0.070861816406250 3694661
0.070922851562500 3699964
0.072570800781250 3700035
0.073486328125000 3699964
0.074401855468750 3700035
0.074096679687500 3699964
0.071166992187500 3699929
0.072814941406250 3700105
0.000000000000000 3699964
0.073059082031250 3699379
0.072387695312500 3700035
0.072692871093750 3696422
0.073669433593750 3700035
0.075683593750000 3700000
0.073547363281250 3700035
0.073242187500000 3699929
0.070190429687500 3700070
0.071166992187500 3699964
0.075256347656250 3700035
0.073425292968750 3699964
0.000000000000000 3700035
0.072814941406250 3700000
0.071777343750000 3699964
0.064453125000000 3700000
0.070190429687500 3700035
0.072570800781250 3700000
0.070983886718750 3685541
0.071533203125000 3600034
0.069335937500000 3599965
0.066711425781250 3599828
0.068969726562500 3600171
0.066650390625000 3600000
0.068115234375000 3599931
0.000000000000000 3600068
0.065246582031250 3600000
0.067810058593750 3600034
0.068664550781250 3599965
0.065856933593750 3600000
0.067565917968750 3600000
0.065734863281250 3600000
0.067077636718750 3600000
0.065124511718750 3600000
0.059143066406250 3600000
0.065795898437500 3600000
0.068542480468750 3600000
0.067565917968750 3600000
0.065673828125000 3600000
0.067687988281250 3600000
0.000000000000000 3600000
0.065917968750000 3599931
0.067565917968750 3600068
0.065979003906250 3600000
0.066894531250000 3600034
0.069091796875000 3600000
0.066711425781250 3599931
0.067382812500000 3600034
0.067993164062500 3600000
0.068298339843750 3600000
0.065002441406250 3600000
0.068847656250000 3600034
0.067077636718750 3599965
0.000000000000000 3600000
0.067443847656250 3600000
0.068054199218750 3600000
0.065917968750000 3600000
0.066711425781250 3600034
0.066345214843750 3599965
0.058959960937500 3600000
0.068786621093750 3600000
0.066589355468750 3600000
0.059387207031250 3600000
0.067932128906250 3600000
0.067016601562500 3600000
0.064514160156250 3600034
0.065979003906250 3599965
0.065429687500000 3600000
0.059570312500000 3600000
0.067016601562500 3600000
0.067382812500000 3600034
0.000000000000000 3599965
0.066711425781250 3600000
0.065734863281250 3600034
0.069152832031250 3599965
0.064758300781250 3600000
0.068542480468750 3600000
0.065673828125000 3600000
0.059814453125000 3600000
0.067077636718750 3600000
0.065551757812500 3600000
0.068481445312500 3600000
0.066223144531250 3600000
0.068969726562500 3600000
0.066162109375000 3600000
0.000000000000000 3599965
0.067871093750000 3600034
0.066833496093750 3600000
0.067321777343750 3600000
0.065979003906250 3600000
0.067504882812500 3600000
0.066589355468750 3600000
0.066345214843750 3600000
0.069335937500000 3600000
0.066955566406250 3600000
0.067443847656250 3600000
0.068176269531250 3600000
0.065917968750000 3600000
0.000000000000000 3600000
0.068420410156250 3600034
0.065063476562500 3599965
0.066406250000000 3600000
0.067443847656250 3600000
0.067687988281250 3600000
0.068725585937500 3599862
0.067016601562500 3600137
0.067565917968750 3600000
0.068176269531250 3600000
0.067382812500000 3600000
0.070312500000000 3600000
0.000000000000000 3600000
0.066528320312500 3600000
0.065856933593750 3600000
0.067077636718750 3599931
0.069274902343750 3600068
0.066589355468750 3600000
0.068176269531250 3600000
0.059875488281250 3600000
0.065246582031250 3599965
0.066162109375000 3600034
0.066284179687500 3600000
0.068603515625000 3600000
0.066833496093750 3600000
0.066589355468750 3600000
0.000000000000000 3600000
0.066406250000000 3600000
0.068481445312500 3600000
0.058959960937500 3600034
0.065856933593750 3599965
0.067810058593750 3600000
0.065246582031250 3600000
0.067260742187500 3600034
0.067626953125000 3599965
0.069213867187500 3600000
0.068176269531250 3600000
0.067016601562500 3599965
0.067810058593750 3600034
0.065307617187500 3600000
0.000000000000000 3600000
0.067077636718750 3600000
0.065246582031250 3600000
0.066589355468750 3600000
0.070800781250000 3600000
0.066040039062500 3600000
0.066467285156250 3600034
0.066528320312500 3599965
0.067871093750000 3600000
0.066772460937500 3600034
0.068847656250000 3599965
0.068115234375000 3599897
0.065429687500000 3600068
0.000000000000000 3600034
0.068664550781250 3600000
0.065368652343750 3600000
0.067810058593750 3600000
0.064575195312500 3599965
0.068237304687500 3600034
0.066955566406250 3600000
0.067077636718750 3600000
0.067626953125000 3600000
0.067199707031250 3599965
0.058959960937500 3600034
0.066589355468750 3600000
0.067077636718750 3599965
0.066284179687500 3600034
0.059936523437500 3600000
0.068054199218750 3600000
0.000000000000000 3600000
0.065429687500000 3600000
0.068298339843750 3600000
0.065734863281250 3599931
0.068054199218750 3600068
0.065734863281250 3600034
0.068054199218750 3599965
0.069824218750000 3600000
0.067321777343750 3599965
0.069091796875000 3600034
0.065673828125000 3599897
0.066589355468750 3600102
0.065185546875000 3600000
0.000000000000000 3600000
0.068786621093750 3600000
0.069274902343750 3600000
0.064453125000000 3600000
0.068298339843750 3599931
0.067993164062500 3600034
0.066711425781250 3600034
0.066040039062500 3600000
0.066772460937500 3600000
0.068725585937500 3600000
0.066345214843750 3600000
0.059265136718750 3600000
0.064331054687500 3600000
0.067871093750000 3600000
0.000000000000000 3600000
0.066040039062500 3600000
0.069946289062500 3600000
0.065734863281250 3599931
0.067443847656250 3600068
0.066833496093750 3600000
0.067810058593750 3600000
0.067199707031250 3599965
0.065856933593750 3600034
0.066040039062500 3600000
0.065551757812500 3600000
0.059265136718750 3600000
0.066223144531250 3600034
0.066894531250000 3599965
0.067016601562500 3600000
0.000000000000000 3600000
0.067321777343750 3600000
0.065734863281250 3600000
0.066345214843750 3600000
0.067565917968750 3600034
0.067626953125000 3599965
0.066650390625000 3600000
0.067871093750000 3600000
0.066894531250000 3600000
0.067504882812500 3600000
0.066772460937500 3600034
0.067260742187500 3599965
0.065002441406250 3600000
0.000000000000000 3600000
0.069335937500000 3600000
0.066345214843750 3600034
0.069152832031250 3599965
0.067016601562500 3600000
0.064941406250000 3600034
0.068603515625000 3599828
0.070068359375000 3600137
0.065490722656250 3600000
0.066406250000000 3600034
0.067199707031250 3599965
0.066955566406250 3600000
0.066528320312500 3600000
0.000000000000000 3600000
0.066223144531250 3600000
0.067321777343750 3600000
0.066589355468750 3600000
0.068847656250000 3599965
0.066223144531250 3600034
0.068359375000000 3600000
0.066040039062500 3600000
0.066101074218750 3600000
0.070007324218750 3600000
0.066528320312500 3600000
0.067077636718750 3600000
0.000000000000000 3599931
0.066223144531250 3600068
0.068420410156250 3600000
0.065124511718750 3600034
0.066406250000000 3599965
0.063842773437500 3600034
0.070251464843750 3599965
0.068298339843750 3600034
0.066284179687500 3599965
0.067077636718750 3600000
0.065246582031250 3600034
0.067749023437500 3599965
0.064636230468750 3600034
0.068908691406250 3599965
0.000000000000000 3600000
0.067077636718750 3600000
0.065368652343750 3599965
0.067504882812500 3600034
0.065063476562500 3600034
0.067687988281250 3600000
0.065429687500000 3599965
0.068847656250000 3600000
0.067810058593750 3600000
0.065856933593750 3600000
0.067382812500000 3600000
0.065551757812500 3600000
0.067932128906250 3600000
0.064392089843750 3600034
0.000000000000000 3599965
0.068359375000000 3600000
0.067504882812500 3599931
0.067443847656250 3600068
0.069213867187500 3599965
0.065124511718750 3600034
0.067382812500000 3599965
0.064819335937500 3600000
0.060241699218750 3600034
0.064575195312500 3600000
0.067321777343750 3600000
0.067321777343750 3600000
0.066345214843750 3600000
0.066345214843750 3600000
0.065795898437500 3599931
0.000000000000000 3600068
0.069152832031250 3600000
0.065063476562500 3600000
0.069335937500000 3600000
0.066589355468750 3600000
0.067077636718750 3600000
0.067138671875000 3600000
0.067932128906250 3600000
0.068054199218750 3600000
0.066528320312500 3600000
0.058959960937500 3600000
0.067565917968750 3600000
0.066345214843750 3600000
0.060119628906250 3600000
0.067382812500000 3600000
0.000000000000000 3600034
0.068603515625000 3430256
0.064331054687500 3599897
0.060668945312500 3600102
0.067993164062500 3600000
0.068176269531250 3600000
0.070800781250000 3600000
0.067871093750000 3600000
0.066833496093750 3599965
0.064575195312500 3599965
0.068298339843750 3600068
0.067016601562500 3600000
0.059753417968750 3600000
0.068542480468750 3600000
0.065002441406250 3600000
0.000000000000000 3600000
0.067687988281250 3600034
0.066284179687500 3599965
0.066162109375000 3600034
0.066833496093750 3599965
0.067687988281250 3600000
0.065002441406250 3600000
0.068176269531250 3600000
0.069946289062500 3600000
0.065246582031250 3600034
0.067810058593750 3600000
0.068115234375000 3599965
0.000000000000000 3600034
0.068176269531250 3599965
0.067138671875000 3600034
0.066406250000000 3599897
0.066528320312500 3600068
0.067321777343750 3600034
0.068420410156250 3599965
0.065002441406250 3600000
0.067199707031250 3600000
0.071533203125000 3600034
0.065734863281250 3599965
0.066955566406250 3599965
0.065185546875000 3600034
0.000000000000000 3600000
0.068359375000000 3600000
0.067138671875000 3600034
0.067138671875000 3599965
0.066711425781250 3600000
0.066589355468750 3600000
0.068420410156250 3600000
0.065673828125000 3600000
0.066223144531250 3600000
0.064270019531250 3600000
0.068786621093750 3600000
0.066650390625000 3599965
0.067687988281250 3600034
0.000000000000000 3600000
0.068298339843750 3599965
0.065917968750000 3600000
0.067504882812500 3600034
0.065856933593750 3600034
0.066589355468750 3599965
0.066528320312500 3600000
0.068664550781250 3600000
0.067810058593750 3600000
0.067626953125000 3600000
0.067016601562500 3600000
0.067321777343750 3600000
0.059875488281250 3600000
0.066345214843750 3600000
0.067138671875000 3600000
0.000000000000000 3600000
0.066955566406250 3599965
0.262878417968750 3599983
0.065246582031250 3600102
0.067687988281250 3600000
0.065429687500000 3599965
0.067810058593750 3600034
0.068054199218750 3600000
0.069091796875000 3600000
0.067321777343750 3599965
0.066772460937500 3599965
0.000000000000000 3600068
0.068786621093750 3600000
0.069458007812500 3600000
0.068115234375000 3600000
0.066345214843750 3600034
0.068054199218750 3599965
0.067077636718750 3599965
0.065063476562500 3600034
0.067077636718750 3600000
0.070190429687500 3600000
0.065124511718750 3600000
0.065979003906250 3600000
0.000000000000000 3600000
0.067871093750000 3600000
0.068359375000000 3600000
0.063903808593750 3600000
0.067565917968750 3600000
0.067810058593750 3600000
0.066528320312500 3600000
0.066894531250000 3600000
0.065734863281250 3600000
0.066955566406250 3600000
0.068054199218750 3600000
0.067016601562500 3600000
0.069458007812500 3600000
0.000000000000000 3600000
0.067565917968750 3600034
0.068298339843750 3599965
0.068847656250000 3600000
0.066406250000000 3600000
0.066894531250000 3600000
0.067260742187500 3600000
0.069458007812500 3600000
0.066711425781250 3599965
0.067077636718750 3600034
0.064636230468750 3600000
0.070007324218750 3600000
0.000000000000000 3600000
0.068176269531250 3600000
0.067199707031250 3600000
0.066650390625000 3600000
0.066894531250000 3600000
0.068298339843750 3600000
0.064941406250000 3600000
0.065979003906250 3600000
0.065734863281250 3600000
0.067687988281250 3600000
0.068359375000000 3600000
0.066040039062500 3600000
0.067687988281250 3600000
0.000000000000000 3600000
0.124877929687500 3600000
0.000000000000000 3600034
0.066955566406250 3600000
0.066894531250000 3599965
0.067199707031250 3600000
0.068786621093750 3599965
0.059753417968750 3600034
0.064392089843750 3600000
0.067626953125000 3600000
0.065612792968750 3599965
0.067443847656250 3600068
0.065734863281250 3599965
0.067871093750000 3600034
0.067382812500000 3599965
0.067199707031250 3600000
0.059631347656250 3599965
0.065551757812500 3600034
0.000000000000000 3600000
0.067016601562500 3600000
0.065490722656250 3600000
0.068420410156250 3600034
0.067504882812500 3599965
0.066528320312500 3600000
0.068664550781250 3599965
0.065246582031250 3600034
0.067504882812500 3600000
0.065734863281250 3600000
0.065612792968750 3600000
0.064575195312500 3600000
0.067810058593750 3600000
0.000000000000000 3600000
0.068725585937500 3600000
0.066101074218750 3600000
0.066406250000000 3600000
0.066284179687500 3600000
0.067871093750000 3600000
0.065917968750000 3600000
0.069152832031250 3600000
0.068359375000000 3600034
0.068786621093750 3599965
0.069152832031250 3599965
0.066711425781250 3600034
0.066589355468750 3600034
0.000000000000000 3599965
0.123474121093750 3600000
0.000000000000000 3600000
0.065917968750000 3600000
0.067810058593750 3600000
0.065734863281250 3599965
0.067138671875000 3600034
0.069580078125000 3600000
0.067016601562500 3600000
0.059570312500000 3600000
0.067871093750000 3600000
0.063476562500000 3599965
0.069458007812500 3600068
0.064819335937500 3599965
0.059265136718750 3600034
0.070800781250000 3599965
0.059387207031250 3600034
0.070739746093750 3599965
0.000000000000000 3600000
0.066345214843750 3600000
0.062805175781250 3600034
0.065551757812500 3599965
0.072631835937500 3600000
0.062805175781250 3600000
0.065185546875000 3600000
0.063171386718750 3600034
0.061706542968750 3599965
0.062683105468750 3600000
0.071594238281250 3600000
0.061645507812500 3600000
0.065856933593750 3600000
0.070129394531250 3600000
0.071350097656250 3600000
0.000000000000000 3600034
0.128234863281250 3600000
0.000000000000000 3599965
0.067626953125000 3600000
0.066711425781250 3600000
0.067199707031250 3600000
0.059448242187500 3600000
0.067138671875000 3600034
0.068359375000000 3599965
0.067321777343750 3600000
0.066406250000000 3600000
0.065734863281250 3600000
0.070190429687500 3600000
0.068237304687500 3600034
0.066040039062500 3600000
0.067016601562500 3599965
0.000000000000000 3599965
0.067993164062500 3600034
0.068481445312500 3599897
0.066284179687500 3600102
0.069335937500000 3600000
0.067321777343750 3600000
0.065551757812500 3600000
0.061157226562500 3600000
0.065795898437500 3600000
0.067077636718750 3600000
0.067993164062500 3600000
0.068176269531250 3600000
0.067138671875000 3600000
0.000000000000000 3600034
0.069335937500000 3599965
0.066589355468750 3600000
0.067321777343750 3600000
0.059997558593750 3600000
0.066650390625000 3600000
0.066284179687500 3600000
0.065734863281250 3600000
0.068054199218750 3600000
0.069274902343750 3600000
0.065734863281250 3600000
0.066101074218750 3600034
0.067810058593750 3599965
0.066406250000000 3600000
0.069091796875000 3733264
0.064636230468750 3800000
0.000000000000000 3741570
0.070495605468750 3700035
0.074768066406250 3699964
0.073486328125000 3700035
0.072082519531250 3700000
0.072692871093750 3699964
0.071472167968750 3700035
0.072204589843750 3700000
0.069335937500000 3700000
0.073669433593750 3699929
0.075866699218750 3700035
0.071411132812500 3700035
0.064208984375000 3699964
0.000000000000000 3700035
0.070922851562500 3700000
0.064147949218750 3700000
0.073974609375000 3699964
0.065979003906250 3700035
0.068908691406250 3699964
0.066162109375000 3700000
0.065368652343750 3700035
0.071350097656250 3700000
0.072082519531250 3700000
0.070068359375000 3699964
0.071838378906250 3700000
0.071533203125000 3700035
0.071166992187500 3699964
0.070800781250000 3700035
0.072204589843750 3699964
0.073547363281250 3700000
0.071289062500000 3700000
0.000000000000000 3700000
0.072937011718750 3700035
0.069335937500000 3700000
0.071350097656250 3699964
0.070861816406250 3700000
0.073059082031250 3700000
0.072265625000000 3700035
0.070007324218750 3700000
0.073425292968750 3700000
0.070983886718750 3700000
0.072143554687500 3700000
0.074340820312500 3700000
0.000000000000000 3699964
0.071472167968750 3700035
0.071899414062500 3699964
0.070800781250000 3700035
0.072814941406250 3699929
0.071899414062500 3700070
0.071655273437500 3699964
0.075500488281250 3700000
0.070495605468750 3700035
0.070739746093750 3700000
0.071105957031250 3700000
0.073547363281250 3700000
0.070373535156250 3700000
0.000000000000000 3699964
0.072998046875000 3700000
0.070373535156250 3700035
0.071533203125000 3700000
0.065185546875000 3700000
0.069885253906250 3700000
0.072937011718750 3700000
0.069335937500000 3699964
0.072814941406250 3700035
0.069763183593750 3700000
0.072692871093750 3697063
0.072631835937500 3685523
0.070373535156250 3700070
0.072937011718750 3688940
0.069824218750000 3697121
0.000000000000000 3700000
0.073120117187500 3700035
0.069641113281250 3696522
0.072631835937500 3700035
0.072692871093750 3700000
0.069763183593750 3700000
0.070800781250000 3699964
0.070434570312500 3700000
0.072021484375000 3694651
0.070434570312500 3686864
0.070739746093750 3683334
0.070983886718750 3689753
0.074096679687500 3689647
0.000000000000000 3700000
0.073852539062500 3699076
0.069824218750000 3683298
0.071228027343750 3695921
0.070739746093750 3700000
0.072692871093750 3700035
0.068969726562500 3700000
0.074584960937500 3699894
0.072204589843750 3698317
0.071166992187500 3693882
0.071533203125000 3700000
0.070495605468750 3700000
0.071472167968750 3700035
0.069396972656250 3700000
0.000000000000000 3693074
0.074401855468750 3685945
0.072937011718750 3699964
0.070800781250000 3700035
0.071655273437500 3699964
0.071228027343750 3700000
0.072631835937500 3700035
0.070800781250000 3700000
0.070983886718750 3699964
0.071105957031250 3700000
0.072753906250000 3700000
0.071655273437500 3699929
0.072998046875000 3700070
0.000000000000000 3700035
0.072326660156250 3700000
0.071166992187500 3699964
0.074401855468750 3700000
0.072143554687500 3700035
0.070312500000000 3700000
0.071716308593750 3693074
0.070617675781250 3700035
0.072448730468750 3699964
0.071411132812500 3700000
0.072753906250000 3697005
0.072998046875000 3694170
0.069335937500000 3684594
0.000000000000000 3700000
0.073791503906250 3700035
0.069702148437500 3699964
0.072448730468750 3700035
0.071899414062500 3699964
0.073425292968750 3697246
0.070678710937500 3692148
0.071594238281250 3700035
0.072326660156250 3700000
0.071655273437500 3699964
0.070983886718750 3695140
0.071533203125000 3683366
0.072143554687500 3696932
0.000000000000000 3699964
0.074218750000000 3696630
0.070617675781250 3700000
0.072875976562500 3700000
0.071044921875000 3699964
0.074096679687500 3700035
0.070373535156250 3699964
0.071411132812500 3694329
0.071105957031250 3698773
0.070556640625000 3700000
0.062927246093750 3700035
0.071166992187500 3700000
0.071044921875000 3700000
0.070190429687500 3700000
0.072082519531250 3699964
0.000000000000000 3697517
0.072204589843750 3695551
0.072875976562500 3700000
0.072082519531250 3696592
0.072509765625000 3700000
0.073608398437500 3700035
0.070922851562500 3699964
0.071838378906250 3700000
0.072998046875000 3700035
0.072692871093750 3700000
0.072814941406250 3700000
0.000000000000000 3700000
0.070739746093750 3700000
0.072265625000000 3700000
0.070190429687500 3699964
0.073669433593750 3700000
0.072143554687500 3700000
0.069458007812500 3700035
0.072204589843750 3699964
0.070556640625000 3700000
0.071716308593750 3700035
0.070983886718750 3700000
0.071533203125000 3700000
0.071166992187500 3700000
0.000000000000000 3700000
0.074584960937500 3699964
0.072509765625000 3700000
0.072998046875000 3700000
0.063049316406250 3700000
0.070556640625000 3700000
0.064758300781250 3699964
0.072326660156250 3700070
0.071350097656250 3699964
0.073791503906250 3700000
0.071594238281250 3700000
0.071838378906250 3700000
0.070007324218750 3700000
0.071960449218750 3699929
0.070861816406250 3700105
0.071655273437500 3699964
0.000000000000000 3700000
0.073425292968750 3700035
0.074829101562500 3700000
0.072204589843750 3699964
0.072265625000000 3700035
0.070861816406250 3699964
0.070373535156250 3700035
0.071838378906250 3699964
0.069824218750000 3700000
0.073242187500000 3700000
0.074279785156250 3700035
0.071289062500000 3699964
0.071350097656250 3700000
0.000000000000000 3688028
0.071350097656250 3691636
0.070312500000000 3700035
0.070007324218750 3700000
0.072143554687500 3700000
0.072570800781250 3700000
0.070861816406250 3700000
0.071655273437500 3699964
0.070922851562500 3700000
0.071350097656250 3700000
0.071716308593750 3700000
0.073303222656250 3700000
0.072814941406250 3699964
0.071228027343750 3700035
0.000000000000000 3691941
0.070739746093750 3683369
0.071594238281250 3683368
0.071228027343750 3688807
0.071655273437500 3692454
0.073242187500000 3697837
0.072204589843750 3700000
0.071044921875000 3700000
0.074401855468750 3700000
0.069702148437500 3699964
0.072265625000000 3700035
0.071716308593750 3699964
0.072082519531250 3700000
0.000000000000000 3700035
0.071105957031250 3700000
0.070251464843750 3699964
0.064147949218750 3700000
0.069030761718750 3700000
0.072509765625000 3699929
0.070983886718750 3700105
0.071472167968750 3700000
0.073974609375000 3700000
0.073364257812500 3699964
0.070495605468750 3700035
0.071411132812500 3699964
0.065490722656250 3700000
0.071411132812500 3700000
0.073059082031250 3700035
0.070068359375000 3699964
0.000000000000000 3700035
0.072998046875000 3699964
0.073791503906250 3700000
0.071166992187500 3700000
0.071350097656250 3700035
0.071044921875000 3699964
0.073547363281250 3700035
0.069335937500000 3699964
0.071899414062500 3700000
0.073364257812500 3700000
0.068786621093750 3700000
0.073852539062500 3700000
0.070434570312500 3700000
0.071166992187500 3700035
0.000000000000000 3700000
0.071655273437500 3699964
0.076110839843750 3700000
0.072998046875000 3700035
0.070495605468750 3699964
0.074462890625000 3700000
0.072143554687500 3700000
0.074096679687500 3700000
0.072326660156250 3700035
0.073181152343750 3700000
0.074157714843750 3700000
0.000000000000000 3699964
0.072326660156250 3700000
0.073547363281250 3700000
0.071350097656250 3700000
0.071777343750000 3700035
0.072998046875000 3700000
0.073364257812500 3699964
0.071533203125000 3700000
0.071044921875000 3700000
0.073669433593750 3700035
0.073181152343750 3699964
0.071044921875000 3700000
0.000000000000000 3700000
0.071655273437500 3700035
0.073791503906250 3699964
0.071472167968750 3700000
0.073547363281250 3700035
0.071350097656250 3700000
0.071777343750000 3700000
0.071350097656250 3699964
0.073364257812500 3700000
0.073181152343750 3700000
0.073547363281250 3700000
0.070922851562500 3700035
0.071655273437500 3700000
0.000000000000000 3699964
0.072998046875000 3700000
0.073364257812500 3700000
0.071533203125000 3700000
0.071594238281250 3700000
0.075378417968750 3692711
0.072448730468750 3683797
0.072204589843750 3698122
0.071655273437500 3699964
0.072509765625000 3696211
0.075256347656250 3683333
0.000000000000000 3687452
0.071044921875000 3699964
0.073730468750000 3686000
0.072448730468750 3693711
0.064697265625000 3694608
0.070495605468750 3689030
0.070678710937500 3683331
0.071228027343750 3698670
0.072814941406250 3700035
0.072937011718750 3685464
0.070983886718750 3693481
0.071533203125000 3699964
0.069946289062500 3697047
0.073303222656250 3700000
0.070129394531250 3697489
0.000000000000000 3683260
0.073486328125000 3694601
0.071166992187500 3687849
0.068725585937500 3695398
0.073913574218750 3690007
0.070495605468750 3683295
0.071411132812500 3683368
0.071472167968750 3683297
0.072998046875000 3686541
0.072937011718750 3685815
0.071960449218750 3694484
0.072082519531250 3683296
0.071594238281250 3691978
0.000000000000000 3690554
0.073120117187500 3700000
0.069335937500000 3692153
0.073303222656250 3700000
0.074157714843750 3700035
0.071655273437500 3699964
0.071960449218750 3700000
0.072082519531250 3700035
0.072692871093750 3686292
0.070617675781250 3696074
0.072509765625000 3688126
0.072021484375000 3683610
0.069458007812500 3686667
0.000000000000000 3691928
0.070983886718750 3699964
0.072082519531250 3699964
0.071655273437500 3700035
0.072021484375000 3700035
0.072998046875000 3700000
0.073608398437500 3700000
0.072448730468750 3700000
0.072570800781250 3700000
0.071289062500000 3700000
0.071960449218750 3690072
0.072509765625000 3684650
0.072937011718750 3683330
0.000000000000000 3690492
0.073974609375000 3700000
0.070007324218750 3699964
0.071594238281250 3700000
0.071838378906250 3700000
0.072692871093750 3700035
0.071228027343750 3700000
0.072570800781250 3699964
0.073303222656250 3698122
0.070312500000000 3692263
0.073913574218750 3692976
0.070373535156250 3696637
0.071899414062500 3700000
0.000000000000000 3699964
0.070556640625000 3700035
0.073303222656250 3685814
0.073242187500000 3687854
0.070434570312500 3694772
0.073303222656250 3694361
0.070983886718750 3696592
0.072204589843750 3694506
0.069335937500000 3685089
0.070251464843750 3690273
0.070373535156250 3696819
0.074218750000000 3695701
0.071594238281250 3696412
0.000000000000000 3700035
0.070922851562500 3690105
0.072509765625000 3690358
0.071838378906250 3691475
0.073547363281250 3699964
0.071289062500000 3690102
0.073486328125000 3683369
0.074951171875000 3683299
0.071716308593750 3696303
0.070556640625000 3683299
0.070495605468750 3685190
0.071228027343750 3697561
0.072814941406250 3695803
0.000000000000000 3700035
0.072204589843750 3699964
0.072814941406250 3700035
0.069519042968750 3700000
0.072448730468750 3700000
0.070617675781250 3699964
0.071289062500000 3700000
0.071533203125000 3699964
0.074340820312500 3700070
0.071105957031250 3700000
0.070983886718750 3700000
0.073242187500000 3700000
0.070617675781250 3699964
0.000000000000000 3699929
0.072570800781250 3700070
0.069763183593750 3700000
0.071838378906250 3700035
0.070556640625000 3699964
0.071105957031250 3700000
0.073486328125000 3699964
0.071228027343750 3700070
0.072448730468750 3699964
0.071899414062500 3700000
0.073730468750000 3700035
0.073059082031250 3699964
0.072204589843750 3698564
0.000000000000000 3698006
0.072937011718750 3699964
0.071044921875000 3700035
0.063598632812500 3700000
0.070678710937500 3700000
0.071655273437500 3700000
0.070129394531250 3700000
0.064086914062500 3700000
0.071533203125000 3699964
0.072448730468750 3700000
0.072082519531250 3700035
0.072814941406250 3699964
0.072387695312500 3700035
0.068725585937500 3700000
0.072509765625000 3700000
0.072326660156250 3699964
0.071777343750000 3700035
0.000000000000000 3699964
0.071472167968750 3700000
0.070617675781250 3700035
0.072570800781250 3697977
0.070861816406250 3700000
0.072265625000000 3700035
0.072875976562500 3700000
0.070678710937500 3700000
0.072143554687500 3700000
0.070068359375000 3700000
0.070800781250000 3612657
0.065368652343750 3599965
0.000000000000000 3600034
0.068176269531250 3600000
0.070312500000000 3600000
0.065734863281250 3600000
0.067565917968750 3599965
0.066040039062500 3600000
0.065979003906250 3600000
0.067138671875000 3600000
0.067932128906250 3599965
0.067932128906250 3599931
0.065368652343750 3600102
0.069519042968750 3599965
0.066528320312500 3600034
0.059204101562500 3600000
0.063842773437500 3599965
0.000000000000000 3600034
0.066101074218750 3599965
0.070251464843750 3600034
0.067565917968750 3600000
0.066955566406250 3600000
0.066406250000000 3600000
0.067810058593750 3600000
0.067138671875000 3600000
0.066711425781250 3599965
0.067565917968750 3600034
0.067565917968750 3600000
0.068115234375000 3600000
0.000000000000000 3600000
0.065185546875000 3600000
0.067626953125000 3600000
0.067504882812500 3599897
0.067504882812500 3600102
0.066223144531250 3600000
0.067443847656250 3600000
0.067626953125000 3600000
0.066589355468750 3600000
0.067382812500000 3600000
0.065612792968750 3600000
0.068298339843750 3600000
0.066101074218750 3600034
0.000000000000000 3599965
0.069091796875000 3600000
0.066833496093750 3600000
0.066833496093750 3600000
0.068359375000000 3600000
0.065124511718750 3600000
0.059326171875000 3600000
0.066589355468750 3599931
0.067077636718750 3600068
0.067626953125000 3600000
0.066101074218750 3600000
0.067565917968750 3600034
0.065917968750000 3599965
0.066528320312500 3599965
0.064086914062500 3600034
0.000000000000000 3600000
0.066711425781250 3600000
0.067016601562500 3600000
0.067565917968750 3600000
0.067138671875000 3600000
0.065490722656250 3600000
0.067810058593750 3600000
0.064941406250000 3599897
0.066589355468750 3600102
0.065979003906250 3600000
0.059265136718750 3600000
0.065795898437500 3600000
0.065307617187500 3599965
0.066467285156250 3600034
0.066101074218750 3600000
0.059387207031250 3600000
0.066833496093750 3600000
0.067626953125000 3600000
0.000000000000000 3600000
0.067504882812500 3599965
0.069030761718750 3600034
0.067687988281250 3599965
0.066650390625000 3600034
0.067443847656250 3600000
0.065917968750000 3600000
0.067810058593750 3600000
0.066040039062500 3600000
0.067382812500000 3600000
0.068359375000000 3600000
0.067871093750000 3600000
0.000000000000000 3600000
0.067687988281250 3600000
0.066528320312500 3600034
0.066284179687500 3599965
0.066528320312500 3600000
0.059082031250000 3600034
0.069335937500000 3599965
0.065673828125000 3600000
0.065612792968750 3600000
0.059265136718750 3599965
0.067138671875000 3610869
0.075805664062500 3800000
0.078491210937500 3800000
0.075988769531250 3800000
0.070129394531250 3800000
0.079711914062500 3800000
0.075439453125000 3800000
0.000000000000000 3800000
0.077636718750000 3800000
0.077819824218750 3800000
0.076293945312500 3800000
0.076538085937500 3800000
0.078674316406250 3800000
0.075927734375000 3800000
0.078796386718750 3800036
0.077209472656250 3799963
0.075256347656250 3800000
0.078979492187500 3800000
0.076538085937500 3799963
0.078796386718750 3800036
0.076538085937500 3800000
0.000000000000000 3800000
0.078979492187500 3800000
0.078369140625000 3800000
0.076232910156250 3800000
0.077697753906250 3800000
0.076049804687500 3799891
0.080017089843750 3800108
0.076721191406250 3800000
0.077880859375000 3800000
0.077575683593750 3799963
0.076354980468750 3800036
0.068725585937500 3800000
0.077636718750000 3692253
0.077087402343750 3783031
0.000000000000000 3800036
0.074401855468750 3800000
0.075988769531250 3800000
0.075073242187500 3800000
0.075561523437500 3800000
0.074584960937500 3799927
0.072448730468750 3800108
0.071594238281250 3799963
0.073791503906250 3800000
0.075256347656250 3800000
0.073486328125000 3800000
0.000000000000000 3800000
0.072692871093750 3800000
0.074951171875000 3800000
0.072448730468750 3800000
0.073669433593750 3799891
0.072082519531250 3800072
0.074951171875000 3800036
0.074890136718750 3800000
0.073852539062500 3800000
0.073059082031250 3799963
0.070495605468750 3800036
0.074279785156250 3800000
0.070800781250000 3800000
0.000000000000000 3800000
0.073730468750000 3800036
0.074951171875000 3799963
0.071960449218750 3800000
0.073913574218750 3800000
0.071411132812500 3800000
0.074829101562500 3800000
0.071411132812500 3800000
0.066162109375000 3800000
0.075012207031250 3800000
0.071777343750000 3800000
0.074279785156250 3800000
0.073730468750000 3799963
0.000000000000000 3800036
0.073974609375000 3800000
0.070556640625000 3799963
0.074768066406250 3800036
0.073059082031250 3799963
0.075195312500000 3800000
0.073730468750000 3799963
0.070678710937500 3800036
0.073486328125000 3800000
0.072265625000000 3800036
0.064331054687500 3800000
0.071472167968750 3800000
0.072143554687500 3800000
0.066101074218750 3800000
0.071533203125000 3800000
0.073852539062500 3800000
0.072631835937500 3800000
0.000000000000000 3800000
0.072326660156250 3800000
0.071411132812500 3800000
0.076232910156250 3800000
0.072937011718750 3800000
0.071105957031250 3799927
0.073608398437500 3800072
0.072509765625000 3800000
0.075378417968750 3800000
0.071411132812500 3799963
0.074096679687500 3800072
0.075256347656250 3799963
0.072265625000000 3800000
0.000000000000000 3800000
0.072021484375000 3800000
0.070678710937500 3800000
0.075378417968750 3800000
0.071899414062500 3800000
0.065795898437500 3800000
0.071166992187500 3800000
0.074218750000000 3800000
0.072509765625000 3800000
0.071777343750000 3800000
0.075317382812500 3800000
0.072021484375000 3800000
0.073974609375000 3800000
0.070312500000000 3800000
0.076232910156250 3799927
0.000000000000000 3800072
0.072204589843750 3800000
0.071105957031250 3800036
0.072204589843750 3799891
0.074829101562500 3800072
0.064514160156250 3800000
0.071838378906250 3800000
0.074768066406250 3800000
0.071228027343750 3800000
0.074584960937500 3800000
0.073547363281250 3800000
0.072692871093750 3800000
0.072326660156250 3800000
0.071411132812500 3800000
0.073852539062500 3800000
0.000000000000000 3800000
0.072875976562500 3799963
0.075561523437500 3800036
0.073608398437500 3799927
0.073547363281250 3800072
0.073730468750000 3800000
0.070312500000000 3800000
0.076477050781250 3800000
0.071838378906250 3799927
0.065673828125000 3800072
0.073303222656250 3800000
0.071350097656250 3800000
0.073242187500000 3799963
0.073364257812500 3800072
0.000000000000000 3799927
0.072814941406250 3800036
0.073791503906250 3799963
0.073852539062500 3800036
0.078613281250000 3800000
0.073242187500000 3800000
0.071411132812500 3800000
0.073608398437500 3800036
0.073974609375000 3799963
0.074890136718750 3800000
0.075256347656250 3799927
0.000000000000000 3800072
0.074951171875000 3800000
0.072937011718750 3800000
0.076110839843750 3800000
0.073852539062500 3800000
0.064697265625000 3800000
0.071228027343750 3800000
0.074340820312500 3799963
0.075622558593750 3800036
0.071350097656250 3799963
0.073181152343750 3800036
0.073486328125000 3800000
0.075805664062500 3800000
0.000000000000000 3800000
0.072265625000000 3800000
0.074157714843750 3800000
0.073242187500000 3800000
0.073547363281250 3800036
0.065185546875000 3799963
0.075378417968750 3799963
0.073608398437500 3800036
0.071350097656250 3800000
0.073608398437500 3800000
0.075927734375000 3799963
0.074218750000000 3800036
0.074462890625000 3800000
0.071228027343750 3800036
0.000000000000000 3800000
0.073913574218750 3799963
0.072875976562500 3800000
0.074951171875000 3800000
0.073486328125000 3800000
0.070800781250000 3800036
0.076477050781250 3799963
0.071960449218750 3800000
0.073120117187500 3800000
0.073059082031250 3800000
0.065917968750000 3800000
0.072692871093750 3800000
0.072570800781250 3800000
0.073608398437500 3799963
0.000000000000000 3800036
0.071166992187500 3800000
0.074951171875000 3800000
0.072692871093750 3800000
0.073547363281250 3800000
0.071411132812500 3800000
0.075256347656250 3799927
0.072204589843750 3800072
0.070007324218750 3800000
0.073364257812500 3799963
0.073791503906250 3800036
0.073974609375000 3800000
0.072021484375000 3800000
0.000000000000000 3800000
0.075561523437500 3800000
0.074096679687500 3800000
0.074218750000000 3800000
0.072998046875000 3800000
0.073120117187500 3799963
0.073242187500000 3800036
0.073669433593750 3799963
0.072631835937500 3800036
0.073120117187500 3800000
0.070861816406250 3800000
0.074096679687500 3800000
0.000000000000000 3800000
0.073181152343750 3800000
0.072937011718750 3800000
0.071655273437500 3800000
0.073364257812500 3800000
0.072143554687500 3800000
0.073059082031250 3800000
0.075317382812500 3800000
0.073181152343750 3800000
0.073791503906250 3800000
0.072204589843750 3800000
0.072753906250000 3800000
0.073913574218750 3799963
0.070556640625000 3799963
0.000000000000000 3800072
0.074584960937500 3800000
0.073425292968750 3800000
0.072326660156250 3800000
0.074951171875000 3800000
0.073120117187500 3800000
0.074279785156250 3800000
0.071716308593750 3800000
0.071716308593750 3800000
0.073181152343750 3800000
0.074890136718750 3800000
0.074340820312500 3800000
0.000000000000000 3800000
0.073059082031250 3799963
0.075378417968750 3800036
0.070434570312500 3800000
0.065979003906250 3799927
0.072937011718750 3800072
0.074218750000000 3800000
0.071655273437500 3800000
0.074340820312500 3800000
0.076416015625000 3800000
0.072631835937500 3800000
0.073303222656250 3800000
0.070922851562500 3799963
0.073730468750000 3800036
0.000000000000000 3800000
0.074462890625000 3800000
0.073364257812500 3800000
0.074890136718750 3799963
0.071777343750000 3800036
0.072814941406250 3800000
0.073059082031250 3799927
0.073181152343750 3800072
0.071716308593750 3800000
0.074096679687500 3799963
0.072326660156250 3800000
0.073364257812500 3800036
0.074157714843750 3800000
0.000000000000000 3800000
0.072937011718750 3800000
0.074218750000000 3800000
0.070739746093750 3800000
0.072570800781250 3800000
0.071716308593750 3800036
0.071472167968750 3799963
0.075805664062500 3800000
0.072509765625000 3800000
0.072814941406250 3800036
0.073852539062500 3799963
0.074035644531250 3800000
0.073242187500000 3800000
0.000000000000000 3800000
0.074584960937500 3800000
0.073913574218750 3800000
0.074157714843750 3800000
0.073364257812500 3800000
0.073059082031250 3800000
0.073852539062500 3800000
0.074707031250000 3800036
0.073364257812500 3799963
0.073364257812500 3799963
0.072326660156250 3800036
0.073730468750000 3800000
0.000000000000000 3800000
0.071716308593750 3799963
0.073425292968750 3800036
0.072814941406250 3800036
0.072631835937500 3799927
0.072998046875000 3800036
0.072570800781250 3800000
0.074035644531250 3799963
0.071411132812500 3800036
0.073181152343750 3800000
0.075073242187500 3800000
0.070983886718750 3799963
0.073608398437500 3800072
0.072448730468750 3800000
0.064575195312500 3800000
0.000000000000000 3799927
0.072937011718750 3800036
0.075073242187500 3800000
0.072631835937500 3799963
0.075256347656250 3800036
0.066101074218750 3800000
0.069458007812500 3800000
0.071228027343750 3800000
0.072082519531250 3800000
0.072814941406250 3799963
0.074096679687500 3800036
0.074340820312500 3800000
0.072387695312500 3799963
0.077514648437500 3800036
0.064819335937500 3800000
0.066162109375000 3800000
0.000000000000000 3799963
0.074829101562500 3800036
0.073059082031250 3799927
0.064514160156250 3800072
0.065612792968750 3800000
0.076171875000000 3800000
0.075378417968750 3800000
0.072204589843750 3800000
0.067932128906250 3799855
0.069824218750000 3800144
0.065063476562500 3800000
0.070312500000000 3800000
0.069946289062500 3799927
0.072937011718750 3800036
0.067810058593750 3800036
0.070312500000000 3800000
0.076354980468750 3799963
0.069335937500000 3800036
0.070739746093750 3799963
0.075195312500000 3800000
0.064636230468750 3722462
0.073913574218750 3699929
0.064331054687500 3700035
0.000000000000000 3700000
0.073852539062500 3700000
0.070007324218750 3698867
0.073364257812500 3697660
0.064392089843750 3696912
0.072937011718750 3689217
0.073120117187500 3700070
0.071044921875000 3685905
0.072082519531250 3700070
0.070251464843750 3698249
0.072937011718750 3690905
0.070617675781250 3700000
0.071289062500000 3687867
0.073364257812500 3683334
0.000000000000000 3683366
0.070312500000000 3686678
0.073486328125000 3683403
0.071655273437500 3688227
0.072326660156250 3699823
0.068847656250000 3695835
0.062927246093750 3683399
0.072143554687500 3686672
0.070434570312500 3686973
0.072631835937500 3694506
0.071350097656250 3692077
0.072387695312500 3688710
0.070678710937500 3686608
0.071655273437500 3692956
0.000000000000000 3692564
0.074462890625000 3692346
0.071105957031250 3690991
0.073059082031250 3686008
0.071899414062500 3699964
0.072265625000000 3692015
0.069641113281250 3683159
0.063964843750000 3684594
0.071105957031250 3698902
0.072631835937500 3689316
0.071777343750000 3683334
0.074340820312500 3686857
0.071289062500000 3683334
0.069458007812500 3688014
0.072998046875000 3686852
0.000000000000000 3683330
0.076477050781250 3691105
0.072814941406250 3690051
0.070556640625000 3693618
0.068847656250000 3687316
0.074951171875000 3683298
0.071594238281250 3685078
0.071533203125000 3692874
0.075317382812500 3684848
0.074523925781250 3693974
0.073608398437500 3685885
0.000000000000000 3686943
0.074890136718750 3688585
0.073059082031250 3700000
0.069702148437500 3700000
0.074157714843750 3700000
0.067321777343750 3700000
0.065124511718750 3698143
0.068115234375000 3698303
0.063659667968750 3683332
0.063903808593750 3690807
0.074157714843750 3698720
0.073364257812500 3699929
0.073120117187500 3700035
0.071838378906250 3700000
0.073425292968750 3700000
0.070678710937500 3700035
0.000000000000000 3699964
0.071960449218750 3700000
0.070678710937500 3700000
0.071289062500000 3700035
0.071655273437500 3700000
0.075256347656250 3699964
0.074096679687500 3700000
0.070739746093750 3700000
0.073486328125000 3700000
0.069396972656250 3699929
0.071533203125000 3700035
0.071899414062500 3700070
0.000000000000000 3700000
0.135253906250000 3699964
0.000000000000000 3700000
0.072143554687500 3700000
0.071716308593750 3699964
0.070312500000000 3700070
0.073730468750000 3700000
0.070495605468750 3699964
0.071838378906250 3700000
0.072204589843750 3699964
0.073242187500000 3700070
0.072448730468750 3700000
0.071289062500000 3699964
0.073242187500000 3700035
0.000000000000000 3699964
0.072143554687500 3700000
0.073730468750000 3700000
0.072143554687500 3700035
0.072143554687500 3699964
0.071594238281250 3699964
0.070129394531250 3700070
0.072937011718750 3699964
0.070251464843750 3700000
0.070678710937500 3700035
0.072692871093750 3699964
0.063049316406250 3699964
0.074584960937500 3700035
0.072204589843750 3699964
0.000000000000000 3700035
0.073303222656250 3700035
0.071289062500000 3697033
0.074890136718750 3687597
0.070617675781250 3696660
0.073730468750000 3683336
0.071105957031250 3683331
0.071838378906250 3683332
0.071472167968750 3683333
0.069458007812500 3688893
0.072082519531250 3694454
0.067993164062500 3699964
0.000000000000000 3700035
0.076049804687500 3697189
0.071105957031250 3699964
0.072021484375000 3683749
0.070678710937500 3693872
0.071960449218750 3683334
0.070983886718750 3690867
0.069519042968750 3698110
0.075073242187500 3700035
0.072692871093750 3688755
0.072448730468750 3693149
0.069824218750000 3683655
0.068847656250000 3692905
0.070495605468750 3684930
0.000000000000000 3683330
0.071899414062500 3683334
0.073547363281250 3686808
0.071533203125000 3694561
0.071716308593750 3692557
0.073547363281250 3691682
0.071289062500000 3700070
0.071960449218750 3698658
0.070312500000000 3693113
0.073059082031250 3695147
0.073669433593750 3696864
0.069335937500000 3694569
0.000000000000000 3683332
0.071228027343750 3683369
0.070739746093750 3683265
0.073242187500000 3686164
0.071289062500000 3700000
0.072265625000000 3694539
0.070434570312500 3700000
0.069885253906250 3686465
0.073364257812500 3696409
0.071472167968750 3700035
0.071228027343750 3699929
0.070800781250000 3700070
0.072814941406250 3699964
0.000000000000000 3697956
0.072387695312500 3693899
0.070617675781250 3683297
0.072021484375000 3690960
0.071350097656250 3687471
0.073913574218750 3697490
0.069396972656250 3699894
0.072448730468750 3700140
0.071655273437500 3699894
0.071960449218750 3696808
0.072265625000000 3697500
0.069458007812500 3683332
0.072387695312500 3695351
0.000000000000000 3700000
0.072509765625000 3700000
0.073852539062500 3699092
0.071899414062500 3694623
0.070068359375000 3683369
0.071411132812500 3683298
0.069274902343750 3683366
0.063171386718750 3683334
0.070556640625000 3688978
0.070373535156250 3700035
0.070800781250000 3683499
0.074401855468750 3683436
0.072692871093750 3699964
0.070861816406250 3700000
0.071960449218750 3700035
0.000000000000000 3700000
0.070373535156250 3699929
0.072143554687500 3700035
0.073059082031250 3700000
0.072692871093750 3697440
0.071838378906250 3700035
0.070983886718750 3699929
0.072082519531250 3684635
0.071411132812500 3693141
0.071350097656250 3699964
0.070312500000000 3686414
0.073852539062500 3697665
0.069519042968750 3690491
0.000000000000000 3690350
0.070678710937500 3683297
0.073608398437500 3696500
0.070129394531250 3627311
0.072692871093750 3694529
0.072814941406250 3690548
0.075012207031250 3697268
0.072204589843750 3699964
0.071411132812500 3692913
0.071105957031250 3695533
0.071960449218750 3699964
0.070922851562500 3695674
0.000000000000000 3697199
0.071960449218750 3691127
0.072814941406250 3690947
0.072143554687500 3693019
0.068847656250000 3691910
0.072143554687500 3690858
0.070983886718750 3687012
0.072326660156250 3686822
0.070251464843750 3697033
0.071044921875000 3697008
0.062866210937500 3698674
0.068969726562500 3693785
0.073913574218750 3693050
0.070739746093750 3700035
0.072509765625000 3696517
0.000000000000000 3689990
0.072387695312500 3687778
0.070556640625000 3689141
0.075439453125000 3691263
0.068969726562500 3700000
0.075439453125000 3694857
0.070678710937500 3686191
0.071472167968750 3700000
0.071350097656250 3684011
0.069152832031250 3693753
0.074462890625000 3690976
0.072692871093750 3699964
0.000000000000000 3684421
0.074218750000000 3687351
0.069580078125000 3683333
0.063293457031250 3683367
0.070861816406250 3690295
0.071166992187500 3683369
0.068725585937500 3687429
0.074462890625000 3697425
0.072448730468750 3695343
0.071960449218750 3700035
0.073364257812500 3696613
0.071350097656250 3700035
0.072387695312500 3700000
0.070617675781250 3699929
0.000000000000000 3696536
0.072998046875000 3697103
0.072326660156250 3700035
0.071044921875000 3700000
0.073425292968750 3699964
0.071472167968750 3700035
0.071411132812500 3699894
0.070190429687500 3700105
0.073730468750000 3699964
0.071228027343750 3700000
0.070617675781250 3685282
0.071228027343750 3700000
0.072692871093750 3700000
0.000000000000000 3700035
0.073486328125000 3699929
0.070251464843750 3700035
0.073242187500000 3700000
0.071166992187500 3700035
0.072570800781250 3699929
0.070922851562500 3686428
0.069702148437500 3684969
0.071899414062500 3700000
0.072204589843750 3685844
0.063781738281250 3683333
0.070983886718750 3684604
0.070800781250000 3694014
0.069763183593750 3687794
0.000000000000000 3687041
0.073120117187500 3700000
0.074401855468750 3700000
0.071289062500000 3698777
0.072204589843750 3686729
0.072143554687500 3699257
0.071655273437500 3695782
0.071228027343750 3685576
0.071166992187500 3688963
0.063476562500000 3697496
0.070190429687500 3684045
0.071105957031250 3694382
0.071350097656250 3700000
0.071289062500000 3698628
0.071350097656250 3694595
0.000000000000000 3689496
0.072448730468750 3698711
0.072753906250000 3690442
0.071289062500000 3683368
0.072265625000000 3689401
0.073303222656250 3685121
0.073425292968750 3683947
0.073608398437500 3696946
0.069335937500000 3697995
0.070800781250000 3697945
0.074157714843750 3699571
0.072021484375000 3694525
0.000000000000000 3690428
0.070739746093750 3686824
0.073974609375000 3684366
0.142456054687500 3698280
0.071655273437500 3686881
0.068542480468750 3683260
0.072937011718750 3694115
0.071899414062500 3698911
0.074096679687500 3695558
0.063171386718750 3700070
0.071655273437500 3699964
0.072998046875000 3700000
0.070129394531250 3700035
0.063415527343750 3699461
0.070495605468750 3686885
0.063903808593750 3683330
0.070800781250000 3692611
0.072875976562500 3700070
0.072814941406250 3696799
0.000000000000000 3698804
0.071289062500000 3694556
0.072509765625000 3683333
0.073120117187500 3683332
0.073120117187500 3683333
0.071105957031250 3687187
0.072937011718750 3689464
0.075073242187500 3697374
0.068725585937500 3700000
0.075988769531250 3700035
0.070434570312500 3689681
0.070556640625000 3696108
0.000000000000000 3700035
0.071838378906250 3695548
0.073364257812500 3690027
0.072631835937500 3687036
0.070129394531250 3683405
0.065612792968750 3683295
0.069458007812500 3683369
0.072570800781250 3687357
0.071777343750000 3699964
0.073791503906250 3698432
0.072753906250000 3700035
0.071166992187500 3699929
0.070922851562500 3700035
0.070434570312500 3694107
0.073364257812500 3689398
0.000000000000000 3697594
0.069458007812500 3700000
0.073791503906250 3696614
0.070983886718750 3683334
0.072692871093750 3699155
0.072204589843750 3698706
0.072265625000000 3694558
0.072143554687500 3689809
0.071472167968750 3699964
0.072875976562500 3695385
0.072082519531250 3683369
0.071594238281250 3683300
0.072204589843750 3683332
0.000000000000000 3691414
0.072143554687500 3688976
0.072021484375000 3692575
0.071533203125000 3696245
0.071533203125000 3692328
0.069885253906250 3684767
0.073242187500000 3699964
0.072570800781250 3699964
0.069885253906250 3698591
0.073120117187500 3699139
0.070373535156250 3683368
0.074584960937500 3687431
0.069946289062500 3693986
0.000000000000000 3683843
0.071655273437500 3693075
0.070922851562500 3688680
0.075439453125000 3689102
0.073120117187500 3688855
0.070251464843750 3683297
0.072692871093750 3688208
0.069335937500000 3690451
0.075561523437500 3686670
0.070922851562500 3683402
0.071350097656250 3693895
0.072814941406250 3688940
0.000000000000000 3689564
0.071899414062500 3683263
0.070800781250000 3693807
0.072387695312500 3694027
0.071594238281250 3693383
0.072021484375000 3698584
0.071105957031250 3683324
0.063476562500000 3687508
0.071350097656250 3693161
0.073059082031250 3697289
0.072082519531250 3687026
0.072204589843750 3698324
0.071899414062500 3699964
0.072387695312500 3700035
0.065490722656250 3700000
0.000000000000000 3699964
0.072570800781250 3700035
0.072021484375000 3700000
0.070556640625000 3699894
0.072753906250000 3700070
0.071289062500000 3700000
0.074218750000000 3700035
0.071777343750000 3699964
0.071228027343750 3700000
0.071899414062500 3700035
0.072998046875000 3700000
0.070922851562500 3700000
0.000000000000000 3699894
0.074523925781250 3700070
0.072326660156250 3699964
0.073303222656250 3700035
0.069030761718750 3696601
0.072875976562500 3700035
0.070312500000000 3699964
0.071960449218750 3700000
0.075378417968750 3699929
0.069763183593750 3693218
0.072265625000000 3696503
0.071411132812500 3691717
0.071838378906250 3687144
0.000000000000000 3699887
0.071289062500000 3698417
0.071411132812500 3687572
0.072265625000000 3684750
0.070556640625000 3697012
0.063232421875000 3700000
0.070861816406250 3697015
0.072021484375000 3685642
0.070617675781250 3697454
0.072875976562500 3699353
0.070190429687500 3695514
0.074645996093750 3699964
0.073181152343750 3700000
0.070800781250000 3698941
0.000000000000000 3699964
0.073791503906250 3699929
0.072875976562500 3694365
0.068359375000000 3691935
0.071350097656250 3697984
0.075378417968750 3689020
0.072387695312500 3697501
0.069580078125000 3694246
0.074035644531250 3699964
0.069580078125000 3700000
0.072265625000000 3695244
0.071166992187500 3695074
0.071777343750000 3687674
0.000000000000000 3693576
0.072204589843750 3689319
0.072509765625000 3699964
0.072021484375000 3695776
0.072753906250000 3683368
0.071166992187500 3694518
0.070556640625000 3683369
0.064025878906250 3696499
0.072509765625000 3700000
0.068054199218750 3685025
0.072387695312500 3688517
0.071594238281250 3697290
0.072387695312500 3695959
0.070434570312500 3686770
0.071289062500000 3700035
0.000000000000000 3688862
0.073852539062500 3687183
0.072448730468750 3694553
0.071472167968750 3687106
0.069824218750000 3683332
0.070922851562500 3683299
0.073059082031250 3675076
0.071594238281250 3591225
0.068176269531250 3597832
0.067260742187500 3594426
0.067810058593750 3597215
0.066101074218750 3598084
0.000000000000000 3587060
0.068786621093750 3583332
0.067993164062500 3596259
0.065917968750000 3598511
0.068298339843750 3587377
0.064575195312500 3590450
0.066528320312500 3587407
0.066162109375000 3590336
0.067321777343750 3598814
0.067443847656250 3583334
0.067382812500000 3595407
0.067993164062500 3593708
0.065917968750000 3583334
0.000000000000000 3588184
0.066528320312500 3593125
0.065551757812500 3589067
0.067749023437500 3583565
0.065368652343750 3586921
0.066406250000000 3583302
0.068786621093750 3583365
0.068908691406250 3594419
0.066528320312500 3594623
0.068847656250000 3594274
0.067443847656250 3593124
0.065734863281250 3584542
0.067382812500000 3593941
0.000000000000000 3583331
0.066406250000000 3587939
0.067932128906250 3585978
0.059692382812500 3583337
0.065734863281250 3593195
0.068481445312500 3588945
0.065246582031250 3590311
0.069152832031250 3598557
0.064880371093750 3588757
0.067993164062500 3599965
0.066406250000000 3594166
0.065124511718750 3592084
0.067321777343750 3583331
0.066101074218750 3583334
0.066589355468750 3592043
0.000000000000000 3588844
0.065307617187500 3591533
0.069702148437500 3594551
0.067382812500000 3583301
0.065551757812500 3598305
0.067687988281250 3600000
0.064819335937500 3597464
0.067504882812500 3583334
0.065246582031250 3585889
0.068664550781250 3600000
0.067321777343750 3597617
0.067016601562500 3583369
0.067565917968750 3583330
0.000000000000000 3591084
0.066894531250000 3586808
0.067077636718750 3583330
0.066223144531250 3596477
0.067382812500000 3597993
0.068298339843750 3583333
0.067687988281250 3583332
0.065979003906250 3594556
0.068176269531250 3590191
0.066650390625000 3598966
0.065307617187500 3583296
0.066345214843750 3583334
0.066345214843750 3589830
0.000000000000000 3599856
0.067565917968750 3589622
0.069091796875000 3599404
0.065856933593750 3583335
0.067871093750000 3583895
0.066589355468750 3594004
0.067932128906250 3583691
0.067504882812500 3599965
0.065856933593750 3588700
0.069030761718750 3585211
0.067443847656250 3600034
0.068054199218750 3592520
0.000000000000000 3594539
0.066467285156250 3599965
0.065612792968750 3589142
0.069030761718750 3588219
0.065734863281250 3583336
0.066040039062500 3599471
0.066711425781250 3589586
0.066040039062500 3587587
0.068603515625000 3600000
0.061157226562500 3443358
0.066223144531250 3599931
0.067565917968750 3600068
0.069885253906250 3600000
0.068054199218750 3600000
0.000000000000000 3599965
0.067565917968750 3600000
0.065856933593750 3600034
0.067871093750000 3600000
0.067565917968750 3600000
0.067565917968750 3600000
0.059204101562500 3600000
0.065795898437500 3599931
0.068176269531250 3600068
0.067382812500000 3600000
0.068176269531250 3600000
0.068481445312500 3600000
0.067260742187500 3600000
0.000000000000000 3600000
0.068786621093750 3600000
0.065124511718750 3599965
0.067199707031250 3599931
0.065124511718750 3600103
0.060180664062500 3600000
0.066162109375000 3599931
0.067504882812500 3600068
0.067016601562500 3599862
0.068664550781250 3600137
0.059753417968750 3600000
0.067810058593750 3599965
0.067016601562500 3600034
0.064575195312500 3599965
0.069152832031250 3600034
0.065979003906250 3599965
0.067321777343750 3600034
0.000000000000000 3600000
0.067993164062500 3599965
0.065368652343750 3600068
0.068847656250000 3599931
0.066406250000000 3600034
0.066040039062500 3600000
0.065429687500000 3600000
0.070922851562500 3600000
0.069030761718750 3600000
0.066345214843750 3600000
0.066406250000000 3600000
0.066528320312500 3600000
0.059875488281250 3600000
0.066833496093750 3599931
0.000000000000000 3600068
0.067810058593750 3600034
0.064880371093750 3599965
0.070495605468750 3600034
0.068054199218750 3599965
0.064270019531250 3599965
0.067199707031250 3600034
0.065368652343750 3599965
0.067565917968750 3600034
0.065673828125000 3600034
0.067932128906250 3599965
0.065795898437500 3600000
0.069274902343750 3599931
0.000000000000000 3600068
0.066955566406250 3600000
0.065429687500000 3600000
0.067749023437500 3600000
0.064514160156250 3600000
0.059020996093750 3600000
0.067993164062500 3600000
0.066711425781250 3599931
0.066589355468750 3600068
0.065979003906250 3600000
0.059082031250000 3600000
0.065856933593750 3600000
0.065979003906250 3600000
0.067077636718750 3554161
0.070007324218750 3600034
0.067871093750000 3600000
0.000000000000000 3600000
0.125183105468750 3599931
0.000000000000000 3600068
0.067749023437500 3600000
0.067382812500000 3600000
0.066467285156250 3600000
0.067626953125000 3600000
0.066711425781250 3599931
0.066894531250000 3600068
0.067382812500000 3599862
0.064697265625000 3600102
0.069396972656250 3600034
0.066467285156250 3600000
0.069274902343750 3599965
0.068542480468750 3600034
0.000000000000000 3600000
0.065856933593750 3599965
0.067382812500000 3600000
0.067565917968750 3600034
0.067687988281250 3599897
0.065551757812500 3600103
0.066284179687500 3599965
0.066101074218750 3600000
0.067626953125000 3599897
0.067077636718750 3600137
0.067016601562500 3600000
0.067016601562500 3599965
0.068420410156250 3600034
0.000000000000000 3599931
0.067565917968750 3600034
0.065856933593750 3600034
0.068786621093750 3600000
0.068359375000000 3600000
0.065612792968750 3599931
0.068176269531250 3600068
0.066040039062500 3599965
0.068969726562500 3600034
0.069702148437500 3599965
0.065368652343750 3600034
0.067871093750000 3600034
0.000000000000000 3599897
0.067382812500000 3600068
0.067077636718750 3600000
0.067382812500000 3599965
0.066955566406250 3600000
0.067687988281250 3600034
0.064880371093750 3600000
0.059265136718750 3599965
0.065917968750000 3600034
0.067504882812500 3600000
0.064880371093750 3600000
0.065917968750000 3600000
0.067810058593750 3600000
0.068786621093750 3600034
0.068176269531250 3599965
0.000000000000000 3599897
0.065307617187500 3600137
0.067138671875000 3599965
0.066894531250000 3600000
0.067626953125000 3599931
0.066040039062500 3600068
0.067321777343750 3600000
0.071411132812500 3599965
0.065368652343750 3600034
0.066528320312500 3600000
0.066528320312500 3599931
0.059020996093750 3600068
0.066223144531250 3600000
0.066040039062500 3600000
0.065551757812500 3599965
0.000000000000000 3600034
0.067565917968750 3600000
0.070190429687500 3599965
0.066711425781250 3600034
0.066894531250000 3600000
0.064941406250000 3600000
0.067565917968750 3599931
0.065368652343750 3600068
0.068664550781250 3600000
0.070129394531250 3600000
0.068420410156250 3599965
0.000000000000000 3599965
0.067871093750000 3600102
0.064575195312500 3599965
0.066833496093750 3600000
0.065734863281250 3600000
0.069702148437500 3600000
0.066040039062500 3600000
0.066406250000000 3599965
0.065307617187500 3600034
0.067321777343750 3599965
0.067749023437500 3600068
0.066528320312500 3599965
0.067382812500000 3599965
0.067504882812500 3600034
0.000000000000000 3600000
0.066589355468750 3600000
0.066955566406250 3600000
0.065612792968750 3600000
0.067871093750000 3599931
0.065917968750000 3600068
0.068359375000000 3600000
0.068420410156250 3600000
0.065124511718750 3600000
0.069030761718750 3599931
0.068176269531250 3600068
0.066345214843750 3599965
0.065124511718750 3600034
0.000000000000000 3600000
0.066955566406250 3600000
0.068664550781250 3599965
0.066833496093750 3600034
0.066406250000000 3599965
0.065917968750000 3600000
0.067382812500000 3600034
0.068298339843750 3599965
0.068298339843750 3600034
0.068420410156250 3600000
0.066589355468750 3600000
0.068786621093750 3600000
0.000000000000000 3600000
0.069458007812500 3600000
0.066406250000000 3600034
0.065551757812500 3599931
0.069030761718750 3600068
0.068969726562500 3599931
0.065551757812500 3600034
0.067199707031250 3600000
0.066101074218750 3600000
0.068481445312500 3600000
0.066772460937500 3600000
0.067871093750000 3599965
0.065368652343750 3600034
0.000000000000000 3600000
0.065612792968750 3600000
0.069519042968750 3600000
0.064758300781250 3599965
0.067626953125000 3600034
0.065368652343750 3600000
0.066711425781250 3600000
0.069274902343750 3600000
0.065734863281250 3600000
0.067077636718750 3600000
0.064331054687500 3600000
0.069702148437500 3600000
0.066772460937500 3600000
0.000000000000000 3599965
0.067321777343750 3600034
0.066772460937500 3599965
0.064941406250000 3600034
0.059265136718750 3600000
0.065124511718750 3600000
0.066040039062500 3600000
0.067138671875000 3600000
0.067565917968750 3600000
0.064575195312500 3600034
0.067993164062500 3599965
0.067138671875000 3600000
0.065124511718750 3600034
0.069763183593750 3599965
0.065612792968750 3600000
0.067199707031250 3600034
0.000000000000000 3599965
0.067504882812500 3600000
0.059448242187500 3600000
0.067382812500000 3600000
0.065612792968750 3600000
0.067504882812500 3600000
0.066223144531250 3600000
0.067932128906250 3600000
0.065002441406250 3600000
0.067016601562500 3599965
0.069274902343750 3600034
0.067871093750000 3600000
0.065734863281250 3600034
0.064941406250000 3599931
0.067199707031250 3600034
0.000000000000000 3600000
0.065551757812500 3600000
0.067871093750000 3600034
0.066467285156250 3599931
0.067749023437500 3600000
0.069641113281250 3600034
0.067687988281250 3600000
0.069030761718750 3600000
0.064575195312500 3600000
0.067810058593750 3599965
0.067871093750000 3600034
0.066894531250000 3600000
0.000000000000000 3600000
0.067504882812500 3600000
0.068176269531250 3599931
0.067687988281250 3600068
0.066894531250000 3600000
0.066162109375000 3599931
0.069091796875000 3600034
0.066040039062500 3600068
0.068054199218750 3599965
0.067443847656250 3600000
0.059143066406250 3600000
0.065612792968750 3600000
0.067626953125000 3600000
0.066223144531250 3600000
0.000000000000000 3600000
0.068603515625000 3600000
0.066223144531250 3600000
0.066345214843750 3600034
0.066528320312500 3599965
0.068298339843750 3600000
0.067565917968750 3599965
0.067626953125000 3600000
0.067382812500000 3600034
0.067687988281250 3600000
0.064941406250000 3600000
0.066589355468750 3600000
0.000000000000000 3600000
0.067993164062500 3600000
0.065368652343750 3600000
0.066833496093750 3600000
0.067565917968750 3600000
0.267211914062500 3600000
0.066101074218750 3600034
0.064941406250000 3599931
0.068115234375000 3600034
0.067016601562500 3600000
0.064636230468750 3600000
0.066894531250000 3600000
0.065429687500000 3600000
0.067138671875000 3600000
0.066772460937500 3600000
0.067810058593750 3600000
0.000000000000000 3600000
0.066894531250000 3600000
0.065490722656250 3600000
0.068237304687500 3600000
0.065368652343750 3600000
0.067382812500000 3600000
0.066406250000000 3600034
0.059143066406250 3599863
0.069641113281250 3600103
0.067687988281250 3600000
0.067382812500000 3600000
0.065429687500000 3600000
0.067993164062500 3600000
0.065368652343750 3600000
0.000000000000000 3600000
0.066833496093750 3600000
0.065856933593750 3600000
0.066650390625000 3600000
0.070373535156250 3600000
0.067993164062500 3600000
0.065612792968750 3600000
0.065063476562500 3600000
0.069030761718750 3600000
0.066894531250000 3600000
0.068298339843750 3600000
0.066955566406250 3600000
0.065612792968750 3600000
0.000000000000000 3600000
0.067871093750000 3600034
0.065429687500000 3599965
0.067260742187500 3599931
0.066101074218750 3600034
0.059082031250000 3600000
0.065490722656250 3600000
0.068237304687500 3600034
0.067382812500000 3600000
0.068664550781250 3600000
0.071228027343750 3600000
0.059448242187500 3599965
0.065917968750000 3600034
0.066467285156250 3600000
0.059875488281250 3600000
0.071777343750000 3599965
0.000000000000000 3600034
0.072814941406250 3599931
0.060058593750000 3600068
0.063476562500000 3600000
0.064819335937500 3600000
0.063537597656250 3600000
0.072265625000000 3600000
0.061828613281250 3600000
0.067810058593750 3600000
0.063476562500000 3599965
0.059448242187500 3600000
0.063964843750000 3600034
0.071716308593750 3599965
0.062866210937500 3600034
0.064270019531250 3600000
0.068237304687500 3599965
0.059692382812500 3600034
0.066894531250000 3600000
0.062011718750000 3600000
0.066833496093750 3600000
0.000000000000000 3600000
0.068359375000000 3599931
0.067687988281250 3600103
0.062988281250000 3599931
0.064636230468750 3600034
0.066894531250000 3600000
0.065429687500000 3599931
0.068237304687500 3600068
0.067687988281250 3600000
0.065734863281250 3600000
0.066101074218750 3600000
0.066040039062500 3600034
0.068603515625000 3599965
0.066467285156250 3600000
0.000000000000000 3600000
0.067382812500000 3600000
0.067077636718750 3600000
0.066284179687500 3600034
0.058959960937500 3599965
