0.075073242187500 3900037
0.000000000000000 3899888
0.074401855468750 3900037
0.074218750000000 3900037
0.074523925781250 3899962
0.075927734375000 3900037
0.074829101562500 3900000
0.075012207031250 3900037
0.075988769531250 3900000
0.077392578125000 3899962
0.072509765625000 3899962
0.075988769531250 3900037
0.074584960937500 3899962
0.076904296875000 3900037
0.000000000000000 3900037
0.078186035156250 3899962
0.073120117187500 3900000
0.077453613281250 3900000
0.075256347656250 3899961
0.074523925781250 3900037
0.075378417968750 3900037
0.075500488281250 3899962
0.079101562500000 3900037
0.073547363281250 3899925
0.076232910156250 3900074
0.075683593750000 3900000
0.000000000000000 3900000
0.075683593750000 3899962
0.076354980468750 3899962
0.075805664062500 3900074
0.077087402343750 3899962
0.074523925781250 3900037
0.075012207031250 3899962
0.077026367187500 3900000
0.075012207031250 3900037
0.073364257812500 3899962
0.076599121093750 3900000
0.078002929687500 3900000
0.072875976562500 3900000
0.000000000000000 3900000
0.075195312500000 3900037
0.073791503906250 3900000
0.076721191406250 3899962
0.075439453125000 3900037
0.075256347656250 3899962
0.079528808593750 3900000
0.075561523437500 3900000
0.077758789062500 3900037
0.073852539062500 3899962
0.075073242187500 3900000
0.074035644531250 3900000
0.074707031250000 3900000
0.000000000000000 3900000
0.076843261718750 3900000
0.073547363281250 3900037
0.074035644531250 3900000
0.075195312500000 3895474
0.077941894531250 3904531
0.075317382812500 3899962
0.075683593750000 3900000
0.075866699218750 3900000
0.073547363281250 3900037
0.066650390625000 3900000
0.073791503906250 3900000
0.075683593750000 3899962
0.072937011718750 3900000
0.076477050781250 3900037
0.000000000000000 3900000
0.076293945312500 3900000
0.076232910156250 3900000
0.074645996093750 3900000
0.074951171875000 3899962
0.076293945312500 3900000
0.075073242187500 3900037
0.075988769531250 3900000
0.075744628906250 3900000
0.078063964843750 3900000
0.075805664062500 3899962
0.074645996093750 3900000
0.000000000000000 3900000
0.075195312500000 3900000
0.073852539062500 3900000
0.076904296875000 3900037
0.073364257812500 3899962
0.078857421875000 3900000
0.076477050781250 3900037
0.075012207031250 3900000
0.073974609375000 3900000
0.073730468750000 3899962
0.076721191406250 3900000
0.073425292968750 3900000
0.067138671875000 3900037
0.074829101562500 3899888
0.077026367187500 3900074
0.000000000000000 3900000
0.075805664062500 3900000
0.075073242187500 3900000
0.074462890625000 3900000
0.076660156250000 3900000
0.075378417968750 3899962
0.079040527343750 3900074
0.076782226562500 3900000
0.074768066406250 3899962
0.072448730468750 3900000
0.077758789062500 3900000
0.000000000000000 3900000
0.074951171875000 3900037
0.076538085937500 3900000
0.075195312500000 3899962
0.073425292968750 3900000
0.077270507812500 3900000
0.075622558593750 3900000
0.078674316406250 3900037
0.075378417968750 3900000
0.074462890625000 3900000
0.079772949218750 3900000
0.074035644531250 3899962
0.000000000000000 3900037
0.077697753906250 3899962
0.075927734375000 3900000
0.075622558593750 3900000
0.066162109375000 3900037
0.073974609375000 3899962
0.075561523437500 3900037
0.078430175781250 3900000
0.067443847656250 3900000
0.071350097656250 3900000
0.074340820312500 3899962
0.074096679687500 3900037
0.075439453125000 3899962
0.077209472656250 3900000
0.076171875000000 3900000
0.076232910156250 3900000
0.000000000000000 3900000
0.074096679687500 3900000
0.078430175781250 3900000
0.076049804687500 3900000
0.076965332031250 3900000
0.075439453125000 3900000
0.077819824218750 3900000
0.067504882812500 3900037
0.074951171875000 3900000
0.077148437500000 3899962
0.073974609375000 3900000
0.077758789062500 3900000
0.074584960937500 3900037
0.000000000000000 3900000
0.074951171875000 3899962
0.076232910156250 3900000
0.073974609375000 3900000
0.079895019531250 3900000
0.074829101562500 3900000
0.066284179687500 3900000
0.073608398437500 3900000
0.075256347656250 3900000
0.076171875000000 3900000
0.078369140625000 3900000
0.077148437500000 3900000
0.072875976562500 3812997
0.063842773437500 3800000
0.071350097656250 3800000
0.062683105468750 3800036
0.000000000000000 3799963
0.070800781250000 3800000
0.065185546875000 3800000
0.070129394531250 3800000
0.071166992187500 3800000
0.070861816406250 3800000
0.069580078125000 3799963
0.071777343750000 3800036
0.068542480468750 3800000
0.074157714843750 3800036
0.072021484375000 3799963
0.069396972656250 3799963
0.068664550781250 3800036
0.067749023437500 3800000
0.000000000000000 3800000
0.073242187500000 3799963
0.068847656250000 3800036
0.069458007812500 3800000
0.065734863281250 3800000
0.064880371093750 3800036
0.065795898437500 3799963
0.074768066406250 3800000
0.070373535156250 3800000
0.063964843750000 3799963
0.063354492187500 3800072
0.069519042968750 3799963
0.072021484375000 3799927
0.065490722656250 3800036
0.072937011718750 3800036
0.069641113281250 3800000
0.073608398437500 3800000
0.067626953125000 3799963
0.000000000000000 3800036
0.071472167968750 3800000
0.072021484375000 3800036
0.069091796875000 3800000
0.070739746093750 3799963
0.071228027343750 3800000
0.074707031250000 3800000
0.071105957031250 3800036
0.068725585937500 3799963
0.071289062500000 3800000
0.071166992187500 3800036
0.069763183593750 3799963
0.070739746093750 3800000
0.000000000000000 3800000
0.070251464843750 3800000
0.073608398437500 3800036
0.069030761718750 3799963
0.069885253906250 3800000
0.070190429687500 3800000
0.070983886718750 3800036
0.068908691406250 3799963
0.063049316406250 3800000
0.070800781250000 3800000
0.068908691406250 3800000
0.072692871093750 3800036
0.070556640625000 3799963
0.071166992187500 3800000
0.000000000000000 3800000
0.072814941406250 3799963
0.072692871093750 3800036
0.070678710937500 3800000
0.069641113281250 3800000
0.071044921875000 3800000
0.069641113281250 3800000
0.062622070312500 3800000
0.067871093750000 3799963
0.070312500000000 3800036
0.070434570312500 3800000
0.073242187500000 3800000
0.070373535156250 3800000
0.070556640625000 3800000
0.000000000000000 3800000
0.069763183593750 3800000
0.071655273437500 3800000
0.070800781250000 3799963
0.072998046875000 3800036
0.068969726562500 3800000
0.070556640625000 3800000
0.072021484375000 3800000
0.062255859375000 3800000
0.068847656250000 3800000
0.064819335937500 3800000
0.068908691406250 3800036
0.063781738281250 3799963
0.070251464843750 3800000
0.073425292968750 3800000
0.067321777343750 3800000
0.066040039062500 3800000
0.069030761718750 3800000
0.000000000000000 3800000
0.070617675781250 3800000
0.070861816406250 3800000
0.069641113281250 3800000
0.063171386718750 3800000
0.070739746093750 3800000
0.071044921875000 3800000
0.069274902343750 3800000
0.070068359375000 3800000
0.072265625000000 3800036
0.068176269531250 3799855
0.069885253906250 3800108
0.070129394531250 3800000
0.072692871093750 3800000
0.069702148437500 3800000
0.000000000000000 3800036
0.069702148437500 3799963
0.069091796875000 3800000
0.070068359375000 3800000
0.071594238281250 3800000
0.069885253906250 3800000
0.072326660156250 3800000
0.070312500000000 3800000
0.070983886718750 3800000
0.062316894531250 3800000
0.070251464843750 3800000
0.071411132812500 3800000
0.070983886718750 3800000
0.072143554687500 3800000
0.000000000000000 3799963
0.071838378906250 3800036
0.068298339843750 3800000
0.071777343750000 3800000
0.070434570312500 3800000
0.070495605468750 3800000
0.069763183593750 3800000
0.068969726562500 3800000
0.070312500000000 3800000
0.072448730468750 3799963
0.072937011718750 3800036
0.069641113281250 3800000
0.070190429687500 3800000
0.000000000000000 3800036
0.071228027343750 3799963
0.070983886718750 3800000
0.070678710937500 3800000
0.070678710937500 3800000
0.071105957031250 3800000
0.070678710937500 3800000
0.070129394531250 3800000
0.068115234375000 3800000
0.062316894531250 3800036
0.070983886718750 3800000
0.071472167968750 3799963
0.069763183593750 3800000
0.071533203125000 3800000
0.000000000000000 3800000
0.072021484375000 3800000
0.070861816406250 3800000
0.069641113281250 3800000
0.068054199218750 3800036
0.071289062500000 3799963
0.074584960937500 3800000
0.071838378906250 3800000
0.068176269531250 3800000
0.070190429687500 3800000
0.069885253906250 3800000
0.069580078125000 3800000
0.069274902343750 3799963
0.000000000000000 3800036
0.072021484375000 3800000
0.068298339843750 3800000
0.072448730468750 3800000
0.069152832031250 3800000
0.069580078125000 3800036
0.067932128906250 3799963
0.071472167968750 3800000
0.073242187500000 3800000
0.069274902343750 3800000
0.070983886718750 3800000
0.069335937500000 3799963
0.071777343750000 3800036
0.071350097656250 3800000
0.000000000000000 3800036
0.069946289062500 3799963
0.070861816406250 3800000
0.069641113281250 3800000
0.072326660156250 3800000
0.068908691406250 3800000
0.071289062500000 3800000
0.068725585937500 3800000
0.070739746093750 3800000
0.073242187500000 3800000
0.069213867187500 3800000
0.070190429687500 3800000
0.068847656250000 3800000
0.000000000000000 3800000
0.072082519531250 3799963
0.069946289062500 3800036
0.071777343750000 3800000
0.074768066406250 3800000
0.071228027343750 3800036
0.070678710937500 3799963
0.072082519531250 3800036
0.069702148437500 3800000
0.071289062500000 3799963
0.071899414062500 3800000
0.000000000000000 3800000
0.071533203125000 3800000
0.070495605468750 3800000
0.070556640625000 3800000
0.070251464843750 3800000
0.070495605468750 3800000
0.069763183593750 3800000
0.071166992187500 3800000
0.072570800781250 3800000
0.070617675781250 3799963
0.071777343750000 3800036
0.069030761718750 3800000
0.070373535156250 3800000
0.000000000000000 3800036
0.070190429687500 3799963
0.072265625000000 3800036
0.070373535156250 3799963
0.069641113281250 3800000
0.070251464843750 3800000
0.069641113281250 3800000
0.070800781250000 3800000
0.069091796875000 3799963
0.070617675781250 3800036
0.073547363281250 3800000
0.070434570312500 3799963
0.071472167968750 3800036
0.000000000000000 3800000
0.068969726562500 3800000
0.070556640625000 3800000
0.069396972656250 3800000
0.072021484375000 3800036
0.073730468750000 3799963
0.070556640625000 3800000
0.071411132812500 3800000
0.070007324218750 3800000
0.070617675781250 3800000
0.070800781250000 3799963
0.062133789062500 3800036
0.062377929687500 3800000
0.070617675781250 3799927
0.071472167968750 3800036
0.000000000000000 3800000
0.070556640625000 3800036
0.071350097656250 3800000
0.069580078125000 3800000
0.069519042968750 3799963
0.069274902343750 3800036
0.069824218750000 3800000
0.072509765625000 3800000
0.071594238281250 3800000
0.070556640625000 3800000
0.069763183593750 3800000
0.069885253906250 3800000
0.069885253906250 3799963
0.070190429687500 3800036
0.000000000000000 3800000
0.070800781250000 3800000
0.069458007812500 3800000
0.072021484375000 3799927
0.069519042968750 3800000
0.071899414062500 3799963
0.067138671875000 3800036
0.062927246093750 3800072
0.070190429687500 3800000
0.071960449218750 3800000
0.069580078125000 3800000
0.070678710937500 3800000
0.062255859375000 3799927
0.071655273437500 3800000
0.072204589843750 3799963
0.069335937500000 3800108
0.000000000000000 3800000
0.069091796875000 3799891
0.071289062500000 3800036
0.069091796875000 3799963
0.070068359375000 3800108
0.069335937500000 3800000
0.072143554687500 3800000
0.070312500000000 3799963
0.069091796875000 3800036
0.069458007812500 3800000
0.071166992187500 3799927
0.070251464843750 3800072
0.070495605468750 3800000
0.070739746093750 3799927
0.000000000000000 3800072
0.070983886718750 3800000
0.070922851562500 3799963
0.068725585937500 3800036
0.071777343750000 3799891
0.071105957031250 3800036
0.069885253906250 3800000
0.071838378906250 3799963
0.071899414062500 3800108
0.071350097656250 3800000
0.069274902343750 3800036
0.073425292968750 3799963
0.000000000000000 3800000
0.070556640625000 3799963
0.069519042968750 3800036
0.071350097656250 3800000
0.071166992187500 3800000
0.071105957031250 3800000
0.068115234375000 3800000
0.070312500000000 3800000
0.069396972656250 3799963
0.070129394531250 3800036
0.071105957031250 3799963
0.069396972656250 3800036
0.070617675781250 3800000
0.000000000000000 3800000
0.071411132812500 3800000
0.073425292968750 3800000
0.069091796875000 3800000
0.068481445312500 3800000
0.071105957031250 3800000
0.070800781250000 3800000
0.071105957031250 3800000
0.070739746093750 3800000
0.071105957031250 3799963
0.071105957031250 3800036
0.070556640625000 3800000
0.069213867187500 3799927
0.000000000000000 3800072
0.071228027343750 3799963
0.070495605468750 3800036
0.070983886718750 3800000
0.071044921875000 3799963
0.072143554687500 3800036
0.067871093750000 3799927
0.072204589843750 3800072
0.068298339843750 3800036
0.070190429687500 3799891
0.070312500000000 3800072
0.071350097656250 3800000
0.071716308593750 3800000
0.000000000000000 3800000
0.068298339843750 3800036
0.071838378906250 3799963
0.069091796875000 3800000
0.071960449218750 3800000
0.068847656250000 3800000
0.070312500000000 3800036
0.073608398437500 3799963
0.070129394531250 3800000
0.062072753906250 3800000
0.072265625000000 3800000
0.070922851562500 3800000
0.068969726562500 3800000
0.069763183593750 3800000
0.069335937500000 3799963
0.000000000000000 3800036
0.070434570312500 3800000
0.070922851562500 3800000
0.070739746093750 3800000
0.062011718750000 3800000
0.069213867187500 3800000
0.071655273437500 3800000
0.068664550781250 3800000
0.070312500000000 3800000
0.073974609375000 3800000
0.068969726562500 3800000
0.070800781250000 3800000
0.069396972656250 3800000
0.064208984375000 3800000
0.068969726562500 3799927
0.071472167968750 3800072
0.067810058593750 3799927
0.000000000000000 3800072
0.071899414062500 3800000
0.071960449218750 3800000
0.068969726562500 3800000
0.071655273437500 3800000
0.068664550781250 3800000
0.071899414062500 3800000
0.069519042968750 3799927
0.070922851562500 3800072
0.069580078125000 3800000
0.069030761718750 3799963
0.071838378906250 3800036
0.070190429687500 3799963
0.000000000000000 3800000
0.069641113281250 3800036
0.068786621093750 3799963
0.071960449218750 3800036
0.070495605468750 3800000
0.069213867187500 3799927
0.072387695312500 3799963
0.069641113281250 3800036
0.062072753906250 3800072
0.068847656250000 3799963
0.071777343750000 3799963
0.068664550781250 3800000
0.071350097656250 3800072
0.070556640625000 3799927
0.069885253906250 3800072
0.000000000000000 3800000
0.071655273437500 3800000
0.068664550781250 3800000
0.072143554687500 3800000
0.068786621093750 3800000
0.070861816406250 3800000
0.069824218750000 3800000
0.070434570312500 3800000
0.071899414062500 3800036
0.069091796875000 3799963
0.069885253906250 3799963
0.070861816406250 3800036
0.073242187500000 3800000
0.000000000000000 3800000
0.070678710937500 3800036
0.070556640625000 3799963
0.071289062500000 3800036
0.069091796875000 3799963
0.071533203125000 3799963
0.070068359375000 3800036
0.071472167968750 3800000
0.071838378906250 3800000
0.071594238281250 3800000
0.069885253906250 3800000
0.069274902343750 3800000
0.062561035156250 3800000
0.069946289062500 3800036
0.000000000000000 3799891
0.071655273437500 3800072
0.070678710937500 3800000
0.069091796875000 3800000
0.071777343750000 3800000
0.071228027343750 3800000
0.069702148437500 3800000
0.070861816406250 3800000
0.070983886718750 3800000
0.072082519531250 3800000
0.071655273437500 3800000
0.070190429687500 3800000
0.069702148437500 3800036
0.000000000000000 3799963
0.069763183593750 3800000
0.070739746093750 3800000
0.070556640625000 3800036
0.070068359375000 3799963
0.072082519531250 3799963
0.071350097656250 3800036
0.070739746093750 3800000
0.070129394531250 3800000
0.068298339843750 3800000
0.071472167968750 3800000
0.070007324218750 3800000
0.070861816406250 3800000
0.000000000000000 3800036
0.071411132812500 3799963
0.069335937500000 3799927
0.070007324218750 3644592
0.071960449218750 3800000
0.062561035156250 3799963
0.070861816406250 3800072
0.071899414062500 3799963
0.073608398437500 3800000
0.072265625000000 3800000
0.072143554687500 3800000
0.069702148437500 3800000
0.072143554687500 3800000
0.000000000000000 3800000
0.070800781250000 3800036
0.062194824218750 3799963
0.072326660156250 3800000
0.070068359375000 3800036
0.072387695312500 3799963
0.068237304687500 3800036
0.062072753906250 3799963
0.068359375000000 3799963
0.070739746093750 3800036
0.070739746093750 3799963
0.073364257812500 3800000
0.070312500000000 3800036
0.068420410156250 3800000
0.074340820312500 3800000
0.068847656250000 3800000
0.000000000000000 3800000
0.069519042968750 3800000
0.069763183593750 3800000
0.071472167968750 3800000
0.063110351562500 3800000
0.068054199218750 3800000
0.072570800781250 3800000
0.071533203125000 3800000
0.072692871093750 3800000
0.068725585937500 3799963
0.069824218750000 3800036
0.073364257812500 3800000
0.072265625000000 3799963
0.000000000000000 3800000
0.071655273437500 3800036
0.070434570312500 3800000
0.062194824218750 3800000
0.069213867187500 3800000
0.070068359375000 3799963
0.071533203125000 3800036
0.067810058593750 3800000
0.069885253906250 3800000
0.069152832031250 3800000
0.073486328125000 3799927
0.071472167968750 3800072
0.071228027343750 3800000
0.068664550781250 3800000
0.071960449218750 3800036
0.062866210937500 3799963
0.000000000000000 3800000
0.133666992187500 3800000
0.000000000000000 3799963
0.069519042968750 3800036
0.072753906250000 3800000
0.070068359375000 3800036
0.072021484375000 3799927
0.070556640625000 3799963
0.067810058593750 3800108
0.071716308593750 3799963
0.069641113281250 3800000
0.071350097656250 3800000
0.069213867187500 3800000
0.072265625000000 3800000
0.000000000000000 3800000
0.071228027343750 3799855
0.071472167968750 3800144
0.072265625000000 3800000
0.067810058593750 3799963
0.071533203125000 3800036
0.069091796875000 3800036
0.070861816406250 3799963
0.069702148437500 3800000
0.072875976562500 3800000
0.069519042968750 3800000
0.068847656250000 3800036
0.070434570312500 3799963
0.069763183593750 3799855
0.000000000000000 3800108
0.069946289062500 3799963
0.070800781250000 3800072
0.071655273437500 3800000
0.070922851562500 3800000
0.070190429687500 3800000
0.070678710937500 3800000
0.069213867187500 3800000
0.071166992187500 3799963
0.068420410156250 3800036
0.073608398437500 3800036
0.071899414062500 3799963
0.070068359375000 3800000
0.000000000000000 3800000
0.071716308593750 3800000
0.071533203125000 3800000
0.069396972656250 3800000
0.069519042968750 3800000
0.070922851562500 3800000
0.071044921875000 3800000
0.070129394531250 3799963
0.070739746093750 3800036
0.068542480468750 3799891
0.071105957031250 3800036
0.070800781250000 3800072
0.000000000000000 3800000
0.072326660156250 3800000
0.070678710937500 3800000
0.070678710937500 3800000
0.070068359375000 3799963
0.071228027343750 3800036
0.074279785156250 3800000
0.067932128906250 3800000
0.070983886718750 3761440
0.072814941406250 3800036
0.071777343750000 3800000
0.071655273437500 3800000
0.000000000000000 3800000
0.071472167968750 3800000
0.072143554687500 3800000
0.073913574218750 3800000
0.069458007812500 3800000
0.071228027343750 3800000
0.070495605468750 3800000
0.074035644531250 3800000
0.068603515625000 3799963
0.069946289062500 3800036
0.072265625000000 3800000
0.068908691406250 3800000
0.000000000000000 3800000
0.071655273437500 3799963
0.072326660156250 3800036
0.069030761718750 3800000
0.071044921875000 3799963
0.062255859375000 3800000
0.070556640625000 3800036
0.072082519531250 3800000
0.070495605468750 3800000
0.068725585937500 3800000
0.072082519531250 3800000
0.071350097656250 3800000
0.070861816406250 3800000
0.070861816406250 3800000
0.000000000000000 3799963
0.070678710937500 3800000
0.070434570312500 3799963
0.070678710937500 3800072
0.070800781250000 3800000
0.070861816406250 3800000
0.069519042968750 3799963
0.069396972656250 3800000
0.070861816406250 3800036
0.069946289062500 3800036
0.071228027343750 3799963
0.071472167968750 3800000
0.069274902343750 3799963
0.000000000000000 3800036
0.071105957031250 3800000
0.070495605468750 3800000
0.071655273437500 3800000
0.072448730468750 3800000
0.069274902343750 3800000
0.070983886718750 3800000
0.070983886718750 3800000
0.070983886718750 3799963
0.071044921875000 3800036
0.069946289062500 3799963
0.070556640625000 3800036
0.069213867187500 3799963
0.062194824218750 3800036
0.000000000000000 3800000
0.069641113281250 3800000
0.070007324218750 3800000
0.069213867187500 3800000
0.070617675781250 3800000
0.073913574218750 3800000
0.070861816406250 3799963
0.072021484375000 3800036
0.069885253906250 3799963
0.070007324218750 3800036
0.069580078125000 3800000
0.062133789062500 3800000
0.071472167968750 3800000
0.072875976562500 3799891
0.000000000000000 3800072
0.071533203125000 3800036
0.068054199218750 3800000
0.072265625000000 3800036
0.069824218750000 3799963
0.070312500000000 3800000
0.068298339843750 3800000
0.072387695312500 3800036
0.072448730468750 3800000
0.070190429687500 3799963
0.071777343750000 3800000
0.068603515625000 3800000
0.070678710937500 3800036
0.000000000000000 3800000
0.071655273437500 3799963
0.070861816406250 3799963
0.062316894531250 3800036
0.070068359375000 3800000
0.071228027343750 3800000
0.070007324218750 3800000
0.071289062500000 3800000
0.069396972656250 3800000
0.071472167968750 3800000
0.073120117187500 3799963
0.068420410156250 3800036
0.071472167968750 3800000
0.069091796875000 3800000
0.000000000000000 3800000
0.073303222656250 3800000
0.069335937500000 3800000
0.070983886718750 3800000
0.071411132812500 3800000
0.068725585937500 3800000
0.073730468750000 3800000
0.068420410156250 3799963
0.070556640625000 3800036
0.070739746093750 3800000
0.072143554687500 3800000
0.071350097656250 3799782
0.070617675781250 3800217
0.000000000000000 3799963
0.071228027343750 3800072
0.070190429687500 3800000
0.072692871093750 3799963
0.069519042968750 3800000
0.072021484375000 3800000
0.069641113281250 3800036
0.070800781250000 3799963
0.070739746093750 3800000
0.069946289062500 3800036
0.070983886718750 3799963
0.071289062500000 3800000
0.000000000000000 3800000
0.073486328125000 3799963
0.071655273437500 3800036
0.068969726562500 3800000
0.070800781250000 3800000
0.071777343750000 3800000
0.070739746093750 3800000
0.069335937500000 3800036
0.070495605468750 3799963
0.071166992187500 3800000
0.070800781250000 3800000
0.069335937500000 3800000
0.070617675781250 3799963
0.000000000000000 3800036
0.072204589843750 3800000
0.070861816406250 3800000
0.070556640625000 3800000
0.071228027343750 3799963
0.068969726562500 3800036
0.071716308593750 3799963
0.071838378906250 3800036
0.071716308593750 3800000
0.067749023437500 3800000
0.071960449218750 3800000
0.062194824218750 3800000
0.069641113281250 3800036
0.070068359375000 3799963
0.000000000000000 3800000
0.068847656250000 3800036
0.071350097656250 3799963
0.070373535156250 3800000
0.069458007812500 3799963
0.069519042968750 3800036
0.071777343750000 3800000
0.071716308593750 3800000
0.069702148437500 3800000
0.072631835937500 3800000
0.067382812500000 3800000
0.072570800781250 3800000
0.072692871093750 3800000
0.063171386718750 3800000
0.000000000000000 3800000
0.069763183593750 3800000
0.071533203125000 3799963
0.062561035156250 3800036
0.069091796875000 3800000
0.070007324218750 3800036
0.069519042968750 3799927
0.071289062500000 3800036
0.069641113281250 3799963
0.072326660156250 3800036
0.070861816406250 3800000
0.068847656250000 3800000
0.071899414062500 3800000
0.069396972656250 3800000
0.070617675781250 3800000
0.000000000000000 3800000
0.068847656250000 3800000
0.071472167968750 3800000
0.062377929687500 3800036
0.069580078125000 3799963
0.071594238281250 3800000
0.067871093750000 3800000
0.070190429687500 3800000
0.070434570312500 3800000
0.070556640625000 3800000
0.071838378906250 3800000
0.068847656250000 3800000
0.071533203125000 3800000
0.069458007812500 3800000
0.071655273437500 3800000
0.000000000000000 3800000
0.069763183593750 3800000
0.071350097656250 3800000
0.072143554687500 3800000
0.069763183593750 3800000
0.070678710937500 3800000
0.068847656250000 3800000
0.062194824218750 3800000
0.069213867187500 3800000
0.070556640625000 3799963
0.071350097656250 3800072
0.062194824218750 3799963
0.069946289062500 3800000
0.062561035156250 3800000
0.072631835937500 3800000
0.069763183593750 3800000
0.072204589843750 3800000
0.070190429687500 3800000
0.000000000000000 3800000
0.070312500000000 3800000
0.068908691406250 3800000
0.069763183593750 3800000
0.071228027343750 3800000
0.069213867187500 3800000
0.072021484375000 3799963
0.070678710937500 3799927
0.071960449218750 3800108
0.068847656250000 3800036
0.071228027343750 3799963
0.070373535156250 3800000
0.069274902343750 3800000
0.000000000000000 3800000
0.071655273437500 3800000
0.069885253906250 3800000
0.071838378906250 3800000
0.068725585937500 3800000
0.073791503906250 3800000
0.071350097656250 3800000
0.070800781250000 3800000
0.070800781250000 3799963
0.069091796875000 3800036
0.073120117187500 3800000
0.069702148437500 3799963
0.000000000000000 3800072
0.071105957031250 3799963
0.072326660156250 3800000
0.071899414062500 3800000
0.070434570312500 3800000
0.068420410156250 3799963
0.069641113281250 3800036
0.072448730468750 3800036
0.073608398437500 3799963
0.070373535156250 3800000
0.068664550781250 3800000
0.071105957031250 3800000
0.070739746093750 3799963
0.000000000000000 3800072
0.070739746093750 3799963
0.070312500000000 3800000
0.071472167968750 3800000
0.071716308593750 3799963
0.070129394531250 3800036
0.070190429687500 3800000
0.069091796875000 3800000
0.071655273437500 3800000
0.070068359375000 3799927
0.072143554687500 3800072
0.070190429687500 3800000
0.068664550781250 3800000
0.000000000000000 3800000
0.071350097656250 3800000
0.071105957031250 3800000
0.070434570312500 3800000
0.069152832031250 3800000
0.071289062500000 3800000
0.073242187500000 3799963
0.068176269531250 3800036
0.070495605468750 3800000
0.068298339843750 3799963
0.069641113281250 3800036
0.071472167968750 3800000
0.070739746093750 3800000
0.000000000000000 3799963
0.070861816406250 3800000
0.068786621093750 3800036
0.071899414062500 3799963
0.067260742187500 3800072
0.070861816406250 3799963
0.069946289062500 3800000
0.071166992187500 3800000
0.072082519531250 3800000
0.071472167968750 3800000
0.071899414062500 3800000
0.068420410156250 3800000
0.062194824218750 3800000
0.070434570312500 3800000
0.069641113281250 3800000
0.000000000000000 3800000
0.068969726562500 3800000
0.072326660156250 3800000
0.072082519531250 3800000
0.068969726562500 3800036
0.070556640625000 3799963
0.070556640625000 3800000
0.071166992187500 3800000
0.070068359375000 3800000
0.071533203125000 3800000
0.071044921875000 3799963
0.069641113281250 3800036
0.072753906250000 3800000
0.000000000000000 3800000
0.069152832031250 3800000
0.070190429687500 3800000
0.070251464843750 3799963
0.070251464843750 3800000
0.072692871093750 3800036
0.069213867187500 3800000
0.070007324218750 3800000
0.070678710937500 3800000
0.062316894531250 3800000
0.068420410156250 3800000
0.071228027343750 3800000
0.067993164062500 3800000
0.072814941406250 3800000
0.062744140625000 3799855
0.068176269531250 3800144
0.000000000000000 3800000
0.072814941406250 3800000
0.070678710937500 3800000
0.072692871093750 3800000
0.069274902343750 3799963
0.062194824218750 3800036
0.069458007812500 3800000
0.071594238281250 3800000
0.072265625000000 3800000
0.068542480468750 3800000
0.071472167968750 3799963
0.070556640625000 3800036
0.071960449218750 3800000
0.071472167968750 3800000
0.000000000000000 3800000
0.072937011718750 3800000
0.071228027343750 3800000
0.068725585937500 3800000
0.071655273437500 3800000
0.069885253906250 3799963
0.071411132812500 3800036
0.068176269531250 3800000
0.072998046875000 3800000
0.069152832031250 3800000
0.068054199218750 3799963
0.071655273437500 3800000
0.070068359375000 3800036
0.000000000000000 3800036
0.071777343750000 3799963
0.070190429687500 3800000
0.070007324218750 3800036
0.071228027343750 3799963
0.070373535156250 3800000
0.070190429687500 3800036
0.069824218750000 3799963
0.070739746093750 3800000
0.069946289062500 3800000
0.062561035156250 3800000
0.071289062500000 3800000
0.069580078125000 3800000
0.062133789062500 3800000
0.070190429687500 3800036
0.072143554687500 3799963
0.068420410156250 3800000
0.000000000000000 3800000
0.073364257812500 3800000
0.068847656250000 3800000
0.062622070312500 3800000
0.068542480468750 3800000
0.072021484375000 3800000
0.071411132812500 3753777
0.068847656250000 3700000
0.070007324218750 3700000
0.070922851562500 3700000
0.070495605468750 3699929
0.070617675781250 3700070
0.069824218750000 3700000
0.000000000000000 3699964
0.069763183593750 3692833
0.067443847656250 3700000
0.069091796875000 3700000
0.068603515625000 3700000
0.071228027343750 3700000
0.069946289062500 3700000
0.070434570312500 3700000
0.070495605468750 3700000
0.063842773437500 3700000
0.069396972656250 3700000
0.064758300781250 3700035
0.070129394531250 3699964
0.068847656250000 3700000
0.061950683593750 3700000
0.000000000000000 3696241
0.071838378906250 3683334
0.070434570312500 3691579
0.060852050781250 3700000
0.070495605468750 3687039
0.067443847656250 3692461
0.065246582031250 3688851
0.071899414062500 3700000
0.069274902343750 3700035
0.070068359375000 3700000
0.067871093750000 3699964
0.062072753906250 3700000
0.067016601562500 3700035
0.071105957031250 3700000
0.066406250000000 3699964
0.064086914062500 3700035
0.061889648437500 3699964
0.073913574218750 3700035
0.061767578125000 3699964
0.060729980468750 3700000
0.000000000000000 3700000
0.071960449218750 3700035
0.066711425781250 3699964
0.069213867187500 3700000
0.062805175781250 3697855
0.067810058593750 3683368
0.068908691406250 3685458
0.069580078125000 3699929
0.071044921875000 3699003
0.071289062500000 3700035
0.066101074218750 3699964
0.070129394531250 3700035
0.070617675781250 3700000
0.061706542968750 3700000
0.068725585937500 3699964
0.070678710937500 3700000
0.000000000000000 3700000
0.070495605468750 3700000
0.068420410156250 3700000
0.068420410156250 3700000
0.071350097656250 3685972
0.069763183593750 3689766
0.069885253906250 3686123
0.071838378906250 3695592
0.069641113281250 3686964
0.066833496093750 3689323
0.067749023437500 3688871
0.070312500000000 3694665
0.000000000000000 3694477
0.069702148437500 3689036
0.069885253906250 3688994
0.069030761718750 3698198
0.071044921875000 3700035
0.068176269531250 3694783
0.070495605468750 3683297
0.068237304687500 3683332
0.069458007812500 3694026
0.068115234375000 3695146
0.060791015625000 3683370
0.070739746093750 3694484
0.070800781250000 3693556
0.073059082031250 3684315
0.000000000000000 3693440
0.067993164062500 3688942
0.069091796875000 3695526
0.069091796875000 3694601
0.069335937500000 3683953
0.071166992187500 3700035
0.070617675781250 3690427
0.070251464843750 3687329
0.067504882812500 3690505
0.060607910156250 3683367
0.060913085937500 3692534
0.062866210937500 3696322
0.067443847656250 3699964
0.071472167968750 3695568
0.068969726562500 3700000
0.072326660156250 3700035
0.060668945312500 3699964
0.068908691406250 3700035
0.062805175781250 3700000
0.065246582031250 3699964
0.000000000000000 3700035
0.069274902343750 3699964
0.060974121093750 3696746
0.070556640625000 3688920
0.068847656250000 3693456
0.070556640625000 3700070
0.069458007812500 3699929
0.067626953125000 3700070
0.072387695312500 3699964
0.069335937500000 3700000
0.070190429687500 3700035
0.067382812500000 3700000
0.061462402343750 3699929
0.066589355468750 3700035
0.071899414062500 3700000
0.000000000000000 3700035
0.072692871093750 3699964
0.068542480468750 3700000
0.070068359375000 3700000
0.069763183593750 3700000
0.070617675781250 3700000
0.070922851562500 3700035
0.067565917968750 3700000
0.070617675781250 3700000
0.071655273437500 3700000
0.070495605468750 3699964
0.000000000000000 3700035
0.069763183593750 3699964
0.072265625000000 3700000
0.061706542968750 3700035
0.069702148437500 3699964
0.070129394531250 3700035
0.070678710937500 3700000
0.070617675781250 3700000
0.068420410156250 3699964
0.068420410156250 3699964
0.071411132812500 3700035
0.069763183593750 3700035
0.000000000000000 3700000
0.071655273437500 3699964
0.069335937500000 3700000
0.069580078125000 3700000
0.067871093750000 3700035
0.071533203125000 3696850
0.069580078125000 3696242
0.069946289062500 3700035
0.069763183593750 3699964
0.070312500000000 3700035
0.061462402343750 3697340
0.067077636718750 3696180
0.070983886718750 3699288
0.070922851562500 3691517
0.000000000000000 3686869
0.131286621093750 3691033
0.000000000000000 3686824
0.067504882812500 3690989
0.071472167968750 3700000
0.068908691406250 3688498
0.062927246093750 3683756
0.070434570312500 3693641
0.070922851562500 3700000
0.070556640625000 3698948
0.070129394531250 3697947
0.071166992187500 3693060
0.069458007812500 3700035
0.070922851562500 3699964
0.000000000000000 3700000
0.069335937500000 3700000
0.071594238281250 3700000
0.069824218750000 3699929
0.068908691406250 3700000
0.071777343750000 3700070
0.070739746093750 3699929
0.071105957031250 3700070
0.070922851562500 3689442
0.066528320312500 3700000
0.068176269531250 3697949
0.071350097656250 3700105
0.000000000000000 3688825
0.070129394531250 3683364
0.067443847656250 3688365
0.071838378906250 3683334
0.070739746093750 3683368
0.068176269531250 3686268
0.070251464843750 3696057
0.066833496093750 3697166
0.069824218750000 3693127
0.071105957031250 3695834
0.069946289062500 3683405
0.071044921875000 3697401
0.000000000000000 3700000
0.068725585937500 3695260
0.070434570312500 3683332
0.068908691406250 3683366
0.067749023437500 3688860
0.067871093750000 3683370
0.070068359375000 3693308
0.071289062500000 3693257
0.069824218750000 3690210
0.061401367187500 3683262
0.069213867187500 3685436
0.061462402343750 3688862
0.068237304687500 3694242
0.068542480468750 3690362
0.070617675781250 3683227
0.000000000000000 3697132
0.132690429687500 3685867
0.000000000000000 3694557
0.069335937500000 3692029
0.068664550781250 3692534
0.067871093750000 3691903
0.069458007812500 3697000
0.067321777343750 3683438
0.069824218750000 3683330
0.068664550781250 3683297
0.061279296875000 3685604
0.070068359375000 3690481
0.069030761718750 3695746
0.069641113281250 3692359
0.067626953125000 3685425
0.070800781250000 3692498
0.060852050781250 3683297
0.061218261718750 3686767
0.068054199218750 3687453
0.068725585937500 3690322
0.000000000000000 3697024
0.072631835937500 3698601
0.069763183593750 3700035
0.072753906250000 3700000
0.067810058593750 3699894
0.069519042968750 3700105
0.070373535156250 3699964
0.070373535156250 3700000
0.069458007812500 3700035
0.068664550781250 3699964
0.071472167968750 3700000
0.000000000000000 3700000
0.129394531250000 3700000
0.000000000000000 3700035
0.069763183593750 3699964
0.071289062500000 3700035
0.071899414062500 3700000
0.067016601562500 3699964
0.069213867187500 3700000
0.068908691406250 3700000
0.061523437500000 3700000
0.070068359375000 3700035
0.069641113281250 3700000
0.069030761718750 3700000
0.070373535156250 3699964
0.062622070312500 3700035
0.068664550781250 3699929
0.070190429687500 3700035
0.000000000000000 3700035
0.068664550781250 3700000
0.071044921875000 3700000
0.069458007812500 3699964
0.069763183593750 3700035
0.070373535156250 3699964
0.068664550781250 3700000
0.061096191406250 3700035
0.070922851562500 3700000
0.070678710937500 3689347
0.067810058593750 3684218
0.070922851562500 3700035
0.000000000000000 3697481
0.072570800781250 3698053
0.068969726562500 3700000
0.070312500000000 3700000
0.069396972656250 3699964
0.061218261718750 3699929
0.068481445312500 3700105
0.070190429687500 3699964
0.071533203125000 3700000
0.069824218750000 3700035
0.069213867187500 3700000
0.067504882812500 3696856
0.068664550781250 3693243
0.069030761718750 3685277
0.000000000000000 3693748
0.071655273437500 3694078
0.070739746093750 3683332
0.067932128906250 3697363
0.070556640625000 3700000
0.071166992187500 3699964
0.069641113281250 3700035
0.067993164062500 3700035
0.070251464843750 3700000
0.072082519531250 3699964
0.068908691406250 3700000
0.071533203125000 3698914
0.000000000000000 3685828
0.069152832031250 3688207
0.070434570312500 3697448
0.069641113281250 3692748
0.071960449218750 3683296
0.061706542968750 3695549
0.069213867187500 3686876
0.060668945312500 3690316
0.069335937500000 3686898
0.060913085937500 3684338
0.066345214843750 3693538
0.069396972656250 3684237
0.069702148437500 3696041
0.070007324218750 3696010
0.071228027343750 3690837
0.069396972656250 3698048
0.068481445312500 3696638
0.000000000000000 3696620
0.070312500000000 3700000
0.069763183593750 3684916
0.067382812500000 3688893
0.071166992187500 3687421
0.071716308593750 3683299
0.070190429687500 3683330
0.069519042968750 3699764
0.069763183593750 3700000
0.071044921875000 3692031
0.070373535156250 3699788
0.060668945312500 3687083
0.000000000000000 3697570
0.070922851562500 3691382
0.068786621093750 3689635
0.061523437500000 3691062
0.070617675781250 3693533
0.070373535156250 3700070
0.069458007812500 3700035
0.070800781250000 3699964
0.068054199218750 3685465
0.070739746093750 3687987
0.070800781250000 3699964
0.068847656250000 3685015
0.070190429687500 3697640
0.000000000000000 3692981
0.069946289062500 3694835
0.068481445312500 3688910
0.068481445312500 3690809
0.070434570312500 3685132
0.069824218750000 3691915
0.068664550781250 3696776
0.062011718750000 3692087
0.068908691406250 3685891
0.070068359375000 3683334
0.067565917968750 3697349
0.070007324218750 3700000
0.073486328125000 3697430
0.068542480468750 3691480
0.061706542968750 3697905
0.067382812500000 3699720
0.000000000000000 3684474
0.069641113281250 3684260
0.068420410156250 3685924
0.071105957031250 3689307
0.070861816406250 3688055
0.068237304687500 3690595
0.070129394531250 3699964
0.067565917968750 3700035
0.071105957031250 3699964
0.070251464843750 3700035
0.069213867187500 3700000
0.069946289062500 3699964
0.000000000000000 3700000
0.071105957031250 3700000
0.071411132812500 3700000
0.069519042968750 3696818
0.068359375000000 3698795
0.069213867187500 3683331
0.071838378906250 3695012
0.069519042968750 3697900
0.069641113281250 3695672
0.069641113281250 3694316
0.069641113281250 3694630
0.068786621093750 3700035
0.000000000000000 3700000
0.069335937500000 3694613
0.070434570312500 3697902
0.070129394531250 3696265
0.070068359375000 3689255
0.071350097656250 3686859
0.067321777343750 3685778
0.070068359375000 3697233
0.071411132812500 3683331
0.070556640625000 3692343
0.062133789062500 3700000
0.066772460937500 3700000
0.070800781250000 3700035
0.000000000000000 3699964
0.069885253906250 3698199
0.069458007812500 3697366
0.067626953125000 3687947
0.068664550781250 3686768
0.071777343750000 3691021
0.068664550781250 3694874
0.070312500000000 3683262
0.067749023437500 3686010
0.070129394531250 3699964
0.069030761718750 3697636
0.070922851562500 3691309
0.000000000000000 3686618
0.073181152343750 3691136
0.069519042968750 3695853
0.069213867187500 3699964
0.070617675781250 3700000
0.070922851562500 3693587
0.069152832031250 3700000
0.074951171875000 3699964
0.069946289062500 3700000
0.068786621093750 3692111
0.060729980468750 3699964
0.065429687500000 3700035
0.060668945312500 3699964
0.068298339843750 3700035
0.069335937500000 3700000
0.000000000000000 3699964
0.130493164062500 3699964
0.000000000000000 3700035
0.073425292968750 3700035
0.070922851562500 3699964
0.069885253906250 3700000
0.069458007812500 3700000
0.070190429687500 3700000
0.066589355468750 3699139
0.068481445312500 3696999
0.069885253906250 3700035
0.069274902343750 3699887
0.070861816406250 3693753
0.069152832031250 3700000
0.061828613281250 3700000
0.000000000000000 3700035
0.129821777343750 3699929
0.000000000000000 3700070
0.068603515625000 3699964
0.068359375000000 3700000
0.068725585937500 3700000
0.069274902343750 3700000
0.061523437500000 3700000
0.068542480468750 3700035
0.061523437500000 3699964
0.071228027343750 3700035
0.060607910156250 3699929
0.069885253906250 3700035
0.067138671875000 3699929
0.068969726562500 3700070
0.072692871093750 3700035
0.069641113281250 3699929
0.069580078125000 3700070
0.070251464843750 3699964
0.000000000000000 3700035
0.070312500000000 3700000
0.072265625000000 3700000
0.070678710937500 3700000
0.069641113281250 3699964
0.069763183593750 3700035
0.070617675781250 3700000
0.062316894531250 3699894
0.069519042968750 3700070
0.070800781250000 3700035
0.068725585937500 3700000
0.069030761718750 3700000
0.070617675781250 3700000
0.000000000000000 3700000
0.069335937500000 3700000
0.070556640625000 3699964
0.069763183593750 3700035
0.062316894531250 3699036
0.068176269531250 3689729
0.071655273437500 3687934
0.069702148437500 3683300
0.070251464843750 3699940
0.069030761718750 3700000
0.069885253906250 3689637
0.072509765625000 3692871
0.000000000000000 3683366
0.068908691406250 3690309
0.140014648437500 3692319
0.068115234375000 3696478
0.071166992187500 3689692
0.069458007812500 3698181
0.071777343750000 3694425
0.071411132812500 3697033
0.068969726562500 3699964
0.068969726562500 3700035
0.068969726562500 3700000
0.069458007812500 3699964
0.000000000000000 3700035
0.069702148437500 3700000
0.070068359375000 3699964
0.072509765625000 3700035
0.068237304687500 3699964
0.061157226562500 3699964
0.069152832031250 3700070
0.066833496093750 3699964
0.069824218750000 3700035
0.070800781250000 3699894
0.068603515625000 3700105
0.072692871093750 3699964
0.070251464843750 3700000
0.000000000000000 3700035
0.069641113281250 3700000
0.071105957031250 3700000
0.069091796875000 3699894
0.070312500000000 3700070
0.072387695312500 3700000
0.067810058593750 3700035
0.060974121093750 3700000
0.068115234375000 3699894
0.069152832031250 3700035
0.066589355468750 3699964
0.068481445312500 3700000
0.069335937500000 3700105
0.069824218750000 3700000
0.000000000000000 3699964
0.070922851562500 3700035
0.070007324218750 3699964
0.068420410156250 3700035
0.068908691406250 3699894
0.061340332031250 3700035
0.067565917968750 3700070
0.066894531250000 3699894
0.071289062500000 3700070
0.068969726562500 3700035
0.070678710937500 3700000
0.068420410156250 3699929
0.070129394531250 3700035
0.065979003906250 3700000
0.061157226562500 3700000
0.060852050781250 3700035
0.069152832031250 3699894
0.069458007812500 3700105
0.000000000000000 3700000
0.132507324218750 3699929
0.000000000000000 3699964
0.069335937500000 3700000
0.071716308593750 3700105
0.070556640625000 3700000
0.070495605468750 3700000
0.069946289062500 3700000
0.071289062500000 3700000
0.071105957031250 3699929
0.070068359375000 3700070
0.061889648437500 3699929
0.069274902343750 3699964
0.060668945312500 3700070
0.068542480468750 3700000
0.069519042968750 3699929
0.000000000000000 3700000
0.071838378906250 3700000
0.067932128906250 3700105
0.070922851562500 3700000
0.070434570312500 3700000
0.061706542968750 3697418
0.070495605468750 3693852
0.070434570312500 3700000
0.067687988281250 3699132
0.073120117187500 3688819
0.061523437500000 3700000
0.068054199218750 3694045
0.060668945312500 3694821
0.067382812500000 3694242
0.070312500000000 3695556
0.069702148437500 3700000
0.000000000000000 3699859
0.069335937500000 3694764
0.070190429687500 3683331
0.070312500000000 3685369
0.062011718750000 3700105
0.069091796875000 3688832
0.070373535156250 3689557
0.069091796875000 3699572
0.061462402343750 3699929
0.071594238281250 3700070
0.070068359375000 3686675
0.068115234375000 3695880
0.071594238281250 3693104
0.071289062500000 3696424
0.067321777343750 3700035
0.000000000000000 3696584
0.069580078125000 3699929
0.068237304687500 3696364
0.070251464843750 3697463
0.070678710937500 3700000
0.068603515625000 3688109
0.068908691406250 3691218
0.068786621093750 3700035
0.062011718750000 3697277
0.067077636718750 3683329
0.068725585937500 3689298
0.069091796875000 3691870
0.070739746093750 3695610
0.070190429687500 3693155
0.000000000000000 3700000
0.069030761718750 3699964
0.069763183593750 3699929
0.069946289062500 3700070
0.071411132812500 3700035
0.068359375000000 3700000
0.060791015625000 3696596
0.071289062500000 3693342
0.068786621093750 3683366
0.070800781250000 3690248
0.069824218750000 3683439
0.071533203125000 3683334
0.067810058593750 3687768
0.069824218750000 3700000
0.000000000000000 3700000
0.069335937500000 3700035
0.069702148437500 3700000
0.069274902343750 3699894
0.068908691406250 3700105
0.061462402343750 3684900
0.067871093750000 3683518
0.070068359375000 3694351
0.070678710937500 3683335
0.069519042968750 3690339
0.068115234375000 3683335
0.069091796875000 3698162
0.071472167968750 3684074
0.067687988281250 3696630
0.000000000000000 3693971
0.070312500000000 3690491
0.070434570312500 3691740
0.069213867187500 3700000
0.069396972656250 3683824
0.070251464843750 3694559
0.071166992187500 3683336
0.067810058593750 3690366
0.061096191406250 3684850
0.067077636718750 3700000
0.061401367187500 3690019
0.072509765625000 3683366
0.068786621093750 3693805
0.071777343750000 3687523
0.067016601562500 3700035
0.062744140625000 3700000
0.068298339843750 3699964
0.000000000000000 3700000
0.070007324218750 3700000
0.069946289062500 3700035
0.060668945312500 3699964
0.070251464843750 3700000
0.067749023437500 3700000
0.069213867187500 3700000
0.068908691406250 3699964
0.069335937500000 3700070
0.066894531250000 3700000
0.072021484375000 3700000
0.068542480468750 3700000
0.070190429687500 3700000
0.069763183593750 3700000
0.000000000000000 3697465
0.066833496093750 3697394
0.068908691406250 3697748
0.069213867187500 3691183
0.072265625000000 3699964
0.070190429687500 3700035
0.067321777343750 3697022
0.072265625000000 3694085
0.069580078125000 3698544
0.070129394531250 3692666
0.070251464843750 3684068
0.069946289062500 3683295
0.000000000000000 3694889
0.068603515625000 3700176
0.070190429687500 3688597
0.071350097656250 3689156
0.069335937500000 3689805
0.071838378906250 3688693
0.061889648437500 3691853
0.070068359375000 3690407
0.069091796875000 3683332
0.070495605468750 3683330
0.071044921875000 3689194
0.068542480468750 3698926
0.000000000000000 3686800
0.070190429687500 3688586
0.069396972656250 3684539
0.069824218750000 3696087
0.072387695312500 3692811
0.066833496093750 3696507
0.070800781250000 3683262
0.067626953125000 3683368
0.073181152343750 3683333
0.069580078125000 3684832
0.070068359375000 3688639
0.069335937500000 3686497
0.000000000000000 3700035
0.130737304687500 3697037
0.000000000000000 3683367
0.067687988281250 3686101
0.071044921875000 3700000
0.068176269531250 3695160
0.070983886718750 3689297
0.073242187500000 3699964
0.069152832031250 3692946
0.071166992187500 3700000
0.067626953125000 3692138
0.071838378906250 3696735
0.068176269531250 3700000
0.000000000000000 3691833
0.071411132812500 3700000
0.068725585937500 3700000
0.068481445312500 3699964
0.073486328125000 3700035
0.068115234375000 3700000
0.068176269531250 3697612
0.066955566406250 3688192
0.070495605468750 3699964
0.070007324218750 3700035
0.069702148437500 3700000
0.069274902343750 3700000
0.068542480468750 3700000
0.000000000000000 3700000
0.071044921875000 3700000
0.070556640625000 3699964
0.070678710937500 3700000
0.072082519531250 3700000
0.069335937500000 3700035
0.070617675781250 3700000
0.067504882812500 3699964
0.070190429687500 3700000
0.068664550781250 3700000
0.070007324218750 3700000
0.060974121093750 3700000
0.069091796875000 3700035
0.000000000000000 3700000
0.070434570312500 3699964
0.069580078125000 3699929
0.067932128906250 3700070
0.070617675781250 3700000
0.069580078125000 3700035
0.069763183593750 3700000
0.069824218750000 3699964
0.069641113281250 3700000
0.069335937500000 3700035
0.070556640625000 3699964
0.070007324218750 3700000
0.000000000000000 3698444
0.070251464843750 3689778
0.069030761718750 3683331
0.070068359375000 3683369
0.069519042968750 3693801
0.069274902343750 3687537
0.069396972656250 3694034
0.069213867187500 3683332
0.069091796875000 3694491
0.060607910156250 3696575
0.068359375000000 3686854
0.068298339843750 3695866
0.069030761718750 3691809
0.069702148437500 3694130
0.070434570312500 3697807
0.000000000000000 3699964
0.070373535156250 3700035
0.072265625000000 3700000
0.067932128906250 3694861
0.070556640625000 3696723
0.070007324218750 3688343
0.071105957031250 3694500
0.070190429687500 3683367
0.071594238281250 3696731
0.061889648437500 3689028
0.068420410156250 3689690
0.069824218750000 3700000
0.000000000000000 3696011
0.067749023437500 3700000
0.070068359375000 3700000
0.071044921875000 3683694
0.068786621093750 3694538
0.070251464843750 3683369
0.068542480468750 3686616
0.061096191406250 3683369
0.068542480468750 3684482
0.069152832031250 3697602
0.066650390625000 3690028
0.069458007812500 3700000
0.069641113281250 3688134
0.070068359375000 3683366
0.069396972656250 3694061
0.000000000000000 3690873
0.068054199218750 3686816
0.072998046875000 3694070
0.069702148437500 3684229
0.070800781250000 3696545
0.068664550781250 3693931
0.071716308593750 3687726
0.070251464843750 3688201
0.068054199218750 3691154
0.071411132812500 3699964
0.070007324218750 3699964
0.000000000000000 3700140
0.070556640625000 3699929
0.068847656250000 3700070
0.070434570312500 3699964
0.070190429687500 3700035
0.068542480468750 3699964
0.069885253906250 3699964
0.066772460937500 3700070
0.068237304687500 3699964
0.067443847656250 3687261
0.074157714843750 3683333
0.069946289062500 3683850
0.068542480468750 3693448
0.000000000000000 3700000
0.068237304687500 3697375
0.068542480468750 3688898
0.070922851562500 3689451
0.070007324218750 3691574
0.070251464843750 3683231
0.070312500000000 3686469
0.069763183593750 3691471
0.070068359375000 3697441
0.067810058593750 3699894
0.069213867187500 3683899
0.069519042968750 3691646
0.000000000000000 3684798
0.133361816406250 3683370
0.000000000000000 3697369
0.068908691406250 3691876
0.070678710937500 3700070
0.060791015625000 3693303
0.070434570312500 3691310
0.067260742187500 3690015
0.068420410156250 3687803
0.070922851562500 3689998
0.067626953125000 3694179
0.069335937500000 3683335
0.069152832031250 3694485
0.068298339843750 3683334
0.069213867187500 3683715
0.069519042968750 3697651
0.000000000000000 3700000
0.068664550781250 3694153
0.070129394531250 3686956
0.069763183593750 3696028
0.069824218750000 3688844
0.070434570312500 3693519
0.068847656250000 3695160
0.071960449218750 3688803
0.071289062500000 3683296
0.069335937500000 3683334
0.070007324218750 3689153
0.069702148437500 3694588
0.000000000000000 3691753
0.071350097656250 3687004
0.068603515625000 3683366
0.070861816406250 3683335
0.070861816406250 3693156
0.068908691406250 3687375
0.060974121093750 3683372
0.067321777343750 3683295
0.070312500000000 3690333
0.069030761718750 3683369
0.070434570312500 3683299
0.070800781250000 3690597
0.067504882812500 3699596
0.000000000000000 3700035
0.070678710937500 3699964
0.069641113281250 3693063
0.070861816406250 3692841
0.069458007812500 3684967
0.070373535156250 3697676
0.070434570312500 3694558
0.070129394531250 3692585
0.070129394531250 3685350
0.068542480468750 3686913
0.072692871093750 3683297
0.068786621093750 3683334
0.000000000000000 3689173
0.070190429687500 3693054
0.071044921875000 3700035
0.068359375000000 3694315
0.068054199218750 3699705
0.070129394531250 3700000
0.070983886718750 3692628
0.068054199218750 3693956
0.070434570312500 3694599
0.071044921875000 3683330
0.070983886718750 3683334
0.068237304687500 3691376
0.000000000000000 3700000
0.067871093750000 3700000
0.068481445312500 3699964
0.070190429687500 3700035
0.070129394531250 3700000
0.069763183593750 3700000
0.069274902343750 3700000
0.069519042968750 3699929
0.070129394531250 3700035
0.069091796875000 3700035
0.070129394531250 3699964
0.063476562500000 3699964
0.070739746093750 3700070
0.000000000000000 3700000
0.069335937500000 3700000
0.069824218750000 3699964
0.068237304687500 3700035
0.073120117187500 3692551
0.068908691406250 3683263
0.071838378906250 3689228
0.068054199218750 3689423
0.069580078125000 3700035
0.071655273437500 3699964
0.066955566406250 3694683
0.069763183593750 3694088
0.000000000000000 3699733
0.131286621093750 3689328
0.000000000000000 3694584
0.071533203125000 3683333
0.068359375000000 3690579
0.069519042968750 3683266
0.069580078125000 3683366
0.070129394531250 3687879
0.069396972656250 3699964
0.070922851562500 3691761
0.070861816406250 3695954
0.071960449218750 3694236
0.070068359375000 3699929
0.000000000000000 3690369
0.069824218750000 3697941
0.070495605468750 3691058
0.070861816406250 3697856
0.071411132812500 3691193
0.070312500000000 3686794
0.066833496093750 3692057
0.067687988281250 3685802
0.070678710937500 3687402
0.069946289062500 3683742
0.068969726562500 3683330
0.068054199218750 3688730
0.061218261718750 3700035
0.069702148437500 3699964
0.060974121093750 3700000
0.000000000000000 3694712
0.068420410156250 3697960
0.068969726562500 3700035
0.071350097656250 3700000
0.069702148437500 3700000
0.069335937500000 3699964
0.061889648437500 3700035
0.069213867187500 3699964
0.060668945312500 3700000
0.069641113281250 3699964
0.068542480468750 3700070
0.071960449218750 3700000
0.069152832031250 3700000
0.067810058593750 3700000
0.069763183593750 3700000
0.070800781250000 3699964
0.000000000000000 3700035
0.071533203125000 3699964
0.069152832031250 3700035
0.072021484375000 3700000
0.069213867187500 3699964
0.069946289062500 3700035
0.072082519531250 3699929
0.209899902343750 3697783
0.070678710937500 3694031
0.069335937500000 3690309
0.061279296875000 3683367
0.073120117187500 3683330
0.072204589843750 3683302
0.067565917968750 3685481
0.069213867187500 3692109
0.060791015625000 3688563
0.069946289062500 3696555
0.061462402343750 3688543
0.000000000000000 3683333
0.075683593750000 3683977
0.072937011718750 3697754
0.069213867187500 3684632
0.063781738281250 3683331
0.068542480468750 3695008
0.060791015625000 3699964
0.066040039062500 3700035
0.066040039062500 3699964
0.067016601562500 3700035
0.062255859375000 3700000
0.065734863281250 3700000
0.073120117187500 3699964
0.062866210937500 3700000
0.066162109375000 3700000
0.070556640625000 3700000
0.062805175781250 3700035
0.071716308593750 3699964
0.062133789062500 3700035
0.072082519531250 3700000
0.000000000000000 3699964
0.072692871093750 3699928
0.071716308593750 3696609
0.061950683593750 3698291
0.068237304687500 3683296
0.069519042968750 3683334
0.069519042968750 3690406
0.068725585937500 3686890
0.071533203125000 3694346
0.072021484375000 3693522
0.069702148437500 3683372
0.070312500000000 3695172
0.000000000000000 3696661
0.068359375000000 3683332
0.069580078125000 3694522
0.070373535156250 3692204
0.069763183593750 3689248
0.071655273437500 3689192
0.068969726562500 3697445
0.062255859375000 3696523
0.069580078125000 3697761
0.070617675781250 3700000
0.069030761718750 3693205
0.071350097656250 3686255
0.072021484375000 3693517
0.000000000000000 3689811
0.070312500000000 3683334
0.070251464843750 3684706
0.067260742187500 3696830
0.071044921875000 3683332
0.068176269531250 3683296
0.069519042968750 3683334
0.071105957031250 3696870
0.069763183593750 3700000
0.070190429687500 3695048
0.067687988281250 3697445
0.070068359375000 3689563
0.000000000000000 3693437
0.070373535156250 3693827
0.063171386718750 3683369
0.070678710937500 3683900
0.069763183593750 3691982
0.068542480468750 3683610
0.069091796875000 3686579
0.070739746093750 3683333
0.069274902343750 3688903
0.069824218750000 3415110
0.070434570312500 3694540
0.069946289062500 3696811
0.070129394531250 3691832
0.000000000000000 3692944
0.070312500000000 3687564
0.071655273437500 3686883
0.072082519531250 3686052
0.071838378906250 3683299
0.061584472656250 3693691
0.070556640625000 3700000
0.070800781250000 3700000
0.069335937500000 3700000
0.065002441406250 3700035
0.062011718750000 3687710
0.069763183593750 3695637
0.060974121093750 3700000
0.062133789062500 3689921
0.069091796875000 3691805
0.070129394531250 3688793
0.068847656250000 3699964
0.000000000000000 3699964
0.070617675781250 3700070
0.070068359375000 3700000
0.068359375000000 3699964
0.071044921875000 3700000
0.070800781250000 3700000
0.070678710937500 3700035
0.070983886718750 3699964
0.067382812500000 3700035
0.061096191406250 3699964
0.067993164062500 3700000
0.060913085937500 3700000
0.068115234375000 3700035
0.070434570312500 3700000
0.071533203125000 3699964
0.062194824218750 3700000
0.000000000000000 3700000
0.069213867187500 3698181
0.069641113281250 3699964
0.061218261718750 3700000
0.068176269531250 3700035
0.061950683593750 3700000
0.068054199218750 3699964
0.074035644531250 3700035
0.070251464843750 3699964
0.069580078125000 3700035
0.070251464843750 3700000
0.069335937500000 3700000
0.069091796875000 3700000
0.067626953125000 3700000
0.074829101562500 3700000
0.000000000000000 3700000
0.070373535156250 3699964
0.069030761718750 3700035
0.070251464843750 3699964
0.072326660156250 3700035
0.061645507812500 3699964
0.069335937500000 3697749
0.069091796875000 3700035
0.073120117187500 3700000
0.067871093750000 3700000
0.068420410156250 3699964
0.067871093750000 3700035
0.070922851562500 3699964
0.000000000000000 3699929
0.069458007812500 3700105
0.070495605468750 3699964
0.071350097656250 3700000
0.068176269531250 3700035
0.071166992187500 3700000
0.068542480468750 3700000
0.070617675781250 3699964
0.067443847656250 3700035
0.069335937500000 3700000
0.060852050781250 3700000
0.070556640625000 3699964
0.071716308593750 3700035
0.000000000000000 3700000
0.067626953125000 3699964
0.072143554687500 3700000
0.068542480468750 3700000
0.071105957031250 3700035
0.072509765625000 3699964
0.067199707031250 3700000
0.062255859375000 3700000
0.070007324218750 3700000
0.069030761718750 3700035
0.068786621093750 3700000
0.061889648437500 3699964
0.069946289062500 3700000
0.069885253906250 3700000
0.069091796875000 3700035
0.000000000000000 3699964
0.069702148437500 3700000
0.060974121093750 3700035
0.072204589843750 3700000
0.070190429687500 3699964
0.070434570312500 3700000
0.072143554687500 3700000
0.071105957031250 3700000
0.068542480468750 3700000
0.070251464843750 3700035
0.067016601562500 3699929
0.071472167968750 3700035
0.000000000000000 3700000
0.068725585937500 3700000
0.071472167968750 3700035
0.069641113281250 3699964
0.070678710937500 3700000
0.072204589843750 3700000
0.069580078125000 3700035
0.070190429687500 3699964
0.069091796875000 3700035
0.061950683593750 3700000
0.070556640625000 3699964
0.068542480468750 3700035
0.069763183593750 3699964
0.000000000000000 3700035
0.069030761718750 3700000
0.068420410156250 3699964
0.069580078125000 3700035
0.071105957031250 3700000
0.070251464843750 3699964
0.071044921875000 3700000
0.070434570312500 3700035
0.068176269531250 3700000
0.071166992187500 3700000
0.069091796875000 3699964
0.072509765625000 3699929
0.000000000000000 3700035
0.069458007812500 3700070
0.069763183593750 3699964
0.070983886718750 3700000
0.069946289062500 3700000
0.071533203125000 3700000
0.067993164062500 3700000
0.060791015625000 3700000
0.071533203125000 3700000
0.068664550781250 3700035
0.068603515625000 3699964
0.068908691406250 3700035
0.071533203125000 3700000
0.000000000000000 3700000
0.071044921875000 3699964
0.069213867187500 3692860
0.070068359375000 3698207
0.069152832031250 3685754
0.070373535156250 3683330
0.069702148437500 3687597
0.069824218750000 3692045
0.068298339843750 3687150
0.072021484375000 3686870
0.069458007812500 3685473
0.069396972656250 3690349
0.061340332031250 3694466
0.068298339843750 3683335
0.000000000000000 3695335
0.070312500000000 3700000
0.069091796875000 3693309
0.071105957031250 3687086
0.070922851562500 3689642
0.069702148437500 3692983
0.061096191406250 3687116
0.070861816406250 3687331
0.071228027343750 3686907
0.069519042968750 3683299
0.069885253906250 3698169
0.072082519531250 3696579
0.000000000000000 3693048
0.067565917968750 3693066
0.070007324218750 3698611
0.070434570312500 3690501
0.067810058593750 3683332
0.069335937500000 3692199
0.071716308593750 3694981
0.072082519531250 3700000
0.070251464843750 3686642
0.070434570312500 3683297
0.068603515625000 3683367
0.069702148437500 3683743
0.000000000000000 3695553
0.072998046875000 3686309
0.069396972656250 3698517
0.061279296875000 3700035
0.068420410156250 3699593
0.061218261718750 3697783
0.061706542968750 3686821
0.070434570312500 3700000
0.068786621093750 3694924
0.069580078125000 3685048
0.068481445312500 3683366
0.070190429687500 3693678
0.069763183593750 3692952
0.067260742187500 3696602
0.062011718750000 3690362
0.070861816406250 3683297
0.070434570312500 3687386
0.068542480468750 3700000
0.000000000000000 3696599
0.068603515625000 3688026
0.068054199218750 3689939
0.069885253906250 3688031
0.072021484375000 3692236
0.070312500000000 3700000
0.070190429687500 3696801
0.069335937500000 3694057
0.071105957031250 3688234
0.072753906250000 3683333
0.068054199218750 3688007
0.000000000000000 3696562
0.070251464843750 3700000
0.071105957031250 3688873
0.070495605468750 3697916
0.070739746093750 3689324
0.069091796875000 3688995
0.072692871093750 3700000
0.068176269531250 3694622
0.061035156250000 3688702
0.066589355468750 3689383
0.069946289062500 3699464
0.068359375000000 3694880
0.069519042968750 3688449
0.000000000000000 3692417
0.072448730468750 3693721
0.069335937500000 3700035
0.061401367187500 3684371
0.067871093750000 3694541
0.068969726562500 3693036
0.071166992187500 3699964
0.072387695312500 3700000
0.070373535156250 3700035
0.071350097656250 3699964
0.070251464843750 3700035
0.067077636718750 3699964
0.061462402343750 3700000
0.068359375000000 3700035
0.070434570312500 3700000
0.000000000000000 3700000
0.069702148437500 3699964
0.071289062500000 3700000
0.070861816406250 3700000
0.067504882812500 3700000
0.071411132812500 3700035
0.069824218750000 3700000
0.063110351562500 3700000
0.070495605468750 3700000
0.060852050781250 3699964
0.068908691406250 3700000
0.070617675781250 3700035
0.069824218750000 3699964
0.067260742187500 3700035
0.070251464843750 3700000
0.000000000000000 3700000
0.068176269531250 3699929
0.063415527343750 3700070
0.069641113281250 3699964
0.070373535156250 3699964
0.071411132812500 3700035
0.068664550781250 3700035
0.061645507812500 3699964
0.069519042968750 3700000
0.068847656250000 3700000
0.068847656250000 3700035
0.071594238281250 3699964
0.070556640625000 3700035
0.070312500000000 3699964
0.000000000000000 3700000
0.070434570312500 3700000
0.070068359375000 3700035
0.062622070312500 3699964
0.067199707031250 3700000
0.069152832031250 3700000
0.068237304687500 3700035
0.061401367187500 3700000
0.071594238281250 3695876
0.068969726562500 3698153
0.069763183593750 3699964
0.068664550781250 3700035
0.062072753906250 3699964
0.068969726562500 3700035
0.071655273437500 3699964
0.070739746093750 3700035
0.000000000000000 3699964
0.070800781250000 3700035
0.069824218750000 3700000
0.068847656250000 3692120
0.070739746093750 3689292
0.069335937500000 3694513
0.061950683593750 3683333
0.068603515625000 3683366
0.071228027343750 3683296
0.071105957031250 3684776
0.068603515625000 3696929
0.068786621093750 3688769
0.069641113281250 3685186
0.070495605468750 3692854
0.000000000000000 3700035
0.070007324218750 3700000
0.062683105468750 3699964
0.070312500000000 3696982
0.070129394531250 3683368
0.070495605468750 3683331
0.070922851562500 3692593
0.071228027343750 3694589
0.068237304687500 3691057
0.071838378906250 3690003
0.061706542968750 3692558
0.069946289062500 3687390
0.069030761718750 3690337
0.069946289062500 3694258
0.000000000000000 3699964
0.069580078125000 3699853
0.069824218750000 3690887
0.071289062500000 3694597
0.069213867187500 3689839
0.068176269531250 3688891
0.069763183593750 3693769
0.062377929687500 3694549
0.068481445312500 3688564
0.069091796875000 3687133
0.068359375000000 3699900
0.072937011718750 3693073
0.068237304687500 3690303
0.000000000000000 3683368
0.070556640625000 3683334
0.069030761718750 3699140
0.061096191406250 3687002
0.071228027343750 3694377
0.067810058593750 3683622
0.068725585937500 3690124
0.069946289062500 3686201
0.070678710937500 3688056
0.071838378906250 3694520
0.071472167968750 3693846
0.070434570312500 3686899
0.069580078125000 3683299
0.000000000000000 3689600
0.072326660156250 3683299
0.068359375000000 3690753
0.070190429687500 3683372
0.065917968750000 3683333
0.072631835937500 3694043
0.069763183593750 3689109
0.071411132812500 3685765
0.070312500000000 3685888
0.069885253906250 3692008
0.060974121093750 3696940
0.068847656250000 3692090
0.070190429687500 3694575
0.000000000000000 3683335
0.069274902343750 3685498
0.071960449218750 3700000
0.071594238281250 3686899
0.067749023437500 3525729
0.061889648437500 3698387
0.069335937500000 3690507
0.060791015625000 3700035
0.069213867187500 3700000
0.061340332031250 3687201
0.069641113281250 3693159
0.069763183593750 3695773
0.071716308593750 3700000
0.070678710937500 3699012
0.070800781250000 3686353
0.069152832031250 3694558
0.061828613281250 3693969
0.000000000000000 3690449
0.070190429687500 3699536
0.068542480468750 3694382
0.068664550781250 3683424
0.071105957031250 3699933
0.061950683593750 3688871
0.065917968750000 3699291
0.069580078125000 3695919
0.068298339843750 3683332
0.070739746093750 3683300
0.069274902343750 3694437
0.068542480468750 3700035
0.066711425781250 3695343
0.070556640625000 3697588
0.071044921875000 3697050
0.000000000000000 3696169
0.068054199218750 3686246
0.071472167968750 3692206
0.069702148437500 3692250
0.073120117187500 3695706
0.070922851562500 3694477
0.069458007812500 3700000
0.069274902343750 3700035
0.069458007812500 3700000
0.062927246093750 3700000
0.069396972656250 3699964
0.070190429687500 3699929
0.068664550781250 3684273
0.000000000000000 3690271
0.069396972656250 3685922
0.070373535156250 3692022
0.067687988281250 3566840
0.073913574218750 3683228
0.072021484375000 3686431
0.061340332031250 3683894
0.069763183593750 3694612
0.071899414062500 3683297
0.070617675781250 3683368
0.069702148437500 3687975
0.069580078125000 3692526
0.067321777343750 3686912
0.000000000000000 3683333
0.070983886718750 3690331
0.067932128906250 3683330
0.072998046875000 3683334
0.070678710937500 3692435
0.069030761718750 3683295
0.071594238281250 3686902
0.069335937500000 3693429
0.070678710937500 3683995
0.071899414062500 3684183
0.067504882812500 3700105
0.000000000000000 3683538
0.069824218750000 3694425
0.071655273437500 3695412
0.068725585937500 3683366
0.067077636718750 3683333
0.067932128906250 3683298
0.072631835937500 3688497
0.068481445312500 3683329
0.070251464843750 3697465
0.068298339843750 3698678
0.069946289062500 3697983
0.069763183593750 3693278
0.000000000000000 3683367
0.069458007812500 3683331
0.069519042968750 3687922
0.068115234375000 3697925
0.070373535156250 3700000
0.065734863281250 3695626
0.072509765625000 3684582
0.067077636718750 3683298
0.068359375000000 3683333
0.071655273437500 3698177
0.067871093750000 3700035
0.072937011718750 3700000
0.068725585937500 3696554
0.000000000000000 3693138
0.072204589843750 3685851
0.068664550781250 3683299
0.071105957031250 3687083
0.068786621093750 3683456
0.071044921875000 3686940
0.062255859375000 3700035
0.067138671875000 3685398
0.071228027343750 3683369
0.068542480468750 3683334
0.071899414062500 3693135
0.070739746093750 3689393
0.066162109375000 3692805
0.000000000000000 3693160
0.068786621093750 3700000
0.069824218750000 3696909
0.070495605468750 3688975
0.068481445312500 3699964
0.070190429687500 3700035
0.069763183593750 3693025
0.072631835937500 3683438
0.069641113281250 3697782
0.069091796875000 3685008
0.071044921875000 3693759
0.000000000000000 3694914
0.071960449218750 3694579
0.070861816406250 3686821
0.060791015625000 3684604
0.067199707031250 3697030
0.068542480468750 3695271
0.067626953125000 3689380
0.071350097656250 3688911
0.069030761718750 3692771
0.069580078125000 3683334
0.072143554687500 3683331
0.068176269531250 3683332
0.069885253906250 3683228
0.068969726562500 3692404
0.000000000000000 3683335
0.070556640625000 3686740
0.070861816406250 3697254
0.072204589843750 3683335
0.070251464843750 3683329
0.068298339843750 3693889
0.061706542968750 3695164
0.066894531250000 3690590
0.069824218750000 3694550
0.069152832031250 3683369
0.070983886718750 3687180
0.071350097656250 3683259
0.069152832031250 3698994
0.069946289062500 3700000
0.000000000000000 3700000
0.068725585937500 3685390
0.071899414062500 3683300
0.068359375000000 3683366
0.070678710937500 3683300
0.071838378906250 3692891
0.069641113281250 3700000
0.072326660156250 3697820
0.069335937500000 3699929
0.069152832031250 3700105
0.067687988281250 3688804
0.061584472656250 3692210
0.000000000000000 3692263
0.071350097656250 3694918
0.068542480468750 3694757
0.068908691406250 3689521
0.071105957031250 3685985
0.070495605468750 3691914
0.066955566406250 3698294
0.070007324218750 3692119
0.071289062500000 3689830
0.071289062500000 3692193
0.060607910156250 3695905
0.068847656250000 3700000
0.069763183593750 3700035
0.069885253906250 3699964
0.000000000000000 3700000
0.071472167968750 3700035
0.067016601562500 3700000
0.071105957031250 3696458
0.069152832031250 3687322
0.070495605468750 3686856
0.069641113281250 3694432
0.069274902343750 3700035
0.069152832031250 3694149
0.069274902343750 3690421
0.070251464843750 3684191
0.068603515625000 3693764
0.068237304687500 3683939
0.000000000000000 3692168
0.070739746093750 3690394
0.071166992187500 3683336
0.069274902343750 3693842
0.070983886718750 3683298
0.069458007812500 3683335
0.070556640625000 3687731
0.069030761718750 3693103
0.069030761718750 3691759
0.069885253906250 3685199
0.067626953125000 3699348
0.000000000000000 3689699
0.072875976562500 3694523
0.067871093750000 3695171
0.069824218750000 3699929
0.071655273437500 3690111
0.071289062500000 3683367
0.069946289062500 3683195
0.069824218750000 3687070
0.071411132812500 3683405
0.069824218750000 3694596
0.070678710937500 3696987
0.000000000000000 3687599
0.131835937500000 3692776
0.000000000000000 3685179
0.067626953125000 3688308
0.072387695312500 3699964
0.071166992187500 3700035
0.069152832031250 3700000
0.068786621093750 3700000
0.069091796875000 3698917
0.069458007812500 3700035
0.067016601562500 3699929
0.070373535156250 3700035
0.071289062500000 3700000
0.072814941406250 3700000
0.000000000000000 3687524
0.068908691406250 3697876
0.068054199218750 3696510
0.070007324218750 3683260
0.070190429687500 3694639
0.072265625000000 3683227
0.070434570312500 3687187
0.068786621093750 3683437
0.069274902343750 3683335
0.069580078125000 3690977
0.070068359375000 3696907
0.068786621093750 3699894
0.000000000000000 3693432
0.070678710937500 3699657
0.070556640625000 3686145
0.061645507812500 3699964
0.068969726562500 3696522
0.069152832031250 3683296
0.070190429687500 3698742
0.060607910156250 3700035
0.070983886718750 3699964
0.068603515625000 3700035
0.069702148437500 3699929
0.070007324218750 3700070
0.070129394531250 3699964
0.069763183593750 3700000
0.000000000000000 3700000
0.072021484375000 3700000
0.062438964843750 3700035
0.070556640625000 3700000
0.071350097656250 3699929
0.071044921875000 3700070
0.067871093750000 3700000
0.070434570312500 3699964
0.072265625000000 3699964
0.068908691406250 3700035
0.071716308593750 3700000
0.069580078125000 3700000
0.061645507812500 3700000
0.067138671875000 3700000
0.000000000000000 3695948
0.071105957031250 3684940
0.068908691406250 3698506
0.070556640625000 3700035
0.070495605468750 3699929
0.071289062500000 3700000
0.071044921875000 3700000
0.068847656250000 3693276
0.070617675781250 3683299
0.068359375000000 3697731
0.069335937500000 3700000
0.000000000000000 3685867
0.070495605468750 3689144
0.069152832031250 3684548
0.071411132812500 3683333
0.069519042968750 3690994
0.070739746093750 3693903
0.067749023437500 3683369
0.062011718750000 3687068
0.069702148437500 3693775
0.070190429687500 3685335
0.069824218750000 3686180
0.068603515625000 3693120
0.069580078125000 3698205
0.071533203125000 3690703
0.000000000000000 3694843
0.069641113281250 3690359
0.067993164062500 3687544
0.060729980468750 3683331
0.071289062500000 3684623
0.067443847656250 3690100
0.069030761718750 3691753
0.071044921875000 3696440
0.072692871093750 3695550
0.069274902343750 3697501
0.070800781250000 3697528
0.060852050781250 3683369
0.069885253906250 3683333
0.068176269531250 3696976
0.068237304687500 3694278
0.000000000000000 3683334
0.070312500000000 3694523
0.072692871093750 3699894
0.070129394531250 3700105
0.069702148437500 3699929
0.068847656250000 3700035
0.071228027343750 3700035
0.068664550781250 3700000
0.069274902343750 3699964
0.070068359375000 3700035
0.069824218750000 3700000
0.000000000000000 3699964
0.072082519531250 3700035
0.069763183593750 3699894
0.068908691406250 3700070
0.068725585937500 3700000
0.069519042968750 3696398
0.070312500000000 3697764
0.072082519531250 3692149
0.068908691406250 3699964
0.070495605468750 3700035
0.060852050781250 3700000
0.069030761718750 3699964
0.069641113281250 3700000
0.068969726562500 3700035
0.000000000000000 3700000
0.070190429687500 3700000
0.073669433593750 3700000
0.067443847656250 3699964
0.070922851562500 3699964
0.069396972656250 3700000
0.060668945312500 3700035
0.069946289062500 3694941
0.068969726562500 3688339
0.066833496093750 3683333
0.070373535156250 3695241
0.071411132812500 3700000
0.067443847656250 3692972
0.071533203125000 3695541
0.000000000000000 3700035
0.067871093750000 3699894
0.070190429687500 3700070
0.060852050781250 3691734
0.070495605468750 3690021
0.069824218750000 3687897
0.069702148437500 3694135
0.069396972656250 3688329
0.069396972656250 3699760
0.078430175781250 3884571
0.079833984375000 3900000
0.078735351562500 3900000
0.071533203125000 3899888
0.076416015625000 3900074
0.000000000000000 3900037
0.143554687500000 3900000
0.000000000000000 3899962
0.077514648437500 3899962
0.075012207031250 3900000
0.076782226562500 3900037
0.074462890625000 3900037
0.077087402343750 3899925
0.068298339843750 3900037
0.073425292968750 3900037
0.075317382812500 3900000
0.073608398437500 3900000
0.066894531250000 3899851
0.076110839843750 3900148
0.076171875000000 3899888
0.072998046875000 3900074
0.074584960937500 3900000
0.000000000000000 3900000
0.077087402343750 3900000
0.075256347656250 3900000
0.078735351562500 3900037
0.075378417968750 3899962
0.067871093750000 3899962
0.071411132812500 3900074
0.077819824218750 3900000
0.076049804687500 3899962
0.073303222656250 3900037
0.078247070312500 3899962
0.074340820312500 3900037
0.075744628906250 3900000
0.073547363281250 3900000
0.000000000000000 3899962
0.076049804687500 3900037
0.077758789062500 3899962
0.073852539062500 3900037
0.074462890625000 3900000
0.074645996093750 3899962
0.078002929687500 3900037
0.073547363281250 3899925
0.075622558593750 3900037
0.076354980468750 3900000
0.074523925781250 3900000
0.074768066406250 3899962
0.072753906250000 3900037
0.000000000000000 3900000
0.075195312500000 3900000
0.074768066406250 3900037
0.077758789062500 3900000
0.074890136718750 3900000
0.074279785156250 3899962
0.074584960937500 3900037
0.073242187500000 3899962
0.066894531250000 3900000
0.076049804687500 3899962
0.076049804687500 3900074
0.072875976562500 3899962
0.078308105468750 3900037
0.075378417968750 3899925
0.073669433593750 3900037
0.000000000000000 3900000
0.074645996093750 3900037
0.075134277343750 3900000
0.074096679687500 3900000
0.077087402343750 3899888
0.077575683593750 3900074
0.075073242187500 3899962
0.075378417968750 3899962
0.074645996093750 3900037
0.073547363281250 3900074
0.076843261718750 3899962
0.074279785156250 3900000
0.000000000000000 3900037
0.077331542968750 3899888
0.075622558593750 3900000
0.074096679687500 3900074
0.075256347656250 3900000
0.075927734375000 3900000
0.075317382812500 3899925
0.074035644531250 3900074
0.074829101562500 3900037
0.077453613281250 3899888
0.074096679687500 3900000
0.075500488281250 3900000
0.074279785156250 3900111
0.000000000000000 3899962
0.075622558593750 3900000
0.074645996093750 3899962
0.075073242187500 3900037
0.077697753906250 3899925
0.075500488281250 3900000
0.076843261718750 3900074
0.074035644531250 3900000
0.074279785156250 3900037
0.074279785156250 3899962
0.075195312500000 3899961
0.077453613281250 3900037
0.000000000000000 3899888
0.072937011718750 3900037
0.075500488281250 3900000
0.075195312500000 3900074
0.077087402343750 3900000
0.073974609375000 3900037
0.077514648437500 3899962
0.075683593750000 3900000
0.076171875000000 3900000
0.066833496093750 3900000
0.072509765625000 3900000
0.074462890625000 3900000
0.073425292968750 3900037
0.076660156250000 3899962
0.000000000000000 3899925
0.076721191406250 3900111
0.074462890625000 3900000
0.074401855468750 3900000
0.077270507812500 3900000
0.077392578125000 3899925
0.074890136718750 3900037
0.075439453125000 3900000
0.075744628906250 3899962
0.076904296875000 3900074
0.077148437500000 3899888
0.075500488281250 3900074
0.066955566406250 3900000
0.073669433593750 3899925
0.000000000000000 3900111
0.075622558593750 3900000
0.074951171875000 3899962
0.076232910156250 3900037
0.074890136718750 3900000
0.074890136718750 3899851
0.078430175781250 3900074
0.074707031250000 3900074
0.076477050781250 3899962
0.076477050781250 3900000
0.077575683593750 3900000
0.074829101562500 3899925
0.000000000000000 3900074
0.075500488281250 3900037
0.076660156250000 3899888
0.075744628906250 3900074
0.075561523437500 3900000
0.075561523437500 3899925
0.074157714843750 3900111
0.076354980468750 3899888
0.074523925781250 3900074
0.075744628906250 3899925
0.075195312500000 3900000
0.074523925781250 3900074
0.077880859375000 3900037
0.000000000000000 3899962
0.075256347656250 3899925
0.076049804687500 3900074
0.073303222656250 3900037
0.074890136718750 3900000
0.075805664062500 3900000
0.075683593750000 3900000
0.077575683593750 3899888
0.075683593750000 3900111
0.076049804687500 3899962
0.075500488281250 3900000
0.075378417968750 3900037
0.000000000000000 3900000
0.075622558593750 3899962
0.080139160156250 3900037
0.077209472656250 3899925
0.074707031250000 3900037
0.074645996093750 3900000
0.072082519531250 3900000
0.076416015625000 3900000
0.073791503906250 3900000
0.079345703125000 3900037
0.075927734375000 3900000
0.075500488281250 3899962
0.068054199218750 3899962
0.000000000000000 3900037
0.074157714843750 3900037
0.071716308593750 3900000
0.075622558593750 3899962
0.077026367187500 3900000
0.066650390625000 3900000
0.068847656250000 3900037
0.083435058593750 3899962
0.079040527343750 3900000
0.072998046875000 3900000
0.068908691406250 3900037
0.074890136718750 3900000
0.066345214843750 3900000
0.075073242187500 3899962
0.072509765625000 3900000
0.074462890625000 3900000
0.068481445312500 3900000
0.070190429687500 3900000
0.067260742187500 3900000
0.072570800781250 3900037
0.069458007812500 3899962
0.080078125000000 3900000
0.000000000000000 3900000
0.082580566406250 3900037
0.074279785156250 3899962
0.069519042968750 3900037
0.073059082031250 3899962
0.077453613281250 3900000
0.078918457031250 3900037
0.067749023437500 3899962
0.074279785156250 3900037
0.073791503906250 3899232
0.073303222656250 3799963
0.072326660156250 3800036
0.071899414062500 3799891
0.072692871093750 3800108
0.000000000000000 3799963
0.072265625000000 3799963
0.072326660156250 3800000
0.069641113281250 3800036
0.070129394531250 3800036
0.067932128906250 3800000
0.072265625000000 3800000
0.071960449218750 3800036
0.068725585937500 3799963
0.071228027343750 3800000
0.069519042968750 3800000
0.070556640625000 3800000
0.068908691406250 3800000
0.000000000000000 3800000
0.069885253906250 3799927
0.072265625000000 3800072
0.069519042968750 3800036
0.068725585937500 3799927
0.069580078125000 3800036
0.070556640625000 3800000
0.068908691406250 3800000
0.062377929687500 3800000
0.068420410156250 3800000
0.071350097656250 3800000
0.071350097656250 3800000
0.068725585937500 3800000
0.062988281250000 3800000
0.069580078125000 3800000
0.070373535156250 3800036
0.068359375000000 3799963
0.071777343750000 3799927
0.000000000000000 3800072
0.071960449218750 3800000
0.067382812500000 3799927
0.071777343750000 3800036
0.070251464843750 3800036
0.072326660156250 3800000
0.069091796875000 3800000
0.070800781250000 3799927
0.070739746093750 3800072
0.070556640625000 3800000
0.065612792968750 3799963
0.070190429687500 3800036
0.071228027343750 3800000
0.000000000000000 3799891
0.135009765625000 3799963
0.000000000000000 3800144
0.068969726562500 3799927
0.063354492187500 3800072
0.072692871093750 3800000
0.067077636718750 3800000
0.067626953125000 3799891
0.065429687500000 3800108
0.063720703125000 3800000
0.069458007812500 3800000
0.071350097656250 3800000
0.068420410156250 3800036
0.069824218750000 3799927
0.070007324218750 3800036
0.071411132812500 3800000
0.072265625000000 3800000
0.069763183593750 3800000
0.069519042968750 3800000
0.068298339843750 3799891
0.000000000000000 3800072
0.072998046875000 3800036
0.069030761718750 3800000
0.072143554687500 3800000
0.073425292968750 3799927
0.068603515625000 3800072
0.072509765625000 3800000
0.069091796875000 3800000
0.071105957031250 3800000
0.067504882812500 3800000
0.073913574218750 3800000
0.072204589843750 3800000
0.000000000000000 3799963
0.132202148437500 3800000
0.000000000000000 3800036
0.068725585937500 3800036
0.071655273437500 3799963
0.069458007812500 3799963
0.070129394531250 3800000
0.072387695312500 3800036
0.070922851562500 3800000
0.070556640625000 3800000
0.069946289062500 3800000
0.070190429687500 3800000
0.068176269531250 3800000
0.071472167968750 3800000
0.069946289062500 3800036
0.000000000000000 3799963
0.072448730468750 3800000
0.070373535156250 3800000
0.070251464843750 3800000
0.070800781250000 3799963
0.070983886718750 3800036
0.069335937500000 3800000
0.071350097656250 3800000
0.072692871093750 3799927
0.069824218750000 3800000
0.070312500000000 3800072
0.070800781250000 3800000
0.070373535156250 3800000
0.000000000000000 3800000
0.070312500000000 3799963
0.073913574218750 3800036
0.070251464843750 3800000
0.071472167968750 3800000
0.070434570312500 3800000
0.070434570312500 3800000
0.071777343750000 3800000
0.071655273437500 3800000
0.073547363281250 3800000
0.068603515625000 3800000
0.000000000000000 3800000
0.072570800781250 3800000
0.070861816406250 3800000
0.073120117187500 3799927
0.068603515625000 3800072
0.071533203125000 3800000
0.072998046875000 3800000
0.068786621093750 3800000
0.070556640625000 3800000
0.069458007812500 3799927
0.073120117187500 3800000
0.070190429687500 3800000
0.000000000000000 3800072
0.072082519531250 3800000
0.070495605468750 3800000
0.070922851562500 3800000
0.072937011718750 3799927
0.070007324218750 3800000
0.062866210937500 3800072
0.069396972656250 3800000
0.070495605468750 3800000
0.070495605468750 3799927
0.070861816406250 3800072
0.071105957031250 3800000
0.069274902343750 3799927
0.070434570312500 3800072
0.070007324218750 3800000
0.000000000000000 3799927
0.071350097656250 3800108
0.072692871093750 3799963
0.070068359375000 3800036
0.071105957031250 3799963
0.070068359375000 3800000
0.070190429687500 3800000
0.070007324218750 3800000
0.070068359375000 3799963
0.070190429687500 3800036
0.071838378906250 3799963
0.070373535156250 3800036
0.068969726562500 3800000
0.000000000000000 3800000
0.071899414062500 3800000
0.070617675781250 3800000
0.071472167968750 3800000
0.074096679687500 3800000
0.067443847656250 3800000
0.071777343750000 3799963
0.070983886718750 3800036
0.070861816406250 3800000
0.068603515625000 3800000
0.069946289062500 3800000
0.070312500000000 3799963
0.000000000000000 3800036
0.071472167968750 3800000
0.069946289062500 3800000
0.068908691406250 3800000
0.070434570312500 3800000
0.071166992187500 3799963
0.072448730468750 3800072
0.072265625000000 3799963
0.068908691406250 3800036
0.071899414062500 3799963
0.280883789062500 3800000
0.073913574218750 3800000
0.069458007812500 3800000
0.072021484375000 3800000
0.000000000000000 3800000
0.070434570312500 3800036
0.070556640625000 3799963
0.069030761718750 3800000
0.063476562500000 3800000
0.070007324218750 3800000
0.071899414062500 3800000
0.072265625000000 3800000
0.068969726562500 3800000
0.070983886718750 3800000
0.068298339843750 3800000
0.072998046875000 3799927
0.070739746093750 3800072
0.072326660156250 3800000
0.000000000000000 3800000
0.071044921875000 3800000
0.069335937500000 3800000
0.072265625000000 3800000
0.069824218750000 3800000
0.070678710937500 3799927
0.069274902343750 3800036
0.073913574218750 3800036
0.071533203125000 3799963
0.070434570312500 3800036
0.070861816406250 3800000
0.069213867187500 3800000
0.071350097656250 3800000
0.000000000000000 3799963
0.067687988281250 3799963
0.072448730468750 3800072
0.071716308593750 3800000
0.071105957031250 3800036
0.070495605468750 3799963
0.071594238281250 3799963
0.069824218750000 3800036
0.069763183593750 3800000
0.071533203125000 3800000
0.069885253906250 3800000
0.069213867187500 3800000
0.070861816406250 3800000
0.000000000000000 3800000
0.071166992187500 3800000
0.072814941406250 3800036
0.068664550781250 3799927
0.069396972656250 3800036
0.072631835937500 3800000
0.070434570312500 3800000
0.071411132812500 3800036
0.068359375000000 3799927
0.069335937500000 3799963
0.072875976562500 3800000
0.071594238281250 3799963
0.000000000000000 3800108
0.071716308593750 3800036
0.069580078125000 3799927
0.070983886718750 3799963
0.070129394531250 3800000
0.070556640625000 3800072
0.071533203125000 3800000
0.070861816406250 3799927
0.072387695312500 3800000
0.072326660156250 3800072
0.071533203125000 3799927
0.069458007812500 3800072
0.000000000000000 3800000
0.070861816406250 3800000
0.070983886718750 3800000
0.071228027343750 3800000
0.070556640625000 3799891
0.069274902343750 3800108
0.072448730468750 3800036
0.069152832031250 3799963
0.070861816406250 3800000
0.069335937500000 3800000
0.072326660156250 3799963
0.071960449218750 3800000
0.068542480468750 3800036
0.000000000000000 3799963
0.070068359375000 3800036
0.069519042968750 3800000
0.070495605468750 3800000
0.069824218750000 3800000
0.071716308593750 3800000
0.070861816406250 3800036
0.069396972656250 3799963
0.063598632812500 3800000
0.070129394531250 3799927
0.070190429687500 3800072
0.069519042968750 3799963
0.071899414062500 3800036
0.071350097656250 3800036
0.068298339843750 3799963
0.000000000000000 3799963
0.071777343750000 3800036
0.070312500000000 3799927
0.071960449218750 3800072
0.069763183593750 3799927
0.072082519531250 3799963
0.071777343750000 3800000
0.070556640625000 3800108
0.072998046875000 3799963
0.070617675781250 3799963
0.070617675781250 3800072
0.069396972656250 3799927
0.062683105468750 3800072
0.000000000000000 3800000
0.134338378906250 3799891
0.000000000000000 3800108
0.071350097656250 3799963
0.071594238281250 3800036
0.073364257812500 3800000
0.069274902343750 3799891
0.070800781250000 3800108
0.069396972656250 3799927
0.062622070312500 3800000
0.067871093750000 3800072
0.072631835937500 3800000
0.071655273437500 3799927
0.072875976562500 3800000
0.072631835937500 3800072
0.067749023437500 3799927
0.000000000000000 3800000
0.070739746093750 3800072
0.070434570312500 3799891
0.070434570312500 3800000
0.071105957031250 3800036
0.070861816406250 3800000
0.070678710937500 3799963
0.071228027343750 3800036
0.071472167968750 3800000
0.072326660156250 3800072
0.068176269531250 3799927
0.072998046875000 3800000
0.000000000000000 3800072
0.071350097656250 3800036
0.072021484375000 3799963
0.071899414062500 3799927
0.072570800781250 3800072
0.072143554687500 3800000
0.068481445312500 3800000
0.062194824218750 3799891
0.068420410156250 3800036
0.070007324218750 3800000
0.072692871093750 3800072
0.069824218750000 3799927
0.069458007812500 3800036
0.000000000000000 3800036
0.073242187500000 3799891
0.072570800781250 3800108
0.070434570312500 3800000
0.070678710937500 3800000
0.070251464843750 3800000
0.073120117187500 3800000
0.073608398437500 3800000
0.068359375000000 3799927
0.072204589843750 3800000
0.068176269531250 3800000
0.072387695312500 3800072
0.069274902343750 3800000
0.000000000000000 3800000
0.070800781250000 3800000
0.071105957031250 3800036
0.069213867187500 3800000
0.071655273437500 3799963
0.070861816406250 3800000
0.062194824218750 3800000
0.071228027343750 3800000
0.070922851562500 3800000
0.069763183593750 3800000
0.071655273437500 3800000
0.072326660156250 3800000
0.068847656250000 3800000
0.000000000000000 3799963
0.071777343750000 3799963
0.069702148437500 3800072
0.072387695312500 3799963
0.068725585937500 3800036
0.073303222656250 3800000
0.070922851562500 3800000
0.069580078125000 3800000
0.069519042968750 3799963
0.070434570312500 3800072
0.072448730468750 3799963
0.068603515625000 3800000
0.070434570312500 3800000
0.000000000000000 3800000
0.072448730468750 3800000
0.071777343750000 3800000
0.070312500000000 3799963
0.068420410156250 3800000
0.071960449218750 3800036
0.069396972656250 3800000
0.072937011718750 3799927
0.071044921875000 3800072
0.072021484375000 3800000
0.071777343750000 3800000
0.070678710937500 3800000
0.000000000000000 3800000
0.069580078125000 3800000
0.069641113281250 3799963
0.070434570312500 3800036
0.070739746093750 3799963
0.072326660156250 3800072
0.071533203125000 3799963
0.069152832031250 3800000
0.070617675781250 3800000
0.071655273437500 3800000
0.062438964843750 3800000
0.071166992187500 3800000
0.069702148437500 3800000
0.070556640625000 3800000
0.000000000000000 3799927
0.072448730468750 3800072
0.070434570312500 3799927
0.068969726562500 3800108
0.070312500000000 3799891
0.071411132812500 3800072
0.068725585937500 3800000
0.070556640625000 3800036
0.069396972656250 3799963
0.071105957031250 3799927
0.072387695312500 3800072
0.069885253906250 3800036
0.070800781250000 3799963
0.069763183593750 3800000
0.063903808593750 3800000
0.000000000000000 3800000
0.068969726562500 3799927
0.069274902343750 3800072
0.070678710937500 3800000
0.069885253906250 3800000
0.070434570312500 3800000
0.071105957031250 3800000
0.070800781250000 3799927
0.070007324218750 3800108
0.070678710937500 3800000
0.069824218750000 3799927
0.062744140625000 3800036
0.071655273437500 3800000
0.070678710937500 3800000
0.072448730468750 3800000
0.000000000000000 3800000
0.069396972656250 3799963
0.070434570312500 3800000
0.068420410156250 3799927
0.072937011718750 3800108
0.070312500000000 3800000
0.069763183593750 3800000
0.071716308593750 3800000
0.068054199218750 3800000
0.070190429687500 3800000
0.068725585937500 3800000
0.069152832031250 3800000
0.070678710937500 3800000
0.000000000000000 3799927
0.072937011718750 3800072
0.069091796875000 3800000
0.070922851562500 3800000
0.062133789062500 3800000
0.071472167968750 3800036
0.070556640625000 3799963
0.070007324218750 3800000
0.069885253906250 3800000
0.068603515625000 3800000
0.072204589843750 3800000
0.070861816406250 3800000
0.069091796875000 3799963
0.062072753906250 3800036
0.070861816406250 3800000
0.069885253906250 3800000
0.068908691406250 3800000
0.000000000000000 3800000
0.072326660156250 3800000
0.069213867187500 3800036
0.070983886718750 3799963
0.070922851562500 3800000
0.071105957031250 3800000
0.070434570312500 3799927
0.069335937500000 3800072
0.071289062500000 3800000
0.070495605468750 3800000
0.071899414062500 3800000
0.073303222656250 3800000
0.069519042968750 3799963
0.000000000000000 3800036
0.071472167968750 3799927
0.069152832031250 3800072
0.070312500000000 3800000
0.071228027343750 3800000
0.071960449218750 3800000
0.062194824218750 3800000
0.070556640625000 3799963
0.071533203125000 3800000
0.069946289062500 3800036
0.070922851562500 3800000
0.069213867187500 3800000
0.070678710937500 3800000
0.069091796875000 3800000
0.000000000000000 3800000
0.134704589843750 3800000
0.000000000000000 3800000
0.069335937500000 3800000
0.072082519531250 3800000
0.068054199218750 3800036
0.071105957031250 3799927
0.071655273437500 3800036
0.071166992187500 3800000
0.070556640625000 3800000
0.069213867187500 3799927
0.062011718750000 3800072
0.070129394531250 3800000
0.071105957031250 3800000
0.070678710937500 3800000
0.071350097656250 3800000
0.000000000000000 3800000
0.070312500000000 3800000
0.072387695312500 3800036
0.070678710937500 3799963
0.072937011718750 3800000
0.069763183593750 3799927
0.070861816406250 3800072
0.071044921875000 3800000
0.071044921875000 3800000
0.070007324218750 3800000
0.069763183593750 3799891
0.070129394531250 3800108
0.071899414062500 3799963
0.000000000000000 3800036
0.070739746093750 3800000
0.070434570312500 3800000
0.071166992187500 3799927
0.069030761718750 3800000
0.062866210937500 3800072
0.062866210937500 3800000
0.070007324218750 3799963
0.070007324218750 3800036
0.071533203125000 3800000
0.069702148437500 3800036
0.071594238281250 3799963
0.071533203125000 3800036
0.069091796875000 3799963
0.071655273437500 3800000
0.069519042968750 3800000
0.000000000000000 3799927
0.072265625000000 3799963
0.069641113281250 3800036
0.070739746093750 3800072
0.072143554687500 3800000
0.070068359375000 3800000
0.062683105468750 3800000
0.068542480468750 3799927
0.071899414062500 3799963
0.071655273437500 3800108
0.071289062500000 3800000
0.068664550781250 3800000
0.071228027343750 3800000
0.000000000000000 3800000
0.073242187500000 3800000
0.068908691406250 3799963
0.072326660156250 3799927
0.070434570312500 3800144
0.074584960937500 3800000
0.069335937500000 3799963
0.071777343750000 3800000
0.070556640625000 3800000
0.070312500000000 3800000
0.071716308593750 3800000
0.069519042968750 3800000
0.000000000000000 3800000
0.072570800781250 3800036
0.070434570312500 3799963
0.072509765625000 3799963
0.069885253906250 3800036
0.070007324218750 3800000
0.070068359375000 3799963
0.070983886718750 3800036
0.071594238281250 3800000
0.070556640625000 3799963
0.070373535156250 3800036
0.070983886718750 3800000
0.070068359375000 3799927
0.000000000000000 3800000
0.070312500000000 3800072
0.071105957031250 3799927
0.070190429687500 3800072
0.069763183593750 3800000
0.072631835937500 3799927
0.070434570312500 3800072
0.071350097656250 3799927
0.071655273437500 3799927
0.072021484375000 3800144
0.071228027343750 3799927
0.071350097656250 3800072
0.000000000000000 3799927
0.070556640625000 3800108
0.069885253906250 3799927
0.070312500000000 3800072
0.070312500000000 3800000
0.068603515625000 3799963
0.071777343750000 3800000
0.070373535156250 3800000
0.072021484375000 3800000
0.070861816406250 3800000
0.069641113281250 3800000
0.070373535156250 3799963
0.071472167968750 3800036
0.000000000000000 3800000
0.069885253906250 3799963
0.068908691406250 3800036
0.071289062500000 3800000
0.072448730468750 3800000
0.069519042968750 3800000
0.070251464843750 3800000
0.068420410156250 3799963
0.072082519531250 3799963
0.072875976562500 3800072
0.071411132812500 3800036
0.069946289062500 3799963
0.070556640625000 3800000
0.000000000000000 3800000
0.072387695312500 3800000
0.070556640625000 3800000
0.062072753906250 3800000
0.070800781250000 3800000
0.072875976562500 3800000
0.062683105468750 3800000
0.069458007812500 3800000
0.069702148437500 3800000
0.071777343750000 3800000
0.070007324218750 3800000
0.070007324218750 3800000
0.071655273437500 3800000
0.072814941406250 3800000
0.071289062500000 3800000
0.063476562500000 3800000
0.000000000000000 3800000
0.068969726562500 3800000
0.074401855468750 3800000
0.070312500000000 3800000
0.071472167968750 3800000
0.074401855468750 3800000
0.068054199218750 3800000
0.071350097656250 3800000
0.069091796875000 3800000
0.070556640625000 3800000
0.070190429687500 3800000
0.071655273437500 3800000
0.068542480468750 3800000
0.000000000000000 3800000
0.071777343750000 3800000
0.070739746093750 3799963
0.071105957031250 3800036
0.069946289062500 3800000
0.070373535156250 3800000
0.071350097656250 3800000
0.070617675781250 3800000
0.071105957031250 3800000
0.070434570312500 3800000
0.069580078125000 3800000
0.062683105468750 3800000
0.069641113281250 3799891
0.070678710937500 3800108
0.000000000000000 3800000
0.070190429687500 3799891
0.071166992187500 3800108
0.070861816406250 3800036
0.068969726562500 3799963
0.071777343750000 3800000
0.069152832031250 3799963
0.062194824218750 3800036
0.069885253906250 3799963
0.070739746093750 3800000
0.071838378906250 3800036
0.073547363281250 3799963
0.062561035156250 3800036
0.069519042968750 3800000
0.070861816406250 3800000
0.069519042968750 3800000
0.000000000000000 3800036
0.072814941406250 3799963
0.071838378906250 3800000
0.072265625000000 3799891
0.069885253906250 3800108
0.070678710937500 3799927
0.071166992187500 3799927
0.068603515625000 3800144
0.071655273437500 3800036
0.068725585937500 3800000
0.062744140625000 3799891
0.069641113281250 3800036
0.072326660156250 3800036
0.069091796875000 3800000
0.000000000000000 3799927
0.070495605468750 3800000
0.069702148437500 3800072
0.068481445312500 3799963
0.071899414062500 3800000
0.069091796875000 3800036
0.062622070312500 3800000
0.070800781250000 3800000
0.070068359375000 3800036
0.073242187500000 3799963
0.069030761718750 3800000
0.063171386718750 3800000
0.069824218750000 3800000
0.070800781250000 3800000
0.069763183593750 3800000
0.072692871093750 3800036
0.000000000000000 3799963
0.071960449218750 3800000
0.068298339843750 3800000
0.070495605468750 3799963
0.070007324218750 3800036
0.071838378906250 3799927
0.071044921875000 3800000
0.071899414062500 3800036
0.071777343750000 3800036
0.071533203125000 3799963
0.072021484375000 3800036
0.070983886718750 3800036
0.000000000000000 3799963
0.072204589843750 3799927
0.070373535156250 3800108
0.072021484375000 3799891
0.069396972656250 3800072
0.069824218750000 3799963
0.072143554687500 3800036
0.070434570312500 3800036
0.070983886718750 3799963
0.072814941406250 3800000
0.070190429687500 3800000
0.071105957031250 3800000
0.000000000000000 3799855
0.070861816406250 3800144
0.071044921875000 3799963
0.070678710937500 3800036
0.070251464843750 3799963
0.072692871093750 3799963
0.068420410156250 3800072
0.070922851562500 3799927
0.068359375000000 3800108
0.073242187500000 3799963
0.068969726562500 3799927
0.070800781250000 3800072
0.072570800781250 3799927
0.000000000000000 3800072
0.070312500000000 3800000
0.071655273437500 3800000
0.068725585937500 3800000
0.071472167968750 3800000
0.070251464843750 3799963
0.071289062500000 3800036
0.072692871093750 3800000
0.069824218750000 3799963
0.062255859375000 3800036
0.070373535156250 3800000
0.071105957031250 3799891
0.070312500000000 3800036
0.071228027343750 3800036
0.000000000000000 3800036
0.071166992187500 3799891
0.071228027343750 3800036
0.071716308593750 3800072
0.069396972656250 3800000
0.070800781250000 3800000
0.068481445312500 3800000
0.072692871093750 3800000
0.068725585937500 3800000
0.073486328125000 3800000
0.072326660156250 3800036
0.069946289062500 3799927
0.000000000000000 3800036
0.071411132812500 3799927
0.068969726562500 3800036
0.071899414062500 3799963
0.070983886718750 3800072
0.063537597656250 3800000
0.072875976562500 3799963
0.068542480468750 3799963
0.071289062500000 3800072
0.068603515625000 3800036
0.062805175781250 3799963
0.070373535156250 3799927
0.070861816406250 3800000
0.069396972656250 3800072
0.071838378906250 3800000
0.000000000000000 3800000
0.072265625000000 3800000
0.070678710937500 3800000
0.069763183593750 3800000
0.068542480468750 3800000
0.062194824218750 3800000
0.069335937500000 3800000
0.070007324218750 3800000
0.074218750000000 3799963
0.071960449218750 3800036
0.069641113281250 3800000
0.068542480468750 3800000
0.070800781250000 3799963
0.070190429687500 3800036
0.070739746093750 3800000
0.000000000000000 3799963
0.072082519531250 3800036
0.069213867187500 3799963
0.070678710937500 3800036
0.070800781250000 3800000
0.070312500000000 3799963
0.068542480468750 3800000
0.069519042968750 3800036
0.072204589843750 3800000
0.072326660156250 3799927
0.070434570312500 3800108
0.068298339843750 3799963
0.070190429687500 3800000
0.070373535156250 3799891
0.000000000000000 3800072
0.072326660156250 3800036
0.071289062500000 3800000
0.069091796875000 3800000
0.073730468750000 3800000
0.071838378906250 3800000
0.069885253906250 3800000
0.069519042968750 3799963
0.071899414062500 3800036
0.072753906250000 3800000
0.069702148437500 3800000
0.070312500000000 3800000
0.000000000000000 3800000
0.070800781250000 3800036
0.069641113281250 3799963
0.071228027343750 3799891
0.071655273437500 3800036
0.071472167968750 3800072
0.070312500000000 3800000
0.063232421875000 3800000
0.071228027343750 3800000
0.071777343750000 3800000
0.070312500000000 3800000
0.070556640625000 3800000
0.071350097656250 3800000
0.000000000000000 3800000
0.133117675781250 3800000
0.000000000000000 3800036
0.068237304687500 3799963
0.070800781250000 3800000
0.071105957031250 3800000
0.072265625000000 3800000
0.070739746093750 3799891
0.071105957031250 3800036
0.062866210937500 3800000
0.069458007812500 3800072
0.062438964843750 3800000
0.070312500000000 3800000
0.072448730468750 3800000
0.070190429687500 3800000
0.068969726562500 3800000
0.068237304687500 3800000
0.070495605468750 3800036
0.000000000000000 3799963
0.073608398437500 3800000
0.069396972656250 3800000
0.069946289062500 3800000
0.068176269531250 3800000
0.074096679687500 3800000
0.068054199218750 3800000
0.070861816406250 3800000
0.071472167968750 3800000
0.068725585937500 3800000
0.071838378906250 3800000
0.070800781250000 3800000
0.070556640625000 3800000
0.000000000000000 3799927
0.072265625000000 3800000
0.073608398437500 3800000
0.070373535156250 3800036
0.069763183593750 3800036
0.071594238281250 3799891
0.070495605468750 3800108
0.070922851562500 3800000
0.070312500000000 3800000
0.062255859375000 3799963
0.071472167968750 3800036
0.069519042968750 3800000
0.072570800781250 3799927
0.069274902343750 3800036
0.000000000000000 3800036
0.070312500000000 3800000
0.069885253906250 3800000
0.071228027343750 3800000
0.071228027343750 3800000
0.071350097656250 3800000
0.069885253906250 3800000
0.070861816406250 3799927
0.072998046875000 3800000
0.069335937500000 3800072
0.070861816406250 3800000
0.069091796875000 3800000
0.000000000000000 3799927
0.073181152343750 3800000
0.070617675781250 3800000
0.069641113281250 3800000
0.069885253906250 3800072
0.071044921875000 3800000
0.062683105468750 3800000
0.069885253906250 3800000
0.071777343750000 3799963
0.072631835937500 3800036
0.071899414062500 3800000
0.062438964843750 3800000
0.070800781250000 3800000
0.070190429687500 3800000
0.071533203125000 3800000
0.000000000000000 3800036
0.070861816406250 3799963
0.072814941406250 3799963
0.070678710937500 3800036
0.072692871093750 3800000
0.070678710937500 3799963
0.071228027343750 3799963
0.070312500000000 3800072
0.071044921875000 3800000
0.072143554687500 3799963
0.070373535156250 3800072
0.071228027343750 3799963
0.000000000000000 3800000
0.070312500000000 3799891
0.070861816406250 3800108
0.069946289062500 3800000
0.070739746093750 3800000
0.071838378906250 3800036
0.072753906250000 3799963
0.072143554687500 3799927
0.065368652343750 3800072
0.070251464843750 3800000
0.069213867187500 3799927
0.062072753906250 3800072
0.075012207031250 3799927
0.000000000000000 3800072
0.072998046875000 3800036
0.076660156250000 3799855
0.066894531250000 3800000
0.070434570312500 3800108
0.067138671875000 3799963
0.062744140625000 3799963
0.067260742187500 3800072
0.067871093750000 3799963
0.071105957031250 3800036
0.063598632812500 3800000
0.067138671875000 3799963
0.069641113281250 3800036
0.067016601562500 3800000
0.065490722656250 3799963
0.062683105468750 3800036
0.071044921875000 3800000
0.070800781250000 3800000
0.064819335937500 3800000
0.072509765625000 3800000
0.070617675781250 3799927
0.070251464843750 3800072
0.065490722656250 3800000
0.000000000000000 3800000
0.071166992187500 3800000
0.072204589843750 3800000
0.069458007812500 3800000
0.071289062500000 3800000
0.072326660156250 3799927
0.070007324218750 3800072
0.071777343750000 3800000
0.069213867187500 3800000
0.071716308593750 3800000
0.071472167968750 3800000
0.071533203125000 3800000
0.000000000000000 3800000
0.071289062500000 3800000
0.069396972656250 3800000
0.063110351562500 3800000
0.070312500000000 3800000
0.071899414062500 3800000
0.071472167968750 3800000
0.071960449218750 3800000
0.073120117187500 3800000
0.069335937500000 3800000
0.069152832031250 3800000
0.072326660156250 3800000
0.072998046875000 3800000
0.000000000000000 3800000
0.069213867187500 3757908
0.072082519531250 3689262
0.070617675781250 3700000
0.069885253906250 3700000
0.060852050781250 3700035
0.068603515625000 3690401
0.068725585937500 3683334
0.072021484375000 3683296
0.071105957031250 3689954
0.071838378906250 3688970
0.067565917968750 3693531
0.069763183593750 3683334
0.000000000000000 3683368
0.071166992187500 3686622
0.070983886718750 3683295
0.068115234375000 3693086
0.069763183593750 3700000
0.071960449218750 3700105
0.069213867187500 3700000
0.061950683593750 3700000
0.068359375000000 3699964
0.070678710937500 3700035
0.062744140625000 3699964
0.063293457031250 3700035
0.068603515625000 3700000
0.062683105468750 3699894
0.067504882812500 3699964
0.061523437500000 3700070
0.071655273437500 3700035
0.000000000000000 3700000
0.075805664062500 3699929
0.064636230468750 3700070
0.063476562500000 3700035
0.064880371093750 3699964
0.071044921875000 3699929
0.070251464843750 3700000
0.070556640625000 3700070
0.069519042968750 3700035
0.070800781250000 3699964
0.069274902343750 3700000
0.071044921875000 3699929
0.070434570312500 3698811
0.070312500000000 3686921
0.000000000000000 3683333
0.071166992187500 3690644
0.070373535156250 3698583
0.070556640625000 3697406
0.068420410156250 3700035
0.071655273437500 3691957
0.070068359375000 3697213
0.060607910156250 3689518
0.070922851562500 3699964
0.070495605468750 3700035
0.071105957031250 3699964
0.067504882812500 3700035
0.069274902343750 3700000
0.000000000000000 3699964
0.069030761718750 3700000
0.071533203125000 3700035
0.071472167968750 3699964
0.069213867187500 3700035
0.067993164062500 3699964
0.070312500000000 3700000
0.070678710937500 3700000
0.068603515625000 3700000
0.072021484375000 3700035
0.071838378906250 3699964
0.000000000000000 3700035
0.068847656250000 3700000
0.069824218750000 3699964
0.070312500000000 3700035
0.069946289062500 3699964
0.068359375000000 3700035
0.070129394531250 3699964
0.069335937500000 3700035
0.067443847656250 3699964
0.068786621093750 3700035
0.070129394531250 3699964
0.070800781250000 3700000
0.070373535156250 3700000
0.000000000000000 3700035
0.070922851562500 3700000
0.062133789062500 3699964
0.069091796875000 3699929
0.069091796875000 3700105
0.067321777343750 3700000
0.072021484375000 3700000
0.068115234375000 3699964
0.068481445312500 3700035
0.070556640625000 3699894
0.069763183593750 3700105
0.070373535156250 3699964
0.068908691406250 3699929
0.000000000000000 3700000
0.068725585937500 3700070
0.068298339843750 3700000
0.072387695312500 3699929
0.061462402343750 3700105
0.069763183593750 3700000
0.070861816406250 3699964
0.070861816406250 3699929
0.062011718750000 3700035
0.068603515625000 3700035
0.069946289062500 3699894
0.069824218750000 3700035
0.070129394531250 3700000
0.060974121093750 3700000
0.069702148437500 3700035
0.069030761718750 3700035
0.000000000000000 3699964
0.070251464843750 3700070
0.071044921875000 3700000
0.070434570312500 3699964
0.071228027343750 3699929
0.070373535156250 3700000
0.069519042968750 3691533
0.069030761718750 3683330
0.071655273437500 3683334
0.069885253906250 3692239
0.068908691406250 3696869
0.000000000000000 3683330
0.073059082031250 3683368
0.069946289062500 3686903
0.068969726562500 3683261
0.069824218750000 3696955
0.067871093750000 3694176
0.070190429687500 3694066
0.068054199218750 3683334
0.069091796875000 3689678
0.068603515625000 3700000
0.070678710937500 3700000
0.071594238281250 3700035
0.000000000000000 3699964
0.069641113281250 3700000
0.070556640625000 3699929
0.071289062500000 3700105
0.072387695312500 3699964
0.070312500000000 3700035
0.069641113281250 3700000
0.070190429687500 3700000
0.062194824218750 3700000
0.068847656250000 3700000
0.071655273437500 3699964
0.068664550781250 3700000
0.061706542968750 3700035
0.071655273437500 3700000
0.000000000000000 3699894
0.070068359375000 3700070
0.069641113281250 3700035
0.072143554687500 3699964
0.072448730468750 3700035
0.069152832031250 3700000
0.071777343750000 3700000
0.068359375000000 3699929
0.069641113281250 3700035
0.068481445312500 3700000
0.069458007812500 3700035
0.000000000000000 3699964
0.071228027343750 3700035
0.068542480468750 3700000
0.070129394531250 3700000
0.070495605468750 3700000
0.069274902343750 3699964
0.068420410156250 3700000
0.071228027343750 3700035
0.070983886718750 3700000
0.067932128906250 3700000
0.070007324218750 3700000
0.070312500000000 3699964
0.061279296875000 3700000
0.068725585937500 3700000
0.000000000000000 3700035
0.067382812500000 3699894
0.067871093750000 3700070
0.071960449218750 3699929
0.069946289062500 3700070
0.069946289062500 3699929
0.069519042968750 3700070
0.069824218750000 3700035
0.069152832031250 3699964
0.068908691406250 3700000
0.068176269531250 3700000
0.069091796875000 3700000
0.069580078125000 3700035
0.000000000000000 3700000
0.068420410156250 3700000
0.068847656250000 3700000
0.072143554687500 3700000
0.071289062500000 3696389
0.070190429687500 3699964
0.069335937500000 3696330
0.069030761718750 3687791
0.070373535156250 3699894
0.070373535156250 3700000
0.070678710937500 3694982
0.000000000000000 3698183
0.070007324218750 3700035
0.068237304687500 3692940
0.070373535156250 3696555
0.070861816406250 3700000
0.070678710937500 3683336
0.069030761718750 3683370
0.069885253906250 3683687
0.072631835937500 3700035
0.068847656250000 3694959
0.069458007812500 3698244
0.068603515625000 3687955
0.000000000000000 3692507
0.068664550781250 3700000
0.070861816406250 3694830
0.072631835937500 3695784
0.067626953125000 3683951
0.069580078125000 3688087
0.071350097656250 3699929
0.068176269531250 3698994
0.067565917968750 3695571
0.068176269531250 3700000
0.071960449218750 3699964
0.070190429687500 3690829
0.000000000000000 3691464
0.068237304687500 3692879
0.069824218750000 3687849
0.068298339843750 3686851
0.061767578125000 3683334
0.067565917968750 3683368
0.070068359375000 3685295
0.071655273437500 3691725
0.069763183593750 3683368
0.070861816406250 3690356
0.069396972656250 3684705
0.070495605468750 3700000
0.066894531250000 3691468
0.062255859375000 3688235
0.067382812500000 3683366
0.062011718750000 3691256
0.069824218750000 3693599
0.000000000000000 3700000
0.069519042968750 3700000
0.063537597656250 3700000
0.068969726562500 3700035
0.070617675781250 3698562
0.069152832031250 3699964
0.061584472656250 3700035
0.069763183593750 3695697
0.069335937500000 3700105
0.070251464843750 3700000
0.070434570312500 3696550
0.069702148437500 3691488
0.068420410156250 3683300
0.070068359375000 3690020
0.069946289062500 3700035
0.000000000000000 3687978
0.071411132812500 3683231
0.070373535156250 3697292
0.069702148437500 3690947
0.069946289062500 3694955
0.070617675781250 3699894
0.069824218750000 3700000
0.070556640625000 3700070
0.070007324218750 3700000
0.071899414062500 3700035
0.071777343750000 3694199
0.000000000000000 3687900
0.068908691406250 3700000
0.069824218750000 3700000
0.071105957031250 3698464
0.070434570312500 3686483
0.071044921875000 3693663
0.069885253906250 3700035
0.069702148437500 3700000
0.070495605468750 3685187
0.067932128906250 3691352
0.071533203125000 3700000
0.000000000000000 3699964
0.070007324218750 3696622
0.068664550781250 3692787
0.070922851562500 3683332
0.071899414062500 3692035
0.071044921875000 3687053
0.067504882812500 3690888
0.070556640625000 3696837
0.062011718750000 3696512
0.066711425781250 3700035
0.071044921875000 3700000
0.067260742187500 3688751
0.071838378906250 3700105
0.000000000000000 3683411
0.070068359375000 3685282
0.070983886718750 3697227
0.070251464843750 3684963
0.067749023437500 3684367
0.071777343750000 3690744
0.069641113281250 3697568
0.070800781250000 3700035
0.067382812500000 3697741
0.072021484375000 3683337
0.060791015625000 3683260
0.068176269531250 3693314
0.070373535156250 3698648
0.068237304687500 3684743
0.000000000000000 3685942
0.070617675781250 3700035
0.070007324218750 3689651
0.062011718750000 3698961
0.067443847656250 3685249
0.070617675781250 3683298
0.061279296875000 3687203
0.069641113281250 3687439
0.069885253906250 3700000
0.068908691406250 3699964
0.073059082031250 3700035
0.069641113281250 3693072
0.070739746093750 3693582
0.061523437500000 3684502
0.067932128906250 3691252
0.061767578125000 3689712
0.068481445312500 3693038
0.000000000000000 3696567
0.069030761718750 3689150
0.067321777343750 3689728
0.071960449218750 3700000
0.069091796875000 3700035
0.069335937500000 3699964
0.069885253906250 3696902
0.066406250000000 3699052
0.062072753906250 3700035
0.069946289062500 3694393
0.068664550781250 3698078
0.070129394531250 3683299
0.069946289062500 3683333
0.070068359375000 3689756
0.068786621093750 3696785
0.000000000000000 3695594
0.071105957031250 3683370
0.069396972656250 3699964
0.061462402343750 3700035
0.068908691406250 3700000
0.071411132812500 3699964
0.069152832031250 3696398
0.070983886718750 3700000
0.061218261718750 3696644
0.071350097656250 3700035
0.070007324218750 3694873
0.069335937500000 3694739
0.061889648437500 3688341
0.067199707031250 3699964
0.071960449218750 3684282
0.000000000000000 3683367
0.070861816406250 3683331
0.068725585937500 3692747
0.072143554687500 3700035
0.069519042968750 3696025
0.070007324218750 3689416
0.066894531250000 3692884
0.061218261718750 3693134
0.069030761718750 3700000
0.070312500000000 3694219
0.069396972656250 3683500
0.067565917968750 3689948
0.070434570312500 3683369
0.067138671875000 3693539
0.070495605468750 3700000
0.000000000000000 3689650
0.068115234375000 3688712
0.071777343750000 3694666
0.068969726562500 3685795
0.068603515625000 3700000
0.072509765625000 3688962
0.070007324218750 3697063
0.060913085937500 3694903
0.069580078125000 3687862
0.069885253906250 3700035
0.070190429687500 3690388
0.070434570312500 3692113
0.071472167968750 3699964
0.000000000000000 3696223
0.069946289062500 3696489
0.071228027343750 3700035
0.070312500000000 3697660
0.072143554687500 3696162
0.069091796875000 3697441
0.068969726562500 3697190
0.071411132812500 3684410
0.070983886718750 3692715
0.069885253906250 3693468
0.000000000000000 3700000
0.072021484375000 3686121
0.067626953125000 3691557
0.070739746093750 3686278
0.069091796875000 3686847
0.071533203125000 3690415
0.069641113281250 3689462
0.070800781250000 3700000
0.070800781250000 3696402
0.068908691406250 3689669
0.070495605468750 3690571
0.069213867187500 3687424
0.000000000000000 3683401
0.070373535156250 3684745
0.072631835937500 3691877
0.070617675781250 3683332
0.070800781250000 3683330
0.067321777343750 3683262
0.070556640625000 3683301
0.067443847656250 3683402
0.069763183593750 3696786
0.072937011718750 3699146
0.067504882812500 3688004
0.000000000000000 3691459
0.070251464843750 3694100
0.069946289062500 3693884
0.071533203125000 3698689
0.068664550781250 3700035
0.061767578125000 3691819
0.069824218750000 3699964
0.071777343750000 3700035
0.061584472656250 3699894
0.069396972656250 3700105
0.060668945312500 3699964
0.070007324218750 3700035
0.069030761718750 3699964
0.069946289062500 3700000
0.061218261718750 3700035
0.067749023437500 3699894
0.069763183593750 3700000
0.071105957031250 3700105
0.000000000000000 3700000
0.071166992187500 3700000
0.070983886718750 3699894
0.068725585937500 3700105
0.069519042968750 3700000
0.069213867187500 3699964
0.072692871093750 3700000
0.070068359375000 3700000
0.070190429687500 3700035
0.069763183593750 3700000
0.067932128906250 3700000
0.069885253906250 3699964
0.000000000000000 3700035
0.068664550781250 3700000
0.068725585937500 3700000
0.069641113281250 3700000
0.069091796875000 3700000
0.070495605468750 3700000
0.067626953125000 3699964
0.060852050781250 3700000
0.066589355468750 3700035
0.061035156250000 3699964
0.068115234375000 3700000
0.068176269531250 3700000
0.068664550781250 3700000
0.070373535156250 3700000
0.071228027343750 3700000
0.067749023437500 3700000
0.061157226562500 3700035
0.068542480468750 3699964
0.062500000000000 3700000
0.000000000000000 3700000
0.069458007812500 3700000
0.071105957031250 3700000
0.069946289062500 3700000
0.068725585937500 3700035
0.071166992187500 3700000
0.068054199218750 3700000
0.069702148437500 3700000
0.067443847656250 3700000
0.072509765625000 3699859
0.061096191406250 3698269
0.068420410156250 3694958
0.070129394531250 3688944
0.068603515625000 3694564
0.061645507812500 3695231
0.000000000000000 3692583
0.070007324218750 3683299
0.069274902343750 3686820
0.069519042968750 3694427
0.062683105468750 3535844
0.071594238281250 3697677
0.070922851562500 3683366
0.069030761718750 3692336
0.069274902343750 3700035
0.061584472656250 3693040
0.068847656250000 3698753
0.070617675781250 3683330
0.072204589843750 3683333
0.069519042968750 3683299
0.071044921875000 3694849
0.000000000000000 3683497
0.068359375000000 3687613
0.070190429687500 3690347
0.069030761718750 3683333
0.070434570312500 3699900
0.071472167968750 3699929
0.069152832031250 3689200
0.070373535156250 3694606
0.070068359375000 3692536
0.068725585937500 3688378
0.069885253906250 3683332
0.000000000000000 3683331
0.069152832031250 3689204
0.070068359375000 3692951
0.070800781250000 3696770
0.069274902343750 3699964
0.067871093750000 3696622
0.069946289062500 3689651
0.061340332031250 3692653
0.071838378906250 3690335
0.069091796875000 3683332
0.068969726562500 3694541
0.070495605468750 3684749
0.068847656250000 3685781
0.070739746093750 3692036
0.000000000000000 3685503
0.068603515625000 3691198
0.069824218750000 3696418
0.072448730468750 3696510
0.069030761718750 3687090
0.068969726562500 3688129
0.068786621093750 3700035
0.070251464843750 3697678
0.070983886718750 3692979
0.072143554687500 3700105
0.070129394531250 3699964
0.000000000000000 3700035
0.130798339843750 3699013
0.000000000000000 3695553
0.069152832031250 3700000
0.069519042968750 3700000
0.067199707031250 3700035
0.067626953125000 3700000
0.072021484375000 3700000
0.067871093750000 3699964
0.069335937500000 3700035
0.069824218750000 3700000
0.071411132812500 3700000
0.067871093750000 3700000
0.071044921875000 3699964
0.000000000000000 3700035
0.071228027343750 3699964
0.069641113281250 3700035
0.071594238281250 3700000
0.069763183593750 3699964
0.070556640625000 3700000
0.067810058593750 3700035
0.061401367187500 3699964
0.071655273437500 3700000
0.069091796875000 3700035
0.071228027343750 3699964
0.068603515625000 3700000
0.061401367187500 3700000
0.069519042968750 3696817
0.070373535156250 3690461
0.000000000000000 3700070
0.068664550781250 3700035
0.062255859375000 3699929
0.069702148437500 3700035
0.067199707031250 3698821
0.068176269531250 3690979
0.068969726562500 3700000
0.061523437500000 3700000
0.070556640625000 3699929
0.068908691406250 3700105
0.067687988281250 3687457
0.073120117187500 3696177
0.069396972656250 3685587
0.068542480468750 3686258
0.071044921875000 3699964
0.068115234375000 3700035
0.000000000000000 3689497
0.070739746093750 3699958
0.070373535156250 3684225
0.070861816406250 3698044
0.070373535156250 3693000
0.070129394531250 3699846
0.070983886718750 3696236
0.067749023437500 3700105
0.069641113281250 3700000
0.072265625000000 3693996
0.069824218750000 3683333
0.000000000000000 3693377
0.069885253906250 3697449
0.068542480468750 3687902
0.070800781250000 3695658
0.071044921875000 3694593
0.071411132812500 3687827
0.068603515625000 3683368
0.067443847656250 3690923
0.069091796875000 3699964
0.069702148437500 3700035
0.068115234375000 3699964
0.070678710937500 3689610
0.000000000000000 3693056
0.068847656250000 3683295
0.072204589843750 3686908
0.069885253906250 3694521
0.069885253906250 3683301
0.068786621093750 3686148
0.061645507812500 3694501
0.062133789062500 3695268
0.071166992187500 3683297
0.068664550781250 3699926
0.071533203125000 3700000
0.062255859375000 3700035
0.068481445312500 3699964
0.068786621093750 3700035
0.068664550781250 3700000
0.069946289062500 3699964
0.000000000000000 3699964
0.070739746093750 3700000
0.071899414062500 3700070
0.069335937500000 3700000
0.068542480468750 3699964
0.061401367187500 3700035
0.069763183593750 3699964
0.069458007812500 3700035
0.066650390625000 3699964
0.061279296875000 3700000
0.069519042968750 3700000
0.061096191406250 3700035
0.067077636718750 3700000
0.070373535156250 3699964
0.070190429687500 3699929
0.069274902343750 3700105
0.069152832031250 3700000
0.000000000000000 3699964
0.069580078125000 3700035
0.070129394531250 3699964
0.069580078125000 3700035
0.071594238281250 3699964
0.071594238281250 3700000
0.068298339843750 3700000
0.071716308593750 3700000
0.067626953125000 3700035
0.071594238281250 3689760
0.069030761718750 3700000
0.069702148437500 3700000
0.000000000000000 3700000
0.069641113281250 3699964
0.067504882812500 3700000
0.070129394531250 3699964
0.068725585937500 3700035
0.061218261718750 3700000
0.069824218750000 3700035
0.071350097656250 3699964
0.070556640625000 3700000
0.070190429687500 3700000
0.070800781250000 3700035
0.069519042968750 3700000
0.068786621093750 3700000
0.067626953125000 3699964
0.061096191406250 3700035
0.000000000000000 3699964
0.070983886718750 3699929
0.069213867187500 3700105
0.070678710937500 3690642
0.069458007812500 3697353
0.061950683593750 3700035
0.069763183593750 3695143
0.068847656250000 3689329
0.069335937500000 3683364
0.071472167968750 3686845
0.071044921875000 3686908
0.068420410156250 3692638
0.070739746093750 3698975
0.069763183593750 3683333
0.062255859375000 3693278
0.000000000000000 3699929
0.068786621093750 3700070
0.070800781250000 3700035
0.060852050781250 3700000
0.068359375000000 3700000
0.070190429687500 3700000
0.067199707031250 3700000
0.072021484375000 3700000
0.069885253906250 3699964
0.061401367187500 3700000
0.070007324218750 3700000
0.069091796875000 3700000
0.072265625000000 3700035
0.068725585937500 3699929
0.061218261718750 3700070
0.071166992187500 3699964
0.000000000000000 3700000
0.071289062500000 3700035
0.068176269531250 3699964
0.061645507812500 3700000
0.071044921875000 3700000
0.067626953125000 3700000
0.070861816406250 3700035
0.068786621093750 3699964
0.061584472656250 3700000
0.069885253906250 3700000
0.072631835937500 3700000
0.071228027343750 3700035
0.070922851562500 3700000
0.070678710937500 3700000
0.000000000000000 3699894
0.069885253906250 3700105
0.071289062500000 3699859
0.070373535156250 3700105
0.061157226562500 3700000
0.071411132812500 3700035
0.068664550781250 3699964
0.070861816406250 3699929
0.070434570312500 3700105
0.069213867187500 3699964
0.069335937500000 3700035
0.072448730468750 3700000
0.000000000000000 3700000
0.069763183593750 3699964
0.070251464843750 3700000
0.069641113281250 3700000
0.069152832031250 3700000
0.070373535156250 3700000
0.070678710937500 3700035
0.071899414062500 3699964
0.069335937500000 3699929
0.068786621093750 3700035
0.069274902343750 3700035
0.069580078125000 3700000
0.000000000000000 3700035
0.069763183593750 3700000
0.067687988281250 3699964
0.071166992187500 3700035
0.062622070312500 3700000
0.069396972656250 3700000
0.061950683593750 3699929
0.068603515625000 3700000
0.069396972656250 3699964
0.062011718750000 3700000
0.068908691406250 3700035
0.067443847656250 3699964
0.071472167968750 3700035
0.073791503906250 3699964
0.069580078125000 3700000
0.070678710937500 3700000
0.000000000000000 3700000
0.069152832031250 3700070
0.069152832031250 3700035
0.061889648437500 3699894
0.069702148437500 3700035
0.070617675781250 3700035
0.069458007812500 3700035
0.071411132812500 3699964
0.069824218750000 3700000
0.068481445312500 3700035
0.070068359375000 3699894
0.069030761718750 3700070
0.071655273437500 3700000
0.000000000000000 3699929
0.067932128906250 3700105
0.070251464843750 3699894
0.070312500000000 3700035
0.062622070312500 3699964
0.066406250000000 3700035
0.069396972656250 3700000
0.069335937500000 3700035
0.071411132812500 3699929
0.062988281250000 3700105
0.068847656250000 3700000
0.072509765625000 3699964
0.068359375000000 3700035
0.070373535156250 3699894
0.070068359375000 3700070
0.000000000000000 3699929
0.070922851562500 3700035
0.071166992187500 3700035
0.068786621093750 3699929
0.062438964843750 3700000
0.069824218750000 3700000
0.069641113281250 3700105
0.067016601562500 3699929
0.071594238281250 3700070
0.070251464843750 3700000
0.069335937500000 3700000
0.070190429687500 3699929
0.068664550781250 3700070
0.061889648437500 3699964
0.138122558593750 3700000
0.071472167968750 3700035
0.068481445312500 3699964
0.070556640625000 3699929
0.000000000000000 3700070
0.069152832031250 3700035
0.069824218750000 3700000
0.068298339843750 3699964
0.062622070312500 3700000
0.068237304687500 3700000
0.071166992187500 3700000
0.069885253906250 3700035
0.068847656250000 3700000
0.070007324218750 3699894
0.070007324218750 3700035
0.071899414062500 3699964
0.071289062500000 3700105
0.000000000000000 3699964
0.069702148437500 3699929
0.061340332031250 3700000
0.069396972656250 3700070
0.070007324218750 3700000
0.070739746093750 3700000
0.069091796875000 3700035
0.069885253906250 3700000
0.071411132812500 3699964
0.070800781250000 3700035
0.069763183593750 3700000
0.069396972656250 3699964
0.067687988281250 3700035
0.000000000000000 3699894
0.070068359375000 3700070
0.069458007812500 3700000
0.072021484375000 3700035
0.060852050781250 3700000
0.067199707031250 3700000
0.069030761718750 3700000
0.061035156250000 3700000
0.071472167968750 3700000
0.070495605468750 3699964
0.069824218750000 3700000
0.060729980468750 3700000
0.071716308593750 3700035
0.070800781250000 3700000
0.068969726562500 3699964
0.070678710937500 3699929
0.000000000000000 3700000
0.070922851562500 3700105
0.071166992187500 3699964
0.071228027343750 3700035
0.069824218750000 3699964
0.061401367187500 3700000
0.068359375000000 3700035
0.061401367187500 3699964
0.068908691406250 3699964
0.060974121093750 3700035
0.070495605468750 3700035
0.069763183593750 3700000
0.068176269531250 3699964
0.073303222656250 3700035
0.072753906250000 3699964
0.068481445312500 3700000
0.000000000000000 3700000
0.070007324218750 3700000
0.067993164062500 3699929
0.069702148437500 3700070
0.071899414062500 3700035
0.069213867187500 3700000
0.069274902343750 3700000
0.070556640625000 3699894
0.061950683593750 3700105
0.068603515625000 3699964
0.070678710937500 3699929
0.068176269531250 3700035
0.071594238281250 3700035
0.061889648437500 3700000
0.067565917968750 3699929
0.000000000000000 3700070
0.071105957031250 3700035
0.069641113281250 3699964
0.061645507812500 3700035
0.071289062500000 3699964
0.060913085937500 3700000
0.068908691406250 3699964
0.071166992187500 3689559
0.061340332031250 3683331
0.070312500000000 3683331
0.068725585937500 3695285
0.067749023437500 3693333
0.061340332031250 3683371
0.070190429687500 3690213
0.070007324218750 3683367
0.067199707031250 3692923
0.068908691406250 3684185
0.061279296875000 3691231
0.069519042968750 3700000
0.000000000000000 3699964
0.067626953125000 3700000
0.067077636718750 3692390
0.071105957031250 3697293
0.069824218750000 3700035
0.070495605468750 3699964
0.071594238281250 3700000
0.070434570312500 3699929
0.071594238281250 3698638
0.070190429687500 3696566
0.060668945312500 3700035
0.069763183593750 3686090
0.068176269531250 3691304
0.000000000000000 3697705
0.070678710937500 3697531
0.071411132812500 3683299
0.070068359375000 3691721
0.066528320312500 3688789
0.072021484375000 3692435
0.060791015625000 3693082
0.072448730468750 3700000
0.066955566406250 3700000
0.071472167968750 3699964
0.062255859375000 3696940
0.067749023437500 3689519
0.074157714843750 3683367
0.072082519531250 3689724
0.061767578125000 3691072
0.067565917968750 3693164
0.000000000000000 3700035
0.069091796875000 3699964
0.066528320312500 3700035
0.061523437500000 3699894
0.072570800781250 3689722
0.067016601562500 3695170
0.068054199218750 3693312
0.063171386718750 3696611
0.068115234375000 3700000
0.072448730468750 3690379
0.066223144531250 3691107
0.065734863281250 3686603
0.062255859375000 3698981
0.076721191406250 3699929
0.070007324218750 3700000
0.063171386718750 3699522
0.067932128906250 3685259
0.000000000000000 3683400
0.070800781250000 3687663
0.071472167968750 3693865
0.063537597656250 3694535
0.069824218750000 3693455
0.068603515625000 3683823
0.061218261718750 3691254
0.068298339843750 3699964
0.067199707031250 3700000
0.069213867187500 3691252
0.070861816406250 3684478
0.062194824218750 3700035
0.070556640625000 3697856
0.069885253906250 3683334
0.071044921875000 3693773
0.061767578125000 3697161
0.067504882812500 3684822
0.069519042968750 3697281
0.000000000000000 3689450
0.067138671875000 3700070
0.070678710937500 3700035
0.071838378906250 3697014
0.068603515625000 3695669
0.071838378906250 3700105
0.068115234375000 3696048
0.061584472656250 3696506
0.068115234375000 3696629
0.067749023437500 3687614
0.068786621093750 3683330
0.069091796875000 3696895
0.071411132812500 3697784
0.071655273437500 3687382
0.000000000000000 3693909
0.068908691406250 3700000
0.069702148437500 3700000
0.062622070312500 3692120
0.069946289062500 3697341
0.070617675781250 3700000
0.071105957031250 3700000
0.069458007812500 3689672
0.060974121093750 3691138
0.069396972656250 3692461
0.068115234375000 3699894
0.069824218750000 3700035
0.061401367187500 3700035
0.069641113281250 3700035
0.061462402343750 3699737
0.069885253906250 3693372
0.066772460937500 3699894
0.000000000000000 3684905
0.071350097656250 3695368
0.069091796875000 3690681
0.072387695312500 3683302
0.068603515625000 3698439
0.071533203125000 3697412
0.070190429687500 3683508
0.070007324218750 3683365
0.070007324218750 3692316
0.065856933593750 3698616
0.062438964843750 3687519
0.062622070312500 3694418
0.071777343750000 3699964
0.069335937500000 3690958
0.000000000000000 3683920
0.072204589843750 3695555
0.070007324218750 3689471
0.069274902343750 3692548
0.069030761718750 3691872
0.068359375000000 3683330
0.072692871093750 3683231
0.069152832031250 3695883
0.071594238281250 3700070
0.061523437500000 3700000
0.070190429687500 3700035
0.069213867187500 3699964
0.070312500000000 3700000
0.069396972656250 3700000
0.000000000000000 3700035
0.069824218750000 3700000
0.071105957031250 3691908
0.070312500000000 3683334
0.067810058593750 3689909
0.068786621093750 3700000
0.061218261718750 3700000
0.068969726562500 3700000
0.067382812500000 3699964
0.060668945312500 3687767
0.067626953125000 3698408
0.072143554687500 3699929
0.070251464843750 3691351
0.068603515625000 3697169
0.069519042968750 3694175
0.000000000000000 3699964
0.129760742187500 3697771
0.000000000000000 3691365
0.066711425781250 3683369
0.068725585937500 3685366
0.066650390625000 3700000
0.062805175781250 3700000
0.073547363281250 3700000
0.067626953125000 3693003
0.070861816406250 3700000
0.070373535156250 3698269
0.068847656250000 3694253
0.067199707031250 3685139
0.070312500000000 3689111
0.071289062500000 3695107
0.071228027343750 3690053
0.000000000000000 3691673
0.070678710937500 3690391
0.067810058593750 3697206
0.069946289062500 3691224
0.069946289062500 3700000
0.071472167968750 3699964
0.071533203125000 3690999
0.068908691406250 3683332
0.068420410156250 3683297
0.071533203125000 3695906
0.068969726562500 3691729
0.069091796875000 3693249
0.000000000000000 3686653
0.070739746093750 3699501
0.072204589843750 3695204
0.067016601562500 3683334
0.068298339843750 3686897
0.067077636718750 3683334
0.068725585937500 3691443
0.069580078125000 3699964
0.070556640625000 3700000
0.061218261718750 3700000
0.068603515625000 3693122
0.060913085937500 3700000
0.070617675781250 3693476
0.069030761718750 3692371
0.068176269531250 3700000
0.068542480468750 3694323
0.000000000000000 3687854
0.069396972656250 3686977
0.069946289062500 3698647
0.070007324218750 3689658
0.067443847656250 3694990
0.070922851562500 3694655
0.070678710937500 3699929
0.072387695312500 3699964
0.070251464843750 3693153
0.070190429687500 3700000
0.061584472656250 3694650
0.069458007812500 3687773
0.070068359375000 3700070
0.000000000000000 3699964
0.069702148437500 3691549
0.061950683593750 3689938
0.069091796875000 3693504
0.069702148437500 3692439
0.069213867187500 3700035
0.066467285156250 3700070
0.071350097656250 3690035
0.070007324218750 3697324
0.068664550781250 3689736
0.069458007812500 3700035
0.069152832031250 3699964
0.071716308593750 3700000
0.068603515625000 3689668
0.000000000000000 3693079
0.068115234375000 3696159
0.067443847656250 3687791
0.070739746093750 3696313
0.068542480468750 3689691
0.069702148437500 3700035
0.070190429687500 3688728
0.070922851562500 3683333
0.068664550781250 3689216
0.069396972656250 3685974
0.068115234375000 3687525
0.070556640625000 3693944
0.000000000000000 3690903
0.070800781250000 3696111
0.070373535156250 3698128
0.068847656250000 3693379
0.069824218750000 3683295
0.069702148437500 3685107
0.071228027343750 3700070
0.068664550781250 3689800
0.061462402343750 3683365
0.068664550781250 3695238
0.069946289062500 3700000
0.073120117187500 3694029
0.067932128906250 3695438
0.069946289062500 3698074
0.000000000000000 3690433
0.070800781250000 3683295
0.071350097656250 3686035
0.071716308593750 3692385
0.067810058593750 3683190
0.070251464843750 3694058
0.067993164062500 3683367
0.069885253906250 3687833
0.069824218750000 3695667
0.069458007812500 3683334
0.073242187500000 3686865
0.000000000000000 3498383
0.067321777343750 3693417
0.069946289062500 3699964
0.069702148437500 3699929
0.070068359375000 3689563
0.069824218750000 3696500
0.070251464843750 3694833
0.070495605468750 3687870
0.067138671875000 3686461
0.061462402343750 3683368
0.069030761718750 3691518
0.068725585937500 3689643
0.068481445312500 3698366
0.070495605468750 3686062
0.000000000000000 3691701
0.070678710937500 3700000
0.067993164062500 3700000
0.061218261718750 3700105
0.069091796875000 3696486
0.061523437500000 3693183
0.067871093750000 3696659
0.068115234375000 3699964
0.071228027343750 3700000
0.070739746093750 3699964
0.060729980468750 3700035
0.070617675781250 3696329
0.070922851562500 3698976
0.070800781250000 3692616
0.069763183593750 3683333
0.068847656250000 3697332
0.070129394531250 3683332
0.000000000000000 3697038
0.068786621093750 3697678
0.071411132812500 3698894
0.070617675781250 3691471
0.069641113281250 3696405
0.068359375000000 3699964
0.069274902343750 3700035
0.071716308593750 3699964
0.069335937500000 3700035
0.071960449218750 3699964
0.069702148437500 3699929
0.000000000000000 3699929
0.071716308593750 3700070
0.070861816406250 3700035
0.068176269531250 3699964
0.061645507812500 3700070
0.068542480468750 3700000
0.061096191406250 3700000
0.069824218750000 3697034
0.067443847656250 3700000
0.061096191406250 3699964
0.068420410156250 3700035
0.071105957031250 3700000
0.069213867187500 3700000
0.070190429687500 3699964
0.069641113281250 3700035
0.061401367187500 3699964
0.071899414062500 3700035
0.068115234375000 3699964
0.000000000000000 3699929
0.069702148437500 3700000
0.069641113281250 3700105
0.061645507812500 3700000
0.068786621093750 3699964
0.070739746093750 3700000
0.068908691406250 3699964
0.069946289062500 3699964
0.069763183593750 3700035
0.068359375000000 3700000
0.070129394531250 3688329
0.069641113281250 3683299
0.071838378906250 3695859
0.000000000000000 3684892
0.071350097656250 3697548
0.069030761718750 3693569
0.069458007812500 3683330
0.068420410156250 3683333
0.061523437500000 3686030
0.069641113281250 3699964
0.070068359375000 3686490
0.070495605468750 3683298
0.071166992187500 3694533
0.071350097656250 3683334
0.067077636718750 3683902
0.071899414062500 3699929
0.067871093750000 3692839
0.061462402343750 3693226
0.067077636718750 3699964
0.000000000000000 3693373
0.069641113281250 3688829
0.070556640625000 3700070
0.069458007812500 3699929
0.071350097656250 3692618
0.067993164062500 3691935
0.069091796875000 3693344
0.069824218750000 3686573
0.072509765625000 3700000
0.070434570312500 3699427
0.068847656250000 3694001
0.060791015625000 3694887
0.069458007812500 3694161
0.000000000000000 3691143
0.069519042968750 3696603
0.067504882812500 3696462
0.069885253906250 3687552
0.070495605468750 3694444
0.069030761718750 3700000
0.070861816406250 3697066
0.067687988281250 3687935
0.069091796875000 3683370
0.070800781250000 3687703
0.070800781250000 3683334
0.070556640625000 3698560
0.000000000000000 3689452
0.069946289062500 3683294
0.070983886718750 3686919
0.071105957031250 3693695
0.069030761718750 3690805
0.067810058593750 3688005
0.072326660156250 3689826
0.071655273437500 3686328
0.070129394531250 3687408
0.069030761718750 3684659
0.070007324218750 3700035
0.000000000000000 3696960
0.070922851562500 3700000
0.070251464843750 3695999
0.071411132812500 3697502
0.069030761718750 3683369
0.073364257812500 3683299
0.070800781250000 3695790
0.069580078125000 3691101
0.070373535156250 3698432
0.070800781250000 3687820
0.069274902343750 3697526
0.000000000000000 3700000
0.069335937500000 3694871
0.069763183593750 3694632
0.070495605468750 3686159
0.069152832031250 3683369
0.069946289062500 3683299
0.069396972656250 3691418
0.068725585937500 3688252
0.070617675781250 3685454
0.071166992187500 3685690
0.070373535156250 3692271
0.069030761718750 3698845
0.000000000000000 3692469
0.069396972656250 3683267
0.069885253906250 3699949
0.061340332031250 3684552
0.070129394531250 3683334
0.069824218750000 3694157
0.070922851562500 3693737
0.069213867187500 3683299
0.070312500000000 3683369
0.070190429687500 3692243
0.068969726562500 3686852
0.070068359375000 3686963
0.070922851562500 3687103
0.000000000000000 3696573
0.069213867187500 3687917
0.070190429687500 3683845
0.069763183593750 3694079
0.071655273437500 3695960
0.068176269531250 3699894
0.067810058593750 3699820
0.067749023437500 3683260
0.071716308593750 3683535
0.070861816406250 3700105
0.070678710937500 3688876
0.069702148437500 3683300
0.000000000000000 3693247
0.130798339843750 3688735
0.000000000000000 3689907
0.069213867187500 3694883
0.070068359375000 3690398
0.067382812500000 3683369
0.071533203125000 3683297
0.071533203125000 3688373
0.070068359375000 3697817
0.061035156250000 3683969
0.068847656250000 3683332
0.060607910156250 3686551
0.070434570312500 3694559
0.069335937500000 3693094
0.069580078125000 3700000
0.071777343750000 3696871
0.061706542968750 3700000
0.069458007812500 3696522
0.000000000000000 3697104
0.069763183593750 3684754
0.068725585937500 3683332
0.070556640625000 3698541
0.067993164062500 3690800
0.069946289062500 3691171
0.070617675781250 3696570
0.068847656250000 3699929
0.070861816406250 3700000
0.068908691406250 3700105
0.070556640625000 3700000
0.069824218750000 3699859
0.000000000000000 3700140
0.070556640625000 3699929
0.071044921875000 3700035
0.070007324218750 3700000
0.060729980468750 3700035
0.069091796875000 3700000
0.069824218750000 3699964
0.069030761718750 3700035
0.068908691406250 3698226
0.067932128906250 3683403
0.061767578125000 3690338
0.069274902343750 3685549
0.071044921875000 3692520
0.072387695312500 3698442
0.067443847656250 3692637
0.000000000000000 3694555
0.070190429687500 3683332
0.069396972656250 3694466
0.069885253906250 3683438
0.070678710937500 3695056
0.071594238281250 3683262
0.069763183593750 3684843
0.069335937500000 3693030
0.070861816406250 3683368
0.072204589843750 3683366
0.069458007812500 3693573
0.000000000000000 3688218
0.071655273437500 3699419
0.070129394531250 3700035
0.069152832031250 3700000
0.070251464843750 3700000
0.071411132812500 3699964
0.071594238281250 3700000
0.069030761718750 3700000
0.071655273437500 3700035
0.069335937500000 3699964
0.070068359375000 3700035
0.000000000000000 3699964
0.068908691406250 3699929
0.070617675781250 3700070
0.061889648437500 3700000
0.069458007812500 3700000
0.070190429687500 3700035
0.068298339843750 3699964
0.062011718750000 3700000
0.067626953125000 3700035
0.070861816406250 3699964
0.067810058593750 3700000
0.070678710937500 3700000
0.062866210937500 3699929
0.069458007812500 3700070
0.061523437500000 3700000
0.070312500000000 3700035
0.071105957031250 3699964
0.068359375000000 3699964
0.000000000000000 3700070
0.068481445312500 3699894
0.070434570312500 3700070
0.068481445312500 3700035
0.063598632812500 3700000
0.068298339843750 3694766
0.070373535156250 3700000
0.068054199218750 3699964
0.069885253906250 3700035
0.069458007812500 3699964
0.069885253906250 3700000
0.070922851562500 3700035
0.066772460937500 3699929
0.061340332031250 3700070
0.068237304687500 3699964
0.000000000000000 3700035
0.069946289062500 3700000
0.069824218750000 3697087
0.072448730468750 3690512
0.071350097656250 3697318
0.068786621093750 3697764
0.069763183593750 3693178
0.069152832031250 3694052
0.070617675781250 3693106
0.071105957031250 3692041
0.070434570312500 3683301
0.000000000000000 3686855
0.070495605468750 3693048
0.067932128906250 3700000
0.060791015625000 3696049
0.068603515625000 3683330
0.068725585937500 3683366
0.069946289062500 3683337
0.071228027343750 3684725
0.071228027343750 3690293
0.068969726562500 3683368
0.070678710937500 3686875
0.068969726562500 3690392
0.069763183593750 3683365
0.067932128906250 3691997
0.142944335937500 3696150
0.067932128906250 3688530
0.070739746093750 3690901
0.067443847656250 3683296
0.068786621093750 3683263
0.069580078125000 3683336
0.061950683593750 3693956
0.067077636718750 3686402
0.071411132812500 3692678
0.069274902343750 3700000
0.070068359375000 3690857
0.069946289062500 3698055
0.068603515625000 3700000
0.068664550781250 3685557
0.000000000000000 3686868
0.070739746093750 3692604
0.069213867187500 3693120
0.070068359375000 3696979
0.068176269531250 3691798
0.070800781250000 3684696
0.071044921875000 3688457
0.069335937500000 3694100
0.073059082031250 3686475
0.069885253906250 3690350
0.069763183593750 3695097
0.070434570312500 3696267
0.000000000000000 3700070
0.070495605468750 3700000
0.068725585937500 3699929
0.068969726562500 3700070
0.061584472656250 3699929
0.069335937500000 3700000
0.070068359375000 3700000
0.069885253906250 3700070
0.069030761718750 3700000
0.072814941406250 3700000
0.069152832031250 3699929
0.071166992187500 3700070
0.068054199218750 3700000
0.000000000000000 3700000
0.070373535156250 3700035
0.071044921875000 3699964
0.071289062500000 3700000
0.071472167968750 3700000
0.072265625000000 3699929
0.069519042968750 3700105
0.069824218750000 3699929
0.069763183593750 3700070
0.071350097656250 3699964
0.061889648437500 3700035
0.067687988281250 3700000
0.000000000000000 3699894
0.071838378906250 3700105
0.069396972656250 3699964
0.069946289062500 3700000
0.069335937500000 3700035
0.065917968750000 3700000
0.070251464843750 3699964
0.067565917968750 3687807
0.061584472656250 3695468
0.068420410156250 3700000
0.062072753906250 3689459
0.071655273437500 3683370
0.068054199218750 3683295
0.070373535156250 3691573
0.069030761718750 3692855
0.070312500000000 3695693
0.000000000000000 3699964
0.068603515625000 3700035
0.061584472656250 3700000
0.067993164062500 3692776
0.070007324218750 3698217
0.061950683593750 3693098
0.069580078125000 3690859
0.071044921875000 3690566
0.067687988281250 3688377
0.070251464843750 3692927
0.067871093750000 3683329
0.071289062500000 3687448
0.072265625000000 3683368
0.068725585937500 3694477
0.068481445312500 3685253
0.000000000000000 3699482
0.129150390625000 3683299
0.000000000000000 3683332
0.069641113281250 3685037
0.070373535156250 3688766
0.073242187500000 3697457
0.070068359375000 3699964
0.069335937500000 3695664
0.067932128906250 3689319
0.068847656250000 3683265
0.069702148437500 3688465
0.070190429687500 3692508
0.069885253906250 3683368
0.000000000000000 3687806
0.069885253906250 3698518
0.070617675781250 3700000
0.070678710937500 3690195
0.069763183593750 3683334
0.069519042968750 3691362
0.071533203125000 3700035
0.072631835937500 3690420
0.068603515625000 3683330
0.068542480468750 3686868
0.069580078125000 3689916
0.069702148437500 3695027
0.000000000000000 3688375
0.070617675781250 3693899
0.068847656250000 3700000
0.072875976562500 3699894
0.068664550781250 3700070
0.070739746093750 3700000
0.069213867187500 3698282
0.061828613281250 3683295
0.069885253906250 3683402
0.070617675781250 3696373
0.061401367187500 3695639
0.068176269531250 3698141
0.071105957031250 3686279
0.069396972656250 3691532
0.000000000000000 3697531
0.069030761718750 3683297
0.069396972656250 3683334
0.070434570312500 3684320
0.070922851562500 3683579
0.068725585937500 3698390
0.071899414062500 3700000
0.068603515625000 3700000
0.069763183593750 3700035
0.069213867187500 3700000
0.070312500000000 3699964
0.070739746093750 3700035
0.000000000000000 3699929
0.070312500000000 3700000
0.061462402343750 3699964
0.069763183593750 3700105
0.070495605468750 3699964
0.068664550781250 3700000
0.070495605468750 3700035
0.072326660156250 3689577
0.067077636718750 3687238
0.069763183593750 3689981
0.070800781250000 3684171
0.071716308593750 3688849
0.068420410156250 3683333
0.061828613281250 3695273
0.000000000000000 3688431
0.067260742187500 3683368
0.071350097656250 3683299
0.068969726562500 3687602
0.067749023437500 3693000
0.061950683593750 3685820
0.070312500000000 3694686
0.069396972656250 3697676
0.068481445312500 3686881
0.062133789062500 3695683
0.068725585937500 3690846
0.071838378906250 3696503
0.071594238281250 3690259
0.068298339843750 3693850
0.060913085937500 3694319
0.068115234375000 3700000
0.072021484375000 3700000
0.000000000000000 3698742
0.067077636718750 3699929
0.070495605468750 3700070
0.069824218750000 3700035
0.068420410156250 3696564
0.070251464843750 3694921
0.069946289062500 3693757
0.063537597656250 3693608
0.070129394531250 3690461
0.070251464843750 3690360
0.070556640625000 3686763
0.071289062500000 3691214
0.069763183593750 3683224
0.000000000000000 3692008
0.068298339843750 3698441
0.070678710937500 3700105
0.066589355468750 3699964
0.062133789062500 3684365
0.068725585937500 3694713
0.068298339843750 3693141
0.070068359375000 3700000
0.070312500000000 3700000
0.071716308593750 3699964
0.069946289062500 3700035
0.068725585937500 3699964
0.072204589843750 3700000
0.000000000000000 3700035
0.069519042968750 3700000
0.070556640625000 3699964
0.067810058593750 3700000
0.069580078125000 3700000
0.069458007812500 3700000
0.070739746093750 3700000
0.071777343750000 3700000
0.066711425781250 3699929
0.071044921875000 3700070
0.061340332031250 3700000
0.069030761718750 3700000
0.069641113281250 3700000
0.061950683593750 3700035
0.070556640625000 3699964
0.000000000000000 3700035
0.069763183593750 3700000
0.071289062500000 3700000
0.069152832031250 3700000
0.069946289062500 3699964
0.061401367187500 3700035
0.069519042968750 3699964
0.069519042968750 3700000
0.070495605468750 3700000
0.071899414062500 3700000
0.068969726562500 3700000
0.070922851562500 3700000
0.068359375000000 3700000
0.068725585937500 3700000
0.000000000000000 3700000
0.070434570312500 3700000
0.070434570312500 3700035
0.069580078125000 3699964
0.069335937500000 3700000
0.062622070312500 3699964
0.068786621093750 3700000
0.069091796875000 3700070
0.069274902343750 3699964
0.069091796875000 3700035
0.072326660156250 3700000
0.067504882812500 3699964
0.071105957031250 3699929
0.000000000000000 3700070
0.068542480468750 3696493
0.070434570312500 3700105
0.067565917968750 3692698
0.069946289062500 3694093
0.070861816406250 3695473
0.068603515625000 3689469
0.071228027343750 3700035
0.071044921875000 3696431
0.070556640625000 3696472
0.068847656250000 3692568
0.070434570312500 3689788
0.000000000000000 3700070
0.070373535156250 3699929
0.068786621093750 3689947
0.069091796875000 3690113
0.067077636718750 3694905
0.064086914062500 3699964
0.067932128906250 3690833
0.070434570312500 3698800
0.068603515625000 3700000
0.062194824218750 3700035
0.071350097656250 3699964
0.067260742187500 3700035
0.070861816406250 3700000
0.068054199218750 3699964
0.061645507812500 3700000
0.067199707031250 3700000
0.069824218750000 3689705
0.000000000000000 3692454
0.071350097656250 3688152
0.067687988281250 3690081
0.069458007812500 3693489
0.069213867187500 3698721
0.068908691406250 3694522
0.067932128906250 3698851
0.070800781250000 3690060
0.068420410156250 3688980
0.069641113281250 3693501
0.072326660156250 3683404
0.067871093750000 3692565
0.000000000000000 3688907
0.070983886718750 3699871
0.069946289062500 3686172
0.070007324218750 3700000
0.070800781250000 3782123
0.079589843750000 3900037
0.072265625000000 3900000
0.077636718750000 3899962
0.079650878906250 3900037
0.076293945312500 3900000
0.066223144531250 3899962
0.075256347656250 3900037
0.078308105468750 3899962
0.074523925781250 3900037
0.074340820312500 3900000
0.000000000000000 3899962
0.075561523437500 3900000
0.072570800781250 3900000
0.075561523437500 3900000
0.074035644531250 3900000
0.075683593750000 3900000
0.076110839843750 3900000
0.074462890625000 3899962
0.074951171875000 3900037
0.077087402343750 3900037
0.075439453125000 3899962
0.074279785156250 3900037
0.074035644531250 3899962
0.000000000000000 3900000
0.075927734375000 3900000
0.075012207031250 3900000
0.075866699218750 3900037
0.074096679687500 3899925
0.074768066406250 3900037
0.074645996093750 3900000
0.075500488281250 3900000
0.074951171875000 3899925
0.076171875000000 3900037
0.077697753906250 3900037
0.076477050781250 3900000
0.075622558593750 3900000
0.000000000000000 3900000
0.073059082031250 3900000
0.075927734375000 3899962
0.077575683593750 3900074
0.073852539062500 3899962
0.074768066406250 3900000
0.076171875000000 3900037
0.077331542968750 3899925
0.075195312500000 3900000
0.074707031250000 3900037
0.076416015625000 3900000
0.074829101562500 3900037
0.000000000000000 3900000
0.078552246093750 3900000
0.072875976562500 3899962
0.077880859375000 3900037
0.074523925781250 3900000
0.067565917968750 3899962
0.077087402343750 3900037
0.067687988281250 3899962
0.078735351562500 3899925
0.075988769531250 3900111
0.067016601562500 3899962
0.075622558593750 3900037
0.074523925781250 3899962
0.074890136718750 3900037
0.075805664062500 3899962
0.077819824218750 3900000
0.073486328125000 3900000
0.000000000000000 3900000
0.074645996093750 3899925
0.074768066406250 3900074
0.066589355468750 3900000
0.076599121093750 3900000
0.076538085937500 3899962
0.076477050781250 3900037
0.075805664062500 3900000
0.076721191406250 3900037
0.072631835937500 3899962
0.076660156250000 3900037
0.075317382812500 3900000
0.077819824218750 3899962
0.000000000000000 3900000
0.073242187500000 3900037
0.076843261718750 3899962
0.074951171875000 3900037
0.073059082031250 3900000
0.075561523437500 3900000
0.072998046875000 3899925
0.076416015625000 3900037
0.074340820312500 3900000
0.066467285156250 3899925
0.079040527343750 3900074
0.073303222656250 3899962
0.077453613281250 3900074
0.073425292968750 3899888
0.075073242187500 3900111
0.000000000000000 3899962
0.074218750000000 3900000
0.077087402343750 3899925
0.075744628906250 3900111
0.074768066406250 3899925
0.074523925781250 3900037
0.075256347656250 3900000
0.075317382812500 3900000
0.075500488281250 3900000
0.076354980468750 3900000
0.075561523437500 3899962
0.073669433593750 3900074
0.000000000000000 3899962
0.076416015625000 3900000
0.076721191406250 3899925
0.074523925781250 3900037
0.075622558593750 3900037
0.076232910156250 3900000
0.078063964843750 3900000
0.076477050781250 3900000
0.074645996093750 3900000
0.074584960937500 3899962
0.076782226562500 3899888
0.074462890625000 3900148
0.000000000000000 3900000
0.076721191406250 3900000
0.079895019531250 3900000
0.074340820312500 3900000
0.075195312500000 3900000
0.077087402343750 3899925
0.074096679687500 3900074
0.076599121093750 3900037
0.075439453125000 3738220
0.078857421875000 3900000
0.074829101562500 3900000
0.078125000000000 3900000
0.000000000000000 3900000
0.075805664062500 3900000
0.078247070312500 3900037
0.076538085937500 3899962
0.066894531250000 3900000
0.075744628906250 3900000
0.075256347656250 3900000
0.076721191406250 3900000
0.072814941406250 3900000
0.075012207031250 3900000
0.073364257812500 3900000
0.076293945312500 3900000
0.076843261718750 3900000
0.073364257812500 3900000
0.000000000000000 3899962
0.076110839843750 3900037
0.074951171875000 3900000
0.067260742187500 3900037
0.133972167968750 3899962
0.000000000000000 3900000
0.074218750000000 3900000
0.075500488281250 3900000
0.067382812500000 3900000
0.067443847656250 3900000
0.085632324218750 3900000
0.079101562500000 3900000
0.078369140625000 3900037
0.066467285156250 3899962
0.073364257812500 3900000
0.080139160156250 3900000
0.069030761718750 3899962
0.072448730468750 3899962
0.071838378906250 3900077
0.069152832031250 3900037
0.077514648437500 3900000
0.000000000000000 3899962
0.079406738281250 3899962
0.072082519531250 3900037
0.072387695312500 3900037
0.074829101562500 3899962
0.074523925781250 3900000
0.080322265625000 3900037
0.067871093750000 3899962
0.071472167968750 3900037
0.073120117187500 3899962
0.074584960937500 3899888
0.067749023437500 3900148
0.073852539062500 3899962
0.075317382812500 3899888
0.075195312500000 3900037
0.074645996093750 3900074
0.075378417968750 3899962
0.076782226562500 3900074
0.000000000000000 3899925
0.075866699218750 3899962
0.074951171875000 3900111
0.077392578125000 3900000
0.077941894531250 3899962
0.073181152343750 3900000
0.077087402343750 3899962
0.075866699218750 3900037
0.074523925781250 3900000
0.077148437500000 3900000
0.074035644531250 3900037
0.076293945312500 3900000
0.075622558593750 3899962
0.000000000000000 3900000
0.076171875000000 3900037
0.074462890625000 3899962
0.074096679687500 3899962
0.076293945312500 3899962
0.074401855468750 3900074
0.075927734375000 3900037
0.074707031250000 3900000
0.076660156250000 3899962
0.076965332031250 3899925
0.073791503906250 3900074
0.076232910156250 3831410
0.071289062500000 3799927
0.064453125000000 3800036
0.000000000000000 3800000
0.069824218750000 3799963
0.072448730468750 3800036
0.072753906250000 3799963
0.068603515625000 3800072
0.073181152343750 3800000
0.069030761718750 3800000
0.070068359375000 3799927
0.068847656250000 3800036
0.071777343750000 3796528
0.073120117187500 3803474
0.068725585937500 3800000
0.000000000000000 3800000
0.071166992187500 3800000
0.069946289062500 3800000
0.071960449218750 3800000
0.073425292968750 3799927
0.070068359375000 3800108
0.073608398437500 3799963
0.072265625000000 3800000
0.069824218750000 3800000
0.070678710937500 3799855
0.063659667968750 3800144
0.064208984375000 3800000
0.072204589843750 3800000
0.000000000000000 3800000
0.072814941406250 3800000
0.069274902343750 3799963
0.070068359375000 3800036
0.069763183593750 3800000
0.062561035156250 3800000
0.068237304687500 3799963
0.071960449218750 3800000
0.068542480468750 3800036
0.072509765625000 3800000
0.071472167968750 3800000
0.068725585937500 3799963
0.070861816406250 3799963
0.069641113281250 3800072
0.071777343750000 3800000
0.069641113281250 3800000
0.000000000000000 3800000
0.070678710937500 3800000
0.072814941406250 3800000
0.072692871093750 3800000
0.070129394531250 3800000
0.068725585937500 3799963
0.070434570312500 3800036
0.070312500000000 3800000
0.068603515625000 3800000
0.072265625000000 3799963
0.069458007812500 3800072
0.070373535156250 3799963
0.070861816406250 3799963
0.000000000000000 3800036
0.071899414062500 3799927
0.067077636718750 3800036
0.071533203125000 3800036
0.072631835937500 3800000
0.068786621093750 3799963
0.070068359375000 3799963
0.070312500000000 3800072
0.070617675781250 3799927
0.070861816406250 3800000
0.069641113281250 3800072
0.070190429687500 3800000
0.068542480468750 3800000
0.000000000000000 3800000
0.072937011718750 3800000
0.069519042968750 3799963
0.070007324218750 3800036
0.070434570312500 3800000
0.071228027343750 3799963
0.069641113281250 3800036
0.070129394531250 3800000
0.070739746093750 3799927
0.069519042968750 3800072
0.062866210937500 3799927
0.070007324218750 3800072
0.072082519531250 3800000
0.069396972656250 3800000
0.070861816406250 3800000
0.000000000000000 3800000
0.073852539062500 3800000
0.068054199218750 3799963
0.072326660156250 3800036
0.070495605468750 3799927
0.071350097656250 3800072
0.070251464843750 3800000
0.071655273437500 3799963
0.071533203125000 3800036
0.068969726562500 3799927
0.072143554687500 3800036
0.070007324218750 3799963
0.000000000000000 3800072
0.070007324218750 3799891
0.068603515625000 3800000
0.072448730468750 3800108
0.070739746093750 3799963
0.069641113281250 3799963
0.069396972656250 3800072
0.069274902343750 3799891
0.071228027343750 3800108
0.070800781250000 3799927
0.069946289062500 3800072
0.073974609375000 3800000
0.070617675781250 3799963
0.069335937500000 3800036
0.000000000000000 3799927
0.069519042968750 3799963
0.072021484375000 3800108
0.070007324218750 3800000
0.064208984375000 3799963
0.069274902343750 3800000
0.073974609375000 3800036
0.069763183593750 3799927
0.072082519531250 3800000
0.070434570312500 3800072
0.068054199218750 3800000
0.069702148437500 3800000
0.071044921875000 3800000
0.062194824218750 3799963
0.071350097656250 3800036
0.000000000000000 3800000
0.070312500000000 3800000
0.070617675781250 3800000
0.067932128906250 3799963
0.063354492187500 3799927
0.070617675781250 3800108
0.071899414062500 3799891
0.070190429687500 3800108
0.071960449218750 3799891
0.071533203125000 3800108
0.068359375000000 3800000
0.071289062500000 3799963
0.068054199218750 3800036
0.062255859375000 3800000
0.068786621093750 3799963
0.072570800781250 3800036
0.000000000000000 3800000
0.071533203125000 3800036
0.071289062500000 3799927
0.071777343750000 3800036
0.071655273437500 3800000
0.071777343750000 3799963
0.067932128906250 3800036
0.072265625000000 3800000
0.071716308593750 3799963
0.069274902343750 3800036
0.072875976562500 3799963
0.071105957031250 3800036
0.000000000000000 3800000
0.072631835937500 3800000
0.067443847656250 3799963
0.070739746093750 3800036
0.071105957031250 3800000
0.069885253906250 3799963
0.072387695312500 3799963
0.069763183593750 3800072
0.069885253906250 3800000
0.072448730468750 3800000
0.071166992187500 3800000
0.071777343750000 3799963
0.067749023437500 3800036
0.000000000000000 3800000
0.072021484375000 3799963
0.069946289062500 3800036
0.072448730468750 3800000
0.070007324218750 3799963
0.069946289062500 3800036
0.073791503906250 3800000
0.068359375000000 3799963
0.069213867187500 3800036
0.070373535156250 3800000
0.070861816406250 3799963
0.070983886718750 3800036
0.069946289062500 3800000
0.000000000000000 3799963
0.071105957031250 3800000
0.070678710937500 3800036
0.071411132812500 3799963
0.068908691406250 3800036
0.071716308593750 3800000
0.070190429687500 3799963
0.071533203125000 3800036
0.071655273437500 3800000
0.069213867187500 3799963
0.069641113281250 3800036
0.070251464843750 3799963
0.071960449218750 3800036
0.000000000000000 3800000
0.071899414062500 3799963
0.069763183593750 3800036
0.072021484375000 3800000
0.068725585937500 3800000
0.065124511718750 3799927
0.068969726562500 3800072
0.071044921875000 3800000
0.069091796875000 3800036
0.071472167968750 3799963
0.070739746093750 3799927
0.071899414062500 3800072
0.070739746093750 3800000
0.068725585937500 3800036
0.062866210937500 3799963
0.070007324218750 3800000
0.000000000000000 3800000
0.069763183593750 3800000
0.069641113281250 3799963
0.071350097656250 3800036
0.071594238281250 3800000
0.070373535156250 3800000
0.070983886718750 3800000
0.070190429687500 3800000
0.070800781250000 3800000
0.069763183593750 3800000
0.070861816406250 3800000
0.072814941406250 3800000
0.069091796875000 3800000
0.000000000000000 3799963
0.070861816406250 3800036
0.069335937500000 3799963
0.070922851562500 3800000
0.069152832031250 3800000
0.070434570312500 3800000
0.071350097656250 3800036
0.070617675781250 3800000
0.071472167968750 3799963
0.071533203125000 3800000
0.070800781250000 3800000
0.069152832031250 3799963
0.071716308593750 3800000
0.000000000000000 3800072
0.071777343750000 3799891
0.071105957031250 3800036
0.070190429687500 3800036
0.070190429687500 3800036
0.071472167968750 3800000
0.070983886718750 3800000
0.071044921875000 3800000
0.070678710937500 3799963
0.070312500000000 3800036
0.070129394531250 3800000
0.000000000000000 3799963
0.074279785156250 3800036
0.069641113281250 3799963
0.069213867187500 3800036
0.070556640625000 3800000
0.070678710937500 3799963
0.072631835937500 3800072
0.070617675781250 3799963
0.070739746093750 3800000
0.070312500000000 3800000
0.071472167968750 3800000
0.069519042968750 3799963
0.072875976562500 3800036
0.000000000000000 3800000
0.068420410156250 3799963
0.072265625000000 3800000
0.069946289062500 3800036
0.072021484375000 3799963
0.069458007812500 3800000
0.070983886718750 3800036
0.072509765625000 3799963
0.069335937500000 3800036
0.071777343750000 3799963
0.070739746093750 3800000
0.072326660156250 3800036
0.000000000000000 3800000
0.070251464843750 3800000
0.069396972656250 3799963
0.071960449218750 3800036
0.070495605468750 3800000
0.072448730468750 3799963
0.067749023437500 3800036
0.072082519531250 3800036
0.070190429687500 3799927
0.071350097656250 3800036
0.071533203125000 3800036
0.068481445312500 3799963
0.071655273437500 3800000
0.000000000000000 3799927
0.069274902343750 3800072
0.071350097656250 3800000
0.069641113281250 3800000
0.071655273437500 3799963
0.071411132812500 3800036
0.069641113281250 3800000
0.070739746093750 3799891
0.071411132812500 3800108
0.070922851562500 3800000
0.072570800781250 3800000
0.071899414062500 3800036
0.069519042968750 3799963
0.000000000000000 3799963
0.070800781250000 3800036
0.072265625000000 3799927
0.072448730468750 3800036
0.073486328125000 3799927
0.068908691406250 3800108
0.069580078125000 3799963
0.070678710937500 3800036
0.069519042968750 3799927
0.069824218750000 3800072
0.070251464843750 3800000
0.071166992187500 3799927
0.000000000000000 3800072
0.071899414062500 3800000
0.069274902343750 3800000
0.071533203125000 3799927
0.070678710937500 3800072
0.071533203125000 3799891
0.070739746093750 3800108
0.069335937500000 3799963
0.069641113281250 3800036
0.062805175781250 3799891
0.062255859375000 3800000
0.072326660156250 3800036
0.072692871093750 3799963
0.069946289062500 3800108
0.071899414062500 3800000
0.000000000000000 3800000
0.071594238281250 3799963
0.072082519531250 3800036
0.069274902343750 3799963
0.070495605468750 3800036
0.063720703125000 3800000
0.070800781250000 3799891
0.070678710937500 3800108
0.070373535156250 3800000
0.070556640625000 3799963
0.070861816406250 3800036
0.069335937500000 3800000
0.070373535156250 3799963
0.070312500000000 3800036
0.000000000000000 3800000
0.072143554687500 3800000
0.070556640625000 3800000
0.070190429687500 3799963
0.069519042968750 3800036
0.069091796875000 3799927
0.072814941406250 3800000
0.069519042968750 3800036
0.072204589843750 3800036
0.069641113281250 3800000
0.072448730468750 3800000
0.070556640625000 3800000
0.070007324218750 3800000
0.000000000000000 3800000
0.071472167968750 3800000
0.071655273437500 3799963
0.071472167968750 3799927
0.071533203125000 3800144
0.070373535156250 3799963
0.069091796875000 3799891
0.071716308593750 3800108
0.072265625000000 3800000
0.069885253906250 3800000
0.063110351562500 3800000
0.068847656250000 3799963
0.072204589843750 3800036
0.000000000000000 3800000
0.071472167968750 3799963
0.070983886718750 3800036
0.070678710937500 3799927
0.068603515625000 3799963
0.072631835937500 3800036
0.072326660156250 3800036
0.070007324218750 3799963
0.068176269531250 3800000
0.070739746093750 3799963
0.072509765625000 3800108
0.069274902343750 3800000
0.069885253906250 3799927
0.068481445312500 3800072
0.000000000000000 3799927
0.073364257812500 3800000
0.069519042968750 3800072
0.070068359375000 3799963
0.067871093750000 3800036
0.073730468750000 3800000
0.069396972656250 3800000
0.069213867187500 3799927
0.072814941406250 3800036
0.062377929687500 3800036
0.070983886718750 3800000
0.069641113281250 3799963
0.070739746093750 3800036
0.071533203125000 3800000
0.000000000000000 3800000
0.071472167968750 3800000
0.069885253906250 3799927
0.070190429687500 3800036
0.073120117187500 3800036
0.069885253906250 3799963
0.068908691406250 3800036
0.072753906250000 3799927
0.070373535156250 3800036
0.070922851562500 3800036
0.072021484375000 3799927
0.070251464843750 3800000
0.000000000000000 3800072
0.070556640625000 3800000
0.071533203125000 3799927
0.073913574218750 3800072
0.069030761718750 3800000
0.072631835937500 3800000
0.069396972656250 3800000
0.069274902343750 3799963
0.074157714843750 3800036
0.072204589843750 3800000
0.070434570312500 3799963
0.069030761718750 3800036
0.062683105468750 3799927
0.068847656250000 3800072
0.000000000000000 3800000
0.070312500000000 3799963
0.067626953125000 3800000
0.070068359375000 3800036
0.070861816406250 3799963
0.071899414062500 3800036
0.070434570312500 3800000
0.068908691406250 3800000
0.070800781250000 3800000
0.068969726562500 3800000
0.071166992187500 3800000
0.070007324218750 3799963
0.071594238281250 3800036
0.000000000000000 3799963
0.072570800781250 3800036
0.068176269531250 3800000
0.070800781250000 3799963
0.070922851562500 3800036
0.072021484375000 3800000
0.069458007812500 3799963
0.073608398437500 3800000
0.073242187500000 3800036
0.071350097656250 3800036
0.063537597656250 3799963
0.071289062500000 3799963
0.071533203125000 3799927
0.070068359375000 3800036
0.000000000000000 3799963
0.072570800781250 3800108
0.072570800781250 3800000
0.070068359375000 3799891
0.070739746093750 3800072
0.068176269531250 3800036
0.063232421875000 3800000
0.068603515625000 3800000
0.070739746093750 3799963
0.071777343750000 3800036
0.069091796875000 3800000
0.071228027343750 3799963
0.069702148437500 3800036
0.062194824218750 3799891
0.068420410156250 3800036
0.062866210937500 3800036
0.069519042968750 3799927
0.070068359375000 3800108
0.000000000000000 3800000
0.070434570312500 3800000
0.071289062500000 3800000
0.062561035156250 3800000
0.069091796875000 3799963
0.062805175781250 3800000
0.070739746093750 3800036
0.071838378906250 3800000
0.070190429687500 3800000
0.070007324218750 3800000
0.070251464843750 3800000
0.070983886718750 3800000
0.071533203125000 3799927
0.068237304687500 3800072
0.071105957031250 3799963
0.068786621093750 3800000
0.000000000000000 3800036
0.071350097656250 3800000
0.069519042968750 3800000
0.071350097656250 3800000
0.070251464843750 3799963
0.069396972656250 3800036
0.072387695312500 3800036
0.070068359375000 3799963
0.070617675781250 3800000
0.068176269531250 3800000
0.062377929687500 3800000
0.072326660156250 3800000
0.070739746093750 3800000
0.070068359375000 3800000
0.068969726562500 3799963
0.000000000000000 3800000
0.071044921875000 3800036
0.071044921875000 3800000
0.071655273437500 3800000
0.071655273437500 3800000
0.070007324218750 3800000
0.070434570312500 3799963
0.069274902343750 3799963
0.069885253906250 3800072
0.071289062500000 3799963
0.072326660156250 3800036
0.069763183593750 3800000
0.070312500000000 3800000
0.000000000000000 3799963
0.070190429687500 3800036
0.073059082031250 3800000
0.072143554687500 3800000
0.070434570312500 3800000
0.071472167968750 3800000
0.070800781250000 3800000
0.070312500000000 3800000
0.070800781250000 3800000
0.070556640625000 3682457
0.069763183593750 3800000
0.000000000000000 3800000
0.073242187500000 3800036
0.073791503906250 3799963
0.071899414062500 3800036
0.071105957031250 3800000
0.069396972656250 3799891
0.071594238281250 3800108
0.070312500000000 3799927
0.069702148437500 3800036
0.071655273437500 3800036
0.073242187500000 3800000
0.068725585937500 3800000
0.069702148437500 3799927
0.000000000000000 3800072
0.068969726562500 3799891
0.070861816406250 3800036
0.071289062500000 3800000
0.071105957031250 3800000
0.071105957031250 3800072
0.204833984375000 3800000
0.071044921875000 3799963
0.071044921875000 3800036
0.071655273437500 3799927
0.072387695312500 3799963
0.071594238281250 3800036
0.071472167968750 3800072
0.071105957031250 3800000
0.000000000000000 3800000
0.072265625000000 3800000
0.070678710937500 3799963
0.062561035156250 3800000
0.070617675781250 3800036
0.069885253906250 3799963
0.072143554687500 3800036
0.070007324218750 3799927
0.069030761718750 3800036
0.071228027343750 3800000
0.071166992187500 3800036
0.071655273437500 3800000
0.070251464843750 3800000
0.000000000000000 3799963
0.072387695312500 3800036
0.068481445312500 3799963
0.073059082031250 3800000
0.070434570312500 3800036
0.071899414062500 3800000
0.072448730468750 3799963
0.070434570312500 3800036
0.070190429687500 3800000
0.070068359375000 3799963
0.071777343750000 3800036
0.068542480468750 3800000
0.071166992187500 3799963
0.000000000000000 3800036
0.069396972656250 3800000
0.070678710937500 3800000
0.071655273437500 3800000
0.069458007812500 3799963
0.071838378906250 3800036
0.072570800781250 3799891
0.070007324218750 3800072
0.070922851562500 3800036
0.072326660156250 3800000
0.070556640625000 3799963
0.068603515625000 3800036
0.000000000000000 3800000
0.070983886718750 3799963
0.071594238281250 3800000
0.071105957031250 3800036
0.071533203125000 3800000
0.069946289062500 3800000
0.069396972656250 3799963
0.070800781250000 3800036
0.071838378906250 3800000
0.069580078125000 3799963
0.069519042968750 3800036
0.072814941406250 3800000
0.070556640625000 3799963
0.000000000000000 3800036
0.071838378906250 3800000
0.071716308593750 3799963
0.070556640625000 3800036
0.073486328125000 3800000
0.070922851562500 3800000
0.072692871093750 3800000
0.067749023437500 3799963
0.063110351562500 3800036
0.068847656250000 3800000
0.070068359375000 3800000
0.067871093750000 3800036
0.069396972656250 3799963
0.072509765625000 3800000
0.000000000000000 3800000
0.072326660156250 3800000
0.070678710937500 3799963
0.069519042968750 3800036
0.070983886718750 3800036
0.069335937500000 3799963
0.069580078125000 3800000
0.070312500000000 3799927
0.071838378906250 3800036
0.071166992187500 3800036
0.068542480468750 3799963
0.071594238281250 3799927
0.068725585937500 3800036
0.000000000000000 3800000
0.071533203125000 3800036
0.067626953125000 3800036
0.073120117187500 3800000
0.070312500000000 3799963
0.071044921875000 3800036
0.071533203125000 3800000
0.067504882812500 3799963
0.068542480468750 3800036
0.068481445312500 3799963
0.062072753906250 3800036
0.072082519531250 3800036
0.073547363281250 3799927
0.062683105468750 3800036
0.072143554687500 3800036
0.073669433593750 3799927
0.000000000000000 3800036
0.071105957031250 3800000
0.071594238281250 3799963
0.069091796875000 3799891
0.063415527343750 3800072
0.070678710937500 3800000
0.070129394531250 3800000
0.069396972656250 3800000
0.070861816406250 3800072
0.071716308593750 3799927
0.070800781250000 3800000
0.070617675781250 3800072
0.071716308593750 3799963
0.069824218750000 3800072
0.000000000000000 3799927
0.070434570312500 3800000
0.070556640625000 3800036
0.070312500000000 3800000
0.069213867187500 3800000
0.071960449218750 3800000
0.070983886718750 3800000
0.069335937500000 3800036
0.070068359375000 3799891
0.072692871093750 3799963
0.072570800781250 3800000
0.068481445312500 3800108
0.071899414062500 3799963
0.000000000000000 3800036
0.072570800781250 3800000
0.071472167968750 3799963
0.073120117187500 3800036
0.069091796875000 3799963
0.070312500000000 3800036
0.070983886718750 3800000
0.070739746093750 3799963
0.071105957031250 3800072
0.070190429687500 3799963
0.070007324218750 3800000
0.070434570312500 3800000
0.000000000000000 3800000
0.071838378906250 3799963
0.068725585937500 3800036
0.071594238281250 3800000
0.073791503906250 3800000
0.069763183593750 3800000
0.070312500000000 3799963
0.069519042968750 3800036
0.062683105468750 3800000
0.062133789062500 3799963
0.071350097656250 3800000
0.068969726562500 3800000
0.072998046875000 3800000
0.071350097656250 3800000
0.068969726562500 3799927
0.062194824218750 3800108
0.071044921875000 3800000
0.000000000000000 3799963
0.070739746093750 3800000
0.072326660156250 3800000
0.071777343750000 3800036
0.070861816406250 3800000
0.069763183593750 3799963
0.071411132812500 3800036
0.070800781250000 3800000
0.069030761718750 3800000
0.069946289062500 3800000
0.071472167968750 3800036
0.071716308593750 3799963
0.069091796875000 3800036
0.000000000000000 3799963
0.072082519531250 3799963
0.068481445312500 3800000
0.070434570312500 3800036
0.068664550781250 3799963
0.062438964843750 3799963
0.067871093750000 3800072
0.071472167968750 3800000
0.074401855468750 3800000
0.068298339843750 3799963
0.071594238281250 3800036
0.068664550781250 3800000
0.072265625000000 3800000
0.069885253906250 3800036
0.000000000000000 3799963
0.072448730468750 3799963
0.071716308593750 3800036
0.069274902343750 3800036
0.071166992187500 3799927
0.071533203125000 3800036
0.072082519531250 3800000
0.068847656250000 3800000
0.072509765625000 3800000
0.072265625000000 3799963
0.071899414062500 3800072
0.071960449218750 3799963
0.000000000000000 3799963
0.131530761718750 3800072
0.000000000000000 3799963
0.070739746093750 3800000
0.070922851562500 3799963
0.070556640625000 3800000
0.069091796875000 3800036
0.073669433593750 3800000
0.068969726562500 3799963
0.070007324218750 3800036
0.068786621093750 3800000
0.062316894531250 3799963
0.071044921875000 3800036
0.071899414062500 3800000
0.068542480468750 3799963
0.072692871093750 3800036
0.000000000000000 3800036
0.070861816406250 3799963
0.067932128906250 3800000
0.071533203125000 3800000
0.070617675781250 3800000
0.071411132812500 3800000
0.071533203125000 3800000
0.069763183593750 3799963
0.072021484375000 3800036
0.070434570312500 3800000
0.063476562500000 3799963
0.068969726562500 3800000
0.069885253906250 3800000
0.072021484375000 3800000
0.000000000000000 3799963
0.072143554687500 3800072
0.072326660156250 3799963
0.071655273437500 3800036
0.070861816406250 3799963
0.069396972656250 3800000
0.071594238281250 3800036
0.071533203125000 3800000
0.068603515625000 3800000
0.070800781250000 3800000
0.071472167968750 3799963
0.071044921875000 3800036
0.068542480468750 3800000
0.000000000000000 3799963
0.071166992187500 3800036
0.070434570312500 3800000
0.070129394531250 3800000
0.062377929687500 3800000
0.070312500000000 3800000
0.070434570312500 3800000
0.071350097656250 3799927
0.071105957031250 3800072
0.068969726562500 3800000
0.072692871093750 3800000
0.062072753906250 3800000
0.069519042968750 3800000
0.070617675781250 3800000
0.069335937500000 3800000
0.070556640625000 3800036
0.000000000000000 3799963
0.070983886718750 3799927
0.068969726562500 3800072
0.068054199218750 3799963
0.071289062500000 3799927
0.070129394531250 3800000
0.070739746093750 3800072
0.070678710937500 3800036
0.072387695312500 3799891
0.071350097656250 3800072
0.069763183593750 3800000
0.070251464843750 3800036
0.071655273437500 3799963
0.000000000000000 3800036
0.068542480468750 3799927
0.070373535156250 3800072
0.070861816406250 3800000
0.070983886718750 3799963
0.070251464843750 3800036
0.072265625000000 3800000
0.071899414062500 3800000
0.068908691406250 3800000
0.070556640625000 3799963
0.068969726562500 3800036
0.071044921875000 3800000
0.071411132812500 3799963
0.062072753906250 3800036
0.000000000000000 3800036
0.072509765625000 3799855
0.070922851562500 3800108
0.071594238281250 3799963
0.069274902343750 3800036
0.070678710937500 3800000
0.068176269531250 3800000
0.070617675781250 3799927
0.075012207031250 3800072
0.069763183593750 3800000
0.070312500000000 3800000
0.068420410156250 3800000
0.071228027343750 3799891
0.000000000000000 3800108
0.071655273437500 3799963
0.070312500000000 3799927
0.071777343750000 3800072
0.072143554687500 3800000
0.062377929687500 3800036
0.068664550781250 3800036
0.072082519531250 3799927
0.069091796875000 3800036
0.069946289062500 3800000
0.070068359375000 3799891
0.072265625000000 3800108
0.071472167968750 3800000
0.069519042968750 3800000
0.063171386718750 3800000
0.068542480468750 3799891
0.000000000000000 3800108
0.070251464843750 3800000
0.069091796875000 3799963
0.070312500000000 3800036
0.072998046875000 3800000
0.068969726562500 3799963
0.072143554687500 3800000
0.069641113281250 3800036
0.071533203125000 3799927
0.070678710937500 3800072
0.070129394531250 3799891
0.071472167968750 3800072
0.069396972656250 3800036
0.000000000000000 3800000
0.072265625000000 3799963
0.068847656250000 3800036
0.068664550781250 3800000
0.069213867187500 3799963
0.072937011718750 3800036
0.071044921875000 3800000
0.069335937500000 3799963
0.070373535156250 3800036
0.068176269531250 3800000
0.063171386718750 3800000
0.070739746093750 3799927
0.071655273437500 3800036
0.069946289062500 3800036
0.071960449218750 3799927
0.000000000000000 3799963
0.071228027343750 3800108
0.071350097656250 3799927
0.069946289062500 3799963
0.071655273437500 3800000
0.070678710937500 3800072
0.069519042968750 3799927
0.073486328125000 3800072
0.071533203125000 3800036
0.070800781250000 3800000
0.062622070312500 3800000
0.069702148437500 3800000
0.066040039062500 3800000
0.069396972656250 3799963
0.000000000000000 3800036
0.072326660156250 3800000
0.074218750000000 3799963
0.065063476562500 3800036
0.074340820312500 3800000
0.073242187500000 3800000
0.068603515625000 3800000
0.066345214843750 3799963
0.070739746093750 3800036
0.074707031250000 3800000
0.068969726562500 3800000
0.069030761718750 3800000
0.065002441406250 3800000
0.064208984375000 3799963
0.068725585937500 3800036
0.000000000000000 3799963
0.074707031250000 3800036
0.065612792968750 3800000
0.066650390625000 3800000
0.070983886718750 3800000
0.067932128906250 3799963
0.071899414062500 3800036
0.065185546875000 3800000
0.069641113281250 3799963
0.067565917968750 3800036
0.062744140625000 3800000
0.062622070312500 3799891
0.069885253906250 3800108
0.068725585937500 3800000
0.074707031250000 3800000
0.072448730468750 3800000
0.069030761718750 3799963
0.070739746093750 3799963
0.069335937500000 3800000
0.000000000000000 3800072
0.073303222656250 3800000
0.068298339843750 3800000
0.070983886718750 3800000
0.072204589843750 3800036
0.069641113281250 3799963
0.070556640625000 3800000
0.069213867187500 3800036
0.071533203125000 3799927
0.071350097656250 3800072
0.062377929687500 3799963
0.069702148437500 3799963
0.062072753906250 3800036
0.070190429687500 3799891
0.071533203125000 3800108
0.070983886718750 3800000
0.000000000000000 3800036
0.071166992187500 3799927
0.070861816406250 3800036
0.070007324218750 3800000
0.071594238281250 3799963
0.073059082031250 3800036
0.070190429687500 3800000
0.072204589843750 3799963
0.069091796875000 3800036
0.062377929687500 3800000
0.070007324218750 3799963
0.072937011718750 3800036
0.071777343750000 3799963
0.069519042968750 3800036
0.000000000000000 3800000
0.072570800781250 3800000
0.069213867187500 3800000
0.072509765625000 3799963
0.069396972656250 3800036
0.071411132812500 3799891
0.071228027343750 3800108
0.068420410156250 3799963
0.070861816406250 3800036
0.070983886718750 3800000
0.071472167968750 3800000
0.071411132812500 3800000
0.000000000000000 3800000
0.071228027343750 3799963
0.074462890625000 3800036
0.070129394531250 3789136
0.063537597656250 3698893
0.071899414062500 3700105
0.062011718750000 3692653
0.064147949218750 3696532
0.064636230468750 3700105
0.063171386718750 3699964
0.062438964843750 3699964
0.069519042968750 3700070
0.060791015625000 3699626
0.067077636718750 3699964
0.070800781250000 3700140
0.068359375000000 3700000
0.069213867187500 3700000
0.068603515625000 3699894
0.066589355468750 3700000
0.070251464843750 3700105
0.065795898437500 3699964
0.000000000000000 3699426
0.072509765625000 3697706
0.072143554687500 3690381
0.069580078125000 3698438
0.070129394531250 3700105
0.070983886718750 3684960
0.069458007812500 3692666
0.071411132812500 3685233
0.068786621093750 3692586
0.070251464843750 3685420
0.000000000000000 3692249
0.069702148437500 3688999
0.069396972656250 3691160
0.069580078125000 3683406
0.070007324218750 3683332
0.072326660156250 3683228
0.068359375000000 3688639
0.062255859375000 3686203
0.068969726562500 3691639
0.069458007812500 3686278
0.069152832031250 3683335
0.061462402343750 3685945
0.068786621093750 3683400
0.068359375000000 3696727
0.070251464843750 3700000
0.070068359375000 3687183
0.000000000000000 3700000
0.070495605468750 3698335
0.067810058593750 3690685
0.071594238281250 3699929
0.070373535156250 3697038
0.071411132812500 3688007
0.071472167968750 3690274
0.067871093750000 3689723
0.061279296875000 3689773
0.069152832031250 3699240
0.067993164062500 3683224
0.068908691406250 3683486
0.071228027343750 3686805
0.000000000000000 3694559
0.072387695312500 3683295
0.069152832031250 3689988
0.070007324218750 3689645
0.068420410156250 3699353
0.060913085937500 3697914
0.068969726562500 3696292
0.069030761718750 3689121
0.069274902343750 3700070
0.070373535156250 3700000
0.071105957031250 3700000
0.069458007812500 3698527
0.061218261718750 3699929
0.069213867187500 3697522
0.061462402343750 3683334
0.067687988281250 3683406
0.070739746093750 3692798
0.000000000000000 3699533
0.070312500000000 3690679
0.072021484375000 3695077
0.061706542968750 3683334
0.069152832031250 3683226
0.069885253906250 3690037
0.067138671875000 3697600
0.062683105468750 3691439
0.070800781250000 3696911
0.070129394531250 3699964
0.070007324218750 3699964
0.068725585937500 3700035
0.061096191406250 3700000
0.067565917968750 3699929
0.068664550781250 3700070
0.068359375000000 3700035
0.060729980468750 3700000
0.068603515625000 3699964
0.000000000000000 3700000
0.070922851562500 3700000
0.072509765625000 3700000
0.069885253906250 3700000
0.071289062500000 3700035
0.070373535156250 3700000
0.070190429687500 3700000
0.068359375000000 3699964
0.062011718750000 3700035
0.069519042968750 3699964
0.069824218750000 3700000
0.069396972656250 3700000
0.000000000000000 3700000
0.071166992187500 3700000
0.071655273437500 3700000
0.068908691406250 3700035
0.070251464843750 3699964
0.071166992187500 3699964
0.070068359375000 3700035
0.069946289062500 3700000
0.069519042968750 3699964
0.067932128906250 3700035
0.070495605468750 3700035
0.071533203125000 3699964
0.000000000000000 3700000
0.069824218750000 3700035
0.068115234375000 3699929
0.069335937500000 3684678
0.070983886718750 3683260
0.068786621093750 3689268
0.067199707031250 3700105
0.068908691406250 3699964
0.069702148437500 3700000
0.069641113281250 3700035
0.069702148437500 3699964
0.069213867187500 3700035
0.060913085937500 3700000
0.070373535156250 3699964
0.000000000000000 3700000
0.068908691406250 3700035
0.070739746093750 3699964
0.067382812500000 3700000
0.069152832031250 3699929
0.069641113281250 3700070
0.060913085937500 3699964
0.069702148437500 3700070
0.070922851562500 3699929
0.069641113281250 3700035
0.071716308593750 3700035
0.070312500000000 3699859
0.068847656250000 3700105
0.069824218750000 3700035
0.000000000000000 3699964
0.071533203125000 3700000
0.069763183593750 3700035
0.067687988281250 3699964
0.072387695312500 3700000
0.061950683593750 3700035
0.070861816406250 3699964
0.069702148437500 3700000
0.069946289062500 3700035
0.070190429687500 3699964
0.071044921875000 3700000
0.069824218750000 3686306
0.068908691406250 3683298
0.000000000000000 3690338
0.069763183593750 3693966
0.061340332031250 3693010
0.069946289062500 3700000
0.069763183593750 3700000
0.069213867187500 3700000
0.070495605468750 3686170
0.071044921875000 3699055
0.070129394531250 3683369
0.070373535156250 3690406
0.068237304687500 3686850
0.071777343750000 3687374
0.067321777343750 3699964
0.000000000000000 3700000
0.070678710937500 3693105
0.071716308593750 3693346
0.060791015625000 3695801
0.071655273437500 3700035
0.069519042968750 3690247
0.070922851562500 3687549
0.067382812500000 3690313
0.070373535156250 3687227
0.068603515625000 3697486
0.071533203125000 3693136
0.070739746093750 3689605
0.067932128906250 3693045
0.000000000000000 3688800
0.069213867187500 3686398
0.067687988281250 3691459
0.071411132812500 3690324
0.070373535156250 3688574
0.071411132812500 3699425
0.070190429687500 3691748
0.068603515625000 3695632
0.068786621093750 3693309
0.069396972656250 3688871
0.070251464843750 3695315
0.071960449218750 3687943
0.000000000000000 3688951
0.069824218750000 3696600
0.071228027343750 3691059
0.071228027343750 3694079
0.069580078125000 3699964
0.068847656250000 3698350
0.071533203125000 3683435
0.071411132812500 3694525
0.070129394531250 3693971
0.069030761718750 3700035
0.068603515625000 3699894
0.000000000000000 3700070
0.071350097656250 3699964
0.070739746093750 3700035
0.068664550781250 3700035
0.068786621093750 3695599
0.069091796875000 3700035
0.071655273437500 3699964
0.068969726562500 3699964
0.069885253906250 3700070
0.071777343750000 3699964
0.068298339843750 3699929
0.000000000000000 3700105
0.070861816406250 3699964
0.070068359375000 3700000
0.070861816406250 3700035
0.068298339843750 3700000
0.070312500000000 3700000
0.060974121093750 3700000
0.069519042968750 3699964
0.068603515625000 3700000
0.068603515625000 3700035
0.061096191406250 3699859
0.069763183593750 3700105
0.072387695312500 3700000
0.069213867187500 3700000
0.070922851562500 3699929
0.000000000000000 3700070
0.068969726562500 3700000
0.069763183593750 3700000
0.070617675781250 3700000
0.071289062500000 3700035
0.062255859375000 3699964
0.069152832031250 3699894
0.071350097656250 3700000
0.070373535156250 3700140
0.068054199218750 3700000
0.070190429687500 3699964
0.069580078125000 3699929
0.070983886718750 3700105
0.066650390625000 3699964
0.060852050781250 3696645
0.000000000000000 3700035
0.071228027343750 3700000
0.069519042968750 3696121
0.069213867187500 3697642
0.070251464843750 3686583
0.061828613281250 3683367
0.070068359375000 3696524
0.070190429687500 3700000
0.070373535156250 3697755
0.072570800781250 3699964
0.070007324218750 3700035
0.068969726562500 3700035
0.070983886718750 3700000
0.000000000000000 3699964
0.068969726562500 3700035
0.062316894531250 3698842
0.067749023437500 3698838
0.071228027343750 3683438
0.071105957031250 3684332
0.069824218750000 3693453
0.068298339843750 3693202
0.070556640625000 3687225
0.068115234375000 3683968
0.067504882812500 3700070
0.071350097656250 3688923
0.070007324218750 3694094
0.000000000000000 3683644
0.069519042968750 3700035
0.070495605468750 3696275
0.069824218750000 3694543
0.061096191406250 3694331
0.069274902343750 3700035
0.071899414062500 3689106
0.071411132812500 3688666
0.071044921875000 3689219
0.068969726562500 3683334
0.068847656250000 3683331
0.068054199218750 3694410
0.069335937500000 3685713
0.000000000000000 3691600
0.071899414062500 3691098
0.070312500000000 3683366
0.069580078125000 3683263
0.060791015625000 3683437
0.070434570312500 3683263
0.070556640625000 3683333
0.067016601562500 3683405
0.071289062500000 3694522
0.071777343750000 3686895
0.070983886718750 3685611
0.071472167968750 3686051
0.066284179687500 3689636
0.062072753906250 3687402
0.067871093750000 3694668
0.000000000000000 3700105
0.068908691406250 3699964
0.069885253906250 3700000
0.070251464843750 3700000
0.069763183593750 3699964
0.069763183593750 3700070
0.069335937500000 3693524
0.069274902343750 3698949
0.070556640625000 3699964
0.072509765625000 3695984
0.068603515625000 3694038
0.069946289062500 3691634
0.000000000000000 3700070
0.069519042968750 3683931
0.070983886718750 3686886
0.069030761718750 3683298
0.070617675781250 3688616
0.070495605468750 3687042
0.068054199218750 3689055
0.070739746093750 3700000
0.067871093750000 3692220
0.071166992187500 3699964
0.069458007812500 3692140
0.061218261718750 3700035
0.070617675781250 3686946
0.000000000000000 3683366
0.067626953125000 3684981
0.072387695312500 3691473
0.068115234375000 3691963
0.061401367187500 3690093
0.068664550781250 3683333
0.072998046875000 3683300
0.066589355468750 3683295
0.070800781250000 3683440
0.062927246093750 3694646
0.063110351562500 3683228
0.073486328125000 3683401
0.070007324218750 3692563
0.070556640625000 3696454
0.069580078125000 3694329
0.067993164062500 3700070
0.000000000000000 3691043
0.071105957031250 3695389
0.067749023437500 3696200
0.070007324218750 3696703
0.067993164062500 3691951
0.070007324218750 3685944
0.067016601562500 3689981
0.061401367187500 3689258
0.069030761718750 3699964
0.070800781250000 3696598
0.071228027343750 3700035
0.065917968750000 3700000
0.062683105468750 3699964
0.067871093750000 3700000
0.072143554687500 3700000
0.068359375000000 3699964
0.000000000000000 3699964
0.073547363281250 3700070
0.071289062500000 3700035
0.077575683593750 3699964
0.091918945312500 3699929
0.000000000000000 3700070
0.092407226562500 3700000
0.089050292968750 3699893
0.000000000000000 3700140
0.082275390625000 3688838
0.070678710937500 3693242
0.070861816406250 3693404
0.070556640625000 3695543
0.072082519531250 3699964
0.070068359375000 3700035
0.072204589843750 3700000
0.062866210937500 3699964
0.070617675781250 3699964
0.070983886718750 3700035
0.000000000000000 3700000
0.071838378906250 3700035
0.062316894531250 3699964
0.070495605468750 3700000
0.071655273437500 3700000
0.067504882812500 3700035
0.070434570312500 3699964
0.071228027343750 3700035
0.068969726562500 3699964
0.066711425781250 3699964
0.069335937500000 3700035
0.071350097656250 3694797
0.068054199218750 3694077
0.000000000000000 3693097
0.070556640625000 3700000
0.069580078125000 3699929
0.070190429687500 3700070
0.071777343750000 3698993
0.070556640625000 3690989
0.072143554687500 3697332
0.070373535156250 3693996
0.070373535156250 3687931
0.068359375000000 3688070
0.070373535156250 3695433
0.000000000000000 3686187
0.072021484375000 3695404
0.069580078125000 3692816
0.070556640625000 3692315
0.069030761718750 3696964
0.069213867187500 3700035
0.067810058593750 3700000
0.062438964843750 3700035
0.071899414062500 3700000
0.069885253906250 3699929
0.070495605468750 3700035
0.070617675781250 3700035
0.070617675781250 3699964
0.000000000000000 3687154
0.070556640625000 3700000
0.070739746093750 3697473
0.069091796875000 3700035
0.070312500000000 3700000
0.069213867187500 3693853
0.070983886718750 3694595
0.061889648437500 3698252
0.070007324218750 3700070
0.069946289062500 3700000
0.069458007812500 3699859
0.068664550781250 3699313
0.068298339843750 3699070
0.069152832031250 3695635
0.000000000000000 3700000
0.072448730468750 3699964
0.067260742187500 3700070
0.069641113281250 3698195
0.071411132812500 3694746
0.067626953125000 3695613
0.068054199218750 3696465
0.070922851562500 3700000
0.069030761718750 3700000
0.071838378906250 3700070
0.069824218750000 3700000
0.000000000000000 3700000
0.070800781250000 3700000
0.070739746093750 3699964
0.070434570312500 3700035
0.070068359375000 3700035
0.072326660156250 3700000
0.069152832031250 3699894
0.069335937500000 3700105
0.072143554687500 3699894
0.067199707031250 3700070
0.066833496093750 3700035
0.070678710937500 3700000
0.060729980468750 3699894
0.069030761718750 3700070
0.000000000000000 3699929
0.071594238281250 3700000
0.070556640625000 3700070
0.069580078125000 3700035
0.062622070312500 3699894
0.068969726562500 3700035
0.068786621093750 3699964
0.066589355468750 3700070
0.071411132812500 3700035
0.067016601562500 3699964
0.070922851562500 3699929
0.069702148437500 3700105
0.067749023437500 3699964
0.071105957031250 3700000
0.000000000000000 3699929
0.067077636718750 3700070
0.071777343750000 3700000
0.069580078125000 3700035
0.073242187500000 3699964
0.070617675781250 3700035
0.067016601562500 3700000
0.068115234375000 3699929
0.069885253906250 3700035
0.069580078125000 3699894
0.068603515625000 3700070
0.071472167968750 3700035
0.000000000000000 3699894
0.070190429687500 3700105
0.070007324218750 3700000
0.069030761718750 3700000
0.067932128906250 3698834
0.069458007812500 3683367
0.067138671875000 3694558
0.070922851562500 3683298
0.069702148437500 3683263
0.067626953125000 3684990
0.068603515625000 3683647
0.068908691406250 3694095
0.069396972656250 3694564
0.000000000000000 3696465
0.069274902343750 3699048
0.069946289062500 3689147
0.071716308593750 3689858
0.070190429687500 3695856
0.062194824218750 3688260
0.069824218750000 3693853
0.069335937500000 3690014
0.070861816406250 3700000
0.071289062500000 3691896
0.068664550781250 3686869
0.068054199218750 3687284
0.070678710937500 3689922
0.000000000000000 3683366
0.071533203125000 3683296
0.069641113281250 3690279
0.068725585937500 3700035
0.070312500000000 3692573
0.061279296875000 3700105
0.067626953125000 3693123
0.061157226562500 3695758
0.069763183593750 3695838
0.071044921875000 3689119
0.069946289062500 3691714
0.060546875000000 3683405
0.066955566406250 3689673
0.071472167968750 3695513
0.073547363281250 3683299
0.068115234375000 3697615
0.000000000000000 3700035
0.069702148437500 3699964
0.069396972656250 3700000
0.070922851562500 3700035
0.068725585937500 3699929
0.068420410156250 3684913
0.069641113281250 3687332
0.069274902343750 3697010
0.071105957031250 3697848
0.069763183593750 3695268
0.068237304687500 3700000
0.068359375000000 3699964
0.000000000000000 3689668
0.068725585937500 3691308
0.070190429687500 3683368
0.069030761718750 3688963
0.068420410156250 3683332
0.068115234375000 3683368
0.071228027343750 3684688
0.067504882812500 3688960
0.069335937500000 3697251
0.061462402343750 3694058
0.067810058593750 3694597
0.070190429687500 3691567
0.068054199218750 3686058
0.069458007812500 3689314
0.069824218750000 3691624
0.000000000000000 3683334
0.071838378906250 3683193
0.071350097656250 3683369
0.067932128906250 3697731
0.069946289062500 3687809
0.068725585937500 3700035
0.070495605468750 3694444
0.069213867187500 3683299
0.070739746093750 3683331
0.072631835937500 3698890
0.069091796875000 3699894
0.071655273437500 3693667
0.000000000000000 3683193
0.067382812500000 3698510
0.068786621093750 3693657
0.068359375000000 3694670
0.072143554687500 3691664
0.070617675781250 3699964
0.069213867187500 3687242
0.070983886718750 3694815
0.070983886718750 3700000
0.071105957031250 3697179
0.067749023437500 3697155
0.000000000000000 3700035
0.071960449218750 3699964
0.069091796875000 3700035
0.069274902343750 3699929
0.069824218750000 3700035
0.069396972656250 3700000
0.070190429687500 3700000
0.068847656250000 3700000
0.062438964843750 3700000
0.071228027343750 3699929
0.068786621093750 3700105
0.061279296875000 3699859
0.069763183593750 3700035
0.060729980468750 3700105
0.068298339843750 3699964
0.070800781250000 3700035
0.069396972656250 3699964
0.000000000000000 3699964
0.071960449218750 3700035
0.071411132812500 3700000
0.070617675781250 3699964
0.070739746093750 3700035
0.060729980468750 3700000
0.069274902343750 3700035
0.069091796875000 3700000
0.071472167968750 3688075
0.070312500000000 3693861
0.060729980468750 3686379
0.072509765625000 3699964
0.068298339843750 3700000
0.139038085937500 3699985
0.071289062500000 3700070
0.070739746093750 3699964
0.067932128906250 3700000
0.071655273437500 3700000
0.000000000000000 3700000
0.070434570312500 3700035
0.070251464843750 3699964
0.068908691406250 3700000
0.071044921875000 3700035
0.061706542968750 3699964
0.067260742187500 3699964
0.070434570312500 3700035
0.067687988281250 3700035
0.070434570312500 3699964
0.069702148437500 3700035
0.060729980468750 3699929
0.070312500000000 3700035
0.069396972656250 3700035
0.069274902343750 3699894
0.000000000000000 3700070
0.069274902343750 3700035
0.070190429687500 3699823
0.069274902343750 3700140
0.069091796875000 3699929
0.071105957031250 3700070
0.070312500000000 3700035
0.070678710937500 3699964
0.068237304687500 3700035
0.062194824218750 3700000
0.070129394531250 3692261
0.070312500000000 3683298
0.069458007812500 3683366
0.000000000000000 3685468
0.070678710937500 3695294
0.072937011718750 3697686
0.068420410156250 3694387
0.069885253906250 3691322
0.070312500000000 3700105
0.060729980468750 3692982
0.069641113281250 3700000
0.071594238281250 3692847
0.068908691406250 3687916
0.070129394531250 3700000
0.069702148437500 3699964
0.069885253906250 3696728
0.000000000000000 3694610
0.067626953125000 3690606
0.069458007812500 3683437
0.072021484375000 3694520
0.069702148437500 3696701
0.069091796875000 3683440
0.070251464843750 3691504
0.068969726562500 3689171
0.061889648437500 3689771
0.068054199218750 3700035
0.060974121093750 3699964
0.068603515625000 3689115
0.069458007812500 3683366
0.071289062500000 3692729
0.068481445312500 3690860
0.068054199218750 3699964
0.000000000000000 3696653
0.069763183593750 3689401
0.061645507812500 3700000
0.067687988281250 3700000
0.070617675781250 3697628
0.073181152343750 3697410
0.070373535156250 3691701
0.067687988281250 3696449
0.071044921875000 3691262
0.070739746093750 3685322
0.069091796875000 3700000
0.062500000000000 3691015
0.068969726562500 3687703
0.071289062500000 3699964
0.000000000000000 3693192
0.070617675781250 3684642
0.071655273437500 3697012
0.067993164062500 3693150
0.068664550781250 3696064
0.069763183593750 3693419
0.071533203125000 3700035
0.072204589843750 3684472
0.070373535156250 3689563
0.069702148437500 3696965
0.068542480468750 3687078
0.000000000000000 3692627
0.070556640625000 3685767
0.068420410156250 3694567
0.072631835937500 3683491
0.071472167968750 3683329
0.068054199218750 3699904
0.069580078125000 3684367
0.071105957031250 3683331
0.069335937500000 3683366
0.072326660156250 3686825
0.069702148437500 3683368
0.000000000000000 3696130
0.069885253906250 3696591
0.070129394531250 3688301
0.068664550781250 3697902
0.070434570312500 3694661
0.060729980468750 3698711
0.071899414062500 3699929
0.070007324218750 3700000
0.067321777343750 3700000
0.061889648437500 3700070
0.070617675781250 3700000
0.069641113281250 3699859
0.069519042968750 3700035
0.069091796875000 3700070
0.071777343750000 3700000
0.000000000000000 3700000
0.069702148437500 3700035
0.069030761718750 3699964
0.071166992187500 3700035
0.060974121093750 3699964
0.068298339843750 3700035
0.070495605468750 3700000
0.068237304687500 3699964
0.069824218750000 3700035
0.060668945312500 3700000
0.070251464843750 3699929
0.069458007812500 3700070
0.070312500000000 3700000
0.061584472656250 3699964
0.067321777343750 3700000
0.069946289062500 3700035
0.068847656250000 3699823
0.000000000000000 3700140
0.071716308593750 3700000
0.062194824218750 3700000
0.068725585937500 3700000
0.070922851562500 3700000
0.069396972656250 3700000
0.072570800781250 3700000
0.068969726562500 3700035
0.070556640625000 3699964
0.070129394531250 3699929
0.066284179687500 3700105
0.062072753906250 3699964
0.068115234375000 3699964
0.069641113281250 3700070
0.070556640625000 3700000
0.000000000000000 3699964
0.072692871093750 3700000
0.071228027343750 3699894
0.068298339843750 3698577
0.070678710937500 3692404
0.069580078125000 3699964
0.062500000000000 3700000
0.068542480468750 3689433
0.071350097656250 3692214
0.072387695312500 3690716
0.067016601562500 3689158
0.062377929687500 3684595
0.066711425781250 3698039
0.068298339843750 3689505
0.068847656250000 3683697
0.000000000000000 3683228
0.069519042968750 3697766
0.067626953125000 3693601
0.071289062500000 3695955
0.071411132812500 3691055
0.068298339843750 3700000
0.061523437500000 3697495
0.067810058593750 3683368
0.070495605468750 3691178
0.068542480468750 3700000
0.071472167968750 3695379
0.072143554687500 3700105
0.065856933593750 3696449
0.000000000000000 3699929
0.070373535156250 3693709
0.066894531250000 3695303
0.061706542968750 3700000
0.067871093750000 3699894
0.071289062500000 3700105
0.068420410156250 3699894
0.073242187500000 3700070
0.069824218750000 3700035
0.067565917968750 3700000
0.070007324218750 3699964
0.069335937500000 3700035
0.062377929687500 3700000
0.067749023437500 3700000
0.068969726562500 3699964
0.071289062500000 3699964
0.000000000000000 3700035
0.072082519531250 3700000
0.069702148437500 3700035
0.069213867187500 3699964
0.071594238281250 3700000
0.068542480468750 3700000
0.071166992187500 3700035
0.070434570312500 3700000
0.070678710937500 3700000
0.070373535156250 3699929
0.070434570312500 3700035
0.061157226562500 3700000
0.000000000000000 3699964
0.068969726562500 3700070
0.069885253906250 3699964
0.070617675781250 3699964
0.070800781250000 3700070
0.070800781250000 3699964
0.069030761718750 3700035
0.069824218750000 3699964
0.070556640625000 3700000
0.072448730468750 3700000
0.069030761718750 3700000
0.068542480468750 3700035
0.000000000000000 3699964
0.070495605468750 3700000
0.070495605468750 3699929
0.070251464843750 3700105
0.068176269531250 3699859
0.069763183593750 3696680
0.062011718750000 3692179
0.070190429687500 3686166
0.070495605468750 3699964
0.069885253906250 3700070
0.073669433593750 3699964
0.069213867187500 3700035
0.069641113281250 3699894
0.000000000000000 3691051
0.070922851562500 3683295
0.068298339843750 3686917
0.061279296875000 3692976
0.068786621093750 3700035
0.069396972656250 3688271
0.067321777343750 3686179
0.069519042968750 3683334
0.071533203125000 3688631
0.069580078125000 3699615
0.070861816406250 3683367
0.069335937500000 3696054
0.061828613281250 3699964
0.070129394531250 3699682
0.068481445312500 3696857
0.000000000000000 3698350
0.071044921875000 3685476
0.068725585937500 3683332
0.061096191406250 3683295
0.070068359375000 3683369
0.071716308593750 3697900
0.067382812500000 3700035
0.071105957031250 3694314
0.068542480468750 3686851
0.070739746093750 3686884
0.069396972656250 3683332
0.070434570312500 3683299
0.061523437500000 3695034
0.069091796875000 3699964
0.061645507812500 3700035
0.068359375000000 3689547
0.062805175781250 3699859
0.068725585937500 3696630
0.000000000000000 3686132
0.070434570312500 3691097
0.071105957031250 3683296
0.068237304687500 3683334
0.070983886718750 3700026
0.067077636718750 3684626
0.069641113281250 3686830
0.067993164062500 3693624
0.068237304687500 3699964
0.071044921875000 3700000
0.068725585937500 3700000
0.062683105468750 3699964
0.072265625000000 3700070
0.000000000000000 3699964
0.076354980468750 3700035
0.072021484375000 3699964
0.071105957031250 3700000
0.065612792968750 3700000
0.070739746093750 3699964
0.061218261718750 3700035
0.064025878906250 3699894
0.070312500000000 3700140
0.066589355468750 3699964
0.064270019531250 3700035
0.068481445312500 3700000
0.073669433593750 3700000
0.064575195312500 3699964
0.067932128906250 3700035
0.000000000000000 3699964
0.069335937500000 3700000
0.066162109375000 3700000
0.061645507812500 3699964
0.062438964843750 3699964
0.068786621093750 3700035
0.066528320312500 3700035
0.069946289062500 3700035
0.072448730468750 3699964
0.070800781250000 3699894
0.068664550781250 3700105
0.069152832031250 3699964
0.068786621093750 3699929
0.067687988281250 3700035
0.070190429687500 3688896
0.000000000000000 3691545
0.073791503906250 3686339
0.066772460937500 3684951
0.070678710937500 3685566
0.071350097656250 3691402
0.069580078125000 3696631
0.069152832031250 3700000
0.070434570312500 3688897
0.071777343750000 3696684
0.067932128906250 3692579
0.070861816406250 3685507
0.067993164062500 3686313
0.000000000000000 3695100
0.070983886718750 3699894
0.069580078125000 3700140
0.070800781250000 3692878
0.070800781250000 3698624
0.066955566406250 3690393
0.072143554687500 3693557
0.069946289062500 3700000
0.069580078125000 3700000
0.069091796875000 3700000
0.069885253906250 3693432
0.071899414062500 3699390
0.065856933593750 3700035
0.061157226562500 3696102
0.000000000000000 3693851
0.069152832031250 3684744
0.071228027343750 3691067
0.068481445312500 3693114
0.071533203125000 3697745
0.070129394531250 3683230
0.068054199218750 3691143
0.060913085937500 3686126
0.067626953125000 3694519
0.069885253906250 3694225
0.069763183593750 3683920
0.069641113281250 3699894
0.071472167968750 3691184
0.068725585937500 3694162
0.000000000000000 3699550
0.070007324218750 3686915
0.060852050781250 3695029
0.061828613281250 3686577
0.069580078125000 3686349
0.071044921875000 3697641
0.070434570312500 3687458
0.070556640625000 3697729
0.067932128906250 3700000
0.062011718750000 3687318
0.066772460937500 3683299
0.071899414062500 3693111
0.063354492187500 3683675
0.068969726562500 3689195
0.069274902343750 3696606
0.069519042968750 3699894
0.068847656250000 3700035
0.000000000000000 3700070
0.070617675781250 3700000
0.067626953125000 3699964
0.072753906250000 3700000
0.070129394531250 3699964
0.060729980468750 3700035
0.068420410156250 3696599
0.069885253906250 3696182
0.069335937500000 3699964
0.068847656250000 3700000
0.061279296875000 3700000
0.068237304687500 3700035
0.062133789062500 3699929
0.068298339843750 3700000
0.069946289062500 3700105
0.070556640625000 3699859
0.069763183593750 3700105
0.000000000000000 3700000
0.070007324218750 3700000
0.067810058593750 3700000
0.071350097656250 3700000
0.068603515625000 3700000
0.070495605468750 3700000
0.069091796875000 3700000
0.070129394531250 3700000
0.072082519531250 3700035
0.068908691406250 3684836
0.067871093750000 3689114
0.067626953125000 3696968
0.000000000000000 3683333
0.068908691406250 3695144
0.067932128906250 3699970
0.068847656250000 3688289
0.071044921875000 3699027
0.070251464843750 3700000
0.070373535156250 3700070
0.069030761718750 3697335
0.069091796875000 3700000
0.067871093750000 3696071
0.072570800781250 3694590
0.069824218750000 3683334
0.000000000000000 3683545
0.071472167968750 3694381
0.070678710937500 3693760
0.066955566406250 3683333
0.071166992187500 3691490
0.068725585937500 3698449
0.070556640625000 3683915
0.062316894531250 3688937
0.070312500000000 3691616
0.071044921875000 3696560
0.068786621093750 3700000
0.060852050781250 3700000
0.067565917968750 3700070
0.070373535156250 3689084
0.070434570312500 3696349
0.069580078125000 3699894
0.000000000000000 3700070
0.070556640625000 3698034
0.070678710937500 3699823
0.060852050781250 3694661
0.070251464843750 3690619
0.070617675781250 3699929
0.069091796875000 3687398
0.072448730468750 3683436
0.070556640625000 3686877
0.067260742187500 3683367
0.070129394531250 3692838
0.071411132812500 3695995
0.000000000000000 3686968
0.071594238281250 3683331
0.069885253906250 3691834
0.069946289062500 3696666
0.069885253906250 3700000
0.069396972656250 3691099
0.069580078125000 3683404
0.070312500000000 3684936
0.069580078125000 3686647
0.067932128906250 3691134
0.070678710937500 3690414
0.070373535156250 3684168
0.000000000000000 3693090
0.067626953125000 3696563
0.068908691406250 3700070
0.070739746093750 3700000
0.068603515625000 3700000
0.068664550781250 3699929
0.068603515625000 3688625
0.070434570312500 3690532
0.068298339843750 3692881
0.072448730468750 3687151
0.068237304687500 3697867
0.069885253906250 3689515
0.069091796875000 3698169
0.000000000000000 3687312
0.071350097656250 3683263
0.069763183593750 3692854
0.069335937500000 3698857
0.070495605468750 3683262
0.066833496093750 3686179
0.070678710937500 3699002
0.067626953125000 3691285
0.071166992187500 3698323
0.070983886718750 3700000
0.068603515625000 3692858
0.069519042968750 3689925
0.068603515625000 3683334
0.000000000000000 3683332
0.069885253906250 3683368
0.072448730468750 3683266
0.069458007812500 3686951
0.071228027343750 3687667
0.070068359375000 3691130
0.067810058593750 3686313
0.069030761718750 3693015
0.062377929687500 3692331
0.067321777343750 3686730
0.062194824218750 3685225
0.071655273437500 3700105
0.068054199218750 3699929
0.061157226562500 3686990
0.068603515625000 3695123
0.000000000000000 3699892
0.070678710937500 3683297
0.066040039062500 3685291
0.070495605468750 3698612
0.070983886718750 3694924
0.071044921875000 3689706
0.070556640625000 3691362
0.070007324218750 3684397
0.070068359375000 3694175
0.069274902343750 3686564
0.060791015625000 3687559
0.067749023437500 3692982
0.070556640625000 3689660
0.070068359375000 3684072
0.000000000000000 3685501
0.070983886718750 3691014
0.068298339843750 3699650
0.068786621093750 3695290
0.070739746093750 3690176
0.068664550781250 3687787
0.071350097656250 3683404
0.071411132812500 3683367
0.069946289062500 3683228
0.070678710937500 3683439
0.068359375000000 3683297
0.072204589843750 3688265
0.000000000000000 3691533
0.067138671875000 3699577
0.070495605468750 3683405
0.068786621093750 3683593
0.070678710937500 3700000
0.068725585937500 3698294
0.069946289062500 3692467
0.068420410156250 3695473
0.069030761718750 3683573
0.070861816406250 3683297
0.071044921875000 3684242
0.069274902343750 3694074
0.000000000000000 3696944
0.072143554687500 3684415
0.070678710937500 3688291
0.069885253906250 3700035
0.071716308593750 3695195
0.068664550781250 3683191
0.071289062500000 3683474
0.069580078125000 3683301
0.071411132812500 3683332
0.068725585937500 3683367
0.071350097656250 3683228
0.000000000000000 3692534
0.070434570312500 3684611
0.069335937500000 3686858
0.069885253906250 3697891
0.069030761718750 3690592
0.062561035156250 3690365
0.069641113281250 3697946
0.069763183593750 3700000
0.068603515625000 3696238
0.069702148437500 3694677
0.070800781250000 3693600
0.066650390625000 3683296
0.069885253906250 3698505
0.072448730468750 3700000
0.061462402343750 3699964
0.000000000000000 3700035
0.067321777343750 3700000
0.070922851562500 3697890
0.070556640625000 3698099
0.070373535156250 3694322
0.068542480468750 3690933
0.066955566406250 3698078
0.069702148437500 3683370
0.067504882812500 3688752
0.062316894531250 3699929
0.069274902343750 3694775
0.069152832031250 3689849
0.070495605468750 3695315
0.069274902343750 3696176
0.061523437500000 3683229
0.068359375000000 3689970
0.000000000000000 3699309
0.072143554687500 3699859
0.070434570312500 3700140
0.070129394531250 3699929
0.070373535156250 3699929
0.066162109375000 3700035
0.072143554687500 3700035
0.067565917968750 3700070
0.061279296875000 3700000
0.067443847656250 3699964
0.072509765625000 3699929
0.070678710937500 3700000
0.071289062500000 3700070
0.000000000000000 3699964
0.070129394531250 3699964
0.069091796875000 3700035
0.068481445312500 3700000
0.069702148437500 3700035
0.070922851562500 3699929
0.071044921875000 3700105
0.069458007812500 3697431
0.070495605468750 3694709
0.070678710937500 3694876
0.061889648437500 3700000
0.067810058593750 3690065
0.070190429687500 3683333
0.000000000000000 3698324
0.071655273437500 3692209
0.069519042968750 3686670
0.069335937500000 3683403
0.069030761718750 3684112
0.069580078125000 3692991
0.068786621093750 3685190
0.070312500000000 3695630
0.061340332031250 3691115
0.068603515625000 3683332
0.071533203125000 3683300
0.069030761718750 3683366
0.069580078125000 3691944
0.067626953125000 3685908
0.000000000000000 3690596
0.070983886718750 3683299
0.072204589843750 3699276
0.069641113281250 3685433
0.069091796875000 3684502
0.067199707031250 3685391
0.067993164062500 3685298
0.070983886718750 3686183
0.068847656250000 3700140
0.070129394531250 3696148
0.068481445312500 3697210
0.070190429687500 3694201
0.000000000000000 3683296
0.070190429687500 3683368
0.070373535156250 3689603
0.067993164062500 3688260
0.068603515625000 3683437
0.060974121093750 3683265
0.070739746093750 3696079
0.069580078125000 3700000
0.069580078125000 3700070
0.072631835937500 3700000
0.069946289062500 3693051
0.068481445312500 3700000
0.069519042968750 3700070
0.069702148437500 3699929
0.062683105468750 3700000
0.068298339843750 3700000
0.000000000000000 3700000
0.069274902343750 3700105
0.070007324218750 3700000
0.071105957031250 3699964
0.069152832031250 3700035
0.069458007812500 3688750
0.069946289062500 3698932
0.068969726562500 3700000
0.071594238281250 3685582
0.069152832031250 3686367
0.069824218750000 3689462
0.066162109375000 3697163
0.061828613281250 3694529
0.000000000000000 3683400
0.068908691406250 3683193
0.069396972656250 3683508
0.070922851562500 3697345
0.068908691406250 3688102
0.062805175781250 3696851
0.066284179687500 3688733
0.071716308593750 3694513
0.067749023437500 3696446
0.071655273437500 3688508
0.070007324218750 3686631
0.067321777343750 3683334
0.067626953125000 3691583
0.067443847656250 3697880
0.063049316406250 3690838
0.068542480468750 3683704
0.000000000000000 3683471
0.069885253906250 3692412
0.070190429687500 3697112
0.068298339843750 3694559
0.070800781250000 3697799
0.069091796875000 3683368
0.069152832031250 3693227
0.068420410156250 3694617
0.071777343750000 3700000
0.071594238281250 3683672
0.069030761718750 3690330
0.069091796875000 3687232
0.000000000000000 3683299
0.070373535156250 3683295
0.069152832031250 3683336
0.069824218750000 3690309
0.070007324218750 3693805
0.072143554687500 3700070
0.061035156250000 3693385
0.069763183593750 3683369
0.068176269531250 3686148
0.069580078125000 3695250
0.071960449218750 3686899
0.069641113281250 3683226
0.067932128906250 3689475
0.070739746093750 3688525
0.000000000000000 3689057
0.277954101562500 3690632
0.069519042968750 3697188
0.061950683593750 3687055
0.070434570312500 3688389
0.071228027343750 3700105
0.065734863281250 3699964
0.068969726562500 3699929
0.000000000000000 3700105
0.069641113281250 3700000
0.071411132812500 3699894
0.067504882812500 3700000
0.071777343750000 3700070
0.060913085937500 3699894
0.070434570312500 3700105
0.068908691406250 3700035
0.068664550781250 3699964
0.068725585937500 3700035
0.068542480468750 3534137
0.061767578125000 3700000
0.069885253906250 3699929
0.069274902343750 3700140
0.061889648437500 3699929
0.071350097656250 3699964
0.061645507812500 3700105
0.069763183593750 3699964
0.068847656250000 3699964
0.000000000000000 3692958
0.070373535156250 3683336
0.061096191406250 3683365
0.068115234375000 3683334
0.069946289062500 3691444
0.070861816406250 3692743
0.069396972656250 3683335
0.061401367187500 3683405
0.069091796875000 3683295
0.070312500000000 3683367
0.069030761718750 3693564
0.071044921875000 3688876
0.073669433593750 3689929
0.067749023437500 3697029
0.061157226562500 3689337
0.070373535156250 3696184
0.061401367187500 3683403
0.000000000000000 3683334
0.067382812500000 3692499
0.071350097656250 3686583
0.069580078125000 3685611
0.070861816406250 3697183
0.070068359375000 3683613
0.067993164062500 3699088
0.068786621093750 3699929
0.068847656250000 3700070
0.070495605468750 3700000
0.070129394531250 3700000
0.071105957031250 3700035
0.000000000000000 3699929
0.072998046875000 3700035
0.067382812500000 3700035
0.070068359375000 3699964
0.069458007812500 3699894
0.071350097656250 3700035
0.070251464843750 3700035
0.071472167968750 3700000
0.070495605468750 3699964
0.069091796875000 3700000
0.072021484375000 3700070
0.000000000000000 3699964
0.067932128906250 3700035
0.069946289062500 3699964
0.070861816406250 3700035
0.070373535156250 3700000
0.060729980468750 3700035
0.068481445312500 3700000
0.069702148437500 3699964
0.068664550781250 3700035
0.071655273437500 3699929
0.068237304687500 3700070
0.071289062500000 3700000
0.061523437500000 3699894
0.067932128906250 3700070
0.061889648437500 3700035
0.067749023437500 3699964
0.069702148437500 3699964
0.000000000000000 3700070
0.070068359375000 3700000
0.068237304687500 3699929
0.070251464843750 3700000
0.072509765625000 3700035
0.068481445312500 3699964
0.068908691406250 3700035
0.063110351562500 3699929
0.068054199218750 3700035
0.069885253906250 3700000
0.068847656250000 3700000
0.069824218750000 3700035
0.069641113281250 3699929
0.070007324218750 3700105
0.000000000000000 3700000
0.072265625000000 3700000
0.069091796875000 3699894
0.061645507812500 3700105
0.069335937500000 3700000
0.070190429687500 3699964
0.070617675781250 3700000
0.068664550781250 3700000
0.069824218750000 3700000
0.068908691406250 3700035
0.069702148437500 3699894
0.066589355468750 3700035
0.072204589843750 3700070
0.000000000000000 3699894
0.068420410156250 3700105
0.069763183593750 3699929
0.071289062500000 3700035
0.066101074218750 3700000
0.071594238281250 3700000
0.068176269531250 3699929
0.069091796875000 3700035
0.069274902343750 3700035
0.067871093750000 3700000
0.069824218750000 3700035
0.070556640625000 3700000
0.068847656250000 3700000
0.000000000000000 3696373
0.068725585937500 3700000
0.062561035156250 3700000
0.068725585937500 3700035
0.069580078125000 3699964
0.061279296875000 3699964
0.068359375000000 3700035
0.070678710937500 3699929
0.068786621093750 3700070
0.069091796875000 3699964
0.067443847656250 3700035
0.069702148437500 3699929
0.069335937500000 3700105
0.072021484375000 3699894
0.067626953125000 3700105
0.069396972656250 3603045
0.000000000000000 3610648
0.069885253906250 3700035
0.067321777343750 3699894
0.071411132812500 3700035
0.072814941406250 3700070
0.068847656250000 3699964
0.069641113281250 3700035
0.067260742187500 3700000
0.068359375000000 3699964
0.070068359375000 3700000
0.068420410156250 3700000
0.070922851562500 3700000
0.068298339843750 3700000
0.000000000000000 3700000
0.069702148437500 3700000
0.069396972656250 3700000
0.067382812500000 3700000
0.067504882812500 3694650
0.071289062500000 3699964
0.071350097656250 3700035
0.070312500000000 3699894
0.069519042968750 3700070
0.068420410156250 3700000
0.069030761718750 3700000
0.070373535156250 3700035
0.000000000000000 3699929
0.070312500000000 3695251
0.069824218750000 3690373
0.069763183593750 3687790
0.062011718750000 3697703
0.068542480468750 3700000
0.069213867187500 3700105
0.069030761718750 3699929
0.061401367187500 3700035
0.067749023437500 3700035
0.071105957031250 3699964
0.069396972656250 3698596
0.067993164062500 3687072
0.070617675781250 3686934
0.066650390625000 3683264
0.070556640625000 3694552
0.000000000000000 3689085
0.067260742187500 3699894
0.070190429687500 3699955
0.072082519531250 3686535
0.068420410156250 3698745
0.071044921875000 3697177
0.066589355468750 3688148
0.070373535156250 3684150
0.067932128906250 3683366
0.070556640625000 3697050
0.069824218750000 3693098
0.068115234375000 3698163
0.061218261718750 3683366
0.068176269531250 3693017
0.000000000000000 3688235
0.071594238281250 3685320
0.066284179687500 3692482
0.070434570312500 3688392
0.068542480468750 3699138
0.070861816406250 3698266
0.070312500000000 3699458
0.067138671875000 3690572
0.068481445312500 3689291
0.068908691406250 3691321
0.069519042968750 3692750
0.068359375000000 3698655
0.061828613281250 3694498
0.074279785156250 3693304
0.069641113281250 3688897
0.000000000000000 3686871
0.070983886718750 3699869
0.068969726562500 3694293
0.071960449218750 3692337
0.068237304687500 3699307
0.071716308593750 3694289
0.069702148437500 3698390
0.069335937500000 3699964
0.070800781250000 3700070
0.068481445312500 3695547
0.070251464843750 3696272
0.000000000000000 3687488
0.069763183593750 3697604
0.071105957031250 3688267
0.069824218750000 3690857
0.069763183593750 3683400
0.070495605468750 3690734
0.068420410156250 3692635
0.070678710937500 3698051
0.068908691406250 3696348
0.070007324218750 3691462
0.070983886718750 3697220
0.069519042968750 3700000
0.000000000000000 3700000
0.071716308593750 3699929
0.068603515625000 3700035
0.069580078125000 3700000
0.067199707031250 3698173
0.061523437500000 3683402
0.070861816406250 3683230
0.068237304687500 3687345
0.067443847656250 3683404
0.069030761718750 3686910
0.069763183593750 3683334
0.067260742187500 3686937
0.071533203125000 3683263
0.071228027343750 3690455
0.000000000000000 3691181
0.069763183593750 3683332
0.069274902343750 3693028
0.069274902343750 3693833
0.071533203125000 3687334
0.069335937500000 3683298
0.069335937500000 3683334
0.070251464843750 3683299
0.067810058593750 3695226
0.068359375000000 3685261
0.068237304687500 3683369
0.071655273437500 3683299
0.068664550781250 3686850
0.000000000000000 3690881
0.069335937500000 3697494
0.062316894531250 3683330
0.068908691406250 3697878
0.070312500000000 3687312
0.067626953125000 3686390
0.070190429687500 3690215
0.071411132812500 3683439
0.070007324218750 3687599
0.067565917968750 3699929
0.060668945312500 3696597
0.072753906250000 3691791
0.067504882812500 3697939
0.060668945312500 3686449
0.067443847656250 3691784
0.069030761718750 3698967
0.069946289062500 3688304
0.061523437500000 3687980
0.069274902343750 3692767
0.000000000000000 3700070
0.071350097656250 3699894
0.070495605468750 3700000
0.069152832031250 3700070
0.067932128906250 3700000
0.071166992187500 3700000
0.069824218750000 3699964
0.069274902343750 3699929
0.069824218750000 3700140
0.070922851562500 3699964
0.067810058593750 3700000
0.000000000000000 3700000
0.070495605468750 3699964
0.069091796875000 3700000
0.070556640625000 3700000
0.068298339843750 3699964
0.061218261718750 3700035
0.073669433593750 3700070
0.067687988281250 3699894
0.069396972656250 3695843
0.068664550781250 3686621
0.061279296875000 3697714
0.068725585937500 3683297
0.069335937500000 3694823
0.069824218750000 3697199
0.061035156250000 3690150
0.070922851562500 3683366
0.070617675781250 3687182
0.000000000000000 3697622
0.069030761718750 3698198
0.070312500000000 3689603
0.069030761718750 3686750
0.060852050781250 3690318
0.067626953125000 3696544
0.067932128906250 3686033
0.071594238281250 3693484
0.069641113281250 3693438
0.068786621093750 3685837
0.070800781250000 3684671
0.067138671875000 3691287
0.068420410156250 3689045
0.070434570312500 3687804
0.000000000000000 3696346
0.069763183593750 3695667
0.072204589843750 3689532
0.069641113281250 3690630
0.069946289062500 3700035
0.070251464843750 3692988
0.070434570312500 3696896
0.070800781250000 3689449
0.069091796875000 3683369
0.062622070312500 3683331
0.070068359375000 3683332
0.070922851562500 3690773
0.070251464843750 3696875
0.000000000000000 3690465
0.070739746093750 3687831
0.066894531250000 3699964
0.069885253906250 3688913
0.070007324218750 3696935
0.068969726562500 3695578
0.060791015625000 3699929
0.069824218750000 3700070
0.069458007812500 3700000
0.067565917968750 3699929
0.071289062500000 3700070
0.070312500000000 3700000
0.066894531250000 3699929
0.069763183593750 3700105
0.000000000000000 3699964
0.070678710937500 3697951
0.071472167968750 3698657
0.067077636718750 3689578
0.071533203125000 3700000
0.070739746093750 3700000
0.070373535156250 3694233
0.069946289062500 3688876
0.069458007812500 3697546
0.069458007812500 3697508
0.067749023437500 3683263
0.070617675781250 3689717
0.000000000000000 3687523
0.068847656250000 3685749
0.069946289062500 3690883
0.070190429687500 3687021
0.070983886718750 3697904
0.069091796875000 3698045
0.068359375000000 3686997
0.071228027343750 3685189
0.070434570312500 3693053
0.070373535156250 3683265
0.068969726562500 3689854
0.068847656250000 3694666
0.000000000000000 3683330
0.069946289062500 3694525
0.073547363281250 3683295
0.067871093750000 3694629
0.060668945312500 3686937
0.069335937500000 3690081
0.069213867187500 3685220
0.067871093750000 3684984
0.068725585937500 3697080
0.066955566406250 3691028
0.071411132812500 3700000
0.069580078125000 3689719
0.068664550781250 3685999
0.000000000000000 3699964
0.071166992187500 3699929
0.067504882812500 3700035
0.069213867187500 3700035
0.069824218750000 3700035
0.071838378906250 3699929
0.069519042968750 3700035
0.070434570312500 3700070
0.071655273437500 3699964
0.068481445312500 3700000
0.070190429687500 3700035
0.068664550781250 3699929
0.000000000000000 3700070
0.070800781250000 3699964
0.071533203125000 3700000
0.071105957031250 3699964
0.070068359375000 3700035
0.069274902343750 3700000
0.070800781250000 3700000
0.070983886718750 3700000
0.069274902343750 3688259
0.071228027343750 3686856
0.060607910156250 3690914
0.060791015625000 3694639
0.068664550781250 3683895
0.068664550781250 3698125
0.067199707031250 3696890
0.000000000000000 3699964
0.069641113281250 3695711
0.069152832031250 3683330
0.067749023437500 3692536
0.069458007812500 3700035
0.070007324218750 3700000
0.068420410156250 3697407
0.067443847656250 3694577
0.077697753906250 3900000
0.082824707031250 3900074
0.078674316406250 3899925
0.079650878906250 3900074
0.000000000000000 3899962
0.075195312500000 3900000
0.076843261718750 3900037
0.076538085937500 3899962
0.076721191406250 3900000
0.075134277343750 3900000
0.072326660156250 3900037
0.078491210937500 3900000
0.074829101562500 3899962
0.074218750000000 3900037
0.075073242187500 3900000
0.074096679687500 3899925
0.077575683593750 3900037
0.000000000000000 3900000
0.073059082031250 3900000
0.076049804687500 3900037
0.076354980468750 3900000
0.076416015625000 3899925
0.074584960937500 3899962
0.075744628906250 3900074
0.075622558593750 3900000
0.074523925781250 3900000
0.075744628906250 3900000
0.074829101562500 3900000
0.075744628906250 3900000
0.073669433593750 3900000
0.000000000000000 3899962
0.073852539062500 3900074
0.075988769531250 3899888
0.073181152343750 3900074
0.075317382812500 3900000
0.072998046875000 3900037
0.067565917968750 3899925
0.073974609375000 3899925
0.075622558593750 3900037
0.073059082031250 3900074
0.066345214843750 3900000
0.074829101562500 3900037
0.075500488281250 3900000
0.075866699218750 3899925
0.071838378906250 3900037
0.077209472656250 3900000
0.075195312500000 3900000
0.000000000000000 3900000
0.077697753906250 3900000
0.074279785156250 3900000
0.075439453125000 3899925
0.076599121093750 3900074
0.076171875000000 3899925
0.075622558593750 3900000
0.073425292968750 3900074
0.078063964843750 3900037
0.074829101562500 3899925
0.075805664062500 3900037
0.074829101562500 3900000
0.000000000000000 3899962
0.073913574218750 3900037
0.075317382812500 3900037
0.074584960937500 3899962
0.075195312500000 3899962
0.074462890625000 3900074
0.077270507812500 3899962
0.074829101562500 3899925
0.074401855468750 3900074
0.075317382812500 3900037
0.075195312500000 3900000
0.066223144531250 3899925
0.074401855468750 3900037
0.074523925781250 3900000
0.077697753906250 3899962
0.000000000000000 3899962
0.074584960937500 3900074
0.074829101562500 3899962
0.072143554687500 3900000
0.076110839843750 3900074
0.074462890625000 3899962
0.077514648437500 3900000
0.074584960937500 3899962
0.074157714843750 3900037
0.075866699218750 3900000
0.073730468750000 3900037
0.076049804687500 3900000
0.073059082031250 3899962
0.075073242187500 3899962
0.000000000000000 3900037
0.073242187500000 3899962
0.077392578125000 3900074
0.076660156250000 3899925
0.075378417968750 3900074
0.075378417968750 3900000
0.074829101562500 3896585
0.076477050781250 3903380
0.074462890625000 3900000
0.076049804687500 3899962
0.067138671875000 3899962
0.076965332031250 3900074
0.076110839843750 3900000
0.073059082031250 3900000
0.000000000000000 3899925
0.076904296875000 3900074
0.075439453125000 3900000
0.076782226562500 3899925
0.074890136718750 3900037
0.073425292968750 3899962
0.074768066406250 3900111
0.066894531250000 3900000
0.066467285156250 3899925
0.067565917968750 3900074
0.076660156250000 3899888
0.075500488281250 3900111
0.068115234375000 3899888
0.067687988281250 3900074
0.079101562500000 3899962
0.082519531250000 3899925
0.071289062500000 3900148
0.070739746093750 3899962
0.071899414062500 3900037
0.068420410156250 3899851
0.069946289062500 3900111
0.073547363281250 3900037
0.000000000000000 3899888
0.139404296875000 3900074
0.000000000000000 3900000
0.070434570312500 3900000
0.080444335937500 3900000
0.074523925781250 3899962
0.070556640625000 3900000
0.066284179687500 3900037
0.077270507812500 3899962
0.078735351562500 3900037
0.067138671875000 3900037
0.072448730468750 3899962
0.071533203125000 3899925
0.077575683593750 3900000
0.070800781250000 3900074
0.073852539062500 3899962
0.076599121093750 3900074
0.074951171875000 3899888
0.077453613281250 3900074
0.000000000000000 3899925
0.074523925781250 3900074
0.075805664062500 3900037
0.074462890625000 3899962
0.073120117187500 3900037
0.067565917968750 3900000
0.073669433593750 3900000
0.077270507812500 3899962
0.073486328125000 3900000
0.077697753906250 3900000
0.076904296875000 3899962
0.072204589843750 3900037
0.074951171875000 3900000
0.076660156250000 3900037
0.000000000000000 3899962
0.076416015625000 3899962
0.074645996093750 3899962
0.077209472656250 3900111
0.075622558593750 3899888
0.073791503906250 3900000
0.067443847656250 3900111
0.071960449218750 3899925
0.076354980468750 3899962
0.074218750000000 3900074
0.077026367187500 3899962
0.074768066406250 3900037
0.078552246093750 3900000
0.074951171875000 3900000
0.000000000000000 3899925
0.073791503906250 3900111
0.067993164062500 3899962
0.076538085937500 3900000
0.074279785156250 3900000
0.075012207031250 3899925
0.076293945312500 3900111
0.075988769531250 3899962
0.072509765625000 3900000
0.076843261718750 3900037
0.072937011718750 3899925
0.076782226562500 3899962
0.072509765625000 3900111
0.074584960937500 3899925
0.072753906250000 3900074
0.066467285156250 3899962
0.000000000000000 3900000
0.080017089843750 3900037
0.074035644531250 3899925
0.066528320312500 3900037
0.075622558593750 3900000
0.067993164062500 3899925
0.075256347656250 3900074
0.074035644531250 3900000
0.066711425781250 3900037
0.070129394531250 3899888
0.078491210937500 3900000
0.077636718750000 3900111
0.078186035156250 3900000
0.074157714843750 3899962
0.077331542968750 3900000
0.074523925781250 3900037
0.074890136718750 3899925
0.000000000000000 3900074
0.074340820312500 3899888
0.075622558593750 3900074
0.076599121093750 3900037
0.074157714843750 3899925
0.074707031250000 3900037
0.074096679687500 3900037
0.066406250000000 3899962
0.072937011718750 3869174
0.063903808593750 3800000
0.071228027343750 3799891
0.072814941406250 3800108
0.062988281250000 3800000
0.069641113281250 3800000
0.072631835937500 3800000
0.068908691406250 3800000
0.072631835937500 3799963
0.069030761718750 3800072
0.000000000000000 3800000
0.069946289062500 3799927
0.071228027343750 3800036
0.070129394531250 3800000
0.062194824218750 3800000
0.071533203125000 3799963
0.071533203125000 3799963
0.069274902343750 3800036
0.072753906250000 3800036
0.069030761718750 3800000
0.071166992187500 3799963
0.071411132812500 3800036
0.069519042968750 3799963
0.072021484375000 3800036
0.000000000000000 3799963
0.071838378906250 3800000
0.070373535156250 3800036
0.069091796875000 3800000
0.074157714843750 3800000
0.071228027343750 3800000
0.068847656250000 3799927
0.072021484375000 3799963
0.070129394531250 3800144
0.071533203125000 3799927
0.070068359375000 3800000
0.069274902343750 3800036
0.000000000000000 3800000
0.070739746093750 3799963
0.070739746093750 3800036
0.070434570312500 3800000
0.069580078125000 3799963
0.074279785156250 3800036
0.070373535156250 3800000
0.071105957031250 3799963
0.072143554687500 3800000
0.067871093750000 3799963
0.072265625000000 3800072
0.069213867187500 3800036
0.072204589843750 3799963
0.000000000000000 3800000
0.070617675781250 3799927
0.070678710937500 3800072
0.069396972656250 3799927
0.071044921875000 3800000
0.070983886718750 3799963
0.069396972656250 3800108
0.062805175781250 3799963
0.073730468750000 3800072
0.072570800781250 3799963
0.070068359375000 3800000
0.071472167968750 3800000
0.070312500000000 3799963
0.068969726562500 3800036
0.000000000000000 3800000
0.070495605468750 3799891
0.069641113281250 3800108
0.070739746093750 3800000
0.071716308593750 3800000
0.069213867187500 3799927
0.069641113281250 3800108
0.069824218750000 3799963
0.070922851562500 3800000
0.071350097656250 3800000
0.074523925781250 3799963
0.069641113281250 3800036
0.068542480468750 3800000
0.000000000000000 3800000
0.073364257812500 3800000
0.068969726562500 3799963
0.070068359375000 3799963
0.069335937500000 3800000
0.070861816406250 3800036
0.072631835937500 3800000
0.070495605468750 3799963
0.070312500000000 3800036
0.069274902343750 3799963
0.072021484375000 3800072
0.067199707031250 3799963
0.071289062500000 3799927
0.000000000000000 3800108
0.071350097656250 3799927
0.070434570312500 3800108
0.073608398437500 3799891
0.069519042968750 3800000
0.071777343750000 3800000
0.068542480468750 3800036
0.073242187500000 3800036
0.071105957031250 3800000
0.070617675781250 3799963
0.071777343750000 3800036
0.069519042968750 3799927
0.062377929687500 3800036
0.069274902343750 3800036
0.000000000000000 3799927
0.073059082031250 3799927
0.071228027343750 3800036
0.070434570312500 3800036
0.070190429687500 3799963
0.071777343750000 3800144
0.070434570312500 3800000
0.071472167968750 3799927
0.071960449218750 3800036
0.071411132812500 3800000
0.069763183593750 3800000
0.000000000000000 3799927
0.071228027343750 3800072
0.071838378906250 3799963
0.071899414062500 3800036
0.070495605468750 3799963
0.072082519531250 3799963
0.070434570312500 3800072
0.070495605468750 3799963
0.071228027343750 3799963
0.069824218750000 3800072
0.069824218750000 3799927
0.070678710937500 3800072
0.068969726562500 3799963
0.000000000000000 3800036
0.072387695312500 3800000
0.069458007812500 3800000
0.070678710937500 3800000
0.070007324218750 3800000
0.072875976562500 3800000
0.070373535156250 3799927
0.070434570312500 3800072
0.072875976562500 3800036
0.069824218750000 3799891
0.071777343750000 3800036
0.069274902343750 3799927
0.000000000000000 3800108
0.070861816406250 3800000
0.072143554687500 3799963
0.071655273437500 3799963
0.072204589843750 3800072
0.069274902343750 3800000
0.064819335937500 3800036
0.068176269531250 3799963
0.071166992187500 3799963
0.069213867187500 3800000
0.071655273437500 3800000
0.073242187500000 3800036
0.068725585937500 3800000
0.069030761718750 3800000
0.069213867187500 3799927
0.000000000000000 3800036
0.071960449218750 3800036
0.069519042968750 3799927
0.071105957031250 3800108
0.069213867187500 3799963
0.070007324218750 3799927
0.071350097656250 3800036
0.069091796875000 3799963
0.068847656250000 3800000
0.068054199218750 3800036
0.071350097656250 3800036
0.068237304687500 3800000
0.071411132812500 3800000
0.069519042968750 3800000
0.000000000000000 3800000
0.131469726562500 3799963
0.000000000000000 3800036
0.069213867187500 3800000
0.070617675781250 3799963
0.069580078125000 3800072
0.071533203125000 3799963
0.069580078125000 3799963
0.071228027343750 3800036
0.072204589843750 3800036
0.069885253906250 3799963
0.071105957031250 3799855
0.068969726562500 3800108
0.071411132812500 3800000
0.069641113281250 3799963
0.000000000000000 3800072
0.072265625000000 3800000
0.071472167968750 3799963
0.068603515625000 3800000
0.070312500000000 3800036
0.070190429687500 3800000
0.071716308593750 3799927
0.071655273437500 3800036
0.071533203125000 3800036
0.072937011718750 3800000
0.072021484375000 3799963
0.069396972656250 3800036
0.000000000000000 3799927
0.068847656250000 3799963
0.073242187500000 3800036
0.068908691406250 3800036
0.062683105468750 3800036
0.069885253906250 3800000
0.070190429687500 3799891
0.072326660156250 3800108
0.068969726562500 3800000
0.073608398437500 3799891
0.068664550781250 3800108
0.070678710937500 3800000
0.070556640625000 3799963
0.070861816406250 3800036
0.000000000000000 3800036
0.072692871093750 3800000
0.069396972656250 3799927
0.070739746093750 3800036
0.069763183593750 3800000
0.072326660156250 3800000
0.070739746093750 3799891
0.068847656250000 3800036
0.069763183593750 3800036
0.070068359375000 3800036
0.071777343750000 3799891
0.068969726562500 3800036
0.069946289062500 3799963
0.072448730468750 3800036
0.000000000000000 3800072
0.070556640625000 3799927
0.062133789062500 3800000
0.067932128906250 3800072
0.070434570312500 3799963
0.070861816406250 3800072
0.070617675781250 3799963
0.070678710937500 3799963
0.071655273437500 3800036
0.071289062500000 3800000
0.070495605468750 3799963
0.071777343750000 3799927
0.070983886718750 3800108
0.062561035156250 3800000
0.070678710937500 3799927
0.000000000000000 3800036
0.070190429687500 3799927
0.071166992187500 3800036
0.069641113281250 3800000
0.071105957031250 3799963
0.070617675781250 3800036
0.070617675781250 3800036
0.069824218750000 3799963
0.070068359375000 3800000
0.072753906250000 3800072
0.069519042968750 3800000
0.070434570312500 3800000
0.069152832031250 3799963
0.069763183593750 3800036
0.000000000000000 3800000
0.070922851562500 3800000
0.073242187500000 3800000
0.071166992187500 3800036
0.068664550781250 3799963
0.063659667968750 3800000
0.069641113281250 3800000
0.070983886718750 3799963
0.069824218750000 3799963
0.071899414062500 3800108
0.069396972656250 3799963
0.073303222656250 3800000
0.072265625000000 3800000
0.068420410156250 3800000
0.000000000000000 3800000
0.073913574218750 3800000
0.069580078125000 3799963
0.070129394531250 3800036
0.069763183593750 3799963
0.062683105468750 3800000
0.073913574218750 3800036
0.070312500000000 3799963
0.069763183593750 3799927
0.068664550781250 3800072
0.070983886718750 3800000
0.068969726562500 3800000
0.071594238281250 3800036
0.000000000000000 3799927
0.072692871093750 3800072
0.068481445312500 3800000
0.062744140625000 3799927
0.070434570312500 3800000
0.069763183593750 3800072
0.068786621093750 3800000
0.071838378906250 3800000
0.068420410156250 3800000
0.071228027343750 3799927
0.071350097656250 3800072
0.071105957031250 3800000
0.072265625000000 3800000
0.069396972656250 3799927
0.069824218750000 3800072
0.069519042968750 3799963
0.000000000000000 3799927
0.072998046875000 3800108
0.069091796875000 3800036
0.069946289062500 3799855
0.071044921875000 3800036
0.069824218750000 3800072
0.062316894531250 3799927
0.070190429687500 3800000
0.071899414062500 3800036
0.069152832031250 3800072
0.072143554687500 3799927
0.073608398437500 3800000
0.069763183593750 3800000
0.070800781250000 3799927
0.000000000000000 3800000
0.069580078125000 3800108
0.071899414062500 3800000
0.069274902343750 3799927
0.071899414062500 3800000
0.070068359375000 3800036
0.069702148437500 3799927
0.072509765625000 3800108
0.069091796875000 3800000
0.071594238281250 3799855
0.071350097656250 3800036
0.069946289062500 3800144
0.000000000000000 3799963
0.071166992187500 3799891
0.072875976562500 3800036
0.070495605468750 3800000
0.069213867187500 3800072
0.071777343750000 3800000
0.070800781250000 3799927
0.068481445312500 3800072
0.071777343750000 3799963
0.070678710937500 3800036
0.072143554687500 3800000
0.068420410156250 3800000
0.071777343750000 3799927
0.000000000000000 3800072
0.072021484375000 3800000
0.069213867187500 3799927
0.070434570312500 3800036
0.069946289062500 3800036
0.070373535156250 3800000
0.071350097656250 3800000
0.071472167968750 3800000
0.072631835937500 3799963
0.070190429687500 3800036
0.069519042968750 3800000
0.070007324218750 3799927
0.000000000000000 3800000
0.072265625000000 3800072
0.071350097656250 3800000
0.070190429687500 3799963
0.073120117187500 3800000
0.068847656250000 3800036
0.073913574218750 3799963
0.069641113281250 3800036
0.070129394531250 3800000
0.062194824218750 3800000
0.072326660156250 3799963
0.068420410156250 3800036
0.070495605468750 3800000
0.071411132812500 3799963
0.068542480468750 3800036
0.000000000000000 3799891
0.071228027343750 3800036
0.072265625000000 3799963
0.070434570312500 3800000
0.070739746093750 3800000
0.070800781250000 3800108
0.070312500000000 3800000
0.068664550781250 3800036
0.071655273437500 3799927
0.068542480468750 3800000
0.070434570312500 3800036
0.070861816406250 3800000
0.000000000000000 3800036
0.072937011718750 3799963
0.071411132812500 3799963
0.069152832031250 3800072
0.069580078125000 3799963
0.070495605468750 3800000
0.071411132812500 3800000
0.067687988281250 3799963
0.070190429687500 3800036
0.071289062500000 3800000
0.068603515625000 3799963
0.063537597656250 3800000
0.070800781250000 3800036
0.069519042968750 3800000
0.070983886718750 3799963
0.000000000000000 3800036
0.071228027343750 3800000
0.069213867187500 3799963
0.070190429687500 3800036
0.072631835937500 3800000
0.070373535156250 3800000
0.069274902343750 3800000
0.069702148437500 3800000
0.069458007812500 3800000
0.069763183593750 3800036
0.062194824218750 3799963
0.070983886718750 3799963
0.069396972656250 3800072
0.070739746093750 3799963
0.068664550781250 3800000
0.062866210937500 3799891
0.069763183593750 3800072
0.070800781250000 3800036
0.000000000000000 3799891
0.070068359375000 3800036
0.070068359375000 3800000
0.072570800781250 3800072
0.068542480468750 3799963
0.071411132812500 3800036
0.070190429687500 3800000
0.070556640625000 3799963
0.069030761718750 3800036
0.072570800781250 3800000
0.074096679687500 3799927
0.070556640625000 3799963
0.000000000000000 3800036
0.073059082031250 3800000
0.068847656250000 3800072
0.071044921875000 3799927
0.068725585937500 3799963
0.071533203125000 3800072
0.073364257812500 3800000
0.070800781250000 3800000
0.071838378906250 3800072
0.070129394531250 3799963
0.062133789062500 3800000
0.069396972656250 3799963
0.071228027343750 3800036
0.068786621093750 3799963
0.000000000000000 3800000
0.072265625000000 3800036
0.071350097656250 3799927
0.069091796875000 3800000
0.072265625000000 3800000
0.067810058593750 3800072
0.072143554687500 3799963
0.071716308593750 3799963
0.069763183593750 3800000
0.070068359375000 3800000
0.070068359375000 3800072
0.070556640625000 3800036
0.069885253906250 3799891
0.000000000000000 3800108
0.069763183593750 3799855
0.069274902343750 3800072
0.071899414062500 3800072
0.073059082031250 3799927
0.069274902343750 3800036
0.072265625000000 3800000
0.073303222656250 3799963
0.069824218750000 3800036
0.071777343750000 3800000
0.069885253906250 3799963
0.070556640625000 3800036
0.000000000000000 3800000
0.070129394531250 3800000
0.071716308593750 3799963
0.068725585937500 3800036
0.072448730468750 3800000
0.072692871093750 3800036
0.068847656250000 3799927
0.070068359375000 3800036
0.068359375000000 3800000
0.069641113281250 3799963
0.072387695312500 3800036
0.070861816406250 3800000
0.073181152343750 3800000
0.000000000000000 3800000
0.131042480468750 3799855
0.000000000000000 3800144
0.069763183593750 3800000
0.070617675781250 3799963
0.069702148437500 3800036
0.069580078125000 3799963
0.069885253906250 3800000
0.071777343750000 3799963
0.071777343750000 3800072
0.068481445312500 3799963
0.072021484375000 3800036
0.069519042968750 3799963
0.070739746093750 3800000
0.069641113281250 3800036
0.000000000000000 3800000
0.070190429687500 3800000
0.073303222656250 3800000
0.071533203125000 3800000
0.070617675781250 3800000
0.068481445312500 3800000
0.073486328125000 3800000
0.070800781250000 3800000
0.070190429687500 3800000
0.072326660156250 3800000
0.068847656250000 3800000
0.071594238281250 3799927
0.000000000000000 3800072
0.070861816406250 3799963
0.069519042968750 3800000
0.069396972656250 3800036
0.071350097656250 3800000
0.072021484375000 3799927
0.070495605468750 3800000
0.071655273437500 3800072
0.069274902343750 3799963
0.071472167968750 3800036
0.070434570312500 3799927
0.070983886718750 3800072
0.071472167968750 3800000
0.000000000000000 3799963
0.072204589843750 3800036
0.070983886718750 3799963
0.070190429687500 3800000
0.070068359375000 3800036
0.068664550781250 3799963
0.062988281250000 3800036
0.068359375000000 3800000
0.072875976562500 3799891
0.071166992187500 3800072
0.072021484375000 3800072
0.069274902343750 3799963
0.068420410156250 3800000
0.070312500000000 3800000
0.069580078125000 3800000
0.000000000000000 3800000
0.071105957031250 3799963
0.071899414062500 3800000
0.069641113281250 3800000
0.071472167968750 3800036
0.070678710937500 3800000
0.070129394531250 3800000
0.070739746093750 3799963
0.071655273437500 3800036
0.069641113281250 3799963
0.072631835937500 3800000
0.070190429687500 3799963
0.069519042968750 3800000
0.000000000000000 3799963
0.070495605468750 3800108
0.070556640625000 3799927
0.071350097656250 3800072
0.072631835937500 3800000
0.068847656250000 3799891
0.071105957031250 3800072
0.072387695312500 3799963
0.071105957031250 3800000
0.068298339843750 3800000
0.073059082031250 3800036
0.063903808593750 3800000
0.069335937500000 3800036
0.000000000000000 3799963
0.070068359375000 3800000
0.070129394531250 3800036
0.072326660156250 3800000
0.071594238281250 3799927
0.071228027343750 3800072
0.070922851562500 3799963
0.069152832031250 3800036
0.062561035156250 3800000
0.067993164062500 3799927
0.070861816406250 3800072
0.068481445312500 3800000
0.070739746093750 3800000
0.070983886718750 3800000
0.070617675781250 3800036
0.000000000000000 3799963
0.070556640625000 3800036
0.070678710937500 3799927
0.062316894531250 3800036
0.062255859375000 3800000
0.071044921875000 3800000
0.068725585937500 3800000
0.072204589843750 3800000
0.062744140625000 3799927
0.071105957031250 3800000
0.071777343750000 3800036
0.068725585937500 3800036
0.071350097656250 3800000
0.070556640625000 3799963
0.070312500000000 3800072
0.068725585937500 3799927
0.071350097656250 3800000
0.000000000000000 3800036
0.074462890625000 3800000
0.071044921875000 3799963
0.072570800781250 3800036
0.068847656250000 3800000
0.070861816406250 3800000
0.071472167968750 3800000
0.070434570312500 3799927
0.072082519531250 3800000
0.067749023437500 3800072
0.064514160156250 3800000
0.069458007812500 3800000
0.070617675781250 3799819
0.070861816406250 3800217
0.000000000000000 3799927
0.071228027343750 3800036
0.074829101562500 3800000
0.072021484375000 3799963
0.062744140625000 3800072
0.068481445312500 3799963
0.072998046875000 3799927
0.069641113281250 3800072
0.072326660156250 3800000
0.070861816406250 3800000
0.071411132812500 3800000
0.073059082031250 3800000
0.000000000000000 3799963
0.070312500000000 3800000
0.070739746093750 3800036
0.068542480468750 3799891
0.072814941406250 3800108
0.071533203125000 3800000
0.068359375000000 3800000
0.070556640625000 3799963
0.071289062500000 3799927
0.062438964843750 3800036
0.069152832031250 3800072
0.069335937500000 3800000
0.070495605468750 3800000
0.062194824218750 3800000
0.069458007812500 3800000
0.071289062500000 3799601
0.069946289062500 3800398
0.000000000000000 3799963
0.069641113281250 3800036
0.072570800781250 3799891
0.069152832031250 3800108
0.070922851562500 3799891
0.069213867187500 3800108
0.072998046875000 3799963
0.070556640625000 3800000
0.069580078125000 3800000
0.072998046875000 3800000
0.070251464843750 3800036
0.072021484375000 3800000
0.068725585937500 3799891
0.000000000000000 3800000
0.070983886718750 3800108
0.071472167968750 3799891
0.071228027343750 3800072
0.069396972656250 3800000
0.069152832031250 3800036
0.071777343750000 3799927
0.070678710937500 3800072
0.072021484375000 3800000
0.070068359375000 3800000
0.070617675781250 3800000
0.072082519531250 3800000
0.000000000000000 3800000
0.072448730468750 3800000
0.072326660156250 3800000
0.067626953125000 3800000
0.070495605468750 3800000
0.070312500000000 3800000
0.070983886718750 3800000
0.069152832031250 3800000
0.071166992187500 3800000
0.070007324218750 3800000
0.071960449218750 3800000
0.070922851562500 3799963
0.071777343750000 3800036
0.138854980468750 3799987
0.072937011718750 3800036
0.071594238281250 3800000
0.070068359375000 3800000
0.071777343750000 3800000
0.070922851562500 3800000
0.070983886718750 3800000
0.072998046875000 3799891
0.000000000000000 3800000
0.069091796875000 3800108
0.072570800781250 3800000
0.073364257812500 3799963
0.070861816406250 3800036
0.072692871093750 3800000
0.069030761718750 3799963
0.071655273437500 3800036
0.068420410156250 3800000
0.069763183593750 3800036
0.071960449218750 3799963
0.071777343750000 3800000
0.000000000000000 3800000
0.072143554687500 3800000
0.070068359375000 3799927
0.071166992187500 3800072
0.069763183593750 3799927
0.071472167968750 3800072
0.071594238281250 3799963
0.069702148437500 3800000
0.069641113281250 3800036
0.072570800781250 3799891
0.070617675781250 3800072
0.069763183593750 3800036
0.000000000000000 3799963
0.071228027343750 3800000
0.071411132812500 3800036
0.071044921875000 3799963
0.069885253906250 3800000
0.071655273437500 3800036
0.071350097656250 3799963
0.071228027343750 3800036
0.062316894531250 3800000
0.073242187500000 3800036
0.068664550781250 3799963
0.062377929687500 3800000
0.072814941406250 3799963
0.070983886718750 3800036
0.068359375000000 3799963
0.000000000000000 3800036
0.070678710937500 3800000
0.069702148437500 3799963
0.071472167968750 3800036
0.072387695312500 3799963
0.071228027343750 3800000
0.062438964843750 3800036
0.070129394531250 3800036
0.072021484375000 3800000
0.068969726562500 3799963
0.073303222656250 3800000
0.073791503906250 3800000
0.069091796875000 3800000
0.000000000000000 3799963
0.072814941406250 3799927
0.068298339843750 3800036
0.062255859375000 3800072
0.070434570312500 3800000
0.071777343750000 3799927
0.068542480468750 3800000
0.062194824218750 3800072
0.073486328125000 3800000
0.069335937500000 3799927
0.070129394531250 3800072
0.070678710937500 3799927
0.070251464843750 3800036
0.070312500000000 3799927
0.070007324218750 3800108
0.071228027343750 3799963
0.069396972656250 3799963
0.000000000000000 3800108
0.074035644531250 3799855
0.068603515625000 3800108
0.072875976562500 3800000
0.071472167968750 3800000
0.069580078125000 3799927
0.072448730468750 3800000
0.068908691406250 3800072
0.072937011718750 3799927
0.070861816406250 3800036
0.074279785156250 3800036
0.000000000000000 3800000
0.069213867187500 3800000
0.072692871093750 3800000
0.071228027343750 3800000
0.070495605468750 3800000
0.072143554687500 3800000
0.069458007812500 3799963
0.070922851562500 3799963
0.071166992187500 3800072
0.071777343750000 3800000
0.072692871093750 3799963
0.069763183593750 3800036
0.000000000000000 3800000
0.068664550781250 3800000
0.070617675781250 3800000
0.072998046875000 3799963
0.069396972656250 3800000
0.072448730468750 3800000
0.072692871093750 3800000
0.071472167968750 3800036
0.072021484375000 3799963
0.069763183593750 3800036
0.070434570312500 3800000
0.070312500000000 3800000
0.000000000000000 3799963
0.070861816406250 3800036
0.071777343750000 3799891
0.069091796875000 3800108
0.070556640625000 3800000
0.070495605468750 3799963
0.069152832031250 3800000
0.069335937500000 3800036
0.071350097656250 3800000
0.072937011718750 3800036
0.069519042968750 3799963
0.071655273437500 3799963
0.069641113281250 3799963
0.000000000000000 3800036
0.071838378906250 3800036
0.072814941406250 3799891
0.070678710937500 3800108
0.070007324218750 3799963
0.069885253906250 3800036
0.071777343750000 3799963
0.070556640625000 3799927
0.070373535156250 3800036
0.071655273437500 3800072
0.068969726562500 3800000
0.070678710937500 3799963
0.069580078125000 3799963
0.000000000000000 3800072
0.072265625000000 3799927
0.069091796875000 3800000
0.071777343750000 3800072
0.069641113281250 3799927
0.069946289062500 3800072
0.071777343750000 3799927
0.068298339843750 3800072
0.072937011718750 3800000
0.068054199218750 3800000
0.069396972656250 3800000
0.070007324218750 3800036
0.070678710937500 3799927
0.000000000000000 3800036
0.071594238281250 3799927
0.070068359375000 3800000
0.070983886718750 3800036
0.069335937500000 3800036
0.062072753906250 3799963
0.068908691406250 3800036
0.071838378906250 3799927
0.071594238281250 3799963
0.069152832031250 3800000
0.070556640625000 3800072
0.070068359375000 3800036
0.070068359375000 3800000
0.068176269531250 3799963
0.062866210937500 3800036
0.071350097656250 3800000
0.071350097656250 3800000
0.000000000000000 3800000
0.070556640625000 3800000
0.069213867187500 3799963
0.070312500000000 3799963
0.069763183593750 3800072
0.072143554687500 3800000
0.069091796875000 3800000
0.074035644531250 3800036
0.071289062500000 3799927
0.068542480468750 3799963
0.070617675781250 3800072
0.071044921875000 3799963
0.000000000000000 3800036
0.071899414062500 3800000
0.070739746093750 3800000
0.068542480468750 3800036
0.071105957031250 3799963
0.070983886718750 3800036
0.071594238281250 3799891
0.064697265625000 3800000
0.076049804687500 3800072
0.072814941406250 3800000
0.073913574218750 3799891
0.070800781250000 3800108
0.065795898437500 3800000
0.000000000000000 3800000
0.073120117187500 3799963
0.062744140625000 3800000
0.069213867187500 3800036
0.069030761718750 3800000
0.066833496093750 3799891
0.062255859375000 3800108
0.073852539062500 3799891
0.072387695312500 3800000
0.062866210937500 3800144
0.072937011718750 3799963
0.062133789062500 3799963
0.073181152343750 3799963
0.063049316406250 3800072
0.073730468750000 3799891
0.072448730468750 3800108
0.073425292968750 3800000
0.064941406250000 3800000
0.068725585937500 3800000
0.000000000000000 3799963
0.071655273437500 3800036
0.070983886718750 3800000
0.070861816406250 3799963
0.070312500000000 3800036
0.071350097656250 3800000
0.071350097656250 3799963
0.070190429687500 3799963
0.070556640625000 3800000
0.069885253906250 3800108
0.069763183593750 3799963
0.068054199218750 3799891
0.070922851562500 3800108
0.000000000000000 3800000
0.072021484375000 3799963
0.068237304687500 3800036
0.069396972656250 3800000
0.069641113281250 3800000
0.073120117187500 3800000
0.069763183593750 3800000
0.070312500000000 3800000
0.071777343750000 3800000
0.071716308593750 3800000
0.070495605468750 3799963
0.070007324218750 3799963
0.070739746093750 3800072
0.069763183593750 3800036
0.062316894531250 3799927
0.000000000000000 3800036
0.068603515625000 3799963
0.071716308593750 3800036
0.072570800781250 3800000
0.070617675781250 3800000
0.070617675781250 3799927
0.069519042968750 3800072
0.070922851562500 3799927
0.069946289062500 3800072
0.071105957031250 3800000
0.070983886718750 3799963
0.069091796875000 3800036
0.071289062500000 3799963
0.000000000000000 3800036
0.072021484375000 3800000
0.070556640625000 3799963
0.069396972656250 3800036
0.070434570312500 3799927
0.062194824218750 3800036
0.072326660156250 3799963
0.064575195312500 3800072
0.070922851562500 3799963
0.070983886718750 3800036
0.071411132812500 3799963
0.063293457031250 3800036
0.068847656250000 3800000
0.073669433593750 3799927
0.065673828125000 3800072
0.066284179687500 3799927
0.069274902343750 3800072
0.070129394531250 3799963
0.000000000000000 3800000
0.069885253906250 3800000
0.069885253906250 3800000
0.071960449218750 3800036
0.067199707031250 3800000
0.071533203125000 3799963
0.062683105468750 3800036
0.070983886718750 3800000
0.071044921875000 3799963
0.070495605468750 3800036
0.070983886718750 3799963
0.071533203125000 3800000
0.070007324218750 3800036
0.071838378906250 3800000
0.070068359375000 3799963
0.000000000000000 3800000
0.070495605468750 3800000
0.069885253906250 3800036
0.072265625000000 3800000
0.069824218750000 3800000
0.062683105468750 3800000
0.068725585937500 3800000
0.073608398437500 3799963
0.070556640625000 3800000
0.068176269531250 3800036
0.070617675781250 3799963
0.072143554687500 3800036
0.072143554687500 3800000
0.000000000000000 3800000
0.070983886718750 3800000
0.070129394531250 3799963
0.069763183593750 3800036
0.070739746093750 3800000
0.062377929687500 3800000
0.069519042968750 3783734
0.070007324218750 3697453
0.068298339843750 3699929
0.071044921875000 3700070
0.070434570312500 3700000
0.068420410156250 3699964
0.069641113281250 3700035
0.068420410156250 3699964
0.068542480468750 3696235
0.000000000000000 3689852
0.067321777343750 3700070
0.070800781250000 3699964
0.070983886718750 3700035
0.069763183593750 3699894
0.070312500000000 3700140
0.068603515625000 3699929
0.068298339843750 3700035
0.071594238281250 3700035
0.069824218750000 3699964
0.070312500000000 3699964
0.069091796875000 3700035
0.060729980468750 3700035
0.067810058593750 3694984
0.000000000000000 3700105
0.069946289062500 3699964
0.067626953125000 3699929
0.060668945312500 3700070
0.068359375000000 3700000
0.069396972656250 3700035
0.072265625000000 3700000
0.067749023437500 3699929
0.069885253906250 3692786
0.071289062500000 3698023
0.068176269531250 3700000
0.069213867187500 3699964
0.070983886718750 3700000
0.000000000000000 3700035
0.074340820312500 3700035
0.066894531250000 3700000
0.070556640625000 3699964
0.070007324218750 3699929
0.060729980468750 3696264
0.067993164062500 3699964
0.069458007812500 3700105
0.069213867187500 3700035
0.067626953125000 3700000
0.061523437500000 3700000
0.070617675781250 3699964
0.069030761718750 3700035
0.067687988281250 3700000
0.069091796875000 3699964
0.069396972656250 3700035
0.068298339843750 3699964
0.000000000000000 3699964
0.069519042968750 3700070
0.071533203125000 3699894
0.062683105468750 3700070
0.068542480468750 3700000
0.062072753906250 3700035
0.068115234375000 3700000
0.069458007812500 3699929
0.060729980468750 3700035
0.070983886718750 3700000
0.070251464843750 3700000
0.067932128906250 3684280
0.073425292968750 3683367
0.068969726562500 3689653
0.070739746093750 3699929
0.068542480468750 3700070
0.000000000000000 3699894
0.069702148437500 3700070
0.071105957031250 3700000
0.068969726562500 3700000
0.066528320312500 3700035
0.069396972656250 3683951
0.069641113281250 3683941
0.067932128906250 3696817
0.069702148437500 3700035
0.069824218750000 3690708
0.069213867187500 3694504
0.070678710937500 3694803
0.069274902343750 3683264
0.000000000000000 3695807
0.071716308593750 3684458
0.067504882812500 3692688
0.074035644531250 3694212
0.071472167968750 3685399
0.069152832031250 3683368
0.068298339843750 3696435
0.068237304687500 3690226
0.073181152343750 3690927
0.069885253906250 3693824
0.070251464843750 3692791
0.000000000000000 3691039
0.070312500000000 3683295
0.071044921875000 3697752
0.068908691406250 3700000
0.068481445312500 3683885
0.070495605468750 3698702
0.069946289062500 3700000
0.069824218750000 3693178
0.068664550781250 3696190
0.069030761718750 3700035
0.070495605468750 3690198
0.070007324218750 3694417
0.000000000000000 3696041
0.069030761718750 3700000
0.066711425781250 3699964
0.069885253906250 3699160
0.061645507812500 3686410
0.068603515625000 3693263
0.067993164062500 3698149
0.068969726562500 3697878
0.070922851562500 3689487
0.069152832031250 3692219
0.072143554687500 3689170
0.069519042968750 3698675
0.068481445312500 3689038
0.070495605468750 3688846
0.000000000000000 3683330
0.070800781250000 3686332
0.070251464843750 3699964
0.068176269531250 3684764
0.060668945312500 3683428
0.072998046875000 3693602
0.067871093750000 3688396
0.070922851562500 3688846
0.069519042968750 3683300
0.071105957031250 3683366
0.068664550781250 3683331
0.070129394531250 3683298
0.071350097656250 3692911
0.000000000000000 3694454
0.069824218750000 3687796
0.069824218750000 3689455
0.069702148437500 3683298
0.069885253906250 3684274
0.070373535156250 3692921
0.070678710937500 3691508
0.071472167968750 3700035
0.068542480468750 3700000
0.070007324218750 3699964
0.069946289062500 3700070
0.000000000000000 3700000
0.070007324218750 3699964
0.069763183593750 3700000
0.070495605468750 3700035
0.070251464843750 3699859
0.070068359375000 3700140
0.071289062500000 3699964
0.066406250000000 3700000
0.068847656250000 3700035
0.069030761718750 3699894
0.070373535156250 3700070
0.069396972656250 3700035
0.069580078125000 3699929
0.000000000000000 3700035
0.069580078125000 3700000
0.069274902343750 3700000
0.070678710937500 3700000
0.068542480468750 3700000
0.070617675781250 3700035
0.060791015625000 3699964
0.070190429687500 3700000
0.070373535156250 3700035
0.069519042968750 3696643
0.069946289062500 3695221
0.069702148437500 3692033
0.060607910156250 3683302
0.068725585937500 3683400
0.068603515625000 3689850
0.000000000000000 3687994
0.070434570312500 3689726
0.070800781250000 3699035
0.070983886718750 3699964
0.068908691406250 3700035
0.069396972656250 3700035
0.070861816406250 3699964
0.070495605468750 3699964
0.069274902343750 3700035
0.070617675781250 3699894
0.071533203125000 3700035
0.000000000000000 3700105
0.070434570312500 3700000
0.070373535156250 3699964
0.069946289062500 3700035
0.069641113281250 3699929
0.073425292968750 3700035
0.069458007812500 3700035
0.069641113281250 3699964
0.067565917968750 3700035
0.069213867187500 3699964
0.071838378906250 3699964
0.069030761718750 3700035
0.000000000000000 3700035
0.070739746093750 3699964
0.066955566406250 3700035
0.071655273437500 3700000
0.066894531250000 3700000
0.072204589843750 3700000
0.070617675781250 3699964
0.068664550781250 3699964
0.061889648437500 3700070
0.068725585937500 3699964
0.070373535156250 3699929
0.069763183593750 3700070
0.070983886718750 3700000
0.000000000000000 3700035
0.068725585937500 3699964
0.069030761718750 3700000
0.071166992187500 3683910
0.070312500000000 3691365
0.072082519531250 3693115
0.068908691406250 3699964
0.070068359375000 3700000
0.069335937500000 3700035
0.069580078125000 3699964
0.061279296875000 3700000
0.068786621093750 3700035
0.071655273437500 3699964
0.068786621093750 3697677
0.060607910156250 3697303
0.000000000000000 3700000
0.071655273437500 3699964
0.068786621093750 3700070
0.060791015625000 3700000
0.067016601562500 3699929
