0.060485839843750 3600000
0.064270019531250 3600000
0.067810058593750 3600000
0.064697265625000 3600000
0.065979003906250 3599931
0.065612792968750 3600068
0.067260742187500 3600000
0.066284179687500 3600000
0.065246582031250 3600000
0.066650390625000 3600000
0.000000000000000 3600000
0.067687988281250 3600000
0.064147949218750 3600000
0.067138671875000 3600000
0.065673828125000 3600000
0.066955566406250 3600000
0.065368652343750 3600000
0.065979003906250 3600034
0.067077636718750 3599964
0.065612792968750 3599931
0.065063476562500 3600068
0.065185546875000 3600000
0.000000000000000 3600000
0.125793457031250 3600000
0.000000000000000 3600034
0.065429687500000 3600000
0.066101074218750 3599931
0.065551757812500 3600034
0.066955566406250 3600000
0.065917968750000 3600000
0.066345214843750 3600000
0.066833496093750 3600000
0.063964843750000 3599931
0.067016601562500 3600068
0.065673828125000 3600000
0.067260742187500 3600000
0.064514160156250 3600000
0.058837890625000 3599931
0.064392089843750 3600068
0.000000000000000 3600034
0.066162109375000 3599965
0.065063476562500 3600000
0.065673828125000 3600000
0.065063476562500 3600000
0.064514160156250 3600000
0.065063476562500 3600000
0.065063476562500 3600000
0.068603515625000 3599965
0.066467285156250 3600068
0.064086914062500 3600000
0.067199707031250 3599965
0.065063476562500 3600000
0.000000000000000 3600000
0.065795898437500 3600000
0.063964843750000 3600000
0.067687988281250 3600000
0.066223144531250 3599965
0.066162109375000 3600034
0.066101074218750 3600034
0.064575195312500 3599965
0.065734863281250 3600000
0.064697265625000 3599931
0.065917968750000 3600068
0.066101074218750 3600000
0.065368652343750 3600000
0.065124511718750 3600000
0.000000000000000 3600000
0.066528320312500 3600000
0.066589355468750 3600000
0.065307617187500 3600000
0.064697265625000 3599965
0.065917968750000 3600034
0.067932128906250 3599931
0.065368652343750 3600068
0.066284179687500 3600000
0.066650390625000 3599965
0.066650390625000 3599931
0.065246582031250 3600102
0.000000000000000 3600000
0.066101074218750 3600000
0.065185546875000 3600000
0.064575195312500 3600000
0.065551757812500 3600000
0.066467285156250 3600000
0.064758300781250 3600000
0.066101074218750 3600000
0.068054199218750 3599931
0.068054199218750 3600068
0.065673828125000 3600000
0.065185546875000 3600000
0.065551757812500 3600000
0.000000000000000 3600000
0.065917968750000 3600034
0.065368652343750 3599965
0.068603515625000 3600000
0.065246582031250 3599931
0.066772460937500 3600068
0.065673828125000 3600000
0.066833496093750 3600000
0.064025878906250 3600000
0.063964843750000 3600000
0.066894531250000 3599965
0.065856933593750 3600000
0.066528320312500 3600068
0.000000000000000 3599965
0.065429687500000 3600000
0.068481445312500 3600000
0.064880371093750 3600034
0.064880371093750 3599965
0.063293457031250 3600034
0.067626953125000 3600000
0.066833496093750 3599931
0.063781738281250 3599931
0.068481445312500 3600103
0.064147949218750 3600000
0.067626953125000 3599931
0.063110351562500 3600068
0.000000000000000 3600000
0.067565917968750 3600000
0.065185546875000 3600000
0.065124511718750 3600000
0.057983398437500 3600000
0.065063476562500 3600000
0.065795898437500 3600000
0.063293457031250 3600000
0.065246582031250 3600000
0.065612792968750 3600000
0.066284179687500 3600000
0.065429687500000 3599931
0.065979003906250 3600068
0.067871093750000 3600000
0.064697265625000 3599965
0.065795898437500 3600034
0.000000000000000 3600000
0.064331054687500 3600000
0.067077636718750 3600000
0.067016601562500 3600000
0.067321777343750 3600000
0.065490722656250 3600000
0.066162109375000 3600000
0.066955566406250 3599931
0.064025878906250 3600102
0.068054199218750 3599965
0.065856933593750 3600000
0.064453125000000 3600000
0.000000000000000 3600000
0.066040039062500 3599965
0.065307617187500 3600034
0.068603515625000 3599965
0.065551757812500 3600000
0.067810058593750 3600034
0.065063476562500 3599965
0.065979003906250 3600034
0.058044433593750 3600000
0.064636230468750 3600034
0.059326171875000 3599965
0.065368652343750 3599965
0.066833496093750 3600034
0.063720703125000 3600000
0.067382812500000 3600000
0.059204101562500 3600034
0.066955566406250 3599965
0.000000000000000 3600000
0.066589355468750 3599897
0.064758300781250 3600102
0.067504882812500 3600000
0.062927246093750 3600000
0.069152832031250 3600034
0.065673828125000 3599965
0.065429687500000 3600000
0.066528320312500 3600000
0.063171386718750 3600000
0.067932128906250 3599931
0.067565917968750 3600068
0.058227539062500 3600000
0.069152832031250 3599965
0.000000000000000 3600034
0.064636230468750 3600000
0.066955566406250 3600000
0.067016601562500 3600000
0.065185546875000 3600000
0.063781738281250 3600034
0.065917968750000 3599965
0.067260742187500 3600000
0.065795898437500 3600000
0.065979003906250 3600000
0.064514160156250 3600000
0.064392089843750 3600000
0.066467285156250 3600034
0.000000000000000 3599931
0.066040039062500 3599965
0.066650390625000 3600068
0.063659667968750 3600000
0.065246582031250 3600000
0.064819335937500 3600000
0.065734863281250 3600034
0.064758300781250 3599965
0.066528320312500 3600000
0.066711425781250 3600000
0.066772460937500 3600000
0.065979003906250 3599965
0.066772460937500 3600034
0.065124511718750 3600034
0.000000000000000 3600000
0.064514160156250 3599965
0.066894531250000 3600000
0.064880371093750 3600000
0.066101074218750 3600034
0.066223144531250 3599965
0.067382812500000 3600000
0.066345214843750 3600000
0.063293457031250 3600000
0.064819335937500 3599897
0.066406250000000 3600102
0.065551757812500 3600000
0.065246582031250 3600034
0.000000000000000 3599965
0.064880371093750 3600000
0.068115234375000 3600000
0.064453125000000 3600000
0.065612792968750 3600000
0.065429687500000 3600000
0.066650390625000 3600034
0.068176269531250 3600000
0.064453125000000 3599965
0.065612792968750 3600000
0.065246582031250 3600000
0.066589355468750 3597943
0.064636230468750 3596883
0.000000000000000 3600000
0.067016601562500 3600000
0.066345214843750 3596628
0.065002441406250 3600034
0.067565917968750 3599965
0.064758300781250 3586007
0.066345214843750 3588754
0.063781738281250 3593643
0.066833496093750 3600000
0.065979003906250 3596572
0.065063476562500 3600068
0.066162109375000 3599965
0.063903808593750 3596602
0.058593750000000 3599965
0.063476562500000 3600068
0.069152832031250 3599965
0.000000000000000 3600000
0.064025878906250 3600000
0.068298339843750 3600000
0.067321777343750 3600000
0.064208984375000 3600000
0.067382812500000 3596511
0.064025878906250 3600000
0.067199707031250 3600000
0.066284179687500 3469071
0.066406250000000 3599965
0.057861328125000 3600068
0.066040039062500 3599965
0.058349609375000 3599965
0.065551757812500 3600034
0.065734863281250 3599931
0.064331054687500 3600068
0.000000000000000 3600034
0.066894531250000 3599965
0.063842773437500 3600000
0.066284179687500 3596217
0.065917968750000 3600000
0.065612792968750 3600000
0.059020996093750 3600000
0.064575195312500 3600000
0.067565917968750 3600034
0.065490722656250 3599965
0.066955566406250 3600034
0.067199707031250 3599965
0.065795898437500 3599965
0.057800292968750 3600000
0.063171386718750 3600034
0.067382812500000 3600000
0.000000000000000 3600000
0.065185546875000 3600000
0.067016601562500 3600000
0.065551757812500 3600000
0.059020996093750 3600000
0.067504882812500 3487646
0.065185546875000 3600000
0.067810058593750 3600000
0.064147949218750 3600000
0.059204101562500 3600000
0.065307617187500 3599931
0.066955566406250 3600068
0.063781738281250 3600000
0.066345214843750 3600000
0.069458007812500 3707294
0.000000000000000 3800000
0.074890136718750 3741641
0.073181152343750 3700105
0.070861816406250 3700000
0.073120117187500 3700000
0.070983886718750 3699929
0.063415527343750 3700035
0.071166992187500 3700000
0.070312500000000 3700035
0.074401855468750 3699964
0.069580078125000 3700035
0.071533203125000 3700000
0.072509765625000 3700000
0.073181152343750 3693085
0.000000000000000 3692454
0.072631835937500 3696008
0.070495605468750 3696220
0.072204589843750 3700035
0.070861816406250 3696559
0.072143554687500 3700000
0.071777343750000 3700000
0.071655273437500 3700035
0.072631835937500 3700000
0.072326660156250 3700000
0.070739746093750 3699964
0.071594238281250 3699964
0.070556640625000 3700070
0.000000000000000 3699964
0.070373535156250 3699964
0.073608398437500 3700035
0.072875976562500 3700000
0.069824218750000 3700000
0.070373535156250 3700000
0.074035644531250 3700000
0.062927246093750 3700035
0.070190429687500 3699964
0.072509765625000 3700000
0.069580078125000 3700000
0.072143554687500 3700000
0.074096679687500 3699964
0.069824218750000 3700070
0.000000000000000 3699964
0.071472167968750 3700000
0.071228027343750 3700035
0.070922851562500 3699964
0.070007324218750 3700000
0.072509765625000 3700035
0.071411132812500 3700000
0.072692871093750 3699964
0.073120117187500 3700000
0.071411132812500 3700000
0.073364257812500 3700035
0.070617675781250 3700000
0.000000000000000 3699964
0.073059082031250 3700035
0.071044921875000 3699929
0.069946289062500 3700035
0.072631835937500 3700035
0.072265625000000 3699964
0.072631835937500 3700035
0.070068359375000 3699929
0.071350097656250 3700035
0.074218750000000 3700035
0.069702148437500 3699929
0.071899414062500 3700070
0.069091796875000 3699929
0.071411132812500 3700035
0.000000000000000 3700000
0.072143554687500 3700000
0.071960449218750 3700000
0.071594238281250 3700035
0.069396972656250 3700000
0.062927246093750 3699964
0.070922851562500 3700035
0.072814941406250 3699964
0.069519042968750 3700000
0.071960449218750 3700000
0.075317382812500 3699964
0.070373535156250 3700035
0.073974609375000 3700000
0.069763183593750 3700035
0.000000000000000 3699964
0.072937011718750 3699964
0.070312500000000 3700070
0.070556640625000 3699929
0.073547363281250 3700035
0.071105957031250 3700035
0.072814941406250 3700000
0.069885253906250 3700000
0.071533203125000 3699964
0.071472167968750 3699929
0.071838378906250 3700070
0.072570800781250 3700035
0.000000000000000 3700000
0.070983886718750 3699964
0.069702148437500 3700000
0.070678710937500 3700000
0.072204589843750 3700035
0.070434570312500 3699964
0.072387695312500 3700000
0.069885253906250 3700000
0.071594238281250 3700000
0.073486328125000 3700000
0.069885253906250 3700035
0.072509765625000 3700000
0.072143554687500 3700000
0.063232421875000 3700000
0.070190429687500 3699929
0.070678710937500 3700035
0.000000000000000 3700035
0.072082519531250 3700000
0.073547363281250 3700000
0.071533203125000 3700000
0.069580078125000 3700000
0.071105957031250 3700000
0.069152832031250 3700000
0.074218750000000 3700000
0.073181152343750 3699964
0.070434570312500 3700035
0.071777343750000 3700000
0.071166992187500 3700000
0.000000000000000 3700000
0.071899414062500 3699964
0.072814941406250 3700035
0.072509765625000 3699964
0.073181152343750 3699964
0.069885253906250 3700000
0.073181152343750 3699964
0.070495605468750 3700105
0.071899414062500 3700000
0.071044921875000 3700000
0.071899414062500 3700000
0.070922851562500 3696008
0.069763183593750 3700000
0.000000000000000 3700000
0.072143554687500 3700035
0.071350097656250 3686083
0.070739746093750 3700035
0.069946289062500 3700000
0.072509765625000 3696955
0.063110351562500 3691274
0.072692871093750 3683330
0.070739746093750 3697538
0.070861816406250 3699894
0.072082519531250 3699097
0.071289062500000 3694131
0.071777343750000 3700035
0.069335937500000 3696567
0.073242187500000 3692936
0.000000000000000 3696556
0.072937011718750 3688364
0.071105957031250 3697839
0.070800781250000 3699964
0.069763183593750 3696605
0.072143554687500 3700000
0.072204589843750 3700000
0.072692871093750 3700035
0.071411132812500 3694091
0.072692871093750 3683332
0.073547363281250 3687023
0.070983886718750 3694506
0.000000000000000 3683331
0.072021484375000 3683941
0.069091796875000 3689665
0.073303222656250 3687302
0.072143554687500 3691599
0.071533203125000 3700035
0.071594238281250 3698192
0.070007324218750 3700000
0.073303222656250 3700035
0.071289062500000 3699964
0.072021484375000 3700035
0.070617675781250 3699964
0.070007324218750 3684667
0.000000000000000 3683299
0.072387695312500 3690836
0.070251464843750 3693874
0.070861816406250 3684693
0.070739746093750 3700105
0.074829101562500 3700000
0.073425292968750 3699964
0.070007324218750 3700000
0.071533203125000 3695806
0.070983886718750 3700070
0.072998046875000 3693095
0.069091796875000 3699696
0.074951171875000 3697568
0.000000000000000 3695349
0.070556640625000 3693978
0.072814941406250 3700035
0.073425292968750 3699964
0.070678710937500 3699964
0.071899414062500 3700035
0.068847656250000 3700000
0.072570800781250 3699964
0.074462890625000 3700070
0.069641113281250 3696312
0.070861816406250 3683331
0.071044921875000 3693807
0.071899414062500 3691538
0.000000000000000 3700000
0.069580078125000 3699964
0.072631835937500 3696586
0.070800781250000 3700035
0.072509765625000 3699964
0.073608398437500 3699964
0.070861816406250 3700035
0.070861816406250 3700035
0.072753906250000 3700000
0.070434570312500 3699964
0.072082519531250 3689281
0.071533203125000 3699964
0.000000000000000 3700000
0.071350097656250 3696460
0.071228027343750 3693069
0.072692871093750 3686155
0.069824218750000 3699876
0.071655273437500 3700000
0.073791503906250 3700000
0.069335937500000 3700035
0.071960449218750 3699964
0.071533203125000 3700000
0.070861816406250 3700035
0.071655273437500 3699964
0.071472167968750 3692457
0.000000000000000 3695212
0.072326660156250 3693873
0.069763183593750 3696495
0.075622558593750 3699964
0.069213867187500 3700035
0.070983886718750 3692989
0.069274902343750 3699853
0.070739746093750 3700000
0.073669433593750 3699964
0.069702148437500 3700070
0.073181152343750 3700000
0.069519042968750 3700000
0.072753906250000 3700000
0.069946289062500 3700000
0.000000000000000 3699964
0.073730468750000 3700035
0.072265625000000 3689526
0.070739746093750 3699964
0.072814941406250 3695961
0.070251464843750 3700035
0.073181152343750 3699964
0.070739746093750 3700035
0.072570800781250 3700000
0.071533203125000 3695682
0.070129394531250 3693638
0.071105957031250 3700070
0.070068359375000 3700000
0.000000000000000 3700000
0.072570800781250 3700000
0.069458007812500 3692860
0.070678710937500 3700000
0.070739746093750 3699214
0.063964843750000 3699964
0.073181152343750 3696534
0.068969726562500 3700000
0.072021484375000 3700000
0.070007324218750 3699964
0.063598632812500 3697964
0.069885253906250 3691708
0.071533203125000 3699964
0.069274902343750 3700035
0.072509765625000 3699964
0.071289062500000 3700035
0.069396972656250 3699964
0.000000000000000 3700000
0.072448730468750 3700035
0.069946289062500 3691565
0.072143554687500 3683331
0.070007324218750 3683366
0.072570800781250 3690091
0.073181152343750 3700000
0.071777343750000 3689278
0.063110351562500 3689746
0.070251464843750 3699964
0.070739746093750 3696493
0.070983886718750 3696136
0.071533203125000 3696920
0.070129394531250 3690825
0.073486328125000 3683332
0.063110351562500 3683335
0.069091796875000 3696417
0.000000000000000 3699964
0.071960449218750 3700000
0.070007324218750 3693627
0.070495605468750 3692845
0.069335937500000 3700000
0.072448730468750 3697895
0.070251464843750 3699964
0.071655273437500 3698056
0.071777343750000 3688151
0.070495605468750 3700000
0.071777343750000 3699929
0.071777343750000 3700035
0.071838378906250 3689408
0.069885253906250 3689418
0.000000000000000 3699844
0.074890136718750 3694678
0.070190429687500 3684439
0.070373535156250 3700000
0.070556640625000 3699964
0.070373535156250 3700035
0.072265625000000 3700000
0.068481445312500 3699964
0.070800781250000 3693086
0.071533203125000 3696645
0.074279785156250 3700000
0.071594238281250 3700035
0.070861816406250 3699929
0.000000000000000 3700035
0.071411132812500 3700035
0.069458007812500 3700000
0.072143554687500 3700000
0.073303222656250 3700000
0.071411132812500 3699964
0.071105957031250 3700000
0.071044921875000 3698396
0.072021484375000 3683401
0.070190429687500 3693807
0.071105957031250 3700000
0.071411132812500 3700000
0.072509765625000 3700000
0.000000000000000 3700035
0.074218750000000 3685984
0.069091796875000 3700035
0.073791503906250 3699964
0.072021484375000 3700035
0.071655273437500 3699964
0.071960449218750 3700035
0.068847656250000 3696619
0.072021484375000 3696570
0.071533203125000 3700035
0.071594238281250 3692101
0.071044921875000 3700000
0.071594238281250 3689857
0.000000000000000 3699401
0.075744628906250 3692780
0.070007324218750 3689638
0.072021484375000 3699964
0.071472167968750 3700035
0.072204589843750 3696573
0.072387695312500 3700035
0.073059082031250 3700000
0.071533203125000 3687953
0.070983886718750 3691190
0.072509765625000 3700000
0.071044921875000 3693096
0.000000000000000 3700000
0.071472167968750 3700035
0.072631835937500 3694785
0.071533203125000 3692271
0.062866210937500 3694522
0.069396972656250 3687902
0.071533203125000 3700035
0.072021484375000 3699964
0.071533203125000 3687987
0.071655273437500 3687148
0.072631835937500 3699964
0.073608398437500 3700035
0.071777343750000 3700000
0.071716308593750 3693312
0.000000000000000 3687029
0.070495605468750 3698757
0.070556640625000 3695866
0.068908691406250 3686833
0.072448730468750 3696223
0.072692871093750 3694135
0.072570800781250 3687001
0.063537597656250 3686743
0.071594238281250 3696025
0.072998046875000 3684746
0.071289062500000 3690927
0.070983886718750 3689629
0.070312500000000 3685816
0.072204589843750 3694888
0.073120117187500 3689673
0.000000000000000 3683509
0.069458007812500 3700000
0.071289062500000 3696558
0.070556640625000 3700035
0.071655273437500 3699964
0.069885253906250 3700000
0.072265625000000 3700000
0.070861816406250 3692090
0.071716308593750 3683336
0.072143554687500 3686617
0.069702148437500 3694488
0.070617675781250 3686971
0.070861816406250 3683330
0.071533203125000 3683298
0.000000000000000 3683333
0.072692871093750 3691357
0.069091796875000 3699964
0.072937011718750 3696893
0.070617675781250 3685486
0.072631835937500 3693232
0.070068359375000 3685591
0.071411132812500 3689769
0.071228027343750 3699964
0.072814941406250 3700035
0.071899414062500 3687400
0.070617675781250 3697285
0.071350097656250 3700000
0.000000000000000 3699121
0.070129394531250 3700000
0.073242187500000 3700000
0.069213867187500 3700035
0.072021484375000 3700000
0.072937011718750 3686074
0.070312500000000 3693083
0.072814941406250 3700000
0.069641113281250 3700000
0.071655273437500 3699964
0.071838378906250 3700070
0.073059082031250 3689864
0.069885253906250 3692495
0.000000000000000 3688303
0.072021484375000 3683415
0.071960449218750 3699964
0.071533203125000 3699964
0.071105957031250 3695382
0.069335937500000 3689955
0.073730468750000 3683334
0.072143554687500 3691888
0.072387695312500 3700000
0.072082519531250 3685528
0.069396972656250 3686926
0.071411132812500 3692752
0.070434570312500 3690073
0.000000000000000 3699042
0.072509765625000 3697550
0.071166992187500 3690255
0.069274902343750 3699442
0.072326660156250 3700000
0.072448730468750 3699964
0.072998046875000 3700035
0.070190429687500 3699964
0.070739746093750 3700000
0.072937011718750 3700035
0.070739746093750 3699964
0.070190429687500 3700035
0.071411132812500 3699964
0.071716308593750 3700035
0.000000000000000 3700000
0.071350097656250 3699964
0.071289062500000 3700035
0.072998046875000 3699964
0.070007324218750 3700000
0.073364257812500 3700000
0.071655273437500 3699964
0.071105957031250 3700070
0.069824218750000 3699964
0.072692871093750 3700035
0.072937011718750 3699964
0.068664550781250 3699929
0.072143554687500 3700070
0.000000000000000 3700000
0.070617675781250 3699964
0.073242187500000 3700070
0.070495605468750 3699964
0.070190429687500 3700000
0.071594238281250 3700035
0.069763183593750 3699964
0.072387695312500 3700035
0.071777343750000 3700000
0.071533203125000 3700000
0.069641113281250 3699964
0.074218750000000 3699964
0.072509765625000 3700035
0.000000000000000 3700000
0.069396972656250 3700000
0.072204589843750 3700035
0.069152832031250 3699964
0.072204589843750 3700000
0.070129394531250 3700035
0.072448730468750 3700000
0.072265625000000 3699964
0.071655273437500 3700035
0.070861816406250 3700000
0.068847656250000 3699964
0.073669433593750 3700035
0.069580078125000 3699929
0.000000000000000 3700035
0.072937011718750 3700035
0.071044921875000 3700000
0.062866210937500 3699894
0.073791503906250 3700070
0.071044921875000 3700035
0.072021484375000 3700000
0.069091796875000 3700000
0.071105957031250 3700000
0.070983886718750 3700000
0.073791503906250 3700000
0.072814941406250 3699964
0.070251464843750 3700035
0.071411132812500 3700000
0.070495605468750 3700000
0.000000000000000 3700000
0.070434570312500 3699964
0.070678710937500 3700035
0.071655273437500 3699964
0.071105957031250 3700035
0.071777343750000 3699964
0.073425292968750 3700035
0.069152832031250 3700000
0.072204589843750 3692945
0.071228027343750 3688603
0.070983886718750 3683393
0.072387695312500 3696110
0.070068359375000 3691275
0.000000000000000 3700000
0.072509765625000 3693119
0.070922851562500 3700000
0.071594238281250 3685932
0.070129394531250 3696580
0.071594238281250 3686276
0.073974609375000 3683334
0.069335937500000 3698451
0.073425292968750 3687709
0.069702148437500 3693078
0.070983886718750 3700035
0.071655273437500 3699964
0.072143554687500 3697502
0.000000000000000 3683369
0.072387695312500 3683330
0.069763183593750 3688436
0.063110351562500 3700000
0.069519042968750 3693383
0.073059082031250 3696100
0.070373535156250 3696238
0.070800781250000 3690194
0.070861816406250 3696511
0.071533203125000 3675470
0.068725585937500 3592377
0.066040039062500 3586725
0.067382812500000 3598987
0.066772460937500 3600000
0.066528320312500 3600000
0.000000000000000 3599965
0.066711425781250 3600034
0.067443847656250 3600000
0.067810058593750 3600000
0.065307617187500 3600000
0.065429687500000 3600034
0.066955566406250 3597197
0.066040039062500 3591797
0.063964843750000 3600000
0.065917968750000 3600000
0.067138671875000 3600034
0.066772460937500 3600000
0.000000000000000 3599965
0.067565917968750 3592652
0.064392089843750 3589736
0.068542480468750 3599931
0.065612792968750 3600034
0.058227539062500 3600000
0.067077636718750 3599965
0.063659667968750 3600034
0.066589355468750 3592026
0.064941406250000 3583366
0.066833496093750 3585781
0.064392089843750 3583427
0.065124511718750 3587761
0.065551757812500 3592849
0.068725585937500 3597548
0.000000000000000 3588616
0.064941406250000 3600000
0.066467285156250 3600000
0.069335937500000 3600034
0.059997558593750 3599965
0.067687988281250 3599965
0.064575195312500 3597025
0.069396972656250 3594525
0.062011718750000 3583363
0.069946289062500 3593777
0.059509277343750 3600102
0.062744140625000 3599931
0.063049316406250 3600068
0.065063476562500 3599965
0.058471679687500 3600000
0.063354492187500 3600000
0.065490722656250 3600000
0.063659667968750 3600000
0.000000000000000 3593152
0.066772460937500 3599965
0.064331054687500 3589280
0.069946289062500 3589916
0.061279296875000 3600034
0.062377929687500 3599965
0.069335937500000 3600000
0.059448242187500 3593497
0.069152832031250 3583331
0.060729980468750 3584422
0.062133789062500 3585798
0.065490722656250 3585990
0.067321777343750 3592824
0.059387207031250 3596337
0.066223144531250 3600000
0.067260742187500 3600034
0.000000000000000 3591887
0.068969726562500 3593976
0.066833496093750 3600000
0.065429687500000 3589717
0.064392089843750 3600000
0.066772460937500 3599897
0.064331054687500 3600102
0.066223144531250 3600000
0.064514160156250 3600034
0.067382812500000 3600000
0.067321777343750 3599862
0.063964843750000 3600137
0.064331054687500 3599965
0.062927246093750 3600000
0.000000000000000 3600000
0.067565917968750 3600000
0.064514160156250 3600000
0.066772460937500 3596591
0.066467285156250 3600000
0.065368652343750 3600000
0.067077636718750 3599897
0.065856933593750 3600102
0.065368652343750 3599965
0.064575195312500 3600034
0.069213867187500 3600000
0.067749023437500 3600000
0.065246582031250 3600000
0.000000000000000 3600000
0.066040039062500 3596320
0.066162109375000 3600034
0.059997558593750 3599965
0.064636230468750 3600034
0.066223144531250 3599965
0.066223144531250 3599931
0.064514160156250 3600068
0.066589355468750 3600000
0.064392089843750 3600000
0.066772460937500 3600000
0.065063476562500 3600034
0.067016601562500 3593709
0.066162109375000 3600068
0.000000000000000 3599897
0.126037597656250 3600068
0.000000000000000 3600000
0.067687988281250 3592684
0.066711425781250 3599965
0.065917968750000 3600034
0.066772460937500 3600000
0.066650390625000 3600000
0.058776855468750 3600000
0.066223144531250 3600000
0.065856933593750 3600000
0.060302734375000 3600000
0.070739746093750 3600000
0.061218261718750 3600000
0.058654785156250 3600000
0.057983398437500 3599965
0.066894531250000 3600034
0.067626953125000 3600000
0.066223144531250 3600000
0.000000000000000 3600000
0.065246582031250 3600000
0.064819335937500 3600034
0.066894531250000 3584168
0.057861328125000 3584406
0.066589355468750 3600000
0.068420410156250 3596515
0.064453125000000 3599897
0.058410644531250 3600068
0.065429687500000 3600000
0.065002441406250 3600000
0.065429687500000 3600000
0.063781738281250 3600000
0.068542480468750 3600000
0.064697265625000 3600034
0.065124511718750 3596454
0.064941406250000 3600137
0.000000000000000 3599965
0.067687988281250 3597002
0.065246582031250 3600034
0.063903808593750 3595288
0.065551757812500 3597670
0.065673828125000 3596473
0.065002441406250 3599931
0.066467285156250 3600068
0.068603515625000 3600000
0.066101074218750 3600000
0.066162109375000 3600000
0.065307617187500 3600000
0.064453125000000 3600000
0.000000000000000 3600000
0.066772460937500 3600000
0.064086914062500 3600000
0.068542480468750 3600000
0.065185546875000 3600000
0.065002441406250 3600000
0.066528320312500 3600000
0.065551757812500 3600000
0.065734863281250 3600000
0.066772460937500 3600000
0.067321777343750 3600000
0.066467285156250 3599965
0.065734863281250 3600034
0.000000000000000 3600000
0.066589355468750 3600000
0.063842773437500 3599967
0.065429687500000 3596666
0.067993164062500 3599965
0.067687988281250 3600000
0.066528320312500 3600000
0.064392089843750 3596308
0.068481445312500 3600068
0.065917968750000 3599965
0.065307617187500 3600000
0.065551757812500 3590728
0.065612792968750 3588491
0.000000000000000 3600000
0.067626953125000 3600000
0.064392089843750 3586944
0.067199707031250 3598490
0.064636230468750 3600034
0.066528320312500 3596589
0.066406250000000 3600000
0.065185546875000 3600000
0.064697265625000 3600000
0.066162109375000 3600000
0.067504882812500 3600000
0.071472167968750 3724489
0.078002929687500 3800036
0.000000000000000 3800000
0.076110839843750 3799963
0.077636718750000 3799963
0.078430175781250 3800036
0.077636718750000 3800036
0.078552246093750 3800000
0.075866699218750 3799963
0.068420410156250 3800036
0.076843261718750 3799927
0.077331542968750 3800072
0.078125000000000 3800000
0.076538085937500 3800000
0.079284667968750 3800000
0.075378417968750 3799963
0.000000000000000 3799963
0.078674316406250 3800108
0.075378417968750 3799963
0.068298339843750 3799963
0.074340820312500 3800036
0.077636718750000 3800000
0.078613281250000 3799891
0.076110839843750 3800144
0.079711914062500 3799963
0.077636718750000 3800000
0.077880859375000 3800036
0.076538085937500 3800000
0.079711914062500 3799963
0.078247070312500 3800000
0.077575683593750 3799963
0.000000000000000 3800036
0.078674316406250 3800000
0.077392578125000 3800000
0.077941894531250 3800036
0.076782226562500 3799963
0.078613281250000 3800036
0.076843261718750 3799891
0.077758789062500 3800108
0.078247070312500 3800000
0.075073242187500 3799963
0.077941894531250 3800000
0.076904296875000 3799891
0.000000000000000 3800108
0.078979492187500 3800000
0.079650878906250 3799963
0.076232910156250 3800036
0.076599121093750 3800000
0.077087402343750 3800000
0.076721191406250 3799963
0.075317382812500 3800036
0.078186035156250 3800000
0.080261230468750 3799963
0.079162597656250 3800036
0.077453613281250 3800000
0.077697753906250 3799963
0.000000000000000 3800036
0.077941894531250 3800000
0.076721191406250 3800000
0.079101562500000 3800000
0.078308105468750 3800000
0.075561523437500 3800000
0.078369140625000 3799963
0.076843261718750 3800036
0.077148437500000 3800000
0.077026367187500 3799927
0.077514648437500 3800072
0.082580566406250 3800000
0.000000000000000 3800000
0.075134277343750 3800000
0.078613281250000 3800000
0.076293945312500 3800000
0.079284667968750 3800000
0.077819824218750 3800000
0.078552246093750 3800000
0.078186035156250 3800000
0.075500488281250 3800036
0.068603515625000 3799963
0.076599121093750 3800000
0.076721191406250 3800000
0.076354980468750 3800000
0.076538085937500 3799927
0.000000000000000 3800072
0.080200195312500 3800000
0.075805664062500 3799963
0.068115234375000 3799963
0.076110839843750 3800072
0.076232910156250 3800000
0.072692871093750 3800000
0.074707031250000 3800000
0.072631835937500 3800000
0.075439453125000 3800000
0.064575195312500 3800000
0.073120117187500 3800000
0.073608398437500 3800000
0.072326660156250 3799963
0.072387695312500 3800036
0.073425292968750 3800000
0.000000000000000 3800000
0.072326660156250 3799963
0.074096679687500 3800036
0.072265625000000 3800000
0.065185546875000 3800000
0.073242187500000 3800000
0.064697265625000 3800000
0.071716308593750 3800000
0.073547363281250 3800000
0.073120117187500 3800000
0.072387695312500 3800000
0.075622558593750 3799963
0.073608398437500 3800000
0.065063476562500 3800036
0.071716308593750 3800000
0.064697265625000 3800000
0.075073242187500 3799963
0.000000000000000 3800036
0.075927734375000 3800000
0.073913574218750 3800000
0.072998046875000 3800000
0.073730468750000 3799963
0.073303222656250 3800036
0.075195312500000 3800000
0.072204589843750 3800000
0.073059082031250 3799963
0.073791503906250 3800036
0.072204589843750 3800000
0.073486328125000 3800000
0.072082519531250 3800000
0.064453125000000 3800000
0.071899414062500 3800000
0.000000000000000 3800000
0.074523925781250 3800000
0.071350097656250 3800000
0.074462890625000 3800036
0.074584960937500 3800000
0.070983886718750 3799963
0.074584960937500 3799963
0.072387695312500 3800036
0.073059082031250 3800000
0.072387695312500 3800000
0.075988769531250 3800000
0.076171875000000 3800000
0.000000000000000 3800000
0.073974609375000 3800000
0.075256347656250 3799963
0.069458007812500 3800036
0.077087402343750 3800000
0.072570800781250 3800000
0.065368652343750 3800000
0.072875976562500 3800000
0.072937011718750 3800000
0.073913574218750 3800000
0.072204589843750 3800036
0.072021484375000 3799927
0.072265625000000 3800036
0.000000000000000 3799963
0.075805664062500 3800000
0.075744628906250 3800000
0.073852539062500 3800000
0.074584960937500 3800036
0.071533203125000 3800000
0.075256347656250 3800000
0.074096679687500 3800000
0.072265625000000 3800000
0.074829101562500 3800000
0.074768066406250 3800000
0.072204589843750 3799963
0.000000000000000 3800036
0.073242187500000 3800036
0.074890136718750 3799963
0.074584960937500 3799963
0.074829101562500 3800036
0.074096679687500 3800000
0.072387695312500 3799963
0.073791503906250 3800036
0.073303222656250 3800036
0.072326660156250 3799963
0.071716308593750 3800000
0.000000000000000 3799963
0.073974609375000 3800036
0.074218750000000 3799963
0.072387695312500 3800036
0.073852539062500 3800000
0.071899414062500 3800000
0.074035644531250 3800000
0.064575195312500 3800000
0.072692871093750 3800000
0.073059082031250 3799963
0.072937011718750 3800000
0.064331054687500 3799927
0.073120117187500 3800144
0.074340820312500 3799963
0.073303222656250 3800000
0.000000000000000 3800000
0.072937011718750 3800000
0.072753906250000 3800000
0.064392089843750 3800036
0.072814941406250 3799963
0.072937011718750 3800036
0.064147949218750 3800000
0.072143554687500 3799963
0.072082519531250 3800000
0.074401855468750 3800000
0.073486328125000 3800000
0.076049804687500 3800000
0.073242187500000 3800000
0.072631835937500 3799927
0.074584960937500 3800072
0.000000000000000 3800000
0.076049804687500 3800000
0.072814941406250 3800000
0.073730468750000 3799927
0.074035644531250 3800072
0.072998046875000 3800000
0.073486328125000 3800000
0.072143554687500 3800000
0.071716308593750 3800000
0.074584960937500 3800000
0.075073242187500 3799963
0.075134277343750 3800036
0.000000000000000 3799963
0.072814941406250 3800036
0.072448730468750 3800000
0.070434570312500 3800000
0.064575195312500 3799963
0.072387695312500 3800036
0.074218750000000 3800000
0.071716308593750 3800000
0.076721191406250 3800000
0.073059082031250 3800000
0.070983886718750 3800000
0.073974609375000 3800000
0.071411132812500 3756021
0.067382812500000 3799963
0.071777343750000 3800000
0.074707031250000 3800000
0.000000000000000 3800036
0.075195312500000 3799891
0.073059082031250 3800108
0.071594238281250 3799963
0.073547363281250 3800000
0.073303222656250 3800000
0.073608398437500 3800000
0.075622558593750 3800000
0.074951171875000 3800000
0.071105957031250 3800000
0.073120117187500 3800000
0.073242187500000 3800000
0.065124511718750 3800000
0.071533203125000 3800000
0.000000000000000 3800000
0.075988769531250 3800000
0.075256347656250 3800000
0.074279785156250 3800000
0.071044921875000 3799963
0.072143554687500 3800036
0.073242187500000 3799963
0.074707031250000 3799927
0.073974609375000 3800108
0.076171875000000 3800000
0.073059082031250 3800000
0.000000000000000 3800000
0.072143554687500 3800000
0.072570800781250 3800000
0.072021484375000 3799927
0.073486328125000 3800072
0.074523925781250 3800000
0.073974609375000 3800000
0.074584960937500 3800000
0.073852539062500 3800000
0.071472167968750 3800000
0.073547363281250 3800036
0.073791503906250 3799963
0.000000000000000 3799963
0.074645996093750 3800036
0.075439453125000 3800000
0.072937011718750 3800000
0.064331054687500 3800000
0.072570800781250 3800000
0.073852539062500 3800000
0.073242187500000 3800000
0.073913574218750 3800000
0.068969726562500 3800000
0.072448730468750 3800000
0.073791503906250 3799927
0.072448730468750 3800072
0.074523925781250 3800000
0.072448730468750 3800000
0.000000000000000 3800000
0.072753906250000 3800000
0.070312500000000 3799927
0.073547363281250 3800072
0.075744628906250 3800000
0.072387695312500 3800000
0.072143554687500 3800000
0.071655273437500 3800036
0.065124511718750 3799963
0.072631835937500 3800000
0.075561523437500 3800000
0.073181152343750 3722930
0.072387695312500 3800000
0.064819335937500 3800000
0.073791503906250 3799963
0.074829101562500 3800036
0.000000000000000 3800000
0.073791503906250 3800000
0.075439453125000 3800000
0.072692871093750 3800000
0.071166992187500 3800000
0.074401855468750 3799963
0.072814941406250 3800036
0.064880371093750 3799927
0.071594238281250 3800072
0.064392089843750 3800000
0.072204589843750 3800000
0.075500488281250 3800000
0.073547363281250 3800000
0.074523925781250 3800000
0.072387695312500 3799963
0.000000000000000 3800072
0.136413574218750 3799963
0.000000000000000 3800000
0.074768066406250 3800000
0.074096679687500 3800000
0.072082519531250 3800000
0.066223144531250 3800000
0.076232910156250 3799927
0.074096679687500 3800072
0.064880371093750 3800000
0.071533203125000 3800000
0.074157714843750 3800000
0.072448730468750 3800000
0.072998046875000 3799963
0.075500488281250 3800036
0.070861816406250 3800000
0.065795898437500 3800000
0.070678710937500 3800000
0.000000000000000 3800000
0.072448730468750 3800000
0.071960449218750 3800000
0.075317382812500 3800000
0.071289062500000 3799963
0.073303222656250 3800036
0.072509765625000 3800000
0.071960449218750 3800000
0.074035644531250 3799963
0.073425292968750 3800036
0.073974609375000 3799963
0.070861816406250 3800000
0.064331054687500 3800036
0.072204589843750 3800000
0.074707031250000 3800036
0.000000000000000 3799963
0.074218750000000 3800000
0.071228027343750 3800000
0.074279785156250 3800000
0.070556640625000 3800000
0.074707031250000 3799963
0.071472167968750 3800072
0.076110839843750 3799963
0.073303222656250 3799963
0.071777343750000 3800072
0.072692871093750 3799963
0.071166992187500 3800000
0.075256347656250 3800000
0.000000000000000 3800036
0.072692871093750 3799927
0.074523925781250 3800036
0.072326660156250 3800000
0.073242187500000 3800000
0.075012207031250 3800000
0.071044921875000 3800000
0.073181152343750 3800000
0.072692871093750 3800000
0.075439453125000 3800000
0.075683593750000 3800000
0.072326660156250 3800000
0.073242187500000 3800000
0.000000000000000 3800000
0.075073242187500 3800000
0.073669433593750 3800000
0.072204589843750 3800000
0.073852539062500 3800000
0.071899414062500 3800000
0.073120117187500 3800000
0.071105957031250 3800000
0.072326660156250 3800000
0.073242187500000 3800000
0.073120117187500 3800000
0.074523925781250 3800000
0.072814941406250 3800000
0.000000000000000 3800000
0.074340820312500 3800000
0.072082519531250 3800036
0.073303222656250 3799963
0.074401855468750 3800000
0.070678710937500 3800000
0.073059082031250 3799963
0.064392089843750 3800036
0.071166992187500 3800036
0.073364257812500 3799963
0.070983886718750 3800000
0.072875976562500 3800000
0.073852539062500 3800000
0.075317382812500 3800036
0.072143554687500 3799963
0.000000000000000 3800000
0.074584960937500 3800000
0.064392089843750 3800036
0.071350097656250 3799963
0.071105957031250 3800000
0.071960449218750 3799963
0.073486328125000 3760210
0.073059082031250 3700000
0.073303222656250 3700000
0.073608398437500 3698607
0.071838378906250 3694487
0.064697265625000 3688130
0.069213867187500 3686789
0.073486328125000 3698054
0.069763183593750 3687597
0.070983886718750 3697440
0.000000000000000 3696672
0.070739746093750 3691988
0.071716308593750 3690226
0.071166992187500 3684613
0.069335937500000 3696065
0.072753906250000 3699894
0.070495605468750 3685794
0.063232421875000 3693270
0.069335937500000 3683868
0.072143554687500 3698681
0.072814941406250 3696507
0.071289062500000 3693271
0.071777343750000 3697602
0.069030761718750 3695624
0.072753906250000 3696303
0.000000000000000 3683367
0.074340820312500 3700000
0.073425292968750 3700000
0.072570800781250 3700000
0.068725585937500 3700035
0.063049316406250 3699929
0.069885253906250 3691256
0.071411132812500 3696550
0.069885253906250 3685944
0.072387695312500 3690201
0.072509765625000 3691971
0.073730468750000 3696229
0.070617675781250 3694622
0.069458007812500 3683368
0.000000000000000 3694527
0.074157714843750 3687617
0.070617675781250 3698482
0.073791503906250 3700000
0.070983886718750 3700000
0.071411132812500 3689763
0.073303222656250 3683332
0.070739746093750 3683369
0.071472167968750 3694598
0.068847656250000 3692619
0.073974609375000 3694521
0.070068359375000 3693175
0.000000000000000 3695628
0.074035644531250 3696650
0.071105957031250 3688891
0.071044921875000 3690491
0.072387695312500 3696775
0.070495605468750 3694413
0.071411132812500 3698633
0.070007324218750 3689402
0.063049316406250 3685276
0.072814941406250 3695790
0.070007324218750 3699929
0.072814941406250 3700035
0.070129394531250 3700035
0.072631835937500 3687366
0.069885253906250 3686252
0.000000000000000 3691661
0.072387695312500 3694699
0.069702148437500 3699080
0.075195312500000 3697378
0.070983886718750 3699964
0.071533203125000 3700035
0.070861816406250 3690680
0.070129394531250 3686230
0.073669433593750 3692977
0.069702148437500 3687003
0.071289062500000 3686935
0.071777343750000 3684064
0.073242187500000 3700070
0.000000000000000 3699964
0.072143554687500 3700000
0.069458007812500 3700035
0.072021484375000 3700000
0.070251464843750 3700000
0.073486328125000 3693429
0.072143554687500 3699626
0.069641113281250 3697993
0.072509765625000 3693578
0.070983886718750 3691453
0.071166992187500 3691798
0.068847656250000 3699511
0.072265625000000 3694214
0.000000000000000 3683333
0.072509765625000 3694899
0.071655273437500 3685974
0.071533203125000 3683331
0.070190429687500 3699633
0.072509765625000 3689075
0.071594238281250 3692693
0.072570800781250 3686003
0.070922851562500 3696586
0.069580078125000 3699964
0.071166992187500 3700000
0.071655273437500 3693977
0.070983886718750 3698985
0.070800781250000 3696390
0.000000000000000 3690150
0.071166992187500 3686862
0.073669433593750 3683333
0.069335937500000 3686490
0.072265625000000 3691189
0.070739746093750 3690603
0.070861816406250 3694450
0.071777343750000 3689654
0.071655273437500 3698264
0.072387695312500 3700000
0.069335937500000 3700000
0.074340820312500 3699205
0.070007324218750 3687443
0.000000000000000 3696585
0.073791503906250 3700000
0.072143554687500 3700035
0.074218750000000 3699964
0.073303222656250 3700000
0.069580078125000 3700000
0.071044921875000 3700000
0.071838378906250 3700035
0.063842773437500 3700000
0.072387695312500 3700000
0.071716308593750 3699964
0.142150878906250 3700013
0.071411132812500 3700000
0.072021484375000 3699929
0.071777343750000 3696328
0.070678710937500 3700000
0.072631835937500 3689713
0.070373535156250 3689710
0.072082519531250 3686828
0.000000000000000 3692056
0.072570800781250 3700035
0.069946289062500 3699964
0.070373535156250 3695959
0.069152832031250 3694054
0.072387695312500 3689515
0.070373535156250 3696836
0.075317382812500 3694389
0.073425292968750 3697305
0.069091796875000 3686890
0.073852539062500 3687611
0.072143554687500 3690382
0.000000000000000 3683331
0.075195312500000 3687027
0.073303222656250 3690255
0.070129394531250 3693911
0.071105957031250 3694579
0.070129394531250 3697807
0.071350097656250 3700000
0.069458007812500 3696599
0.070861816406250 3700000
0.073303222656250 3699964
0.072570800781250 3700000
0.070007324218750 3700000
0.070495605468750 3700000
0.072448730468750 3700035
0.000000000000000 3699964
0.070922851562500 3700000
0.072509765625000 3700000
0.072143554687500 3700035
0.069335937500000 3699929
0.073120117187500 3700070
0.071166992187500 3699964
0.070983886718750 3700000
0.069274902343750 3700035
0.072265625000000 3699964
0.071899414062500 3700000
0.072814941406250 3700000
0.071594238281250 3700000
0.000000000000000 3700035
0.071533203125000 3699894
0.073608398437500 3700070
0.071350097656250 3700035
0.062988281250000 3700000
0.069824218750000 3699964
0.071899414062500 3700035
0.073181152343750 3700000
0.069152832031250 3699929
0.073181152343750 3700070
0.069824218750000 3699964
0.072570800781250 3700035
0.070861816406250 3699929
0.071960449218750 3700035
0.000000000000000 3700035
0.071838378906250 3699964
0.071289062500000 3700035
0.072753906250000 3700000
0.069213867187500 3700000
0.063720703125000 3700000
0.069458007812500 3699964
0.071899414062500 3700000
0.070861816406250 3700035
0.074157714843750 3699964
0.071166992187500 3693527
0.069824218750000 3696156
0.072753906250000 3700000
0.070861816406250 3699964
0.071044921875000 3700070
0.000000000000000 3699964
0.072265625000000 3696597
0.073425292968750 3696093
0.072814941406250 3683329
0.070251464843750 3683337
0.070983886718750 3687633
0.070434570312500 3694443
0.073059082031250 3689122
0.069885253906250 3700000
0.071166992187500 3685491
0.071899414062500 3689914
0.069519042968750 3683403
0.071594238281250 3698372
0.000000000000000 3692358
0.069946289062500 3700000
0.073608398437500 3685902
0.070983886718750 3700105
0.073669433593750 3700000
0.070251464843750 3695945
0.071411132812500 3685536
0.070373535156250 3683368
0.070739746093750 3697388
0.073181152343750 3700035
0.069885253906250 3700000
0.071899414062500 3700035
0.071594238281250 3697868
0.000000000000000 3700000
0.072265625000000 3693124
0.071411132812500 3689382
0.069335937500000 3689465
0.072021484375000 3699929
0.069824218750000 3700035
0.072509765625000 3697038
0.072875976562500 3699334
0.069702148437500 3693632
0.071594238281250 3683406
0.070373535156250 3693957
0.071899414062500 3696515
0.069091796875000 3693507
0.063476562500000 3599343
0.071044921875000 3688828
0.000000000000000 3699964
0.073608398437500 3695493
0.072814941406250 3686954
0.070983886718750 3695519
0.071655273437500 3700000
0.070556640625000 3700000
0.071960449218750 3699964
0.070312500000000 3700035
0.073791503906250 3700000
0.071838378906250 3693555
0.071838378906250 3699964
0.070922851562500 3693147
0.069702148437500 3695501
0.000000000000000 3697581
0.070800781250000 3699964
0.068603515625000 3693429
0.074462890625000 3685470
0.072387695312500 3700035
0.070373535156250 3699964
0.072082519531250 3693659
0.071105957031250 3685117
0.072326660156250 3695997
0.069580078125000 3690095
0.070922851562500 3700035
0.072570800781250 3699964
0.072265625000000 3700000
0.000000000000000 3693133
0.072937011718750 3690296
0.069030761718750 3695028
0.071533203125000 3698832
0.071411132812500 3683369
0.071655273437500 3683296
0.072387695312500 3683336
0.070251464843750 3693808
0.069702148437500 3700000
0.072326660156250 3700000
0.071105957031250 3700000
0.068969726562500 3700000
0.072143554687500 3700035
0.073669433593750 3685735
0.000000000000000 3696478
0.069885253906250 3700035
0.071838378906250 3700000
0.070800781250000 3699964
0.070556640625000 3700000
0.070495605468750 3696138
0.071044921875000 3683569
0.070251464843750 3699395
0.071533203125000 3684716
0.072509765625000 3690268
0.070556640625000 3690838
0.073608398437500 3693133
0.069885253906250 3697860
0.071594238281250 3692577
0.000000000000000 3693523
0.071166992187500 3700000
0.072631835937500 3700000
0.071533203125000 3699964
0.069519042968750 3686662
0.074645996093750 3683332
0.069824218750000 3698636
0.070739746093750 3700035
0.070312500000000 3700000
0.073303222656250 3691225
0.072387695312500 3690471
0.070556640625000 3697114
0.071777343750000 3700000
0.000000000000000 3699964
0.070007324218750 3699380
0.072021484375000 3697161
0.069641113281250 3700000
0.071533203125000 3700000
0.070861816406250 3699964
0.070434570312500 3700035
0.072204589843750 3699929
0.069763183593750 3700070
0.073425292968750 3698912
0.069641113281250 3690699
0.063110351562500 3700000
0.070312500000000 3700035
0.072082519531250 3685347
0.071472167968750 3687232
0.000000000000000 3696651
0.070251464843750 3700000
0.072265625000000 3700000
0.069763183593750 3685428
0.072021484375000 3696884
0.069091796875000 3697973
0.072143554687500 3699929
0.073303222656250 3692788
0.069396972656250 3683332
0.070434570312500 3690429
0.070190429687500 3683370
0.072814941406250 3697449
0.070617675781250 3700035
0.071533203125000 3700035
0.000000000000000 3699964
0.071838378906250 3699964
0.071472167968750 3700070
0.069824218750000 3700000
0.071044921875000 3699964
0.070983886718750 3699964
0.069458007812500 3696454
0.072570800781250 3700070
0.070007324218750 3700035
0.071289062500000 3689071
0.072692871093750 3683264
0.070129394531250 3686925
0.072265625000000 3686844
0.070190429687500 3687838
0.070861816406250 3690502
0.000000000000000 3700035
0.070922851562500 3696554
0.073791503906250 3699964
0.070800781250000 3697416
0.072082519531250 3692155
0.069702148437500 3687145
0.070922851562500 3696159
0.071228027343750 3692770
0.070129394531250 3700000
0.073059082031250 3700035
0.072814941406250 3700000
0.071105957031250 3687322
0.070922851562500 3686877
0.000000000000000 3691016
0.068969726562500 3699964
0.071716308593750 3687522
0.071105957031250 3686847
0.073242187500000 3697747
0.072937011718750 3700000
0.070312500000000 3696593
0.074645996093750 3689470
0.070739746093750 3695710
0.069458007812500 3688763
0.069580078125000 3689126
0.071289062500000 3683336
0.062988281250000 3683329
0.072631835937500 3683337
0.000000000000000 3690352
0.077392578125000 3686865
0.073852539062500 3683331
0.072937011718750 3683369
0.069580078125000 3691182
0.069152832031250 3700035
0.076599121093750 3687482
0.066894531250000 3699134
0.072204589843750 3685368
0.068969726562500 3686224
0.063842773437500 3698171
0.066955566406250 3683295
0.075500488281250 3690627
0.068481445312500 3700035
0.067504882812500 3693717
0.000000000000000 3686980
0.074401855468750 3683295
0.072753906250000 3687857
0.076599121093750 3687607
0.076354980468750 3683337
0.069213867187500 3686876
0.068725585937500 3690270
0.072814941406250 3694834
0.065246582031250 3700000
0.071655273437500 3700000
0.072326660156250 3700000
0.070739746093750 3689682
0.071960449218750 3694934
0.000000000000000 3688825
0.071411132812500 3700000
0.071655273437500 3700000
0.072387695312500 3700000
0.068725585937500 3696971
0.073791503906250 3686374
0.069702148437500 3689868
0.072143554687500 3689635
0.069702148437500 3683334
0.073303222656250 3683263
0.071655273437500 3688429
0.069641113281250 3685535
0.072082519531250 3690824
0.000000000000000 3689022
0.070251464843750 3692636
0.073669433593750 3693536
0.071655273437500 3700000
0.072692871093750 3686544
0.073242187500000 3700000
0.070495605468750 3687413
0.070861816406250 3687489
0.069946289062500 3696783
0.071472167968750 3692385
0.072021484375000 3691231
0.073547363281250 3683332
0.000000000000000 3683863
0.071899414062500 3685472
0.072265625000000 3694519
0.070312500000000 3683368
0.072814941406250 3683331
0.072753906250000 3683867
0.070129394531250 3700000
0.070861816406250 3695436
0.072143554687500 3686681
0.072265625000000 3683430
0.070434570312500 3686816
0.069702148437500 3686910
0.071166992187500 3683835
0.070922851562500 3686363
0.000000000000000 3692223
0.072021484375000 3700000
0.074035644531250 3692964
0.069580078125000 3699964
0.073181152343750 3700035
0.075073242187500 3699894
0.072387695312500 3700105
0.072814941406250 3700000
0.075317382812500 3699964
0.065551757812500 3700000
0.070129394531250 3700000
0.071472167968750 3700035
0.063903808593750 3700000
0.068298339843750 3700000
0.000000000000000 3699964
0.072753906250000 3700035
0.063964843750000 3700000
0.071228027343750 3700000
0.072692871093750 3699964
0.074645996093750 3700035
0.068725585937500 3699964
0.070678710937500 3696406
0.071777343750000 3700035
0.072021484375000 3699964
0.070922851562500 3689161
0.071655273437500 3686848
0.073120117187500 3696444
0.000000000000000 3700000
0.071350097656250 3699964
0.073303222656250 3700035
0.070495605468750 3699964
0.071228027343750 3700000
0.072998046875000 3700035
0.071472167968750 3700000
0.074584960937500 3699964
0.070434570312500 3700035
0.069702148437500 3700000
0.072021484375000 3700000
0.073120117187500 3699964
0.070434570312500 3699964
0.000000000000000 3700035
0.071411132812500 3700035
0.073791503906250 3700000
0.069885253906250 3699964
0.072998046875000 3700000
0.070739746093750 3700000
0.073730468750000 3700000
0.068847656250000 3700035
0.073303222656250 3699964
0.071289062500000 3700000
0.071655273437500 3700000
0.072814941406250 3700035
0.000000000000000 3699964
0.070556640625000 3699929
0.072265625000000 3700105
0.069763183593750 3699964
0.073669433593750 3700035
0.071655273437500 3699929
0.071044921875000 3700070
0.072265625000000 3700000
0.070434570312500 3700000
0.072692871093750 3700000
0.069030761718750 3700000
0.072753906250000 3700000
0.070983886718750 3700000
0.000000000000000 3700000
0.070983886718750 3700000
0.071228027343750 3700000
0.071777343750000 3700000
0.072875976562500 3700000
0.069763183593750 3699894
0.069885253906250 3700070
0.074340820312500 3700035
0.072387695312500 3699964
0.070861816406250 3700000
0.071166992187500 3700000
0.072509765625000 3700035
0.070434570312500 3699894
0.000000000000000 3638616
0.070434570312500 3600034
0.068115234375000 3599965
0.066650390625000 3599931
0.059387207031250 3600102
0.058227539062500 3600000
0.067016601562500 3599965
0.064636230468750 3599897
0.068298339843750 3600102
0.065734863281250 3600000
0.066711425781250 3600000
0.066894531250000 3600000
0.064697265625000 3600034
0.066711425781250 3600000
0.066040039062500 3599965
0.000000000000000 3599931
0.066406250000000 3600068
0.065368652343750 3600000
0.065734863281250 3600000
0.069885253906250 3600000
0.065490722656250 3600000
0.068176269531250 3600000
0.066223144531250 3600000
0.059692382812500 3600000
0.067260742187500 3600000
0.065917968750000 3600000
0.068420410156250 3600000
0.064025878906250 3600000
0.067260742187500 3599965
0.000000000000000 3600034
0.066040039062500 3600000
0.067199707031250 3600000
0.066040039062500 3600000
0.065979003906250 3600000
0.068969726562500 3599965
0.067443847656250 3600034
0.067321777343750 3600000
0.065979003906250 3599965
0.066711425781250 3600034
0.064208984375000 3600000
0.066467285156250 3600000
0.067443847656250 3600000
0.000000000000000 3600000
0.065551757812500 3600000
0.067626953125000 3600000
0.063903808593750 3600000
0.065002441406250 3600000
0.067504882812500 3600000
0.067321777343750 3600000
0.065917968750000 3600000
0.066833496093750 3600000
0.065002441406250 3600000
0.064147949218750 3599931
0.058654785156250 3600068
0.065551757812500 3600000
0.066650390625000 3599931
0.065307617187500 3600068
0.000000000000000 3599931
0.069030761718750 3600034
0.065246582031250 3600034
0.064331054687500 3600000
0.070373535156250 3600000
0.063964843750000 3600000
0.066650390625000 3599965
0.065246582031250 3600034
0.066894531250000 3600000
0.067932128906250 3600000
0.067138671875000 3600000
0.067199707031250 3600000
0.065429687500000 3600034
0.000000000000000 3599965
0.065429687500000 3600000
0.064758300781250 3600000
0.066650390625000 3600034
0.066284179687500 3599965
0.065368652343750 3600000
0.066406250000000 3600000
0.066955566406250 3600034
0.067993164062500 3599965
0.066101074218750 3600000
0.066711425781250 3600034
0.068969726562500 3599965
0.000000000000000 3600000
0.067932128906250 3600000
0.068603515625000 3600000
0.066040039062500 3600000
0.064392089843750 3600000
0.065979003906250 3600000
0.067382812500000 3600000
0.068908691406250 3600000
0.067321777343750 3600000
0.067138671875000 3600000
0.069152832031250 3600000
0.000000000000000 3600000
0.067321777343750 3599965
0.068725585937500 3600068
0.066223144531250 3599965
0.059265136718750 3600000
0.065429687500000 3599965
0.066711425781250 3600034
0.063903808593750 3600034
0.067565917968750 3599965
0.067565917968750 3600034
0.068359375000000 3599965
0.066345214843750 3599965
0.066711425781250 3600034
0.067199707031250 3600000
0.000000000000000 3600000
0.066528320312500 3600000
0.066955566406250 3599931
0.065246582031250 3600068
0.066833496093750 3600000
0.068054199218750 3600000
0.065124511718750 3600000
0.067626953125000 3600000
0.064392089843750 3599931
0.065856933593750 3600068
0.065612792968750 3600000
0.065429687500000 3600000
0.067199707031250 3600000
0.063964843750000 3600000
0.000000000000000 3600000
0.067993164062500 3600000
0.064453125000000 3600000
0.065856933593750 3600034
0.065002441406250 3599965
0.059448242187500 3600000
0.065368652343750 3600000
0.057922363281250 3600000
0.066833496093750 3600034
0.065734863281250 3599965
0.068115234375000 3600000
0.065124511718750 3600000
0.065795898437500 3600000
0.065551757812500 3600000
0.067016601562500 3600000
0.068298339843750 3600000
0.000000000000000 3600000
0.064941406250000 3600000
0.066040039062500 3600000
0.066772460937500 3600000
0.060974121093750 3600034
0.065185546875000 3599965
0.066894531250000 3600000
0.065429687500000 3600000
0.064514160156250 3600000
0.058837890625000 3600000
0.066833496093750 3600000
0.066406250000000 3600000
0.066589355468750 3599931
0.067687988281250 3600068
0.065795898437500 3600000
0.000000000000000 3600000
0.067504882812500 3599965
0.068908691406250 3600034
0.064514160156250 3600000
0.066772460937500 3600000
0.065795898437500 3600000
0.064758300781250 3600000
0.064575195312500 3600000
0.066162109375000 3600000
0.067443847656250 3600000
0.066284179687500 3600000
0.067321777343750 3600000
0.065490722656250 3600000
0.058166503906250 3600000
0.065063476562500 3600000
0.000000000000000 3600000
0.065917968750000 3600000
0.065063476562500 3600000
0.067932128906250 3599965
0.066589355468750 3600000
0.066833496093750 3600034
0.065551757812500 3600000
0.066711425781250 3599931
0.067016601562500 3600068
0.064636230468750 3600000
0.067626953125000 3600000
0.064758300781250 3600000
0.000000000000000 3600000
0.066589355468750 3600000
0.066955566406250 3600000
0.065429687500000 3600000
0.067138671875000 3600000
0.066040039062500 3600000
0.067016601562500 3600000
0.066040039062500 3600000
0.063537597656250 3600000
0.068237304687500 3600000
0.066162109375000 3600000
0.066101074218750 3600000
0.000000000000000 3600000
0.066772460937500 3600000
0.066589355468750 3600000
0.058532714843750 3600000
0.067687988281250 3600034
0.067321777343750 3599965
0.066528320312500 3599965
0.066894531250000 3600034
0.066589355468750 3600000
0.068115234375000 3600000
0.065551757812500 3600000
0.065795898437500 3600000
0.065307617187500 3600000
0.064636230468750 3599965
0.000000000000000 3600034
0.066589355468750 3600000
0.065063476562500 3600000
0.066223144531250 3600000
0.066833496093750 3600000
0.064453125000000 3599965
0.065246582031250 3600034
0.063232421875000 3599965
0.069885253906250 3600034
0.066894531250000 3522180
0.068847656250000 3599965
0.059387207031250 3600034
0.065368652343750 3599931
0.067871093750000 3600068
0.000000000000000 3600000
0.064392089843750 3600000
0.066040039062500 3599965
0.064147949218750 3600034
0.067626953125000 3600000
0.067626953125000 3599931
0.064270019531250 3600034
0.067321777343750 3600034
0.065307617187500 3600000
0.057861328125000 3600000
0.064392089843750 3600000
0.066955566406250 3599965
0.064270019531250 3600034
0.068237304687500 3600000
0.000000000000000 3600000
0.068847656250000 3599965
0.064453125000000 3600034
0.065551757812500 3600000
0.063293457031250 3599931
0.059509277343750 3600034
0.067016601562500 3600034
0.067565917968750 3599931
0.064697265625000 3600068
0.067504882812500 3600000
0.058715820312500 3599965
0.065490722656250 3600034
0.067138671875000 3600000
0.065124511718750 3600000
0.064941406250000 3600000
0.067199707031250 3599862
0.065490722656250 3600137
0.000000000000000 3600000
0.066162109375000 3600000
0.065002441406250 3600000
0.058959960937500 3599965
0.064208984375000 3600034
0.066833496093750 3600000
0.065002441406250 3600034
0.066955566406250 3599965
0.064941406250000 3600000
0.067443847656250 3600000
0.066040039062500 3599931
0.065124511718750 3600068
0.057922363281250 3600034
0.063842773437500 3599931
0.057861328125000 3600034
0.064147949218750 3600000
0.066955566406250 3600000
0.067565917968750 3599965
0.000000000000000 3600034
0.068176269531250 3600034
0.065856933593750 3599965
0.065063476562500 3600000
0.067565917968750 3599965
0.065368652343750 3600034
0.065246582031250 3600000
0.065979003906250 3600000
0.066711425781250 3600000
0.067565917968750 3600000
0.065917968750000 3599931
0.066101074218750 3600068
0.064331054687500 3600000
0.000000000000000 3600000
0.065979003906250 3600000
0.065612792968750 3600034
0.066833496093750 3599965
0.067382812500000 3600000
0.064392089843750 3600034
0.066833496093750 3599965
0.066833496093750 3600000
0.066101074218750 3600000
0.064514160156250 3600000
0.068603515625000 3600000
0.065551757812500 3600000
0.000000000000000 3600000
0.064941406250000 3600000
0.065185546875000 3600034
0.066101074218750 3599965
0.066223144531250 3600000
0.065612792968750 3599965
0.065429687500000 3600034
0.066162109375000 3600000
0.064208984375000 3600034
0.067016601562500 3599965
0.064208984375000 3599931
0.065551757812500 3600068
0.064880371093750 3599965
0.199401855468750 3600009
0.065307617187500 3600000
0.065673828125000 3600000
0.068542480468750 3599965
0.065673828125000 3600034
0.066894531250000 3600034
0.067199707031250 3599931
0.000000000000000 3600034
0.066711425781250 3600000
0.066711425781250 3600000
0.064514160156250 3600000
0.066345214843750 3600000
0.066406250000000 3600000
0.068359375000000 3600000
0.067321777343750 3600034
0.063964843750000 3599965
0.066284179687500 3600000
0.066101074218750 3600000
0.064392089843750 3599931
0.065185546875000 3600000
0.000000000000000 3600102
0.065246582031250 3599965
0.067626953125000 3600000
0.067871093750000 3600000
0.066833496093750 3599965
0.066345214843750 3600034
0.066162109375000 3600000
0.065368652343750 3600000
0.065673828125000 3600000
0.067382812500000 3600000
0.066101074218750 3600000
0.065124511718750 3599965
0.000000000000000 3600034
0.065368652343750 3600000
0.065795898437500 3599965
0.067810058593750 3600034
0.067443847656250 3600000
0.068786621093750 3600000
0.064575195312500 3600000
0.065917968750000 3600000
0.064514160156250 3600000
0.066040039062500 3600000
0.066223144531250 3600034
0.065856933593750 3599965
0.065673828125000 3600000
0.000000000000000 3600000
0.065612792968750 3600034
0.066772460937500 3599965
0.065490722656250 3600000
0.064880371093750 3600034
0.066406250000000 3599965
0.065185546875000 3600000
0.068664550781250 3600000
0.065185546875000 3600000
0.067138671875000 3600000
0.063964843750000 3600034
0.059204101562500 3599965
0.066467285156250 3600000
0.065673828125000 3600000
0.063964843750000 3600000
0.000000000000000 3600000
0.065979003906250 3600000
0.066589355468750 3600000
0.064636230468750 3599965
0.066650390625000 3600034
0.063903808593750 3599965
0.067932128906250 3599965
0.064392089843750 3600068
0.066772460937500 3600000
0.067260742187500 3600000
0.065185546875000 3599931
0.068725585937500 3600102
0.065612792968750 3599897
0.000000000000000 3600068
0.066101074218750 3600000
0.065246582031250 3599965
0.067687988281250 3599965
0.067138671875000 3600068
0.069030761718750 3739725
0.075134277343750 3791574
0.071105957031250 3699894
0.063659667968750 3700000
0.071533203125000 3700070
0.074645996093750 3700035
0.072143554687500 3700000
0.071960449218750 3699964
0.000000000000000 3700035
0.071289062500000 3700000
0.070007324218750 3699964
0.072265625000000 3700035
0.069213867187500 3700000
0.072021484375000 3700000
0.072265625000000 3700000
0.070617675781250 3699964
0.072509765625000 3700000
0.070129394531250 3700000
0.074645996093750 3700000
0.069458007812500 3700000
0.071960449218750 3700035
0.000000000000000 3700000
0.073669433593750 3700000
0.072814941406250 3699964
0.071533203125000 3700035
0.071411132812500 3700000
0.071472167968750 3699929
0.072570800781250 3700035
0.071289062500000 3697833
0.072082519531250 3695132
0.069824218750000 3700140
0.063903808593750 3700000
0.069824218750000 3700000
0.071166992187500 3700035
0.069702148437500 3699964
0.000000000000000 3696568
0.072204589843750 3700000
0.073120117187500 3700035
0.070739746093750 3699929
0.073486328125000 3700070
0.069702148437500 3699894
0.073120117187500 3700035
0.072021484375000 3700000
0.072326660156250 3700035
0.074218750000000 3700000
0.070556640625000 3700000
0.074645996093750 3700000
0.000000000000000 3699964
0.070007324218750 3687080
0.071350097656250 3695160
0.070251464843750 3696948
0.071411132812500 3700000
0.076477050781250 3700000
0.069396972656250 3697506
0.069580078125000 3692964
0.073120117187500 3699809
0.072021484375000 3698287
0.068969726562500 3694771
0.071228027343750 3700035
0.069580078125000 3699964
0.000000000000000 3700035
0.074340820312500 3697224
0.073303222656250 3700000
0.070007324218750 3700000
0.069702148437500 3699964
0.072448730468750 3699964
0.072631835937500 3700035
0.072570800781250 3699929
0.069885253906250 3700105
0.072937011718750 3699894
0.070861816406250 3700070
0.072265625000000 3700000
0.069335937500000 3700035
0.000000000000000 3699964
0.071105957031250 3696566
0.069885253906250 3691545
0.073547363281250 3695243
0.072814941406250 3700000
0.070373535156250 3699964
0.071166992187500 3699964
0.071044921875000 3700035
0.072937011718750 3700035
0.069824218750000 3699964
0.072387695312500 3700000
0.071289062500000 3700000
0.072326660156250 3700000
0.063110351562500 3699929
0.069335937500000 3700105
0.000000000000000 3700000
0.071289062500000 3699964
0.069885253906250 3695189
0.072753906250000 3691070
0.071838378906250 3699964
0.070251464843750 3689632
0.070312500000000 3700000
0.070068359375000 3700035
0.071716308593750 3699964
0.071777343750000 3700000
0.070617675781250 3700000
0.069152832031250 3700035
0.074707031250000 3699241
0.071105957031250 3697224
0.000000000000000 3699964
0.071899414062500 3700000
0.072570800781250 3700035
0.072021484375000 3700000
0.063476562500000 3697431
0.069396972656250 3699197
0.072204589843750 3685090
0.073181152343750 3693361
0.069641113281250 3700000
0.071289062500000 3699929
0.070129394531250 3700035
0.073303222656250 3700035
0.070861816406250 3700000
0.072875976562500 3699894
0.000000000000000 3700070
0.072814941406250 3700035
0.071411132812500 3698322
0.071777343750000 3698260
0.071899414062500 3700000
0.072021484375000 3690334
0.072509765625000 3692308
0.072570800781250 3700035
0.072143554687500 3700000
0.069702148437500 3700000
0.071899414062500 3700000
0.070190429687500 3696514
0.070007324218750 3699822
0.000000000000000 3689499
0.072143554687500 3700000
0.071777343750000 3700000
0.072021484375000 3700000
0.069091796875000 3700000
0.073120117187500 3700000
0.069519042968750 3699495
0.071105957031250 3692539
0.070068359375000 3700000
0.071472167968750 3700000
0.073669433593750 3693139
0.070800781250000 3700035
0.071105957031250 3700000
0.000000000000000 3700000
0.071350097656250 3694472
0.072021484375000 3691621
0.069091796875000 3700000
0.072143554687500 3700000
0.070007324218750 3700000
0.070617675781250 3700000
0.073669433593750 3700035
0.070007324218750 3693530
0.069458007812500 3683300
0.070556640625000 3683334
0.071533203125000 3697822
0.073913574218750 3700000
0.073791503906250 3696528
0.000000000000000 3700035
0.070495605468750 3699929
0.070007324218750 3700000
0.072814941406250 3699964
0.070739746093750 3700070
0.071228027343750 3699193
0.069213867187500 3693853
0.072937011718750 3700000
0.071105957031250 3697659
0.068969726562500 3695690
0.070739746093750 3686824
0.071655273437500 3693277
0.072265625000000 3696137
0.068603515625000 3699964
0.000000000000000 3700000
0.072265625000000 3687102
0.072509765625000 3688480
0.072448730468750 3689079
0.070434570312500 3693612
0.068603515625000 3700000
0.074462890625000 3700000
0.070556640625000 3700000
0.072814941406250 3700000
0.072143554687500 3700000
0.072021484375000 3699894
0.074157714843750 3700070
0.000000000000000 3700000
0.072875976562500 3690027
0.073364257812500 3694143
0.070983886718750 3698229
0.070373535156250 3700035
0.070495605468750 3699964
0.071777343750000 3699964
0.072326660156250 3697022
0.070312500000000 3696399
0.073181152343750 3700035
0.071533203125000 3699964
0.073303222656250 3696185
0.000000000000000 3696913
0.073242187500000 3700000
0.071166992187500 3699894
0.073913574218750 3700070
0.072143554687500 3700035
0.073669433593750 3699964
0.073181152343750 3700000
0.070373535156250 3699964
0.072692871093750 3700070
0.072753906250000 3699964
0.071777343750000 3700035
0.070251464843750 3699964
0.000000000000000 3700000
0.073669433593750 3700000
0.072692871093750 3700035
0.068969726562500 3700000
0.071166992187500 3699964
0.069519042968750 3700035
0.074096679687500 3700000
0.072143554687500 3700000
0.072387695312500 3700000
0.073974609375000 3699964
0.070739746093750 3700035
0.071655273437500 3699964
0.000000000000000 3700000
0.072021484375000 3700035
0.071289062500000 3699964
0.070251464843750 3697593
0.071960449218750 3698982
0.073059082031250 3693068
0.071655273437500 3699964
0.071166992187500 3693291
0.070312500000000 3684501
0.062988281250000 3638328
0.070373535156250 3695564
0.074096679687500 3696603
0.070983886718750 3699929
0.063537597656250 3690009
0.070495605468750 3694229
0.070190429687500 3699964
0.070129394531250 3692832
0.000000000000000 3694582
0.069580078125000 3690478
0.064392089843750 3683297
0.068908691406250 3683334
0.072509765625000 3696287
0.070922851562500 3699964
0.071655273437500 3695997
0.073486328125000 3686819
0.071105957031250 3699894
0.072998046875000 3692054
0.069946289062500 3697915
0.063598632812500 3700070
0.068603515625000 3700000
0.072692871093750 3700000
0.073303222656250 3699964
0.072143554687500 3699964
0.000000000000000 3688455
0.073059082031250 3697153
0.070129394531250 3700000
0.070556640625000 3699964
0.069274902343750 3700000
0.073608398437500 3700000
0.069335937500000 3700000
0.073669433593750 3700035
0.071044921875000 3700000
0.069274902343750 3699964
0.063110351562500 3700000
0.070373535156250 3700035
0.071472167968750 3700000
0.070190429687500 3699929
0.071960449218750 3686618
0.000000000000000 3692316
0.070983886718750 3699964
0.071838378906250 3700000
0.072570800781250 3700000
0.069458007812500 3694651
0.073120117187500 3691562
0.069213867187500 3699964
0.072387695312500 3700035
0.070251464843750 3699964
0.074462890625000 3700000
0.072570800781250 3689237
0.071777343750000 3686786
0.063110351562500 3695295
0.070007324218750 3696660
0.063781738281250 3697519
0.071411132812500 3685008
0.000000000000000 3700000
0.071411132812500 3700035
0.070068359375000 3700000
0.072021484375000 3699964
0.073181152343750 3700035
0.072143554687500 3699964
0.071838378906250 3700000
0.068359375000000 3693045
0.063049316406250 3700070
0.069641113281250 3700035
0.072937011718750 3699964
0.074951171875000 3700000
0.070495605468750 3700035
0.073425292968750 3699964
0.000000000000000 3699964
0.070983886718750 3700070
0.071777343750000 3699964
0.070739746093750 3686038
0.072387695312500 3696584
0.070800781250000 3700000
0.070251464843750 3700035
0.070800781250000 3700000
0.071289062500000 3696607
0.071044921875000 3689317
0.071777343750000 3700035
0.073242187500000 3696538
0.070922851562500 3688955
0.071533203125000 3700035
0.000000000000000 3699964
0.072326660156250 3696602
0.071899414062500 3699142
0.072326660156250 3686152
0.070312500000000 3700000
0.072509765625000 3689145
0.071472167968750 3686480
0.071044921875000 3699964
0.064636230468750 3694567
0.071105957031250 3693166
0.073242187500000 3699964
0.070373535156250 3698513
0.073791503906250 3698094
0.000000000000000 3699964
0.069702148437500 3700035
0.072143554687500 3694912
0.071289062500000 3687542
0.069824218750000 3689649
0.072143554687500 3683334
0.071594238281250 3683331
0.073486328125000 3691146
0.072021484375000 3700070
0.070800781250000 3700000
0.070983886718750 3700000
0.072937011718750 3692137
0.072326660156250 3693443
0.000000000000000 3691472
0.069458007812500 3698801
0.071777343750000 3698454
0.072753906250000 3690638
0.071716308593750 3686859
0.071166992187500 3687069
0.071350097656250 3700000
0.070983886718750 3699894
0.071350097656250 3700105
0.070556640625000 3699929
0.069946289062500 3700035
0.073181152343750 3700035
0.072387695312500 3700000
0.000000000000000 3699964
0.070739746093750 3700000
0.071044921875000 3700000
0.070129394531250 3700035
0.071899414062500 3699964
0.071411132812500 3700035
0.074768066406250 3699964
0.072143554687500 3699964
0.069763183593750 3695950
0.071777343750000 3690121
0.072814941406250 3694206
0.062988281250000 3691143
0.070617675781250 3693107
0.071411132812500 3690384
0.000000000000000 3686040
0.073852539062500 3692403
0.071411132812500 3699964
0.070983886718750 3700000
0.071228027343750 3693261
0.064208984375000 3683778
0.069519042968750 3700000
0.074462890625000 3692012
0.071899414062500 3683263
0.071655273437500 3695739
0.072509765625000 3692615
0.070190429687500 3700035
0.072937011718750 3696616
0.071777343750000 3693844
0.000000000000000 3692327
0.073791503906250 3699964
0.073181152343750 3700000
0.070373535156250 3700035
0.072631835937500 3699964
0.069091796875000 3700000
0.072692871093750 3699964
0.070190429687500 3700035
0.070373535156250 3700000
0.071655273437500 3700035
0.073852539062500 3699964
0.070434570312500 3699964
0.070678710937500 3700035
0.000000000000000 3700000
0.070983886718750 3700000
0.070739746093750 3699964
0.073181152343750 3700070
0.069702148437500 3700000
0.072570800781250 3699964
0.071533203125000 3700000
0.070373535156250 3700035
0.073120117187500 3700000
0.071655273437500 3699964
0.071166992187500 3700000
0.070068359375000 3700035
0.065673828125000 3699964
0.070617675781250 3700035
0.069885253906250 3699964
0.000000000000000 3700000
0.071289062500000 3693031
0.073669433593750 3699929
0.071472167968750 3686652
0.071777343750000 3695717
0.071472167968750 3692147
0.072570800781250 3696918
0.072875976562500 3696493
0.063476562500000 3691598
0.065124511718750 3697969
0.073425292968750 3700000
0.073181152343750 3696585
0.062988281250000 3695550
0.075378417968750 3697448
0.065429687500000 3700035
0.000000000000000 3696583
0.077941894531250 3696272
0.069519042968750 3632034
0.068481445312500 3699964
0.069580078125000 3700035
0.067810058593750 3699964
0.071533203125000 3700035
0.068847656250000 3700000
0.068420410156250 3700000
0.073913574218750 3699964
0.073791503906250 3700000
0.076721191406250 3700035
0.066162109375000 3700000
0.067687988281250 3700000
0.069213867187500 3700000
0.064941406250000 3700000
0.000000000000000 3697845
0.078002929687500 3690427
0.076416015625000 3695517
0.068847656250000 3691922
0.071105957031250 3697757
0.069763183593750 3700000
0.072875976562500 3691064
0.069641113281250 3686966
0.072998046875000 3683302
0.071960449218750 3686906
0.071166992187500 3694625
0.072570800781250 3700000
0.070739746093750 3700035
0.000000000000000 3700000
0.071777343750000 3696452
0.072387695312500 3700070
0.072631835937500 3699964
0.072875976562500 3692954
0.069824218750000 3700000
0.071899414062500 3700000
0.071411132812500 3699964
0.069763183593750 3700035
0.071655273437500 3698201
0.071228027343750 3684311
0.072814941406250 3693077
0.069641113281250 3699929
0.000000000000000 3694935
0.070495605468750 3698149
0.071105957031250 3700000
0.071899414062500 3700000
0.073059082031250 3700070
0.070983886718750 3699964
0.072387695312500 3700035
0.071716308593750 3700000
0.063598632812500 3691995
0.070739746093750 3690513
0.072021484375000 3700000
0.071960449218750 3695212
0.073547363281250 3690389
0.000000000000000 3699964
0.072143554687500 3700035
0.071166992187500 3688522
0.072265625000000 3693902
0.071838378906250 3700000
0.071533203125000 3696456
0.069702148437500 3700105
0.070495605468750 3696582
0.069335937500000 3700000
0.062683105468750 3700000
0.075134277343750 3700000
0.071289062500000 3694543
0.073974609375000 3698127
0.071716308593750 3700000
0.000000000000000 3700035
0.137084960937500 3700000
0.000000000000000 3700000
0.071105957031250 3700000
0.070007324218750 3699964
0.074462890625000 3696625
0.072570800781250 3700000
0.071105957031250 3699964
0.070373535156250 3700035
0.063171386718750 3693085
0.069213867187500 3700000
0.072509765625000 3700000
0.075073242187500 3700000
0.072021484375000 3699964
0.069885253906250 3696544
0.000000000000000 3699964
0.074584960937500 3700000
0.069213867187500 3695594
0.072814941406250 3700000
0.069763183593750 3699964
0.073303222656250 3700000
0.071166992187500 3695313
0.069885253906250 3697685
0.071716308593750 3693818
0.070983886718750 3699236
0.073425292968750 3699964
0.069091796875000 3700035
0.073303222656250 3699929
0.070861816406250 3696618
0.000000000000000 3700000
0.072021484375000 3700035
0.071105957031250 3700000
0.069885253906250 3699964
0.073608398437500 3695453
0.069030761718750 3693530
0.062988281250000 3700000
0.069580078125000 3699024
0.071777343750000 3697571
0.070617675781250 3699964
0.070617675781250 3700035
0.071411132812500 3696371
0.070251464843750 3700035
0.073059082031250 3687063
0.069641113281250 3695537
0.000000000000000 3693136
0.072875976562500 3699964
0.071166992187500 3700000
0.071411132812500 3644001
0.068237304687500 3599965
0.067626953125000 3600068
0.068725585937500 3592951
0.066345214843750 3594980
0.068664550781250 3600000
0.066833496093750 3600000
0.058715820312500 3600034
0.066711425781250 3599965
0.063903808593750 3600000
0.059509277343750 3600000
0.065246582031250 3600000
0.000000000000000 3600034
0.068908691406250 3599965
0.067443847656250 3594553
0.058288574218750 3600000
0.068115234375000 3596527
0.066711425781250 3599931
0.065734863281250 3598439
0.065490722656250 3597570
0.065429687500000 3586608
0.067443847656250 3600000
0.059875488281250 3600000
0.064147949218750 3600000
0.058044433593750 3597105
0.068420410156250 3583301
0.058227539062500 3598103
0.064880371093750 3600000
0.065795898437500 3600000
0.066406250000000 3600000
0.064819335937500 3599931
0.000000000000000 3600068
0.069030761718750 3599965
0.066284179687500 3600034
0.069702148437500 3599862
0.066345214843750 3600137
0.066467285156250 3600000
0.066772460937500 3600000
0.063537597656250 3593087
0.066955566406250 3600000
0.065551757812500 3600000
0.067687988281250 3600000
0.067443847656250 3599931
0.000000000000000 3600068
0.067016601562500 3596604
0.064880371093750 3596510
0.065917968750000 3599580
0.065368652343750 3596914
0.065124511718750 3600034
0.066406250000000 3599931
0.067016601562500 3600034
0.065917968750000 3600000
0.066772460937500 3600000
0.064697265625000 3600000
0.065368652343750 3600000
0.068115234375000 3600000
0.000000000000000 3600000
0.066650390625000 3598903
0.066040039062500 3589386
0.066162109375000 3600000
0.066345214843750 3599142
0.066101074218750 3587050
0.066406250000000 3600000
0.068237304687500 3591130
0.063415527343750 3584399
0.068603515625000 3600000
0.065734863281250 3600000
0.068237304687500 3600000
0.064514160156250 3599897
0.000000000000000 3600102
0.066345214843750 3596532
0.066101074218750 3599965
0.067382812500000 3600034
0.068542480468750 3598750
0.064819335937500 3600000
0.068847656250000 3600000
0.066284179687500 3600000
0.066650390625000 3599931
0.064331054687500 3598999
0.067810058593750 3597654
0.066650390625000 3596532
0.066284179687500 3600034
0.000000000000000 3600000
0.064941406250000 3600000
0.066223144531250 3600034
0.067749023437500 3599965
0.067138671875000 3600000
0.065673828125000 3600000
0.066040039062500 3599965
0.063415527343750 3600034
0.068115234375000 3600000
0.065612792968750 3599965
0.067077636718750 3600034
0.065124511718750 3600000
0.000000000000000 3600000
0.068176269531250 3600000
0.066467285156250 3600000
0.063110351562500 3600034
0.066345214843750 3599965
0.066223144531250 3600000
0.067504882812500 3600000
0.063476562500000 3600000
0.067077636718750 3599965
0.066528320312500 3600034
0.066589355468750 3600000
0.065063476562500 3598963
0.064392089843750 3587116
0.065673828125000 3599965
0.000000000000000 3600000
0.066711425781250 3600034
0.067504882812500 3599931
0.064941406250000 3600000
0.065795898437500 3600102
0.066772460937500 3599965
0.065612792968750 3600000
0.068054199218750 3600000
0.065124511718750 3600000
0.066406250000000 3599965
0.066833496093750 3600034
0.065856933593750 3597203
0.064758300781250 3595845
0.000000000000000 3600000
0.066284179687500 3600000
0.059814453125000 3599931
0.066284179687500 3600000
0.058837890625000 3600102
0.066101074218750 3599965
0.068176269531250 3600000
0.065673828125000 3600000
0.066467285156250 3599965
0.067687988281250 3600034
0.065246582031250 3600000
0.067321777343750 3600000
0.065368652343750 3600000
0.058288574218750 3600000
0.066833496093750 3600000
0.064270019531250 3600000
0.000000000000000 3593423
0.065612792968750 3599532
0.065795898437500 3600000
0.066589355468750 3600000
0.064697265625000 3599931
0.065307617187500 3600068
0.067993164062500 3600000
0.066406250000000 3600000
0.065795898437500 3600000
0.063781738281250 3600000
0.058410644531250 3600000
0.068359375000000 3600000
0.066284179687500 3599965
0.064208984375000 3600034
0.068542480468750 3599965
0.000000000000000 3600034
0.064880371093750 3600000
0.066650390625000 3600000
0.066589355468750 3599931
0.065856933593750 3600034
0.066589355468750 3600034
0.066589355468750 3600000
0.065124511718750 3599931
0.065246582031250 3600000
0.067504882812500 3600068
0.066528320312500 3600000
0.067993164062500 3600000
0.000000000000000 3600000
0.065979003906250 3599931
0.064025878906250 3600068
0.066894531250000 3599965
0.067321777343750 3600068
0.064514160156250 3599965
0.067138671875000 3600000
0.065673828125000 3600000
0.066345214843750 3600034
0.066528320312500 3599965
0.067749023437500 3600000
0.068237304687500 3600034
0.065185546875000 3599965
0.000000000000000 3600000
0.067993164062500 3600000
0.065673828125000 3600034
0.067382812500000 3599965
0.064514160156250 3600000
0.066345214843750 3600000
0.067016601562500 3600000
0.065856933593750 3600034
0.065856933593750 3599965
0.065002441406250 3600000
0.067810058593750 3599965
0.064636230468750 3600034
0.066955566406250 3599965
0.000000000000000 3599965
0.067138671875000 3600068
0.066284179687500 3599931
0.065979003906250 3600068
0.064514160156250 3600000
0.066711425781250 3600034
0.063781738281250 3599965
0.069335937500000 3600000
0.065734863281250 3600000
0.065307617187500 3600000
0.065307617187500 3600034
0.063842773437500 3599965
0.068176269531250 3599965
0.000000000000000 3600034
0.063842773437500 3600000
0.067321777343750 3600000
0.065979003906250 3600000
0.067749023437500 3600000
0.067077636718750 3600000
0.064514160156250 3600000
0.067932128906250 3600000
0.065246582031250 3600000
0.066345214843750 3600000
0.066955566406250 3600000
0.064208984375000 3600034
0.066406250000000 3599897
0.000000000000000 3600102
0.066345214843750 3599965
0.066772460937500 3599931
0.065124511718750 3600068
0.065734863281250 3600000
0.065612792968750 3600000
0.066894531250000 3600000
0.066101074218750 3600000
0.064819335937500 3600000
0.058349609375000 3599965
0.066467285156250 3600034
0.067199707031250 3600000
0.065673828125000 3600000
0.057983398437500 3600000
0.067565917968750 3599965
0.066162109375000 3600000
0.000000000000000 3600034
0.065124511718750 3599965
0.064392089843750 3600034
0.065979003906250 3599965
0.065795898437500 3600034
0.067565917968750 3600000
0.067199707031250 3600034
0.064147949218750 3599965
0.067199707031250 3600000
0.067382812500000 3600000
0.066223144531250 3600000
0.063232421875000 3600000
0.066894531250000 3599965
0.000000000000000 3600000
0.066223144531250 3600068
0.066284179687500 3599965
0.066772460937500 3599965
0.067382812500000 3600034
0.066589355468750 3600000
0.058288574218750 3599965
0.066589355468750 3600034
0.067138671875000 3600000
0.066406250000000 3600000
0.068115234375000 3600034
0.065490722656250 3599965
0.066040039062500 3599931
0.064880371093750 3600068
0.000000000000000 3600000
0.123657226562500 3600000
0.058166503906250 3600000
0.000000000000000 3600000
0.068298339843750 3600000
0.063415527343750 3600000
0.065429687500000 3600000
0.066467285156250 3600000
0.064819335937500 3559632
0.067626953125000 3600000
0.059265136718750 3600000
0.065246582031250 3600000
0.059204101562500 3600000
0.067138671875000 3600000
0.065734863281250 3600000
0.067199707031250 3600034
0.065612792968750 3599931
0.067565917968750 3600068
0.064453125000000 3599931
0.000000000000000 3600068
0.065856933593750 3599965
0.064880371093750 3600000
0.070007324218750 3600000
0.066589355468750 3600000
0.064453125000000 3600000
0.067565917968750 3600000
0.065307617187500 3600000
0.066406250000000 3600034
0.067871093750000 3599965
0.065246582031250 3600000
0.066711425781250 3600034
0.000000000000000 3599965
0.067993164062500 3599965
0.065795898437500 3600034
0.064086914062500 3600000
0.067016601562500 3600000
0.068115234375000 3600000
0.066284179687500 3599965
0.065429687500000 3600034
0.066467285156250 3600000
0.065734863281250 3599931
0.066772460937500 3600034
0.066894531250000 3600000
0.000000000000000 3600068
0.066833496093750 3599965
0.064208984375000 3600000
0.059020996093750 3600034
0.064514160156250 3599965
0.064697265625000 3600000
0.064819335937500 3600000
0.065673828125000 3600000
0.067382812500000 3600000
0.065551757812500 3600034
0.066833496093750 3599931
0.065063476562500 3600034
0.068115234375000 3600000
0.065124511718750 3600000
0.067810058593750 3600000
0.000000000000000 3600000
0.067016601562500 3600034
0.066467285156250 3599965
0.066650390625000 3600000
0.066345214843750 3600000
0.067871093750000 3600000
0.063354492187500 3600000
0.066894531250000 3600000
0.065612792968750 3600000
0.066528320312500 3599931
0.066406250000000 3600102
0.063720703125000 3599897
0.058654785156250 3600068
0.065429687500000 3600000
0.000000000000000 3600000
0.066406250000000 3600000
0.066772460937500 3600000
0.066284179687500 3600000
0.067993164062500 3600000
0.064392089843750 3600000
0.065368652343750 3599965
0.065429687500000 3599931
0.068969726562500 3600102
0.064941406250000 3600000
0.065795898437500 3600034
0.066528320312500 3599965
0.000000000000000 3599965
0.066284179687500 3600034
0.065368652343750 3600000
0.065795898437500 3600000
0.067260742187500 3600000
0.065063476562500 3600000
0.058471679687500 3599931
0.065612792968750 3600068
0.066650390625000 3600000
0.066162109375000 3600000
0.066467285156250 3600000
0.065185546875000 3600000
0.065917968750000 3600000
0.066772460937500 3600000
0.063659667968750 3600034
0.000000000000000 3599965
0.067687988281250 3599931
0.066894531250000 3600068
0.066650390625000 3600000
0.068054199218750 3600000
0.065063476562500 3600000
0.066528320312500 3600000
0.063598632812500 3600000
0.066345214843750 3599965
0.058105468750000 3600034
0.065795898437500 3599965
0.067260742187500 3600034
0.065185546875000 3600000
0.065917968750000 3600000
0.000000000000000 3600000
0.063476562500000 3599931
0.067138671875000 3600068
0.067138671875000 3600034
0.066345214843750 3599965
0.065490722656250 3600000
0.066467285156250 3479918
0.058349609375000 3600000
0.065490722656250 3600000
0.070617675781250 3781144
0.076293945312500 3800036
0.073303222656250 3710702
0.072204589843750 3699964
0.000000000000000 3700035
0.071777343750000 3700000
0.074645996093750 3699964
0.070922851562500 3700035
0.071533203125000 3699964
0.072570800781250 3700000
0.069091796875000 3700000
0.071777343750000 3700000
0.071533203125000 3700035
0.071044921875000 3700000
0.071411132812500 3699929
0.071594238281250 3700035
0.000000000000000 3700035
0.073120117187500 3700000
0.070861816406250 3699964
0.071166992187500 3700035
0.070129394531250 3699964
0.072937011718750 3700000
0.072509765625000 3700035
0.072021484375000 3700000
0.071655273437500 3699964
0.069213867187500 3700000
0.063293457031250 3700035
0.068847656250000 3699964
0.063842773437500 3700035
0.069091796875000 3700000
0.073669433593750 3700000
0.070678710937500 3699929
0.072692871093750 3700070
0.000000000000000 3700000
0.073852539062500 3700000
0.069458007812500 3700000
0.071350097656250 3699964
0.071655273437500 3700035
0.072509765625000 3699929
0.069946289062500 3700070
0.071533203125000 3699964
0.070434570312500 3700000
0.072570800781250 3700000
0.070739746093750 3700000
0.069335937500000 3699894
0.062988281250000 3700035
0.071166992187500 3700105
0.070678710937500 3700000
0.069824218750000 3700000
0.000000000000000 3699964
0.074279785156250 3700035
0.074768066406250 3699964
0.069763183593750 3699964
0.072021484375000 3700035
0.071105957031250 3700000
0.072021484375000 3700000
0.069763183593750 3700035
0.072387695312500 3699894
0.074218750000000 3700105
0.071533203125000 3700000
0.000000000000000 3699964
0.074523925781250 3700000
0.069274902343750 3699964
0.071228027343750 3700070
0.070495605468750 3700000
0.072265625000000 3699964
0.072326660156250 3700000
0.072753906250000 3700000
0.070861816406250 3700000
0.071350097656250 3700035
0.073547363281250 3700000
0.071044921875000 3699859
0.062988281250000 3700140
0.070373535156250 3699929
0.000000000000000 3700035
0.073303222656250 3700035
0.073181152343750 3699964
0.071105957031250 3700035
0.070983886718750 3699964
0.071350097656250 3700000
0.073669433593750 3700000
0.070312500000000 3700000
0.071777343750000 3700035
0.071655273437500 3699964
0.072448730468750 3700000
0.070800781250000 3699894
0.070739746093750 3700140
0.000000000000000 3699964
0.071716308593750 3700000
0.070129394531250 3700000
0.073852539062500 3700000
0.072753906250000 3700035
0.070739746093750 3699964
0.072509765625000 3700000
0.072265625000000 3700000
0.070373535156250 3700000
0.070251464843750 3700035
0.072937011718750 3700000
0.073852539062500 3699964
0.000000000000000 3700000
0.071655273437500 3700000
0.073181152343750 3700035
0.069580078125000 3699964
0.071838378906250 3699929
0.073425292968750 3700105
0.070495605468750 3700000
0.071777343750000 3700000
0.070617675781250 3699964
0.073791503906250 3700000
0.071166992187500 3700000
0.072937011718750 3700000
0.070373535156250 3700035
0.000000000000000 3699964
0.132629394531250 3700000
0.000000000000000 3700035
0.070861816406250 3699964
0.071655273437500 3700035
0.071350097656250 3700000
0.071166992187500 3699964
0.071105957031250 3700000
0.070495605468750 3700000
0.073425292968750 3700035
0.070373535156250 3699964
0.073669433593750 3700000
0.070007324218750 3700035
0.071838378906250 3699929
0.071655273437500 3700070
0.000000000000000 3699964
0.071594238281250 3700000
0.073059082031250 3700035
0.070922851562500 3700000
0.070800781250000 3700000
0.069519042968750 3699964
0.072265625000000 3700000
0.072204589843750 3700000
0.070861816406250 3700000
0.070922851562500 3700000
0.070495605468750 3699964
0.073486328125000 3700035
0.070617675781250 3700000
0.000000000000000 3699929
0.072143554687500 3700070
0.070190429687500 3699964
0.074157714843750 3700070
0.073608398437500 3699964
0.070312500000000 3700035
0.071716308593750 3700000
0.070556640625000 3700000
0.063476562500000 3700000
0.071960449218750 3700000
0.069091796875000 3700000
0.070861816406250 3699964
0.063781738281250 3700035
0.071960449218750 3700000
0.069458007812500 3700000
0.071594238281250 3700000
0.000000000000000 3700000
0.070190429687500 3699964
0.073425292968750 3700000
0.070129394531250 3700035
0.072326660156250 3700000
0.073608398437500 3699929
0.073791503906250 3700070
0.073486328125000 3699929
0.070129394531250 3700070
0.071472167968750 3699964
0.069702148437500 3699964
0.072998046875000 3700070
0.000000000000000 3699929
0.073181152343750 3700035
0.070495605468750 3699964
0.071411132812500 3700070
0.071166992187500 3699964
0.072448730468750 3700035
0.072937011718750 3699964
0.072631835937500 3699964
0.071655273437500 3700070
0.073974609375000 3699964
0.070251464843750 3700035
0.071350097656250 3700000
0.000000000000000 3699929
0.072692871093750 3700070
0.070983886718750 3700000
0.072021484375000 3699964
0.072021484375000 3700000
0.070495605468750 3700000
0.072021484375000 3700035
0.071594238281250 3699964
0.071899414062500 3700000
0.069641113281250 3700035
0.071105957031250 3700000
0.062988281250000 3700000
0.075073242187500 3700000
0.069946289062500 3699964
0.071533203125000 3700000
0.000000000000000 3700000
0.070617675781250 3700000
0.064086914062500 3699964
0.071899414062500 3700035
0.071777343750000 3700035
0.072814941406250 3699929
0.072570800781250 3700070
0.070251464843750 3699964
0.071166992187500 3700035
0.070861816406250 3700000
0.072021484375000 3699929
0.072265625000000 3700070
0.071105957031250 3699964
0.073059082031250 3700000
0.000000000000000 3700035
0.070251464843750 3699964
0.072692871093750 3700000
0.069091796875000 3700035
0.073303222656250 3699964
0.069458007812500 3700000
0.071594238281250 3699964
0.073791503906250 3700070
0.071228027343750 3699964
0.062866210937500 3700035
0.069335937500000 3699964
0.074157714843750 3700035
0.070495605468750 3700000
0.071899414062500 3700000
0.069824218750000 3700000
0.000000000000000 3699964
0.072021484375000 3700035
0.071899414062500 3699964
0.071166992187500 3700035
0.072692871093750 3700000
0.071044921875000 3700000
0.074462890625000 3700000
0.142272949218750 3699985
0.070129394531250 3700035
0.070007324218750 3699964
0.062866210937500 3700000
0.070129394531250 3700000
0.072265625000000 3700035
0.068298339843750 3699964
0.071899414062500 3700035
0.072937011718750 3700000
0.070251464843750 3700000
0.070190429687500 3700000
0.072265625000000 3699964
0.000000000000000 3700035
0.072448730468750 3700000
0.069824218750000 3700000
0.070739746093750 3700000
0.070861816406250 3699964
0.074462890625000 3700000
0.073791503906250 3700000
0.069519042968750 3700000
0.072814941406250 3700035
0.070922851562500 3699964
0.072387695312500 3700000
0.069458007812500 3700000
0.000000000000000 3700035
0.076049804687500 3699964
0.072998046875000 3700000
0.070129394531250 3700000
0.073913574218750 3700000
0.069335937500000 3699929
0.073181152343750 3700070
0.071777343750000 3700035
0.074096679687500 3700000
0.071655273437500 3700000
0.070373535156250 3700000
0.070983886718750 3699929
0.000000000000000 3700035
0.072692871093750 3700035
0.072937011718750 3700000
0.072326660156250 3571036
0.070373535156250 3699964
0.074218750000000 3700070
0.062927246093750 3700000
0.072692871093750 3700000
0.069702148437500 3699964
0.072753906250000 3699964
0.069824218750000 3700035
0.072937011718750 3700035
0.072143554687500 3699929
0.000000000000000 3700035
0.073181152343750 3700035
0.072143554687500 3699964
0.070617675781250 3700000
0.072570800781250 3699929
0.072814941406250 3700070
0.070251464843750 3700035
0.071716308593750 3699964
0.071411132812500 3700035
0.071533203125000 3699964
0.069946289062500 3700000
0.070312500000000 3700000
0.074768066406250 3700000
0.000000000000000 3700000
0.071166992187500 3700035
0.070251464843750 3699964
0.072631835937500 3699964
0.072631835937500 3700070
0.071350097656250 3700000
0.070190429687500 3700000
0.073974609375000 3699964
0.069824218750000 3700000
0.073059082031250 3700035
0.070251464843750 3699929
0.072265625000000 3700035
0.069641113281250 3700035
0.062988281250000 3699964
0.071533203125000 3700035
0.000000000000000 3699964
0.070922851562500 3700000
0.071777343750000 3700035
0.070373535156250 3699964
0.072265625000000 3699964
0.071777343750000 3700035
0.072998046875000 3700035
0.070922851562500 3700000
0.071533203125000 3699964
0.073669433593750 3700000
0.068908691406250 3700000
0.064025878906250 3700000
0.070129394531250 3700035
0.072265625000000 3699964
0.000000000000000 3700000
0.072387695312500 3700000
0.071350097656250 3700000
0.070861816406250 3699964
0.075012207031250 3700035
0.073425292968750 3700000
0.070434570312500 3700035
0.071289062500000 3700000
0.070495605468750 3699964
0.064392089843750 3700035
0.070495605468750 3699929
0.072814941406250 3700035
0.073059082031250 3700035
0.068908691406250 3699964
0.000000000000000 3700000
0.073547363281250 3700035
0.069580078125000 3700000
0.071289062500000 3700000
0.071777343750000 3700000
0.074340820312500 3700000
0.069702148437500 3699964
0.070800781250000 3700035
0.073303222656250 3699964
0.070983886718750 3700035
0.063903808593750 3700000
0.070495605468750 3700000
0.070678710937500 3699964
0.073791503906250 3700000
0.000000000000000 3700000
0.070861816406250 3700000
0.071166992187500 3700000
0.070190429687500 3700035
0.070922851562500 3699964
0.067932128906250 3557759
0.065368652343750 3699964
0.069885253906250 3699964
0.072021484375000 3700035
0.073242187500000 3700035
0.072998046875000 3699964
0.071533203125000 3699929
0.071899414062500 3700105
0.072570800781250 3699964
0.068969726562500 3700035
0.000000000000000 3548404
0.072875976562500 3700000
0.073730468750000 3700035
0.072448730468750 3699964
0.072509765625000 3700035
0.074096679687500 3699859
0.072387695312500 3700070
0.070251464843750 3700000
0.073913574218750 3700035
0.072265625000000 3700000
0.071411132812500 3700035
0.000000000000000 3699964
0.070678710937500 3700000
0.069091796875000 3700035
0.072387695312500 3700000
0.072143554687500 3699929
0.070739746093750 3700070
0.063171386718750 3699929
0.069580078125000 3700070
0.072692871093750 3700000
0.071105957031250 3699964
0.062927246093750 3700000
0.069458007812500 3700000
0.071044921875000 3700035
0.073303222656250 3699964
0.072753906250000 3700035
0.071899414062500 3699964
0.070495605468750 3700035
0.000000000000000 3699964
0.071166992187500 3700000
0.070617675781250 3700035
0.072875976562500 3699964
0.070312500000000 3700000
0.071472167968750 3700000
0.072814941406250 3700035
0.070495605468750 3699929
0.071655273437500 3700070
0.071472167968750 3700000
0.072204589843750 3699964
0.071044921875000 3700000
0.070617675781250 3700000
0.000000000000000 3700035
0.073730468750000 3700000
0.069824218750000 3699964
0.073547363281250 3699964
0.072265625000000 3700070
0.070617675781250 3699964
0.070983886718750 3699894
0.072387695312500 3700070
0.072998046875000 3700035
0.069335937500000 3699964
0.070739746093750 3700070
0.069580078125000 3700000
0.074218750000000 3699964
0.000000000000000 3700035
0.070190429687500 3699964
0.072021484375000 3700000
0.071838378906250 3700035
0.069824218750000 3700000
0.074096679687500 3699964
0.070129394531250 3700035
0.070739746093750 3699929
0.072448730468750 3700035
0.073242187500000 3700035
0.072387695312500 3700000
0.070861816406250 3700000
0.070068359375000 3700000
0.000000000000000 3700000
0.072021484375000 3699894
0.072692871093750 3700105
0.072631835937500 3699964
0.070922851562500 3700035
0.071411132812500 3700000
0.073669433593750 3700000
0.071228027343750 3700000
0.069458007812500 3699894
0.071411132812500 3700035
0.071960449218750 3699964
0.064086914062500 3700105
0.074829101562500 3699929
0.000000000000000 3700070
0.073181152343750 3700000
0.064208984375000 3700000
0.072814941406250 3700000
0.071289062500000 3700000
0.075805664062500 3700000
0.066223144531250 3700000
0.072570800781250 3699964
0.066772460937500 3700000
0.070739746093750 3699964
0.068176269531250 3700070
0.069396972656250 3699964
0.075317382812500 3700000
0.072265625000000 3699964
0.067687988281250 3700070
0.067810058593750 3699964
0.063476562500000 3700000
0.071289062500000 3700000
0.000000000000000 3700000
0.075988769531250 3700000
0.064636230468750 3700000
0.069580078125000 3700000
0.069946289062500 3700000
0.068969726562500 3700000
0.071777343750000 3700000
0.064331054687500 3700000
0.067749023437500 3700035
0.075073242187500 3700000
0.075866699218750 3699964
0.072753906250000 3700000
0.072631835937500 3700035
0.070495605468750 3699964
0.000000000000000 3700035
0.072998046875000 3700000
0.070495605468750 3700000
0.072998046875000 3699964
0.070861816406250 3700035
0.072204589843750 3699964
0.071411132812500 3700000
0.069091796875000 3699929
0.072570800781250 3700105
0.069152832031250 3699964
0.073486328125000 3700000
0.071533203125000 3700035
0.070800781250000 3700000
0.072082519531250 3700000
0.000000000000000 3700000
0.069946289062500 3699929
0.072021484375000 3700070
0.069458007812500 3699929
0.073486328125000 3700035
0.070800781250000 3700035
0.071105957031250 3699929
0.073425292968750 3700035
0.070617675781250 3700035
0.072021484375000 3700000
0.069885253906250 3700000
0.073181152343750 3699964
0.071533203125000 3700035
0.000000000000000 3700000
0.070495605468750 3699929
0.071899414062500 3700070
0.071899414062500 3700000
0.072021484375000 3699964
0.069824218750000 3700035
0.071044921875000 3700000
0.072082519531250 3699964
0.071166992187500 3700000
0.071044921875000 3700000
0.070251464843750 3699929
0.072448730468750 3700035
0.070800781250000 3700035
0.000000000000000 3699929
0.071777343750000 3700070
0.071899414062500 3700000
0.070678710937500 3700035
0.070922851562500 3699929
0.071533203125000 3700035
0.063537597656250 3700000
0.071716308593750 3700000
0.072875976562500 3699964
0.073791503906250 3700070
0.073547363281250 3700000
0.072448730468750 3700000
0.066711425781250 3699964
0.064636230468750 3700000
0.067321777343750 3700035
0.074401855468750 3699823
0.000000000000000 3640667
0.071716308593750 3600000
0.057922363281250 3600000
0.059020996093750 3551746
0.068664550781250 3600000
0.058654785156250 3600000
0.066345214843750 3599931
0.067749023437500 3600034
0.066040039062500 3600034
0.065673828125000 3600000
0.066040039062500 3600000
0.067077636718750 3600000
0.066284179687500 3599965
0.063842773437500 3600000
0.067626953125000 3600034
0.065429687500000 3600000
0.065490722656250 3600000
0.000000000000000 3599897
0.065979003906250 3600102
0.067382812500000 3600000
0.067993164062500 3600000
0.064147949218750 3600000
0.065612792968750 3600000
0.066406250000000 3599931
0.066711425781250 3600068
0.066101074218750 3600034
0.066101074218750 3599965
0.069702148437500 3600000
0.066528320312500 3600000
0.000000000000000 3600034
0.066833496093750 3599965
0.064697265625000 3599931
0.068176269531250 3600102
0.064941406250000 3599965
0.064941406250000 3600000
0.064392089843750 3600000
0.067199707031250 3600000
0.067504882812500 3600034
0.065185546875000 3599965
0.066467285156250 3600000
0.063659667968750 3600000
0.067687988281250 3599931
0.000000000000000 3600000
0.065246582031250 3600068
0.066467285156250 3600000
0.066284179687500 3600000
0.065917968750000 3600000
0.066223144531250 3600000
0.065063476562500 3600000
0.066467285156250 3599965
0.064636230468750 3600034
0.069213867187500 3600000
0.067382812500000 3600000
0.065307617187500 3600000
0.064880371093750 3599965
0.000000000000000 3600034
0.126708984375000 3600000
0.000000000000000 3599965
0.065368652343750 3600034
0.065429687500000 3600000
0.066772460937500 3600000
0.066528320312500 3599965
0.065429687500000 3600034
0.066528320312500 3599965
0.065185546875000 3600068
0.065856933593750 3599897
0.058288574218750 3600102
0.064208984375000 3599965
0.065307617187500 3600000
0.065979003906250 3599931
0.065490722656250 3600102
0.066162109375000 3599965
0.000000000000000 3600000
0.065856933593750 3600000
0.067871093750000 3600000
0.063476562500000 3599965
0.067382812500000 3600034
0.066955566406250 3600000
0.063415527343750 3600000
0.058349609375000 3599965
0.065124511718750 3600034
0.067565917968750 3600000
0.065612792968750 3600000
0.066040039062500 3600000
0.064270019531250 3600000
0.067199707031250 3600000
0.066345214843750 3600000
0.000000000000000 3600000
0.065124511718750 3600000
0.066284179687500 3600034
0.064880371093750 3599965
0.068847656250000 3600000
0.064025878906250 3600000
0.066711425781250 3600000
0.066284179687500 3600000
0.065429687500000 3600000
0.065063476562500 3600000
0.065734863281250 3600000
0.065368652343750 3600034
0.067260742187500 3599965
0.058471679687500 3600000
0.065307617187500 3600000
0.066345214843750 3600000
0.000000000000000 3599931
0.067260742187500 3600068
0.066406250000000 3600000
0.064514160156250 3705602
0.074462890625000 3800000
0.078552246093750 3800000
0.076538085937500 3800000
0.068603515625000 3800000
0.079345703125000 3800000
0.075134277343750 3800000
0.079101562500000 3799963
0.076049804687500 3800036
0.077026367187500 3800000
0.076110839843750 3800000
0.077697753906250 3800000
0.000000000000000 3800000
0.079223632812500 3800000
0.076416015625000 3800000
0.077941894531250 3800000
0.075317382812500 3800000
0.077148437500000 3800000
0.077331542968750 3800000
0.078247070312500 3800000
0.079345703125000 3799963
0.075805664062500 3800000
0.076538085937500 3800036
0.076416015625000 3799963
0.077026367187500 3800000
0.000000000000000 3800000
0.077270507812500 3800036
0.076721191406250 3800000
0.077697753906250 3800000
0.079589843750000 3800000
0.077819824218750 3800000
0.074768066406250 3799963
0.079162597656250 3800036
0.078735351562500 3800000
0.075500488281250 3800000
0.077087402343750 3800000
0.078125000000000 3800000
0.000000000000000 3800000
0.080627441406250 3800000
0.075683593750000 3799927
0.076538085937500 3800072
0.077453613281250 3800000
0.077209472656250 3800000
0.077209472656250 3800000
0.079956054687500 3800000
0.076416015625000 3800036
0.078247070312500 3799963
0.077880859375000 3799963
0.074401855468750 3799963
0.064208984375000 3800072
0.073486328125000 3800036
0.074890136718750 3799963
0.000000000000000 3800000
0.074584960937500 3800036
0.074340820312500 3799963
0.073669433593750 3800036
0.070861816406250 3799963
0.075195312500000 3800000
0.071594238281250 3800000
0.064392089843750 3800036
0.070556640625000 3799927
0.076477050781250 3799927
0.074462890625000 3800144
0.071472167968750 3799963
0.072448730468750 3800000
0.071105957031250 3800000
0.000000000000000 3800036
0.074340820312500 3799927
0.070861816406250 3800036
0.074096679687500 3800000
0.073120117187500 3800000
0.071350097656250 3799927
0.064392089843750 3800108
0.071838378906250 3799963
0.074279785156250 3800036
0.072082519531250 3800000
0.071350097656250 3799963
0.077331542968750 3800000
0.071594238281250 3800000
0.071899414062500 3800000
0.071777343750000 3800000
0.073364257812500 3800000
0.000000000000000 3800000
0.072998046875000 3800000
0.073547363281250 3800000
0.073059082031250 3800000
0.073425292968750 3800000
0.073913574218750 3800000
0.072326660156250 3800000
0.073242187500000 3800000
0.070556640625000 3800000
0.075012207031250 3800000
0.073608398437500 3800036
0.073486328125000 3799963
0.072326660156250 3800000
0.000000000000000 3800036
0.072265625000000 3799927
0.073852539062500 3800036
0.071044921875000 3800000
0.075317382812500 3800000
0.070617675781250 3800000
0.074584960937500 3800000
0.075012207031250 3800000
0.071960449218750 3800000
0.071594238281250 3799963
0.072265625000000 3800000
0.075439453125000 3800036
0.071289062500000 3800000
0.000000000000000 3800000
0.074584960937500 3800000
0.072204589843750 3800000
0.074096679687500 3800000
0.072814941406250 3800000
0.071899414062500 3800000
0.072937011718750 3800000
0.072265625000000 3800000
0.074951171875000 3800000
0.074829101562500 3799963
0.070678710937500 3800036
0.072937011718750 3800000
0.072204589843750 3800000
0.000000000000000 3800000
0.073059082031250 3800000
0.071350097656250 3800000
0.073669433593750 3800000
0.074829101562500 3800000
0.074340820312500 3799963
0.072204589843750 3800036
0.071289062500000 3800000
0.073486328125000 3800000
0.072326660156250 3800036
0.071838378906250 3799963
0.073669433593750 3800000
0.073974609375000 3800000
0.072753906250000 3800000
0.000000000000000 3800000
0.072998046875000 3800000
0.074829101562500 3800000
0.072143554687500 3800000
0.072814941406250 3800000
0.075927734375000 3800000
0.072998046875000 3800000
0.073120117187500 3800000
0.071960449218750 3800000
0.071655273437500 3800000
0.072937011718750 3800000
0.073730468750000 3800000
0.072448730468750 3800036
0.000000000000000 3799963
0.072692871093750 3800000
0.075744628906250 3800000
0.070434570312500 3800000
0.073852539062500 3800000
0.072570800781250 3800036
0.071594238281250 3800000
0.076599121093750 3800000
0.072875976562500 3799963
0.071716308593750 3800000
0.073120117187500 3800000
0.074340820312500 3800000
0.071289062500000 3800000
0.000000000000000 3800000
0.073242187500000 3799963
0.074951171875000 3800036
0.072448730468750 3800000
0.073303222656250 3800000
0.073608398437500 3800000
0.072387695312500 3800000
0.071533203125000 3800000
0.064941406250000 3800000
0.072143554687500 3799963
0.072998046875000 3800036
0.074707031250000 3800000
0.070495605468750 3800000
0.074279785156250 3800000
0.071166992187500 3799927
0.000000000000000 3800072
0.075927734375000 3800036
0.072570800781250 3799963
0.073913574218750 3800000
0.074829101562500 3800000
0.072509765625000 3799963
0.072448730468750 3800036
0.073364257812500 3800000
0.075866699218750 3800000
0.071533203125000 3800000
0.073364257812500 3799927
0.074218750000000 3800072
0.000000000000000 3800000
0.073486328125000 3800000
0.072448730468750 3800000
0.072143554687500 3800000
0.074462890625000 3800000
0.071533203125000 3800000
0.073974609375000 3799963
0.074035644531250 3800036
0.071960449218750 3800000
0.074584960937500 3800000
0.073486328125000 3800036
0.071289062500000 3799963
0.072326660156250 3800000
0.000000000000000 3799963
0.071472167968750 3800036
0.074951171875000 3800000
0.071960449218750 3800000
0.073486328125000 3800000
0.071594238281250 3800000
0.074279785156250 3800000
0.073425292968750 3800000
0.074340820312500 3800000
0.073059082031250 3799963
0.072631835937500 3800036
0.072326660156250 3800000
0.074462890625000 3800036
0.000000000000000 3799963
0.071105957031250 3800000
0.071350097656250 3800000
0.073852539062500 3800000
0.075683593750000 3800000
0.071289062500000 3800036
0.072937011718750 3799963
0.071472167968750 3799963
0.073486328125000 3800000
0.073059082031250 3800036
0.071899414062500 3800000
0.071105957031250 3800000
0.075683593750000 3799963
0.064392089843750 3800000
0.070434570312500 3800036
0.072998046875000 3800000
0.000000000000000 3799963
0.072814941406250 3800036
0.073303222656250 3800000
0.073181152343750 3800000
0.072387695312500 3800000
0.074096679687500 3800000
0.148498535156250 3800000
0.070007324218750 3800000
0.074707031250000 3800000
0.071044921875000 3800000
0.072631835937500 3800000
0.074523925781250 3800000
0.072692871093750 3800000
0.000000000000000 3800000
0.074218750000000 3800036
0.071228027343750 3799963
0.076171875000000 3800000
0.072204589843750 3800000
0.071960449218750 3800000
0.074279785156250 3799927
0.070800781250000 3800036
0.074218750000000 3800036
0.073547363281250 3800000
0.072326660156250 3799963
0.071716308593750 3800000
0.074218750000000 3800036
0.000000000000000 3800000
0.072448730468750 3800000
0.073730468750000 3800000
0.072204589843750 3800000
0.071594238281250 3800000
0.074768066406250 3800036
0.071960449218750 3799963
0.073730468750000 3800000
0.072570800781250 3799927
0.074951171875000 3800072
0.072937011718750 3800000
0.072875976562500 3799963
0.074218750000000 3800036
0.000000000000000 3800000
0.071594238281250 3800000
0.075500488281250 3800000
0.070556640625000 3800000
0.072448730468750 3800000
0.075073242187500 3800000
0.072204589843750 3799963
0.071899414062500 3800072
0.073852539062500 3799963
0.072143554687500 3799891
0.071960449218750 3800108
0.064697265625000 3800000
0.076354980468750 3800000
0.070312500000000 3800000
0.073059082031250 3800000
0.000000000000000 3800000
0.073242187500000 3800000
0.073303222656250 3800000
0.072937011718750 3800000
0.074645996093750 3800000
0.074584960937500 3800000
0.072082519531250 3800000
0.072082519531250 3800000
0.071105957031250 3800000
0.073852539062500 3800000
0.072509765625000 3799963
0.073852539062500 3800036
0.072937011718750 3799891
0.000000000000000 3800072
0.073242187500000 3800036
0.072326660156250 3800000
0.073120117187500 3800000
0.071533203125000 3800000
0.072692871093750 3800000
0.071960449218750 3800000
0.074645996093750 3800000
0.074707031250000 3800000
0.072326660156250 3799927
0.073181152343750 3800072
0.074096679687500 3799963
0.071960449218750 3800036
0.000000000000000 3800000
0.073730468750000 3800000
0.073852539062500 3800000
0.072692871093750 3800000
0.074523925781250 3799963
0.073242187500000 3800036
0.072692871093750 3800000
0.072143554687500 3800000
0.071655273437500 3800000
0.075134277343750 3800000
0.075317382812500 3800000
0.074645996093750 3800036
0.000000000000000 3799963
0.072814941406250 3800036
0.074584960937500 3799963
0.071228027343750 3800000
0.071105957031250 3800000
0.073242187500000 3800000
0.073974609375000 3800000
0.073608398437500 3800000
0.073181152343750 3800000
0.073791503906250 3799963
0.072204589843750 3800036
0.074584960937500 3800000
0.070983886718750 3800000
0.072692871093750 3800000
0.000000000000000 3800000
0.075622558593750 3799963
0.072021484375000 3800036
0.073059082031250 3800000
0.072937011718750 3800000
0.073181152343750 3800000
0.071899414062500 3800000
0.074279785156250 3800000
0.075073242187500 3799927
0.072387695312500 3800072
0.072631835937500 3800000
0.072082519531250 3800000
0.000000000000000 3800000
0.074462890625000 3800000
0.071105957031250 3800000
0.072814941406250 3800036
0.074707031250000 3799963
0.073913574218750 3800000
0.073913574218750 3800000
0.073547363281250 3800000
0.072204589843750 3800036
0.073425292968750 3799963
0.074584960937500 3800000
0.074768066406250 3800000
0.071472167968750 3800000
0.000000000000000 3800000
0.072937011718750 3800000
0.074707031250000 3800000
0.073730468750000 3800000
0.072448730468750 3800000
0.073120117187500 3755644
0.072448730468750 3700000
0.073486328125000 3699964
0.063415527343750 3700000
0.072937011718750 3700035
0.070861816406250 3700000
0.071655273437500 3699964
0.071044921875000 3700035
0.000000000000000 3700000
0.072692871093750 3700000
0.070129394531250 3700000
0.071472167968750 3699964
0.069885253906250 3700035
0.073303222656250 3700000
0.069885253906250 3700000
0.071044921875000 3699929
0.072692871093750 3700070
0.069824218750000 3699964
0.070800781250000 3700035
0.069763183593750 3700000
0.072509765625000 3700000
0.071899414062500 3700000
0.000000000000000 3700000
0.072204589843750 3700000
0.072631835937500 3700000
0.069091796875000 3699964
0.071777343750000 3700035
0.072143554687500 3700000
0.071655273437500 3700000
0.070129394531250 3700000
0.072998046875000 3699894
0.072021484375000 3700070
0.070190429687500 3700000
0.071594238281250 3700000
0.070251464843750 3700000
0.000000000000000 3700035
0.072875976562500 3700000
0.069641113281250 3700000
0.073303222656250 3699964
0.070922851562500 3700035
0.072448730468750 3699894
0.072570800781250 3700035
0.071044921875000 3700070
0.072265625000000 3700000
0.070983886718750 3699964
0.073181152343750 3700000
0.073425292968750 3700035
0.069885253906250 3699929
0.000000000000000 3700070
0.070739746093750 3700000
0.071594238281250 3700000
0.063171386718750 3700000
0.070190429687500 3699964
0.070800781250000 3700035
0.070556640625000 3700000
0.073303222656250 3699964
0.072265625000000 3700035
0.071838378906250 3700000
0.071960449218750 3699964
0.069580078125000 3700000
0.073974609375000 3700035
0.070556640625000 3700000
0.000000000000000 3699964
0.072387695312500 3700000
0.072814941406250 3700000
0.072509765625000 3700000
0.070068359375000 3700035
0.071777343750000 3700000
0.072387695312500 3699964
0.068847656250000 3700035
0.073425292968750 3700000
0.072814941406250 3700000
0.069763183593750 3700000
0.072814941406250 3700000
0.070495605468750 3700000
0.000000000000000 3700000
0.071533203125000 3699964
0.070373535156250 3700000
0.072937011718750 3700000
0.072570800781250 3700000
0.073364257812500 3700035
0.073974609375000 3700000
0.070129394531250 3699964
0.073120117187500 3700035
0.071777343750000 3699964
0.072448730468750 3700000
0.070983886718750 3700035
0.000000000000000 3699964
0.070434570312500 3700000
0.072937011718750 3700035
0.071716308593750 3699964
0.071105957031250 3700035
0.070739746093750 3699964
0.072387695312500 3700035
0.072631835937500 3699964
0.069702148437500 3700035
0.071289062500000 3700000
0.069213867187500 3700000
0.070495605468750 3700000
0.073547363281250 3700000
0.000000000000000 3699964
0.071716308593750 3700035
0.071533203125000 3699964
0.068969726562500 3700035
0.063049316406250 3699964
0.070617675781250 3700035
0.072265625000000 3700000
0.070678710937500 3700000
0.071777343750000 3700000
0.070800781250000 3700000
0.072570800781250 3700000
0.071777343750000 3700000
0.069885253906250 3699964
0.072326660156250 3700035
0.070739746093750 3700000
0.000000000000000 3700000
0.072326660156250 3700000
0.069091796875000 3700000
0.072387695312500 3699964
0.072143554687500 3699929
0.069152832031250 3700105
0.070983886718750 3699964
0.071838378906250 3700035
0.073669433593750 3699964
0.069091796875000 3700035
0.074401855468750 3700000
0.070861816406250 3700000
0.069885253906250 3700000
0.000000000000000 3700000
0.073730468750000 3699964
0.070129394531250 3700000
0.070983886718750 3700035
0.071228027343750 3699964
0.062927246093750 3700000
0.069702148437500 3700000
0.071655273437500 3700000
0.072082519531250 3700035
0.069641113281250 3700000
0.072265625000000 3699964
0.070739746093750 3700035
0.072937011718750 3700000
0.071289062500000 3699929
0.074218750000000 3700035
0.000000000000000 3700035
0.070129394531250 3700000
0.071655273437500 3700000
0.071655273437500 3700000
0.068847656250000 3700000
0.074768066406250 3700000
0.071166992187500 3700000
0.071411132812500 3699964
0.072387695312500 3700000
0.070495605468750 3700035
0.070739746093750 3700000
0.072143554687500 3700000
0.070678710937500 3699964
0.069213867187500 3700000
0.063415527343750 3700000
0.000000000000000 3700035
0.073913574218750 3700000
0.071228027343750 3700000
0.071655273437500 3699894
0.070556640625000 3700105
0.072082519531250 3700000
0.071166992187500 3700000
0.071716308593750 3700000
0.070373535156250 3699964
0.073730468750000 3700035
0.070495605468750 3700000
0.069946289062500 3699964
0.073303222656250 3700035
0.000000000000000 3699964
0.132507324218750 3699964
0.000000000000000 3700070
0.069763183593750 3700000
0.071289062500000 3700000
0.072692871093750 3699964
0.073059082031250 3700035
0.070861816406250 3700000
0.072021484375000 3699964
0.072570800781250 3700035
0.069152832031250 3700000
0.072814941406250 3700000
0.073425292968750 3700000
0.071044921875000 3700000
0.070678710937500 3700000
0.000000000000000 3699964
0.071289062500000 3700000
0.073425292968750 3700035
0.070617675781250 3699964
0.071716308593750 3700000
0.071472167968750 3700035
0.072509765625000 3699964
0.072082519531250 3700035
0.069641113281250 3699894
0.071289062500000 3700070
0.072570800781250 3700000
0.070922851562500 3700000
0.000000000000000 3700035
0.072387695312500 3700000
0.069274902343750 3700000
0.072265625000000 3700000
0.072326660156250 3700000
0.072509765625000 3700000
0.070983886718750 3700000
0.072082519531250 3699929
0.074890136718750 3700000
0.070617675781250 3700070
0.071289062500000 3700000
0.071350097656250 3700000
0.072631835937500 3699929
0.000000000000000 3700070
0.069519042968750 3700000
0.072631835937500 3699964
0.073120117187500 3700000
0.067993164062500 3700000
0.074157714843750 3700000
0.069335937500000 3700035
0.072509765625000 3700000
0.069519042968750 3699929
0.071777343750000 3700070
0.073303222656250 3699964
0.069763183593750 3700000
0.070129394531250 3700035
0.070922851562500 3699964
0.000000000000000 3700035
0.072265625000000 3699964
0.071472167968750 3700035
0.069702148437500 3700000
0.073242187500000 3699964
0.068847656250000 3700000
0.072326660156250 3700035
0.072265625000000 3699964
0.071899414062500 3700035
0.069335937500000 3699964
0.073791503906250 3700000
0.072143554687500 3700000
0.069763183593750 3700000
0.000000000000000 3700000
0.073181152343750 3700035
0.069274902343750 3700000
0.072143554687500 3699964
0.070129394531250 3700035
0.070007324218750 3700000
0.072937011718750 3699964
0.073486328125000 3700000
0.071044921875000 3700035
0.070434570312500 3700000
0.071594238281250 3699894
0.069763183593750 3700070
0.072021484375000 3699964
0.000000000000000 3700070
0.071289062500000 3699964
0.072875976562500 3700000
0.071411132812500 3700035
0.070556640625000 3700000
0.073181152343750 3700000
0.070495605468750 3700000
0.069213867187500 3700000
0.070007324218750 3699964
0.074951171875000 3700000
0.071411132812500 3700035
0.071838378906250 3700000
0.071411132812500 3699964
0.000000000000000 3700035
0.071105957031250 3700000
0.072937011718750 3700000
0.069458007812500 3699964
0.070800781250000 3700035
0.072509765625000 3700000
0.071655273437500 3699964
0.071716308593750 3700035
0.069885253906250 3699964
0.070373535156250 3700000
0.071411132812500 3700000
0.071594238281250 3700000
0.071594238281250 3700035
0.069885253906250 3699964
0.000000000000000 3700000
0.071716308593750 3700000
0.071289062500000 3700000
0.072326660156250 3700000
0.069885253906250 3700000
0.072509765625000 3700000
0.073120117187500 3700035
0.072692871093750 3700000
0.070251464843750 3700000
0.071289062500000 3699964
0.071289062500000 3700035
0.070922851562500 3699964
0.071716308593750 3700000
0.000000000000000 3700035
0.072631835937500 3699964
0.068481445312500 3700000
0.073059082031250 3700035
0.070556640625000 3700000
0.071105957031250 3700000
0.070922851562500 3699894
0.070922851562500 3700070
0.073791503906250 3699964
0.069702148437500 3700035
0.071289062500000 3700035
0.070251464843750 3699964
0.072509765625000 3700035
0.000000000000000 3699964
0.072143554687500 3700000
0.070373535156250 3700035
0.070190429687500 3699894
0.070861816406250 3700070
0.073486328125000 3700000
0.070190429687500 3700000
0.072631835937500 3700035
0.069091796875000 3700000
0.073791503906250 3699964
0.070129394531250 3700035
0.072448730468750 3700000
0.070861816406250 3700000
0.000000000000000 3700000
0.072814941406250 3700000
0.074523925781250 3700000
0.070007324218750 3699964
0.070495605468750 3700035
0.069091796875000 3699964
0.074096679687500 3700035
0.070617675781250 3700000
0.070373535156250 3700000
0.070922851562500 3699894
0.069213867187500 3700105
0.071838378906250 3700000
0.070922851562500 3700000
0.072326660156250 3699964
0.000000000000000 3700035
0.071228027343750 3700000
0.073059082031250 3700000
0.072204589843750 3699964
0.070495605468750 3700035
0.071716308593750 3700000
0.071838378906250 3699964
0.073547363281250 3700035
0.071350097656250 3699964
0.069641113281250 3700035
0.072143554687500 3700000
0.072021484375000 3699964
0.000000000000000 3700000
0.072204589843750 3700000
0.071105957031250 3700035
0.073425292968750 3699964
0.069885253906250 3700000
0.071899414062500 3700035
0.071472167968750 3699964
0.070739746093750 3700035
0.073913574218750 3700000
0.072998046875000 3699964
0.072265625000000 3700000
0.072448730468750 3700000
0.070007324218750 3699964
0.214477539062500 3700008
0.070800781250000 3700000
0.074340820312500 3700035
0.073608398437500 3699964
0.070800781250000 3700000
0.070129394531250 3700035
0.069213867187500 3700000
0.062988281250000 3699964
0.071838378906250 3700000
0.071166992187500 3700035
0.069519042968750 3699964
0.072143554687500 3700035
0.072753906250000 3700000
0.070434570312500 3699964
0.071350097656250 3700000
0.000000000000000 3700035
0.070251464843750 3700000
0.071777343750000 3700000
0.074523925781250 3700000
0.070373535156250 3699964
0.071166992187500 3700035
0.070739746093750 3700000
0.073120117187500 3699964
0.070129394531250 3700000
0.071289062500000 3699929
0.071289062500000 3700105
0.072265625000000 3699964
0.000000000000000 3700035
0.073730468750000 3699964
0.069580078125000 3700035
0.072937011718750 3700000
0.077880859375000 3699964
0.072998046875000 3700035
0.072448730468750 3699964
0.069580078125000 3700000
0.068664550781250 3699964
0.073303222656250 3700070
0.064208984375000 3700000
0.072998046875000 3699964
0.068847656250000 3700035
0.064636230468750 3699964
0.072265625000000 3700035
0.000000000000000 3700000
0.075195312500000 3700000
0.069091796875000 3699964
0.070556640625000 3700035
0.065185546875000 3699964
0.063659667968750 3699964
0.071289062500000 3699964
0.071838378906250 3700070
0.065490722656250 3700035
0.071105957031250 3700000
0.071105957031250 3699964
0.068603515625000 3700035
0.062866210937500 3699964
0.064208984375000 3700000
0.072387695312500 3700035
0.071655273437500 3700000
0.071655273437500 3699964
0.070800781250000 3700000
0.071411132812500 3700000
0.072631835937500 3700000
0.000000000000000 3700035
0.069396972656250 3700000
0.072509765625000 3699964
0.069763183593750 3700000
0.074401855468750 3700000
0.070251464843750 3700000
0.072143554687500 3700000
0.072692871093750 3700000
0.069580078125000 3700035
0.072570800781250 3700000
0.069641113281250 3700000
0.071350097656250 3699964
0.071289062500000 3700035
0.000000000000000 3700000
0.072204589843750 3700000
0.071411132812500 3699964
0.072021484375000 3700000
0.069946289062500 3700035
0.070983886718750 3700000
0.073059082031250 3700000
0.070495605468750 3699964
0.072204589843750 3700000
0.070129394531250 3700000
0.072631835937500 3700035
0.072326660156250 3700000
0.069763183593750 3700000
0.000000000000000 3700000
0.070861816406250 3699964
0.070129394531250 3700035
0.072509765625000 3700000
0.070861816406250 3700000
0.071655273437500 3700000
0.072509765625000 3700000
0.070922851562500 3700000
0.070739746093750 3699964
0.070861816406250 3700000
0.070861816406250 3700000
0.070373535156250 3700000
0.074951171875000 3700035
0.000000000000000 3522078
0.072204589843750 3699964
0.070739746093750 3700035
0.063110351562500 3699964
0.071655273437500 3700035
0.074340820312500 3700000
0.071105957031250 3699964
0.064208984375000 3700035
0.069458007812500 3699964
0.073120117187500 3700000
0.063903808593750 3700000
0.068908691406250 3700000
0.063842773437500 3700000
0.075500488281250 3700000
0.067504882812500 3700000
0.065002441406250 3700000
0.072448730468750 3700035
0.073791503906250 3699964
0.073913574218750 3700035
0.000000000000000 3699964
0.072326660156250 3700035
0.070007324218750 3699964
0.071289062500000 3700000
0.069763183593750 3700035
0.062866210937500 3699964
0.071472167968750 3700035
0.070983886718750 3700000
0.070983886718750 3699964
0.071472167968750 3700035
0.063476562500000 3700000
0.069885253906250 3699964
0.072937011718750 3700035
0.070861816406250 3699964
0.072448730468750 3700035
0.071838378906250 3699964
0.070434570312500 3700035
0.000000000000000 3699964
0.071594238281250 3699929
0.068237304687500 3700070
0.073181152343750 3700035
0.069458007812500 3700000
0.071228027343750 3700000
0.070861816406250 3700000
0.072509765625000 3700000
0.073608398437500 3700000
0.071838378906250 3699964
0.075073242187500 3700000
0.071289062500000 3700035
0.071411132812500 3700000
0.000000000000000 3700000
0.071777343750000 3699964
0.071777343750000 3700000
0.071044921875000 3700035
0.072814941406250 3700000
0.072326660156250 3699964
0.070007324218750 3700000
0.071228027343750 3700035
0.071289062500000 3699964
0.072692871093750 3700035
0.070861816406250 3700000
0.069641113281250 3700000
0.072509765625000 3700000
0.000000000000000 3700000
0.071105957031250 3699964
0.073669433593750 3700000
0.070617675781250 3700035
0.071655273437500 3700000
0.073059082031250 3686422
0.070190429687500 3599965
0.058166503906250 3600000
0.065429687500000 3600000
0.066467285156250 3600000
0.058593750000000 3599897
0.066772460937500 3600034
0.066833496093750 3600034
0.068603515625000 3600034
0.066406250000000 3600000
0.000000000000000 3600000
0.067138671875000 3600000
0.067626953125000 3600000
0.066101074218750 3600000
0.068359375000000 3600000
0.067443847656250 3600000
0.067382812500000 3600000
0.058898925781250 3600000
0.065490722656250 3600000
0.064941406250000 3600000
0.068237304687500 3600000
0.067138671875000 3600000
0.066650390625000 3600000
0.000000000000000 3600000
0.065429687500000 3600000
0.068908691406250 3600000
0.064697265625000 3600000
0.067077636718750 3600000
0.066223144531250 3600000
0.069458007812500 3600000
0.065917968750000 3600000
0.070800781250000 3600000
0.064147949218750 3600034
0.065734863281250 3599931
0.068054199218750 3600034
0.063171386718750 3600000
0.000000000000000 3600000
0.065368652343750 3600000
0.066406250000000 3600034
0.065979003906250 3600000
0.069213867187500 3599965
0.065246582031250 3600000
0.066711425781250 3600000
0.065063476562500 3600000
0.067077636718750 3600000
0.064208984375000 3600000
0.065490722656250 3600000
0.068420410156250 3599931
0.065673828125000 3600034
0.059448242187500 3600034
0.000000000000000 3600000
0.065856933593750 3600000
0.065917968750000 3600000
0.064331054687500 3599965
0.067932128906250 3600034
0.065185546875000 3600000
0.065246582031250 3600034
0.066345214843750 3600000
0.063720703125000 3599965
0.057922363281250 3599965
0.064270019531250 3600000
0.068359375000000 3527847
0.064819335937500 3600000
0.069152832031250 3600000
0.067871093750000 3600000
0.000000000000000 3600000
0.065979003906250 3600000
0.058532714843750 3600000
0.065368652343750 3600000
0.067565917968750 3600000
0.066650390625000 3600000
0.066040039062500 3600000
0.065185546875000 3600034
0.067321777343750 3599931
0.065368652343750 3600034
0.063659667968750 3600000
0.067932128906250 3600034
0.066040039062500 3599965
0.066955566406250 3600000
0.000000000000000 3600000
0.123352050781250 3600000
0.000000000000000 3600000
0.063476562500000 3600000
0.064819335937500 3600000
0.067687988281250 3600000
0.064270019531250 3600000
0.058227539062500 3600000
0.066101074218750 3600000
0.068542480468750 3600000
0.065124511718750 3600000
0.065307617187500 3600000
0.068054199218750 3600000
0.063354492187500 3600000
0.067260742187500 3600034
0.064514160156250 3599965
0.067077636718750 3600000
0.000000000000000 3600000
0.064697265625000 3600000
0.067077636718750 3599931
0.066162109375000 3600102
0.064758300781250 3599897
0.066345214843750 3600068
0.064086914062500 3600000
0.066955566406250 3600000
0.065856933593750 3600000
0.066528320312500 3600000
0.066223144531250 3600034
0.065368652343750 3599965
0.067749023437500 3600000
0.000000000000000 3600000
0.066528320312500 3600000
0.068603515625000 3600000
0.066345214843750 3600000
0.065612792968750 3600000
0.066528320312500 3599931
0.065124511718750 3600068
0.067932128906250 3600000
0.066284179687500 3600000
0.068176269531250 3600000
0.065856933593750 3600000
0.000000000000000 3600000
0.068481445312500 3600000
0.067565917968750 3600000
0.063720703125000 3600000
0.066467285156250 3600000
0.064819335937500 3600000
0.067199707031250 3600000
0.067871093750000 3600000
0.067016601562500 3600000
0.065307617187500 3600000
0.064941406250000 3600000
0.068603515625000 3600000
0.064880371093750 3600000
0.000000000000000 3600034
0.066833496093750 3599897
0.065307617187500 3600068
0.066833496093750 3600000
0.066589355468750 3600000
0.063964843750000 3600000
0.065551757812500 3600000
0.064331054687500 3599965
0.065734863281250 3600000
0.066833496093750 3600034
0.066711425781250 3600000
0.066589355468750 3600000
0.063598632812500 3600000
0.000000000000000 3600000
0.068115234375000 3600000
0.064758300781250 3600000
0.065429687500000 3600000
0.066406250000000 3600000
0.067871093750000 3600000
0.067016601562500 3600000
0.065368652343750 3600000
0.067321777343750 3600000
0.064147949218750 3600000
0.057800292968750 3599965
0.065002441406250 3600000
0.064331054687500 3600068
0.065246582031250 3599965
0.000000000000000 3600000
0.068847656250000 3600000
0.066223144531250 3600034
0.063659667968750 3599965
0.065917968750000 3600000
0.065429687500000 3600000
0.065917968750000 3600034
0.065368652343750 3599965
0.065795898437500 3600000
0.064880371093750 3599897
0.067199707031250 3600102
0.065307617187500 3600000
0.064392089843750 3600000
0.066101074218750 3600000
0.000000000000000 3600000
0.064025878906250 3600000
0.068847656250000 3600000
0.065795898437500 3599965
0.063842773437500 3600034
0.066345214843750 3600000
0.067016601562500 3599965
0.068420410156250 3600034
0.065063476562500 3600000
0.066162109375000 3600000
0.066650390625000 3600000
0.064514160156250 3600000
0.069641113281250 3600000
0.000000000000000 3600000
0.065429687500000 3600000
0.064880371093750 3600000
0.066162109375000 3600000
0.065979003906250 3600000
0.066406250000000 3600000
0.065795898437500 3600000
0.064636230468750 3600000
0.068908691406250 3600000
0.066406250000000 3600000
0.063903808593750 3600000
0.058471679687500 3599965
0.068054199218750 3600034
0.067016601562500 3600000
0.000000000000000 3600000
0.065368652343750 3600000
0.066162109375000 3600000
0.067504882812500 3600000
0.065795898437500 3599965
0.065917968750000 3600034
0.067687988281250 3599965
0.066711425781250 3600034
0.068847656250000 3600000
0.065673828125000 3600000
0.066772460937500 3600000
0.065246582031250 3600000
0.000000000000000 3600000
0.064758300781250 3600000
0.068298339843750 3600000
0.064331054687500 3600000
0.068298339843750 3599965
0.065124511718750 3600034
0.067016601562500 3467322
0.064758300781250 3600000
0.060058593750000 3600034
0.066223144531250 3600000
0.065368652343750 3599965
0.066772460937500 3600000
0.064514160156250 3600000
0.065551757812500 3600000
0.064453125000000 3599965
0.000000000000000 3600034
0.070068359375000 3600034
0.064514160156250 3599965
0.066650390625000 3600000
0.064819335937500 3600000
0.064941406250000 3600000
0.067504882812500 3600000
0.065490722656250 3600000
0.066345214843750 3600000
0.067321777343750 3600000
0.067138671875000 3600000
0.066040039062500 3600000
0.000000000000000 3600000
0.064514160156250 3600000
0.065368652343750 3599931
0.064025878906250 3600068
0.067749023437500 3600000
0.064880371093750 3600000
0.066162109375000 3600000
0.066162109375000 3600000
0.066650390625000 3600000
0.065185546875000 3600000
0.064880371093750 3600000
0.065612792968750 3599931
0.066406250000000 3434309
0.059082031250000 3600000
0.000000000000000 3600000
0.066650390625000 3600034
0.066589355468750 3599965
0.066406250000000 3600000
0.067504882812500 3600000
0.066467285156250 3600000
0.064208984375000 3600034
0.065124511718750 3599965
0.065002441406250 3600000
0.066528320312500 3600000
0.065612792968750 3600000
0.064941406250000 3600000
0.066955566406250 3600000
0.000000000000000 3600034
0.065551757812500 3599965
0.065734863281250 3600000
0.066345214843750 3600034
0.065551757812500 3599965
0.066772460937500 3600000
0.064758300781250 3600000
0.067321777343750 3599931
0.065002441406250 3600068
0.065551757812500 3599931
0.066894531250000 3600068
0.065551757812500 3600000
0.067871093750000 3600000
0.000000000000000 3600000
0.064453125000000 3600000
0.064025878906250 3600000
0.066528320312500 3600000
0.065429687500000 3600000
0.066284179687500 3600000
0.065551757812500 3600000
0.067016601562500 3600000
0.065368652343750 3599965
0.066040039062500 3600034
0.065673828125000 3600000
0.066406250000000 3600000
0.067626953125000 3600000
0.000000000000000 3599897
0.064392089843750 3600102
0.066101074218750 3600000
0.064208984375000 3599897
0.068786621093750 3600102
0.063964843750000 3600034
0.065734863281250 3599965
0.065185546875000 3600000
0.067077636718750 3600000
0.066650390625000 3600000
0.063476562500000 3600000
0.067749023437500 3600000
0.064270019531250 3600000
0.057922363281250 3600000
0.064636230468750 3600000
0.000000000000000 3600000
0.063781738281250 3600000
0.067871093750000 3600000
0.065063476562500 3600000
0.065490722656250 3600034
0.065429687500000 3599965
0.065917968750000 3600000
0.065063476562500 3599965
0.067016601562500 3600034
0.067199707031250 3600034
0.064025878906250 3600000
0.066528320312500 3599965
0.063659667968750 3599931
0.058898925781250 3600068
0.064514160156250 3600000
0.000000000000000 3600000
0.064819335937500 3600000
0.065612792968750 3600000
0.067565917968750 3599965
0.066650390625000 3600034
0.066223144531250 3600000
0.064697265625000 3599965
0.065551757812500 3600034
0.067138671875000 3600000
0.065551757812500 3600000
0.065612792968750 3599965
0.067016601562500 3600034
0.064208984375000 3600000
0.000000000000000 3600000
0.065856933593750 3600000
0.065124511718750 3600034
0.065673828125000 3599965
0.065734863281250 3600034
0.069091796875000 3600000
0.058349609375000 3423021
0.067321777343750 3600000
0.067504882812500 3600034
0.065917968750000 3599965
0.066772460937500 3600000
0.065490722656250 3600000
0.066284179687500 3600000
0.000000000000000 3600034
0.067504882812500 3599965
0.066162109375000 3600000
0.064636230468750 3600000
0.064636230468750 3600000
0.066589355468750 3600000
0.065734863281250 3600000
0.057983398437500 3599897
0.063598632812500 3600137
0.058959960937500 3599965
0.066284179687500 3600000
0.067321777343750 3600000
0.065002441406250 3600000
0.064147949218750 3600000
0.066101074218750 3600000
0.065856933593750 3600000
0.058532714843750 3600000
0.064208984375000 3600000
0.000000000000000 3599965
0.066284179687500 3600034
0.066040039062500 3600034
0.065917968750000 3599965
0.066223144531250 3600000
0.063964843750000 3700231
0.073608398437500 3768040
0.072753906250000 3699964
0.062927246093750 3700035
0.073974609375000 3699964
0.070983886718750 3700035
0.074157714843750 3699964
0.071777343750000 3700035
0.000000000000000 3700000
0.073120117187500 3699964
0.071289062500000 3700035
0.072021484375000 3699964
0.071472167968750 3700035
0.071228027343750 3699964
0.072265625000000 3700035
0.069885253906250 3700000
0.072875976562500 3699929
0.072143554687500 3700070
0.073913574218750 3700000
0.070922851562500 3699964
0.070007324218750 3700035
0.000000000000000 3699964
0.071228027343750 3700000
0.071838378906250 3700000
0.071838378906250 3700000
0.070373535156250 3700035
0.072631835937500 3699964
0.071166992187500 3700000
0.071228027343750 3700035
0.072509765625000 3699964
0.069885253906250 3700035
0.063354492187500 3699964
0.071655273437500 3700000
0.072814941406250 3699964
0.069641113281250 3699964
0.072021484375000 3700105
0.000000000000000 3699964
0.070983886718750 3700035
0.071655273437500 3700000
0.071533203125000 3700000
0.070495605468750 3699964
0.072143554687500 3700035
0.070373535156250 3699964
0.073242187500000 3700035
0.070739746093750 3700000
0.072937011718750 3699964
0.072692871093750 3700000
0.073303222656250 3700035
0.000000000000000 3699964
0.074218750000000 3700000
0.072631835937500 3700035
0.070739746093750 3700000
0.071533203125000 3700000
0.070922851562500 3700000
0.073242187500000 3700000
0.070861816406250 3699964
0.073974609375000 3700000
0.072448730468750 3700035
0.071533203125000 3699929
0.063842773437500 3700070
0.071044921875000 3699929
0.000000000000000 3700035
0.073669433593750 3700000
0.071655273437500 3700035
0.072082519531250 3699964
0.071838378906250 3700000
0.072082519531250 3700000
0.073181152343750 3700035
0.068603515625000 3700000
0.073425292968750 3699894
0.068969726562500 3700105
0.073730468750000 3699964
0.070556640625000 3700035
0.071899414062500 3700000
0.000000000000000 3700000
0.071655273437500 3700000
0.071655273437500 3700000
0.062988281250000 3700000
0.071105957031250 3700000
0.070373535156250 3700000
0.070617675781250 3700000
0.072937011718750 3699964
0.075073242187500 3700000
0.070983886718750 3700035
0.070190429687500 3699964
0.070739746093750 3700035
0.074157714843750 3699964
0.068847656250000 3700000
0.000000000000000 3700000
0.072265625000000 3700035
0.070922851562500 3699964
0.072387695312500 3700000
0.071838378906250 3700000
0.071533203125000 3700000
0.071289062500000 3700000
0.070495605468750 3700035
0.071960449218750 3699964
0.071350097656250 3700000
0.067687988281250 3700035
0.063781738281250 3699964
0.071411132812500 3700000
0.072631835937500 3700000
0.070007324218750 3699964
0.000000000000000 3700035
0.071655273437500 3700035
0.070129394531250 3700000
0.073425292968750 3700000
0.071533203125000 3699964
0.069885253906250 3700000
0.072082519531250 3700000
0.069702148437500 3700000
0.072265625000000 3700000
0.068054199218750 3700035
0.070739746093750 3700000
0.072937011718750 3700000
0.072448730468750 3700000
0.071166992187500 3699964
0.000000000000000 3700035
0.071166992187500 3699929
0.072509765625000 3700035
0.070495605468750 3700035
0.070617675781250 3700000
0.073303222656250 3699964
0.070495605468750 3700000
0.071105957031250 3700000
0.063171386718750 3700000
0.071044921875000 3700035
0.071228027343750 3699964
0.073852539062500 3700000
0.070861816406250 3699964
0.072937011718750 3700035
0.000000000000000 3699964
0.071777343750000 3700035
0.068725585937500 3700000
0.072265625000000 3700035
0.073791503906250 3699964
0.071166992187500 3700035
0.070373535156250 3699964
0.073181152343750 3700035
0.072753906250000 3700000
0.071411132812500 3699929
0.071166992187500 3700070
0.069824218750000 3700000
0.072753906250000 3700000
0.000000000000000 3700000
0.071105957031250 3700000
0.073791503906250 3699964
0.072387695312500 3700035
0.071472167968750 3699964
0.071899414062500 3700035
0.072387695312500 3699964
0.071533203125000 3700035
0.068725585937500 3700000
0.072387695312500 3699964
0.072021484375000 3700035
0.070251464843750 3700000
0.000000000000000 3699964
0.074035644531250 3700035
0.070983886718750 3700000
0.071655273437500 3699964
0.072814941406250 3700035
0.070861816406250 3700000
0.072021484375000 3699929
0.071166992187500 3700070
0.072753906250000 3700000
0.069213867187500 3700000
0.071166992187500 3699894
0.071105957031250 3700070
0.073425292968750 3700000
0.000000000000000 3700000
0.073303222656250 3699964
0.070495605468750 3700035
0.070678710937500 3700035
0.070800781250000 3699964
0.072814941406250 3700000
0.070007324218750 3699964
0.070922851562500 3700035
0.074218750000000 3700035
0.070861816406250 3699964
0.071228027343750 3700035
0.069213867187500 3699964
0.072265625000000 3700035
0.000000000000000 3699964
0.070861816406250 3700035
0.073181152343750 3699964
0.073974609375000 3700035
0.069885253906250 3699894
0.071960449218750 3700070
0.070007324218750 3700035
0.072204589843750 3700000
0.071716308593750 3699964
0.071899414062500 3609113
0.071044921875000 3700035
0.074645996093750 3700000
0.000000000000000 3699964
0.073486328125000 3700035
0.071777343750000 3699964
0.072021484375000 3700035
0.070861816406250 3700000
0.070739746093750 3699964
0.071228027343750 3700035
0.072448730468750 3699964
0.072143554687500 3700000
0.071655273437500 3700000
0.070495605468750 3700035
0.070617675781250 3699964
0.071777343750000 3700035
0.000000000000000 3700000
0.074157714843750 3699964
0.071838378906250 3700000
0.073364257812500 3700035
0.072021484375000 3699964
0.071289062500000 3700000
0.075317382812500 3700000
0.071044921875000 3700000
0.072509765625000 3699964
0.072204589843750 3700035
0.063171386718750 3700035
0.073059082031250 3700000
0.000000000000000 3699964
0.072570800781250 3700000
0.068176269531250 3700000
0.073425292968750 3700035
0.072265625000000 3700000
0.070129394531250 3699929
0.071105957031250 3700035
0.070556640625000 3700000
0.064453125000000 3700000
0.068603515625000 3700000
0.069641113281250 3700035
0.070373535156250 3700000
0.074462890625000 3700000
0.073547363281250 3700000
0.069580078125000 3699964
0.070739746093750 3700035
0.000000000000000 3699964
0.071655273437500 3700035
0.072631835937500 3700000
0.068847656250000 3699964
0.072204589843750 3700000
0.071533203125000 3700000
0.070983886718750 3700000
0.072021484375000 3700035
0.069091796875000 3700000
0.072021484375000 3700000
0.071777343750000 3700000
0.074584960937500 3699929
0.070312500000000 3700035
0.000000000000000 3700035
0.070617675781250 3699964
0.070739746093750 3700000
0.070007324218750 3700000
0.071899414062500 3700000
0.070007324218750 3700000
0.070495605468750 3700000
0.072631835937500 3700000
0.071777343750000 3700035
0.071533203125000 3700000
0.070739746093750 3700000
0.071533203125000 3700000
0.069458007812500 3699964
0.073059082031250 3700035
0.000000000000000 3700000
0.071350097656250 3699964
0.069824218750000 3700035
0.071716308593750 3700000
0.071228027343750 3700000
0.071411132812500 3699964
0.070556640625000 3700035
0.072265625000000 3700000
0.072875976562500 3699964
0.063232421875000 3700035
0.070373535156250 3699964
0.069702148437500 3700035
0.072326660156250 3699964
0.069458007812500 3700035
0.073364257812500 3700000
0.000000000000000 3700000
0.069030761718750 3700000
0.073303222656250 3700000
0.072875976562500 3700000
0.070861816406250 3700000
0.071899414062500 3700000
0.069274902343750 3699894
0.071350097656250 3700070
0.069458007812500 3700035
0.063842773437500 3700000
0.072021484375000 3700000
0.071594238281250 3699964
0.073425292968750 3700035
0.069946289062500 3699964
0.070861816406250 3700035
0.068542480468750 3700000
0.000000000000000 3699929
0.073547363281250 3700035
0.070312500000000 3700000
0.075622558593750 3700000
0.071594238281250 3700000
0.071899414062500 3700000
0.070495605468750 3700000
0.072814941406250 3700000
0.071044921875000 3700000
0.070617675781250 3700035
0.072265625000000 3700000
0.069946289062500 3699964
0.000000000000000 3700035
0.073425292968750 3700000
0.072265625000000 3699964
0.068298339843750 3700000
0.073425292968750 3700000
0.071228027343750 3700000
0.073486328125000 3699964
0.073242187500000 3700070
0.070251464843750 3699964
0.071655273437500 3700035
0.071228027343750 3699929
0.070251464843750 3700070
0.072326660156250 3699964
0.000000000000000 3700000
0.071655273437500 3700035
0.073669433593750 3699964
0.069458007812500 3700000
0.072631835937500 3700000
0.070678710937500 3699929
0.070678710937500 3700070
0.072753906250000 3700035
0.072021484375000 3699964
0.071411132812500 3700035
0.070129394531250 3700000
0.074951171875000 3699964
0.000000000000000 3700000
0.071105957031250 3700035
0.070739746093750 3700000
0.070861816406250 3700000
0.071289062500000 3699964
0.064575195312500 3621682
0.070739746093750 3700035
0.072631835937500 3700000
0.071655273437500 3699964
0.063354492187500 3700035
0.074829101562500 3700000
0.072021484375000 3699964
0.071838378906250 3700000
0.071533203125000 3700035
0.072204589843750 3700000
0.000000000000000 3699964
0.070251464843750 3700000
0.072692871093750 3700035
0.070434570312500 3699964
0.072814941406250 3700035
0.073303222656250 3699964
0.070739746093750 3700035
0.062988281250000 3700000
0.071044921875000 3700000
0.073974609375000 3699964
0.070495605468750 3700000
0.073425292968750 3700035
0.069152832031250 3700000
0.074279785156250 3699929
0.000000000000000 3700035
0.072387695312500 3700035
0.070190429687500 3699964
0.071777343750000 3700000
0.072021484375000 3700035
0.072143554687500 3699964
0.071533203125000 3700000
0.072814941406250 3700000
0.072021484375000 3700035
0.070800781250000 3700000
0.072509765625000 3700000
0.070373535156250 3699964
0.070800781250000 3700035
0.000000000000000 3700000
0.073669433593750 3699964
0.073974609375000 3700035
0.071655273437500 3699964
0.071472167968750 3700000
0.071411132812500 3700000
0.071044921875000 3700035
0.071350097656250 3699964
0.069580078125000 3700000
0.073974609375000 3700035
0.071594238281250 3699964
0.071105957031250 3700000
0.000000000000000 3700035
0.071655273437500 3700000
0.070922851562500 3700000
0.069519042968750 3700000
0.071289062500000 3699964
0.071411132812500 3700035
0.071411132812500 3699964
0.071533203125000 3700035
0.071044921875000 3699964
0.070129394531250 3700035
0.071105957031250 3700000
0.070495605468750 3700000
0.071105957031250 3700000
0.072387695312500 3700000
0.000000000000000 3700000
0.070678710937500 3700000
0.072082519531250 3700000
0.069335937500000 3700000
0.072387695312500 3699964
0.071472167968750 3700035
0.070800781250000 3700000
0.072021484375000 3699964
0.071655273437500 3700000
0.063171386718750 3700000
0.070800781250000 3700035
0.071350097656250 3699964
0.071533203125000 3700000
0.072387695312500 3700000
0.000000000000000 3700000
0.073059082031250 3700000
0.071350097656250 3700000
0.071105957031250 3700035
0.071411132812500 3699964
0.073059082031250 3700035
0.070007324218750 3700000
0.072448730468750 3700000
0.070617675781250 3699964
0.070861816406250 3700000
0.072143554687500 3700000
0.072631835937500 3700035
0.072265625000000 3699964
0.000000000000000 3699964
0.070129394531250 3700070
0.072387695312500 3700000
0.070495605468750 3699894
0.072692871093750 3700000
0.071777343750000 3700105
0.070556640625000 3699964
0.073425292968750 3700000
0.070617675781250 3700035
0.071044921875000 3699964
0.070007324218750 3700000
0.071899414062500 3700035
0.070861816406250 3699964
0.071166992187500 3700035
0.000000000000000 3700000
0.071899414062500 3699964
0.069824218750000 3700035
0.071350097656250 3699964
0.068969726562500 3700035
0.071655273437500 3699964
0.063049316406250 3700000
0.064392089843750 3700035
0.076599121093750 3699964
0.074401855468750 3700000
0.067565917968750 3700035
0.067504882812500 3699964
0.073669433593750 3700035
0.072143554687500 3699964
0.069519042968750 3700000
0.072143554687500 3700000
0.000000000000000 3700000
0.070617675781250 3700035
0.065368652343750 3700000
0.065185546875000 3699964
0.072204589843750 3700000
0.066284179687500 3700035
0.067382812500000 3699964
0.072692871093750 3700000
0.074462890625000 3700000
0.073242187500000 3700035
0.076599121093750 3699964
0.069946289062500 3700000
0.069213867187500 3700035
0.072021484375000 3699964
0.062927246093750 3700035
0.063476562500000 3700000
0.070861816406250 3700000
0.071350097656250 3700000
0.071166992187500 3699964
0.000000000000000 3700035
0.069946289062500 3699964
0.073242187500000 3700035
0.070373535156250 3700000
0.071289062500000 3699964
0.071166992187500 3700000
0.072265625000000 3700035
0.071594238281250 3699929
0.071777343750000 3700035
0.072265625000000 3700000
0.070068359375000 3700000
0.072265625000000 3700000
0.070922851562500 3700035
0.000000000000000 3700000
0.070861816406250 3700000
0.072143554687500 3700000
0.073425292968750 3699964
0.071350097656250 3700035
0.069335937500000 3700000
0.071838378906250 3700000
0.071716308593750 3699964
0.072448730468750 3700035
0.072937011718750 3700000
0.070617675781250 3699929
0.070373535156250 3700070
0.072021484375000 3700000
0.000000000000000 3699929
0.071105957031250 3700070
0.070007324218750 3699964
0.072692871093750 3700000
0.071228027343750 3700000
0.072021484375000 3700035
0.072509765625000 3700000
0.070739746093750 3699964
0.072204589843750 3700035
0.070983886718750 3699929
0.070129394531250 3700070
0.073486328125000 3700000
0.070251464843750 3699964
0.000000000000000 3700035
0.071166992187500 3700000
0.072021484375000 3700000
0.071105957031250 3699964
0.069641113281250 3700035
0.062988281250000 3699964
0.070983886718750 3699894
0.073913574218750 3700140
0.063354492187500 3699964
0.070495605468750 3700035
0.071716308593750 3699964
0.075988769531250 3700000
0.065368652343750 3700035
0.063598632812500 3699964
0.064941406250000 3700035
0.063964843750000 3699964
0.064392089843750 3700000
0.069885253906250 3700000
0.071899414062500 3700000
0.071533203125000 3700035
0.068115234375000 3616888
0.058532714843750 3600068
0.066284179687500 3600000
0.000000000000000 3600000
0.068847656250000 3600000
0.065979003906250 3600000
0.068115234375000 3600000
0.065368652343750 3600000
0.066833496093750 3600000
0.065979003906250 3600000
0.066406250000000 3600000
0.059020996093750 3599931
0.065490722656250 3600102
0.065551757812500 3599965
0.065124511718750 3600000
0.066223144531250 3600000
0.068908691406250 3600000
0.065429687500000 3599965
0.000000000000000 3599931
0.067077636718750 3600102
0.066223144531250 3600000
0.059997558593750 3600000
0.064025878906250 3600000
0.065124511718750 3600000
0.065124511718750 3600000
0.065856933593750 3600000
0.069946289062500 3600000
0.065612792968750 3600000
0.066894531250000 3600000
0.066345214843750 3600000
0.067382812500000 3600000
0.064941406250000 3600000
0.000000000000000 3600000
0.066955566406250 3600000
0.064392089843750 3600000
0.062622070312500 3600034
0.067382812500000 3599965
0.065246582031250 3599931
0.068603515625000 3600068
0.066406250000000 3600000
0.059204101562500 3600000
0.068237304687500 3600000
0.066223144531250 3600000
0.066711425781250 3600000
0.066467285156250 3600034
0.066894531250000 3599965
0.000000000000000 3600000
0.065856933593750 3600000
0.066650390625000 3600034
0.069396972656250 3599965
0.067932128906250 3600000
0.067504882812500 3600000
0.065917968750000 3600000
0.067993164062500 3600000
0.065246582031250 3600034
0.068298339843750 3600000
0.068786621093750 3599965
0.064514160156250 3600034
0.000000000000000 3599965
0.066345214843750 3600000
0.067016601562500 3600000
0.066284179687500 3600000
0.065673828125000 3600000
0.067443847656250 3599931
0.068603515625000 3600068
0.068664550781250 3600000
0.065856933593750 3599931
0.063659667968750 3600068
0.067993164062500 3599965
0.065795898437500 3600034
0.066894531250000 3599965
0.000000000000000 3600034
0.067626953125000 3600000
0.065246582031250 3600000
0.069091796875000 3600000
0.066650390625000 3599965
0.067382812500000 3600034
0.064697265625000 3600000
0.065734863281250 3600000
0.068969726562500 3600000
0.065063476562500 3600000
0.067321777343750 3600000
0.066406250000000 3600000
0.000000000000000 3600000
0.067687988281250 3600034
0.066284179687500 3600000
0.067321777343750 3600000
0.065002441406250 3599965
0.066223144531250 3600000
0.066894531250000 3600000
0.068664550781250 3600000
0.065246582031250 3600000
0.066284179687500 3600000
0.069030761718750 3600000
0.059692382812500 3600000
0.065551757812500 3600000
0.000000000000000 3600000
0.066284179687500 3600000
0.066345214843750 3600000
0.065856933593750 3600000
0.063903808593750 3600000
0.065979003906250 3600000
0.066589355468750 3600034
0.065124511718750 3599965
0.066345214843750 3600000
0.064331054687500 3600000
0.068115234375000 3600000
0.064941406250000 3600000
0.066650390625000 3600000
0.067871093750000 3600000
0.000000000000000 3599965
0.064575195312500 3600034
0.065856933593750 3600000
0.065490722656250 3600000
0.066467285156250 3599931
0.065429687500000 3600068
0.065612792968750 3600000
0.066040039062500 3600000
0.069091796875000 3600034
0.066162109375000 3599965
0.064819335937500 3599965
0.065002441406250 3600034
0.000000000000000 3600000
0.066467285156250 3600000
0.067810058593750 3600000
0.065063476562500 3600034
0.065246582031250 3600000
0.065551757812500 3599965
0.065246582031250 3600000
0.066894531250000 3600034
0.065063476562500 3599965
0.066162109375000 3600000
0.066345214843750 3599897
0.066101074218750 3600137
0.067260742187500 3599965
0.000000000000000 3600034
0.065429687500000 3599965
0.066040039062500 3600000
0.067443847656250 3600000
0.063964843750000 3600000
0.064392089843750 3599931
0.066162109375000 3600068
0.065856933593750 3600000
0.066101074218750 3600000
0.066162109375000 3600000
0.064147949218750 3600000
0.066894531250000 3600000
0.065734863281250 3600000
0.067382812500000 3599931
0.000000000000000 3600034
0.068664550781250 3600034
0.066467285156250 3600000
0.066650390625000 3600000
0.067504882812500 3600000
0.058166503906250 3599931
0.066101074218750 3600068
0.066528320312500 3600000
0.058227539062500 3600034
0.065551757812500 3599965
0.087463378906250 3600000
0.000000000000000 3600000
0.067199707031250 3599965
0.067626953125000 3600034
0.058837890625000 3600000
0.067199707031250 3600000
0.067993164062500 3599965
0.065551757812500 3600034
0.058410644531250 3600000
0.065917968750000 3600000
0.067321777343750 3600000
0.064086914062500 3600000
0.071105957031250 3600034
0.068359375000000 3599965
0.000000000000000 3600000
0.066650390625000 3599965
0.066650390625000 3600034
0.066040039062500 3600034
0.066650390625000 3599897
0.066589355468750 3600068
0.065856933593750 3600000
0.065490722656250 3600034
0.065063476562500 3599931
0.058776855468750 3600034
0.066406250000000 3600000
0.062316894531250 3600000
0.062561035156250 3600000
0.061401367187500 3600000
0.067504882812500 3600000
0.067565917968750 3600034
0.058410644531250 3599965
0.065612792968750 3600000
0.000000000000000 3600000
0.067993164062500 3600000
0.065673828125000 3600000
0.058227539062500 3600000
0.064392089843750 3600000
0.068115234375000 3600000
0.066589355468750 3600000
0.065551757812500 3600000
0.066955566406250 3600000
0.063842773437500 3600000
0.066711425781250 3600000
0.063964843750000 3600034
0.066467285156250 3599965
0.065429687500000 3600000
0.000000000000000 3600000
0.068237304687500 3600000
0.067077636718750 3600000
0.064880371093750 3600000
0.065673828125000 3600034
0.064758300781250 3600000
0.067871093750000 3599965
0.063598632812500 3600000
0.066040039062500 3600000
0.066894531250000 3600000
0.065124511718750 3600000
0.066162109375000 3600000
0.064208984375000 3600000
0.066589355468750 3600000
0.000000000000000 3600000
0.067382812500000 3600000
0.068847656250000 3600000
0.064514160156250 3600000
0.066711425781250 3600000
0.066162109375000 3600000
0.066711425781250 3600000
0.067504882812500 3599931
0.065979003906250 3600068
0.066345214843750 3600000
0.065612792968750 3600000
0.066833496093750 3600034
0.000000000000000 3599965
0.066772460937500 3599965
0.064270019531250 3600034
0.066467285156250 3600000
0.068298339843750 3599965
0.067260742187500 3600034
0.065917968750000 3600000
0.064697265625000 3600000
0.066223144531250 3600000
0.064697265625000 3600000
0.067077636718750 3600000
0.066894531250000 3600000
0.066406250000000 3600000
0.059020996093750 3599931
0.000000000000000 3599965
0.064392089843750 3600137
0.066589355468750 3599931
0.063842773437500 3600068
0.066467285156250 3599931
0.066406250000000 3600034
0.067199707031250 3600000
0.067687988281250 3600000
0.064331054687500 3600000
0.066833496093750 3599965
0.066101074218750 3600034
0.066162109375000 3570042
0.065551757812500 3599931
0.000000000000000 3600068
0.067565917968750 3600000
0.069213867187500 3600000
0.064514160156250 3600034
0.057983398437500 3599931
0.064147949218750 3600034
0.069152832031250 3600034
0.064025878906250 3599965
0.066101074218750 3600000
0.063964843750000 3600000
0.065917968750000 3600000
0.066833496093750 3600000
0.066406250000000 3600000
0.065917968750000 3600000
0.000000000000000 3600000
0.066162109375000 3600000
0.067077636718750 3600000
0.065917968750000 3600000
0.067871093750000 3600000
0.067626953125000 3600000
0.064208984375000 3599965
0.059692382812500 3600034
0.065368652343750 3600000
0.065612792968750 3600000
0.065368652343750 3600000
0.066955566406250 3600000
0.066406250000000 3600000
0.065551757812500 3600000
0.000000000000000 3599931
0.067138671875000 3600068
0.064331054687500 3600000
0.068969726562500 3600000
0.064392089843750 3600000
0.065795898437500 3600000
0.067138671875000 3599931
0.063659667968750 3600068
0.058593750000000 3600000
0.066833496093750 3600000
0.066711425781250 3600000
0.065368652343750 3600000
0.065673828125000 3599965
0.064453125000000 3600034
0.067016601562500 3600000
0.000000000000000 3600000
0.067443847656250 3600000
0.065063476562500 3600000
0.067687988281250 3600000
0.064880371093750 3600000
0.067321777343750 3600034
0.065246582031250 3599965
0.067077636718750 3600000
0.065979003906250 3600000
0.064453125000000 3599965
0.065795898437500 3600034
0.066223144531250 3600034
0.000000000000000 3599965
0.067749023437500 3600000
0.064575195312500 3600000
0.065856933593750 3600000
0.064758300781250 3600000
0.067932128906250 3600000
0.065917968750000 3600000
0.065795898437500 3600000
0.067260742187500 3600000
0.066711425781250 3600000
0.068603515625000 3600000
0.063842773437500 3600034
0.063842773437500 3599965
0.000000000000000 3600000
0.065368652343750 3600000
0.066040039062500 3600000
0.067382812500000 3600000
0.062561035156250 3600000
0.068664550781250 3600000
0.065917968750000 3600000
0.065734863281250 3600000
0.066833496093750 3600000
0.064758300781250 3600000
0.068359375000000 3599965
0.065307617187500 3600000
0.066162109375000 3600034
0.000000000000000 3600034
0.067138671875000 3599931
0.064880371093750 3600034
0.065734863281250 3599965
0.066772460937500 3600034
0.065856933593750 3600000
0.065063476562500 3600000
0.065612792968750 3600000
0.058288574218750 3600034
0.065307617187500 3599965
0.065551757812500 3600000
0.064636230468750 3600000
0.066589355468750 3600000
0.065490722656250 3600000
0.064697265625000 3600000
0.000000000000000 3600000
0.067810058593750 3599965
0.063415527343750 3600034
0.058105468750000 3600000
0.064331054687500 3600000
0.065734863281250 3600000
0.064819335937500 3600000
0.065246582031250 3600000
0.067871093750000 3600000
0.065856933593750 3600000
0.066223144531250 3600000
0.065368652343750 3600000
0.066528320312500 3600000
0.063842773437500 3600000
0.066894531250000 3600034
0.000000000000000 3599965
0.062927246093750 3600000
0.066223144531250 3600000
0.068542480468750 3600000
0.064880371093750 3599965
0.065368652343750 3600034
0.065124511718750 3600000
0.069763183593750 3599931
0.063964843750000 3600068
0.065368652343750 3627169
0.073364257812500 3800000
0.072387695312500 3800000
0.063964843750000 3736415
0.071228027343750 3700000
0.000000000000000 3699894
0.074096679687500 3700070
0.069213867187500 3700035
0.073608398437500 3699929
0.072021484375000 3700070
0.063232421875000 3699964
0.074096679687500 3700035
0.070190429687500 3700000
0.064270019531250 3700000
0.070678710937500 3699964
0.073242187500000 3700000
0.069824218750000 3700035
0.070312500000000 3699964
0.071289062500000 3700000
0.071716308593750 3700000
0.071899414062500 3700035
0.000000000000000 3700000
0.069946289062500 3699964
0.073547363281250 3700000
0.071350097656250 3700035
0.072448730468750 3700000
0.070129394531250 3699964
0.072937011718750 3700035
0.285522460937500 3700000
0.063476562500000 3700000
0.071105957031250 3700000
0.069946289062500 3700000
0.000000000000000 3700000
0.074645996093750 3699964
0.069763183593750 3699929
0.071533203125000 3700070
0.071166992187500 3700035
0.071350097656250 3700000
0.070251464843750 3700000
0.071899414062500 3699964
0.070922851562500 3700000
0.073669433593750 3699929
0.071899414062500 3700105
0.069335937500000 3700000
0.072937011718750 3700000
0.000000000000000 3699964
0.072021484375000 3700000
0.071533203125000 3700035
0.072265625000000 3699964
0.070251464843750 3700035
0.071899414062500 3700000
0.072143554687500 3699964
0.070983886718750 3700000
0.071044921875000 3700000
0.074218750000000 3700000
0.072021484375000 3700000
0.072448730468750 3700000
0.000000000000000 3700000
0.070983886718750 3700035
0.073059082031250 3700000
0.071533203125000 3700000
0.072570800781250 3700000
0.072631835937500 3699964
0.071533203125000 3700000
0.072570800781250 3700000
0.071655273437500 3700035
0.069763183593750 3700000
0.070861816406250 3699964
0.071960449218750 3700000
0.000000000000000 3700035
0.073303222656250 3700000
0.071228027343750 3700000
0.070800781250000 3699964
0.063354492187500 3700000
0.072265625000000 3700035
0.073303222656250 3700000
0.069519042968750 3700000
0.072143554687500 3700000
0.074768066406250 3699964
0.071350097656250 3700000
0.075012207031250 3700035
0.070251464843750 3699964
0.073303222656250 3700000
0.000000000000000 3700000
0.068725585937500 3700035
0.073730468750000 3700000
0.073547363281250 3700000
0.070434570312500 3700000
0.063232421875000 3699964
0.069335937500000 3700035
0.070373535156250 3700000
0.070434570312500 3700000
0.070556640625000 3699929
0.071777343750000 3699964
0.070434570312500 3700070
0.074218750000000 3700035
0.070373535156250 3699964
0.072937011718750 3653027
0.000000000000000 3700035
0.071289062500000 3699964
0.072204589843750 3700035
0.071960449218750 3699964
0.072937011718750 3700000
0.073364257812500 3700035
0.069030761718750 3700000
0.071777343750000 3699964
0.070739746093750 3700000
0.071838378906250 3700000
0.070495605468750 3700035
0.072814941406250 3699964
0.000000000000000 3700035
0.071044921875000 3699964
0.068908691406250 3700000
0.073303222656250 3700035
0.072631835937500 3699964
0.071289062500000 3700000
0.071228027343750 3700035
0.073303222656250 3700000
0.072021484375000 3699964
0.070861816406250 3700000
0.071655273437500 3700000
0.070068359375000 3700035
0.063720703125000 3700000
0.071411132812500 3699964
0.070251464843750 3539456
0.000000000000000 3699964
0.073486328125000 3700035
0.073486328125000 3699929
0.073120117187500 3700070
0.073120117187500 3700000
0.071044921875000 3700000
0.070739746093750 3699964
0.072753906250000 3700035
0.072448730468750 3700000
0.069641113281250 3699964
0.071289062500000 3700000
0.070495605468750 3700035
0.000000000000000 3700000
0.074157714843750 3699964
0.069335937500000 3700000
0.073974609375000 3700000
0.073303222656250 3700035
0.071044921875000 3700000
0.071105957031250 3700000
0.072448730468750 3699964
0.071289062500000 3700035
0.073791503906250 3699964
0.063049316406250 3700035
0.072998046875000 3700000
0.070983886718750 3700000
0.000000000000000 3700000
0.070373535156250 3700000
0.073730468750000 3699964
0.072631835937500 3700000
0.070373535156250 3700000
0.063537597656250 3700035
0.072692871093750 3700000
0.073059082031250 3699964
0.072998046875000 3700000
0.070007324218750 3700000
0.072753906250000 3700035
0.071105957031250 3699964
0.072875976562500 3700000
0.070312500000000 3700035
0.000000000000000 3699964
0.070739746093750 3700000
0.062927246093750 3700000
0.070739746093750 3699964
0.070251464843750 3699964
0.070007324218750 3700070
0.070861816406250 3700035
0.071777343750000 3699929
0.071777343750000 3699964
0.069519042968750 3700105
0.073059082031250 3699964
0.073181152343750 3700000
0.069946289062500 3700000
0.072387695312500 3700000
0.070434570312500 3700035
0.000000000000000 3699929
0.070190429687500 3700035
0.070983886718750 3700035
0.076538085937500 3700000
0.071289062500000 3699964
0.070007324218750 3700035
0.071777343750000 3700000
0.071655273437500 3700000
0.072143554687500 3700000
0.070251464843750 3700000
0.073791503906250 3699964
0.072143554687500 3700035
0.000000000000000 3700000
0.071166992187500 3700000
0.073425292968750 3700000
0.070739746093750 3700000
0.071411132812500 3699964
0.071289062500000 3700035
0.068969726562500 3700000
0.063598632812500 3699929
0.071838378906250 3700070
0.064270019531250 3699964
0.070373535156250 3700035
0.072814941406250 3699964
0.069702148437500 3700000
0.071228027343750 3700035
0.071166992187500 3700000
0.071289062500000 3700000
0.073059082031250 3700000
0.000000000000000 3700000
0.070129394531250 3699964
0.062866210937500 3700035
0.070190429687500 3699964
0.068969726562500 3700000
0.070068359375000 3700035
0.071899414062500 3699964
0.072326660156250 3700035
0.070739746093750 3699964
0.072082519531250 3700000
0.069213867187500 3700000
0.072143554687500 3699964
0.069763183593750 3700035
0.070739746093750 3700035
0.069885253906250 3699964
0.071899414062500 3699964
0.063842773437500 3700035
0.070556640625000 3700035
0.000000000000000 3699964
0.071899414062500 3700035
0.070922851562500 3699964
0.071777343750000 3700000
0.070861816406250 3700035
0.071838378906250 3699964
0.071899414062500 3700000
0.069335937500000 3700000
0.073547363281250 3700000
0.070251464843750 3700035
0.072509765625000 3699964
0.068054199218750 3700000
0.074462890625000 3700000
0.000000000000000 3700035
0.071960449218750 3699964
0.070495605468750 3700000
0.071655273437500 3700035
0.071716308593750 3699964
0.063842773437500 3700035
0.071655273437500 3699964
0.073608398437500 3700035
0.069580078125000 3699929
0.070617675781250 3700035
0.072875976562500 3700035
0.070373535156250 3699964
0.072570800781250 3700035
0.071289062500000 3699964
0.000000000000000 3700035
0.073425292968750 3700000
0.068359375000000 3700000
0.073852539062500 3700000
0.071960449218750 3699964
0.068969726562500 3700035
0.074707031250000 3700000
0.071228027343750 3699964
0.072387695312500 3700035
0.070068359375000 3700000
0.072875976562500 3700000
0.070678710937500 3700000
0.069519042968750 3699964
0.000000000000000 3700000
0.071960449218750 3699964
0.068725585937500 3700035
0.073913574218750 3700000
0.070251464843750 3699929
0.072265625000000 3700070
0.072265625000000 3700035
0.070983886718750 3699929
0.072448730468750 3700070
0.068847656250000 3699964
0.070922851562500 3700000
0.069702148437500 3700000
0.074523925781250 3700000
0.000000000000000 3700035
0.073059082031250 3699964
0.070983886718750 3700035
0.071228027343750 3699964
0.071166992187500 3700000
0.071411132812500 3700035
0.070373535156250 3699964
0.071533203125000 3700035
0.071716308593750 3700000
0.071228027343750 3699964
0.070678710937500 3700000
0.070312500000000 3700035
0.070007324218750 3700000
0.071105957031250 3699964
0.070312500000000 3700035
0.000000000000000 3699964
0.071166992187500 3555724
0.071350097656250 3700000
0.073791503906250 3700000
0.073547363281250 3700000
0.071228027343750 3700000
0.070800781250000 3700000
0.071533203125000 3699964
0.071960449218750 3700035
0.071044921875000 3700000
0.071960449218750 3699964
0.070251464843750 3700000
0.000000000000000 3700000
0.072143554687500 3700000
0.070922851562500 3700035
0.072387695312500 3699929
0.070434570312500 3700070
0.071044921875000 3700000
0.062866210937500 3700000
0.070312500000000 3699964
0.073059082031250 3700000
0.070129394531250 3700035
0.073547363281250 3700000
0.071411132812500 3700000
0.071289062500000 3699964
0.070739746093750 3700035
0.070922851562500 3700000
0.000000000000000 3700000
0.073547363281250 3699964
0.070983886718750 3700000
0.070800781250000 3700000
0.069946289062500 3700035
0.070922851562500 3700000
0.072631835937500 3700000
0.071533203125000 3699964
0.071044921875000 3700035
0.070129394531250 3699964
0.072875976562500 3700000
0.068969726562500 3700000
0.063354492187500 3700035
0.070739746093750 3700000
0.071960449218750 3700000
0.000000000000000 3699964
0.073242187500000 3700000
0.070861816406250 3700035
0.070983886718750 3700000
0.070373535156250 3699964
0.073059082031250 3700000
0.067443847656250 3700000
0.070922851562500 3700035
0.071838378906250 3700000
0.069641113281250 3700000
0.071472167968750 3700000
0.072204589843750 3699964
0.072204589843750 3700035
0.069702148437500 3700000
0.000000000000000 3700000
0.072937011718750 3700000
0.070434570312500 3699964
0.072387695312500 3700000
0.071655273437500 3700000
0.069396972656250 3700000
0.063232421875000 3700035
0.069702148437500 3699964
0.070617675781250 3700000
0.072021484375000 3700000
0.072387695312500 3700035
0.072387695312500 3700000
0.069946289062500 3699964
0.071716308593750 3700000
0.070007324218750 3700000
0.000000000000000 3700035
0.072448730468750 3699964
0.070251464843750 3700035
0.071594238281250 3700000
0.069458007812500 3700000
0.073791503906250 3699964
0.071166992187500 3700000
0.070617675781250 3700000
0.070617675781250 3700000
0.069946289062500 3700000
0.072692871093750 3700035
0.069580078125000 3699964
0.074157714843750 3700035
0.071594238281250 3700000
0.000000000000000 3700000
0.070739746093750 3700000
0.072082519531250 3700000
0.071899414062500 3700000
0.071533203125000 3700000
0.070007324218750 3700000
0.073608398437500 3700000
0.072814941406250 3700000
0.069213867187500 3700000
0.071289062500000 3699929
0.070129394531250 3700070
0.070800781250000 3700000
0.071105957031250 3699964
0.000000000000000 3700000
0.072631835937500 3700035
0.072265625000000 3700000
0.072753906250000 3699964
0.070434570312500 3700000
0.070312500000000 3700035
0.070983886718750 3699964
0.070983886718750 3700035
0.073425292968750 3700000
0.072143554687500 3699964
0.069763183593750 3700000
0.072692871093750 3700035
0.071716308593750 3699964
0.000000000000000 3700000
0.071105957031250 3700000
0.069519042968750 3700035
0.071594238281250 3699929
0.075012207031250 3700035
0.071777343750000 3700035
0.072021484375000 3700000
0.070251464843750 3699964
0.072143554687500 3700000
0.071594238281250 3700035
0.071777343750000 3699964
0.071350097656250 3700035
0.000000000000000 3700000
0.071533203125000 3699964
0.071838378906250 3700000
0.070373535156250 3700000
0.070983886718750 3700000
0.071166992187500 3700000
0.072875976562500 3700000
0.073120117187500 3699929
0.069580078125000 3700105
0.071166992187500 3700000
0.071777343750000 3699894
0.071105957031250 3700070
0.070434570312500 3700035
0.070739746093750 3700000
0.000000000000000 3700000
0.074340820312500 3699964
0.070373535156250 3700000
0.072143554687500 3700035
0.070983886718750 3700000
0.070495605468750 3699964
0.071228027343750 3700035
0.072814941406250 3700000
0.071777343750000 3700000
0.070251464843750 3699964
0.071594238281250 3700035
0.070312500000000 3700000
0.073303222656250 3699964
0.000000000000000 3700035
0.070373535156250 3699964
0.071838378906250 3700035
0.072326660156250 3700000
0.071533203125000 3700000
0.071716308593750 3699929
0.071289062500000 3700035
0.071472167968750 3700035
0.070983886718750 3699964
0.072021484375000 3700000
0.072082519531250 3700035
0.071044921875000 3700000
0.071411132812500 3700000
0.000000000000000 3700000
0.070983886718750 3700000
0.072937011718750 3699964
0.070678710937500 3700000
0.071411132812500 3699929
0.072448730468750 3700070
0.071289062500000 3700000
0.071655273437500 3700000
0.070251464843750 3700035
0.070495605468750 3699894
0.071655273437500 3700070
0.070861816406250 3700035
0.071533203125000 3700000
0.069030761718750 3700000
0.000000000000000 3700000
0.073059082031250 3699964
0.072082519531250 3700035
0.070007324218750 3699964
0.068847656250000 3700000
0.063476562500000 3700000
0.070922851562500 3700035
0.069580078125000 3699964
0.071716308593750 3700000
0.068847656250000 3700000
0.063598632812500 3700000
0.074096679687500 3700035
0.062988281250000 3699964
0.075256347656250 3700000
0.071289062500000 3700035
0.067687988281250 3700000
0.070556640625000 3699964
0.000000000000000 3700035
0.077697753906250 3699964
0.069091796875000 3700000
0.068969726562500 3700035
0.070251464843750 3699964
0.064697265625000 3700035
0.065673828125000 3699964
0.070739746093750 3700035
0.069641113281250 3699894
0.064514160156250 3700105
0.074279785156250 3699929
0.074157714843750 3700070
0.071838378906250 3700000
0.075744628906250 3699964
0.072082519531250 3700000
0.070556640625000 3700035
0.000000000000000 3700000
0.075073242187500 3700000
0.066528320312500 3700000
0.073852539062500 3699929
0.070922851562500 3700070
0.071716308593750 3699964
0.070434570312500 3700035
0.070129394531250 3699964
0.071899414062500 3700000
0.071960449218750 3699964
0.071289062500000 3700070
0.072265625000000 3699964
0.071228027343750 3700035
0.070251464843750 3700000
0.000000000000000 3699964
0.071166992187500 3700035
0.071350097656250 3700000
0.069396972656250 3700000
0.063293457031250 3700000
0.071350097656250 3700000
0.071228027343750 3700000
0.071899414062500 3700000
0.071655273437500 3700000
0.071166992187500 3700000
0.069702148437500 3700000
0.071044921875000 3700000
0.073303222656250 3699964
0.070617675781250 3700000
0.070983886718750 3700000
0.000000000000000 3700000
0.070373535156250 3660996
0.069946289062500 3600000
0.067626953125000 3599965
0.067626953125000 3600034
0.069091796875000 3600000
0.063781738281250 3600000
0.067199707031250 3599965
0.066589355468750 3600034
0.069091796875000 3600000
0.066406250000000 3600000
0.000000000000000 3600000
0.067382812500000 3600000
0.067626953125000 3600000
0.063720703125000 3599897
0.065124511718750 3600137
0.065185546875000 3599965
0.067993164062500 3600000
0.064819335937500 3600000
0.066223144531250 3600000
0.066040039062500 3600000
0.067993164062500 3600000
0.066955566406250 3600000
0.066162109375000 3600000
0.058715820312500 3600000
0.063598632812500 3600000
0.058105468750000 3600000
0.000000000000000 3600000
0.066406250000000 3600000
0.071350097656250 3600034
0.059387207031250 3600000
0.060424804687500 3599965
0.063415527343750 3600000
0.058349609375000 3600000
0.065673828125000 3599965
0.065063476562500 3600034
0.065979003906250 3600000
0.067993164062500 3600000
0.066894531250000 3599931
0.065917968750000 3600068
0.063964843750000 3600000
0.058898925781250 3600000
0.063842773437500 3599965
0.066833496093750 3600034
0.064453125000000 3599965
0.000000000000000 3600034
0.066833496093750 3600034
0.070312500000000 3599965
0.065307617187500 3600034
0.066040039062500 3599965
0.065979003906250 3600034
0.058349609375000 3599965
0.067565917968750 3600034
0.066894531250000 3599965
0.064575195312500 3600034
0.068786621093750 3600000
0.068664550781250 3599965
0.065002441406250 3599965
0.000000000000000 3600034
0.066223144531250 3600000
0.067016601562500 3600034
0.068786621093750 3599965
0.066589355468750 3600000
0.064025878906250 3600000
0.065795898437500 3600000
0.065246582031250 3600000
0.068237304687500 3599931
0.063659667968750 3600068
0.066894531250000 3600000
0.067932128906250 3600000
0.000000000000000 3600000
0.068603515625000 3599965
0.065490722656250 3600034
0.065368652343750 3600000
0.066955566406250 3599965
0.066955566406250 3600034
0.066711425781250 3600000
0.066833496093750 3600000
0.064514160156250 3600000
0.066833496093750 3600000
0.065063476562500 3600000
0.066101074218750 3599965
0.000000000000000 3600068
0.064453125000000 3599965
0.066528320312500 3600000
0.066162109375000 3599965
0.065979003906250 3600034
0.067382812500000 3600000
0.065429687500000 3600034
0.066101074218750 3599965
0.068359375000000 3600000
0.066528320312500 3600000
0.065856933593750 3600000
0.065002441406250 3600000
0.000000000000000 3600000
0.067871093750000 3600000
0.064819335937500 3600000
0.065185546875000 3600000
0.064208984375000 3600000
0.058898925781250 3600000
0.066894531250000 3600000
0.066162109375000 3600000
0.067810058593750 3600000
0.065734863281250 3599965
0.067077636718750 3599965
0.065979003906250 3600034
0.058227539062500 3600000
0.065307617187500 3600034
0.057983398437500 3600000
0.063903808593750 3600000
0.069763183593750 3600000
0.065734863281250 3600000
0.000000000000000 3600000
0.064025878906250 3600000
0.068237304687500 3600000
0.067932128906250 3600000
0.067443847656250 3600000
0.064514160156250 3600000
0.067871093750000 3600000
0.069763183593750 3600000
0.066345214843750 3600000
0.065673828125000 3600000
0.067810058593750 3599931
0.000000000000000 3600102
0.065185546875000 3599965
0.068786621093750 3600034
0.063781738281250 3599965
0.066650390625000 3600000
0.067260742187500 3599965
0.066711425781250 3600034
0.066284179687500 3600000
0.067138671875000 3600000
0.066284179687500 3600000
0.064331054687500 3600000
0.057861328125000 3600000
0.063537597656250 3600000
0.067260742187500 3600000
0.000000000000000 3600000
0.066894531250000 3600000
0.065734863281250 3600000
0.067138671875000 3600000
0.065795898437500 3600000
0.064636230468750 3599965
0.065185546875000 3600034
0.058654785156250 3600000
0.063842773437500 3600000
0.066528320312500 3600000
0.064208984375000 3600000
0.066772460937500 3600000
0.068969726562500 3599931
0.064147949218750 3600034
0.066772460937500 3600034
0.000000000000000 3600034
0.064697265625000 3599965
0.066894531250000 3600000
0.065734863281250 3600000
0.064880371093750 3600000
0.067626953125000 3599965
0.064514160156250 3600034
0.066772460937500 3600000
0.064575195312500 3600000
0.066223144531250 3600000
0.063110351562500 3600000
0.066833496093750 3600000
0.064453125000000 3600000
0.000000000000000 3599965
0.068969726562500 3600034
0.067260742187500 3600034
0.063781738281250 3599965
0.058715820312500 3600000
0.065551757812500 3600034
0.067626953125000 3599965
0.063964843750000 3625504
0.075134277343750 3800000
0.079589843750000 3800000
0.077758789062500 3800036
0.077392578125000 3799963
0.075683593750000 3799963
0.077941894531250 3800036
0.074035644531250 3800000
0.000000000000000 3800000
0.077392578125000 3800000
0.078369140625000 3800000
0.079040527343750 3799927
0.076904296875000 3800072
0.076232910156250 3800000
0.069335937500000 3800000
0.077758789062500 3800000
0.069824218750000 3800000
0.077331542968750 3800000
0.077819824218750 3800000
0.078247070312500 3800000
0.078613281250000 3800000
0.077636718750000 3800000
0.074157714843750 3800000
0.000000000000000 3800000
0.077270507812500 3800000
0.074890136718750 3800000
0.078674316406250 3799927
0.078552246093750 3800072
0.077148437500000 3800000
0.077331542968750 3799963
0.078063964843750 3800036
0.077148437500000 3800000
0.075866699218750 3800000
0.077636718750000 3800000
0.078796386718750 3800000
0.077270507812500 3799927
0.000000000000000 3800036
0.079467773437500 3800036
0.077087402343750 3800000
0.078063964843750 3800000
0.076538085937500 3799963
0.080200195312500 3800036
0.076721191406250 3800000
0.075134277343750 3800000
0.078002929687500 3800036
0.078247070312500 3799891
0.077026367187500 3800000
0.075805664062500 3800072
0.077514648437500 3800000
0.000000000000000 3800000
0.081176757812500 3800000
0.076599121093750 3799927
0.078063964843750 3800108
0.075561523437500 3799963
0.078979492187500 3800000
0.077697753906250 3800000
0.075988769531250 3800000
0.076354980468750 3800000
0.077209472656250 3799963
0.078430175781250 3800036
0.075073242187500 3800036
0.077331542968750 3799963
0.000000000000000 3800000
0.077148437500000 3800000
0.075805664062500 3799963
0.079406738281250 3800072
0.076904296875000 3799963
0.070434570312500 3800000
0.074340820312500 3799963
0.078857421875000 3800036
0.076660156250000 3799963
0.075866699218750 3800036
0.079284667968750 3800000
0.078063964843750 3800000
0.068420410156250 3800000
0.075744628906250 3800000
0.076904296875000 3800000
0.065429687500000 3800000
0.064636230468750 3799963
0.074584960937500 3800036
0.075012207031250 3799927
0.000000000000000 3800072
0.071105957031250 3800000
0.074401855468750 3799963
0.064392089843750 3800036
0.072692871093750 3800000
0.073120117187500 3800000
0.073486328125000 3800000
0.073913574218750 3800000
0.073608398437500 3800000
0.072692871093750 3800000
0.072448730468750 3800000
0.073852539062500 3800036
0.064941406250000 3799963
0.071716308593750 3800000
0.073120117187500 3800000
0.071044921875000 3800000
0.073486328125000 3800000
0.000000000000000 3800000
0.073913574218750 3800000
0.073730468750000 3799963
0.070922851562500 3800000
0.074951171875000 3800036
0.075012207031250 3800000
0.072448730468750 3800000
0.073059082031250 3800036
0.071838378906250 3800000
0.072998046875000 3799963
0.075317382812500 3800000
0.072448730468750 3800000
0.000000000000000 3799963
0.073181152343750 3800036
0.071472167968750 3799963
0.074523925781250 3800036
0.072509765625000 3800000
0.072204589843750 3800000
0.072082519531250 3800000
0.074096679687500 3800000
0.075073242187500 3800000
0.069946289062500 3800000
0.074035644531250 3800000
0.072204589843750 3800000
0.073669433593750 3800000
0.070922851562500 3800000
0.000000000000000 3800000
0.073730468750000 3800000
0.072326660156250 3800000
0.071044921875000 3800000
0.076049804687500 3800000
0.070861816406250 3799927
0.074340820312500 3800072
0.071472167968750 3800036
0.075744628906250 3799963
0.073425292968750 3800000
0.071899414062500 3800000
0.074218750000000 3800000
0.072448730468750 3800000
0.000000000000000 3800000
0.073730468750000 3800000
0.071533203125000 3800000
0.072448730468750 3800000
0.073547363281250 3800000
0.074157714843750 3800000
0.073242187500000 3799963
0.072937011718750 3799927
0.073852539062500 3800108
0.071289062500000 3800000
0.074279785156250 3800000
0.074951171875000 3800000
0.071044921875000 3800000
0.000000000000000 3800000
0.072692871093750 3799927
0.071960449218750 3800108
0.073242187500000 3799963
0.072875976562500 3800000
0.072326660156250 3800000
0.072814941406250 3800000
0.071777343750000 3800000
0.072998046875000 3800000
0.070922851562500 3800000
0.074096679687500 3800000
0.073303222656250 3800036
0.073364257812500 3799963
0.073669433593750 3800000
0.000000000000000 3800000
0.071350097656250 3800000
0.072143554687500 3800000
0.071350097656250 3800000
0.074218750000000 3800000
0.071960449218750 3799963
0.075866699218750 3800000
0.074462890625000 3800036
0.073669433593750 3800000
0.073730468750000 3800000
0.073059082031250 3800000
0.065368652343750 3800000
0.073242187500000 3800000
0.072570800781250 3800000
0.000000000000000 3800000
0.073242187500000 3800000
0.073974609375000 3800000
0.075134277343750 3800000
0.072143554687500 3800000
0.073181152343750 3799963
0.071350097656250 3800036
0.072692871093750 3800000
0.072448730468750 3800036
0.075927734375000 3799963
0.072937011718750 3800036
0.072570800781250 3799963
0.074768066406250 3800000
0.000000000000000 3800000
0.071044921875000 3800000
0.072937011718750 3800000
0.070739746093750 3800000
0.075805664062500 3800000
0.075805664062500 3799891
0.071350097656250 3800108
0.064514160156250 3800000
0.072204589843750 3800000
0.073364257812500 3800000
0.072814941406250 3799963
0.074035644531250 3800036
0.071594238281250 3800000
0.074096679687500 3800000
0.000000000000000 3800000
0.073486328125000 3800000
0.071105957031250 3800000
0.072937011718750 3800000
0.073425292968750 3800000
0.073364257812500 3800000
0.073974609375000 3800000
0.074707031250000 3800000
0.073364257812500 3800000
0.071777343750000 3800000
0.072570800781250 3800000
0.070678710937500 3800036
0.072143554687500 3799891
0.072814941406250 3800036
0.000000000000000 3800036
0.074829101562500 3800000
0.074340820312500 3800000
0.072875976562500 3800000
0.072692871093750 3800000
0.071838378906250 3800000
0.074157714843750 3800000
0.072448730468750 3800000
0.073364257812500 3800000
0.073242187500000 3800000
0.072082519531250 3800000
0.074645996093750 3799963
0.072448730468750 3800000
0.000000000000000 3800000
0.073242187500000 3800036
0.070800781250000 3799963
0.074584960937500 3800036
0.074218750000000 3800000
0.071960449218750 3800000
0.077331542968750 3800000
0.072937011718750 3800036
0.075195312500000 3799963
0.071289062500000 3800000
0.073913574218750 3800036
0.075500488281250 3799963
0.000000000000000 3800000
0.072509765625000 3800000
0.073486328125000 3800000
0.072509765625000 3800000
0.074829101562500 3800000
0.071716308593750 3800000
0.064575195312500 3800000
0.073852539062500 3800000
0.074829101562500 3799963
0.073669433593750 3800036
0.075866699218750 3800000
0.073425292968750 3799963
0.071594238281250 3800036
0.072998046875000 3800000
0.000000000000000 3799963
0.072937011718750 3800036
0.071105957031250 3800000
0.073974609375000 3800000
0.072326660156250 3800000
0.074218750000000 3800000
0.073486328125000 3800000
0.072937011718750 3800000
0.072937011718750 3800000
0.072143554687500 3800000
0.072875976562500 3800000
0.072875976562500 3800000
0.073730468750000 3800000
0.000000000000000 3800000
0.071594238281250 3800000
0.072998046875000 3799963
0.076171875000000 3800036
0.070312500000000 3800036
0.073242187500000 3799963
0.070556640625000 3800000
0.074584960937500 3799963
0.073303222656250 3800036
0.074401855468750 3800000
0.073852539062500 3800000
0.072570800781250 3800000
0.074340820312500 3800000
0.000000000000000 3800000
0.071472167968750 3800000
0.072387695312500 3800000
0.070556640625000 3800000
0.074218750000000 3800000
0.075073242187500 3800000
0.071105957031250 3800000
0.065124511718750 3800000
0.071044921875000 3800000
0.074768066406250 3800000
0.072875976562500 3799963
0.074951171875000 3800036
0.070739746093750 3800000
0.072570800781250 3800000
0.074829101562500 3800000
0.000000000000000 3800000
0.072082519531250 3800000
0.071472167968750 3800000
0.070922851562500 3800000
0.072875976562500 3800000
0.072021484375000 3799891
0.064941406250000 3800144
0.072692871093750 3799963
0.073486328125000 3800000
0.075195312500000 3800000
0.071044921875000 3800000
0.074218750000000 3800000
0.071960449218750 3800000
0.072937011718750 3800000
0.071228027343750 3800000
0.000000000000000 3800000
0.075561523437500 3800000
0.073425292968750 3800000
0.071838378906250 3800000
0.074096679687500 3799963
0.071655273437500 3800072
0.072692871093750 3799963
0.072326660156250 3800036
0.072998046875000 3799963
0.074707031250000 3800000
0.072021484375000 3799963
0.073608398437500 3800036
0.071289062500000 3799963
0.074401855468750 3800036
0.000000000000000 3800000
0.071716308593750 3800000
0.072631835937500 3800000
0.072631835937500 3800000
0.073059082031250 3800000
0.073608398437500 3800000
0.072448730468750 3800000
0.072448730468750 3799963
0.072937011718750 3800036
0.075073242187500 3800000
0.073242187500000 3800000
0.072021484375000 3800000
0.074096679687500 3800000
0.000000000000000 3800000
0.072753906250000 3800000
0.073486328125000 3800000
0.071716308593750 3800000
0.072814941406250 3799963
0.072692871093750 3800036
0.073974609375000 3800000
0.073303222656250 3800000
0.072143554687500 3800000
0.073669433593750 3800000
0.072326660156250 3800000
0.074951171875000 3800000
0.074584960937500 3799963
0.000000000000000 3800000
0.071594238281250 3800036
0.073425292968750 3800000
0.071960449218750 3800000
0.071655273437500 3800000
0.071655273437500 3800000
0.072937011718750 3800000
0.071105957031250 3800000
0.075683593750000 3800000
0.071655273437500 3800000
0.072021484375000 3800000
0.073059082031250 3800000
0.073181152343750 3800000
0.074707031250000 3800000
0.000000000000000 3800000
0.072021484375000 3800000
0.064453125000000 3799963
0.073974609375000 3800036
0.072753906250000 3800000
0.064453125000000 3800000
0.071838378906250 3800000
0.073669433593750 3800000
0.074462890625000 3800000
0.072204589843750 3800000
0.072692871093750 3800000
0.073303222656250 3800000
0.073425292968750 3800000
0.071594238281250 3800000
0.073120117187500 3800000
0.072692871093750 3799927
0.000000000000000 3800072
0.072937011718750 3800000
0.072448730468750 3800000
0.076477050781250 3800000
0.072509765625000 3800000
0.072082519531250 3800000
0.074523925781250 3800000
0.075195312500000 3800000
0.073608398437500 3799963
0.072326660156250 3800036
0.076843261718750 3800000
0.074218750000000 3800000
0.000000000000000 3800000
0.073364257812500 3800000
0.073974609375000 3799963
0.070800781250000 3800036
0.073608398437500 3755364
0.073730468750000 3700000
0.074462890625000 3700035
0.071960449218750 3699964
0.071228027343750 3700035
0.064086914062500 3700000
0.071289062500000 3699964
0.072143554687500 3700000
0.070007324218750 3699964
0.000000000000000 3700070
0.071655273437500 3700000
0.075866699218750 3700000
0.070617675781250 3699964
0.071105957031250 3700035
0.069580078125000 3700000
0.062988281250000 3700000
0.069213867187500 3699964
0.071289062500000 3700000
0.067687988281250 3699894
0.073425292968750 3700105
0.074096679687500 3700035
0.070007324218750 3699964
0.070556640625000 3700000
0.071105957031250 3700000
0.072265625000000 3700035
0.000000000000000 3699964
0.069702148437500 3700035
0.072265625000000 3699964
0.071899414062500 3700000
0.071594238281250 3700000
0.063476562500000 3700000
0.070190429687500 3700035
0.071411132812500 3700000
0.071044921875000 3700000
0.072448730468750 3699964
0.074340820312500 3700035
0.070251464843750 3700000
0.070983886718750 3700000
0.070434570312500 3699964
0.000000000000000 3700035
0.073059082031250 3699964
0.070007324218750 3700035
0.069702148437500 3699964
0.070251464843750 3700000
0.073181152343750 3700035
0.071655273437500 3700000
0.071899414062500 3699929
0.072143554687500 3700070
0.070129394531250 3699964
0.063781738281250 3700035
0.069763183593750 3700000
0.071228027343750 3700000
0.071411132812500 3699964
0.071411132812500 3700035
0.000000000000000 3700000
0.072265625000000 3699964
0.069824218750000 3699964
0.072692871093750 3700035
0.070068359375000 3700035
0.073486328125000 3700000
0.070434570312500 3699964
0.071105957031250 3700035
0.070800781250000 3699964
0.070556640625000 3700035
0.062988281250000 3699964
0.070007324218750 3700000
0.073608398437500 3700035
0.070251464843750 3700000
0.073547363281250 3700000
0.000000000000000 3699964
0.071655273437500 3700000
0.071044921875000 3700000
0.070922851562500 3700000
0.069885253906250 3700000
0.073303222656250 3700000
0.070373535156250 3700035
0.072387695312500 3699964
0.072021484375000 3699894
0.071289062500000 3700140
0.071899414062500 3699929
0.069702148437500 3700035
0.072143554687500 3700035
0.070495605468750 3700000
0.000000000000000 3700000
0.073425292968750 3700000
0.071228027343750 3700000
0.070129394531250 3700000
0.071655273437500 3699964
0.071411132812500 3700000
0.072875976562500 3700000
0.063354492187500 3700035
0.073608398437500 3700000
0.071777343750000 3699964
0.071044921875000 3700035
0.071716308593750 3699964
0.070007324218750 3700000
0.071838378906250 3700035
0.000000000000000 3700000
0.072570800781250 3699929
0.071044921875000 3700070
0.073425292968750 3700000
0.070251464843750 3699964
0.071899414062500 3700035
0.071472167968750 3700000
0.071044921875000 3699964
0.070739746093750 3700035
0.071533203125000 3699964
0.070739746093750 3700000
0.073364257812500 3700000
0.000000000000000 3699964
0.071289062500000 3700070
0.070129394531250 3699964
0.071899414062500 3700000
0.070129394531250 3700035
0.070678710937500 3699964
0.070617675781250 3700000
0.072265625000000 3700000
0.073181152343750 3700000
0.070556640625000 3700000
0.071105957031250 3700000
0.070007324218750 3700035
0.071105957031250 3700000
0.073791503906250 3699964
0.000000000000000 3700000
0.071289062500000 3700000
0.071289062500000 3699964
0.072143554687500 3699964
0.072204589843750 3700070
0.069091796875000 3700000
0.073303222656250 3699929
0.072814941406250 3700070
0.072937011718750 3700000
0.072631835937500 3700000
0.071289062500000 3699964
0.062988281250000 3700070
0.069763183593750 3700000
0.070861816406250 3699964
0.000000000000000 3699929
0.071166992187500 3700070
0.071105957031250 3700035
0.074157714843750 3700000
0.069824218750000 3700000
0.064025878906250 3699964
0.070007324218750 3700035
0.072265625000000 3699929
0.070373535156250 3700070
0.073730468750000 3699964
0.069946289062500 3700000
0.072692871093750 3700000
0.070129394531250 3700035
0.070312500000000 3700000
0.071716308593750 3700000
0.000000000000000 3699964
0.072265625000000 3700035
0.071960449218750 3700000
0.069885253906250 3699894
0.072265625000000 3700105
0.073303222656250 3700000
0.069152832031250 3700000
0.072753906250000 3699964
0.071716308593750 3700035
0.073059082031250 3700000
0.068725585937500 3700000
0.072265625000000 3700000
0.070678710937500 3700000
0.000000000000000 3699964
0.070617675781250 3700035
0.073669433593750 3700000
0.069824218750000 3700000
0.071350097656250 3699964
0.071105957031250 3700035
0.072570800781250 3699929
0.072326660156250 3700070
0.070617675781250 3699964
0.071899414062500 3700035
0.069580078125000 3700000
0.073608398437500 3699929
0.070373535156250 3700070
0.000000000000000 3699964
0.072814941406250 3700000
0.073059082031250 3699964
0.070434570312500 3700035
0.070983886718750 3700000
0.070495605468750 3700000
0.073791503906250 3699964
0.073059082031250 3700035
0.063354492187500 3700035
0.069885253906250 3700000
0.070983886718750 3700000
0.063415527343750 3699964
0.073974609375000 3700035
0.072814941406250 3700000
0.070373535156250 3700000
0.000000000000000 3699964
0.072021484375000 3700035
0.071044921875000 3699929
0.074584960937500 3700035
0.070373535156250 3700000
0.071105957031250 3700000
0.072143554687500 3700000
0.071655273437500 3624166
0.065185546875000 3677569
0.071655273437500 3700035
0.063354492187500 3700000
0.071777343750000 3700000
0.063842773437500 3699929
0.073059082031250 3699929
0.071411132812500 3700070
0.072265625000000 3700035
0.000000000000000 3699929
0.071899414062500 3700070
0.073730468750000 3700000
0.070983886718750 3700000
0.073608398437500 3700000
0.072814941406250 3700035
0.071899414062500 3699964
0.071289062500000 3700000
0.070129394531250 3700035
0.072021484375000 3699964
0.069702148437500 3700000
0.063354492187500 3700035
0.074096679687500 3700000
0.000000000000000 3700000
0.072753906250000 3699929
0.072387695312500 3700000
0.070129394531250 3700070
0.070983886718750 3700000
0.070251464843750 3700000
0.072570800781250 3699964
0.072326660156250 3700000
0.071716308593750 3700000
0.073120117187500 3700035
0.070068359375000 3699964
0.070922851562500 3700000
0.072753906250000 3700000
0.000000000000000 3700000
0.073974609375000 3700000
0.072265625000000 3699964
0.069824218750000 3700035
0.072631835937500 3700035
0.071105957031250 3700000
0.070922851562500 3699964
0.069335937500000 3700035
0.070861816406250 3699964
0.072387695312500 3699929
0.071472167968750 3700070
0.070312500000000 3700035
0.071655273437500 3699964
0.070617675781250 3700035
0.000000000000000 3699964
0.071899414062500 3700035
0.071838378906250 3699964
0.070129394531250 3700035
0.071777343750000 3700000
0.063476562500000 3699964
0.071228027343750 3700000
0.071655273437500 3700000
0.071594238281250 3700000
0.071228027343750 3700035
0.070861816406250 3699964
0.070617675781250 3700000
0.072143554687500 3700035
0.070129394531250 3700000
0.071411132812500 3700000
0.000000000000000 3700000
0.068908691406250 3699964
0.071960449218750 3700035
0.069396972656250 3700000
0.073425292968750 3699964
0.071289062500000 3700000
0.070739746093750 3700035
0.072814941406250 3700000
0.069580078125000 3699964
0.072875976562500 3700000
0.069885253906250 3700000
0.070312500000000 3700035
0.072021484375000 3700000
0.000000000000000 3700000
0.072387695312500 3699964
0.072875976562500 3700000
0.071777343750000 3700035
0.071044921875000 3700000
0.068969726562500 3700000
0.074340820312500 3700000
0.070617675781250 3699964
0.072692871093750 3700000
0.277465820312500 3664959
0.073425292968750 3700000
0.070373535156250 3700070
0.000000000000000 3699964
0.074645996093750 3700000
0.072204589843750 3700070
0.069641113281250 3699894
0.070983886718750 3700000
0.070556640625000 3700070
0.064880371093750 3699964
0.072692871093750 3699964
0.072753906250000 3700070
0.074035644531250 3700000
0.069641113281250 3700035
0.073791503906250 3699964
0.070739746093750 3700035
0.071472167968750 3700000
0.068908691406250 3700000
0.063903808593750 3609872
0.000000000000000 3700071
0.072448730468750 3699964
0.074829101562500 3700035
0.073425292968750 3700000
0.072387695312500 3699964
0.072753906250000 3700070
0.069641113281250 3699929
0.072021484375000 3700000
0.073303222656250 3700035
0.071350097656250 3699964
0.070373535156250 3700035
0.071533203125000 3700035
0.000000000000000 3700000
0.072021484375000 3700000
0.072021484375000 3700000
0.068603515625000 3700000
0.070251464843750 3700000
0.071533203125000 3699964
0.063842773437500 3700000
0.066772460937500 3700000
0.063842773437500 3700035
0.075988769531250 3699894
0.062866210937500 3700070
0.067810058593750 3699929
0.068298339843750 3700105
0.068786621093750 3699964
0.064880371093750 3700035
0.066528320312500 3699964
0.071960449218750 3700000
0.069580078125000 3700035
0.064758300781250 3699859
0.067749023437500 3700105
0.074340820312500 3699929
0.071899414062500 3700035
0.065429687500000 3700070
0.073181152343750 3699929
0.063659667968750 3700000
0.000000000000000 3700070
0.072326660156250 3699964
0.065063476562500 3699964
0.070739746093750 3700035
0.073547363281250 3700035
0.071716308593750 3699964
0.066162109375000 3700035
0.074401855468750 3699894
0.070007324218750 3700070
0.070312500000000 3699964
0.070861816406250 3700035
0.073974609375000 3700000
0.069885253906250 3699929
0.071411132812500 3700000
0.071777343750000 3700105
0.000000000000000 3700000
0.071533203125000 3699964
0.072753906250000 3700035
0.071289062500000 3700000
0.072937011718750 3699964
0.069458007812500 3700035
0.072875976562500 3700000
0.069946289062500 3699964
0.072021484375000 3700035
0.069580078125000 3700000
0.071655273437500 3699964
0.072875976562500 3700035
0.069580078125000 3699964
0.000000000000000 3700035
0.072204589843750 3699964
0.069091796875000 3699964
0.064086914062500 3700070
0.069946289062500 3699894
0.070983886718750 3700070
0.070129394531250 3700000
0.071655273437500 3700035
0.073059082031250 3699929
0.069885253906250 3700000
0.070556640625000 3699930
0.069885253906250 3700142
0.072509765625000 3699964
0.069274902343750 3700035
0.072998046875000 3700000
0.071777343750000 3700000
0.000000000000000 3699929
0.071105957031250 3700070
0.072509765625000 3699964
0.069824218750000 3700035
0.070922851562500 3700000
0.070739746093750 3699964
0.073425292968750 3700035
0.071533203125000 3699929
0.073669433593750 3700070
0.071655273437500 3699964
0.072143554687500 3700035
0.072631835937500 3699964
0.000000000000000 3700000
0.071044921875000 3700035
0.073669433593750 3700000
0.070922851562500 3699964
0.064270019531250 3700035
0.075378417968750 3699964
0.062927246093750 3700035
0.066650390625000 3699964
0.064880371093750 3700000
0.065795898437500 3700035
0.072387695312500 3699964
0.070983886718750 3700035
0.069885253906250 3700000
0.072326660156250 3700000
0.073913574218750 3700000
0.070068359375000 3700000
0.070922851562500 3699964
0.070617675781250 3700035
0.000000000000000 3700000
0.072570800781250 3699964
0.069274902343750 3700035
0.071289062500000 3699964
0.072509765625000 3700000
0.071105957031250 3700035
0.070922851562500 3699964
0.069396972656250 3700035
0.071411132812500 3700000
0.070312500000000 3700000
0.063232421875000 3699964
0.070983886718750 3700035
0.071472167968750 3700000
0.073303222656250 3699964
0.070983886718750 3700000
0.000000000000000 3699929
0.072875976562500 3700000
0.069519042968750 3700105
0.071655273437500 3699964
0.070190429687500 3700035
0.072387695312500 3699929
0.070983886718750 3700070
0.070861816406250 3700000
0.072265625000000 3700000
0.069946289062500 3699964
0.073120117187500 3700000
0.069641113281250 3699964
0.070983886718750 3700070
0.073669433593750 3700000
0.000000000000000 3700000
0.071899414062500 3700000
0.072937011718750 3699929
0.067810058593750 3700000
0.074035644531250 3700035
0.073547363281250 3700035
0.073608398437500 3699964
0.072753906250000 3700000
0.069458007812500 3700035
0.071166992187500 3700000
0.072692871093750 3699964
0.072143554687500 3700000
0.000000000000000 3700000
0.070007324218750 3700000
0.071472167968750 3700000
0.073669433593750 3700035
0.072387695312500 3700000
0.072021484375000 3699964
0.069824218750000 3700000
0.069885253906250 3699964
0.073486328125000 3700070
0.072082519531250 3700000
0.072937011718750 3700000
0.068359375000000 3700000
0.070251464843750 3699894
0.063659667968750 3700070
0.071960449218750 3700000
0.000000000000000 3700035
0.070739746093750 3700000
0.070983886718750 3700000
0.070983886718750 3700000
0.072937011718750 3700000
0.070861816406250 3699964
0.070922851562500 3700000
0.072082519531250 3700000
0.072509765625000 3700035
0.072265625000000 3700000
0.069763183593750 3699929
0.072570800781250 3664975
0.064697265625000 3700035
0.072265625000000 3700035
0.000000000000000 3700000
0.073181152343750 3700000
0.070617675781250 3699929
0.071716308593750 3699929
0.072814941406250 3700105
0.072265625000000 3700000
0.071899414062500 3699964
0.072875976562500 3700035
0.071655273437500 3700000
0.071289062500000 3700035
0.071411132812500 3699964
0.069519042968750 3699929
0.000000000000000 3700070
0.072265625000000 3700035
0.073730468750000 3700000
0.069335937500000 3700000
0.071044921875000 3700000
0.070922851562500 3699929
0.072143554687500 3700070
0.069885253906250 3700000
0.072937011718750 3700000
0.072570800781250 3699964
0.070617675781250 3700000
0.072265625000000 3700035
0.070190429687500 3700000
0.000000000000000 3699929
0.071228027343750 3699929
0.070129394531250 3700140
0.063232421875000 3700000
0.068664550781250 3699964
0.073669433593750 3700035
0.071655273437500 3700000
0.070312500000000 3700000
0.071899414062500 3699964
0.070983886718750 3700000
0.071411132812500 3700000
0.068664550781250 3699929
0.073913574218750 3700070
0.073059082031250 3700035
0.068542480468750 3614453
0.058105468750000 3600000
0.065734863281250 3600000
0.059082031250000 3600000
0.000000000000000 3600000
0.065429687500000 3600000
0.066955566406250 3600000
0.065795898437500 3600000
0.065856933593750 3599931
0.065795898437500 3600068
0.066162109375000 3600000
0.067382812500000 3599931
0.065551757812500 3600034
0.058532714843750 3600034
0.064697265625000 3600000
0.066772460937500 3600000
0.067749023437500 3600000
0.065612792968750 3600000
0.066284179687500 3600034
0.064819335937500 3599965
0.000000000000000 3600000
0.069030761718750 3600000
0.064575195312500 3600000
0.065612792968750 3600034
0.063903808593750 3599965
0.067871093750000 3600000
0.066284179687500 3600034
0.064880371093750 3599965
0.068054199218750 3600000
0.064758300781250 3600000
0.066955566406250 3600000
0.065063476562500 3600000
0.067443847656250 3600000
0.000000000000000 3600000
0.065917968750000 3600034
0.065063476562500 3599897
0.066650390625000 3600102
0.066284179687500 3599965
0.067932128906250 3600000
0.065002441406250 3600000
0.067687988281250 3600000
0.065368652343750 3600000
0.065979003906250 3600034
0.066833496093750 3600000
0.065368652343750 3599965
0.066467285156250 3600000
0.000000000000000 3600000
0.064453125000000 3599965
0.067993164062500 3600034
0.066284179687500 3600000
0.065063476562500 3600000
0.066345214843750 3600000
0.066223144531250 3600034
0.066894531250000 3599965
0.065490722656250 3600000
0.065734863281250 3600000
0.065917968750000 3599931
0.059082031250000 3600068
0.066589355468750 3600000
0.064636230468750 3600000
0.066406250000000 3600000
0.000000000000000 3600000
0.066406250000000 3600000
0.066223144531250 3600000
0.065429687500000 3600000
0.065917968750000 3599965
0.067016601562500 3600034
0.067871093750000 3600000
0.065368652343750 3600000
0.064208984375000 3600000
0.065673828125000 3599965
0.066955566406250 3600034
0.066833496093750 3600000
0.064636230468750 3599965
0.000000000000000 3600034
0.065185546875000 3600000
0.065673828125000 3599931
0.067626953125000 3600068
0.066589355468750 3600034
0.065246582031250 3599965
0.067810058593750 3600000
0.065856933593750 3599931
0.065612792968750 3600068
0.066955566406250 3600000
0.064697265625000 3600034
0.066223144531250 3599965
0.067382812500000 3600000
0.058166503906250 3600000
0.000000000000000 3600000
0.066589355468750 3600000
0.063964843750000 3599897
0.067321777343750 3600102
0.064331054687500 3600034
0.068176269531250 3600000
0.065490722656250 3599965
0.065734863281250 3599931
0.066284179687500 3600068
0.065185546875000 3600000
0.065917968750000 3600000
0.063903808593750 3600000
0.066162109375000 3599965
0.064270019531250 3600034
0.000000000000000 3600000
0.065551757812500 3600034
0.065368652343750 3599862
0.066528320312500 3600102
0.068725585937500 3599931
0.064514160156250 3600068
0.065673828125000 3600000
0.064392089843750 3599931
0.068969726562500 3600068
0.065063476562500 3600000
0.065795898437500 3600000
0.065612792968750 3600000
0.064208984375000 3600034
0.000000000000000 3599965
0.068054199218750 3600000
0.063842773437500 3600000
0.065856933593750 3600000
0.063964843750000 3600000
0.066101074218750 3599965
0.065917968750000 3600034
0.065979003906250 3600000
0.066162109375000 3600000
0.065551757812500 3599965
0.066955566406250 3600034
0.065185546875000 3600000
0.066589355468750 3599931
0.065368652343750 3600068
0.000000000000000 3600000
0.066101074218750 3599965
0.067932128906250 3600034
0.064514160156250 3599897
0.065551757812500 3600068
0.063842773437500 3600034
0.066406250000000 3599931
0.068176269531250 3600068
0.064147949218750 3599965
0.065795898437500 3600034
0.065917968750000 3600000
0.067016601562500 3600034
0.065246582031250 3599965
0.000000000000000 3600000
0.066040039062500 3599965
0.067016601562500 3600034
0.065612792968750 3600000
0.065612792968750 3600000
0.064880371093750 3600000
0.067138671875000 3600000
0.066467285156250 3600000
0.067871093750000 3600000
0.065979003906250 3599965
0.065551757812500 3600034
0.066345214843750 3600000
0.065673828125000 3600000
0.000000000000000 3600000
0.065307617187500 3600000
0.066894531250000 3600000
0.066772460937500 3600000
0.068847656250000 3600000
0.063659667968750 3600000
0.067504882812500 3599965
0.063781738281250 3600034
0.067626953125000 3600000
0.067382812500000 3600000
0.067810058593750 3599965
0.000000000000000 3600034
0.068176269531250 3600000
0.064575195312500 3600034
0.059448242187500 3599965
0.064025878906250 3600000
0.065368652343750 3600000
0.066833496093750 3600000
0.066040039062500 3600000
0.068176269531250 3600000
0.066345214843750 3600000
0.065734863281250 3600034
0.065124511718750 3599965
0.067565917968750 3599965
0.066284179687500 3600034
0.000000000000000 3599965
0.068359375000000 3600000
0.067382812500000 3600034
0.065124511718750 3600000
0.060180664062500 3600000
0.064208984375000 3600034
0.066650390625000 3599965
0.064270019531250 3599931
0.066528320312500 3600068
0.066833496093750 3599931
0.067626953125000 3600000
0.067443847656250 3600068
0.064147949218750 3600000
0.059814453125000 3599931
0.065063476562500 3600068
0.064880371093750 3599931
0.000000000000000 3600068
0.065124511718750 3600000
0.065429687500000 3600000
0.067138671875000 3599931
0.065917968750000 3600068
0.065612792968750 3600000
0.066833496093750 3600000
0.067504882812500 3599965
0.065429687500000 3600034
0.066223144531250 3600000
0.065795898437500 3599965
0.065612792968750 3600034
0.000000000000000 3600000
0.066528320312500 3599965
0.064025878906250 3600034
0.067260742187500 3600000
0.065185546875000 3600000
0.066955566406250 3599965
0.066467285156250 3600034
0.063598632812500 3600000
0.065673828125000 3600000
0.066284179687500 3600000
0.066589355468750 3600000
0.064697265625000 3600000
0.066406250000000 3600000
0.000000000000000 3599965
0.066284179687500 3600034
0.067382812500000 3600000
0.065063476562500 3599897
0.063659667968750 3600102
0.066833496093750 3600000
0.067016601562500 3600000
0.065429687500000 3600000
0.068176269531250 3600000
0.067077636718750 3600000
0.066223144531250 3600000
0.065979003906250 3600000
0.058593750000000 3600000
0.066284179687500 3600000
0.000000000000000 3600000
0.065673828125000 3600000
0.066894531250000 3600000
0.067687988281250 3599897
0.057861328125000 3600102
0.063842773437500 3600000
0.067565917968750 3600000
0.058532714843750 3600000
0.066955566406250 3600000
0.064331054687500 3600000
0.068664550781250 3600000
0.066528320312500 3600000
0.065979003906250 3600000
0.067199707031250 3600000
0.065063476562500 3600000
0.065979003906250 3600034
0.000000000000000 3599965
0.067504882812500 3600000
0.058898925781250 3600000
0.067016601562500 3600000
0.066101074218750 3599965
0.067016601562500 3600000
0.064819335937500 3599965
0.065429687500000 3600034
0.063476562500000 3600034
0.067443847656250 3599897
0.067382812500000 3600102
0.066650390625000 3599931
0.064941406250000 3600068
0.064697265625000 3599897
0.000000000000000 3600102
0.066406250000000 3600000
0.063903808593750 3600000
0.067138671875000 3600000
0.064941406250000 3600000
0.066528320312500 3600000
0.067382812500000 3600000
0.063903808593750 3600000
0.066650390625000 3600000
0.065795898437500 3600000
0.067932128906250 3600000
0.064697265625000 3599931
0.065551757812500 3600068
0.000000000000000 3600000
0.069274902343750 3600000
0.063415527343750 3600000
0.069091796875000 3600000
0.065734863281250 3600000
0.065246582031250 3599965
0.064025878906250 3600034
0.069091796875000 3600000
0.066772460937500 3600000
0.064880371093750 3599931
0.066650390625000 3600068
0.064758300781250 3600000
0.000000000000000 3600000
0.067626953125000 3600034
0.064453125000000 3599931
0.066345214843750 3600034
0.066711425781250 3599965
0.068969726562500 3600034
0.066833496093750 3600000
0.066101074218750 3600000
0.066833496093750 3600000
0.064331054687500 3600000
0.066650390625000 3600000
0.065856933593750 3600000
0.065490722656250 3600000
0.000000000000000 3600000
0.066223144531250 3600034
0.065734863281250 3599965
0.067077636718750 3600000
0.064147949218750 3599965
0.065063476562500 3600000
0.065490722656250 3600034
0.067749023437500 3600000
0.067504882812500 3600000
0.065124511718750 3600034
0.066162109375000 3599965
0.064697265625000 3600000
0.066467285156250 3600034
0.000000000000000 3599965
0.065979003906250 3600034
0.065185546875000 3599965
0.066284179687500 3600000
0.066955566406250 3600000
0.064697265625000 3600000
0.066650390625000 3599931
0.065490722656250 3600034
0.068115234375000 3600034
0.063659667968750 3600000
0.066467285156250 3600000
0.064025878906250 3600034
0.066528320312500 3599965
0.000000000000000 3600000
0.065979003906250 3600000
0.066650390625000 3600000
0.066528320312500 3600000
0.064636230468750 3600000
0.058898925781250 3600000
0.065612792968750 3600000
0.059204101562500 3600000
0.064147949218750 3600000
0.063781738281250 3600000
0.067687988281250 3600000
0.067932128906250 3600000
0.068359375000000 3600034
0.063903808593750 3599897
0.068115234375000 3600068
0.065979003906250 3600000
0.000000000000000 3600000
0.067016601562500 3600000
0.066833496093750 3600000
0.065368652343750 3600000
0.067810058593750 3600000
0.065307617187500 3600034
0.065551757812500 3599965
0.064331054687500 3600000
0.066955566406250 3599931
0.065246582031250 3600068
0.066772460937500 3600000
0.066955566406250 3600034
0.000000000000000 3599897
0.064941406250000 3600068
0.065612792968750 3599931
0.066223144531250 3600068
0.066589355468750 3600000
0.065185546875000 3600000
0.068542480468750 3600000
0.067565917968750 3600034
0.064758300781250 3599965
0.066162109375000 3600000
0.065063476562500 3600000
0.065856933593750 3600034
0.065612792968750 3599965
0.000000000000000 3600000
0.065185546875000 3733107
0.075134277343750 3800000
0.074157714843750 3784562
0.072082519531250 3699929
0.070800781250000 3700105
0.063781738281250 3699964
0.071533203125000 3700000
0.063476562500000 3700000
0.069885253906250 3699964
0.071105957031250 3700035
0.072998046875000 3700000
0.070007324218750 3700035
0.073181152343750 3699964
0.071105957031250 3700035
0.070617675781250 3700000
0.000000000000000 3700000
0.069580078125000 3700000
0.072143554687500 3700000
0.070251464843750 3699964
0.072509765625000 3700035
0.072265625000000 3699964
0.069152832031250 3700000
0.071716308593750 3699964
0.071594238281250 3700035
0.071777343750000 3700035
0.071411132812500 3699964
0.073181152343750 3700000
0.000000000000000 3700000
0.073913574218750 3699964
0.070007324218750 3700070
0.070068359375000 3700000
0.071594238281250 3699964
0.063354492187500 3699964
0.069580078125000 3700070
0.062927246093750 3700000
0.073242187500000 3699964
0.070373535156250 3700000
0.070007324218750 3700000
0.071472167968750 3700000
0.073303222656250 3700000
0.069702148437500 3700035
0.072143554687500 3699964
0.071899414062500 3700000
0.074157714843750 3699929
0.000000000000000 3700105
0.070556640625000 3700000
0.073791503906250 3699964
0.071411132812500 3700000
0.068542480468750 3700000
0.072631835937500 3700000
0.072387695312500 3700035
0.062988281250000 3699964
0.072021484375000 3700000
0.067321777343750 3700000
0.072387695312500 3700035
0.071716308593750 3700000
0.071533203125000 3700000
0.069580078125000 3699929
0.070800781250000 3700035
0.000000000000000 3700000
0.074584960937500 3700035
0.070617675781250 3700000
0.070983886718750 3700000
0.071777343750000 3699964
0.072448730468750 3700035
0.070983886718750 3700000
0.072021484375000 3700000
0.071899414062500 3700000
0.068908691406250 3700000
0.072814941406250 3700000
0.070678710937500 3699964
0.071411132812500 3699929
0.000000000000000 3700000
0.072753906250000 3700000
0.071899414062500 3700070
0.071777343750000 3700000
0.070312500000000 3700035
0.073303222656250 3699964
0.069335937500000 3700035
0.070739746093750 3699964
0.072753906250000 3700000
0.072021484375000 3700035
0.072143554687500 3699929
0.068908691406250 3700070
0.073425292968750 3700000
0.000000000000000 3700000
0.071777343750000 3700000
0.072631835937500 3700000
0.071105957031250 3699964
0.072509765625000 3700000
0.074890136718750 3700000
0.070190429687500 3700000
0.071411132812500 3700000
0.069458007812500 3700000
0.072570800781250 3700000
0.071289062500000 3699929
0.072143554687500 3700105
0.000000000000000 3699964
0.072692871093750 3700000
0.070312500000000 3700000
0.071899414062500 3700000
0.072631835937500 3700000
0.071044921875000 3700035
0.069580078125000 3699929
0.071044921875000 3700035
0.073852539062500 3700035
0.070129394531250 3700000
0.070800781250000 3699964
0.070373535156250 3700035
0.071777343750000 3699929
0.070007324218750 3700035
0.000000000000000 3700000
0.071533203125000 3700035
0.069885253906250 3699964
0.073669433593750 3700035
0.072448730468750 3699929
0.071655273437500 3700070
0.070617675781250 3700000
0.070617675781250 3700000
0.073120117187500 3699964
0.069091796875000 3700035
0.071899414062500 3699964
0.072937011718750 3700000
0.069458007812500 3700035
0.063110351562500 3700000
0.071166992187500 3700000
0.000000000000000 3699964
0.070678710937500 3700000
0.070495605468750 3700035
0.070373535156250 3699964
0.074096679687500 3700000
0.070251464843750 3700000
0.071899414062500 3700035
0.071838378906250 3700000
0.064025878906250 3699929
0.071289062500000 3700070
0.070861816406250 3699964
0.070861816406250 3700000
0.073181152343750 3699964
0.071899414062500 3700035
0.000000000000000 3700035
0.070373535156250 3699964
0.074035644531250 3700035
0.071228027343750 3700000
0.072143554687500 3700000
0.072570800781250 3700000
0.071411132812500 3699964
0.071105957031250 3700000
0.070983886718750 3700035
0.072814941406250 3699964
0.070861816406250 3700000
0.070861816406250 3700000
0.071044921875000 3700000
0.000000000000000 3700000
0.074157714843750 3700000
0.070617675781250 3700035
0.071533203125000 3699964
0.071289062500000 3700000
0.072326660156250 3700000
0.071655273437500 3699964
0.069824218750000 3700035
0.072143554687500 3700000
0.073669433593750 3700000
0.072570800781250 3700000
0.070495605468750 3700000
0.070068359375000 3700000
0.000000000000000 3700035
0.073974609375000 3699929
0.070739746093750 3700070
0.071411132812500 3700000
0.070983886718750 3699964
0.070251464843750 3700035
0.069580078125000 3699929
0.070007324218750 3700070
0.073242187500000 3699964
0.070251464843750 3700000
0.071655273437500 3700000
0.072753906250000 3700000
0.070129394531250 3700035
0.000000000000000 3700000
0.071655273437500 3700000
0.069824218750000 3700000
0.071777343750000 3700000
0.073974609375000 3700000
0.072448730468750 3700000
0.071655273437500 3700000
0.072265625000000 3700000
0.073730468750000 3700000
0.068908691406250 3699964
0.072631835937500 3700035
0.069458007812500 3699964
0.072448730468750 3700000
0.000000000000000 3700000
0.074462890625000 3700000
0.069091796875000 3700000
0.071655273437500 3700035
0.069763183593750 3699964
0.063110351562500 3699964
0.071228027343750 3700035
0.072021484375000 3700035
0.068603515625000 3700000
0.075073242187500 3700000
0.063293457031250 3699929
0.071289062500000 3700035
0.070739746093750 3700000
0.071105957031250 3700035
0.072448730468750 3699964
0.070922851562500 3700000
0.000000000000000 3700000
0.071289062500000 3699964
0.074340820312500 3700035
0.071960449218750 3700000
0.071960449218750 3700000
0.071655273437500 3700000
0.072143554687500 3700035
0.069213867187500 3700000
0.074523925781250 3699964
0.072509765625000 3700000
0.069030761718750 3699964
0.072204589843750 3700035
0.000000000000000 3700035
0.133056640625000 3700000
0.000000000000000 3700000
0.070312500000000 3699964
0.071533203125000 3700000
0.069458007812500 3700000
0.073364257812500 3700035
0.073425292968750 3699964
0.070861816406250 3700035
0.073486328125000 3700000
0.069519042968750 3699964
0.063903808593750 3700000
0.071105957031250 3700000
0.070800781250000 3700000
0.074584960937500 3700000
0.070678710937500 3700000
0.000000000000000 3700035
0.072937011718750 3699964
0.070373535156250 3700035
0.072326660156250 3699964
0.069458007812500 3700035
0.072265625000000 3700000
0.073303222656250 3700000
0.071044921875000 3699964
0.071289062500000 3699964
0.072143554687500 3700070
0.072753906250000 3700000
0.069580078125000 3700000
0.071838378906250 3700000
0.000000000000000 3699964
0.072570800781250 3700035
0.070556640625000 3700000
0.070495605468750 3700000
0.072021484375000 3700000
0.071533203125000 3699964
0.071899414062500 3700035
0.074401855468750 3699964
0.072692871093750 3700035
0.068725585937500 3699964
0.071044921875000 3700000
0.072937011718750 3700035
0.064086914062500 3700000
0.070678710937500 3699964
0.000000000000000 3700035
0.069885253906250 3699929
0.072753906250000 3700070
0.072937011718750 3700000
0.070800781250000 3699964
0.071105957031250 3700000
0.071289062500000 3700035
0.072692871093750 3699929
0.071777343750000 3700070
0.070251464843750 3700000
0.072021484375000 3699859
0.074707031250000 3700105
0.070007324218750 3700000
0.000000000000000 3700000
0.071105957031250 3700000
0.071289062500000 3700000
0.072814941406250 3700035
0.069824218750000 3699964
0.073547363281250 3700035
0.071838378906250 3699964
0.070495605468750 3700000
0.073669433593750 3700035
0.070678710937500 3700000
0.072814941406250 3699964
0.068603515625000 3700000
0.000000000000000 3700000
0.136718750000000 3700035
0.000000000000000 3699964
0.070495605468750 3700035
0.070251464843750 3699964
0.068298339843750 3700035
0.073059082031250 3700000
0.070495605468750 3700000
0.071777343750000 3699964
0.072570800781250 3700035
0.068725585937500 3700000
0.073120117187500 3700000
0.070983886718750 3700000
0.071533203125000 3699964
0.069458007812500 3700000
0.070251464843750 3699964
0.000000000000000 3700070
0.072204589843750 3699964
0.072692871093750 3700035
0.071105957031250 3700000
0.071166992187500 3699964
0.072814941406250 3700000
0.069396972656250 3699964
0.070861816406250 3700070
0.071411132812500 3700000
0.073120117187500 3700000
0.072937011718750 3700000
0.069763183593750 3700000
0.072937011718750 3700000
0.000000000000000 3700000
0.069702148437500 3700000
0.073547363281250 3700000
0.069335937500000 3699929
0.071655273437500 3700035
0.072509765625000 3700035
0.069335937500000 3700000
0.073425292968750 3699964
0.071044921875000 3700035
0.070556640625000 3699964
0.070007324218750 3700035
0.072570800781250 3699894
0.071594238281250 3700105
0.000000000000000 3699964
0.071044921875000 3700035
0.070800781250000 3699964
0.069580078125000 3700000
0.064758300781250 3700000
0.069091796875000 3699929
0.071716308593750 3700105
0.069885253906250 3700000
0.074951171875000 3699964
0.071899414062500 3700035
0.071411132812500 3699964
0.071716308593750 3700000
0.070129394531250 3700035
0.072631835937500 3699964
0.070800781250000 3700000
0.000000000000000 3700000
0.072387695312500 3700035
0.071533203125000 3699964
0.073913574218750 3700000
0.071472167968750 3700000
0.069641113281250 3700000
0.071166992187500 3700035
0.071411132812500 3700000
0.146057128906250 3699984
0.070495605468750 3700035
0.071044921875000 3700000
0.072631835937500 3699929
0.071655273437500 3700035
0.072204589843750 3700035
0.071533203125000 3699964
0.000000000000000 3700035
0.071655273437500 3699964
0.071289062500000 3700035
0.069702148437500 3700000
0.071960449218750 3700000
0.071350097656250 3700000
0.071289062500000 3700000
0.072937011718750 3700000
0.072448730468750 3700000
0.069641113281250 3699964
0.071655273437500 3700000
0.074462890625000 3699964
0.064270019531250 3700035
0.065063476562500 3700000
0.064086914062500 3700000
0.069885253906250 3700035
0.063842773437500 3699964
0.000000000000000 3700035
0.076660156250000 3699964
0.075805664062500 3700035
0.076110839843750 3699929
0.068359375000000 3700035
0.068176269531250 3700035
0.066162109375000 3699964
0.078430175781250 3700035
0.070129394531250 3700000
0.068847656250000 3700000
0.068237304687500 3699964
0.073059082031250 3700000
0.070861816406250 3700035
0.063415527343750 3699964
0.065246582031250 3700000
0.066955566406250 3700000
0.000000000000000 3700000
0.073120117187500 3700035
0.064880371093750 3699964
0.074218750000000 3700000
0.065185546875000 3700035
0.068542480468750 3700000
0.072265625000000 3700000
0.071655273437500 3699964
0.063781738281250 3700035
0.071777343750000 3699964
0.070861816406250 3700035
0.072692871093750 3700000
0.072387695312500 3700000
0.070617675781250 3699964
0.070495605468750 3700000
0.070068359375000 3700000
0.072509765625000 3700035
0.000000000000000 3699964
0.071289062500000 3700035
0.073425292968750 3699964
0.071228027343750 3700000
0.071533203125000 3700000
0.071105957031250 3700035
0.072143554687500 3699964
0.069885253906250 3700000
0.070983886718750 3700000
0.073303222656250 3699929
0.071899414062500 3700105
0.070617675781250 3700000
0.069580078125000 3700000
0.000000000000000 3699964
0.071838378906250 3700000
0.069702148437500 3700000
0.071716308593750 3700035
0.070007324218750 3699964
0.072631835937500 3700000
0.075012207031250 3700035
0.069824218750000 3699964
0.071411132812500 3700035
0.069396972656250 3700000
0.075073242187500 3700000
0.070739746093750 3700000
0.074279785156250 3700000
0.000000000000000 3699964
0.071838378906250 3700035
0.070312500000000 3700000
0.062988281250000 3700000
0.070617675781250 3699964
0.070373535156250 3700035
0.069641113281250 3700000
0.072387695312500 3700000
0.073425292968750 3699964
0.069763183593750 3700035
0.070312500000000 3699964
0.072387695312500 3700000
0.072509765625000 3700035
0.072998046875000 3699964
0.000000000000000 3700035
0.072753906250000 3700000
0.072692871093750 3699964
0.072326660156250 3700000
0.073547363281250 3700000
0.071533203125000 3700000
0.067993164062500 3700000
0.066162109375000 3700035
0.068725585937500 3699894
0.062927246093750 3700035
0.064270019531250 3700070
0.064147949218750 3699964
0.072570800781250 3700000
0.064575195312500 3700000
0.071228027343750 3700000
0.066345214843750 3700035
0.070617675781250 3700000
0.073181152343750 3700000
0.071411132812500 3700000
0.071533203125000 3699964
0.069885253906250 3700000
0.000000000000000 3700035
0.072143554687500 3699964
0.072204589843750 3700000
0.069702148437500 3700000
0.072204589843750 3700035
0.070983886718750 3699964
0.072143554687500 3700000
0.071472167968750 3700000
0.071411132812500 3700000
0.069580078125000 3700035
0.069946289062500 3700000
0.072937011718750 3700000
0.069763183593750 3700000
0.000000000000000 3700000
0.073730468750000 3699964
0.070495605468750 3700000
0.070556640625000 3700000
0.073059082031250 3700000
0.069885253906250 3700035
0.071289062500000 3699964
0.069702148437500 3700000
0.073120117187500 3700000
0.071899414062500 3700000
0.071533203125000 3700000
0.072265625000000 3700000
0.069824218750000 3700000
0.000000000000000 3700035
0.074035644531250 3700000
0.069213867187500 3699964
0.070678710937500 3700035
0.070129394531250 3700000
0.073303222656250 3700000
0.072570800781250 3700000
0.068908691406250 3699929
0.073364257812500 3700035
0.069763183593750 3700035
0.071838378906250 3700000
0.069580078125000 3699964
0.071166992187500 3700035
0.073059082031250 3700000
0.000000000000000 3700000
0.072204589843750 3700000
0.071166992187500 3700000
0.069152832031250 3700000
0.070678710937500 3699964
0.071533203125000 3700000
0.072937011718750 3700035
0.069580078125000 3699929
0.072021484375000 3700070
0.072631835937500 3699964
0.071899414062500 3700035
0.072143554687500 3699964
0.070373535156250 3700035
0.070190429687500 3700000
0.000000000000000 3699964
0.068115234375000 3700000
0.073608398437500 3699964
0.073303222656250 3700035
0.069030761718750 3674567
0.072021484375000 3600000
0.067504882812500 3600000
0.059387207031250 3600000
0.066040039062500 3600000
0.069091796875000 3600000
0.069458007812500 3600000
0.067687988281250 3600000
0.063842773437500 3600000
0.000000000000000 3600000
0.065307617187500 3600000
0.066406250000000 3600000
0.066345214843750 3599931
0.065124511718750 3600102
0.067321777343750 3599965
0.068420410156250 3600000
0.067138671875000 3600000
0.066467285156250 3600000
0.065673828125000 3600034
0.064331054687500 3599965
0.065246582031250 3600000
0.068359375000000 3600000
0.065612792968750 3600000
0.000000000000000 3600000
0.066894531250000 3600000
0.065917968750000 3600000
0.065490722656250 3600000
0.065734863281250 3600000
0.066772460937500 3600000
0.066406250000000 3600000
0.063781738281250 3600000
0.058593750000000 3600000
0.062683105468750 3600000
0.066833496093750 3600000
0.066406250000000 3600000
0.067443847656250 3600000
0.065979003906250 3600000
0.066772460937500 3600000
0.000000000000000 3600000
0.067871093750000 3600000
0.065002441406250 3600000
0.068176269531250 3600000
0.066040039062500 3600000
0.068420410156250 3600000
0.065734863281250 3599965
0.066894531250000 3600034
0.066894531250000 3599931
0.065124511718750 3600068
0.068420410156250 3600000
0.065612792968750 3600000
0.000000000000000 3600000
0.068420410156250 3600000
0.064819335937500 3600000
0.066772460937500 3600000
0.066772460937500 3600000
0.065063476562500 3600000
0.067504882812500 3599965
0.063415527343750 3600034
0.067626953125000 3600000
0.065917968750000 3600000
0.069946289062500 3600000
0.066345214843750 3600000
0.064819335937500 3600000
0.000000000000000 3600000
0.065551757812500 3600000
0.064697265625000 3599931
0.067321777343750 3600068
0.065551757812500 3600034
0.065979003906250 3599965
0.065612792968750 3599931
0.065673828125000 3600068
0.067749023437500 3600000
0.065246582031250 3600000
0.066040039062500 3600000
0.063903808593750 3599965
0.068298339843750 3600034
0.000000000000000 3600000
0.066589355468750 3600000
0.065246582031250 3600000
0.066589355468750 3600000
0.067626953125000 3600000
0.068359375000000 3600000
0.064941406250000 3600000
0.067382812500000 3599931
0.067993164062500 3600068
0.067565917968750 3600000
0.067443847656250 3600000
0.065551757812500 3600000
0.000000000000000 3600000
0.064880371093750 3600000
0.067077636718750 3600000
0.066772460937500 3600000
0.066955566406250 3599965
0.064270019531250 3600034
0.065795898437500 3599931
0.067626953125000 3600068
0.065917968750000 3600000
0.064147949218750 3599965
0.067504882812500 3600068
0.068176269531250 3599965
0.065002441406250 3600000
0.000000000000000 3600000
0.066223144531250 3600000
0.065673828125000 3600000
0.064941406250000 3599931
0.067077636718750 3600068
0.066345214843750 3600000
0.066711425781250 3600000
0.066711425781250 3600000
0.067687988281250 3600000
0.064208984375000 3599965
0.064514160156250 3600034
0.065185546875000 3600000
0.066162109375000 3600000
0.000000000000000 3600000
0.067932128906250 3600000
0.064453125000000 3600000
0.068176269531250 3600000
0.064575195312500 3600000
0.066650390625000 3599965
0.063842773437500 3600034
0.067321777343750 3600000
0.067260742187500 3600000
0.065307617187500 3600000
0.066711425781250 3600000
0.067443847656250 3600000
0.067871093750000 3600000
0.000000000000000 3600000
0.065063476562500 3599965
0.068786621093750 3600034
0.065979003906250 3599931
0.066345214843750 3600068
0.065368652343750 3600000
0.066162109375000 3600000
0.059936523437500 3599965
0.065734863281250 3600034
0.066833496093750 3600000
0.067138671875000 3599931
0.067932128906250 3600068
0.067321777343750 3600000
0.063842773437500 3600000
0.065551757812500 3600000
0.000000000000000 3600000
0.066589355468750 3600000
0.058227539062500 3600000
0.064514160156250 3600000
0.067993164062500 3600000
0.067871093750000 3600000
0.065246582031250 3600000
0.068054199218750 3600000
0.063842773437500 3600000
0.067077636718750 3600000
0.063537597656250 3600000
0.060363769531250 3600000
0.065917968750000 3600000
0.066955566406250 3600000
0.066650390625000 3600000
0.064392089843750 3600000
0.059020996093750 3600000
0.066101074218750 3600000
0.000000000000000 3600000
0.065490722656250 3600000
0.066772460937500 3600000
0.068786621093750 3600000
0.066772460937500 3599965
0.064819335937500 3600034
0.065795898437500 3600000
0.065246582031250 3600034
0.066589355468750 3600000
0.064880371093750 3599897
0.066528320312500 3600034
0.065979003906250 3600034
0.000000000000000 3600000
0.066345214843750 3600000
0.067260742187500 3600000
0.064392089843750 3600000
0.066345214843750 3600000
0.064514160156250 3600000
0.068786621093750 3600034
0.066589355468750 3600000
0.063110351562500 3599965
0.066650390625000 3600000
0.066101074218750 3600000
0.064575195312500 3600000
0.066223144531250 3600000
0.065246582031250 3600000
0.000000000000000 3600000
0.066589355468750 3600000
0.068786621093750 3600000
0.066894531250000 3600000
0.064941406250000 3600000
0.058593750000000 3599897
0.064636230468750 3600102
0.067504882812500 3600000
0.066467285156250 3600000
0.065795898437500 3600000
0.068115234375000 3600000
0.065856933593750 3600000
0.066101074218750 3600000
0.065551757812500 3600000
0.000000000000000 3600000
0.066406250000000 3600000
0.065063476562500 3599931
0.068115234375000 3600102
0.066223144531250 3599965
0.064758300781250 3600000
0.065246582031250 3599965
0.066040039062500 3600034
0.066467285156250 3599931
0.064270019531250 3600068
0.065429687500000 3600000
0.067260742187500 3600000
0.000000000000000 3599931
0.066955566406250 3600068
0.065917968750000 3600034
0.064697265625000 3599965
0.066284179687500 3600000
0.066711425781250 3600000
0.065002441406250 3600000
0.066101074218750 3600000
0.066589355468750 3600000
0.066650390625000 3600000
0.065490722656250 3600000
0.067504882812500 3600000
0.066589355468750 3599965
0.000000000000000 3600034
0.068725585937500 3600000
0.066650390625000 3600000
0.066528320312500 3600000
0.067993164062500 3600000
0.064941406250000 3600034
0.065551757812500 3599931
0.065612792968750 3600034
0.057922363281250 3600000
0.067810058593750 3600000
0.063049316406250 3599965
0.067016601562500 3600034
0.065551757812500 3600000
0.065246582031250 3600000
0.000000000000000 3600000
0.064331054687500 3599931
0.066406250000000 3600068
0.068420410156250 3600000
0.063903808593750 3600000
0.067871093750000 3600000
0.064392089843750 3600000
0.067443847656250 3600000
0.064208984375000 3600000
0.066711425781250 3600000
0.066345214843750 3600000
0.066406250000000 3600034
0.067321777343750 3599965
0.000000000000000 3600000
0.064147949218750 3600000
0.067443847656250 3600000
0.067382812500000 3600000
0.058288574218750 3600000
0.064208984375000 3600000
0.065429687500000 3600034
0.065124511718750 3599965
0.063781738281250 3600000
0.066711425781250 3600000
0.064758300781250 3599965
0.065673828125000 3600034
0.066223144531250 3600000
0.067321777343750 3600000
0.000000000000000 3600000
0.067260742187500 3600000
0.067016601562500 3600000
0.065490722656250 3600000
0.064758300781250 3600000
0.067321777343750 3600000
0.067260742187500 3600000
0.065795898437500 3600000
0.066101074218750 3600000
0.066101074218750 3600034
0.066955566406250 3599862
0.064453125000000 3600102
0.065551757812500 3600000
0.000000000000000 3600034
0.064025878906250 3599931
0.069580078125000 3600034
0.065429687500000 3599965
0.065490722656250 3600034
0.067077636718750 3600000
0.066223144531250 3600000
0.058410644531250 3600000
0.064819335937500 3600000
0.066406250000000 3600000
0.068176269531250 3600000
0.066406250000000 3600000
0.067382812500000 3599931
0.000000000000000 3600068
0.063415527343750 3600000
0.066528320312500 3600000
0.068298339843750 3600000
0.067810058593750 3600000
0.067626953125000 3600000
0.066894531250000 3599965
0.065124511718750 3599931
0.066894531250000 3600102
0.067932128906250 3599931
0.063049316406250 3600068
0.067382812500000 3600000
0.000000000000000 3600000
0.068359375000000 3600000
0.064025878906250 3600034
0.064575195312500 3599862
0.063232421875000 3600137
0.067565917968750 3600000
0.066345214843750 3600000
0.065917968750000 3599965
0.065429687500000 3600000
0.065612792968750 3600034
0.067993164062500 3599965
0.064392089843750 3600000
0.065124511718750 3600000
0.067077636718750 3599965
0.000000000000000 3600034
0.067749023437500 3600000
0.068969726562500 3600000
0.065734863281250 3600000
0.067504882812500 3600000
0.064697265625000 3600000
0.058349609375000 3600000
0.066345214843750 3600000
0.058471679687500 3600000
0.064147949218750 3600000
0.066101074218750 3600000
0.067382812500000 3600000
0.065612792968750 3600000
0.066467285156250 3600000
0.064025878906250 3600000
0.000000000000000 3600000
0.067810058593750 3600000
0.064270019531250 3600000
0.065795898437500 3600000
0.066345214843750 3600000
0.064514160156250 3600000
0.065917968750000 3600000
0.065490722656250 3599897
0.066223144531250 3600102
0.065734863281250 3600000
0.059204101562500 3600000
0.066223144531250 3600000
0.067199707031250 3600000
0.066894531250000 3600000
0.064880371093750 3599931
0.000000000000000 3600068
0.067687988281250 3600000
0.065124511718750 3600000
0.058532714843750 3600000
0.064025878906250 3600000
0.066223144531250 3600000
0.066955566406250 3600000
0.064758300781250 3600000
0.065979003906250 3600000
0.065551757812500 3600000
0.068237304687500 3599965
0.065368652343750 3600034
0.066406250000000 3600000
0.064147949218750 3600000
0.067382812500000 3600000
0.000000000000000 3600000
0.066955566406250 3600000
0.065246582031250 3600000
0.066101074218750 3600000
0.064941406250000 3600000
0.067993164062500 3599965
0.065368652343750 3600000
0.065368652343750 3600034
0.067260742187500 3599965
0.065551757812500 3600034
0.066772460937500 3599965
0.065490722656250 3600034
0.000000000000000 3600000
0.067504882812500 3600000
0.063232421875000 3600000
0.060363769531250 3600000
0.065795898437500 3600034
0.066284179687500 3599931
0.065124511718750 3600034
0.065979003906250 3600000
0.064941406250000 3600000
0.066101074218750 3600000
0.066894531250000 3600034
0.065673828125000 3599965
0.062805175781250 3759201
0.072631835937500 3800036
0.217102050781250 3708533
0.063415527343750 3700000
0.070007324218750 3699929
0.000000000000000 3700035
0.072509765625000 3700000
0.073242187500000 3700035
0.070190429687500 3700000
0.070739746093750 3699964
0.070373535156250 3700000
0.070983886718750 3700000
0.069885253906250 3700000
0.072753906250000 3700035
0.074340820312500 3700000
0.070922851562500 3700000
0.070190429687500 3699964
0.071655273437500 3700035
0.070922851562500 3699964
0.000000000000000 3700035
0.072021484375000 3699929
0.070190429687500 3700070
0.071411132812500 3699964
0.072265625000000 3700000
0.071716308593750 3700035
0.070373535156250 3699964
0.071533203125000 3700000
0.071044921875000 3700000
0.074279785156250 3700035
0.072204589843750 3699964
0.068725585937500 3700035
0.072509765625000 3700000
0.000000000000000 3700000
0.072265625000000 3699964
0.071228027343750 3700035
0.071533203125000 3700000
0.072692871093750 3700000
0.073852539062500 3699964
0.071166992187500 3700000
0.073730468750000 3700035
0.071411132812500 3699964
0.071838378906250 3700000
0.073181152343750 3700000
0.000000000000000 3699894
0.073059082031250 3700140
0.071960449218750 3700000
0.069152832031250 3700000
0.073791503906250 3699964
0.072143554687500 3700035
0.070129394531250 3699859
0.071777343750000 3700105
0.073669433593750 3700000
0.071166992187500 3700000
0.069702148437500 3700035
0.072021484375000 3699964
0.070678710937500 3700035
0.062866210937500 3699964
0.069702148437500 3700000
0.000000000000000 3700035
0.072509765625000 3699894
0.073547363281250 3700105
0.070495605468750 3700000
0.063110351562500 3700000
0.069458007812500 3699964
0.070129394531250 3700035
0.071289062500000 3699964
0.074707031250000 3700000
0.070251464843750 3700000
0.071166992187500 3640432
0.071228027343750 3700000
0.070800781250000 3699964
0.064392089843750 3700000
0.068725585937500 3700035
0.073425292968750 3700000
0.000000000000000 3700000
0.070861816406250 3699964
0.072387695312500 3700035
0.071777343750000 3699964
0.070373535156250 3700035
0.072387695312500 3700000
0.070922851562500 3699964
0.063232421875000 3700000
0.070678710937500 3700035
0.071228027343750 3700000
0.071838378906250 3699894
0.072387695312500 3700105
0.072937011718750 3700000
0.071166992187500 3699964
0.063537597656250 3700000
0.071350097656250 3700000
0.000000000000000 3700000
0.071838378906250 3700000
0.070739746093750 3700000
0.071655273437500 3700000
0.070617675781250 3700035
0.070434570312500 3699964
0.074951171875000 3700000
0.069885253906250 3700035
0.071899414062500 3700000
0.069519042968750 3700000
0.071960449218750 3699964
0.069335937500000 3700035
0.074829101562500 3700000
0.000000000000000 3699964
0.070800781250000 3700000
0.071411132812500 3700000
0.071777343750000 3700035
0.071838378906250 3699964
0.074462890625000 3700035
0.069641113281250 3700000
0.076599121093750 3700000
0.072753906250000 3700000
0.068908691406250 3700000
0.072509765625000 3699964
0.070251464843750 3700035
0.000000000000000 3699964
0.072937011718750 3699964
0.070922851562500 3700070
0.073303222656250 3700000
0.072692871093750 3700000
0.071472167968750 3700000
0.071166992187500 3700000
0.069885253906250 3699929
0.073425292968750 3700035
0.070129394531250 3700035
0.063232421875000 3699964
0.071411132812500 3700000
0.071472167968750 3700000
0.071777343750000 3700000
0.000000000000000 3700000
0.074340820312500 3700000
0.071105957031250 3700035
0.069396972656250 3700000
0.071716308593750 3699964
0.072143554687500 3700000
0.073486328125000 3700035
0.072082519531250 3699929
0.069458007812500 3700035
0.071533203125000 3700035
0.072265625000000 3699964
0.070678710937500 3700035
0.000000000000000 3699964
0.074462890625000 3700035
0.069091796875000 3699929
0.072143554687500 3700035
0.070861816406250 3700035
0.071899414062500 3699894
0.069519042968750 3700070
0.073547363281250 3700035
0.075317382812500 3700000
0.071472167968750 3700000
0.071899414062500 3699964
0.069335937500000 3700000
0.071533203125000 3700035
0.070617675781250 3699964
0.000000000000000 3700035
0.072143554687500 3699964
0.070983886718750 3700035
0.071105957031250 3700000
0.072814941406250 3699964
0.070617675781250 3700000
0.071716308593750 3700035
0.070068359375000 3700000
0.071044921875000 3700000
0.074157714843750 3699964
0.070068359375000 3700035
0.070617675781250 3700000
0.070800781250000 3699964
0.000000000000000 3700035
0.072021484375000 3699964
0.071655273437500 3700000
0.062866210937500 3700035
0.070434570312500 3700000
0.073547363281250 3699929
0.072937011718750 3700035
0.069335937500000 3699929
0.071777343750000 3700105
0.070251464843750 3700000
0.073059082031250 3699964
0.071166992187500 3700035
0.071411132812500 3699964
0.072509765625000 3700035
0.069274902343750 3700000
0.000000000000000 3699964
0.072143554687500 3700000
0.069458007812500 3700035
0.071899414062500 3700000
0.072143554687500 3700000
0.073913574218750 3699964
0.072509765625000 3700000
0.071655273437500 3699964
0.073364257812500 3700035
0.069702148437500 3699964
0.063293457031250 3700070
0.069458007812500 3699964
0.072021484375000 3700000
0.071350097656250 3700000
0.000000000000000 3699894
0.072937011718750 3700105
0.070373535156250 3700035
0.070556640625000 3700000
0.071960449218750 3700000
0.069519042968750 3700000
0.062988281250000 3699964
0.069458007812500 3700035
0.072509765625000 3700000
0.073059082031250 3700000
0.070251464843750 3700000
0.074157714843750 3700000
0.069885253906250 3700000
0.073181152343750 3700000
0.070129394531250 3700000
0.000000000000000 3700000
0.071899414062500 3700000
0.073852539062500 3700000
0.069702148437500 3699964
0.072692871093750 3700035
0.070556640625000 3699929
0.072631835937500 3700035
0.069946289062500 3700000
0.071777343750000 3700035
0.073364257812500 3700000
0.071289062500000 3699964
0.063171386718750 3700000
0.072448730468750 3700035
0.071166992187500 3699964
0.000000000000000 3700000
0.071533203125000 3700035
0.071472167968750 3699964
0.070068359375000 3700000
0.071716308593750 3700000
0.073913574218750 3700035
0.072387695312500 3699964
0.071594238281250 3700000
0.070800781250000 3700000
0.071533203125000 3700000
0.074218750000000 3700035
0.071655273437500 3699964
0.000000000000000 3699929
0.072265625000000 3700070
0.071166992187500 3700035
0.070861816406250 3699964
0.072875976562500 3700000
0.072143554687500 3700035
0.071960449218750 3699964
0.069519042968750 3700035
0.075073242187500 3699964
0.071350097656250 3700000
0.072509765625000 3700000
0.070617675781250 3700035
0.000000000000000 3700000
0.071289062500000 3700000
0.072753906250000 3699894
0.069702148437500 3700105
0.073791503906250 3699964
0.071533203125000 3700000
0.071472167968750 3700000
0.069335937500000 3700000
0.070800781250000 3700000
0.073730468750000 3700035
0.072387695312500 3699964
0.072692871093750 3700035
0.071777343750000 3699964
0.000000000000000 3700035
0.071289062500000 3699964
0.070190429687500 3700035
0.073425292968750 3699964
0.063415527343750 3700035
0.073425292968750 3699964
0.072448730468750 3700035
0.069213867187500 3699964
0.072265625000000 3700000
0.071044921875000 3700035
0.071533203125000 3699929
0.070800781250000 3700035
0.072814941406250 3700035
0.070312500000000 3700000
0.000000000000000 3700000
0.069763183593750 3700000
0.072509765625000 3699964
0.069458007812500 3700000
0.074218750000000 3700035
0.071044921875000 3699964
0.071044921875000 3700000
0.071533203125000 3700035
0.073547363281250 3699964
0.071960449218750 3700000
0.070007324218750 3700000
0.072937011718750 3700000
0.070129394531250 3700035
0.000000000000000 3699964
0.073730468750000 3700000
0.071777343750000 3700035
0.071411132812500 3699964
0.071838378906250 3700000
0.071716308593750 3700000
0.071044921875000 3700035
0.070556640625000 3699964
0.074035644531250 3700035
0.071289062500000 3699894
0.071228027343750 3700070
0.071411132812500 3699929
0.069946289062500 3700105
0.000000000000000 3699964
0.070190429687500 3700000
0.071350097656250 3700035
0.072387695312500 3700000
0.070251464843750 3700000
0.070251464843750 3699964
0.072387695312500 3700000
0.070617675781250 3700035
0.071411132812500 3699964
0.070678710937500 3700000
0.072265625000000 3700035
0.074890136718750 3699929
0.068725585937500 3700070
0.068969726562500 3699964
0.000000000000000 3700000
0.070617675781250 3700000
0.072387695312500 3700000
0.070739746093750 3700035
0.069274902343750 3700000
0.073547363281250 3700000
0.071166992187500 3699964
0.072814941406250 3700035
0.070251464843750 3700000
0.071350097656250 3700000
0.069702148437500 3700000
0.071472167968750 3700000
0.072875976562500 3699964
0.000000000000000 3700035
0.070129394531250 3700000
0.072021484375000 3700000
0.069763183593750 3700000
0.072326660156250 3700000
0.069458007812500 3700000
0.070800781250000 3699964
0.070556640625000 3700035
0.071594238281250 3700000
0.074035644531250 3700000
0.069763183593750 3699964
0.070434570312500 3700000
0.070007324218750 3700035
0.073791503906250 3699964
0.000000000000000 3700000
0.069885253906250 3700035
0.073059082031250 3699964
0.071533203125000 3700000
0.069580078125000 3700035
0.073669433593750 3700000
0.069274902343750 3700000
0.073547363281250 3699964
0.068054199218750 3700035
0.073425292968750 3700000
0.070861816406250 3700000
0.070983886718750 3699964
0.070373535156250 3700035
0.070373535156250 3700000
0.063232421875000 3700000
0.000000000000000 3699964
0.069519042968750 3700035
0.071777343750000 3700000
0.069885253906250 3699964
0.073425292968750 3700035
0.072692871093750 3699964
0.068603515625000 3700000
0.072265625000000 3700035
0.071411132812500 3700000
0.072326660156250 3700000
0.069702148437500 3699929
0.072753906250000 3700035
0.070068359375000 3700035
0.071716308593750 3700000
0.000000000000000 3700000
0.071228027343750 3699964
0.070983886718750 3700035
0.071594238281250 3699964
0.069396972656250 3700035
0.073181152343750 3699964
0.071472167968750 3700000
0.069335937500000 3700000
0.072143554687500 3699964
0.071716308593750 3700070
0.070861816406250 3700000
0.073059082031250 3700000
0.071777343750000 3699964
0.000000000000000 3700035
0.072509765625000 3699964
0.072021484375000 3700000
0.071533203125000 3700035
0.070861816406250 3700000
0.070251464843750 3699964
0.071899414062500 3700035
0.071594238281250 3699964
0.070007324218750 3700035
0.070434570312500 3700000
0.070739746093750 3699964
0.068664550781250 3699929
0.071777343750000 3700070
0.070251464843750 3700000
0.000000000000000 3700000
0.072570800781250 3700000
0.074462890625000 3700035
0.070373535156250 3700000
0.074035644531250 3699964
0.067138671875000 3700035
0.071533203125000 3700000
0.070983886718750 3699929
0.063354492187500 3700035
0.064270019531250 3699964
0.064880371093750 3700035
0.073120117187500 3700000
0.065795898437500 3700035
0.066284179687500 3700000
0.068359375000000 3700000
0.069580078125000 3700000
0.077392578125000 3700000
0.067810058593750 3700000
0.068359375000000 3699964
0.066589355468750 3700035
0.063842773437500 3699964
0.072021484375000 3700035
0.000000000000000 3700000
0.076110839843750 3699964
0.066589355468750 3700035
0.067443847656250 3699964
0.070861816406250 3700035
0.065246582031250 3699964
0.071655273437500 3700000
0.064025878906250 3700035
0.066345214843750 3700000
0.072814941406250 3700000
0.072631835937500 3700000
0.065002441406250 3700000
0.071594238281250 3699964
0.072021484375000 3700035
0.073425292968750 3700000
0.070983886718750 3699964
0.071044921875000 3700000
0.071350097656250 3700035
0.000000000000000 3700000
0.072509765625000 3699964
0.072021484375000 3700000
0.068969726562500 3700035
0.072265625000000 3700000
0.070129394531250 3700000
0.073791503906250 3700000
0.070434570312500 3699964
0.070739746093750 3700035
0.074157714843750 3700000
0.070678710937500 3699964
0.071777343750000 3700000
0.071166992187500 3700035
0.000000000000000 3699964
0.072021484375000 3700000
0.068847656250000 3700035
0.072265625000000 3700000
0.070922851562500 3700000
0.068481445312500 3699964
0.073547363281250 3699929
0.070739746093750 3700105
0.072814941406250 3699894
0.070129394531250 3700105
0.071899414062500 3700000
0.070007324218750 3699964
0.062988281250000 3700035
0.072143554687500 3699964
0.069091796875000 3700035
0.072692871093750 3700000
0.000000000000000 3699964
0.070068359375000 3700000
0.073791503906250 3700000
0.070251464843750 3700035
0.071166992187500 3700000
0.071105957031250 3700000
0.071289062500000 3699964
0.071655273437500 3700035
0.069824218750000 3700000
0.071472167968750 3699929
0.071044921875000 3700070
0.073059082031250 3700000
0.000000000000000 3700000
0.075195312500000 3700000
0.072387695312500 3699964
0.071105957031250 3700000
0.063110351562500 3700000
0.071166992187500 3700035
0.072753906250000 3700000
0.077880859375000 3700000
0.063476562500000 3700000
0.066955566406250 3700000
0.066650390625000 3700000
0.063293457031250 3700000
0.072631835937500 3699964
0.070434570312500 3700000
0.071044921875000 3700000
0.070800781250000 3700035
0.070678710937500 3700000
0.071777343750000 3700000
0.000000000000000 3700000
0.072937011718750 3700000
0.072692871093750 3700000
0.070983886718750 3700000
0.070190429687500 3700000
0.070312500000000 3700000
0.071533203125000 3700000
0.069885253906250 3699964
0.071899414062500 3700035
0.070861816406250 3700000
0.072814941406250 3699964
0.071166992187500 3700035
0.069335937500000 3700000
0.069641113281250 3699964
0.000000000000000 3700035
0.070739746093750 3699964
0.072265625000000 3700000
0.072326660156250 3700035
0.070129394531250 3700000
0.070495605468750 3699964
0.073181152343750 3700000
0.071594238281250 3700000
0.070190429687500 3700035
0.071411132812500 3699964
0.070251464843750 3700035
0.072937011718750 3700000
0.072143554687500 3700000
0.067871093750000 3672363
0.057739257812500 3599965
0.000000000000000 3600000
0.068298339843750 3600034
0.067565917968750 3600000
0.064208984375000 3600000
0.069396972656250 3600000
0.068786621093750 3599965
0.066162109375000 3600034
0.059204101562500 3600000
0.065368652343750 3600000
0.065673828125000 3600000
0.068054199218750 3600000
0.065612792968750 3600000
0.068725585937500 3599931
0.064636230468750 3600068
0.000000000000000 3600000
0.069580078125000 3600000
0.064636230468750 3600000
0.067199707031250 3600000
0.066467285156250 3600000
0.065795898437500 3600034
0.067138671875000 3599965
0.065612792968750 3600000
0.058166503906250 3600000
0.064941406250000 3600000
0.066345214843750 3600000
0.066040039062500 3600000
0.066345214843750 3599965
0.065246582031250 3600000
0.065551757812500 3600000
0.000000000000000 3600034
0.068542480468750 3600000
0.064636230468750 3599965
0.068847656250000 3600034
0.067260742187500 3599965
0.067932128906250 3600034
0.066833496093750 3600000
0.067749023437500 3600000
0.065612792968750 3600034
0.065551757812500 3599965
0.067138671875000 3600000
0.065551757812500 3600000
0.000000000000000 3600000
0.066040039062500 3600000
0.065734863281250 3600000
0.067382812500000 3600000
0.067443847656250 3600000
0.065429687500000 3600000
0.067932128906250 3600000
0.066955566406250 3599965
0.059143066406250 3600000
0.065612792968750 3600000
0.066101074218750 3600000
0.068176269531250 3600034
0.065063476562500 3599965
0.000000000000000 3600034
0.067993164062500 3600000
0.065795898437500 3600000
0.066955566406250 3600000
0.064819335937500 3600034
0.066650390625000 3599965
0.066711425781250 3600000
0.065185546875000 3600000
0.064819335937500 3600000
0.064880371093750 3600000
0.065917968750000 3600000
0.063415527343750 3600000
0.066345214843750 3600034
0.069030761718750 3600000
0.000000000000000 3599965
0.067687988281250 3600000
0.065673828125000 3600000
0.064086914062500 3599965
0.066650390625000 3600068
0.065612792968750 3599965
0.067321777343750 3600034
0.067565917968750 3599965
0.065673828125000 3600000
0.066345214843750 3600000
0.067749023437500 3600000
0.066406250000000 3600000
0.064453125000000 3600000
0.000000000000000 3600000
0.066711425781250 3600000
0.068176269531250 3600000
0.065124511718750 3600000
0.065979003906250 3600000
0.065185546875000 3600000
0.066406250000000 3599897
0.065795898437500 3600102
0.064697265625000 3600034
0.065246582031250 3599965
0.067077636718750 3600000
0.065612792968750 3599965
0.066284179687500 3600068
0.000000000000000 3599931
0.066101074218750 3600034
0.065124511718750 3600000
0.066833496093750 3600000
0.067749023437500 3600000
0.066955566406250 3600000
0.069030761718750 3600000
0.064758300781250 3600000
0.066223144531250 3599965
0.066467285156250 3600034
0.065795898437500 3600000
0.069091796875000 3600000
0.000000000000000 3600000
0.064025878906250 3600000
0.067016601562500 3600000
0.066650390625000 3600034
0.067016601562500 3599965
0.065734863281250 3600034
0.066955566406250 3599965
0.067321777343750 3600000
0.064575195312500 3600000
0.068542480468750 3600000
0.063781738281250 3600000
0.058532714843750 3600000
0.065979003906250 3600000
0.067687988281250 3600000
0.000000000000000 3600000
0.066528320312500 3600000
0.065856933593750 3600034
0.068298339843750 3599965
0.065917968750000 3600000
0.067016601562500 3600000
0.065368652343750 3600000
0.066650390625000 3600034
0.064025878906250 3599965
0.067687988281250 3600000
0.067810058593750 3600034
0.064941406250000 3599965
0.066345214843750 3600000
0.066223144531250 3600000
0.000000000000000 3600000
0.067382812500000 3600000
0.064270019531250 3600000
0.059936523437500 3600034
0.063964843750000 3599965
0.066711425781250 3600000
0.067016601562500 3600000
0.063720703125000 3656240
0.065185546875000 3800000
0.077758789062500 3800036
0.068054199218750 3799963
0.077880859375000 3800000
0.077148437500000 3800000
0.068115234375000 3800000
0.077514648437500 3800000
0.079895019531250 3800000
0.075256347656250 3799927
0.078857421875000 3800072
0.076416015625000 3800000
0.000000000000000 3800036
0.080322265625000 3799963
0.075683593750000 3800000
0.075073242187500 3800000
0.078979492187500 3800000
0.076416015625000 3800000
0.076965332031250 3800000
0.075073242187500 3800000
0.068969726562500 3800000
0.076416015625000 3800000
0.077941894531250 3800000
0.077636718750000 3799963
0.077453613281250 3800036
0.070251464843750 3799927
0.075500488281250 3800072
0.079711914062500 3800000
0.000000000000000 3799963
0.075195312500000 3800036
0.078979492187500 3800000
0.076965332031250 3800000
0.080139160156250 3800000
0.079711914062500 3800000
0.078063964843750 3800000
0.080444335937500 3800000
0.074951171875000 3800000
0.076721191406250 3799963
0.075256347656250 3800036
0.078857421875000 3800000
0.000000000000000 3800000
0.082031250000000 3799963
0.076354980468750 3800036
0.078735351562500 3799963
0.076721191406250 3800036
0.077941894531250 3800000
0.076660156250000 3800000
0.076843261718750 3800000
0.080200195312500 3800000
0.075561523437500 3800000
0.079406738281250 3800036
0.075683593750000 3799963
0.077941894531250 3800000
0.000000000000000 3800036
0.076782226562500 3799963
0.080322265625000 3800000
0.079467773437500 3800036
0.075744628906250 3799963
0.078674316406250 3800000
0.079040527343750 3800000
0.077209472656250 3800000
0.074218750000000 3799963
0.076232910156250 3800036
0.000000000000000 3800000
0.139709472656250 3799927
0.000000000000000 3800072
0.073364257812500 3800036
0.071472167968750 3799963
0.075866699218750 3800000
0.070922851562500 3800000
0.075683593750000 3800000
0.071228027343750 3800036
0.072814941406250 3799963
0.072143554687500 3799891
0.072448730468750 3800108
0.073486328125000 3799963
0.071105957031250 3800036
0.073486328125000 3800000
0.000000000000000 3800000
0.074584960937500 3800000
0.074707031250000 3800000
0.073608398437500 3800000
0.071350097656250 3800000
0.073913574218750 3800000
0.073669433593750 3800000
0.073181152343750 3800000
0.073242187500000 3799927
0.073303222656250 3800072
0.074768066406250 3799927
0.071777343750000 3800036
0.073425292968750 3800036
0.000000000000000 3800000
0.071960449218750 3800000
0.071777343750000 3800000
0.076477050781250 3799963
0.070617675781250 3800000
0.072814941406250 3800036
0.072143554687500 3800000
0.073425292968750 3799963
0.073059082031250 3800036
0.071838378906250 3800000
0.071655273437500 3800000
0.073486328125000 3800000
0.074707031250000 3800000
0.070434570312500 3800000
0.000000000000000 3800000
0.075988769531250 3799963
0.072937011718750 3800036
0.072998046875000 3800000
0.074218750000000 3800000
0.072570800781250 3799927
0.074218750000000 3800072
0.071716308593750 3799963
0.065551757812500 3800072
0.070556640625000 3799963
0.074829101562500 3799927
0.071594238281250 3800036
0.071838378906250 3800036
0.073852539062500 3800000
0.000000000000000 3800000
0.072387695312500 3800000
0.073852539062500 3800000
0.074340820312500 3800000
0.065063476562500 3800036
0.071105957031250 3799963
0.074279785156250 3679959
0.073486328125000 3800000
0.064392089843750 3800000
0.076965332031250 3799963
0.071899414062500 3800072
0.075622558593750 3800000
0.071350097656250 3799963
0.075195312500000 3800000
0.072692871093750 3800000
0.000000000000000 3800000
0.072570800781250 3800000
0.074707031250000 3800000
0.072387695312500 3799963
0.073425292968750 3800036
0.072692871093750 3800000
0.072814941406250 3799963
0.071350097656250 3800000
0.076904296875000 3800036
0.074707031250000 3800000
0.072082519531250 3800000
0.075378417968750 3799963
0.000000000000000 3800036
0.071716308593750 3800000
0.073669433593750 3800000
0.075256347656250 3800000
0.073425292968750 3800000
0.072631835937500 3799963
0.074401855468750 3800000
0.073974609375000 3800036
0.072265625000000 3800000
0.072692871093750 3800000
0.070739746093750 3800000
0.076538085937500 3799927
0.074218750000000 3800072
0.000000000000000 3800000
0.071533203125000 3800000
0.072204589843750 3800000
0.073059082031250 3799963
0.076232910156250 3800000
0.072814941406250 3800036
0.075195312500000 3800000
0.074951171875000 3800000
0.073913574218750 3799963
0.072326660156250 3800036
0.073852539062500 3800000
0.072021484375000 3800000
0.000000000000000 3800036
0.075378417968750 3799963
0.071105957031250 3800036
0.075256347656250 3799963
0.070983886718750 3800000
0.072570800781250 3800000
0.074157714843750 3800000
0.072692871093750 3800000
0.074890136718750 3800000
0.073669433593750 3800000
0.073181152343750 3800000
0.073303222656250 3800000
0.000000000000000 3800000
0.073486328125000 3800000
0.070861816406250 3799963
0.074401855468750 3800036
0.075500488281250 3800000
0.072204589843750 3800000
0.074218750000000 3800000
0.073364257812500 3800000
0.074584960937500 3800000
0.070312500000000 3799963
0.072937011718750 3800036
0.071411132812500 3799963
0.074768066406250 3800036
0.000000000000000 3799963
0.073547363281250 3800036
0.071960449218750 3800000
0.075256347656250 3800000
0.070068359375000 3799963
0.064758300781250 3800000
0.073242187500000 3800036
0.073974609375000 3800000
0.072448730468750 3800000
0.071899414062500 3800000
0.067443847656250 3800000
0.072692871093750 3800000
0.072326660156250 3800000
0.072998046875000 3800000
0.073730468750000 3800000
0.071472167968750 3800000
0.000000000000000 3800000
0.074157714843750 3799963
0.073730468750000 3800036
0.074157714843750 3799963
0.064819335937500 3800000
0.073242187500000 3800036
0.074401855468750 3800000
0.071899414062500 3800000
0.075805664062500 3800036
0.074829101562500 3799963
0.071838378906250 3800000
0.074279785156250 3800000
0.072326660156250 3800000
0.075134277343750 3800000
0.000000000000000 3800000
0.072204589843750 3800000
0.075195312500000 3800000
0.074401855468750 3799963
0.072570800781250 3799963
0.072448730468750 3800072
0.072570800781250 3800036
0.071899414062500 3800000
0.072692871093750 3799855
0.074462890625000 3800108
0.073852539062500 3800000
0.070373535156250 3800000
0.072509765625000 3800000
0.000000000000000 3800000
0.072326660156250 3799963
0.071472167968750 3800072
0.072021484375000 3799963
0.072326660156250 3800000
0.074584960937500 3800000
0.072692871093750 3800000
0.074462890625000 3800000
0.072204589843750 3800000
0.072082519531250 3800000
0.073852539062500 3800000
0.073730468750000 3800000
0.074462890625000 3800000
0.000000000000000 3800000
0.136413574218750 3800036
0.000000000000000 3799963
0.073120117187500 3800000
0.073669433593750 3800000
0.072753906250000 3800000
0.071594238281250 3800000
0.073486328125000 3800000
0.073730468750000 3799963
0.073303222656250 3800000
0.072448730468750 3800036
0.072448730468750 3800000
0.071960449218750 3800000
0.073120117187500 3800000
0.072021484375000 3800000
0.073669433593750 3800036
0.000000000000000 3799927
0.073974609375000 3800036
0.073364257812500 3800000
0.073913574218750 3800000
0.072509765625000 3800000
0.073913574218750 3800000
0.071960449218750 3800000
0.074707031250000 3800000
0.072631835937500 3800000
0.072204589843750 3799963
0.075195312500000 3800036
0.071960449218750 3800000
0.000000000000000 3800000
0.073852539062500 3800000
0.073120117187500 3799963
0.072326660156250 3800036
0.074707031250000 3800000
0.072021484375000 3800000
0.073364257812500 3799963
0.071899414062500 3799963
0.073486328125000 3800072
0.072814941406250 3800000
0.075012207031250 3799927
0.071899414062500 3800072
0.073608398437500 3799963
0.000000000000000 3800036
0.074768066406250 3800000
0.072448730468750 3799963
0.072448730468750 3800000
0.072998046875000 3800036
0.074707031250000 3800000
0.072692871093750 3800000
0.070800781250000 3800000
0.072875976562500 3800000
0.071594238281250 3800000
0.075378417968750 3800000
0.072326660156250 3799963
0.073608398437500 3800036
0.000000000000000 3800000
0.073364257812500 3800000
0.074462890625000 3799963
0.072692871093750 3800036
0.071105957031250 3799963
0.071716308593750 3800036
0.070922851562500 3800000
0.064636230468750 3800000
0.071044921875000 3799927
0.073669433593750 3800072
0.073425292968750 3799891
0.072875976562500 3800072
0.074890136718750 3800036
0.071411132812500 3800036
0.073486328125000 3799963
0.071838378906250 3800000
0.064453125000000 3800000
0.000000000000000 3800000
0.293762207031250 3800000
0.073181152343750 3746872
0.073974609375000 3800072
0.064636230468750 3800036
0.073181152343750 3800000
0.064819335937500 3799927
0.071472167968750 3800072
0.073608398437500 3800000
0.074523925781250 3800036
0.000000000000000 3799927
0.073059082031250 3800036
0.075195312500000 3800000
0.072326660156250 3800000
