0.071655273437500 3685587
0.071838378906250 3697074
0.070251464843750 3683625
0.069091796875000 3684803
0.070556640625000 3683493
0.069458007812500 3686559
0.000000000000000 3684555
0.069274902343750 3696109
0.070373535156250 3689458
0.070495605468750 3700070
0.072387695312500 3685855
0.069335937500000 3697017
0.071166992187500 3687034
0.072082519531250 3683301
0.068176269531250 3693965
0.070739746093750 3694015
0.071716308593750 3700000
0.062072753906250 3699964
0.069946289062500 3696157
0.070434570312500 3690333
0.000000000000000 3685839
0.070556640625000 3684379
0.069213867187500 3690882
0.071350097656250 3693710
0.069152832031250 3691099
0.069824218750000 3691243
0.068420410156250 3700000
0.072082519531250 3693937
0.069091796875000 3697481
0.070129394531250 3685397
0.070068359375000 3689293
0.069396972656250 3688541
0.071228027343750 3696744
0.000000000000000 3688476
0.069580078125000 3693819
0.069641113281250 3696799
0.062194824218750 3699964
0.062255859375000 3691725
0.070007324218750 3683333
0.063476562500000 3683332
0.070312500000000 3699647
0.071166992187500 3684467
0.063720703125000 3690761
0.071533203125000 3683334
0.064697265625000 3696520
0.063903808593750 3700000
0.067687988281250 3699964
0.071594238281250 3697376
0.070312500000000 3692805
0.073364257812500 3699929
0.070068359375000 3699237
0.061889648437500 3683333
0.067382812500000 3683369
0.070495605468750 3694148
0.069213867187500 3688286
0.069152832031250 3694105
0.000000000000000 3685925
0.070678710937500 3687727
0.070556640625000 3698333
0.070678710937500 3700035
0.070861816406250 3697259
0.070922851562500 3696457
0.068969726562500 3700035
0.071716308593750 3692347
0.069885253906250 3700000
0.070617675781250 3697093
0.074035644531250 3688129
0.067810058593750 3689198
0.000000000000000 3683331
0.070068359375000 3685330
0.068420410156250 3687581
0.071838378906250 3691878
0.068542480468750 3689351
0.072326660156250 3692824
0.070495605468750 3694208
0.069702148437500 3692479
0.071472167968750 3689130
0.068969726562500 3698667
0.068969726562500 3687113
0.068908691406250 3699929
0.073425292968750 3697905
0.000000000000000 3690676
0.070983886718750 3684000
0.069091796875000 3698629
0.070373535156250 3687277
0.071777343750000 3683368
0.073059082031250 3687459
0.068786621093750 3696913
0.070495605468750 3689239
0.069458007812500 3689810
0.070434570312500 3694643
0.070861816406250 3693090
0.068786621093750 3694005
0.000000000000000 3693834
0.070190429687500 3683371
0.069519042968750 3683295
0.070983886718750 3696400
0.069824218750000 3700000
0.069580078125000 3700000
0.069274902343750 3699964
0.070739746093750 3700000
0.070983886718750 3700035
0.070495605468750 3699964
0.071594238281250 3700000
0.070129394531250 3700035
0.069580078125000 3700000
0.000000000000000 3700000
0.070434570312500 3699964
0.069824218750000 3699964
0.070617675781250 3700070
0.071533203125000 3699964
0.071838378906250 3700035
0.070678710937500 3700000
0.069030761718750 3700000
0.069030761718750 3699929
0.069396972656250 3699394
0.071472167968750 3699964
0.069946289062500 3700035
0.070800781250000 3691479
0.062438964843750 3686856
0.069152832031250 3691693
0.000000000000000 3690626
0.071228027343750 3685132
0.067199707031250 3683332
0.069946289062500 3697159
0.071594238281250 3694513
0.062072753906250 3691802
0.068542480468750 3697477
0.071166992187500 3697407
0.070434570312500 3699175
0.069946289062500 3696348
0.071350097656250 3693974
0.070983886718750 3686677
0.071411132812500 3698967
0.000000000000000 3700000
0.072937011718750 3696586
0.071716308593750 3693012
0.069763183593750 3700000
0.067687988281250 3693119
0.070800781250000 3685516
0.068725585937500 3683438
0.070068359375000 3699205
0.070129394531250 3699964
0.074035644531250 3693797
0.062377929687500 3683331
0.071044921875000 3691377
0.070190429687500 3700000
0.069274902343750 3697206
0.000000000000000 3688947
0.071533203125000 3699964
0.070495605468750 3700035
0.070495605468750 3700000
0.072326660156250 3696423
0.069824218750000 3699350
0.063171386718750 3683333
0.070739746093750 3689248
0.070983886718750 3691315
0.069091796875000 3689164
0.073181152343750 3683404
0.069274902343750 3696613
0.069213867187500 3695404
0.062194824218750 3686814
0.070190429687500 3687141
0.069152832031250 3697210
0.000000000000000 3692432
0.068969726562500 3700000
0.068603515625000 3700000
0.069824218750000 3697528
0.071472167968750 3688368
0.072692871093750 3688977
0.070434570312500 3690114
0.069335937500000 3683570
0.069946289062500 3687021
0.071044921875000 3683369
0.067687988281250 3686811
0.069946289062500 3696205
0.072387695312500 3696512
0.000000000000000 3692331
0.070373535156250 3696918
0.072448730468750 3700000
0.068969726562500 3699964
0.069335937500000 3699638
0.069396972656250 3697005
0.062255859375000 3693544
0.070373535156250 3686933
0.071716308593750 3693875
0.069885253906250 3700035
0.073181152343750 3692961
0.069335937500000 3699964
0.069702148437500 3699929
0.071655273437500 3686262
0.000000000000000 3692099
0.070068359375000 3687116
0.070861816406250 3699964
0.069641113281250 3700035
0.071044921875000 3684696
0.071289062500000 3690681
0.062561035156250 3700000
0.069641113281250 3699964
0.070434570312500 3700035
0.072814941406250 3700000
0.070007324218750 3699964
0.070434570312500 3700000
0.071838378906250 3700035
0.000000000000000 3700000
0.068969726562500 3700000
0.073364257812500 3700000
0.069335937500000 3699964
0.070373535156250 3700000
0.070373535156250 3700035
0.067382812500000 3699964
0.070739746093750 3687852
0.070495605468750 3694278
0.070190429687500 3700035
0.069091796875000 3700000
0.070800781250000 3699181
0.070861816406250 3686668
0.000000000000000 3700000
0.070678710937500 3700000
0.069152832031250 3695690
0.068298339843750 3697404
0.071716308593750 3700035
0.071044921875000 3692011
0.071716308593750 3696312
0.069519042968750 3696711
0.069885253906250 3687940
0.071166992187500 3687629
0.068054199218750 3698023
0.070739746093750 3700000
0.069519042968750 3684468
0.000000000000000 3683334
0.134216308593750 3683368
0.000000000000000 3683228
0.070251464843750 3691150
0.070190429687500 3685982
0.069274902343750 3689166
0.070861816406250 3684618
0.068847656250000 3697967
0.070007324218750 3700000
0.069213867187500 3700000
0.071655273437500 3700000
0.070373535156250 3700000
0.068908691406250 3685893
0.070373535156250 3686177
0.068420410156250 3697972
0.000000000000000 3684369
0.072143554687500 3689596
0.068664550781250 3686502
0.072937011718750 3699686
0.062622070312500 3690157
0.070556640625000 3700000
0.063171386718750 3700035
0.069702148437500 3699964
0.068847656250000 3700035
0.069946289062500 3700000
0.062133789062500 3696192
0.070861816406250 3697752
0.070373535156250 3683298
0.072082519531250 3691061
0.068603515625000 3690351
0.063171386718750 3694133
0.070739746093750 3694786
0.069519042968750 3697064
0.069152832031250 3694196
0.000000000000000 3688461
0.071105957031250 3685853
0.072631835937500 3697030
0.070190429687500 3693827
0.071350097656250 3691433
0.068542480468750 3691615
0.071716308593750 3694407
0.070007324218750 3684709
0.071166992187500 3700035
0.072448730468750 3692472
0.068359375000000 3694581
0.071594238281250 3686899
0.000000000000000 3695056
0.068542480468750 3685303
0.069396972656250 3699406
0.068786621093750 3700035
0.072509765625000 3689204
0.071777343750000 3686951
0.069885253906250 3696446
0.071777343750000 3697561
0.070373535156250 3686123
0.071411132812500 3687710
0.069946289062500 3687607
0.070556640625000 3683335
0.000000000000000 3689635
0.071105957031250 3696550
0.069213867187500 3688732
0.070068359375000 3683386
0.069824218750000 3700070
0.070678710937500 3698327
0.068847656250000 3688089
0.071472167968750 3697488
0.070068359375000 3690162
0.070373535156250 3683329
0.071166992187500 3691346
0.071472167968750 3700035
0.000000000000000 3697864
0.071411132812500 3700000
0.067871093750000 3699964
0.070129394531250 3700070
0.069702148437500 3699964
0.062561035156250 3700000
0.071533203125000 3700000
0.071044921875000 3700000
0.070068359375000 3700035
0.062011718750000 3700000
0.071289062500000 3700000
0.069091796875000 3699964
0.070739746093750 3700000
0.070617675781250 3700035
0.070617675781250 3700000
0.071228027343750 3700000
0.000000000000000 3699964
0.071777343750000 3700035
0.071533203125000 3700000
0.070617675781250 3700000
0.071533203125000 3700000
0.070007324218750 3699929
0.068603515625000 3700070
0.069091796875000 3700000
0.069763183593750 3700000
0.062500000000000 3700000
0.067932128906250 3699964
0.073608398437500 3700000
0.072265625000000 3700000
0.068359375000000 3699964
0.000000000000000 3700035
0.070556640625000 3700000
0.069946289062500 3700000
0.070861816406250 3700000
0.071105957031250 3699964
0.070373535156250 3700070
0.070678710937500 3700000
0.068481445312500 3699964
0.063354492187500 3700035
0.069580078125000 3699964
0.070739746093750 3700035
0.068054199218750 3699964
0.070007324218750 3700035
0.068481445312500 3699964
0.071166992187500 3700000
0.000000000000000 3700035
0.070739746093750 3699964
0.067810058593750 3700035
0.072021484375000 3700000
0.068664550781250 3699964
0.069274902343750 3700035
0.069396972656250 3699964
0.070251464843750 3700000
0.073303222656250 3699964
0.068908691406250 3700035
0.069824218750000 3700035
0.069213867187500 3700000
0.071655273437500 3700000
0.000000000000000 3699964
0.069702148437500 3700000
0.070129394531250 3700000
0.070068359375000 3700000
0.069946289062500 3700035
0.072509765625000 3699964
0.068603515625000 3700000
0.070068359375000 3700000
0.070495605468750 3683809
0.061828613281250 3686873
0.069519042968750 3687176
0.072753906250000 3683196
0.071472167968750 3687662
0.068054199218750 3684472
0.062561035156250 3693772
0.068969726562500 3683330
0.000000000000000 3690353
0.070007324218750 3692758
0.068420410156250 3689819
0.070068359375000 3699562
0.068420410156250 3686375
0.071594238281250 3694169
0.068542480468750 3688124
0.070739746093750 3698043
0.070434570312500 3696601
0.071350097656250 3692871
0.069946289062500 3690285
0.069091796875000 3683297
0.071716308593750 3690239
0.068054199218750 3695039
0.000000000000000 3697142
0.070068359375000 3693333
0.070495605468750 3693954
0.069702148437500 3683298
0.070983886718750 3697820
0.069274902343750 3695911
0.070861816406250 3689268
0.069641113281250 3698276
0.071411132812500 3698319
0.071289062500000 3696579
0.069030761718750 3683334
0.070556640625000 3697322
0.069824218750000 3684348
0.000000000000000 3688150
0.072814941406250 3683369
0.069152832031250 3699215
0.068603515625000 3696568
0.070312500000000 3696265
0.071044921875000 3683405
0.069396972656250 3683332
0.068786621093750 3695038
0.071350097656250 3700000
0.070251464843750 3700000
0.069641113281250 3699964
0.071716308593750 3688052
0.069519042968750 3683298
0.000000000000000 3683263
0.071044921875000 3696338
0.072082519531250 3700035
0.071594238281250 3700035
0.071105957031250 3696563
0.068542480468750 3700000
0.069946289062500 3695029
0.070861816406250 3686819
0.071960449218750 3683369
0.066650390625000 3695305
0.069763183593750 3691201
0.073303222656250 3694072
0.068420410156250 3690349
0.000000000000000 3693091
0.070312500000000 3700000
0.069213867187500 3692502
0.071960449218750 3692097
0.070678710937500 3699646
0.070312500000000 3700035
0.071228027343750 3700000
0.068542480468750 3699929
0.062011718750000 3700070
0.067871093750000 3699964
0.070678710937500 3685717
0.069763183593750 3689742
0.069824218750000 3700000
0.070373535156250 3688038
0.000000000000000 3685624
0.070434570312500 3694892
0.069641113281250 3684394
0.067993164062500 3700000
0.073059082031250 3696865
0.068542480468750 3683333
0.070983886718750 3685651
0.069030761718750 3685656
0.070861816406250 3696952
0.071838378906250 3700000
0.069641113281250 3700000
0.068847656250000 3696123
0.069946289062500 3683295
0.063293457031250 3683367
0.068847656250000 3626962
0.000000000000000 3597092
0.065979003906250 3597276
0.067749023437500 3589807
0.066650390625000 3592472
0.058105468750000 3590559
0.065429687500000 3592807
0.066101074218750 3591244
0.064331054687500 3595000
0.066467285156250 3600000
0.066040039062500 3592586
0.065429687500000 3592228
0.068420410156250 3600034
0.065185546875000 3600000
0.000000000000000 3594273
0.067016601562500 3588376
0.064208984375000 3600000
0.065185546875000 3592772
0.067687988281250 3592604
0.058410644531250 3600000
0.067199707031250 3600000
0.065063476562500 3600034
0.065002441406250 3596579
0.063842773437500 3600000
0.067871093750000 3599965
0.063964843750000 3600000
0.065734863281250 3595086
0.066345214843750 3597878
0.000000000000000 3600000
0.066589355468750 3593979
0.065551757812500 3592411
0.066467285156250 3599965
0.066162109375000 3592900
0.065795898437500 3599965
0.067260742187500 3586069
0.064636230468750 3599121
0.067138671875000 3583329
0.067565917968750 3597711
0.065124511718750 3599965
0.067138671875000 3600000
0.063293457031250 3600034
0.000000000000000 3599965
0.066650390625000 3600034
0.066467285156250 3586056
0.066955566406250 3599834
0.067749023437500 3600034
0.064392089843750 3600000
0.065185546875000 3600000
0.067993164062500 3597862
0.066040039062500 3598685
0.066833496093750 3600000
0.065124511718750 3590175
0.000000000000000 3599423
0.065490722656250 3600000
0.067138671875000 3596446
0.065734863281250 3593803
0.067321777343750 3599931
0.064025878906250 3600034
0.066650390625000 3600034
0.064208984375000 3600000
0.058166503906250 3600000
0.066223144531250 3593090
0.065185546875000 3596542
0.065795898437500 3583331
0.065795898437500 3591184
0.065246582031250 3600000
0.065063476562500 3600000
0.058288574218750 3600000
0.000000000000000 3600000
0.064331054687500 3600000
0.066467285156250 3600000
0.065185546875000 3596601
0.067382812500000 3600000
0.066650390625000 3598424
0.064575195312500 3600000
0.066528320312500 3600000
0.063232421875000 3600000
0.057861328125000 3593045
0.065551757812500 3600034
0.064697265625000 3596436
0.065795898437500 3598118
0.064819335937500 3592882
0.067138671875000 3600102
0.000000000000000 3600000
0.064331054687500 3600034
0.064575195312500 3599965
0.065551757812500 3600000
0.067565917968750 3600034
0.065734863281250 3599965
0.066101074218750 3599965
0.067565917968750 3600034
0.063659667968750 3600000
0.065612792968750 3600000
0.065490722656250 3600000
0.067993164062500 3600000
0.064941406250000 3600000
0.058044433593750 3600000
0.000000000000000 3600000
0.069458007812500 3600000
0.064453125000000 3600000
0.064331054687500 3600000
0.064270019531250 3600000
0.068054199218750 3600000
0.064270019531250 3600000
0.065063476562500 3599931
0.064147949218750 3600102
0.067626953125000 3599965
0.058654785156250 3600000
0.064575195312500 3600034
0.066711425781250 3599965
0.064575195312500 3600000
0.066284179687500 3600034
0.000000000000000 3599965
0.065185546875000 3600000
0.065612792968750 3600000
0.066223144531250 3600000
0.064270019531250 3600034
0.065856933593750 3599965
0.063720703125000 3599931
0.064880371093750 3600068
0.065917968750000 3600000
0.057983398437500 3600000
0.063354492187500 3600000
0.065979003906250 3600000
0.066284179687500 3600000
0.064758300781250 3600000
0.066833496093750 3600000
0.000000000000000 3600000
0.065612792968750 3600000
0.065429687500000 3600000
0.066284179687500 3600000
0.058776855468750 3599965
0.067871093750000 3599965
0.064758300781250 3600068
0.065002441406250 3600000
0.064941406250000 3600000
0.058471679687500 3600000
0.065002441406250 3600000
0.065429687500000 3599931
0.064270019531250 3600068
0.067504882812500 3600000
0.065063476562500 3600000
0.000000000000000 3600000
0.124084472656250 3600000
0.000000000000000 3600034
0.066223144531250 3599965
0.067443847656250 3600000
0.064392089843750 3600000
0.066345214843750 3600034
0.068237304687500 3599931
0.065551757812500 3600034
0.066589355468750 3600000
0.065246582031250 3600000
0.067321777343750 3599965
0.064880371093750 3600034
0.057678222656250 3600000
0.063293457031250 3600000
0.000000000000000 3600034
0.066406250000000 3599965
0.066772460937500 3600000
0.066162109375000 3600000
0.067382812500000 3600000
0.063537597656250 3600000
0.066101074218750 3600034
0.066528320312500 3599965
0.065612792968750 3599965
0.066223144531250 3600034
0.064636230468750 3600000
0.065368652343750 3600000
0.067199707031250 3600000
0.000000000000000 3600000
0.065368652343750 3600000
0.064514160156250 3600034
0.065673828125000 3600000
0.065856933593750 3600000
0.066894531250000 3599965
0.066345214843750 3599965
0.064147949218750 3600034
0.067016601562500 3600000
0.067321777343750 3600000
0.063842773437500 3600000
0.066650390625000 3600034
0.000000000000000 3599965
0.063659667968750 3600000
0.065246582031250 3600000
0.067382812500000 3600000
0.067443847656250 3600034
0.068054199218750 3599931
0.064086914062500 3600000
0.066040039062500 3503607
0.064392089843750 3600000
0.066589355468750 3599897
0.066345214843750 3600102
0.067077636718750 3600034
0.000000000000000 3599965
0.067565917968750 3600000
0.066223144531250 3600034
0.066101074218750 3599965
0.063842773437500 3600000
0.067871093750000 3600000
0.065185546875000 3599965
0.058044433593750 3600034
0.066589355468750 3600000
0.063720703125000 3600000
0.066589355468750 3600000
0.064880371093750 3600000
0.057922363281250 3600000
0.062988281250000 3599931
0.066345214843750 3600068
0.063903808593750 3599931
0.000000000000000 3600102
0.065429687500000 3599965
0.066772460937500 3599965
0.063171386718750 3600034
0.068420410156250 3600000
0.063415527343750 3600000
0.067138671875000 3600034
0.064331054687500 3600000
0.066162109375000 3599965
0.066467285156250 3599965
0.065673828125000 3600034
0.058044433593750 3600000
0.065795898437500 3600000
0.067321777343750 3600000
0.000000000000000 3600000
0.064697265625000 3600000
0.066040039062500 3600000
0.064453125000000 3600000
0.067199707031250 3599931
0.066894531250000 3600102
0.065124511718750 3599965
0.065673828125000 3600000
0.062866210937500 3600000
0.058227539062500 3600000
0.063293457031250 3600000
0.067321777343750 3600034
0.064697265625000 3600000
0.064697265625000 3599965
0.067260742187500 3599965
0.000000000000000 3600068
0.066528320312500 3599965
0.066223144531250 3600000
0.064636230468750 3600000
0.066040039062500 3600034
0.066528320312500 3599965
0.065185546875000 3600000
0.065856933593750 3600000
0.065490722656250 3600034
0.066284179687500 3599965
0.064331054687500 3600000
0.064392089843750 3600000
0.066833496093750 3600000
0.000000000000000 3600000
0.065124511718750 3600034
0.067077636718750 3599965
0.064025878906250 3600000
0.058166503906250 3600000
0.065124511718750 3600000
0.059875488281250 3600000
0.065795898437500 3600000
0.064880371093750 3599965
0.068603515625000 3600034
0.066040039062500 3600000
0.066833496093750 3600034
0.065368652343750 3599965
0.065612792968750 3600034
0.065856933593750 3599965
0.000000000000000 3600000
0.067626953125000 3600000
0.067016601562500 3600034
0.065246582031250 3599965
0.066589355468750 3599931
0.066528320312500 3600034
0.066711425781250 3600000
0.063354492187500 3600034
0.065368652343750 3600000
0.065917968750000 3600000
0.066650390625000 3600000
0.067138671875000 3600000
0.000000000000000 3599965
0.063659667968750 3600000
0.065246582031250 3600034
0.066650390625000 3600000
0.066833496093750 3600000
0.065856933593750 3600000
0.064697265625000 3600000
0.064636230468750 3600000
0.065551757812500 3600000
0.065368652343750 3600000
0.064086914062500 3600000
0.067016601562500 3600000
0.067138671875000 3600000
0.000000000000000 3600000
0.063598632812500 3600034
0.066223144531250 3599965
0.064514160156250 3600000
0.065795898437500 3600000
0.065734863281250 3600000
0.066467285156250 3600000
0.065917968750000 3599965
0.064819335937500 3600000
0.065734863281250 3600034
0.062500000000000 3600000
0.066711425781250 3600000
0.063049316406250 3600034
0.066650390625000 3600000
0.000000000000000 3599965
0.068725585937500 3599931
0.064941406250000 3600068
0.065490722656250 3600000
0.065002441406250 3600000
0.066650390625000 3600000
0.065185546875000 3600000
0.066101074218750 3599965
0.067321777343750 3600034
0.063049316406250 3600000
0.067504882812500 3600034
0.063537597656250 3600000
0.000000000000000 3599965
0.065795898437500 3600034
0.064941406250000 3599965
0.066711425781250 3600000
0.066772460937500 3600000
0.064270019531250 3599931
0.058044433593750 3600068
0.064880371093750 3600000
0.067443847656250 3600000
0.065429687500000 3600000
0.069641113281250 3768659
0.071838378906250 3800036
0.072082519531250 3719665
0.000000000000000 3700000
0.072326660156250 3700000
0.070251464843750 3699964
0.062011718750000 3700000
0.067626953125000 3700000
0.063598632812500 3700000
0.068847656250000 3700000
0.072998046875000 3700000
0.070251464843750 3700035
0.072265625000000 3700000
0.068908691406250 3699964
0.070495605468750 3700035
0.070129394531250 3699964
0.069030761718750 3700000
0.069763183593750 3700000
0.070007324218750 3700035
0.000000000000000 3699964
0.072387695312500 3700000
0.070800781250000 3700035
0.072753906250000 3700000
0.069885253906250 3699964
0.068542480468750 3700000
0.061950683593750 3700035
0.068786621093750 3700000
0.071105957031250 3700000
0.071044921875000 3699964
0.068786621093750 3700000
0.069946289062500 3700000
0.071960449218750 3700000
0.071716308593750 3700000
0.000000000000000 3700000
0.069641113281250 3700035
0.071166992187500 3700000
0.069824218750000 3699964
0.070617675781250 3699929
0.070373535156250 3700070
0.070007324218750 3700035
0.070678710937500 3699964
0.072082519531250 3700035
0.072204589843750 3699964
0.069946289062500 3697167
0.070312500000000 3695909
0.000000000000000 3699964
0.069274902343750 3689267
0.069458007812500 3697086
0.071594238281250 3688562
0.070556640625000 3688514
0.062255859375000 3699611
0.071533203125000 3700035
0.069335937500000 3700000
0.070739746093750 3699964
0.068481445312500 3697942
0.072143554687500 3688595
0.070190429687500 3684463
0.061889648437500 3700000
0.068481445312500 3699964
0.071594238281250 3700035
0.070495605468750 3699964
0.000000000000000 3700035
0.070251464843750 3700000
0.069763183593750 3699964
0.069946289062500 3700000
0.070800781250000 3700000
0.070617675781250 3700000
0.069580078125000 3700000
0.069458007812500 3700035
0.070739746093750 3698064
0.072204589843750 3699568
0.070190429687500 3689415
0.069641113281250 3694319
0.069274902343750 3696397
0.000000000000000 3700000
0.070739746093750 3700000
0.072204589843750 3699929
0.068420410156250 3697348
0.069152832031250 3695848
0.068847656250000 3699964
0.071044921875000 3700000
0.068847656250000 3700035
0.071289062500000 3699964
0.071716308593750 3700035
0.067932128906250 3699964
0.073669433593750 3700000
0.068420410156250 3700000
0.000000000000000 3700000
0.072814941406250 3700035
0.068786621093750 3581357
0.071655273437500 3700035
0.072021484375000 3700000
0.068908691406250 3699964
0.070922851562500 3700035
0.070190429687500 3699964
0.069946289062500 3700035
0.069030761718750 3700000
0.070861816406250 3699964
0.070373535156250 3700000
0.000000000000000 3700000
0.073425292968750 3700035
0.072631835937500 3700000
0.068420410156250 3700000
0.070800781250000 3699964
0.069274902343750 3700000
0.063110351562500 3700000
0.071105957031250 3700000
0.070312500000000 3700035
0.072082519531250 3699964
0.070251464843750 3700000
0.070983886718750 3700000
0.069152832031250 3700035
0.070129394531250 3700000
0.000000000000000 3700000
0.070861816406250 3699964
0.068298339843750 3700000
0.071838378906250 3700000
0.070312500000000 3700035
0.069458007812500 3699964
0.071411132812500 3700035
0.070556640625000 3699964
0.070373535156250 3700035
0.069396972656250 3700000
0.072021484375000 3699964
0.073059082031250 3700035
0.061767578125000 3700000
0.064392089843750 3700000
0.070434570312500 3699964
0.000000000000000 3700035
0.071411132812500 3700000
0.071777343750000 3699964
0.070922851562500 3699964
0.070068359375000 3700035
0.073059082031250 3700000
0.069885253906250 3700035
0.068298339843750 3699964
0.066833496093750 3700035
0.071716308593750 3700000
0.071777343750000 3700000
0.068054199218750 3700000
0.000000000000000 3699964
0.132507324218750 3700035
0.000000000000000 3699964
0.066894531250000 3700035
0.075256347656250 3699964
0.065856933593750 3700035
0.064819335937500 3699964
0.073974609375000 3700000
0.073425292968750 3700000
0.070312500000000 3700035
0.065612792968750 3700000
0.069885253906250 3699964
0.072998046875000 3700035
0.074401855468750 3699964
0.062622070312500 3700035
0.072265625000000 3700000
0.000000000000000 3700000
0.069030761718750 3696250
0.062011718750000 3686315
0.069274902343750 3700035
0.069885253906250 3688291
0.068908691406250 3697001
0.070495605468750 3699964
0.072570800781250 3698821
0.068908691406250 3697638
0.070434570312500 3683331
0.069213867187500 3683299
0.072692871093750 3695173
0.068298339843750 3700000
0.071044921875000 3699929
0.000000000000000 3700105
0.071960449218750 3698720
0.067443847656250 3683586
0.071594238281250 3700035
0.068603515625000 3694074
0.070556640625000 3694492
0.067749023437500 3700035
0.073242187500000 3698426
0.072204589843750 3700070
0.071228027343750 3700035
0.071533203125000 3700000
0.068847656250000 3692497
0.072143554687500 3695862
0.000000000000000 3693600
0.068420410156250 3700000
0.072448730468750 3700000
0.071533203125000 3700035
0.069274902343750 3699964
0.072448730468750 3700035
0.067993164062500 3699964
0.069213867187500 3700000
0.069824218750000 3700000
0.071533203125000 3700000
0.070983886718750 3700035
0.069946289062500 3699964
0.069580078125000 3700035
0.000000000000000 3699964
0.069519042968750 3700000
0.070495605468750 3700000
0.070373535156250 3700035
0.070007324218750 3696498
0.072326660156250 3689106
0.070556640625000 3698714
0.063415527343750 3700000
0.062133789062500 3689066
0.070861816406250 3692072
0.071533203125000 3683299
0.070800781250000 3693080
0.071899414062500 3700000
0.000000000000000 3700035
0.138793945312500 3696527
0.064147949218750 3685922
0.065734863281250 3696323
0.064208984375000 3687733
0.000000000000000 3690848
0.071716308593750 3699964
0.068908691406250 3700000
0.071166992187500 3693156
0.067810058593750 3700000
0.062377929687500 3699964
0.068481445312500 3700000
0.071166992187500 3699964
0.071411132812500 3700070
0.069396972656250 3699479
0.071716308593750 3683295
0.067687988281250 3699740
0.071716308593750 3700000
0.068176269531250 3695773
0.000000000000000 3683298
0.072021484375000 3683366
0.069335937500000 3696068
0.069580078125000 3699189
0.068298339843750 3693842
0.069946289062500 3700000
0.068908691406250 3700035
0.071044921875000 3700000
0.072082519531250 3700000
0.072143554687500 3700000
0.070434570312500 3692793
0.072265625000000 3696621
0.071899414062500 3700035
0.000000000000000 3699373
0.069519042968750 3691271
0.072631835937500 3700000
0.069396972656250 3689565
0.062072753906250 3699964
0.062500000000000 3700000
0.070922851562500 3700000
0.069030761718750 3700035
0.070922851562500 3700000
0.071044921875000 3699964
0.071594238281250 3694256
0.070800781250000 3686866
0.070068359375000 3683367
0.069641113281250 3693241
0.072143554687500 3699964
0.000000000000000 3700000
0.070922851562500 3699888
0.070373535156250 3683300
0.068969726562500 3685550
0.070373535156250 3700000
0.068603515625000 3688889
0.070251464843750 3700000
0.068176269531250 3695059
0.069519042968750 3692088
0.072753906250000 3700000
0.072937011718750 3700035
0.069946289062500 3700000
0.069641113281250 3699964
0.000000000000000 3699964
0.072265625000000 3688127
0.068603515625000 3690008
0.069396972656250 3691005
0.069946289062500 3700000
0.070373535156250 3700000
0.072387695312500 3700000
0.068603515625000 3700000
0.072265625000000 3700035
0.068420410156250 3700000
0.071350097656250 3700000
0.069702148437500 3699964
0.069885253906250 3700035
0.000000000000000 3700000
0.073608398437500 3699964
0.070861816406250 3700035
0.071411132812500 3700000
0.067749023437500 3699964
0.070312500000000 3700000
0.068359375000000 3700035
0.070800781250000 3700000
0.070312500000000 3699964
0.070251464843750 3700000
0.072143554687500 3700000
0.070495605468750 3700000
0.000000000000000 3700000
0.071960449218750 3700000
0.068725585937500 3700035
0.071289062500000 3700000
0.071411132812500 3700000
0.071105957031250 3700000
0.068908691406250 3700000
0.068542480468750 3699964
0.070190429687500 3700000
0.069763183593750 3700000
0.062133789062500 3700035
0.069519042968750 3699964
0.070739746093750 3700035
0.070678710937500 3699964
0.000000000000000 3700000
0.070190429687500 3693537
0.071105957031250 3692526
0.068176269531250 3692985
0.069641113281250 3700000
0.070251464843750 3699964
0.063110351562500 3700035
0.072509765625000 3699929
0.067077636718750 3700035
0.070861816406250 3700000
0.062988281250000 3700035
0.070373535156250 3699964
0.069030761718750 3700035
0.069458007812500 3700000
0.069946289062500 3700000
0.072265625000000 3700000
0.000000000000000 3699964
0.070617675781250 3700000
0.068664550781250 3700000
0.071289062500000 3700000
0.070007324218750 3700000
0.072082519531250 3700000
0.070190429687500 3700000
0.069091796875000 3700000
0.070312500000000 3700035
0.070617675781250 3700000
0.069824218750000 3700000
0.071044921875000 3700000
0.069091796875000 3699929
0.000000000000000 3700000
0.072387695312500 3700035
0.073913574218750 3700035
0.072143554687500 3700000
0.067504882812500 3700000
0.071960449218750 3700000
0.071289062500000 3700000
0.070373535156250 3700000
0.068481445312500 3699929
0.070739746093750 3700070
0.071289062500000 3699964
0.068725585937500 3700035
0.000000000000000 3700000
0.071533203125000 3700000
0.069091796875000 3700000
0.071533203125000 3696189
0.070190429687500 3695059
0.070983886718750 3683299
0.061950683593750 3696692
0.069152832031250 3698489
0.069946289062500 3684061
0.068908691406250 3700000
0.071044921875000 3696564
0.068054199218750 3700035
0.072265625000000 3700000
0.072204589843750 3699964
0.069641113281250 3700035
0.000000000000000 3699964
0.069580078125000 3696632
0.068420410156250 3694147
0.061828613281250 3699943
0.070678710937500 3699964
0.072692871093750 3700000
0.071289062500000 3700000
0.071044921875000 3700035
0.071044921875000 3696552
0.068969726562500 3696548
0.071289062500000 3696686
0.069519042968750 3690383
0.069824218750000 3699145
0.062011718750000 3699220
0.071655273437500 3693816
0.000000000000000 3693732
0.069641113281250 3683297
0.069213867187500 3683336
0.070434570312500 3697780
0.071838378906250 3699964
0.070800781250000 3700035
0.069519042968750 3696551
0.070190429687500 3700000
0.074707031250000 3700000
0.069396972656250 3700000
0.070617675781250 3700000
0.069152832031250 3700035
0.000000000000000 3700000
0.070739746093750 3697432
0.069702148437500 3691859
0.068908691406250 3689722
0.071411132812500 3700000
0.070861816406250 3699964
0.070373535156250 3692120
0.069335937500000 3700000
0.070861816406250 3700000
0.070495605468750 3700035
0.062622070312500 3699964
0.068847656250000 3700000
0.069152832031250 3700000
0.062500000000000 3700000
0.068847656250000 3697757
0.062805175781250 3691621
0.070617675781250 3699964
0.070190429687500 3693377
0.068115234375000 3699780
0.000000000000000 3699964
0.070251464843750 3692783
0.070556640625000 3693104
0.070007324218750 3694317
0.068481445312500 3683366
0.070129394531250 3690315
0.062988281250000 3683334
0.071166992187500 3695828
0.071533203125000 3694793
0.068969726562500 3684906
0.069885253906250 3692363
0.072326660156250 3700000
0.067932128906250 3699964
0.070312500000000 3700035
0.000000000000000 3700000
0.070129394531250 3700000
0.070861816406250 3700000
0.068420410156250 3699964
0.070129394531250 3700035
0.067504882812500 3700000
0.073120117187500 3699964
0.071411132812500 3700000
0.068542480468750 3700000
0.071411132812500 3700000
0.068298339843750 3693120
0.061706542968750 3700000
0.069091796875000 3700000
0.071044921875000 3700000
0.070922851562500 3685919
0.000000000000000 3699929
0.069946289062500 3692814
0.072326660156250 3700000
0.067749023437500 3700000
0.074340820312500 3700035
0.068359375000000 3700000
0.062744140625000 3699964
0.069152832031250 3700035
0.069885253906250 3699964
0.071594238281250 3691964
0.069213867187500 3690080
0.070800781250000 3692451
0.067871093750000 3700000
0.071105957031250 3699742
0.068481445312500 3693108
0.000000000000000 3700035
0.072814941406250 3700000
0.069885253906250 3685863
0.070495605468750 3693853
0.071350097656250 3698542
0.068847656250000 3697006
0.072814941406250 3694129
0.068908691406250 3683333
0.070678710937500 3694406
0.068786621093750 3700000
0.071777343750000 3699964
0.070068359375000 3684610
0.000000000000000 3687927
0.068542480468750 3694444
0.071289062500000 3683563
0.069824218750000 3686972
0.062377929687500 3690397
0.071594238281250 3683330
0.068847656250000 3692605
0.070068359375000 3696556
0.071472167968750 3700035
0.069946289062500 3686808
0.068237304687500 3695913
0.061950683593750 3699964
0.069641113281250 3699631
0.073120117187500 3686267
0.071044921875000 3689644
0.070312500000000 3699964
0.000000000000000 3700035
0.070678710937500 3683512
0.070190429687500 3684748
0.070861816406250 3698406
0.067749023437500 3696976
0.071716308593750 3700035
0.070922851562500 3700000
0.071044921875000 3697483
0.068847656250000 3700000
0.069702148437500 3700000
0.070983886718750 3700000
0.070678710937500 3511777
0.000000000000000 3691611
0.071533203125000 3693882
0.071411132812500 3694811
0.071166992187500 3683333
0.069396972656250 3683332
0.072814941406250 3683369
0.069396972656250 3693829
0.072265625000000 3689803
0.070251464843750 3700000
0.072998046875000 3700000
0.068847656250000 3689500
0.070373535156250 3700035
0.068359375000000 3697915
0.000000000000000 3690326
0.070373535156250 3690722
0.070983886718750 3700105
0.069458007812500 3697592
0.071716308593750 3698706
0.069274902343750 3700000
0.071655273437500 3700000
0.069519042968750 3685634
0.071472167968750 3700000
0.071716308593750 3700000
0.067810058593750 3700000
0.070739746093750 3700035
0.000000000000000 3700000
0.070373535156250 3699964
0.070861816406250 3700000
0.070373535156250 3687058
0.071594238281250 3699136
0.072326660156250 3700000
0.068786621093750 3699964
0.071838378906250 3700000
0.070373535156250 3683903
0.071105957031250 3683369
0.068725585937500 3688937
0.070373535156250 3696433
0.000000000000000 3695345
0.070373535156250 3698172
0.069274902343750 3692935
0.070861816406250 3696976
0.069458007812500 3688718
0.070495605468750 3692661
0.070190429687500 3693230
0.062744140625000 3684091
0.069641113281250 3686916
0.072509765625000 3694130
0.071228027343750 3699964
0.069641113281250 3700000
0.070434570312500 3700000
0.069396972656250 3700000
0.070312500000000 3696294
0.000000000000000 3696364
0.068969726562500 3700000
0.072814941406250 3697034
0.069396972656250 3698858
0.068847656250000 3683369
0.069396972656250 3686374
0.069580078125000 3700035
0.070678710937500 3696568
0.069030761718750 3692650
0.069702148437500 3700035
0.071044921875000 3697807
0.070678710937500 3691883
0.068603515625000 3694497
0.069824218750000 3699707
0.000000000000000 3699964
0.070800781250000 3700000
0.071960449218750 3700035
0.069824218750000 3699964
0.070800781250000 3700000
0.070861816406250 3700035
0.071594238281250 3700000
0.070129394531250 3699964
0.072265625000000 3700000
0.069885253906250 3700035
0.070190429687500 3699964
0.000000000000000 3700000
0.072082519531250 3700035
0.070190429687500 3700000
0.069885253906250 3700000
0.068969726562500 3700000
0.070373535156250 3700000
0.069519042968750 3699964
0.072692871093750 3700000
0.070312500000000 3700000
0.069030761718750 3700035
0.070739746093750 3699964
0.068786621093750 3700000
0.068725585937500 3700000
0.069458007812500 3700035
0.000000000000000 3700000
0.071044921875000 3700000
0.071960449218750 3700000
0.068847656250000 3700000
0.069274902343750 3699964
0.070678710937500 3700000
0.071044921875000 3700035
0.070983886718750 3700000
0.071777343750000 3700000
0.070739746093750 3699964
0.069702148437500 3700035
0.063049316406250 3700000
0.070007324218750 3700000
0.000000000000000 3699964
0.071777343750000 3700000
0.069030761718750 3700000
0.072509765625000 3700000
0.070312500000000 3700000
0.069763183593750 3700000
0.070434570312500 3700035
0.070617675781250 3699964
0.061828613281250 3700000
0.068054199218750 3700000
0.069152832031250 3700035
0.069274902343750 3699964
0.071166992187500 3700000
0.070007324218750 3700000
0.068969726562500 3700035
0.000000000000000 3699964
0.071472167968750 3700000
0.069274902343750 3700000
0.071838378906250 3700000
0.068420410156250 3700000
0.070495605468750 3700035
0.071655273437500 3699964
0.068908691406250 3700000
0.069458007812500 3700000
0.068847656250000 3700035
0.069396972656250 3699964
0.069030761718750 3700035
0.070007324218750 3700000
0.070983886718750 3699964
0.000000000000000 3700035
0.070434570312500 3699964
0.071960449218750 3692769
0.069641113281250 3690566
0.074035644531250 3696446
0.069946289062500 3700000
0.069702148437500 3700000
0.069641113281250 3700000
0.069274902343750 3696543
0.070739746093750 3693118
0.068603515625000 3700035
0.070129394531250 3696587
0.069824218750000 3699964
0.000000000000000 3700035
0.069763183593750 3689600
0.068176269531250 3696391
0.070312500000000 3700000
0.070983886718750 3699964
0.070251464843750 3693017
0.069702148437500 3683335
0.069274902343750 3696073
0.070373535156250 3699051
0.070068359375000 3683335
0.069641113281250 3696819
0.070129394531250 3699964
0.069213867187500 3700000
0.000000000000000 3700035
0.071533203125000 3694218
0.072204589843750 3688505
0.072937011718750 3700035
0.067932128906250 3700000
0.071533203125000 3699964
0.070922851562500 3689682
0.068542480468750 3695665
0.069702148437500 3693882
0.069335937500000 3699964
0.068969726562500 3696525
0.070739746093750 3700000
0.070617675781250 3700035
0.000000000000000 3699964
0.070251464843750 3700035
0.068542480468750 3699894
0.071533203125000 3700070
0.067443847656250 3700035
0.069396972656250 3700000
0.069213867187500 3699964
0.070922851562500 3700000
0.073059082031250 3700000
0.068969726562500 3700000
0.069885253906250 3699929
0.067749023437500 3700070
0.070861816406250 3700000
0.068725585937500 3700035
0.068847656250000 3699964
0.000000000000000 3700035
0.071899414062500 3697514
0.068603515625000 3700000
0.072082519531250 3700000
0.068908691406250 3700035
0.070373535156250 3699964
0.069396972656250 3694110
0.071594238281250 3686606
0.072387695312500 3694133
0.070373535156250 3694729
0.071716308593750 3699964
0.069763183593750 3700000
0.000000000000000 3699929
0.071411132812500 3700105
0.069274902343750 3699964
0.070068359375000 3700000
0.073852539062500 3700000
0.068725585937500 3700035
0.071594238281250 3699929
0.068725585937500 3700070
0.069824218750000 3700000
0.067932128906250 3700000
0.070983886718750 3699964
0.072265625000000 3700000
0.069152832031250 3700035
0.000000000000000 3699964
0.070556640625000 3700035
0.071044921875000 3700000
0.070495605468750 3700000
0.067871093750000 3699964
0.070251464843750 3694357
0.072387695312500 3686856
0.071655273437500 3686565
0.070312500000000 3700000
0.070312500000000 3699964
0.069030761718750 3700035
0.070495605468750 3700000
0.000000000000000 3699964
0.069763183593750 3700035
0.070373535156250 3700000
0.068847656250000 3700000
0.069213867187500 3699964
0.070373535156250 3700035
0.070068359375000 3699964
0.068481445312500 3700035
0.070251464843750 3699964
0.069641113281250 3700000
0.070922851562500 3700035
0.071228027343750 3700000
0.069580078125000 3699964
0.070251464843750 3700000
0.000000000000000 3700035
0.070800781250000 3700000
0.068542480468750 3700000
0.070251464843750 3700000
0.072082519531250 3700000
0.070495605468750 3699964
0.068603515625000 3700000
0.071533203125000 3700000
0.069519042968750 3700000
0.069824218750000 3700000
0.069519042968750 3700035
0.070373535156250 3699964
0.071044921875000 3700000
0.000000000000000 3700035
0.130737304687500 3699964
0.000000000000000 3697835
0.069396972656250 3683329
0.073059082031250 3689084
0.068298339843750 3691304
0.072448730468750 3686122
0.072326660156250 3694748
0.069030761718750 3683334
0.071716308593750 3683433
0.068054199218750 3691161
0.070739746093750 3688990
0.069091796875000 3699964
0.069091796875000 3700035
0.000000000000000 3683611
0.070983886718750 3686919
0.069213867187500 3683330
0.061950683593750 3690386
0.066711425781250 3700000
0.071350097656250 3700035
0.067871093750000 3700000
0.071716308593750 3700000
0.070983886718750 3699964
0.208190917968750 3698713
0.062500000000000 3698161
0.069519042968750 3683295
0.071289062500000 3683333
0.067749023437500 3698887
0.072448730468750 3688030
0.070800781250000 3699964
0.071655273437500 3700035
0.000000000000000 3692159
0.072509765625000 3683366
0.068054199218750 3743302
0.075561523437500 3800000
0.075805664062500 3800000
0.077636718750000 3800000
0.075134277343750 3800000
0.078613281250000 3800000
0.076843261718750 3800000
0.075317382812500 3800000
0.075866699218750 3800000
0.074645996093750 3799963
0.077209472656250 3800036
0.000000000000000 3800000
0.074157714843750 3800000
0.078430175781250 3800000
0.076904296875000 3800000
0.075439453125000 3799927
0.077575683593750 3800072
0.075683593750000 3800000
0.076171875000000 3800000
0.077270507812500 3800000
0.078308105468750 3800000
0.076782226562500 3800000
0.074829101562500 3800000
0.000000000000000 3799963
0.077331542968750 3800036
0.076416015625000 3799927
0.074768066406250 3800072
0.077819824218750 3800000
0.074890136718750 3800000
0.076721191406250 3800000
0.075744628906250 3800000
0.077453613281250 3800000
0.076782226562500 3800000
0.068603515625000 3800000
0.075561523437500 3800000
0.076965332031250 3800000
0.075561523437500 3800000
0.000000000000000 3800000
0.074829101562500 3800000
0.076416015625000 3800000
0.077697753906250 3800000
0.077880859375000 3800000
0.074829101562500 3800000
0.076171875000000 3800000
0.077392578125000 3800000
0.077392578125000 3800000
0.075500488281250 3800000
0.075195312500000 3800000
0.076416015625000 3800000
0.076538085937500 3800000
0.000000000000000 3800000
0.077392578125000 3800000
0.075256347656250 3800000
0.074890136718750 3800000
0.069152832031250 3800036
0.077270507812500 3799963
0.077026367187500 3799963
0.073547363281250 3800036
0.077209472656250 3800000
0.079833984375000 3800000
0.076965332031250 3800036
0.075561523437500 3800000
0.074707031250000 3799927
0.068237304687500 3800036
0.075683593750000 3800000
0.000000000000000 3800000
0.076293945312500 3799963
0.075317382812500 3800036
0.076416015625000 3799963
0.067016601562500 3800000
0.076416015625000 3800000
0.075866699218750 3800036
0.076477050781250 3800000
0.078979492187500 3800000
0.075561523437500 3800036
0.068176269531250 3799963
0.076538085937500 3800000
0.072753906250000 3800000
0.065002441406250 3800036
0.071472167968750 3799963
0.073608398437500 3800000
0.000000000000000 3800000
0.073059082031250 3800000
0.073852539062500 3800000
0.072326660156250 3800000
0.071472167968750 3800000
0.072082519531250 3800000
0.071166992187500 3800000
0.073486328125000 3800000
0.071228027343750 3800000
0.072204589843750 3800000
0.072204589843750 3799963
0.073486328125000 3800000
0.063598632812500 3800036
0.071960449218750 3800000
0.000000000000000 3800000
0.072265625000000 3800000
0.069824218750000 3800000
0.063720703125000 3800000
0.070068359375000 3800000
0.071960449218750 3800000
0.073120117187500 3800000
0.072204589843750 3800000
0.073608398437500 3800000
0.071044921875000 3800000
0.072692871093750 3800000
0.070678710937500 3799963
0.073364257812500 3800036
0.071594238281250 3800000
0.000000000000000 3800000
0.074768066406250 3800000
0.063903808593750 3799963
0.071044921875000 3800000
0.063354492187500 3800036
0.071350097656250 3800000
0.073059082031250 3800000
0.071472167968750 3800000
0.064208984375000 3800000
0.070434570312500 3800000
0.071594238281250 3800000
0.073120117187500 3800000
0.071838378906250 3799963
0.072753906250000 3800036
0.069213867187500 3800000
0.071350097656250 3800000
0.069824218750000 3800000
0.072814941406250 3800000
0.000000000000000 3800036
0.073608398437500 3799963
0.072692871093750 3800000
0.073852539062500 3800000
0.071960449218750 3800000
0.073486328125000 3800036
0.068847656250000 3799963
0.074340820312500 3800036
0.070678710937500 3799963
0.072814941406250 3800000
0.071533203125000 3800000
0.069824218750000 3800000
0.000000000000000 3800000
0.071716308593750 3800000
0.069580078125000 3800000
0.072998046875000 3800000
0.073059082031250 3799963
0.070434570312500 3800036
0.072570800781250 3800000
0.073547363281250 3800000
0.071472167968750 3800000
0.070983886718750 3800000
0.074096679687500 3800000
0.072570800781250 3800000
0.071472167968750 3800000
0.000000000000000 3800000
0.073547363281250 3800000
0.072143554687500 3800000
0.073486328125000 3800000
0.070739746093750 3800000
0.073364257812500 3800000
0.063781738281250 3800000
0.071289062500000 3800000
0.071044921875000 3800000
0.073791503906250 3800000
0.071533203125000 3800000
0.068542480468750 3800000
0.073059082031250 3800000
0.000000000000000 3799963
0.076599121093750 3800036
0.072326660156250 3799963
0.064392089843750 3800000
0.071105957031250 3800036
0.075134277343750 3800000
0.071350097656250 3799963
0.070983886718750 3800000
0.074462890625000 3800036
0.071655273437500 3800000
0.072509765625000 3651616
0.069946289062500 3800000
0.064697265625000 3800000
0.075134277343750 3800000
0.000000000000000 3620057
0.071411132812500 3799927
0.075073242187500 3800072
0.070983886718750 3800000
0.072387695312500 3800000
0.070190429687500 3800036
0.073608398437500 3799963
0.072326660156250 3800000
0.071899414062500 3800000
0.072937011718750 3800000
0.069335937500000 3799963
0.072753906250000 3800036
0.070495605468750 3800000
0.000000000000000 3800000
0.071838378906250 3800000
0.071899414062500 3800000
0.073059082031250 3800000
0.073608398437500 3800000
0.070373535156250 3800000
0.071166992187500 3800000
0.070434570312500 3799963
0.074157714843750 3800036
0.072082519531250 3800036
0.070861816406250 3799963
0.072204589843750 3800000
0.000000000000000 3800000
0.073608398437500 3800000
0.071960449218750 3800000
0.071105957031250 3800000
0.073242187500000 3800000
0.070068359375000 3800000
0.072875976562500 3800036
0.069763183593750 3799963
0.074218750000000 3800000
0.072143554687500 3800000
0.073242187500000 3800036
0.072082519531250 3799963
0.069213867187500 3800000
0.000000000000000 3800000
0.072204589843750 3799927
0.071350097656250 3800072
0.075500488281250 3800036
0.071899414062500 3799963
0.071289062500000 3800000
0.071716308593750 3800000
0.073364257812500 3800000
0.071044921875000 3800000
0.074645996093750 3800000
0.072082519531250 3800000
0.072143554687500 3800036
0.000000000000000 3800000
0.071960449218750 3799963
0.070556640625000 3800000
0.069702148437500 3800000
0.063537597656250 3800000
0.073608398437500 3800000
0.073059082031250 3799963
0.064514160156250 3800000
0.069091796875000 3800036
0.074035644531250 3800000
0.062866210937500 3800000
0.073303222656250 3799927
0.068969726562500 3800072
0.071594238281250 3800000
0.073608398437500 3800000
0.062988281250000 3800000
0.075256347656250 3800000
0.069335937500000 3800000
0.000000000000000 3800000
0.074584960937500 3800000
0.070861816406250 3800000
0.071594238281250 3799963
0.070190429687500 3800036
0.071594238281250 3799927
0.072998046875000 3800072
0.072265625000000 3800000
0.070678710937500 3800000
0.070861816406250 3800000
0.071289062500000 3800000
0.063232421875000 3800000
0.070861816406250 3800000
0.072143554687500 3800000
0.071716308593750 3800000
0.062866210937500 3800000
0.071166992187500 3800000
0.000000000000000 3800000
0.073547363281250 3799963
0.069702148437500 3800036
0.071289062500000 3799963
0.072387695312500 3800036
0.072937011718750 3800000
0.072082519531250 3800000
0.070312500000000 3800000
0.071838378906250 3800000
0.072021484375000 3800000
0.073242187500000 3800000
0.070312500000000 3800000
0.071716308593750 3800000
0.000000000000000 3800000
0.072509765625000 3800000
0.069702148437500 3800000
0.071716308593750 3800000
0.070068359375000 3800000
0.071228027343750 3800000
0.072082519531250 3800000
0.072509765625000 3800000
0.069702148437500 3799927
0.072143554687500 3800072
0.073425292968750 3800000
0.071533203125000 3800000
0.071044921875000 3800000
0.070495605468750 3800000
0.000000000000000 3800000
0.071960449218750 3800000
0.072875976562500 3800000
0.075988769531250 3800036
0.063293457031250 3799963
0.072326660156250 3799963
0.068969726562500 3800036
0.069885253906250 3800000
0.073486328125000 3800000
0.072082519531250 3800000
0.063903808593750 3800000
0.075805664062500 3800000
0.064147949218750 3800000
0.073669433593750 3800000
0.067504882812500 3800000
0.071044921875000 3799963
0.071350097656250 3800036
0.000000000000000 3800000
0.071594238281250 3800000
0.071228027343750 3800000
0.070739746093750 3800000
0.064697265625000 3800000
0.068054199218750 3799927
0.073669433593750 3800072
0.070861816406250 3800000
0.067993164062500 3800000
0.063415527343750 3800000
0.075195312500000 3800000
0.073120117187500 3800000
0.064025878906250 3799963
0.074096679687500 3800000
0.074645996093750 3800036
0.074829101562500 3800000
0.063842773437500 3800000
0.071105957031250 3800000
0.000000000000000 3800000
0.072509765625000 3800000
0.073791503906250 3799927
0.070983886718750 3800072
0.071838378906250 3800000
0.063293457031250 3800000
0.070556640625000 3800000
0.070922851562500 3799927
0.070983886718750 3800072
0.072082519531250 3800000
0.071350097656250 3799927
0.070495605468750 3800072
0.071655273437500 3800000
0.071960449218750 3800000
0.000000000000000 3800000
0.074645996093750 3800000
0.071838378906250 3800000
0.071899414062500 3800000
0.071228027343750 3800036
0.071899414062500 3800000
0.063598632812500 3799963
0.073974609375000 3800000
0.063354492187500 3800000
0.071411132812500 3800000
0.075317382812500 3800000
0.070129394531250 3800000
0.070312500000000 3800000
0.069091796875000 3800000
0.072204589843750 3800000
0.076477050781250 3799927
0.000000000000000 3800072
0.071350097656250 3800000
0.071838378906250 3800036
0.072753906250000 3799963
0.063964843750000 3800000
0.071289062500000 3800000
0.072875976562500 3800000
0.069641113281250 3800036
0.072998046875000 3799963
0.073730468750000 3800000
0.069702148437500 3799963
0.071716308593750 3800036
0.071350097656250 3800000
0.072998046875000 3799927
0.069580078125000 3800072
0.000000000000000 3800000
0.072875976562500 3800000
0.073608398437500 3800000
0.072509765625000 3799963
0.072753906250000 3800036
0.074035644531250 3799963
0.072082519531250 3800036
0.071228027343750 3800000
0.073974609375000 3800000
0.077087402343750 3800000
0.066955566406250 3799927
0.064697265625000 3800072
0.000000000000000 3799963
0.073974609375000 3800036
0.063781738281250 3800000
0.071838378906250 3799927
0.072143554687500 3800072
0.072204589843750 3800000
0.070861816406250 3799963
0.064819335937500 3800036
0.071350097656250 3800000
0.072998046875000 3800000
0.071777343750000 3800000
0.072875976562500 3800000
0.069458007812500 3800000
0.073730468750000 3800000
0.071228027343750 3799963
0.070800781250000 3800036
0.000000000000000 3799963
0.075500488281250 3800036
0.071716308593750 3800000
0.071472167968750 3800000
0.071716308593750 3800000
0.073730468750000 3800036
0.071472167968750 3799963
0.071105957031250 3800000
0.071899414062500 3800000
0.070129394531250 3799963
0.071472167968750 3800000
0.069458007812500 3800000
0.073730468750000 3800036
0.000000000000000 3800000
0.072265625000000 3800000
0.071716308593750 3800000
0.074157714843750 3800000
0.071228027343750 3800000
0.072326660156250 3800000
0.070068359375000 3800000
0.074645996093750 3800000
0.072204589843750 3800000
0.070617675781250 3800000
0.072509765625000 3800000
0.072998046875000 3800000
0.000000000000000 3799963
0.071044921875000 3800036
0.070678710937500 3799927
0.073059082031250 3800072
0.072265625000000 3800000
0.074523925781250 3800000
0.072265625000000 3800000
0.070190429687500 3800000
0.070800781250000 3800000
0.070922851562500 3800000
0.072998046875000 3800000
0.073303222656250 3800000
0.070617675781250 3800000
0.000000000000000 3800000
0.071533203125000 3800000
0.074035644531250 3799963
0.072937011718750 3800000
0.069824218750000 3800036
0.072387695312500 3800000
0.073608398437500 3800000
0.071838378906250 3800000
0.070983886718750 3800000
0.071166992187500 3800000
0.071594238281250 3800000
0.070556640625000 3800000
0.072204589843750 3800000
0.000000000000000 3800000
0.073120117187500 3799963
0.069091796875000 3800036
0.074279785156250 3800000
0.069946289062500 3800000
0.072631835937500 3800000
0.070617675781250 3800000
0.072204589843750 3800000
0.073974609375000 3800000
0.070251464843750 3799963
0.072937011718750 3800036
0.070495605468750 3799963
0.064880371093750 3800036
0.070190429687500 3800000
0.000000000000000 3800000
0.073486328125000 3800000
0.070251464843750 3800036
0.072753906250000 3799963
0.073852539062500 3799963
0.070251464843750 3800072
0.073364257812500 3799963
0.069702148437500 3800036
0.072753906250000 3799963
0.070312500000000 3800000
0.072021484375000 3800000
0.069824218750000 3800000
0.071594238281250 3800000
0.000000000000000 3800000
0.072814941406250 3800000
0.071472167968750 3799963
0.071838378906250 3800036
0.069030761718750 3800000
0.074890136718750 3800000
0.072814941406250 3800000
0.070739746093750 3800000
0.071716308593750 3800000
0.070861816406250 3800000
0.064880371093750 3799963
0.070617675781250 3800036
0.071838378906250 3800000
0.072326660156250 3800036
0.073181152343750 3799963
0.000000000000000 3800000
0.071777343750000 3800000
0.069946289062500 3800000
0.072448730468750 3800000
0.071105957031250 3800000
0.074645996093750 3800000
0.071960449218750 3800000
0.070861816406250 3800000
0.072509765625000 3799963
0.070678710937500 3800036
0.072082519531250 3800000
0.069824218750000 3799927
0.073181152343750 3800072
0.000000000000000 3800000
0.072875976562500 3799963
0.072448730468750 3800000
0.072875976562500 3800036
0.069335937500000 3800000
0.072998046875000 3800000
0.073730468750000 3800000
0.074096679687500 3800000
0.073120117187500 3800000
0.069458007812500 3800000
0.071472167968750 3800036
0.073852539062500 3799963
0.000000000000000 3800000
0.072875976562500 3800000
0.069702148437500 3799927
0.074096679687500 3800072
0.075622558593750 3800000
0.072875976562500 3800000
0.074096679687500 3800000
0.069458007812500 3800000
0.071594238281250 3800000
0.070373535156250 3800000
0.072265625000000 3800000
0.073486328125000 3800000
0.000000000000000 3800000
0.133300781250000 3799963
0.000000000000000 3800036
0.072143554687500 3800000
0.071777343750000 3800000
0.070617675781250 3800000
0.070983886718750 3800000
0.071289062500000 3799963
0.072937011718750 3800036
0.073059082031250 3800000
0.072326660156250 3799963
0.072875976562500 3800036
0.068847656250000 3800000
0.072631835937500 3800000
0.071655273437500 3800000
0.062927246093750 3799927
0.063171386718750 3800072
0.000000000000000 3800036
0.074584960937500 3800000
0.072143554687500 3799963
0.072937011718750 3800000
0.080810546875000 3800000
0.071166992187500 3800000
0.071716308593750 3800000
0.073913574218750 3800000
0.069091796875000 3800000
0.073730468750000 3800000
0.072448730468750 3800000
0.000000000000000 3800000
0.070983886718750 3800000
0.071166992187500 3800000
0.074462890625000 3799963
0.072753906250000 3800036
0.070800781250000 3799927
0.072448730468750 3800072
0.070373535156250 3800000
0.074890136718750 3800000
0.070495605468750 3800036
0.063110351562500 3703708
0.071105957031250 3700035
0.070556640625000 3700000
0.071960449218750 3699929
0.000000000000000 3693859
0.071166992187500 3685176
0.071289062500000 3700035
0.068298339843750 3700000
0.072326660156250 3693856
0.070373535156250 3689529
0.070922851562500 3687260
0.069519042968750 3697083
0.068176269531250 3688895
0.072265625000000 3695646
0.068176269531250 3683330
0.069946289062500 3686820
0.000000000000000 3690151
0.072204589843750 3686650
0.071838378906250 3689548
0.072387695312500 3683334
0.069824218750000 3689894
0.073730468750000 3694548
0.071472167968750 3700035
0.071838378906250 3700000
0.070129394531250 3699964
0.068115234375000 3697504
0.069458007812500 3690027
0.070434570312500 3686133
0.000000000000000 3697265
0.070556640625000 3696553
0.068725585937500 3693852
0.062316894531250 3684288
0.072509765625000 3690632
0.070251464843750 3698372
0.070617675781250 3697776
0.068786621093750 3696492
0.071655273437500 3700000
0.070434570312500 3696691
0.070129394531250 3696485
0.069824218750000 3700000
0.069885253906250 3684819
0.070373535156250 3684289
0.000000000000000 3693001
0.071105957031250 3689347
0.068908691406250 3684590
0.069763183593750 3684290
0.071594238281250 3699964
0.071350097656250 3700035
0.069152832031250 3700000
0.069824218750000 3699541
0.068725585937500 3692123
0.070068359375000 3693545
0.071044921875000 3696494
0.071105957031250 3687334
0.069335937500000 3689434
0.000000000000000 3700000
0.133972167968750 3689653
0.000000000000000 3700000
0.069519042968750 3700000
0.069580078125000 3699964
0.069274902343750 3700000
0.070190429687500 3700000
0.070495605468750 3700000
0.061767578125000 3700035
0.069274902343750 3700000
0.072753906250000 3699964
0.072814941406250 3700000
0.068786621093750 3700035
0.071655273437500 3699964
0.069030761718750 3700000
0.070983886718750 3699964
0.000000000000000 3700035
0.070739746093750 3700035
0.068969726562500 3700000
0.069458007812500 3699929
0.067626953125000 3700070
0.061950683593750 3696596
0.068420410156250 3700000
0.071289062500000 3699964
0.068420410156250 3699964
0.071411132812500 3700035
0.073059082031250 3700035
0.068542480468750 3700000
0.073364257812500 3699964
0.069946289062500 3700035
0.070739746093750 3700000
0.000000000000000 3700000
0.071411132812500 3700000
0.072631835937500 3699929
0.069641113281250 3700070
0.069274902343750 3700000
0.072937011718750 3699964
0.070190429687500 3700000
0.071044921875000 3700000
0.070373535156250 3700000
0.061828613281250 3695049
0.071289062500000 3684534
0.070434570312500 3685854
0.000000000000000 3683296
0.071716308593750 3695517
0.070861816406250 3700000
0.062011718750000 3700000
0.069396972656250 3700000
0.070129394531250 3699964
0.069458007812500 3700070
0.071166992187500 3696533
0.069824218750000 3692558
0.069213867187500 3700000
0.072753906250000 3696726
0.068603515625000 3689355
0.061828613281250 3700000
0.067382812500000 3699964
0.070861816406250 3699929
0.069213867187500 3700105
0.068725585937500 3699964
0.000000000000000 3696588
0.071533203125000 3700000
0.068481445312500 3700035
0.070251464843750 3693128
0.068725585937500 3689384
0.070495605468750 3683262
0.068847656250000 3694589
0.071533203125000 3691369
0.070129394531250 3700000
0.069519042968750 3693728
0.071655273437500 3695844
0.068603515625000 3685059
0.070861816406250 3683436
0.068725585937500 3696536
0.000000000000000 3698205
0.072875976562500 3687980
0.070617675781250 3700000
0.070007324218750 3699964
0.071899414062500 3699964
0.069824218750000 3700035
0.072448730468750 3696381
0.072509765625000 3683301
0.069030761718750 3688717
0.070983886718750 3700000
0.071044921875000 3700000
0.070068359375000 3690082
0.000000000000000 3683510
0.067810058593750 3683260
0.071044921875000 3683371
0.068969726562500 3686118
0.062255859375000 3700000
0.071289062500000 3700035
0.068481445312500 3700000
0.061706542968750 3699929
0.069519042968750 3695347
0.070678710937500 3694378
0.068847656250000 3700035
0.070800781250000 3699929
0.068359375000000 3700035
0.073120117187500 3696624
0.069946289062500 3699964
0.069641113281250 3696600
0.068664550781250 3687557
0.000000000000000 3688489
0.069519042968750 3696517
0.070678710937500 3700000
0.069946289062500 3700000
0.071838378906250 3696640
0.071105957031250 3693143
0.070922851562500 3699964
0.061767578125000 3699964
0.068908691406250 3688186
0.069885253906250 3691053
0.068481445312500 3689832
0.071533203125000 3686859
0.070617675781250 3699050
0.068420410156250 3691937
0.000000000000000 3700000
0.070068359375000 3686847
0.068542480468750 3683335
0.069824218750000 3690242
0.071044921875000 3697100
0.070617675781250 3692820
0.069152832031250 3700000
0.072753906250000 3700000
0.070678710937500 3696412
0.068176269531250 3698170
0.068725585937500 3693390
0.070861816406250 3697226
0.072631835937500 3699154
0.068664550781250 3698571
0.000000000000000 3687592
0.073608398437500 3700035
0.070434570312500 3700000
0.070556640625000 3699964
0.071716308593750 3685415
0.070495605468750 3689259
0.071411132812500 3692941
0.071655273437500 3688837
0.069213867187500 3684027
0.070922851562500 3689063
0.068176269531250 3695396
0.068786621093750 3690477
0.000000000000000 3694611
0.070861816406250 3692691
0.070922851562500 3688800
0.068359375000000 3686444
0.070373535156250 3692277
0.070617675781250 3692964
0.067626953125000 3699863
0.072998046875000 3694612
0.069702148437500 3693778
0.067504882812500 3698521
0.073303222656250 3689466
0.070495605468750 3683728
0.069396972656250 3698700
0.000000000000000 3700035
0.068664550781250 3696778
0.071105957031250 3692656
0.069274902343750 3700035
0.069641113281250 3699374
0.067810058593750 3693641
0.071411132812500 3700000
0.071472167968750 3700000
0.068786621093750 3699964
0.070983886718750 3697606
0.070007324218750 3691576
0.071960449218750 3692461
0.068237304687500 3693749
0.000000000000000 3700000
0.071655273437500 3699964
0.069763183593750 3700035
0.070190429687500 3700000
0.073120117187500 3691216
0.068359375000000 3691460
0.070312500000000 3700000
0.069213867187500 3693567
0.072448730468750 3683332
0.070922851562500 3685524
0.068969726562500 3691254
0.070190429687500 3683334
0.070373535156250 3695818
0.000000000000000 3699964
0.071105957031250 3699862
0.070373535156250 3693294
0.071289062500000 3699964
0.067993164062500 3697478
0.069702148437500 3690017
0.070678710937500 3683228
0.068115234375000 3695282
0.071594238281250 3700000
0.070068359375000 3693435
0.062438964843750 3699625
0.068603515625000 3698783
0.070068359375000 3697768
0.070861816406250 3693700
0.069396972656250 3684081
0.000000000000000 3684701
0.070556640625000 3693390
0.069702148437500 3696711
0.069885253906250 3696470
0.070556640625000 3699929
0.062805175781250 3700070
0.072204589843750 3700035
0.068603515625000 3694017
0.062255859375000 3692164
0.070434570312500 3696071
0.071533203125000 3686055
0.067749023437500 3696423
0.070556640625000 3685551
0.068847656250000 3696813
0.073242187500000 3700000
0.068969726562500 3698897
0.000000000000000 3684850
0.069702148437500 3683367
0.069824218750000 3688978
0.072204589843750 3700000
0.069824218750000 3700000
0.073669433593750 3690441
0.069824218750000 3683296
0.072387695312500 3683369
0.069702148437500 3690313
0.071166992187500 3699964
0.070068359375000 3700070
0.000000000000000 3700000
0.071105957031250 3690010
0.072143554687500 3691528
0.070129394531250 3687735
0.069519042968750 3697569
0.070251464843750 3686929
0.069274902343750 3683334
0.069824218750000 3683460
0.070983886718750 3700000
0.071350097656250 3700000
0.069396972656250 3700000
0.073425292968750 3700000
0.068481445312500 3700000
0.000000000000000 3700000
0.069702148437500 3688790
0.068542480468750 3683372
0.070251464843750 3686041
0.072265625000000 3692616
0.069519042968750 3697374
0.070861816406250 3699964
0.068481445312500 3691280
0.071472167968750 3691473
0.067749023437500 3699929
0.071228027343750 3700035
0.072448730468750 3687121
0.070190429687500 3689925
0.061950683593750 3696651
0.000000000000000 3690054
0.069091796875000 3691197
0.073181152343750 3699114
0.067932128906250 3683372
0.070495605468750 3685804
0.068298339843750 3700070
0.071960449218750 3700000
0.070312500000000 3691304
0.069885253906250 3686788
0.070983886718750 3683331
0.070068359375000 3694894
0.069458007812500 3699964
0.071838378906250 3699964
0.062988281250000 3700070
0.000000000000000 3700000
0.070800781250000 3700000
0.068298339843750 3700000
0.070556640625000 3700000
0.069030761718750 3700000
0.071289062500000 3700000
0.069824218750000 3700000
0.069580078125000 3695856
0.071716308593750 3686747
0.072143554687500 3692888
0.071655273437500 3698579
0.067993164062500 3694469
0.071472167968750 3700000
0.000000000000000 3696426
0.070922851562500 3700000
0.062377929687500 3686713
0.069274902343750 3562403
0.070190429687500 3699964
0.072875976562500 3700000
0.070800781250000 3690285
0.070739746093750 3692653
0.068786621093750 3691819
0.061889648437500 3683366
0.069274902343750 3693882
0.073547363281250 3690487
0.070678710937500 3684640
0.070251464843750 3700000
0.070129394531250 3700035
0.000000000000000 3700000
0.069030761718750 3698641
0.070251464843750 3694130
0.068969726562500 3700000
0.071289062500000 3690638
0.071044921875000 3690327
0.068847656250000 3690345
0.069702148437500 3686937
0.069946289062500 3689244
0.069396972656250 3686735
0.071289062500000 3684572
0.069885253906250 3686847
0.070495605468750 3699771
0.068298339843750 3685229
0.000000000000000 3691142
0.070861816406250 3697100
0.069396972656250 3691755
0.070861816406250 3700035
0.069274902343750 3700000
0.069152832031250 3700000
0.073730468750000 3691197
0.070739746093750 3683367
0.069946289062500 3683299
0.070068359375000 3692224
0.069641113281250 3698753
0.070617675781250 3696616
0.070190429687500 3699964
0.000000000000000 3700035
0.071594238281250 3700000
0.071105957031250 3700000
0.071594238281250 3700000
0.067932128906250 3700000
0.069030761718750 3700000
0.067871093750000 3697575
0.070373535156250 3699025
0.062255859375000 3700000
0.071960449218750 3699964
0.070617675781250 3700035
0.069396972656250 3699964
0.070617675781250 3699964
0.070739746093750 3700070
0.000000000000000 3699964
0.070678710937500 3700035
0.069396972656250 3699964
0.071960449218750 3700000
0.070068359375000 3700035
0.068237304687500 3700000
0.072204589843750 3700000
0.069335937500000 3700000
0.069458007812500 3700000
0.070312500000000 3687914
0.071594238281250 3690418
0.069335937500000 3686472
0.069213867187500 3700000
0.062438964843750 3688176
0.068847656250000 3683368
0.000000000000000 3683331
0.072387695312500 3690429
0.070678710937500 3683369
0.071838378906250 3697603
0.073730468750000 3698046
0.069152832031250 3691119
0.070800781250000 3700000
0.069396972656250 3700000
0.072448730468750 3696204
0.068603515625000 3686915
0.070922851562500 3683334
0.000000000000000 3697500
0.071838378906250 3699964
0.070617675781250 3700000
0.072387695312500 3700000
0.068847656250000 3700000
0.071289062500000 3700035
0.070007324218750 3700000
0.072753906250000 3700000
0.072448730468750 3700000
0.067932128906250 3700000
0.068969726562500 3700000
0.067871093750000 3700000
0.000000000000000 3700000
0.072998046875000 3700000
0.069091796875000 3699964
0.070800781250000 3700000
0.070373535156250 3700000
0.069213867187500 3700035
0.070190429687500 3700000
0.070129394531250 3700000
0.284423828125000 3699984
0.068054199218750 3700035
0.070739746093750 3700035
0.069641113281250 3700000
0.070068359375000 3699964
0.069030761718750 3700035
0.070373535156250 3700000
0.069641113281250 3689180
0.069824218750000 3699964
0.000000000000000 3700035
0.070251464843750 3700000
0.068481445312500 3700000
0.070251464843750 3699964
0.062011718750000 3696602
0.069946289062500 3700000
0.067199707031250 3700000
0.072692871093750 3700000
0.070312500000000 3700000
0.069519042968750 3700000
0.069091796875000 3700000
0.068237304687500 3700000
0.071411132812500 3700035
0.069580078125000 3699964
0.069946289062500 3700000
0.071716308593750 3700035
0.000000000000000 3699964
0.069152832031250 3700035
0.069763183593750 3700000
0.061706542968750 3700000
0.070617675781250 3686009
0.068054199218750 3699964
0.069519042968750 3700000
0.069641113281250 3698622
0.070556640625000 3700000
0.069519042968750 3696599
0.069335937500000 3689482
0.071472167968750 3700000
0.070617675781250 3693994
0.071533203125000 3683334
0.068542480468750 3683334
0.000000000000000 3683297
0.071044921875000 3683332
0.071166992187500 3684086
0.071228027343750 3689634
0.070861816406250 3697646
0.070495605468750 3690535
0.072082519531250 3686725
0.069946289062500 3696690
0.069946289062500 3694557
0.071350097656250 3689296
0.069396972656250 3694877
0.069824218750000 3687246
0.068054199218750 3694560
0.000000000000000 3690866
0.071716308593750 3696738
0.070678710937500 3686861
0.071716308593750 3690354
0.070373535156250 3683335
0.069519042968750 3688103
0.071411132812500 3689077
0.069152832031250 3695838
0.070190429687500 3694063
0.068725585937500 3690621
0.069885253906250 3685343
0.070068359375000 3694396
0.068420410156250 3690379
0.062072753906250 3683980
0.000000000000000 3693925
0.069335937500000 3693824
0.068664550781250 3698082
0.069641113281250 3698778
0.071228027343750 3693928
0.069885253906250 3693806
0.072326660156250 3700035
0.069580078125000 3693251
0.068237304687500 3690275
0.062927246093750 3683334
0.068542480468750 3690363
0.072265625000000 3692846
0.068542480468750 3699964
0.070739746093750 3699929
0.070861816406250 3700105
0.000000000000000 3700000
0.069641113281250 3699964
0.071166992187500 3700000
0.068420410156250 3700035
0.070983886718750 3699964
0.071166992187500 3700035
0.070556640625000 3699964
0.070129394531250 3700000
0.069946289062500 3700035
0.068908691406250 3699964
0.070068359375000 3700035
0.071289062500000 3695685
0.067871093750000 3686840
0.000000000000000 3695682
0.073364257812500 3698887
0.070983886718750 3687224
0.068664550781250 3689115
0.069885253906250 3695476
0.071655273437500 3690528
0.069519042968750 3683659
0.067932128906250 3699964
0.073059082031250 3692931
0.070983886718750 3698731
0.069030761718750 3700000
0.071594238281250 3696628
0.070983886718750 3699854
0.000000000000000 3696410
0.069274902343750 3698053
0.068786621093750 3696394
0.069702148437500 3688875
0.071411132812500 3700035
0.070068359375000 3686081
0.071228027343750 3688308
0.069519042968750 3693521
0.069091796875000 3689743
0.069091796875000 3700000
0.069274902343750 3695032
0.071716308593750 3696205
0.072753906250000 3683368
0.000000000000000 3692558
0.070800781250000 3700035
0.070434570312500 3699964
0.070800781250000 3700035
0.071411132812500 3700000
0.070617675781250 3700000
0.070556640625000 3700000
0.070251464843750 3700000
0.071350097656250 3700000
0.067382812500000 3700000
0.069946289062500 3700000
0.068176269531250 3699964
0.070129394531250 3700035
0.000000000000000 3699964
0.069641113281250 3700000
0.070922851562500 3700000
0.071960449218750 3700000
0.068603515625000 3700000
0.069824218750000 3700000
0.069152832031250 3700000
0.070556640625000 3700000
0.070190429687500 3700035
0.071594238281250 3699964
0.072753906250000 3700035
0.067993164062500 3699964
0.069946289062500 3700035
0.000000000000000 3700000
0.068481445312500 3700000
0.070922851562500 3699964
0.069824218750000 3700000
0.071533203125000 3700035
0.069885253906250 3700000
0.072143554687500 3699964
0.070861816406250 3700035
0.070373535156250 3700000
0.070922851562500 3699964
0.068725585937500 3700000
0.072021484375000 3696514
0.000000000000000 3697270
0.072265625000000 3695087
0.068298339843750 3700000
0.072814941406250 3699964
0.069885253906250 3700000
0.072326660156250 3700000
0.067504882812500 3700000
0.071411132812500 3700000
0.068847656250000 3700000
0.070922851562500 3700000
0.070190429687500 3700035
0.069274902343750 3700000
0.070556640625000 3700000
0.068664550781250 3699964
0.000000000000000 3700000
0.071716308593750 3700000
0.071105957031250 3700000
0.068725585937500 3700000
0.069885253906250 3700035
0.071716308593750 3699964
0.069274902343750 3700000
0.068908691406250 3691697
0.070434570312500 3683300
0.070800781250000 3683330
0.072021484375000 3690275
0.069946289062500 3699964
0.000000000000000 3700000
0.069519042968750 3700035
0.072265625000000 3700000
0.070495605468750 3699964
0.070678710937500 3700000
0.070190429687500 3700000
0.068237304687500 3700000
0.070678710937500 3700000
0.070739746093750 3696448
0.071533203125000 3700000
0.070373535156250 3700035
0.069946289062500 3699964
0.062622070312500 3700035
0.069213867187500 3699066
0.000000000000000 3691364
0.070617675781250 3686019
0.068725585937500 3700035
0.070739746093750 3693456
0.070068359375000 3693781
0.071044921875000 3692423
0.071289062500000 3691542
0.068176269531250 3693704
0.071228027343750 3685940
0.069458007812500 3693299
0.068725585937500 3693094
0.069885253906250 3698830
0.069824218750000 3683367
0.071350097656250 3691639
0.000000000000000 3697677
0.070434570312500 3699964
0.069030761718750 3700035
0.068176269531250 3700000
0.061828613281250 3699964
0.069641113281250 3700035
0.069763183593750 3700000
0.068664550781250 3699964
0.069702148437500 3700035
0.074645996093750 3700000
0.069580078125000 3699964
0.070495605468750 3700035
0.070922851562500 3700000
0.071777343750000 3700000
0.000000000000000 3700000
0.069641113281250 3700000
0.070312500000000 3700000
0.072387695312500 3700000
0.070068359375000 3699964
0.062622070312500 3700035
0.068786621093750 3699964
0.070617675781250 3700035
0.068908691406250 3700000
0.072387695312500 3700000
0.071777343750000 3695467
0.070983886718750 3700000
0.070373535156250 3700000
0.070190429687500 3700035
0.000000000000000 3700000
0.069641113281250 3700000
0.068908691406250 3699964
0.071044921875000 3700000
0.073303222656250 3700000
0.067626953125000 3700000
0.075561523437500 3700000
0.075073242187500 3700000
0.070068359375000 3700035
0.065856933593750 3700000
0.070922851562500 3691382
0.000000000000000 3695153
0.074584960937500 3695153
0.066955566406250 3683762
0.068786621093750 3683297
0.069519042968750 3687100
0.063476562500000 3685387
0.062683105468750 3688263
0.071472167968750 3699964
0.067504882812500 3688946
0.063964843750000 3696278
0.075073242187500 3697490
0.070129394531250 3686848
0.073486328125000 3694535
0.065673828125000 3690511
0.072570800781250 3690894
0.069152832031250 3690762
0.072448730468750 3692129
0.062011718750000 3683295
0.061828613281250 3687285
0.070190429687500 3698804
0.000000000000000 3700035
0.068847656250000 3700000
0.073364257812500 3699964
0.068359375000000 3700035
0.062072753906250 3699964
0.069274902343750 3700000
0.070617675781250 3700035
0.068847656250000 3699964
0.071228027343750 3700000
0.071960449218750 3700035
0.069763183593750 3700000
0.069702148437500 3700000
0.069152832031250 3700000
0.061706542968750 3700000
0.071166992187500 3697971
0.071044921875000 3686933
0.000000000000000 3697226
0.072265625000000 3694054
0.068603515625000 3700000
0.062194824218750 3700000
0.070251464843750 3700000
0.070922851562500 3699964
0.069702148437500 3700000
0.072509765625000 3700035
0.068786621093750 3700000
0.071594238281250 3700000
0.069885253906250 3699964
0.068420410156250 3700035
0.071777343750000 3700000
0.069274902343750 3693781
0.000000000000000 3683335
0.071105957031250 3683227
0.069396972656250 3684677
0.071228027343750 3698236
0.070556640625000 3698671
0.069580078125000 3683369
0.069702148437500 3695454
0.069641113281250 3691177
0.062133789062500 3683335
0.066589355468750 3692126
0.072753906250000 3697355
0.071228027343750 3699964
0.071472167968750 3694203
0.071777343750000 3694678
0.000000000000000 3690057
0.069396972656250 3685965
0.070556640625000 3693240
0.062194824218750 3699964
0.070312500000000 3700035
0.071899414062500 3697467
0.072814941406250 3683297
0.070556640625000 3691113
0.070922851562500 3700070
0.071777343750000 3699964
0.062377929687500 3687757
0.066650390625000 3683333
0.068725585937500 3683337
0.063842773437500 3683367
0.071166992187500 3698676
0.069458007812500 3700035
0.070373535156250 3697159
0.000000000000000 3685144
0.070373535156250 3689182
0.070068359375000 3693710
0.068847656250000 3697578
0.069580078125000 3696584
0.070007324218750 3700035
0.072265625000000 3697128
0.072387695312500 3700035
0.068420410156250 3700000
0.070495605468750 3699964
0.068603515625000 3700000
0.071472167968750 3700000
0.069702148437500 3700035
0.000000000000000 3699964
0.072448730468750 3700035
0.071594238281250 3700000
0.071289062500000 3695230
0.071838378906250 3688124
0.071411132812500 3694777
0.071838378906250 3697901
0.074462890625000 3685077
0.068359375000000 3699394
0.072143554687500 3687941
0.068725585937500 3683332
0.000000000000000 3691070
0.069885253906250 3697700
0.070129394531250 3683367
0.071594238281250 3683332
0.069641113281250 3695101
0.069763183593750 3687457
0.073486328125000 3694555
0.070739746093750 3686029
0.070617675781250 3699829
0.068298339843750 3691303
0.070068359375000 3695113
0.071044921875000 3700035
0.068664550781250 3699964
0.000000000000000 3700000
0.070190429687500 3700035
0.070617675781250 3699964
0.071594238281250 3700000
0.067810058593750 3700035
0.069824218750000 3699964
0.070251464843750 3700000
0.070068359375000 3700035
0.062011718750000 3699964
0.070007324218750 3700035
0.072082519531250 3700000
0.068054199218750 3699964
0.069458007812500 3700035
0.070434570312500 3699929
0.000000000000000 3700035
0.070373535156250 3700035
0.068725585937500 3699964
0.069274902343750 3700000
0.070983886718750 3700035
0.069580078125000 3699964
0.062194824218750 3700000
0.071777343750000 3700000
0.071289062500000 3700035
0.062194824218750 3700000
0.071105957031250 3700000
0.069152832031250 3700000
0.069396972656250 3699964
0.071655273437500 3700035
0.069091796875000 3693677
0.071166992187500 3692086
0.000000000000000 3685866
0.069274902343750 3683299
0.069824218750000 3686899
0.072387695312500 3688965
0.067993164062500 3699964
0.070373535156250 3700035
0.069458007812500 3699964
0.072387695312500 3700000
0.068481445312500 3700035
0.070617675781250 3696587
0.068847656250000 3700000
0.069458007812500 3700000
0.070312500000000 3692354
0.068054199218750 3686017
0.069274902343750 3684148
0.000000000000000 3687790
0.070495605468750 3694367
0.071594238281250 3692022
0.070190429687500 3700000
0.069091796875000 3694486
0.070190429687500 3696579
0.068847656250000 3696562
0.071411132812500 3700035
0.068298339843750 3692719
0.071166992187500 3686512
0.072448730468750 3696583
0.070861816406250 3700000
0.000000000000000 3685877
0.070129394531250 3697235
0.071472167968750 3695422
0.070251464843750 3696029
0.068786621093750 3699964
0.061767578125000 3700000
0.068969726562500 3700035
0.071472167968750 3699964
0.071166992187500 3700000
0.071350097656250 3700035
0.072143554687500 3700000
0.068298339843750 3700000
0.069702148437500 3700000
0.070312500000000 3699964
0.000000000000000 3700000
0.072265625000000 3700035
0.071411132812500 3699964
0.068237304687500 3700035
0.071289062500000 3700000
0.070251464843750 3700000
0.070922851562500 3699964
0.069274902343750 3698550
0.069824218750000 3686991
0.070678710937500 3690878
0.070312500000000 3683369
0.071533203125000 3698478
0.068542480468750 3699699
0.000000000000000 3683367
0.071655273437500 3686401
0.069335937500000 3688774
0.072326660156250 3683299
0.071655273437500 3683333
0.068847656250000 3693406
0.068359375000000 3686943
0.071350097656250 3692051
0.070861816406250 3683454
0.068420410156250 3693736
0.071105957031250 3692338
0.070617675781250 3693755
0.068237304687500 3694140
0.000000000000000 3685343
0.072814941406250 3692548
0.070251464843750 3683333
0.071044921875000 3683295
0.070922851562500 3696265
0.072204589843750 3691911
0.069519042968750 3684465
0.070190429687500 3683439
0.061950683593750 3687981
0.069641113281250 3686869
0.070617675781250 3697943
0.068725585937500 3697205
0.070495605468750 3694604
0.071533203125000 3683298
0.000000000000000 3694871
0.068542480468750 3700000
0.069885253906250 3699964
0.069091796875000 3699964
0.072631835937500 3700035
0.069152832031250 3700035
0.070678710937500 3700000
0.069946289062500 3700000
0.068420410156250 3696485
0.071166992187500 3700035
0.068054199218750 3697834
0.070373535156250 3683333
0.069702148437500 3683295
0.000000000000000 3685973
0.071166992187500 3694734
0.070312500000000 3696167
0.070434570312500 3696961
0.071594238281250 3683741
0.070068359375000 3683333
0.072570800781250 3697773
0.068908691406250 3699964
0.069824218750000 3700035
0.071533203125000 3699964
0.070739746093750 3700035
0.070129394531250 3699964
0.069702148437500 3700000
0.000000000000000 3700035
0.069458007812500 3700000
0.069641113281250 3699964
0.071960449218750 3700000
0.069763183593750 3700000
0.069152832031250 3700000
0.070373535156250 3700035
0.070068359375000 3700000
0.069763183593750 3699964
0.068054199218750 3700000
0.072204589843750 3700000
0.069641113281250 3698550
0.071166992187500 3698028
0.000000000000000 3699964
0.069641113281250 3698222
0.069458007812500 3694762
0.070678710937500 3700000
0.071594238281250 3700000
0.070495605468750 3695792
0.067932128906250 3696568
0.070922851562500 3693981
0.071533203125000 3695064
0.061889648437500 3693999
0.071838378906250 3690263
0.069946289062500 3686727
0.062072753906250 3696516
0.069641113281250 3699964
0.069396972656250 3696081
0.068969726562500 3693829
0.062316894531250 3683333
0.000000000000000 3696658
0.070922851562500 3700035
0.071777343750000 3695262
0.070739746093750 3690590
0.068603515625000 3684431
0.069396972656250 3696294
0.071166992187500 3683337
0.071533203125000 3695991
0.070434570312500 3695429
0.068298339843750 3690477
0.071166992187500 3683332
0.070922851562500 3685091
0.070373535156250 3688948
0.000000000000000 3698566
0.067932128906250 3688913
0.070434570312500 3690918
0.072998046875000 3692143
0.068664550781250 3696931
0.070739746093750 3688291
0.069152832031250 3695636
0.069396972656250 3700000
0.071228027343750 3700035
0.073608398437500 3699964
0.071228027343750 3700000
0.068603515625000 3700035
0.000000000000000 3699964
0.071411132812500 3700035
0.069702148437500 3699964
0.070617675781250 3700000
0.067993164062500 3700035
0.070251464843750 3699964
0.071289062500000 3700000
0.069580078125000 3700000
0.070556640625000 3700000
0.068420410156250 3700035
0.073059082031250 3699964
0.069641113281250 3700035
0.070190429687500 3700000
0.070861816406250 3700000
0.000000000000000 3699964
0.068969726562500 3700035
0.062011718750000 3700000
0.070129394531250 3700000
0.068969726562500 3699964
0.069580078125000 3700035
0.069152832031250 3691864
0.072692871093750 3697593
0.070800781250000 3689251
0.068847656250000 3698508
0.068847656250000 3698081
0.070129394531250 3700035
0.069091796875000 3700000
0.071960449218750 3699964
0.069763183593750 3700035
0.000000000000000 3700000
0.070922851562500 3699964
0.069396972656250 3700035
0.069824218750000 3692065
0.069519042968750 3690259
0.068664550781250 3683336
0.061828613281250 3686881
0.070617675781250 3683331
0.072937011718750 3687131
0.067932128906250 3696545
0.070983886718750 3699964
0.070434570312500 3700000
0.069885253906250 3700000
0.069213867187500 3700035
0.069091796875000 3688381
0.061767578125000 3694086
0.067871093750000 3700000
0.000000000000000 3700035
0.071166992187500 3700000
0.070922851562500 3699964
0.069152832031250 3700000
0.071411132812500 3700000
0.068847656250000 3700035
0.069885253906250 3700000
0.068603515625000 3700000
0.071594238281250 3700000
0.071044921875000 3700000
0.070434570312500 3700000
0.069274902343750 3700000
0.070434570312500 3700000
0.061889648437500 3699894
0.067504882812500 3700105
0.000000000000000 3700000
0.071411132812500 3700000
0.070007324218750 3700000
0.070068359375000 3699964
0.073730468750000 3700000
0.069091796875000 3700000
0.070556640625000 3700035
0.068786621093750 3698121
0.070983886718750 3700000
0.068847656250000 3691810
0.069885253906250 3683296
0.070983886718750 3683405
0.069641113281250 3685644
0.000000000000000 3688186
0.069946289062500 3683297
0.069335937500000 3692820
0.070068359375000 3700035
0.069091796875000 3699964
0.062744140625000 3700035
0.069091796875000 3700000
0.070556640625000 3695153
0.072998046875000 3683333
0.068298339843750 3686645
0.071533203125000 3696532
0.068420410156250 3695373
0.069641113281250 3683295
0.069213867187500 3689740
0.072143554687500 3694703
0.000000000000000 3686787
0.070922851562500 3689411
0.069213867187500 3695035
0.072082519531250 3698097
0.068969726562500 3699964
0.072875976562500 3700035
0.067626953125000 3700000
0.071655273437500 3700000
0.069885253906250 3700000
0.072448730468750 3699964
0.069030761718750 3692268
0.068969726562500 3683867
0.069702148437500 3696029
0.000000000000000 3687685
0.068664550781250 3686761
0.071350097656250 3697586
0.070129394531250 3693072
0.068542480468750 3700000
0.069702148437500 3700000
0.073669433593750 3696594
0.061828613281250 3697888
0.069091796875000 3700035
0.069458007812500 3700000
0.072631835937500 3700000
0.070068359375000 3700000
0.069946289062500 3699964
0.070190429687500 3700035
0.000000000000000 3700000
0.072021484375000 3700000
0.072204589843750 3699964
0.069458007812500 3700000
0.070861816406250 3700035
0.068481445312500 3700000
0.069396972656250 3700000
0.069458007812500 3700000
0.070617675781250 3696396
0.072387695312500 3694993
0.068847656250000 3688543
0.072631835937500 3689288
0.000000000000000 3694597
0.069030761718750 3688727
0.071228027343750 3692080
0.069396972656250 3690014
0.070739746093750 3692759
0.072753906250000 3685834
0.069274902343750 3693369
0.071655273437500 3686057
0.068176269531250 3696633
0.061950683593750 3693786
0.067504882812500 3683365
0.069763183593750 3686929
0.068481445312500 3698737
0.069091796875000 3699964
0.071655273437500 3700000
0.000000000000000 3700000
0.069152832031250 3700035
0.071411132812500 3696561
0.068481445312500 3700000
0.071716308593750 3700035
0.069580078125000 3699894
0.072631835937500 3700070
0.068481445312500 3700000
0.072021484375000 3700000
0.072387695312500 3700000
0.071350097656250 3700000
0.070129394531250 3700000
0.067810058593750 3700000
0.000000000000000 3700035
0.070739746093750 3700000
0.069030761718750 3699964
0.070922851562500 3700000
0.070312500000000 3700000
0.069519042968750 3698930
0.070495605468750 3683424
0.068115234375000 3691066
0.070068359375000 3691395
0.069030761718750 3697939
0.069885253906250 3699964
0.072082519531250 3687221
0.070495605468750 3683367
0.000000000000000 3683264
0.069580078125000 3683368
0.069519042968750 3686412
0.069946289062500 3683298
0.068359375000000 3687566
0.069335937500000 3700000
0.068786621093750 3694913
0.062438964843750 3687055
0.073486328125000 3696500
0.069458007812500 3699929
0.070068359375000 3694939
0.067749023437500 3603768
0.065307617187500 3596394
0.064758300781250 3600000
0.066650390625000 3593140
0.000000000000000 3600000
0.068115234375000 3600000
0.067871093750000 3600000
0.066772460937500 3600000
0.063781738281250 3600000
0.066894531250000 3595519
0.065185546875000 3588111
0.066833496093750 3586472
0.065124511718750 3591358
0.065612792968750 3583367
0.066406250000000 3597340
0.065063476562500 3583330
0.000000000000000 3589520
0.066894531250000 3596641
0.063781738281250 3600000
0.065979003906250 3599965
0.065429687500000 3600068
0.065429687500000 3599931
0.066467285156250 3600000
0.064575195312500 3600034
0.066345214843750 3591862
0.066406250000000 3585033
0.067871093750000 3589662
0.067077636718750 3592987
0.064575195312500 3593702
0.000000000000000 3594022
0.066772460937500 3592609
0.065063476562500 3592882
0.065185546875000 3593128
0.064880371093750 3600000
0.058166503906250 3600000
0.066406250000000 3593072
0.063964843750000 3600000
0.058105468750000 3596685
0.064880371093750 3597261
0.065612792968750 3599931
0.065612792968750 3600102
0.067260742187500 3596569
0.064819335937500 3599965
0.066040039062500 3589751
0.066772460937500 3598915
0.000000000000000 3596213
0.064880371093750 3596633
0.066284179687500 3600000
0.063598632812500 3591320
0.066406250000000 3583579
0.065063476562500 3592691
0.066772460937500 3593199
0.064453125000000 3599965
0.063903808593750 3585683
0.067749023437500 3584857
0.065979003906250 3583303
0.067016601562500 3591454
0.066162109375000 3596898
0.000000000000000 3593656
0.065734863281250 3591942
0.058715820312500 3600034
0.064514160156250 3600000
0.064147949218750 3586017
0.063171386718750 3600000
0.067321777343750 3595581
0.064086914062500 3590249
0.067321777343750 3587010
0.065368652343750 3583331
0.066650390625000 3591013
0.067016601562500 3586221
0.063537597656250 3583331
0.065551757812500 3583333
0.064025878906250 3584601
0.000000000000000 3589663
0.065795898437500 3591136
0.064270019531250 3598316
0.065368652343750 3589587
0.066345214843750 3600000
0.064331054687500 3594378
0.066772460937500 3598424
0.064575195312500 3600034
0.067871093750000 3599965
0.064270019531250 3600000
0.067993164062500 3598231
0.064514160156250 3599965
0.000000000000000 3599897
0.064941406250000 3600102
0.066833496093750 3600000
0.065368652343750 3593106
0.067138671875000 3600000
0.064880371093750 3599742
0.067016601562500 3594557
0.064270019531250 3588612
0.065124511718750 3600000
0.057922363281250 3589654
0.065246582031250 3600000
0.064758300781250 3599965
0.065307617187500 3600034
0.067810058593750 3600000
0.000000000000000 3600000
0.067810058593750 3600000
0.063659667968750 3600000
0.067199707031250 3599931
0.057373046875000 3600068
0.063842773437500 3599592
0.063598632812500 3593377
0.066650390625000 3600000
0.064514160156250 3600034
0.067504882812500 3593063
0.065795898437500 3594004
0.063049316406250 3588373
0.065795898437500 3597290
0.067321777343750 3600000
0.057861328125000 3590700
0.066772460937500 3591723
0.000000000000000 3600000
0.067932128906250 3600000
0.065795898437500 3599965
0.064941406250000 3600068
0.067138671875000 3599931
0.064331054687500 3600034
0.066040039062500 3600000
0.067138671875000 3593367
0.066162109375000 3583334
0.065551757812500 3595190
0.066406250000000 3600000
0.066406250000000 3600000
0.000000000000000 3600000
0.064392089843750 3600000
0.065307617187500 3600000
0.063903808593750 3600000
0.058166503906250 3600000
0.065856933593750 3600000
0.065673828125000 3600000
0.065612792968750 3597352
0.064331054687500 3598650
0.067687988281250 3600000
0.064758300781250 3600000
0.066711425781250 3600000
0.066467285156250 3596601
0.065063476562500 3600000
0.057861328125000 3600000
0.064880371093750 3600000
0.000000000000000 3600000
0.066589355468750 3600000
0.062805175781250 3600000
0.066894531250000 3600000
0.067077636718750 3600034
0.067443847656250 3596317
0.058410644531250 3600000
0.064392089843750 3599965
0.066040039062500 3600000
0.065185546875000 3592860
0.066101074218750 3600000
0.065917968750000 3600000
0.065246582031250 3589480
0.067565917968750 3600068
0.000000000000000 3600000
0.064819335937500 3600034
0.066711425781250 3593848
0.065246582031250 3588746
0.068481445312500 3596547
0.066101074218750 3593019
0.065551757812500 3589188
0.065429687500000 3598485
0.065673828125000 3583297
0.066833496093750 3583430
0.063781738281250 3600000
0.066406250000000 3600000
0.000000000000000 3600000
0.064086914062500 3600000
0.067687988281250 3598826
0.067260742187500 3598467
0.063537597656250 3599965
0.065795898437500 3584042
0.062744140625000 3598683
0.059326171875000 3599912
0.063415527343750 3593215
0.066284179687500 3600000
0.064941406250000 3600034
0.067504882812500 3585763
0.065917968750000 3592835
0.063781738281250 3600000
0.065795898437500 3600000
0.000000000000000 3600000
0.063720703125000 3600000
0.057678222656250 3600000
0.064636230468750 3600000
0.066772460937500 3600000
0.066833496093750 3600000
0.063171386718750 3594311
0.064880371093750 3590999
0.066284179687500 3596518
0.065307617187500 3600068
0.063964843750000 3600034
0.057617187500000 3599965
0.063964843750000 3589654
0.067138671875000 3599897
0.066040039062500 3584152
0.063903808593750 3588022
0.059448242187500 3600000
0.064880371093750 3599897
0.057617187500000 3596498
0.064147949218750 3600000
0.000000000000000 3600000
0.068298339843750 3600000
0.065246582031250 3600000
0.067016601562500 3600000
0.065490722656250 3593015
0.064453125000000 3600000
0.067260742187500 3600000
0.064636230468750 3591396
0.066345214843750 3594424
0.064392089843750 3599931
0.068420410156250 3600068
0.000000000000000 3600000
0.067077636718750 3599965
0.066528320312500 3600034
0.065185546875000 3600000
0.065734863281250 3595968
0.057861328125000 3596471
0.065979003906250 3596595
0.064941406250000 3600000
0.065185546875000 3600000
0.066772460937500 3589464
0.067016601562500 3600000
0.064819335937500 3600000
0.065551757812500 3600000
0.064697265625000 3598136
0.066589355468750 3596563
0.000000000000000 3593094
0.065979003906250 3600000
0.063964843750000 3600000
0.065063476562500 3600000
0.065063476562500 3600000
0.065551757812500 3600000
0.064331054687500 3587771
0.065795898437500 3591885
0.068603515625000 3596166
0.066528320312500 3599965
0.066894531250000 3600000
0.063659667968750 3600000
0.058044433593750 3600000
0.065185546875000 3600000
0.057861328125000 3600000
0.063598632812500 3600000
0.000000000000000 3599965
0.064697265625000 3592763
0.067993164062500 3600034
0.064575195312500 3599931
0.066589355468750 3600034
0.065307617187500 3599965
0.069030761718750 3583816
0.065368652343750 3585781
0.067077636718750 3590701
0.065124511718750 3600000
0.065856933593750 3600000
0.066284179687500 3599965
0.000000000000000 3600034
0.066833496093750 3598389
0.065185546875000 3599931
0.066040039062500 3600068
0.067321777343750 3592644
0.069335937500000 3592131
0.066406250000000 3600000
0.064636230468750 3600000
0.064208984375000 3597791
0.066162109375000 3592293
0.065551757812500 3596580
0.066101074218750 3597590
0.000000000000000 3599965
0.065917968750000 3600034
0.063293457031250 3600000
0.057922363281250 3600000
0.065429687500000 3600000
0.064514160156250 3599965
0.064880371093750 3596589
0.065124511718750 3600000
0.064880371093750 3587986
0.067504882812500 3583333
0.064697265625000 3593569
0.067382812500000 3600000
0.065734863281250 3600000
0.065002441406250 3600000
0.065917968750000 3599931
0.000000000000000 3600034
0.064025878906250 3600034
0.067932128906250 3600000
0.066589355468750 3599965
0.064880371093750 3600034
0.065002441406250 3591375
0.062683105468750 3597703
0.065795898437500 3600000
0.064208984375000 3594395
0.067199707031250 3586859
0.067687988281250 3594113
0.066528320312500 3600000
0.057800292968750 3598312
0.063171386718750 3594733
0.000000000000000 3600000
0.067749023437500 3600000
0.064819335937500 3600000
0.066162109375000 3596500
0.065551757812500 3590586
0.064880371093750 3600000
0.065917968750000 3600000
0.066650390625000 3600000
0.059020996093750 3600000
0.066955566406250 3596566
0.065063476562500 3600000
0.067993164062500 3599931
0.064758300781250 3600102
0.057739257812500 3446202
0.063415527343750 3600034
0.000000000000000 3600000
0.067199707031250 3599965
0.065429687500000 3600000
0.067321777343750 3600034
0.067443847656250 3600000
0.064758300781250 3600000
0.065795898437500 3600000
0.065551757812500 3599965
0.057434082031250 3598505
0.064453125000000 3594583
0.064880371093750 3600034
0.063842773437500 3599965
0.067321777343750 3586853
0.000000000000000 3591328
0.065734863281250 3704769
0.069335937500000 3800000
0.072204589843750 3756618
0.071960449218750 3683299
0.062622070312500 3699758
0.068969726562500 3696592
0.071350097656250 3696379
0.068847656250000 3696655
0.071105957031250 3688494
0.070739746093750 3698254
0.067260742187500 3700000
0.070922851562500 3700000
0.070861816406250 3700000
0.071838378906250 3696597
0.000000000000000 3694242
0.068786621093750 3688315
0.070617675781250 3700000
0.069641113281250 3696567
0.071838378906250 3688055
0.067749023437500 3695107
0.070129394531250 3695109
0.069030761718750 3694008
0.070983886718750 3698404
0.072204589843750 3693068
0.071411132812500 3690343
0.068481445312500 3695491
0.070617675781250 3696001
0.000000000000000 3683336
0.071044921875000 3693924
0.070190429687500 3686860
0.069274902343750 3683331
0.069763183593750 3683367
0.071838378906250 3699786
0.069458007812500 3699929
0.069946289062500 3691067
0.069396972656250 3699810
0.071044921875000 3700035
0.070861816406250 3696487
0.071472167968750 3696333
0.069335937500000 3699964
0.000000000000000 3700035
0.068481445312500 3685176
0.071166992187500 3690065
0.069213867187500 3700000
0.068847656250000 3699964
0.069274902343750 3700070
0.062133789062500 3699964
0.070617675781250 3700000
0.072692871093750 3688976
0.071533203125000 3700000
0.068969726562500 3700000
0.070312500000000 3696107
0.070190429687500 3699894
0.070739746093750 3700070
0.000000000000000 3696385
0.072814941406250 3700035
0.068969726562500 3697117
0.071594238281250 3696056
0.069946289062500 3700000
0.072387695312500 3700000
0.069580078125000 3689942
0.070983886718750 3699572
0.073303222656250 3700000
0.066894531250000 3700035
0.071044921875000 3700000
0.069152832031250 3697901
0.000000000000000 3698251
0.071594238281250 3700000
0.069580078125000 3697671
0.070007324218750 3691876
0.069030761718750 3696020
0.069213867187500 3683569
0.069580078125000 3694320
0.068969726562500 3691631
0.071166992187500 3700035
0.070739746093750 3699964
0.061950683593750 3700000
0.068542480468750 3700000
0.070800781250000 3700000
0.070251464843750 3700000
0.070068359375000 3693017
0.000000000000000 3700000
0.072082519531250 3700000
0.068420410156250 3700035
0.070861816406250 3698903
0.068969726562500 3690694
0.071838378906250 3689664
0.071411132812500 3700035
0.070617675781250 3699964
0.070739746093750 3699929
0.068298339843750 3700070
0.062561035156250 3700000
0.068847656250000 3684456
0.069396972656250 3683369
0.069519042968750 3683299
0.070312500000000 3690393
0.000000000000000 3694572
0.071105957031250 3700070
0.067382812500000 3700000
0.071411132812500 3696104
0.070007324218750 3683330
0.061889648437500 3697422
0.067321777343750 3694719
0.070312500000000 3689445
0.067626953125000 3683368
0.071594238281250 3696013
0.071838378906250 3699964
0.069274902343750 3700000
0.074035644531250 3700000
0.069091796875000 3700035
0.070739746093750 3699929
0.000000000000000 3700035
0.070190429687500 3693157
0.071105957031250 3700000
0.071472167968750 3695975
0.071411132812500 3692523
0.071594238281250 3689169
0.068603515625000 3700035
0.070678710937500 3699964
0.071533203125000 3700035
0.063842773437500 3699964
0.070800781250000 3700000
0.064453125000000 3700035
0.069885253906250 3700000
0.070312500000000 3700000
0.063720703125000 3699964
0.000000000000000 3700000
0.072265625000000 3699929
0.074707031250000 3700070
0.075073242187500 3700035
0.068115234375000 3700000
0.066223144531250 3700000
0.065246582031250 3699964
0.064147949218750 3700000
0.067749023437500 3700000
0.070678710937500 3700000
0.067382812500000 3700035
0.063049316406250 3700000
0.066467285156250 3699894
0.075256347656250 3700070
0.068908691406250 3700000
0.064270019531250 3700000
0.061767578125000 3700000
0.071594238281250 3700000
0.075256347656250 3700000
0.062438964843750 3700035
0.000000000000000 3699964
0.067504882812500 3700035
0.070739746093750 3700000
0.073059082031250 3699929
0.067504882812500 3699964
0.068725585937500 3700070
0.071289062500000 3700035
0.068298339843750 3700000
0.072448730468750 3700000
0.068298339843750 3700000
0.070739746093750 3700000
0.069702148437500 3699964
0.070190429687500 3700035
0.070678710937500 3690106
0.000000000000000 3700000
0.069213867187500 3700000
0.070678710937500 3690616
0.068542480468750 3686872
0.072448730468750 3687021
0.069396972656250 3686380
0.068481445312500 3693163
0.070495605468750 3689286
0.070373535156250 3696418
0.070800781250000 3696577
0.069152832031250 3699964
0.072509765625000 3696795
0.000000000000000 3689446
0.071594238281250 3690343
0.071838378906250 3686846
0.070190429687500 3690150
0.068603515625000 3700035
0.072082519531250 3699964
0.069458007812500 3686047
0.073303222656250 3700035
0.070861816406250 3687028
0.068786621093750 3695575
0.070251464843750 3699964
0.070861816406250 3700035
0.062072753906250 3693029
0.068847656250000 3693175
0.000000000000000 3697403
0.070861816406250 3700000
0.069580078125000 3700035
0.070861816406250 3699311
0.070434570312500 3696653
0.068847656250000 3694593
0.069580078125000 3688820
0.069763183593750 3697134
0.070007324218750 3697020
0.071166992187500 3692613
0.069519042968750 3688286
0.068969726562500 3686822
0.065063476562500 3693176
0.062072753906250 3700035
0.069091796875000 3700000
0.071594238281250 3696579
0.069335937500000 3699964
0.063293457031250 3700035
0.000000000000000 3699929
0.070861816406250 3700070
0.077819824218750 3696598
0.066711425781250 3699894
0.064086914062500 3695532
0.062011718750000 3686930
0.070129394531250 3700000
0.071655273437500 3696583
0.068298339843750 3699964
0.062133789062500 3693153
0.069335937500000 3693652
0.072021484375000 3683333
0.062744140625000 3694507
0.068420410156250 3699964
0.063659667968750 3700000
0.070007324218750 3700035
0.070861816406250 3700000
0.071166992187500 3699964
0.062622070312500 3700035
0.068359375000000 3700000
0.000000000000000 3700000
0.072082519531250 3699964
0.070983886718750 3700000
0.069274902343750 3700000
0.062377929687500 3700000
0.070739746093750 3697475
0.069824218750000 3690395
0.070373535156250 3690369
0.071777343750000 3697556
0.072082519531250 3698470
0.068908691406250 3697977
0.069946289062500 3693799
0.069519042968750 3694406
0.071350097656250 3700000
0.067138671875000 3690802
0.000000000000000 3688090
0.070617675781250 3700000
0.068969726562500 3700000
0.071594238281250 3694245
0.071533203125000 3698820
0.068725585937500 3696929
0.070373535156250 3688990
0.070068359375000 3698429
0.071594238281250 3690978
0.071533203125000 3693948
0.071655273437500 3694064
0.071655273437500 3688715
0.000000000000000 3699542
0.070068359375000 3693564
0.069396972656250 3688304
0.069763183593750 3683617
0.070678710937500 3683825
0.068420410156250 3686415
0.071777343750000 3683371
0.071838378906250 3683295
0.069519042968750 3683369
0.071960449218750 3691125
0.070495605468750 3684859
0.070495605468750 3697287
0.000000000000000 3699964
0.071044921875000 3700035
0.070068359375000 3699964
0.070861816406250 3700000
0.071289062500000 3690636
0.072448730468750 3683334
0.071594238281250 3688182
0.070312500000000 3699964
0.070739746093750 3689609
0.072082519531250 3696628
0.068969726562500 3696414
0.069824218750000 3692830
0.000000000000000 3700000
0.069091796875000 3700035
0.070556640625000 3700000
0.071228027343750 3699964
0.070373535156250 3700000
0.070556640625000 3700000
0.071960449218750 3700000
0.068481445312500 3700000
0.069152832031250 3700000
0.069885253906250 3700000
0.068969726562500 3700035
0.071472167968750 3700000
0.069824218750000 3700000
0.000000000000000 3696652
0.070373535156250 3693030
0.071838378906250 3700000
0.070861816406250 3696924
0.068298339843750 3688956
0.070251464843750 3700000
0.070617675781250 3696272
0.072387695312500 3685594
0.072082519531250 3699964
0.069580078125000 3699333
0.070312500000000 3697259
0.069458007812500 3687022
0.000000000000000 3699133
0.071716308593750 3699000
0.072875976562500 3693829
0.067626953125000 3693134
0.071533203125000 3693112
0.070434570312500 3700035
0.062622070312500 3690001
0.070556640625000 3700000
0.070007324218750 3692990
0.068969726562500 3695883
0.072387695312500 3686507
0.061950683593750 3692517
0.069702148437500 3694854
0.070739746093750 3688897
0.069763183593750 3685893
0.071838378906250 3700000
0.000000000000000 3696215
0.069763183593750 3699964
0.073181152343750 3688729
0.069824218750000 3700000
0.070617675781250 3700000
0.070007324218750 3699964
0.069030761718750 3700035
0.071105957031250 3699964
0.068969726562500 3693226
0.071838378906250 3696072
0.070739746093750 3696607
0.067260742187500 3699929
0.071533203125000 3700035
0.000000000000000 3697355
0.070251464843750 3699964
0.070007324218750 3699964
0.069152832031250 3700070
0.070739746093750 3696515
0.071289062500000 3696488
0.062011718750000 3700000
0.069946289062500 3690884
0.069030761718750 3698023
0.062255859375000 3700000
0.073059082031250 3699964
0.069152832031250 3699964
0.068786621093750 3700070
0.072143554687500 3700000
0.070800781250000 3699964
0.000000000000000 3700000
0.070373535156250 3700000
0.070495605468750 3700000
0.069702148437500 3700000
0.072265625000000 3700035
0.071044921875000 3699964
0.073181152343750 3700000
0.069396972656250 3694733
0.068237304687500 3694934
0.071166992187500 3689605
0.069519042968750 3690226
0.070617675781250 3698902
0.069824218750000 3699964
0.000000000000000 3696598
0.072509765625000 3700035
0.072082519531250 3696569
0.068603515625000 3699929
0.069519042968750 3700000
0.068542480468750 3700035
0.069763183593750 3699894
0.071044921875000 3700140
0.070434570312500 3700000
0.070861816406250 3699964
0.068969726562500 3700035
0.071411132812500 3696456
0.068237304687500 3700000
0.000000000000000 3699964
0.069885253906250 3693410
0.067871093750000 3689360
0.070007324218750 3699964
0.073059082031250 3700000
0.069152832031250 3700000
0.070678710937500 3689416
0.069152832031250 3696527
0.070434570312500 3700000
0.068481445312500 3700000
0.071472167968750 3699964
0.071533203125000 3700035
0.069396972656250 3700000
0.000000000000000 3689584
0.072937011718750 3696510
0.068359375000000 3700035
0.067993164062500 3693160
0.068725585937500 3690905
0.070373535156250 3695070
0.070373535156250 3700000
0.070983886718750 3699929
0.069274902343750 3700035
0.070068359375000 3700000
0.072143554687500 3696179
0.068298339843750 3683335
0.069458007812500 3693829
0.068969726562500 3691022
0.000000000000000 3699964
0.072448730468750 3700035
0.070312500000000 3699964
0.069702148437500 3700035
0.070373535156250 3700000
0.069519042968750 3699964
0.062377929687500 3695362
0.069824218750000 3690779
0.071105957031250 3689728
0.071166992187500 3690459
0.070129394531250 3690063
0.071594238281250 3699964
0.069946289062500 3700035
0.071716308593750 3694580
0.000000000000000 3691612
0.068725585937500 3689598
0.062011718750000 3700000
0.071960449218750 3694070
0.072265625000000 3692125
0.070068359375000 3696427
0.070129394531250 3699657
0.071533203125000 3693799
0.068847656250000 3693813
0.070800781250000 3686833
0.070129394531250 3683336
0.069885253906250 3683263
0.070007324218750 3690781
0.069213867187500 3690349
0.000000000000000 3687100
0.070495605468750 3692478
0.070312500000000 3683333
0.070190429687500 3688421
0.071044921875000 3693108
0.069824218750000 3698435
0.070495605468750 3700035
0.069580078125000 3684104
0.070068359375000 3683404
0.069824218750000 3692992
0.071472167968750 3700000
0.073852539062500 3688416
0.000000000000000 3686955
0.068603515625000 3700000
0.070678710937500 3696124
0.069824218750000 3697749
0.069152832031250 3700035
0.069213867187500 3691711
0.072265625000000 3696668
0.072204589843750 3699964
0.069824218750000 3700035
0.070739746093750 3684369
0.069213867187500 3691075
0.069519042968750 3691062
0.068054199218750 3685760
0.069885253906250 3694634
0.000000000000000 3694391
0.072814941406250 3700000
0.070617675781250 3700000
0.071228027343750 3700000
0.069763183593750 3700035
0.071044921875000 3695463
0.068847656250000 3693855
0.071166992187500 3693020
0.071594238281250 3698350
0.068969726562500 3694271
0.070373535156250 3687125
0.069641113281250 3699964
0.000000000000000 3700000
0.070190429687500 3691972
0.068664550781250 3687251
0.072875976562500 3700035
0.072387695312500 3697790
0.069885253906250 3694336
0.070129394531250 3683295
0.070068359375000 3699320
0.063110351562500 3700000
0.069396972656250 3696796
0.071716308593750 3699964
0.069030761718750 3696533
0.072570800781250 3685235
0.000000000000000 3690506
0.070495605468750 3700000
0.068542480468750 3700000
0.071044921875000 3700035
0.068847656250000 3700000
0.071044921875000 3697869
0.069824218750000 3696515
0.071716308593750 3699964
0.070312500000000 3693354
0.071716308593750 3695935
0.070861816406250 3700035
0.069335937500000 3700000
0.069824218750000 3700000
0.069396972656250 3685988
0.000000000000000 3698994
0.071228027343750 3686383
0.062377929687500 3698263
0.071166992187500 3698281
0.071716308593750 3696506
0.069580078125000 3695925
0.072570800781250 3698644
0.068481445312500 3690823
0.070251464843750 3699964
0.070312500000000 3683645
0.070129394531250 3683295
0.070007324218750 3690609
0.069580078125000 3697285
0.070373535156250 3700000
0.000000000000000 3700000
0.069885253906250 3699964
0.062927246093750 3700035
0.068725585937500 3700000
0.073242187500000 3700000
0.070373535156250 3699929
0.069519042968750 3700035
0.069274902343750 3696601
0.069274902343750 3700000
0.072753906250000 3699929
0.068725585937500 3700105
0.072204589843750 3693116
0.068542480468750 3699964
0.070190429687500 3700035
0.000000000000000 3689398
0.070373535156250 3695963
0.071472167968750 3693157
0.062011718750000 3693559
0.068298339843750 3695506
0.071533203125000 3700035
0.072509765625000 3700000
0.069885253906250 3699929
0.070617675781250 3700070
0.068359375000000 3700000
0.071228027343750 3699894
0.072509765625000 3700070
0.062805175781250 3700000
0.068664550781250 3700035
0.072387695312500 3699929
0.000000000000000 3700035
0.070678710937500 3700000
0.070434570312500 3700000
0.070495605468750 3700035
0.068481445312500 3700000
0.062377929687500 3699964
0.070556640625000 3700000
0.071838378906250 3700000
0.070373535156250 3700000
0.069702148437500 3700035
0.062011718750000 3699964
0.072082519531250 3700000
0.069396972656250 3700000
0.067993164062500 3700000
0.070129394531250 3700035
0.069946289062500 3699964
0.000000000000000 3700035
0.070190429687500 3699964
0.069641113281250 3700000
0.071044921875000 3700000
0.070739746093750 3700035
0.070495605468750 3700000
0.070190429687500 3699964
0.067260742187500 3700035
0.062377929687500 3700000
0.073547363281250 3699964
0.068481445312500 3696667
0.069641113281250 3698145
0.137268066406250 3689385
0.069274902343750 3698510
0.072204589843750 3687059
0.000000000000000 3686124
0.071044921875000 3698451
0.070739746093750 3693694
0.070861816406250 3698800
0.068054199218750 3692910
0.068725585937500 3696652
0.068664550781250 3690834
0.070190429687500 3696610
0.070068359375000 3696507
0.071472167968750 3693153
0.071044921875000 3699964
0.069519042968750 3700000
0.072082519531250 3689073
0.067932128906250 3692599
0.000000000000000 3689885
0.069946289062500 3694259
0.070007324218750 3683334
0.069702148437500 3686946
0.072387695312500 3686229
0.068359375000000 3691036
0.069396972656250 3690430
0.068786621093750 3693813
0.072265625000000 3696163
0.068237304687500 3696471
0.070739746093750 3685712
0.070007324218750 3696664
0.068298339843750 3700000
0.062561035156250 3696651
0.071166992187500 3699601
0.000000000000000 3684250
0.069763183593750 3699377
0.068908691406250 3695260
0.069885253906250 3700000
0.069396972656250 3698460
0.070068359375000 3694986
0.070068359375000 3696530
0.069458007812500 3698431
0.073059082031250 3694839
0.068542480468750 3690106
0.070190429687500 3700035
0.068969726562500 3688801
0.069458007812500 3700000
0.071716308593750 3699964
0.000000000000000 3695944
0.067932128906250 3689863
0.070861816406250 3694549
0.073242187500000 3698911
0.062622070312500 3700000
0.069396972656250 3700000
0.069091796875000 3700035
0.070312500000000 3700000
0.068115234375000 3700000
0.072265625000000 3699964
0.068664550781250 3696447
0.072082519531250 3699964
0.069152832031250 3700035
0.061950683593750 3700000
0.069335937500000 3699964
0.071899414062500 3700035
0.000000000000000 3700000
0.071166992187500 3700000
0.069030761718750 3700000
0.070495605468750 3700000
0.069946289062500 3699964
0.070678710937500 3700035
0.068481445312500 3700000
0.072021484375000 3700000
0.069824218750000 3700000
0.069946289062500 3699964
0.071472167968750 3700000
0.070617675781250 3700000
0.000000000000000 3693177
0.071594238281250 3691524
0.069641113281250 3692818
0.069824218750000 3683332
0.070068359375000 3698915
0.069091796875000 3692316
0.069946289062500 3700000
0.068969726562500 3699894
0.072082519531250 3700070
0.069763183593750 3685716
0.063232421875000 3692280
0.071960449218750 3688348
0.070617675781250 3690717
0.071777343750000 3700000
0.000000000000000 3699964
0.069946289062500 3700035
0.070617675781250 3700000
0.068664550781250 3699964
0.070312500000000 3694194
0.071777343750000 3688026
0.068908691406250 3699916
0.070983886718750 3685986
0.068420410156250 3684241
0.070739746093750 3694776
0.068115234375000 3689480
0.069885253906250 3693738
0.072326660156250 3695411
0.069091796875000 3685349
0.000000000000000 3690416
0.070739746093750 3700035
0.070434570312500 3698220
0.070373535156250 3683366
0.068969726562500 3686816
0.069458007812500 3689333
0.070190429687500 3685611
0.071594238281250 3695486
0.069396972656250 3690392
0.068725585937500 3689731
0.070007324218750 3700070
0.069030761718750 3699964
0.070861816406250 3700035
0.068725585937500 3688617
0.000000000000000 3685080
0.070739746093750 3685073
0.070739746093750 3690526
0.069702148437500 3690192
0.069946289062500 3691245
0.068359375000000 3698731
0.070617675781250 3700000
0.069335937500000 3698712
0.069824218750000 3700000
0.071350097656250 3699929
0.069152832031250 3700070
0.072265625000000 3700000
0.069091796875000 3700035
0.000000000000000 3699894
0.069580078125000 3700105
0.069580078125000 3699964
0.069335937500000 3700000
0.070800781250000 3700000
0.069641113281250 3700000
0.069763183593750 3699964
0.069030761718750 3700070
0.070861816406250 3700000
0.069396972656250 3699964
0.068847656250000 3700000
0.071044921875000 3700000
0.070129394531250 3700000
0.063476562500000 3700035
0.069030761718750 3700000
0.000000000000000 3699964
0.069885253906250 3699964
0.070007324218750 3700070
0.072082519531250 3699929
0.068420410156250 3700035
0.070373535156250 3700000
0.071411132812500 3700035
0.069396972656250 3699522
0.070556640625000 3685016
0.068420410156250 3696876
0.070251464843750 3694065
0.069885253906250 3697534
0.071044921875000 3683334
0.000000000000000 3691594
0.071166992187500 3686080
0.069519042968750 3695914
0.071166992187500 3700000
0.068420410156250 3700000
0.063903808593750 3699964
0.069824218750000 3700000
0.070800781250000 3700035
0.068420410156250 3699894
0.071777343750000 3700070
0.062744140625000 3700035
0.070312500000000 3700000
0.070922851562500 3699964
0.068847656250000 3700035
0.072082519531250 3699929
0.070068359375000 3700070
0.000000000000000 3700000
0.069824218750000 3700000
0.071472167968750 3700000
0.068786621093750 3700000
0.072448730468750 3699964
0.069152832031250 3699964
0.069824218750000 3700035
0.068298339843750 3687900
0.072387695312500 3684863
0.070312500000000 3685885
0.069763183593750 3683331
0.070678710937500 3683298
0.069641113281250 3693863
0.000000000000000 3692541
0.071044921875000 3685420
0.068420410156250 3690834
0.070861816406250 3689359
0.071228027343750 3696884
0.070312500000000 3692503
0.070861816406250 3700000
0.068542480468750 3688890
0.071594238281250 3690003
0.068115234375000 3696533
0.071594238281250 3693894
0.071289062500000 3700070
0.068481445312500 3699964
0.000000000000000 3700035
0.071289062500000 3700000
0.071166992187500 3700000
0.072204589843750 3700000
0.068847656250000 3699964
0.069335937500000 3700035
0.071044921875000 3699964
0.070312500000000 3700000
0.072143554687500 3700000
0.069763183593750 3700035
0.068298339843750 3700000
0.070068359375000 3700000
0.000000000000000 3700000
0.071838378906250 3699929
0.073669433593750 3700070
0.069335937500000 3699964
0.072082519531250 3685653
0.068603515625000 3690338
0.069396972656250 3683369
0.069519042968750 3693127
0.070434570312500 3700000
0.074035644531250 3698704
0.071716308593750 3699964
0.071594238281250 3700035
0.000000000000000 3699964
0.067993164062500 3700035
0.063842773437500 3699964
0.068481445312500 3700000
0.071533203125000 3699964
0.069824218750000 3700035
0.069152832031250 3700000
0.071960449218750 3700035
0.070068359375000 3700000
0.069763183593750 3700000
0.069641113281250 3700000
0.073059082031250 3699964
0.070495605468750 3700035
0.069335937500000 3699964
0.000000000000000 3700035
0.070373535156250 3700000
0.069274902343750 3700000
0.072937011718750 3699964
0.070068359375000 3700035
0.070373535156250 3700000
0.071289062500000 3699964
0.072631835937500 3699929
0.070922851562500 3700105
0.068542480468750 3699929
0.071411132812500 3700035
0.068542480468750 3700000
0.000000000000000 3755531
0.075805664062500 3800000
0.079223632812500 3800000
0.075561523437500 3799963
0.076110839843750 3800036
0.076416015625000 3800000
0.075805664062500 3800000
0.075256347656250 3800000
0.076049804687500 3800000
0.075866699218750 3800000
0.076354980468750 3799963
0.075744628906250 3800036
0.073364257812500 3800000
0.075439453125000 3800000
0.000000000000000 3800000
0.076660156250000 3800000
0.077270507812500 3800000
0.077575683593750 3800036
0.076782226562500 3799927
0.076171875000000 3800036
0.077026367187500 3800000
0.078979492187500 3800000
0.076232910156250 3799963
0.077514648437500 3800036
0.077636718750000 3799927
0.000000000000000 3800072
0.076965332031250 3800000
0.076477050781250 3800000
0.075744628906250 3800000
0.076110839843750 3799963
0.076843261718750 3800036
0.078002929687500 3800000
0.078247070312500 3800000
0.073974609375000 3799963
0.077209472656250 3800036
0.074707031250000 3800000
0.075561523437500 3800000
0.075622558593750 3800000
0.000000000000000 3799963
0.078430175781250 3800036
0.077148437500000 3800000
0.076538085937500 3800000
0.075500488281250 3800000
0.074218750000000 3800000
0.077880859375000 3800000
0.074829101562500 3800000
0.078979492187500 3800000
0.075805664062500 3800000
0.074035644531250 3800000
0.075683593750000 3800000
0.074096679687500 3800000
0.000000000000000 3800000
0.075866699218750 3799927
0.074035644531250 3800108
0.078002929687500 3799963
0.078247070312500 3799963
0.074279785156250 3800036
0.075744628906250 3800000
0.074401855468750 3800000
0.076965332031250 3800000
0.074157714843750 3800000
0.076171875000000 3800000
0.077697753906250 3800000
0.000000000000000 3800000
0.078735351562500 3800000
0.075012207031250 3799963
0.073364257812500 3800036
0.072692871093750 3799963
0.074096679687500 3800000
0.074523925781250 3800036
0.072326660156250 3800000
0.070007324218750 3800000
0.073059082031250 3800000
0.073547363281250 3800000
0.000000000000000 3800000
0.074523925781250 3800000
0.073608398437500 3799963
0.071899414062500 3800036
0.075683593750000 3800000
0.070739746093750 3800036
0.070983886718750 3799963
0.070983886718750 3800000
0.071350097656250 3800000
0.074523925781250 3800036
0.070617675781250 3799963
0.074157714843750 3800000
0.000000000000000 3800000
0.071472167968750 3799963
0.075012207031250 3800000
0.069458007812500 3800036
0.072326660156250 3799927
0.071472167968750 3800072
0.072387695312500 3800000
0.073852539062500 3800000
0.071594238281250 3799963
0.070373535156250 3800036
0.073120117187500 3800000
0.072204589843750 3799963
0.073059082031250 3800036
0.000000000000000 3800000
0.073242187500000 3800000
0.071166992187500 3800000
0.072631835937500 3799963
0.073852539062500 3800036
0.071472167968750 3800000
0.073364257812500 3800000
0.072631835937500 3800000
0.072875976562500 3800000
0.072814941406250 3800000
0.071228027343750 3800000
0.000000000000000 3800000
0.071533203125000 3800000
0.070373535156250 3800000
0.073120117187500 3800000
0.070251464843750 3800000
0.070556640625000 3800000
0.071350097656250 3800000
0.071960449218750 3800000
0.073608398437500 3800000
0.070678710937500 3800000
0.071411132812500 3800000
0.073486328125000 3800000
0.063842773437500 3800000
0.071533203125000 3800000
0.070739746093750 3800000
0.000000000000000 3800000
0.071350097656250 3799963
0.072143554687500 3800036
0.070861816406250 3800000
0.071594238281250 3800000
0.073730468750000 3799963
0.072570800781250 3800036
0.073486328125000 3799927
0.072082519531250 3800072
0.070434570312500 3800000
0.072631835937500 3800000
0.073913574218750 3800000
0.070373535156250 3800000
0.000000000000000 3800000
0.072082519531250 3800036
0.069824218750000 3799963
0.072204589843750 3800000
0.072631835937500 3800000
0.072204589843750 3800000
0.070800781250000 3800000
0.072937011718750 3800000
0.072631835937500 3799963
0.070739746093750 3800036
0.071228027343750 3800000
0.071594238281250 3799927
0.072082519531250 3800072
0.000000000000000 3800000
0.071350097656250 3800000
0.074584960937500 3800000
0.063720703125000 3799963
0.071472167968750 3799963
0.074462890625000 3800036
0.071533203125000 3800036
0.072509765625000 3800036
0.070068359375000 3799963
0.072265625000000 3799963
0.074462890625000 3800036
0.069519042968750 3800000
0.072387695312500 3800000
0.071166992187500 3800000
0.000000000000000 3800036
0.074462890625000 3800000
0.070373535156250 3799963
0.072631835937500 3800000
0.073730468750000 3800000
0.070739746093750 3800000
0.072875976562500 3800000
0.071960449218750 3800000
0.074157714843750 3799963
0.072326660156250 3800036
0.073730468750000 3800000
0.000000000000000 3799927
0.072753906250000 3800072
0.071105957031250 3800000
0.071716308593750 3800000
0.070983886718750 3800000
0.071899414062500 3799927
0.070373535156250 3800072
0.073120117187500 3799963
0.071350097656250 3800036
0.072265625000000 3800000
0.071228027343750 3800000
0.069946289062500 3800000
0.071960449218750 3800036
0.069946289062500 3799963
0.000000000000000 3800036
0.071655273437500 3799963
0.073120117187500 3800036
0.071350097656250 3799927
0.072814941406250 3800036
0.072326660156250 3800000
0.071228027343750 3800000
0.070983886718750 3799963
0.071228027343750 3800036
0.073913574218750 3800000
0.073242187500000 3800000
0.070983886718750 3799963
0.072143554687500 3799963
0.000000000000000 3800072
0.072204589843750 3800000
0.071105957031250 3800000
0.072082519531250 3800036
0.072509765625000 3799963
0.069763183593750 3800000
0.071350097656250 3799963
0.070617675781250 3800036
0.063720703125000 3800000
0.072265625000000 3800000
0.073486328125000 3800000
0.071838378906250 3799927
0.072509765625000 3800072
0.071594238281250 3800000
0.070434570312500 3800000
0.000000000000000 3800000
0.072875976562500 3800000
0.075256347656250 3800000
0.070800781250000 3799927
0.070068359375000 3800072
0.072631835937500 3800036
0.072692871093750 3799963
0.070861816406250 3800000
0.071716308593750 3800000
0.070190429687500 3799927
0.072387695312500 3800072
0.070434570312500 3800000
0.000000000000000 3800000
0.073608398437500 3800000
0.072509765625000 3800000
0.071899414062500 3800000
0.063781738281250 3800000
0.072448730468750 3800000
0.072326660156250 3800000
0.072387695312500 3800000
0.072387695312500 3800000
0.075073242187500 3800000
0.070556640625000 3800000
0.073974609375000 3800000
0.070495605468750 3800000
0.064208984375000 3799963
0.071899414062500 3800036
0.000000000000000 3799963
0.072509765625000 3800036
0.073242187500000 3800000
0.070739746093750 3800000
0.072448730468750 3799963
0.070495605468750 3800036
0.073669433593750 3799963
0.071228027343750 3800072
0.073242187500000 3799891
0.072753906250000 3800072
0.071594238281250 3800000
0.071716308593750 3800000
0.070251464843750 3800000
0.000000000000000 3799927
0.073120117187500 3800036
0.150695800781250 3800016
0.066528320312500 3800000
0.072509765625000 3800000
0.063293457031250 3800000
0.074462890625000 3800000
0.067443847656250 3800000
0.073791503906250 3800000
0.064941406250000 3800000
0.066467285156250 3799963
0.070312500000000 3800036
0.065917968750000 3800000
0.076904296875000 3800000
0.071655273437500 3800000
0.069335937500000 3800036
0.067077636718750 3799963
0.063720703125000 3800000
0.069946289062500 3800000
0.076232910156250 3800000
0.000000000000000 3800000
0.069152832031250 3800000
0.068847656250000 3800000
0.072631835937500 3800000
0.068237304687500 3800000
0.071105957031250 3799927
0.066101074218750 3800072
0.069702148437500 3800000
0.071716308593750 3799963
0.071411132812500 3800036
0.066528320312500 3800000
0.069763183593750 3800000
0.074096679687500 3800000
0.073425292968750 3800000
0.073486328125000 3800000
0.070495605468750 3800000
0.000000000000000 3800000
0.071166992187500 3800000
0.071655273437500 3800000
0.072998046875000 3800000
0.072326660156250 3799963
0.070373535156250 3800036
0.070373535156250 3800000
0.076110839843750 3800000
0.070556640625000 3800000
0.070800781250000 3800000
0.072265625000000 3800000
0.072631835937500 3799927
0.073486328125000 3800072
0.000000000000000 3800000
0.071899414062500 3800000
0.074035644531250 3800000
0.071838378906250 3800000
0.064758300781250 3800000
0.072082519531250 3800000
0.070739746093750 3800000
0.073242187500000 3800000
0.063293457031250 3799963
0.073913574218750 3800036
0.070800781250000 3800000
0.071838378906250 3799963
0.072448730468750 3800072
0.072875976562500 3800000
0.000000000000000 3799963
0.072875976562500 3800000
0.071044921875000 3800000
0.072326660156250 3800000
0.071777343750000 3800000
0.073974609375000 3800000
0.072814941406250 3800000
0.071105957031250 3800000
0.074096679687500 3800000
0.073791503906250 3800000
0.070556640625000 3800000
0.071411132812500 3800000
0.071838378906250 3799963
0.000000000000000 3800072
0.070617675781250 3800000
0.063964843750000 3799963
0.072875976562500 3800000
0.073852539062500 3800000
0.072631835937500 3800000
0.074340820312500 3800000
0.071533203125000 3800036
0.072814941406250 3799963
0.067199707031250 3800000
0.081115722656250 3800000
0.068603515625000 3800000
0.000000000000000 3800036
0.073486328125000 3800000
0.072143554687500 3799963
0.070617675781250 3800036
0.072204589843750 3799963
0.077026367187500 3800000
0.071716308593750 3800000
0.069885253906250 3800036
0.073486328125000 3799963
0.071594238281250 3800000
0.070739746093750 3800000
0.070617675781250 3800000
0.073120117187500 3800000
0.000000000000000 3799963
0.075622558593750 3800036
0.070983886718750 3800000
0.070312500000000 3799963
0.070434570312500 3800036
0.073059082031250 3799963
0.070739746093750 3800036
0.073547363281250 3800036
0.074829101562500 3799891
0.071105957031250 3800072
0.074035644531250 3800000
0.071838378906250 3800000
0.000000000000000 3800000
0.072326660156250 3800000
0.070434570312500 3800000
0.072143554687500 3800000
0.074035644531250 3800000
0.070617675781250 3800000
0.072875976562500 3800000
0.069702148437500 3799927
0.072082519531250 3800072
0.070007324218750 3800000
0.071411132812500 3800036
0.072387695312500 3799963
0.069641113281250 3799963
0.000000000000000 3800036
0.073974609375000 3800000
0.070617675781250 3799963
0.071716308593750 3800000
0.069274902343750 3800036
0.073669433593750 3800000
0.073059082031250 3800000
0.072509765625000 3800000
0.074218750000000 3800000
0.070556640625000 3800000
0.074218750000000 3800036
0.071594238281250 3799927
0.000000000000000 3800036
0.072082519531250 3800000
0.073913574218750 3800000
0.070434570312500 3800000
0.074523925781250 3800000
0.071411132812500 3800000
0.072570800781250 3799963
0.070068359375000 3800036
0.073059082031250 3800036
0.072509765625000 3799963
0.070739746093750 3800000
0.072509765625000 3800036
0.072326660156250 3800000
0.063293457031250 3799963
0.069885253906250 3800036
0.000000000000000 3799927
0.071960449218750 3800036
0.069824218750000 3800000
0.075866699218750 3800000
0.072326660156250 3800000
0.069030761718750 3800000
0.071716308593750 3800000
0.073242187500000 3800000
0.071350097656250 3800000
0.070739746093750 3800000
0.074279785156250 3800000
0.073242187500000 3800000
0.000000000000000 3800000
0.071716308593750 3800000
0.072814941406250 3800000
0.072937011718750 3799963
0.073974609375000 3800036
0.075927734375000 3800000
0.071350097656250 3800000
0.063171386718750 3800000
0.072692871093750 3800000
0.071105957031250 3800000
0.071411132812500 3800000
0.073120117187500 3799927
0.070556640625000 3800072
0.070556640625000 3800000
0.000000000000000 3799927
0.074951171875000 3800072
0.071655273437500 3800000
0.071716308593750 3800036
0.072204589843750 3799963
0.072204589843750 3800000
0.074523925781250 3800000
0.071228027343750 3799963
0.073364257812500 3800036
0.070373535156250 3800000
0.072082519531250 3800000
0.069519042968750 3800000
0.000000000000000 3800000
0.071838378906250 3800000
0.072326660156250 3799927
0.072387695312500 3800072
0.073242187500000 3800000
0.071350097656250 3800000
0.072814941406250 3800000
0.070617675781250 3799963
0.074157714843750 3800036
0.073120117187500 3800000
0.070800781250000 3800000
0.070739746093750 3800000
0.070495605468750 3800000
0.000000000000000 3800000
0.072998046875000 3800000
0.069946289062500 3800000
0.071960449218750 3800000
0.069335937500000 3800000
0.072631835937500 3800000
0.072631835937500 3800000
0.069824218750000 3800000
0.072204589843750 3799963
0.072387695312500 3800036
0.072814941406250 3800000
0.072387695312500 3800000
0.072937011718750 3800000
0.000000000000000 3800000
0.072082519531250 3800036
0.071777343750000 3799963
0.074096679687500 3800000
0.071960449218750 3800000
0.072326660156250 3800036
0.075866699218750 3799963
0.070861816406250 3800000
0.072631835937500 3800000
0.071777343750000 3800000
0.073974609375000 3800000
0.000000000000000 3800000
0.070251464843750 3800000
0.071411132812500 3800000
0.072387695312500 3800000
0.070983886718750 3800000
0.071960449218750 3800000
0.071716308593750 3800000
0.070617675781250 3800000
0.069763183593750 3800000
0.072875976562500 3800000
0.071105957031250 3800000
0.073242187500000 3799963
0.071716308593750 3800036
0.072570800781250 3800000
0.000000000000000 3800000
0.072753906250000 3800000
0.070129394531250 3800000
0.074096679687500 3800000
0.069458007812500 3800000
0.072631835937500 3800000
0.073120117187500 3800000
0.072692871093750 3800000
0.072082519531250 3800000
0.071960449218750 3800000
0.072753906250000 3799963
0.072998046875000 3800036
0.000000000000000 3800000
0.070861816406250 3800000
0.071899414062500 3800036
0.072509765625000 3799963
0.063537597656250 3800000
0.072631835937500 3800000
0.070617675781250 3800000
0.070861816406250 3800000
0.075012207031250 3800000
0.071716308593750 3800000
0.070434570312500 3800000
0.071655273437500 3800000
0.069946289062500 3800000
0.074340820312500 3800000
0.071105957031250 3800000
0.000000000000000 3800000
0.072570800781250 3800000
0.074768066406250 3799963
0.070678710937500 3800036
0.071716308593750 3800000
0.069824218750000 3800036
0.070373535156250 3799963
0.071228027343750 3800000
0.072448730468750 3688266
0.071716308593750 3699651
0.070617675781250 3689447
0.070739746093750 3688269
0.000000000000000 3689564
0.071350097656250 3683261
0.061950683593750 3693798
0.068115234375000 3695391
0.071533203125000 3683296
0.068481445312500 3699121
0.070190429687500 3684483
0.062805175781250 3694584
0.069763183593750 3686881
0.071289062500000 3694591
0.070373535156250 3688581
0.072265625000000 3692674
0.070495605468750 3693071
0.071960449218750 3684851
0.069946289062500 3692958
0.061950683593750 3688070
0.070739746093750 3699275
0.000000000000000 3699964
0.068420410156250 3697768
0.071044921875000 3694774
0.070190429687500 3683299
0.070312500000000 3690276
0.072265625000000 3693225
0.070373535156250 3699964
0.069580078125000 3700035
0.071166992187500 3692660
0.069702148437500 3683297
0.067871093750000 3685616
0.062072753906250 3700000
0.069213867187500 3700000
0.073669433593750 3692490
0.000000000000000 3688529
0.071960449218750 3685430
0.069274902343750 3690475
0.069641113281250 3696788
0.070251464843750 3688968
0.070617675781250 3693108
0.070007324218750 3686344
0.070922851562500 3699402
0.071655273437500 3692710
0.068298339843750 3700035
0.071105957031250 3700000
0.069152832031250 3700000
0.071289062500000 3700000
0.000000000000000 3699964
0.070617675781250 3700035
0.071411132812500 3699964
0.071533203125000 3685690
0.071411132812500 3694169
0.071228027343750 3696992
0.070739746093750 3700000
0.070068359375000 3699964
0.070495605468750 3696566
0.071044921875000 3683334
0.070678710937500 3695413
0.070190429687500 3694706
0.000000000000000 3696355
0.069824218750000 3688904
0.067871093750000 3693889
0.062194824218750 3692687
0.071716308593750 3700000
0.070861816406250 3692914
0.071899414062500 3694520
0.070190429687500 3692647
0.062133789062500 3699392
0.071777343750000 3700000
0.069824218750000 3693596
0.070190429687500 3692967
0.070495605468750 3686860
0.072692871093750 3691044
0.070617675781250 3683296
0.000000000000000 3683366
0.070739746093750 3684214
0.068908691406250 3699964
0.072753906250000 3700035
0.067993164062500 3699929
0.070434570312500 3700070
0.069396972656250 3700000
0.067932128906250 3700000
0.071594238281250 3700000
0.068847656250000 3700000
0.071655273437500 3699929
0.072570800781250 3700070
0.000000000000000 3700000
0.071655273437500 3700000
0.071533203125000 3699964
0.069519042968750 3700035
0.070556640625000 3699964
0.068481445312500 3700035
0.070922851562500 3690366
0.070800781250000 3692832
0.070068359375000 3683301
0.073181152343750 3695613
0.070068359375000 3693942
0.070556640625000 3683437
0.069702148437500 3683333
0.000000000000000 3694657
0.071350097656250 3700000
0.070556640625000 3700000
0.072204589843750 3700000
0.070434570312500 3699964
0.069091796875000 3700035
0.071777343750000 3700000
0.069946289062500 3699964
0.070739746093750 3696882
0.067626953125000 3699750
0.070861816406250 3699964
0.070251464843750 3699964
0.069030761718750 3700035
0.000000000000000 3696602
0.070434570312500 3699964
0.068359375000000 3700035
0.069458007812500 3700000
0.069641113281250 3700000
0.070678710937500 3700000
0.068725585937500 3700000
0.069824218750000 3699964
0.069580078125000 3696466
0.069702148437500 3692404
0.072082519531250 3700035
0.069091796875000 3700000
0.070556640625000 3700000
0.068969726562500 3700000
0.000000000000000 3700000
0.073059082031250 3700000
0.070251464843750 3688795
0.066894531250000 3691714
0.070922851562500 3688852
0.069824218750000 3700035
0.070983886718750 3685584
0.070190429687500 3689593
0.070251464843750 3699929
0.061828613281250 3687646
0.070739746093750 3683370
0.070800781250000 3683299
0.068176269531250 3692957
0.071777343750000 3696595
0.000000000000000 3698287
0.071533203125000 3683333
0.069824218750000 3690865
0.072082519531250 3696176
0.070739746093750 3688195
0.062988281250000 3683297
0.068603515625000 3683846
0.069641113281250 3696073
0.068603515625000 3689030
0.070800781250000 3689623
0.069641113281250 3700070
0.070068359375000 3699964
0.069458007812500 3700000
0.069641113281250 3692037
0.000000000000000 3689121
0.072082519531250 3683366
0.069519042968750 3683336
0.070007324218750 3683295
0.069946289062500 3683368
0.072509765625000 3683297
0.063232421875000 3690163
0.070068359375000 3695967
0.070800781250000 3693873
0.068481445312500 3686863
0.071655273437500 3687986
0.069702148437500 3685773
0.071044921875000 3684421
0.069885253906250 3694590
0.069885253906250 3683334
0.000000000000000 3683331
0.071594238281250 3683330
0.071166992187500 3694934
0.072387695312500 3697348
0.069946289062500 3691545
0.070068359375000 3683330
0.071655273437500 3694537
0.069030761718750 3683300
0.071044921875000 3694571
0.069580078125000 3698992
0.071228027343750 3700000
0.068176269531250 3699894
0.000000000000000 3700105
0.069763183593750 3700000
0.068481445312500 3699964
0.070678710937500 3700000
0.070251464843750 3700000
0.069580078125000 3700035
0.072021484375000 3699929
0.070190429687500 3700035
0.071289062500000 3700035
0.072082519531250 3700000
0.069519042968750 3696577
0.070678710937500 3700035
0.069946289062500 3697142
0.000000000000000 3686946
0.070861816406250 3695233
0.070251464843750 3700000
0.070617675781250 3700000
0.070800781250000 3700000
0.069274902343750 3700035
0.071716308593750 3700000
0.070129394531250 3699964
0.070190429687500 3695133
0.071533203125000 3683368
0.071777343750000 3684572
0.070434570312500 3683331
0.000000000000000 3689187
0.068542480468750 3699964
0.069396972656250 3688918
0.071472167968750 3690050
0.071044921875000 3687368
0.071228027343750 3699929
0.072631835937500 3684510
0.062133789062500 3690611
0.068786621093750 3686521
0.070251464843750 3689055
0.069824218750000 3699964
0.069702148437500 3699525
0.071716308593750 3697728
0.000000000000000 3694314
0.072692871093750 3697195
0.071411132812500 3700000
0.071472167968750 3694404
0.062255859375000 3691398
0.068298339843750 3690263
0.070007324218750 3689335
0.069641113281250 3700140
0.070312500000000 3699964
0.069030761718750 3700000
0.071533203125000 3700035
0.069946289062500 3699929
0.069458007812500 3700070
0.071105957031250 3699964
0.068786621093750 3700035
0.000000000000000 3700000
0.070251464843750 3700000
0.067016601562500 3700000
0.071472167968750 3700000
0.072753906250000 3700000
0.068420410156250 3699929
0.062072753906250 3700070
0.070373535156250 3700000
0.070861816406250 3699266
0.067932128906250 3694460
0.071105957031250 3700000
0.068847656250000 3697115
0.070068359375000 3691345
0.073303222656250 3698049
0.070312500000000 3693833
0.000000000000000 3685040
0.072021484375000 3685300
0.069824218750000 3697211
0.069580078125000 3687230
0.072753906250000 3684698
0.069824218750000 3689000
0.070861816406250 3693038
0.069824218750000 3687954
0.140808105468750 3692020
0.070373535156250 3699929
0.000000000000000 3685671
0.070495605468750 3683262
0.068969726562500 3696265
0.071655273437500 3696676
0.068725585937500 3686806
0.070190429687500 3689559
0.070922851562500 3696595
0.069946289062500 3685016
0.069458007812500 3686031
0.071899414062500 3683403
0.069030761718750 3684612
0.071228027343750 3692635
0.071655273437500 3690815
0.000000000000000 3686091
0.068786621093750 3687919
0.070434570312500 3699964
0.069274902343750 3693715
0.071594238281250 3698170
0.070312500000000 3683337
0.068908691406250 3692599
0.069824218750000 3683369
0.071044921875000 3690384
0.071838378906250 3689432
0.068786621093750 3688947
0.070556640625000 3699964
0.071228027343750 3700035
0.000000000000000 3700000
0.068786621093750 3699964
0.071411132812500 3700000
0.068115234375000 3700000
0.070068359375000 3688732
0.069519042968750 3692679
0.074096679687500 3683337
0.072265625000000 3689621
0.067871093750000 3695228
0.070983886718750 3696070
0.072692871093750 3683333
0.070495605468750 3693265
0.000000000000000 3684649
0.070800781250000 3693161
0.070617675781250 3700000
0.068481445312500 3699964
0.070983886718750 3684879
0.069152832031250 3692857
0.070007324218750 3700035
0.072082519531250 3699964
0.072326660156250 3700035
0.070190429687500 3700000
0.071655273437500 3693106
0.068481445312500 3696948
0.069824218750000 3697600
0.000000000000000 3698653
0.072082519531250 3699488
0.068725585937500 3694154
0.072753906250000 3695539
0.068176269531250 3700000
0.062927246093750 3699964
0.068969726562500 3700000
0.072143554687500 3699964
0.068786621093750 3700035
0.070068359375000 3700035
0.071289062500000 3699964
0.070861816406250 3700000
0.069396972656250 3700000
0.070739746093750 3700035
0.000000000000000 3700000
0.070434570312500 3699929
0.068420410156250 3700070
0.071105957031250 3699964
0.069091796875000 3700035
0.069519042968750 3700000
0.074462890625000 3700000
0.070312500000000 3695385
0.069702148437500 3693250
0.068420410156250 3683297
0.070495605468750 3683333
0.070068359375000 3697386
0.070983886718750 3694111
0.000000000000000 3694981
0.070312500000000 3683336
0.068481445312500 3683330
0.062500000000000 3683369
0.069824218750000 3698308
0.071655273437500 3699964
0.069152832031250 3689477
0.061828613281250 3688268
0.071166992187500 3700035
0.069824218750000 3688911
0.070861816406250 3689892
0.068298339843750 3698980
0.071411132812500 3700035
0.070312500000000 3700000
0.062316894531250 3699964
0.069396972656250 3700000
0.068603515625000 3700035
0.070190429687500 3699964
0.000000000000000 3700000
0.072143554687500 3688468
0.070861816406250 3691772
0.069091796875000 3700035
0.070434570312500 3692845
0.069458007812500 3692224
0.071472167968750 3683331
0.068054199218750 3683333
0.070678710937500 3683335
0.073059082031250 3686869
0.069335937500000 3698794
0.071838378906250 3686420
0.000000000000000 3687711
0.069152832031250 3695337
0.071411132812500 3692181
0.072937011718750 3696727
0.070739746093750 3691195
0.070373535156250 3694630
0.069824218750000 3689934
0.071716308593750 3683266
0.068237304687500 3690693
0.071899414062500 3700035
0.072021484375000 3690915
0.071350097656250 3694185
0.000000000000000 3699950
0.070800781250000 3691256
0.069519042968750 3687860
0.068969726562500 3691171
0.069702148437500 3698739
0.061828613281250 3683299
0.069519042968750 3694534
0.071289062500000 3692976
0.069580078125000 3688978
0.070861816406250 3687945
0.061950683593750 3687073
0.068298339843750 3700000
0.071960449218750 3695381
0.068969726562500 3693448
0.062866210937500 3699964
0.067749023437500 3697363
0.072631835937500 3693723
0.070251464843750 3694006
0.000000000000000 3688196
0.069458007812500 3683334
0.071899414062500 3690265
0.069396972656250 3685195
0.071899414062500 3698410
0.069274902343750 3686705
0.072326660156250 3700035
0.069824218750000 3700000
0.070190429687500 3699894
0.070922851562500 3700070
0.072021484375000 3700000
0.070190429687500 3700035
0.000000000000000 3700000
0.068298339843750 3699964
0.073059082031250 3700035
0.070861816406250 3699964
0.070068359375000 3700035
0.070190429687500 3693132
0.068847656250000 3683468
0.071289062500000 3683295
0.070861816406250 3683570
0.070861816406250 3697876
0.071166992187500 3697080
0.069152832031250 3683370
0.000000000000000 3683346
0.070129394531250 3690368
0.071289062500000 3683336
0.062377929687500 3694519
0.068847656250000 3683368
0.073913574218750 3689416
0.071655273437500 3698166
0.069519042968750 3692414
0.070556640625000 3696622
0.068969726562500 3692770
0.070861816406250 3692928
0.068969726562500 3685367
0.070617675781250 3683331
0.070739746093750 3687651
0.000000000000000 3700000
0.068115234375000 3700000
0.072753906250000 3699964
0.068603515625000 3700000
0.071594238281250 3700035
0.069885253906250 3699964
0.071044921875000 3696057
0.062072753906250 3686803
0.071716308593750 3683366
0.071716308593750 3689321
0.068237304687500 3691270
0.073486328125000 3683294
0.067932128906250 3686685
0.070556640625000 3694081
0.000000000000000 3687982
0.069458007812500 3694136
0.071655273437500 3690028
0.071228027343750 3690713
0.069030761718750 3683333
0.070739746093750 3687289
0.068603515625000 3692798
0.072143554687500 3683366
0.072937011718750 3684911
0.071166992187500 3686891
0.071655273437500 3691713
0.068908691406250 3694505
0.000000000000000 3683297
0.071228027343750 3694373
0.068603515625000 3683899
0.069946289062500 3683367
0.072509765625000 3683335
0.070190429687500 3683655
0.062255859375000 3695898
0.068969726562500 3700000
0.072082519531250 3700000
0.069152832031250 3699345
0.062011718750000 3690214
0.068054199218750 3700000
0.070983886718750 3696747
0.072509765625000 3699929
0.071105957031250 3700035
0.000000000000000 3692711
0.070861816406250 3700035
0.068725585937500 3699964
0.069396972656250 3698761
0.069152832031250 3700000
0.072692871093750 3699964
0.070922851562500 3700000
0.069580078125000 3700000
0.067260742187500 3700000
0.072937011718750 3700000
0.071411132812500 3700035
0.071044921875000 3699964
0.061950683593750 3700000
0.069580078125000 3700000
0.000000000000000 3700035
0.073059082031250 3700000
0.069274902343750 3700000
0.069396972656250 3700000
0.069274902343750 3697482
0.071716308593750 3695489
0.070312500000000 3700105
0.070312500000000 3700000
0.071716308593750 3699964
0.069519042968750 3700035
0.071594238281250 3700000
0.069152832031250 3698420
0.069702148437500 3688928
0.000000000000000 3700035
0.071228027343750 3700000
0.071594238281250 3699964
0.072021484375000 3693348
0.070739746093750 3684101
0.070434570312500 3693826
0.070129394531250 3684111
0.070800781250000 3698942
0.072448730468750 3691446
0.067382812500000 3686932
0.070251464843750 3694527
0.071533203125000 3683334
0.000000000000000 3686375
0.069763183593750 3697165
0.070495605468750 3699289
0.071411132812500 3683332
0.068420410156250 3692660
0.074951171875000 3684109
0.071411132812500 3686930
0.068908691406250 3691345
0.068908691406250 3683368
0.070800781250000 3696015
0.068481445312500 3700035
0.071166992187500 3700035
0.070190429687500 3699964
0.000000000000000 3700000
0.069396972656250 3696810
0.070983886718750 3700000
0.068542480468750 3693575
0.070312500000000 3688950
0.069091796875000 3695383
0.071594238281250 3683583
0.069763183593750 3700000
0.070556640625000 3699964
0.069641113281250 3700035
0.068603515625000 3700000
0.061828613281250 3700000
0.068969726562500 3700000
0.068847656250000 3696763
0.069030761718750 3700000
0.070861816406250 3699964
0.000000000000000 3700035
0.073059082031250 3685081
0.068176269531250 3694787
0.071899414062500 3683260
0.069824218750000 3696694
0.070922851562500 3696657
0.068298339843750 3698973
0.070617675781250 3696891
0.072021484375000 3698797
0.069946289062500 3693848
0.070495605468750 3686857
0.070434570312500 3697717
0.000000000000000 3694912
0.071350097656250 3693122
0.069213867187500 3684629
0.070068359375000 3693282
0.069763183593750 3683336
0.069030761718750 3683330
0.073791503906250 3683335
0.069519042968750 3683332
0.070983886718750 3683331
0.070129394531250 3687276
0.070556640625000 3698616
0.069641113281250 3700000
0.070922851562500 3700000
0.000000000000000 3700035
0.070495605468750 3699964
0.067810058593750 3700000
0.071411132812500 3700035
0.069519042968750 3700000
0.068969726562500 3700000
0.068725585937500 3699964
0.071777343750000 3700000
0.071655273437500 3700035
0.071044921875000 3700000
0.069396972656250 3699964
0.068481445312500 3700000
0.063537597656250 3537603
0.070495605468750 3699929
0.000000000000000 3700035
0.073425292968750 3700035
0.062500000000000 3699894
0.070678710937500 3700035
0.070495605468750 3700000
0.071044921875000 3700035
0.069519042968750 3700035
0.069091796875000 3699964
0.071044921875000 3689891
0.072021484375000 3699964
0.068359375000000 3692105
0.069763183593750 3691176
0.071044921875000 3686522
0.070373535156250 3692889
0.000000000000000 3687839
0.070922851562500 3683333
0.070190429687500 3686115
0.070922851562500 3698514
0.068725585937500 3695737
0.062072753906250 3695627
0.069030761718750 3693920
0.071716308593750 3700035
0.070068359375000 3696388
0.071838378906250 3700035
0.070190429687500 3700000
0.070983886718750 3700000
0.070373535156250 3700035
0.069030761718750 3700000
0.000000000000000 3700000
0.071716308593750 3700000
0.068603515625000 3700000
0.072509765625000 3700000
0.068786621093750 3699964
0.070495605468750 3700035
0.061828613281250 3699964
0.069824218750000 3700000
0.070678710937500 3700035
0.070190429687500 3700000
0.071838378906250 3699964
0.071838378906250 3700000
0.071716308593750 3688412
0.071838378906250 3696247
0.000000000000000 3688944
0.070617675781250 3695827
0.071411132812500 3692730
0.071716308593750 3683629
0.070251464843750 3688373
0.071105957031250 3698032
0.071533203125000 3694904
0.071289062500000 3700035
0.069396972656250 3700000
0.070861816406250 3699964
0.068725585937500 3690698
0.062194824218750 3687861
0.069152832031250 3689568
0.069152832031250 3700000
0.000000000000000 3690987
0.071594238281250 3691443
0.070617675781250 3691387
0.069458007812500 3687868
0.070068359375000 3697179
0.071044921875000 3695700
0.068603515625000 3685441
0.070312500000000 3700105
0.072021484375000 3699964
0.069946289062500 3700035
0.070617675781250 3699964
0.069396972656250 3700035
0.000000000000000 3699964
0.071044921875000 3700035
0.068481445312500 3700000
0.070312500000000 3700000
0.071289062500000 3699964
0.072143554687500 3700000
0.070068359375000 3700000
0.068786621093750 3700000
0.062072753906250 3700035
0.071838378906250 3690185
0.070312500000000 3694590
0.068420410156250 3697362
0.071533203125000 3687089
0.069885253906250 3686790
0.070129394531250 3691395
0.000000000000000 3697577
0.070983886718750 3683368
0.068420410156250 3691021
0.069213867187500 3699964
0.070434570312500 3700000
0.071960449218750 3691887
0.061828613281250 3687109
0.135375976562500 3693092
0.071899414062500 3689117
0.071166992187500 3696969
0.071289062500000 3690365
0.064331054687500 3683366
0.074523925781250 3692526
0.062622070312500 3689508
0.066467285156250 3699964
0.064208984375000 3700035
0.069458007812500 3700000
0.062438964843750 3699964
0.070739746093750 3700000
0.000000000000000 3700035
0.070068359375000 3699929
0.069091796875000 3700070
0.072631835937500 3700000
0.067687988281250 3699964
0.074035644531250 3699929
0.064270019531250 3700070
0.067810058593750 3700000
0.069091796875000 3700000
0.063964843750000 3700000
0.072326660156250 3700035
0.065185546875000 3700000
0.068054199218750 3700000
0.071960449218750 3700000
0.075378417968750 3699964
0.061950683593750 3700000
0.070190429687500 3700035
0.000000000000000 3700000
0.129150390625000 3700000
0.000000000000000 3700000
0.070312500000000 3699964
0.073608398437500 3700000
0.069091796875000 3700000
0.070068359375000 3700035
0.072387695312500 3693973
0.070678710937500 3686831
0.072265625000000 3683333
0.068054199218750 3698836
0.073303222656250 3699964
0.070556640625000 3686571
0.000000000000000 3700035
0.070922851562500 3697476
0.071289062500000 3690122
0.069824218750000 3683330
0.070983886718750 3687050
0.068237304687500 3696085
0.071716308593750 3687595
0.069885253906250 3690585
0.063476562500000 3690358
0.071594238281250 3686932
0.068176269531250 3699098
0.070068359375000 3700000
0.070922851562500 3686013
0.070739746093750 3689504
0.067749023437500 3698469
0.000000000000000 3693941
0.072448730468750 3689758
0.070495605468750 3700035
0.069519042968750 3687812
0.070922851562500 3692083
0.069152832031250 3692921
0.069458007812500 3699964
0.070495605468750 3700000
0.072265625000000 3700035
0.070312500000000 3700000
0.069519042968750 3700000
0.071716308593750 3700000
0.000000000000000 3700000
0.070068359375000 3699964
0.070617675781250 3700000
0.069030761718750 3700000
0.071289062500000 3687340
0.072692871093750 3684677
0.071289062500000 3695906
0.063293457031250 3683332
0.071044921875000 3683965
0.069702148437500 3698699
0.071105957031250 3696069
0.070556640625000 3690298
0.074645996093750 3683367
0.062133789062500 3684055
0.062500000000000 3693084
0.066284179687500 3692727
0.065979003906250 3700000
0.062805175781250 3700035
0.000000000000000 3699964
0.071594238281250 3700035
0.068969726562500 3700000
0.070739746093750 3699929
0.069885253906250 3700070
0.072998046875000 3700000
0.071655273437500 3699964
0.070068359375000 3700000
0.069946289062500 3700035
0.068542480468750 3700000
0.070495605468750 3700000
0.069824218750000 3699964
0.062194824218750 3700035
0.072448730468750 3700000
0.000000000000000 3699964
0.069641113281250 3699929
0.069946289062500 3698996
0.071105957031250 3696244
0.061889648437500 3689909
0.070007324218750 3685770
0.070129394531250 3698054
0.069824218750000 3692513
0.072814941406250 3683335
0.072082519531250 3695744
0.071411132812500 3691520
0.069824218750000 3696725
0.071350097656250 3699693
0.069152832031250 3697760
0.000000000000000 3692379
0.072143554687500 3693743
0.070556640625000 3700000
0.069274902343750 3700000
0.070129394531250 3692653
0.070739746093750 3683332
0.068481445312500 3683334
0.070800781250000 3695082
0.071289062500000 3698383
0.071166992187500 3693059
0.072082519531250 3700035
0.068176269531250 3698781
0.000000000000000 3690544
0.071105957031250 3686808
0.069763183593750 3688456
0.069274902343750 3699964
0.068176269531250 3686120
0.062683105468750 3693628
0.072753906250000 3683299
0.070495605468750 3683365
0.070434570312500 3691471
0.068481445312500 3683294
0.070373535156250 3692142
0.070739746093750 3699929
0.062194824218750 3700105
0.069946289062500 3699964
0.072937011718750 3700035
0.071533203125000 3699014
0.000000000000000 3687115
0.068603515625000 3700000
0.070739746093750 3696250
0.069091796875000 3692474
0.070556640625000 3696942
0.072570800781250 3700000
0.068359375000000 3700000
0.071166992187500 3700000
0.068603515625000 3699964
0.072631835937500 3700000
0.070190429687500 3700000
0.072814941406250 3700035
0.000000000000000 3699929
0.071411132812500 3700035
0.067810058593750 3700035
0.062927246093750 3700000
0.070434570312500 3700000
0.070373535156250 3699929
0.068603515625000 3700070
0.071777343750000 3699964
0.071166992187500 3699964
0.073730468750000 3700070
0.069946289062500 3700000
0.070434570312500 3699929
0.062500000000000 3700070
0.067749023437500 3699964
0.070251464843750 3700000
0.070190429687500 3699964
0.000000000000000 3700070
0.072875976562500 3693132
0.070617675781250 3697471
0.068176269531250 3694044
0.069213867187500 3683299
0.068847656250000 3686897
0.061828613281250 3693734
0.069274902343750 3700035
0.069824218750000 3693076
0.068542480468750 3699025
0.069702148437500 3691536
0.073547363281250 3700000
0.069702148437500 3699964
0.069152832031250 3700000
0.069946289062500 3696374
0.000000000000000 3689239
0.070556640625000 3700000
0.069702148437500 3700000
0.069946289062500 3700000
0.073364257812500 3699929
0.070922851562500 3700070
0.062744140625000 3699964
0.068420410156250 3700000
0.070556640625000 3700035
0.069702148437500 3699964
0.072631835937500 3700000
0.071533203125000 3700035
0.067810058593750 3699964
0.000000000000000 3700035
0.073608398437500 3700000
0.068298339843750 3700000
0.063415527343750 3699964
0.069458007812500 3700035
0.071960449218750 3700000
0.068908691406250 3699964
0.072082519531250 3700000
0.071838378906250 3700000
0.071166992187500 3700000
0.070373535156250 3700035
0.067871093750000 3699964
0.061828613281250 3700035
0.068481445312500 3700000
0.070373535156250 3699964
0.070495605468750 3700035
0.000000000000000 3700000
0.069274902343750 3690204
0.068481445312500 3688403
0.071838378906250 3683332
0.072265625000000 3683299
0.067932128906250 3686748
0.070373535156250 3690381
0.067993164062500 3694590
0.071350097656250 3694190
0.069458007812500 3695571
0.071960449218750 3695644
0.072937011718750 3698221
0.068969726562500 3687844
0.000000000000000 3686671
0.069458007812500 3699392
0.070800781250000 3692503
0.071044921875000 3693908
0.069702148437500 3696609
0.068298339843750 3693986
0.070861816406250 3683368
0.071044921875000 3685206
0.071044921875000 3693538
0.071289062500000 3699907
0.070434570312500 3688963
0.071044921875000 3688601
0.069702148437500 3689361
0.000000000000000 3683296
0.069885253906250 3683335
0.070251464843750 3683330
0.071166992187500 3683335
0.070922851562500 3683366
0.070068359375000 3694521
0.070556640625000 3699964
0.069091796875000 3700000
0.071044921875000 3687931
0.071350097656250 3683335
0.069946289062500 3698297
0.072937011718750 3696379
0.000000000000000 3683331
0.068481445312500 3690373
0.072753906250000 3683301
0.068969726562500 3686937
0.069152832031250 3683295
0.072509765625000 3686951
0.070312500000000 3686851
0.073608398437500 3683330
0.069213867187500 3683331
0.070251464843750 3683369
0.068298339843750 3695665
0.072570800781250 3696456
0.000000000000000 3700000
0.071716308593750 3700000
0.071105957031250 3687921
0.071289062500000 3698144
0.069946289062500 3689607
0.062744140625000 3697966
0.070007324218750 3683332
0.068969726562500 3690458
0.068420410156250 3683228
0.070861816406250 3685773
0.069824218750000 3685003
0.069519042968750 3690061
0.072509765625000 3700000
0.068725585937500 3690281
0.062255859375000 3691654
0.070007324218750 3685503
0.000000000000000 3697638
0.072204589843750 3690515
0.068115234375000 3686885
0.071533203125000 3693630
0.072753906250000 3685467
0.069946289062500 3696480
0.072570800781250 3689219
0.067565917968750 3688953
0.070861816406250 3700000
0.068847656250000 3700035
0.071899414062500 3685536
0.071594238281250 3687597
0.000000000000000 3694253
0.073303222656250 3698341
0.071105957031250 3699964
0.067382812500000 3684037
0.071350097656250 3691161
0.068542480468750 3700105
0.071594238281250 3694429
0.069274902343750 3693804
0.070129394531250 3683263
0.072143554687500 3683400
0.070617675781250 3699325
0.061767578125000 3700000
0.068298339843750 3700000
0.072387695312500 3699964
0.000000000000000 3700035
0.070617675781250 3700000
0.069824218750000 3700035
0.072387695312500 3700000
0.069213867187500 3699964
0.069702148437500 3700035
0.070617675781250 3699964
0.071533203125000 3700035
0.071411132812500 3700000
0.069396972656250 3699964
0.069030761718750 3700035
0.071777343750000 3699964
0.000000000000000 3700035
0.070922851562500 3699929
0.069519042968750 3697387
0.069763183593750 3695675
0.072326660156250 3700000
0.068969726562500 3700035
0.070617675781250 3699964
0.072143554687500 3700035
0.069274902343750 3700000
0.069396972656250 3700000
0.069274902343750 3699964
0.070251464843750 3700000
0.070312500000000 3697085
0.000000000000000 3573176
0.072021484375000 3699929
0.070007324218750 3700105
0.072814941406250 3700000
0.070617675781250 3700000
0.062927246093750 3699929
0.072082519531250 3700035
0.071044921875000 3700000
0.070434570312500 3688664
0.069152832031250 3683298
0.070190429687500 3693735
0.071899414062500 3697410
0.071166992187500 3700000
0.000000000000000 3699964
0.069274902343750 3699964
0.068603515625000 3700035
0.072021484375000 3700000
0.068176269531250 3700035
0.068969726562500 3699964
0.071289062500000 3694959
0.063659667968750 3690387
0.069519042968750 3683300
0.071289062500000 3683330
0.073059082031250 3694205
0.068481445312500 3693384
0.072570800781250 3687981
0.069946289062500 3690473
0.061950683593750 3693475
0.068359375000000 3686374
0.000000000000000 3687453
0.072387695312500 3692501
0.070617675781250 3685568
0.067932128906250 3691555
0.071350097656250 3693949
0.068908691406250 3683364
0.071594238281250 3694410
0.067749023437500 3692097
0.069335937500000 3685522
0.072387695312500 3685026
0.070373535156250 3696343
0.070617675781250 3692679
0.069396972656250 3683369
0.000000000000000 3690450
0.069885253906250 3687418
0.068725585937500 3684667
0.070068359375000 3683335
0.067504882812500 3683296
0.072082519531250 3683334
0.070739746093750 3683296
0.070739746093750 3684557
0.071838378906250 3696912
0.067810058593750 3694521
0.069824218750000 3683335
0.069519042968750 3694625
0.070739746093750 3693977
0.000000000000000 3690762
0.071105957031250 3696590
0.069946289062500 3695097
0.071044921875000 3694059
0.071716308593750 3689614
0.069946289062500 3697159
0.069519042968750 3693507
0.071655273437500 3684365
0.072204589843750 3691227
0.071289062500000 3687883
0.069519042968750 3690248
0.068359375000000 3683334
0.061828613281250 3683299
0.067993164062500 3687423
0.000000000000000 3698954
0.073425292968750 3699964
0.071655273437500 3699964
0.071472167968750 3700070
0.070495605468750 3699964
0.071899414062500 3700035
0.062072753906250 3699964
0.068115234375000 3700000
0.069824218750000 3700035
0.068786621093750 3697102
0.071533203125000 3700035
0.069763183593750 3698281
0.070190429687500 3691612
0.069396972656250 3690545
0.000000000000000 3683334
0.072082519531250 3694451
0.069152832031250 3696854
0.068664550781250 3683329
0.070495605468750 3694778
0.071594238281250 3699964
0.071350097656250 3692187
0.070495605468750 3698858
0.068603515625000 3688954
0.072021484375000 3696556
0.072814941406250 3689619
0.069396972656250 3694961
0.070007324218750 3700035
0.000000000000000 3694333
0.069152832031250 3689457
0.071350097656250 3684138
0.071838378906250 3693075
0.070922851562500 3699797
0.071166992187500 3699964
0.069824218750000 3700035
0.063293457031250 3696359
0.068725585937500 3687135
0.070739746093750 3687580
0.068176269531250 3683369
0.072509765625000 3687253
0.070495605468750 3689628
0.071777343750000 3700000
0.000000000000000 3700000
0.070983886718750 3700000
0.070373535156250 3700000
0.071838378906250 3699964
0.069763183593750 3700000
0.071716308593750 3700000
0.070251464843750 3700000
0.072265625000000 3700035
0.069702148437500 3699964
0.069213867187500 3700000
0.072509765625000 3700035
0.000000000000000 3700000
0.130676269531250 3700000
0.000000000000000 3699964
0.072814941406250 3700000
0.071105957031250 3700035
0.071960449218750 3699964
0.071044921875000 3700035
0.062377929687500 3699964
0.069824218750000 3700000
0.069763183593750 3700035
0.068237304687500 3699964
0.072265625000000 3700000
0.069824218750000 3700000
0.069152832031250 3700035
0.071838378906250 3693037
0.068847656250000 3698036
0.063232421875000 3696764
0.000000000000000 3690413
0.069458007812500 3700035
0.068603515625000 3700000
0.069274902343750 3699964
0.061950683593750 3700000
0.069641113281250 3700000
0.071411132812500 3700035
0.070312500000000 3700000
0.070251464843750 3698255
0.071655273437500 3686321
0.069030761718750 3692743
0.070739746093750 3698326
0.069030761718750 3690583
0.072082519531250 3699234
0.210266113281250 3693023
0.068542480468750 3690098
0.063049316406250 3686871
0.070617675781250 3690061
0.070251464843750 3688939
0.000000000000000 3694192
0.072143554687500 3691249
0.068786621093750 3694746
0.071716308593750 3697545
0.068298339843750 3694447
0.070495605468750 3684050
0.068603515625000 3694011
0.072143554687500 3694666
0.070068359375000 3689290
0.069519042968750 3688898
0.070861816406250 3694385
0.067443847656250 3632670
0.057983398437500 3598655
0.063232421875000 3598267
0.058410644531250 3594944
0.063964843750000 3586871
0.067810058593750 3587205
0.000000000000000 3583331
0.066955566406250 3588059
0.066162109375000 3587809
0.066467285156250 3594020
0.064025878906250 3583433
0.066833496093750 3583298
0.063842773437500 3593062
0.065917968750000 3596814
0.065979003906250 3600000
0.065246582031250 3600000
0.065917968750000 3600000
0.065002441406250 3596673
0.066650390625000 3599696
0.000000000000000 3586743
0.065124511718750 3599105
0.065185546875000 3589470
0.067749023437500 3595561
0.067138671875000 3586456
0.067443847656250 3591526
0.066040039062500 3593738
0.065734863281250 3583578
0.065795898437500 3583334
0.066406250000000 3597749
0.067382812500000 3600068
0.000000000000000 3599965
0.067321777343750 3597752
0.067321777343750 3586819
0.064697265625000 3586140
0.065063476562500 3598337
0.065002441406250 3584056
0.067260742187500 3596581
0.065429687500000 3600000
0.064392089843750 3600000
0.065612792968750 3584598
0.064697265625000 3597178
0.066162109375000 3598446
0.064636230468750 3583300
0.000000000000000 3595873
0.065673828125000 3583332
0.065917968750000 3587814
0.064086914062500 3596535
0.064514160156250 3598049
0.064086914062500 3594563
0.067260742187500 3593938
0.067993164062500 3598101
0.067382812500000 3599413
0.064941406250000 3600000
0.065246582031250 3598053
0.066345214843750 3593939
0.064208984375000 3594812
0.000000000000000 3597333
0.065917968750000 3592780
0.064636230468750 3590716
0.066406250000000 3583330
0.067504882812500 3590322
0.065002441406250 3594303
0.065368652343750 3583334
0.063781738281250 3584979
0.067260742187500 3592284
0.064208984375000 3590569
0.066223144531250 3585785
0.066040039062500 3600034
0.063842773437500 3599965
0.000000000000000 3599965
0.066711425781250 3593173
0.066101074218750 3593128
0.066406250000000 3600000
0.065429687500000 3600000
0.067504882812500 3600000
0.066162109375000 3599436
0.064025878906250 3590370
0.065673828125000 3593228
0.066162109375000 3600000
0.058471679687500 3599676
0.065002441406250 3597931
0.065307617187500 3591316
0.064575195312500 3586559
0.000000000000000 3599931
0.067749023437500 3600102
0.066833496093750 3599965
0.064819335937500 3600000
0.067687988281250 3596399
0.065368652343750 3597252
0.057922363281250 3599934
0.064636230468750 3600034
0.066101074218750 3590567
0.065979003906250 3583366
0.067138671875000 3596934
0.066040039062500 3589189
0.065795898437500 3588342
0.066772460937500 3586896
0.000000000000000 3592896
0.064392089843750 3600000
0.067138671875000 3600000
0.066284179687500 3600000
0.065551757812500 3600000
0.065429687500000 3599965
0.065185546875000 3600034
0.066162109375000 3600000
0.065734863281250 3590654
0.065551757812500 3595493
0.066894531250000 3600000
0.064758300781250 3600034
0.067077636718750 3595969
0.000000000000000 3594363
0.064758300781250 3600034
0.066406250000000 3600000
0.065734863281250 3600000
0.058471679687500 3600034
0.065002441406250 3589433
0.065429687500000 3596697
0.065795898437500 3600000
0.067321777343750 3596576
0.065979003906250 3596047
0.064147949218750 3597074
0.066711425781250 3599931
0.068786621093750 3600068
0.064636230468750 3593102
0.000000000000000 3600000
0.066040039062500 3600000
0.065429687500000 3595595
0.057678222656250 3590566
0.065917968750000 3589241
0.065734863281250 3600000
0.063903808593750 3596072
0.064025878906250 3590591
0.067565917968750 3583334
0.064636230468750 3598303
0.065490722656250 3600000
0.064331054687500 3586504
0.067199707031250 3597369
0.066406250000000 3595212
0.000000000000000 3596019
0.065979003906250 3597067
0.066345214843750 3600000
0.064270019531250 3600000
0.066467285156250 3589265
0.065002441406250 3600000
0.067382812500000 3600000
0.064514160156250 3600000
0.057861328125000 3600000
0.066711425781250 3600000
0.065856933593750 3600000
0.065429687500000 3600000
0.063659667968750 3600000
0.066040039062500 3600034
0.064208984375000 3599965
0.000000000000000 3600000
0.067199707031250 3600000
0.062866210937500 3589382
0.066345214843750 3596632
0.065856933593750 3600000
0.065795898437500 3600000
0.065795898437500 3599965
0.064208984375000 3596569
0.068359375000000 3600000
0.064208984375000 3600000
0.066833496093750 3595647
0.065429687500000 3597511
0.064392089843750 3600000
0.000000000000000 3600000
0.067138671875000 3600000
0.063110351562500 3600000
0.064758300781250 3600000
0.067138671875000 3597808
0.066833496093750 3595091
0.065612792968750 3600000
0.064270019531250 3589640
0.065002441406250 3600000
0.066284179687500 3600000
0.066406250000000 3600000
0.065307617187500 3600000
0.068420410156250 3595431
0.000000000000000 3594166
0.065917968750000 3600000
0.066894531250000 3599965
0.065673828125000 3600068
0.066894531250000 3599965
0.066162109375000 3600000
0.063659667968750 3600000
0.067871093750000 3600000
0.064880371093750 3600034
0.065429687500000 3596491
0.065246582031250 3600034
0.066894531250000 3600034
0.000000000000000 3600000
0.066772460937500 3600000
0.065734863281250 3599828
0.066589355468750 3600171
0.068725585937500 3600000
0.063415527343750 3588457
0.066833496093750 3583261
0.065368652343750 3593494
0.066467285156250 3600000
0.068115234375000 3595383
0.066101074218750 3590370
0.000000000000000 3600000
0.066589355468750 3594563
0.064941406250000 3598590
0.066101074218750 3599965
0.065612792968750 3599931
0.068054199218750 3600034
0.067565917968750 3596630
0.064086914062500 3596548
0.067565917968750 3600000
0.064819335937500 3600000
0.065917968750000 3600000
0.064514160156250 3600000
0.058837890625000 3600000
0.063049316406250 3600000
0.000000000000000 3600000
0.069091796875000 3600000
0.066711425781250 3600000
0.062622070312500 3600000
0.068237304687500 3600000
0.064575195312500 3599965
0.066101074218750 3600034
0.064208984375000 3600000
0.066345214843750 3599965
0.066162109375000 3594613
0.064819335937500 3584612
0.067199707031250 3600000
0.064636230468750 3596164
0.000000000000000 3598882
0.066711425781250 3590741
0.067565917968750 3600000
0.064270019531250 3600000
0.058349609375000 3600000
0.064819335937500 3600000
0.067138671875000 3600000
0.064636230468750 3600000
0.067016601562500 3600000
0.064575195312500 3599679
0.067687988281250 3593339
0.066650390625000 3599965
0.064086914062500 3600034
0.000000000000000 3599965
0.066528320312500 3600068
0.065795898437500 3599897
0.066345214843750 3600068
0.063842773437500 3596314
0.065490722656250 3596787
0.066711425781250 3600000
0.065612792968750 3599931
0.065612792968750 3600068
0.064331054687500 3600000
0.065612792968750 3600000
0.066772460937500 3600000
0.064880371093750 3599965
0.000000000000000 3600000
0.067199707031250 3600000
0.063110351562500 3600034
0.066833496093750 3600034
0.066650390625000 3599965
0.067199707031250 3600000
0.066406250000000 3599965
0.065124511718750 3600034
0.059082031250000 3600000
0.066101074218750 3600000
0.057922363281250 3600000
0.064392089843750 3600000
0.066284179687500 3600000
0.066101074218750 3600000
0.065979003906250 3600000
0.000000000000000 3599931
0.065368652343750 3600068
0.067077636718750 3600034
0.066833496093750 3599965
0.064208984375000 3600000
0.065795898437500 3600000
0.064392089843750 3600000
0.065063476562500 3600000
0.065734863281250 3600000
0.065917968750000 3599965
0.065490722656250 3600034
0.064575195312500 3596586
0.065307617187500 3599965
0.000000000000000 3600034
0.064514160156250 3600000
0.063903808593750 3599965
0.063781738281250 3592752
0.067199707031250 3596382
0.068115234375000 3600000
0.065063476562500 3600034
0.057556152343750 3599965
0.064270019531250 3600000
0.066284179687500 3599931
0.064147949218750 3586263
0.064453125000000 3599920
0.063720703125000 3600000
0.065307617187500 3600000
0.066894531250000 3600000
0.063232421875000 3599897
0.000000000000000 3600137
0.067749023437500 3596327
0.063659667968750 3600102
0.068420410156250 3600000
0.062438964843750 3600000
0.066284179687500 3600000
0.065551757812500 3600000
0.066223144531250 3592762
0.068725585937500 3600000
0.065795898437500 3589847
0.064758300781250 3592376
0.064208984375000 3600068
0.000000000000000 3589607
0.066955566406250 3600000
0.065734863281250 3596513
0.065795898437500 3598634
0.067260742187500 3590950
0.064025878906250 3600000
0.067626953125000 3600000
0.064697265625000 3600000
0.058349609375000 3600000
0.064086914062500 3596468
0.063659667968750 3600000
0.067565917968750 3590820
0.065429687500000 3583910
0.064392089843750 3600000
0.064819335937500 3599931
0.000000000000000 3600068
0.067321777343750 3600000
0.066223144531250 3599965
0.064331054687500 3600034
0.064941406250000 3600000
0.065307617187500 3600000
0.058837890625000 3643706
0.069824218750000 3800000
0.073608398437500 3783493
0.070556640625000 3700035
0.062988281250000 3700000
0.071472167968750 3699929
0.070190429687500 3693117
0.069030761718750 3696378
0.068603515625000 3700000
0.062561035156250 3700000
0.069458007812500 3699964
0.000000000000000 3700000
0.068664550781250 3700000
0.068725585937500 3700035
0.071594238281250 3699964
0.071716308593750 3693289
0.069702148437500 3683330
0.061828613281250 3687349
0.069763183593750 3696879
0.070983886718750 3683296
0.070007324218750 3693812
0.069946289062500 3683370
0.070495605468750 3693273
0.070617675781250 3697734
0.067504882812500 3683331
0.070983886718750 3633216
0.000000000000000 3698076
0.070861816406250 3684290
0.070861816406250 3696541
0.071655273437500 3699964
0.070739746093750 3696656
0.068420410156250 3699471
0.069641113281250 3683371
0.071289062500000 3699473
0.071044921875000 3700035
0.068054199218750 3693024
0.072509765625000 3700000
0.070739746093750 3699929
0.000000000000000 3700070
0.070861816406250 3699929
0.070678710937500 3700070
0.070129394531250 3697157
0.070190429687500 3699386
0.069824218750000 3700000
0.072570800781250 3693025
0.072570800781250 3700035
0.069335937500000 3700000
0.071166992187500 3700000
0.070068359375000 3699964
0.071777343750000 3700035
0.000000000000000 3699252
0.068481445312500 3688291
0.069763183593750 3696518
0.073181152343750 3700000
0.070007324218750 3697591
0.071777343750000 3700000
0.070434570312500 3692920
0.073181152343750 3699964
0.069458007812500 3700000
0.072326660156250 3700000
0.072570800781250 3691030
0.000000000000000 3694912
0.134704589843750 3699964
0.000000000000000 3700000
0.070495605468750 3700035
0.072998046875000 3700000
0.069458007812500 3700000
0.062561035156250 3699964
0.070861816406250 3692975
0.069396972656250 3699964
0.071594238281250 3697989
0.067810058593750 3698631
0.072631835937500 3699400
0.069702148437500 3697158
0.070190429687500 3687056
0.071838378906250 3699150
0.000000000000000 3700000
0.070312500000000 3696484
0.069824218750000 3700070
0.070983886718750 3699964
0.071411132812500 3700000
0.062622070312500 3700035
0.062194824218750 3700000
0.069946289062500 3699964
0.071899414062500 3700035
0.068786621093750 3700000
0.070251464843750 3688199
0.072937011718750 3683266
0.071472167968750 3690787
0.072326660156250 3684803
0.069335937500000 3696500
0.000000000000000 3700000
0.070312500000000 3697270
0.071166992187500 3688629
0.068420410156250 3693155
0.070495605468750 3700000
0.069580078125000 3686985
0.071594238281250 3698825
0.068237304687500 3685714
0.069946289062500 3696636
0.070129394531250 3699964
0.069213867187500 3700000
0.072082519531250 3700000
0.068481445312500 3700000
0.000000000000000 3700035
0.070922851562500 3700000
0.067260742187500 3699929
0.070617675781250 3700070
0.069824218750000 3699964
0.068664550781250 3700000
0.070678710937500 3700035
0.069213867187500 3696582
0.070495605468750 3699964
0.070495605468750 3692709
0.063110351562500 3700035
0.069641113281250 3700000
0.067749023437500 3699964
0.070617675781250 3700000
0.068908691406250 3696488
0.072387695312500 3700000
0.000000000000000 3700000
0.072814941406250 3700000
0.074523925781250 3700000
0.073486328125000 3687803
0.069335937500000 3687864
0.065246582031250 3699964
0.067565917968750 3700035
0.075134277343750 3699964
0.067016601562500 3699929
0.068725585937500 3700035
0.067443847656250 3700035
0.062622070312500 3697966
0.065124511718750 3698634
0.075744628906250 3700000
0.066406250000000 3700000
0.066284179687500 3700000
0.000000000000000 3695616
0.070983886718750 3694326
0.075195312500000 3689505
0.072692871093750 3700070
0.062927246093750 3698485
0.069580078125000 3698009
0.071472167968750 3700000
0.068725585937500 3700000
0.061950683593750 3699964
0.070129394531250 3696601
0.070190429687500 3700000
0.067443847656250 3697727
0.070861816406250 3698865
0.071533203125000 3700000
0.000000000000000 3699964
0.071289062500000 3696731
0.068908691406250 3699964
0.070373535156250 3700035
0.070434570312500 3700000
0.069519042968750 3700000
0.068725585937500 3700000
0.068725585937500 3692915
0.070007324218750 3689618
0.073974609375000 3699964
0.067749023437500 3699074
0.071105957031250 3692262
0.066711425781250 3696188
0.070434570312500 3698191
0.000000000000000 3699964
0.071594238281250 3700070
0.070617675781250 3690972
0.072082519531250 3691357
0.071838378906250 3692735
0.070983886718750 3699929
0.069152832031250 3696765
0.070678710937500 3698634
0.068176269531250 3694702
0.070617675781250 3687399
0.073608398437500 3697555
0.070068359375000 3695500
0.061889648437500 3699964
0.067993164062500 3700000
0.000000000000000 3700035
0.071044921875000 3700000
0.069824218750000 3700000
0.069946289062500 3700000
0.068176269531250 3699964
0.070251464843750 3700035
0.071960449218750 3700000
0.069641113281250 3699964
0.069519042968750 3700035
0.068969726562500 3699964
0.071777343750000 3700000
0.061828613281250 3700035
0.070312500000000 3700000
0.072387695312500 3700000
0.063659667968750 3699964
0.062072753906250 3700000
0.070190429687500 3700000
0.000000000000000 3700035
0.071411132812500 3700000
0.068725585937500 3699964
0.071716308593750 3700035
0.074279785156250 3699929
0.063415527343750 3700035
0.078552246093750 3700035
0.064575195312500 3700000
0.063354492187500 3699929
0.071960449218750 3700000
0.070129394531250 3700035
0.069946289062500 3700000
0.070434570312500 3700000
0.071716308593750 3700035
0.000000000000000 3700000
0.068298339843750 3700000
0.069702148437500 3700000
0.068420410156250 3699964
0.071228027343750 3700035
0.070068359375000 3699964
0.068664550781250 3700035
0.068664550781250 3699964
0.069396972656250 3700000
0.071411132812500 3700035
0.068847656250000 3700000
0.076721191406250 3700000
0.070800781250000 3699759
0.062744140625000 3684759
0.000000000000000 3699143
0.070617675781250 3699964
0.071472167968750 3699964
0.070800781250000 3692994
0.069824218750000 3700000
0.062805175781250 3699964
0.069885253906250 3700000
0.070922851562500 3694302
0.069152832031250 3684182
0.077819824218750 3700035
0.061828613281250 3700000
0.069946289062500 3699964
0.070495605468750 3694740
0.070922851562500 3700035
0.000000000000000 3689873
0.071594238281250 3683401
0.070068359375000 3683302
0.071716308593750 3686053
0.070617675781250 3685660
0.070312500000000 3695806
0.061950683593750 3691926
0.069641113281250 3693966
0.070251464843750 3699964
0.068542480468750 3700035
0.071533203125000 3699964
0.075744628906250 3700000
0.066101074218750 3700000
0.063293457031250 3693095
0.064392089843750 3699964
0.072448730468750 3700035
0.000000000000000 3698250
0.069824218750000 3691346
0.072143554687500 3700000
0.069702148437500 3700035
0.062561035156250 3695687
0.068908691406250 3693693
0.070678710937500 3699964
0.070312500000000 3700000
0.069091796875000 3699285
0.072387695312500 3687872
0.068725585937500 3692534
0.071228027343750 3700000
0.069885253906250 3700000
0.072753906250000 3700000
0.000000000000000 3700000
0.072143554687500 3699964
0.067810058593750 3700035
0.071044921875000 3699964
0.071533203125000 3700035
0.071289062500000 3699964
0.068908691406250 3700000
0.070617675781250 3700000
0.062805175781250 3700000
0.071166992187500 3700035
0.072143554687500 3700000
0.070129394531250 3699964
0.071777343750000 3700000
0.068847656250000 3700000
0.000000000000000 3700000
0.071960449218750 3700000
0.070495605468750 3700035
0.071166992187500 3700000
0.070800781250000 3699964
0.070434570312500 3700035
0.061828613281250 3699964
0.071350097656250 3700000
0.070617675781250 3699964
0.071166992187500 3700070
0.062194824218750 3699964
0.070617675781250 3700000
0.068359375000000 3700035
0.070251464843750 3700000
0.069885253906250 3690456
0.000000000000000 3693716
0.069702148437500 3699375
0.071594238281250 3689599
0.068725585937500 3692528
0.069641113281250 3697134
0.062011718750000 3699964
0.070373535156250 3700035
0.069641113281250 3700000
0.071228027343750 3700000
0.069824218750000 3700000
0.072631835937500 3700000
0.072753906250000 3700000
0.070861816406250 3700000
0.000000000000000 3700000
0.071044921875000 3699964
0.072387695312500 3700000
0.070617675781250 3700035
0.069946289062500 3699964
0.072326660156250 3700035
0.071166992187500 3699964
0.068115234375000 3700000
0.070190429687500 3700000
0.070190429687500 3700000
0.070800781250000 3700035
0.071899414062500 3699929
0.000000000000000 3700035
0.071228027343750 3700000
0.070800781250000 3700000
0.068908691406250 3700000
0.073181152343750 3700000
0.070556640625000 3700000
0.069274902343750 3699929
0.068420410156250 3700105
0.071166992187500 3699894
0.070922851562500 3700070
0.070129394531250 3700000
0.069824218750000 3700035
0.068664550781250 3699964
0.000000000000000 3700000
0.071533203125000 3700035
0.070373535156250 3699929
0.070251464843750 3700070
0.070983886718750 3700000
0.068298339843750 3698008
0.071411132812500 3698550
0.068481445312500 3700035
0.069458007812500 3699964
0.071105957031250 3700000
0.072326660156250 3699964
0.069274902343750 3700070
0.068420410156250 3699964
0.070495605468750 3700000
0.000000000000000 3700035
0.069396972656250 3700000
0.071289062500000 3699964
0.068969726562500 3700035
0.070190429687500 3700000
0.071533203125000 3700000
0.069396972656250 3700000
0.062561035156250 3699964
0.068298339843750 3700035
0.061828613281250 3699964
0.070190429687500 3700035
0.063049316406250 3699964
0.069946289062500 3700035
0.071289062500000 3700000
0.071655273437500 3700000
0.069030761718750 3700000
0.070922851562500 3700000
0.000000000000000 3700000
0.068603515625000 3699964
0.071166992187500 3700000
0.070739746093750 3699964
0.070800781250000 3700035
0.068725585937500 3700035
0.070373535156250 3699964
0.069458007812500 3700000
0.070312500000000 3700000
0.071228027343750 3700035
0.069946289062500 3699859
0.069702148437500 3700140
0.069885253906250 3699964
0.000000000000000 3700035
0.071594238281250 3699964
0.070190429687500 3700000
0.070373535156250 3699964
0.068542480468750 3700035
0.067565917968750 3700000
0.073486328125000 3700000
0.068725585937500 3700035
0.071899414062500 3700000
0.069458007812500 3699929
0.069702148437500 3700035
0.070434570312500 3700000
0.068115234375000 3700035
0.070312500000000 3700000
0.000000000000000 3700000
0.069213867187500 3699964
0.070739746093750 3700000
0.070617675781250 3700000
0.070068359375000 3700000
0.070373535156250 3700000
0.070251464843750 3700035
0.071228027343750 3697008
0.068664550781250 3700105
0.071044921875000 3700000
0.071716308593750 3699964
0.071533203125000 3700000
0.000000000000000 3700035
0.071289062500000 3699964
0.070495605468750 3697150
0.069396972656250 3696546
0.068237304687500 3691670
0.071716308593750 3683334
0.071838378906250 3693155
0.068603515625000 3700000
0.070434570312500 3699964
0.069946289062500 3700000
0.071166992187500 3699762
0.068359375000000 3700000
0.069519042968750 3699964
0.070922851562500 3700000
0.000000000000000 3700035
0.069580078125000 3699964
0.071838378906250 3700000
0.068481445312500 3700000
0.071472167968750 3700000
0.069702148437500 3700000
0.070312500000000 3700000
0.070373535156250 3693611
0.070617675781250 3692814
0.062866210937500 3700000
0.069152832031250 3690920
0.070861816406250 3695700
0.069030761718750 3700035
0.069702148437500 3700035
0.000000000000000 3693957
0.071166992187500 3683334
0.070556640625000 3695255
0.069641113281250 3696561
0.069274902343750 3696947
0.071166992187500 3699163
0.069274902343750 3700000
0.071594238281250 3695987
0.068420410156250 3696577
0.071228027343750 3700035
0.070983886718750 3696584
0.068420410156250 3699929
0.071044921875000 3700070
0.067810058593750 3699420
0.000000000000000 3693876
0.071838378906250 3686803
0.070861816406250 3698811
0.072814941406250 3699964
0.070129394531250 3685994
0.068847656250000 3685854
0.070251464843750 3687921
0.068786621093750 3683331
0.069213867187500 3683336
0.068359375000000 3695342
0.062011718750000 3699089
0.068542480468750 3696470
0.071716308593750 3700000
0.071594238281250 3687144
0.000000000000000 3690357
0.069213867187500 3683330
0.071594238281250 3694533
0.071289062500000 3687346
0.069702148437500 3683367
0.068420410156250 3683334
0.072387695312500 3696241
0.071533203125000 3687985
0.068298339843750 3684127
0.070068359375000 3700000
0.069702148437500 3689421
0.062622070312500 3700035
0.069885253906250 3700000
0.070922851562500 3692604
0.000000000000000 3696164
0.072875976562500 3683299
0.074523925781250 3694507
0.069702148437500 3683334
0.068847656250000 3693939
0.068664550781250 3694161
0.070800781250000 3693207
0.063171386718750 3690367
0.073059082031250 3691686
0.069519042968750 3698164
0.069946289062500 3698483
0.071166992187500 3699929
0.068908691406250 3700035
0.069030761718750 3695845
0.000000000000000 3697265
0.072143554687500 3692212
0.070678710937500 3695355
0.071044921875000 3699964
0.069946289062500 3700000
0.070068359375000 3700000
0.070190429687500 3700035
0.071289062500000 3699929
0.070495605468750 3700035
0.072631835937500 3700035
0.069091796875000 3699929
0.071594238281250 3700035
0.000000000000000 3700000
0.070861816406250 3700000
0.070678710937500 3700000
0.067565917968750 3700035
0.071044921875000 3700000
0.071289062500000 3700000
0.069580078125000 3700000
0.069885253906250 3700000
0.068847656250000 3694649
0.070739746093750 3689154
0.069946289062500 3688733
0.070068359375000 3684741
0.071533203125000 3683366
0.000000000000000 3688281
0.069335937500000 3688953
0.071411132812500 3684729
0.068054199218750 3695807
0.070495605468750 3699964
0.070983886718750 3693051
0.070861816406250 3693541
0.071899414062500 3683334
0.071350097656250 3688439
0.069824218750000 3689556
0.070739746093750 3689588
0.061767578125000 3683334
0.069458007812500 3694557
0.070190429687500 3687840
0.000000000000000 3690282
0.068725585937500 3693173
0.070495605468750 3700000
0.070617675781250 3690371
0.068664550781250 3683297
0.069274902343750 3683333
0.068847656250000 3687796
0.073059082031250 3683366
0.066955566406250 3691028
0.072082519531250 3683333
0.068664550781250 3690177
0.070617675781250 3683403
0.070312500000000 3683368
0.069519042968750 3683299
0.061828613281250 3690380
0.070678710937500 3685803
0.000000000000000 3686900
0.071472167968750 3683300
0.069580078125000 3694526
0.069641113281250 3683369
0.071105957031250 3689435
0.070495605468750 3692159
0.062622070312500 3686964
0.068359375000000 3694096
0.070251464843750 3696045
0.068298339843750 3698560
0.070190429687500 3689361
0.073059082031250 3690672
0.070983886718750 3687257
0.069702148437500 3688957
0.000000000000000 3700035
0.068847656250000 3699964
0.072631835937500 3688453
0.069152832031250 3685843
0.070251464843750 3695637
0.069519042968750 3700035
0.069763183593750 3685742
0.073059082031250 3689810
0.069213867187500 3688875
0.071044921875000 3687039
0.070556640625000 3691092
0.072875976562500 3689515
0.000000000000000 3694826
0.071105957031250 3691145
0.070983886718750 3700000
0.071533203125000 3689323
0.071166992187500 3688094
0.070617675781250 3683370
0.068481445312500 3683332
0.070861816406250 3683332
0.062194824218750 3695908
0.072082519531250 3692583
0.070983886718750 3695006
0.067932128906250 3683294
0.069824218750000 3691912
0.071166992187500 3697746
0.000000000000000 3691329
0.070373535156250 3689546
0.072937011718750 3690359
0.068908691406250 3683297
0.070312500000000 3683371
0.071289062500000 3691823
0.070739746093750 3689300
0.068664550781250 3688497
0.069030761718750 3683261
0.071960449218750 3694673
0.066589355468750 3697154
0.070190429687500 3693873
0.069885253906250 3691798
0.000000000000000 3697860
0.072998046875000 3700035
0.070495605468750 3693285
0.070434570312500 3683298
0.071533203125000 3695356
0.070861816406250 3692450
0.069274902343750 3683509
0.069091796875000 3695524
0.069274902343750 3683333
0.070129394531250 3686858
0.068786621093750 3697845
0.072692871093750 3700000
0.070617675781250 3700000
0.000000000000000 3699964
0.069763183593750 3696671
0.069396972656250 3700105
0.072814941406250 3700000
0.068908691406250 3700000
0.070922851562500 3699964
0.067626953125000 3700035
0.069763183593750 3700000
0.071289062500000 3699964
0.068664550781250 3699929
0.069824218750000 3700105
0.070678710937500 3699964
0.072509765625000 3700000
0.000000000000000 3696954
0.069458007812500 3692418
0.070800781250000 3696114
0.069702148437500 3697726
0.069519042968750 3691922
0.071594238281250 3692609
0.069519042968750 3700000
0.068786621093750 3692383
0.070190429687500 3691997
0.071533203125000 3684470
0.069335937500000 3692700
0.069458007812500 3696573
0.069641113281250 3696965
0.068420410156250 3688222
0.062072753906250 3700000
0.068054199218750 3700000
0.000000000000000 3700000
0.070129394531250 3700035
0.070739746093750 3700000
0.072631835937500 3699964
0.062622070312500 3700035
0.068420410156250 3699964
0.070251464843750 3700035
0.067932128906250 3700000
0.072265625000000 3700000
0.067504882812500 3699929
0.062011718750000 3700070
0.069396972656250 3700000
0.071411132812500 3699964
0.070678710937500 3689683
0.068908691406250 3696387
0.070495605468750 3700000
0.000000000000000 3699929
0.068237304687500 3700070
0.070556640625000 3700000
0.068054199218750 3699964
0.072082519531250 3700000
0.069519042968750 3699929
0.069824218750000 3700070
0.071594238281250 3700035
0.069702148437500 3699964
0.069946289062500 3700000
0.070495605468750 3700035
0.071533203125000 3700000
0.071594238281250 3700000
0.000000000000000 3699964
0.069274902343750 3700000
0.070617675781250 3700000
0.067932128906250 3700035
0.070922851562500 3699964
0.069396972656250 3700000
0.069396972656250 3699964
0.069702148437500 3700035
0.073730468750000 3700035
0.069091796875000 3699964
0.068420410156250 3700000
0.070190429687500 3700035
0.068725585937500 3700000
0.071838378906250 3700000
0.000000000000000 3700000
0.071594238281250 3699964
0.068664550781250 3700035
0.070617675781250 3699964
0.069274902343750 3700000
0.070129394531250 3700035
0.068237304687500 3700000
0.069274902343750 3700000
0.070312500000000 3699964
0.070434570312500 3700035
0.070373535156250 3699964
0.070251464843750 3700000
0.072326660156250 3700000
0.000000000000000 3700035
0.068908691406250 3699964
0.071411132812500 3700035
0.070678710937500 3693596
0.069152832031250 3690695
0.070251464843750 3683367
0.061950683593750 3689884
0.070190429687500 3699964
0.069580078125000 3688909
0.070983886718750 3684077
0.072143554687500 3683332
0.071044921875000 3696519
0.071716308593750 3687640
0.068359375000000 3692876
0.000000000000000 3698052
0.070373535156250 3693106
0.070556640625000 3694776
0.070190429687500 3690934
0.068908691406250 3683334
0.070617675781250 3683330
0.072387695312500 3689460
0.070556640625000 3688970
0.069519042968750 3689221
0.069946289062500 3700000
0.070617675781250 3688902
0.070190429687500 3690350
0.070922851562500 3691101
0.000000000000000 3695517
0.070922851562500 3700000
0.070678710937500 3686119
0.071044921875000 3700035
0.069091796875000 3699964
0.070739746093750 3700000
0.068847656250000 3700000
0.062072753906250 3700035
0.074096679687500 3699964
0.068908691406250 3700000
0.061706542968750 3700000
0.069274902343750 3700000
0.068969726562500 3688020
0.070800781250000 3691028
0.069702148437500 3699964
0.069091796875000 3692638
0.000000000000000 3697995
0.070678710937500 3685351
0.071044921875000 3683335
0.070007324218750 3683299
0.069580078125000 3688234
0.209594726562500 3688823
0.072937011718750 3700070
0.071289062500000 3700000
0.069030761718750 3700000
0.073059082031250 3699964
0.069458007812500 3700000
0.071716308593750 3700035
0.068847656250000 3700000
0.070190429687500 3700000
0.069824218750000 3699964
0.067932128906250 3700035
0.070617675781250 3699964
0.000000000000000 3699964
0.069519042968750 3700070
0.070251464843750 3699929
0.070556640625000 3700035
0.070007324218750 3700000
0.071655273437500 3699929
0.069519042968750 3700105
0.071228027343750 3699753
0.068664550781250 3700211
0.070861816406250 3700035
0.068847656250000 3699964
0.070373535156250 3700000
0.000000000000000 3699964
0.072021484375000 3700035
0.070495605468750 3700035
0.070068359375000 3700000
0.068481445312500 3700000
0.070373535156250 3700000
0.068481445312500 3700000
0.069274902343750 3699964
0.070800781250000 3699964
0.070983886718750 3700070
0.062072753906250 3700000
0.072387695312500 3699964
0.070617675781250 3700035
0.068908691406250 3699964
0.072021484375000 3700000
0.000000000000000 3700035
0.069091796875000 3699964
0.071289062500000 3700000
0.070495605468750 3700000
0.070312500000000 3700000
0.071044921875000 3699964
0.069274902343750 3700035
0.070251464843750 3700000
0.067199707031250 3700035
0.071899414062500 3693033
0.071594238281250 3700035
0.068664550781250 3696568
0.072509765625000 3685790
0.000000000000000 3687249
0.069519042968750 3690332
0.069946289062500 3695818
0.069702148437500 3693818
0.071289062500000 3700000
0.069763183593750 3700000
0.071166992187500 3700000
0.068847656250000 3700035
0.069641113281250 3700000
0.069946289062500 3699964
0.070922851562500 3700000
0.071350097656250 3700000
0.071838378906250 3700000
0.000000000000000 3700035
0.071350097656250 3699859
0.069030761718750 3700105
0.072204589843750 3700000
0.071533203125000 3700000
0.068298339843750 3700000
0.072692871093750 3700035
0.062500000000000 3700000
0.071716308593750 3699964
0.071899414062500 3700000
0.069824218750000 3700000
0.071899414062500 3700035
0.070129394531250 3699964
0.000000000000000 3699964
0.070617675781250 3700070
0.071105957031250 3700000
0.068298339843750 3700000
0.062072753906250 3699964
0.068298339843750 3700035
0.068969726562500 3699964
0.070922851562500 3700000
0.062255859375000 3700035
0.069763183593750 3699964
0.070251464843750 3700000
0.068603515625000 3695094
0.067443847656250 3700000
0.062316894531250 3700000
0.069213867187500 3699964
0.071411132812500 3700035
0.069519042968750 3699964
0.069641113281250 3700035
0.062255859375000 3700000
0.073730468750000 3767697
0.000000000000000 3800036
0.079284667968750 3800000
0.074279785156250 3799963
0.076049804687500 3800036
0.075805664062500 3800000
0.078186035156250 3800000
0.076904296875000 3799963
0.078979492187500 3800000
0.078857421875000 3800036
0.074035644531250 3800000
0.075317382812500 3799963
0.074951171875000 3800036
0.074951171875000 3800000
0.000000000000000 3800000
0.076721191406250 3799963
0.075561523437500 3800036
0.078796386718750 3800000
0.074890136718750 3799963
0.077575683593750 3800036
0.073425292968750 3800000
0.078125000000000 3800000
0.074890136718750 3800036
0.075866699218750 3799927
0.080139160156250 3800036
0.074462890625000 3800000
0.000000000000000 3800000
0.077392578125000 3800000
0.074462890625000 3800000
0.076660156250000 3800000
0.075866699218750 3800000
0.074035644531250 3800000
0.074218750000000 3800000
0.074462890625000 3800000
0.063964843750000 3799963
0.071350097656250 3800036
0.063293457031250 3799927
0.071472167968750 3800072
0.075439453125000 3800000
0.072326660156250 3800000
0.000000000000000 3800000
0.072265625000000 3799891
0.070861816406250 3800108
0.073364257812500 3800000
0.072875976562500 3800000
0.070495605468750 3799891
0.070800781250000 3800108
0.072204589843750 3799963
0.073059082031250 3800036
0.072570800781250 3800000
0.071472167968750 3799963
0.073364257812500 3800036
0.071594238281250 3800000
0.000000000000000 3800000
0.074523925781250 3800000
0.070983886718750 3800000
0.071716308593750 3800000
0.072082519531250 3800000
0.071350097656250 3800000
0.072143554687500 3800000
0.070739746093750 3800000
0.073486328125000 3800000
0.071472167968750 3799927
0.064086914062500 3800036
0.073486328125000 3800036
0.070617675781250 3799891
0.072265625000000 3800108
0.000000000000000 3800000
0.072265625000000 3800036
0.071472167968750 3799963
0.072143554687500 3799963
0.063537597656250 3800036
0.074584960937500 3799963
0.070556640625000 3800036
0.073303222656250 3800000
0.069763183593750 3800000
0.070312500000000 3800000
0.073547363281250 3800000
0.071960449218750 3800000
0.069702148437500 3800000
0.064453125000000 3800000
0.072448730468750 3800000
0.000000000000000 3799963
0.072631835937500 3800036
0.073364257812500 3800000
0.069335937500000 3800000
0.073547363281250 3800000
0.070678710937500 3800000
0.071472167968750 3799963
0.073181152343750 3800036
0.071289062500000 3800000
0.070922851562500 3800000
0.072631835937500 3800000
0.072753906250000 3800000
0.071044921875000 3800000
0.000000000000000 3799963
0.073974609375000 3800036
0.073486328125000 3799963
0.070068359375000 3800072
0.072326660156250 3800000
0.069458007812500 3799927
0.072998046875000 3799963
0.071533203125000 3800072
0.072631835937500 3800000
0.072753906250000 3800000
0.071289062500000 3800000
0.072326660156250 3800036
0.071105957031250 3799963
0.000000000000000 3800000
0.070373535156250 3800000
0.070251464843750 3800000
0.072265625000000 3799927
0.076171875000000 3800072
0.071166992187500 3799963
0.070983886718750 3800072
0.070861816406250 3744660
0.072937011718750 3713051
0.070190429687500 3800000
0.063354492187500 3799963
0.071472167968750 3800036
0.073913574218750 3800036
0.073425292968750 3799963
0.000000000000000 3800000
0.070373535156250 3800000
0.072998046875000 3800000
0.071655273437500 3800000
0.073974609375000 3800000
0.070983886718750 3799963
0.072448730468750 3800072
0.071899414062500 3799963
0.070922851562500 3800036
0.072204589843750 3799963
0.072021484375000 3800000
0.071228027343750 3800036
0.071411132812500 3800000
0.000000000000000 3799963
0.075622558593750 3800000
0.071838378906250 3800000
0.069946289062500 3800000
0.072082519531250 3799963
0.072265625000000 3800036
0.072998046875000 3800000
0.073059082031250 3800036
0.070129394531250 3799891
0.071105957031250 3800072
0.072875976562500 3800000
0.071105957031250 3800000
0.071411132812500 3800000
0.000000000000000 3800000
0.072265625000000 3800036
0.070617675781250 3799963
0.073242187500000 3800000
0.071838378906250 3800000
0.069458007812500 3799927
0.071594238281250 3800072
0.073669433593750 3799927
0.063415527343750 3800072
0.070129394531250 3799963
0.072509765625000 3800036
0.071838378906250 3799963
0.072326660156250 3800036
0.072326660156250 3800000
0.000000000000000 3799963
0.071472167968750 3800036
0.071105957031250 3800000
0.070251464843750 3800000
0.072814941406250 3800000
0.072631835937500 3800000
0.068603515625000 3800000
0.070617675781250 3800000
0.072753906250000 3800000
0.070617675781250 3799927
0.071228027343750 3800072
0.071838378906250 3800000
0.071838378906250 3800000
0.071716308593750 3800000
0.063720703125000 3800000
0.071472167968750 3800036
0.000000000000000 3800000
0.070983886718750 3799927
0.072326660156250 3800036
0.074096679687500 3800000
0.071777343750000 3799963
0.072631835937500 3800036
0.073608398437500 3800000
0.072448730468750 3800000
0.072387695312500 3799963
0.070556640625000 3800036
0.070678710937500 3800000
0.073486328125000 3799927
0.000000000000000 3800072
0.071960449218750 3800000
0.071594238281250 3800000
0.070861816406250 3800000
0.070861816406250 3800036
0.072021484375000 3799963
0.073608398437500 3799963
0.072631835937500 3800036
0.071472167968750 3800000
0.075256347656250 3800000
0.070739746093750 3800000
0.072448730468750 3800000
0.070861816406250 3800000
0.000000000000000 3800000
0.070739746093750 3800000
0.072814941406250 3800000
0.072998046875000 3800000
0.071472167968750 3799927
0.069702148437500 3800072
0.063293457031250 3800000
0.069152832031250 3800000
0.070312500000000 3800000
0.068115234375000 3800000
0.071899414062500 3800000
0.071166992187500 3800000
0.072387695312500 3800000
0.076904296875000 3800000
0.070190429687500 3800000
0.063415527343750 3800000
0.069824218750000 3800000
0.000000000000000 3800000
0.073181152343750 3800000
0.070617675781250 3800000
0.073181152343750 3800000
0.075256347656250 3799963
0.068481445312500 3800072
0.072082519531250 3799963
0.071411132812500 3800000
0.074279785156250 3800000
0.071716308593750 3800000
0.075134277343750 3800000
0.000000000000000 3800000
0.079284667968750 3800000
0.067810058593750 3800000
0.069335937500000 3800000
0.067810058593750 3800000
0.078308105468750 3799963
0.069335937500000 3800036
0.072326660156250 3799963
0.070068359375000 3800036
0.063415527343750 3800000
0.067993164062500 3800000
0.077697753906250 3800000
0.069274902343750 3800036
0.066711425781250 3799963
0.063415527343750 3800000
0.075317382812500 3799927
0.071105957031250 3800072
0.064819335937500 3800000
0.068847656250000 3800000
0.000000000000000 3800000
0.075988769531250 3800000
0.071044921875000 3800000
0.065734863281250 3800000
0.069213867187500 3799963
0.073242187500000 3800036
0.070922851562500 3800000
0.070678710937500 3799963
0.063537597656250 3800036
0.074401855468750 3800036
0.072021484375000 3799963
0.070007324218750 3799927
0.063781738281250 3800072
0.069519042968750 3800000
0.072937011718750 3799963
0.072387695312500 3800000
0.070739746093750 3800000
0.000000000000000 3800036
0.074951171875000 3800000
0.070617675781250 3800000
0.071594238281250 3800000
0.069763183593750 3800000
0.063232421875000 3800000
0.073913574218750 3800000
0.063171386718750 3800000
0.072204589843750 3800000
0.071411132812500 3800000
0.076599121093750 3799963
0.070251464843750 3800036
0.072631835937500 3800000
0.070678710937500 3800036
0.071716308593750 3800000
0.074096679687500 3799963
0.000000000000000 3800000
0.071472167968750 3800000
0.071472167968750 3800000
0.071716308593750 3799963
0.073730468750000 3800036
0.068481445312500 3800000
0.071594238281250 3799963
0.070312500000000 3800000
0.072937011718750 3800036
0.076354980468750 3800000
0.070800781250000 3800000
0.071838378906250 3800036
0.071350097656250 3799963
0.064636230468750 3800000
0.000000000000000 3800000
0.070983886718750 3800000
0.070922851562500 3800000
0.071777343750000 3799963
0.064575195312500 3800036
0.064086914062500 3800000
0.073608398437500 3800000
0.072814941406250 3800000
0.070617675781250 3800000
0.076110839843750 3800000
0.071289062500000 3800000
0.074279785156250 3800000
0.064880371093750 3800000
0.067810058593750 3799927
0.071105957031250 3800072
0.071838378906250 3800000
0.000000000000000 3800000
0.073730468750000 3800000
0.069946289062500 3799927
0.074340820312500 3800072
0.072387695312500 3800000
0.071838378906250 3800000
0.073242187500000 3800000
0.070556640625000 3799963
0.072326660156250 3800036
0.070922851562500 3799927
0.072937011718750 3800072
0.069458007812500 3800000
0.073791503906250 3800000
0.000000000000000 3800036
0.072998046875000 3800000
0.071655273437500 3799963
0.071960449218750 3800000
0.070922851562500 3800000
0.072692871093750 3800000
0.068664550781250 3800000
0.063659667968750 3799963
0.069274902343750 3800000
0.073730468750000 3800036
0.073974609375000 3800000
0.069763183593750 3800000
0.073608398437500 3800000
0.072875976562500 3800000
0.000000000000000 3799891
0.073364257812500 3800072
0.072509765625000 3800036
0.072631835937500 3800000
0.075012207031250 3799963
0.069946289062500 3800072
0.073608398437500 3799963
0.069946289062500 3800000
0.070861816406250 3800000
0.076904296875000 3800000
0.071228027343750 3799963
0.063171386718750 3799963
0.070251464843750 3800036
0.072509765625000 3800036
0.000000000000000 3800000
0.072753906250000 3799963
0.063781738281250 3800036
0.071044921875000 3799963
0.071960449218750 3800036
0.072448730468750 3800000
0.072509765625000 3800000
0.070373535156250 3800000
0.073120117187500 3800036
0.071533203125000 3799963
0.070495605468750 3800000
0.063720703125000 3800000
0.072631835937500 3800000
0.073486328125000 3800000
0.072570800781250 3800000
0.070739746093750 3800000
0.000000000000000 3800000
0.074157714843750 3800000
0.071105957031250 3799963
0.071594238281250 3799963
0.072753906250000 3800072
0.074096679687500 3799963
0.071350097656250 3800036
0.069885253906250 3800000
0.071350097656250 3800000
0.073730468750000 3800000
0.070251464843750 3800036
0.070739746093750 3799963
0.000000000000000 3800000
0.072631835937500 3800000
0.070373535156250 3800000
0.072082519531250 3800000
0.072082519531250 3800000
0.069519042968750 3800000
0.071594238281250 3800000
0.072875976562500 3800000
0.073486328125000 3799963
0.071716308593750 3800036
0.070251464843750 3800000
0.072937011718750 3800036
0.071228027343750 3799963
0.072448730468750 3800000
0.000000000000000 3800000
0.070739746093750 3800000
0.072387695312500 3800000
0.071533203125000 3800000
0.070190429687500 3800000
0.063415527343750 3799963
0.070434570312500 3800036
0.071533203125000 3800000
0.071105957031250 3800000
0.072631835937500 3800000
0.070068359375000 3800000
0.073608398437500 3800000
0.072875976562500 3800000
0.070190429687500 3800000
0.072387695312500 3800000
0.000000000000000 3800000
0.069824218750000 3799927
0.071960449218750 3800072
0.070617675781250 3800000
0.073852539062500 3800000
0.071533203125000 3800036
0.069274902343750 3799927
0.073303222656250 3800036
0.071411132812500 3800000
0.071594238281250 3800000
0.069702148437500 3800000
0.072753906250000 3800036
0.075378417968750 3799963
0.000000000000000 3800000
0.071533203125000 3800000
0.071716308593750 3800000
0.071044921875000 3799963
0.072998046875000 3800036
0.071350097656250 3800000
0.072082519531250 3800036
0.072570800781250 3799963
0.073120117187500 3800000
0.071350097656250 3800000
0.070922851562500 3799927
0.073181152343750 3800072
0.068969726562500 3800000
0.000000000000000 3800000
0.076354980468750 3800000
0.071899414062500 3800000
0.069213867187500 3800000
0.075012207031250 3800000
0.070312500000000 3800000
0.072082519531250 3800000
0.072326660156250 3800000
0.072753906250000 3800000
0.072082519531250 3800036
0.071228027343750 3799963
0.074096679687500 3800000
0.000000000000000 3800000
0.070861816406250 3800000
0.071350097656250 3800000
0.071228027343750 3800000
0.073303222656250 3800000
0.072509765625000 3800000
0.069702148437500 3800000
0.074096679687500 3800000
0.071716308593750 3800000
0.073608398437500 3799963
0.070129394531250 3800036
0.071472167968750 3800000
0.074462890625000 3800000
0.000000000000000 3800000
0.071166992187500 3800000
0.070861816406250 3799963
0.072937011718750 3800000
0.071838378906250 3800000
0.071716308593750 3800036
0.073242187500000 3800000
0.071472167968750 3800000
0.070678710937500 3799963
0.071777343750000 3800036
0.072265625000000 3800000
0.071228027343750 3800000
0.070861816406250 3799891
0.000000000000000 3800108
0.071166992187500 3799963
0.073364257812500 3800036
0.070373535156250 3800000
0.071594238281250 3800000
0.071472167968750 3800000
0.073242187500000 3799963
0.071960449218750 3800036
0.071716308593750 3799963
0.073730468750000 3800036
0.069946289062500 3800000
0.063842773437500 3800036
0.070251464843750 3799963
0.063171386718750 3799963
0.070983886718750 3800000
0.072631835937500 3800036
0.000000000000000 3800000
0.073242187500000 3800000
0.072204589843750 3800000
0.071472167968750 3800000
0.069885253906250 3800000
0.072448730468750 3800000
0.072692871093750 3782955
0.072082519531250 3694403
0.070373535156250 3700000
0.062072753906250 3700000
0.074645996093750 3699964
0.070861816406250 3697788
0.069152832031250 3683368
0.070556640625000 3692418
0.000000000000000 3699694
0.069519042968750 3699894
0.070434570312500 3700105
0.070190429687500 3696922
0.071350097656250 3691804
0.070495605468750 3688601
0.062683105468750 3683302
0.070556640625000 3697250
0.070495605468750 3699929
0.068115234375000 3693623
0.070251464843750 3683331
0.070373535156250 3696939
0.070312500000000 3697649
0.070861816406250 3693063
0.000000000000000 3695899
0.068725585937500 3683294
0.070922851562500 3686947
0.068176269531250 3683332
0.071166992187500 3683302
0.067749023437500 3683330
0.071228027343750 3699744
0.071411132812500 3691642
0.069519042968750 3697286
0.071105957031250 3700000
0.068664550781250 3700000
0.063781738281250 3699964
0.069396972656250 3700000
0.068847656250000 3700035
0.070617675781250 3699964
0.000000000000000 3700035
0.071166992187500 3700000
0.072814941406250 3699964
0.068908691406250 3699964
0.069824218750000 3700035
0.070617675781250 3700000
0.072814941406250 3700035
0.071838378906250 3699964
0.069885253906250 3699964
0.071289062500000 3700070
0.070129394531250 3700000
0.070190429687500 3699964
0.000000000000000 3700000
0.071105957031250 3700000
0.070190429687500 3699964
0.070312500000000 3700035
0.071960449218750 3700000
0.069213867187500 3700000
0.070495605468750 3700035
0.071960449218750 3699964
0.069091796875000 3700000
0.062011718750000 3700035
0.067993164062500 3699964
0.062500000000000 3700000
0.069763183593750 3693229
0.067810058593750 3691130
0.062438964843750 3690929
0.069824218750000 3695032
0.069519042968750 3700000
0.071105957031250 3700000
0.000000000000000 3700035
0.072631835937500 3698722
0.070373535156250 3691746
0.069091796875000 3694759
0.070251464843750 3698725
0.071105957031250 3697842
0.071838378906250 3689622
0.071044921875000 3695718
0.069030761718750 3700035
0.068603515625000 3700035
0.069458007812500 3696857
0.071533203125000 3683331
0.000000000000000 3687742
0.070678710937500 3696399
0.070800781250000 3693162
0.068359375000000 3700000
0.072509765625000 3695680
0.069396972656250 3693970
0.069824218750000 3700070
0.070312500000000 3694977
0.070190429687500 3683369
0.068725585937500 3690478
0.068298339843750 3700000
0.070983886718750 3700000
0.070434570312500 3696594
0.000000000000000 3686223
0.071838378906250 3700000
0.071044921875000 3690022
0.068420410156250 3688708
0.070495605468750 3683330
0.070617675781250 3686913
0.071044921875000 3683299
0.067565917968750 3694615
0.071044921875000 3683334
0.070983886718750 3685786
0.069519042968750 3690351
0.070861816406250 3687827
0.068908691406250 3690034
0.070251464843750 3695887
0.000000000000000 3684529
0.070495605468750 3687577
0.070861816406250 3690317
0.071044921875000 3687429
0.069458007812500 3698481
0.070922851562500 3685154
0.069580078125000 3692799
0.069763183593750 3687616
0.069824218750000 3697029
0.070312500000000 3687332
0.070068359375000 3692454
0.071289062500000 3685486
0.070129394531250 3689137
0.000000000000000 3696522
0.068725585937500 3700035
0.069763183593750 3700035
0.070983886718750 3696818
0.070373535156250 3686180
0.069152832031250 3696235
0.071594238281250 3696554
0.071472167968750 3691897
0.070617675781250 3693762
0.071044921875000 3700000
0.068115234375000 3700000
0.069580078125000 3696243
0.070495605468750 3697848
0.000000000000000 3691117
0.071289062500000 3688910
0.069763183593750 3688323
0.069274902343750 3698392
0.070190429687500 3693049
0.069458007812500 3699146
0.069824218750000 3687008
0.068054199218750 3700000
0.070739746093750 3691698
0.072937011718750 3684452
0.068908691406250 3700000
0.070190429687500 3699217
0.068420410156250 3689686
0.000000000000000 3685621
0.070617675781250 3694284
0.067810058593750 3691484
0.070739746093750 3683683
0.069946289062500 3688299
0.068725585937500 3692717
0.072692871093750 3685064
0.069335937500000 3689960
0.071960449218750 3689467
0.070129394531250 3688970
0.072631835937500 3700000
0.069641113281250 3686166
0.067993164062500 3686816
0.000000000000000 3687980
0.071350097656250 3690043
0.067810058593750 3686980
0.071289062500000 3700035
0.069274902343750 3700035
0.070800781250000 3696545
0.070739746093750 3699964
0.070617675781250 3697927
0.071960449218750 3683336
0.069030761718750 3684692
0.070373535156250 3697333
0.068847656250000 3694386
0.071228027343750 3683331
0.069641113281250 3687013
0.000000000000000 3700000
0.070068359375000 3700000
0.069580078125000 3700000
0.071411132812500 3700000
0.072082519531250 3700000
0.068481445312500 3699964
0.070739746093750 3700000
0.071716308593750 3700000
0.072021484375000 3700000
0.070068359375000 3699929
0.068481445312500 3700105
0.072265625000000 3699964
0.000000000000000 3700035
0.071594238281250 3699964
0.070678710937500 3700035
0.072631835937500 3700000
0.069763183593750 3700000
0.071533203125000 3699964
0.071838378906250 3700035
0.070800781250000 3699964
0.070068359375000 3700035
0.070861816406250 3699964
0.071289062500000 3700000
0.000000000000000 3699929
0.069458007812500 3700105
0.071960449218750 3700000
0.068481445312500 3700000
0.070739746093750 3699964
0.068847656250000 3700000
0.070495605468750 3699929
0.071594238281250 3700070
0.068725585937500 3700000
0.071289062500000 3700000
0.070190429687500 3700000
0.069702148437500 3697091
0.069702148437500 3699964
0.000000000000000 3684496
0.071533203125000 3688325
0.071105957031250 3694885
0.068542480468750 3686953
0.070312500000000 3692535
0.068298339843750 3690286
0.070861816406250 3690017
0.069458007812500 3687579
0.072509765625000 3693114
0.070007324218750 3700000
0.068664550781250 3700000
0.071044921875000 3700035
0.068725585937500 3699964
0.069519042968750 3700000
0.000000000000000 3700035
0.068298339843750 3699964
0.069946289062500 3700000
0.072937011718750 3700000
0.068054199218750 3700035
0.069580078125000 3700000
0.069091796875000 3699964
0.062072753906250 3700000
0.070007324218750 3700035
0.070190429687500 3700000
0.069274902343750 3699964
0.071838378906250 3700000
0.071289062500000 3700035
0.068603515625000 3700000
0.061828613281250 3699964
0.069274902343750 3700035
0.000000000000000 3692550
0.071838378906250 3691740
0.069213867187500 3689256
0.070495605468750 3699964
0.071166992187500 3698436
0.069702148437500 3683296
0.071594238281250 3683333
0.068359375000000 3694173
0.069580078125000 3683370
0.068420410156250 3691687
0.073181152343750 3693671
0.068969726562500 3688975
0.070861816406250 3695396
0.000000000000000 3690362
0.072204589843750 3690421
0.068054199218750 3684449
0.072265625000000 3690280
0.070373535156250 3687625
0.069824218750000 3683297
0.070983886718750 3683369
0.069519042968750 3683295
0.069274902343750 3687804
0.070495605468750 3683948
0.071533203125000 3683867
0.070373535156250 3700070
0.068847656250000 3686020
0.000000000000000 3683334
0.071960449218750 3694200
0.068664550781250 3689713
0.071411132812500 3687327
0.071960449218750 3683330
0.070007324218750 3683334
0.068725585937500 3699478
0.070922851562500 3696530
0.074279785156250 3687418
0.068725585937500 3700000
0.071166992187500 3698553
0.069091796875000 3698802
0.068969726562500 3700000
0.000000000000000 3700035
0.069091796875000 3699964
0.070312500000000 3698054
0.071166992187500 3696573
0.067871093750000 3700000
0.062438964843750 3693164
0.069274902343750 3700000
0.070922851562500 3685715
0.068481445312500 3683331
0.070373535156250 3699681
0.070190429687500 3694988
0.071044921875000 3694534
0.071044921875000 3683370
0.068786621093750 3692556
0.072082519531250 3684608
0.000000000000000 3683332
0.068603515625000 3690068
0.070556640625000 3698237
0.068847656250000 3683299
0.070190429687500 3683366
0.072387695312500 3690452
0.069702148437500 3690489
0.071166992187500 3687833
0.068420410156250 3696473
0.071716308593750 3683366
0.070312500000000 3688574
0.070678710937500 3685116
0.070312500000000 3683335
0.000000000000000 3693223
0.067810058593750 3688625
0.071044921875000 3700035
0.069213867187500 3685678
0.068725585937500 3696439
0.069580078125000 3700000
0.071044921875000 3692041
0.071838378906250 3685223
0.068481445312500 3699455
0.069519042968750 3696605
0.069152832031250 3694839
0.071105957031250 3693102
0.070190429687500 3693905
0.069763183593750 3691440
0.000000000000000 3700000
0.070922851562500 3696374
0.072326660156250 3688273
0.070739746093750 3683446
0.069091796875000 3696554
0.069763183593750 3695216
0.068908691406250 3694742
0.063354492187500 3683333
0.068115234375000 3694492
0.069091796875000 3696345
0.071472167968750 3689759
0.072753906250000 3700000
0.069091796875000 3685394
0.068664550781250 3683193
0.000000000000000 3694767
0.070007324218750 3683334
0.070495605468750 3688168
0.062744140625000 3697301
0.068786621093750 3686741
0.071533203125000 3684810
0.071105957031250 3683333
0.071655273437500 3683335
0.072631835937500 3692245
0.069152832031250 3684922
0.072204589843750 3694865
0.070373535156250 3689668
0.070129394531250 3699964
0.000000000000000 3700000
0.071716308593750 3700035
0.068054199218750 3699739
0.072143554687500 3698565
0.071411132812500 3691745
0.072082519531250 3693352
0.070739746093750 3700000
0.069641113281250 3684834
0.071960449218750 3694250
0.070312500000000 3693330
0.070556640625000 3683295
0.069396972656250 3683336
0.000000000000000 3697821
0.072265625000000 3697995
0.070861816406250 3693495
0.068725585937500 3697641
0.069580078125000 3683301
0.070983886718750 3687118
0.071289062500000 3695836
0.069580078125000 3699920
0.071716308593750 3689086
0.070373535156250 3700000
0.069030761718750 3700000
0.070495605468750 3700000
0.071716308593750 3699964
0.000000000000000 3700035
0.069641113281250 3699894
0.068908691406250 3700105
0.070190429687500 3700000
0.071838378906250 3700000
0.069702148437500 3699964
0.070922851562500 3700000
0.069946289062500 3700000
0.072021484375000 3698208
0.069580078125000 3700035
0.069641113281250 3699964
0.072082519531250 3700035
0.069946289062500 3700000
0.000000000000000 3700000
0.071716308593750 3699964
0.070373535156250 3700000
0.071350097656250 3700035
0.070922851562500 3697510
0.061950683593750 3691165
0.072875976562500 3688294
0.068115234375000 3690436
0.069580078125000 3692890
0.069702148437500 3686013
0.069396972656250 3685086
0.068481445312500 3683336
0.072387695312500 3683329
0.071716308593750 3683337
0.000000000000000 3683331
0.071228027343750 3691631
0.071655273437500 3696409
0.069519042968750 3685647
0.068847656250000 3690502
0.069152832031250 3694816
0.062316894531250 3700000
0.070739746093750 3700000
0.070556640625000 3693935
0.069763183593750 3698490
0.069824218750000 3693528
0.062377929687500 3692526
0.068542480468750 3696573
0.070312500000000 3697334
0.069213867187500 3693689
0.072265625000000 3699444
0.000000000000000 3695318
0.070312500000000 3700000
0.070617675781250 3689550
0.069091796875000 3700000
0.069824218750000 3698773
0.069885253906250 3689674
0.068481445312500 3696596
0.070129394531250 3685164
0.068969726562500 3683298
0.073730468750000 3683334
0.069702148437500 3691581
0.068420410156250 3692722
0.069030761718750 3696878
0.069396972656250 3700000
0.000000000000000 3685400
0.070739746093750 3693573
0.068054199218750 3697973
0.070922851562500 3697167
0.072021484375000 3699964
0.069763183593750 3692949
0.062133789062500 3700035
0.069030761718750 3688379
0.070861816406250 3690290
0.071655273437500 3697433
0.070129394531250 3695401
0.072387695312500 3697339
0.071594238281250 3693843
0.068603515625000 3684021
0.000000000000000 3683299
0.071289062500000 3683330
0.069885253906250 3683299
0.069335937500000 3697003
0.071228027343750 3685173
0.067260742187500 3693773
0.072082519531250 3695732
0.070495605468750 3696566
0.069274902343750 3695186
0.069641113281250 3684714
0.071411132812500 3683297
0.070922851562500 3692374
0.068786621093750 3690653
0.000000000000000 3691090
0.070434570312500 3696116
0.070312500000000 3700000
0.071289062500000 3689412
0.070678710937500 3693069
0.068481445312500 3686872
0.070861816406250 3695235
0.069274902343750 3693819
0.069641113281250 3700035
0.071289062500000 3687791
0.070678710937500 3686410
0.071716308593750 3691313
0.062438964843750 3695401
0.069335937500000 3691268
0.000000000000000 3696387
0.070922851562500 3696763
0.124450683593750 3686830
0.000000000000000 3691073
0.070190429687500 3697298
0.071777343750000 3683368
0.068298339843750 3683295
0.071472167968750 3693784
0.072753906250000 3687101
0.069702148437500 3689651
0.068908691406250 3689558
0.070190429687500 3699964
0.074096679687500 3686111
0.069152832031250 3686389
0.071044921875000 3683369
0.000000000000000 3692114
0.070251464843750 3700000
0.071289062500000 3700000
0.071533203125000 3696550
0.072448730468750 3689277
0.061767578125000 3696972
0.070495605468750 3683295
0.071838378906250 3683550
0.068054199218750 3695321
0.071228027343750 3690750
0.069396972656250 3691096
0.068969726562500 3698055
0.072143554687500 3694172
0.070312500000000 3699964
0.000000000000000 3699424
0.070129394531250 3697521
0.068847656250000 3699507
0.063049316406250 3683366
0.070434570312500 3683331
0.071716308593750 3695699
0.069458007812500 3700035
0.070312500000000 3699964
0.070983886718750 3700000
0.069519042968750 3700000
0.070739746093750 3700035
0.070617675781250 3700000
0.073364257812500 3699929
0.000000000000000 3700035
0.072082519531250 3700000
0.069152832031250 3700000
0.069152832031250 3700035
0.067932128906250 3699964
0.071472167968750 3699964
0.069946289062500 3685650
0.072814941406250 3686899
0.070434570312500 3695273
0.070495605468750 3692313
0.062011718750000 3691510
0.069946289062500 3685919
0.070678710937500 3685607
0.069030761718750 3683334
0.000000000000000 3683369
0.071533203125000 3683296
0.068481445312500 3683332
0.062255859375000 3686931
0.072326660156250 3683298
0.067504882812500 3695035
0.072265625000000 3697062
0.068176269531250 3687085
0.072204589843750 3692637
0.068420410156250 3699964
0.071594238281250 3700000
0.068298339843750 3700035
0.072204589843750 3700000
0.071655273437500 3699929
0.068420410156250 3700035
0.000000000000000 3700000
0.071655273437500 3700035
0.068664550781250 3700000
0.071044921875000 3699964
0.069274902343750 3693875
0.072814941406250 3692056
0.070495605468750 3690810
0.068908691406250 3686898
0.071105957031250 3690761
0.069946289062500 3684569
0.062438964843750 3691034
0.068176269531250 3699964
0.069641113281250 3700035
0.070312500000000 3700035
0.070495605468750 3700000
0.000000000000000 3700000
0.070861816406250 3699964
0.070434570312500 3700000
0.282714843750000 3692041
0.069763183593750 3688979
0.071777343750000 3692938
0.068847656250000 3686785
0.070800781250000 3683401
0.068786621093750 3694487
0.069702148437500 3689760
0.070617675781250 3699156
0.071411132812500 3698612
0.000000000000000 3700035
0.071716308593750 3700000
0.069519042968750 3700000
0.071105957031250 3699964
0.071716308593750 3700000
0.071899414062500 3700035
0.070495605468750 3699964
0.067993164062500 3700035
0.073547363281250 3700000
0.067749023437500 3700000
0.072143554687500 3700000
0.069152832031250 3700000
0.000000000000000 3700000
0.070251464843750 3699964
0.071655273437500 3697845
0.068725585937500 3683298
0.069519042968750 3683367
0.068542480468750 3683297
0.072631835937500 3691037
0.068237304687500 3700105
0.070373535156250 3700000
0.070861816406250 3700000
0.067810058593750 3700000
0.063049316406250 3700000
0.069641113281250 3700000
0.070983886718750 3700000
0.070556640625000 3699964
0.000000000000000 3699964
0.069641113281250 3700035
0.071350097656250 3699964
0.069885253906250 3700070
0.069702148437500 3694658
0.068542480468750 3691187
0.070312500000000 3700000
0.069396972656250 3689809
0.071838378906250 3690296
0.070312500000000 3683335
0.070190429687500 3686063
0.070739746093750 3698020
0.069335937500000 3683367
0.000000000000000 3694015
0.069946289062500 3686552
0.069763183593750 3683331
0.071166992187500 3683299
0.068786621093750 3683335
0.070556640625000 3686381
0.070068359375000 3694456
0.067932128906250 3693889
0.071594238281250 3694517
0.068664550781250 3700000
0.071105957031250 3700000
0.069458007812500 3699964
0.072265625000000 3700000
0.000000000000000 3700000
0.070800781250000 3700000
0.068969726562500 3700035
0.071350097656250 3699894
0.067626953125000 3700105
0.063476562500000 3700000
0.068725585937500 3699964
0.071105957031250 3699964
0.068847656250000 3700070
0.072509765625000 3700000
0.070739746093750 3700000
0.069702148437500 3699964
0.070495605468750 3700000
0.071044921875000 3700035
0.061706542968750 3700000
0.067993164062500 3700000
0.000000000000000 3690848
0.071533203125000 3697035
0.072509765625000 3686888
0.070434570312500 3686700
0.071105957031250 3699964
0.069946289062500 3694905
0.071044921875000 3684354
0.069335937500000 3699964
0.071411132812500 3699512
0.069458007812500 3692399
0.070800781250000 3692042
0.070007324218750 3683228
0.069396972656250 3689911
0.000000000000000 3699964
0.071105957031250 3699323
0.068969726562500 3687008
0.071166992187500 3686703
0.069396972656250 3685165
0.071838378906250 3691063
0.069030761718750 3697838
0.068176269531250 3696561
0.069396972656250 3700035
0.070617675781250 3700000
0.071533203125000 3700000
0.069824218750000 3695047
0.068481445312500 3695662
0.000000000000000 3690056
0.071411132812500 3684735
0.069274902343750 3688262
0.069702148437500 3699964
0.070556640625000 3689624
0.068725585937500 3684528
0.072082519531250 3690538
0.069335937500000 3684029
0.070251464843750 3696655
0.069641113281250 3692690
0.070190429687500 3698704
0.062194824218750 3693378
0.070190429687500 3683613
0.064941406250000 3687030
0.068664550781250 3683332
0.071777343750000 3694605
0.000000000000000 3699964
0.071105957031250 3700035
0.071044921875000 3696514
0.073852539062500 3690107
0.074340820312500 3690353
0.069641113281250 3697383
0.065612792968750 3686707
0.069946289062500 3693516
0.072937011718750 3695686
0.070800781250000 3683334
0.070983886718750 3683334
0.067810058593750 3696116
0.000000000000000 3699964
0.071166992187500 3700035
0.067138671875000 3693211
0.063964843750000 3692665
0.067565917968750 3700000
0.067749023437500 3700000
0.071594238281250 3700000
0.063537597656250 3694340
0.072937011718750 3688211
0.063964843750000 3700035
0.070068359375000 3696620
0.071289062500000 3700000
0.074279785156250 3699929
0.062133789062500 3694915
0.069030761718750 3700035
0.068481445312500 3690720
0.071716308593750 3683371
0.069396972656250 3697690
0.000000000000000 3697152
0.070251464843750 3688650
0.069396972656250 3695690
0.071289062500000 3683369
0.062194824218750 3694357
0.070861816406250 3696444
0.068786621093750 3696074
0.070434570312500 3686450
0.068847656250000 3696162
0.070922851562500 3691097
0.073120117187500 3691565
0.071838378906250 3700035
0.069030761718750 3699964
0.072631835937500 3689448
0.000000000000000 3700070
0.070678710937500 3687488
0.061950683593750 3690349
0.070800781250000 3687245
0.068908691406250 3693560
0.071105957031250 3694463
0.071228027343750 3683335
0.070068359375000 3697465
0.068481445312500 3683333
0.072082519531250 3688557
0.069885253906250 3697776
0.072204589843750 3692536
0.067749023437500 3693408
0.072937011718750 3683742
0.000000000000000 3697267
0.070068359375000 3687292
0.069885253906250 3694022
0.070556640625000 3689569
0.068725585937500 3683331
0.069946289062500 3697078
0.068420410156250 3694087
0.071838378906250 3695270
0.070190429687500 3689140
0.068359375000000 3686504
0.070739746093750 3684960
0.067993164062500 3695803
0.070251464843750 3687009
0.067382812500000 3700000
0.000000000000000 3698096
0.073608398437500 3695840
0.074096679687500 3699964
0.069519042968750 3683364
0.071716308593750 3693825
0.069763183593750 3694970
0.071105957031250 3691437
0.070495605468750 3683334
0.064758300781250 3696081
0.075256347656250 3684753
0.067932128906250 3687335
0.072814941406250 3700000
0.000000000000000 3690528
0.071899414062500 3698830
0.070861816406250 3685261
0.069946289062500 3689150
0.062744140625000 3697411
0.070922851562500 3700000
0.068847656250000 3699964
0.070861816406250 3700035
0.070495605468750 3689509
0.069396972656250 3700070
0.069702148437500 3700000
0.069946289062500 3693067
0.071594238281250 3700035
0.069885253906250 3700000
0.000000000000000 3699964
0.070190429687500 3690285
0.068847656250000 3686861
0.069580078125000 3683510
0.072387695312500 3690200
0.070007324218750 3684069
0.069824218750000 3696655
0.068115234375000 3692001
0.070495605468750 3697299
0.069580078125000 3691687
0.061828613281250 3700035
0.069091796875000 3693456
0.071716308593750 3683334
0.070190429687500 3683261
0.072814941406250 3690795
0.000000000000000 3700000
0.068420410156250 3683764
0.069519042968750 3683299
0.072143554687500 3683331
0.071044921875000 3690520
0.069580078125000 3700035
0.067626953125000 3684618
0.069580078125000 3683334
0.071899414062500 3683332
0.068664550781250 3683299
0.069519042968750 3683332
0.070312500000000 3690337
0.071289062500000 3693903
0.000000000000000 3691780
0.072509765625000 3699964
0.071533203125000 3690108
0.070678710937500 3692458
0.070129394531250 3689410
0.062744140625000 3692997
0.069091796875000 3683370
0.070068359375000 3686975
0.066101074218750 3683299
0.063415527343750 3697307
0.071289062500000 3700035
0.072204589843750 3698768
0.069763183593750 3687769
0.068054199218750 3696481
0.071411132812500 3697499
0.068725585937500 3685081
0.000000000000000 3699964
0.071838378906250 3700070
0.072143554687500 3691144
0.069946289062500 3686915
0.072082519531250 3687740
0.068603515625000 3696827
0.069702148437500 3696327
0.071105957031250 3699964
0.072631835937500 3700000
0.071166992187500 3689408
0.070617675781250 3683370
0.069824218750000 3689788
0.000000000000000 3684493
0.070312500000000 3683333
0.063598632812500 3694060
0.069396972656250 3690639
0.070312500000000 3690094
0.070434570312500 3683624
0.070495605468750 3695417
0.071289062500000 3690849
0.067749023437500 3689937
0.070739746093750 3690684
0.068176269531250 3689536
0.062194824218750 3687742
0.068176269531250 3689426
0.071105957031250 3683333
0.067749023437500 3690408
0.070983886718750 3689257
0.000000000000000 3686855
0.072387695312500 3683230
0.069152832031250 3699206
0.069091796875000 3689636
0.069152832031250 3700000
0.071411132812500 3700000
0.069213867187500 3696557
0.070556640625000 3692632
0.070312500000000 3700035
0.070007324218750 3698038
0.061706542968750 3684257
0.069396972656250 3683330
0.068176269531250 3683228
0.068908691406250 3690245
0.072021484375000 3689166
0.067810058593750 3693739
0.000000000000000 3699401
0.070373535156250 3699964
0.070800781250000 3700035
0.068969726562500 3699929
0.072265625000000 3700070
0.068298339843750 3691552
0.071289062500000 3683369
0.068603515625000 3686832
0.071838378906250 3686843
0.070312500000000 3687202
0.069519042968750 3683297
0.072021484375000 3689431
0.069580078125000 3700000
0.000000000000000 3509506
0.070556640625000 3696565
0.069091796875000 3687312
0.071533203125000 3690388
0.071533203125000 3683370
0.071105957031250 3683227
0.071166992187500 3685688
0.068420410156250 3696483
0.071411132812500 3699964
0.069519042968750 3689823
0.071166992187500 3691055
0.069763183593750 3699964
0.069824218750000 3700070
0.000000000000000 3696344
0.069519042968750 3684089
0.071289062500000 3683261
0.069763183593750 3691077
0.068847656250000 3683301
0.069519042968750 3688535
0.072937011718750 3699859
0.070495605468750 3700105
0.069885253906250 3700035
0.070434570312500 3691550
0.073242187500000 3700000
0.070495605468750 3700000
0.000000000000000 3700035
0.070251464843750 3700000
0.069702148437500 3699964
0.069152832031250 3700035
0.069763183593750 3700000
0.069152832031250 3692587
0.070800781250000 3693443
0.069213867187500 3700000
0.068603515625000 3700035
0.072998046875000 3689229
0.067749023437500 3693196
0.070312500000000 3700000
0.068298339843750 3700035
0.070373535156250 3700000
0.000000000000000 3697012
0.068969726562500 3693077
0.070495605468750 3700000
0.071960449218750 3699964
0.069213867187500 3692732
0.062805175781250 3694251
0.070129394531250 3699964
0.070312500000000 3700035
0.070678710937500 3700000
0.070922851562500 3700000
0.070861816406250 3699964
0.069458007812500 3700035
0.070495605468750 3700000
0.069396972656250 3699964
0.000000000000000 3699964
0.070678710937500 3699060
0.068725585937500 3686790
0.070068359375000 3700035
0.070373535156250 3700000
0.071716308593750 3699964
0.071044921875000 3700035
0.069580078125000 3699964
0.069213867187500 3700035
0.070312500000000 3699894
0.062622070312500 3700070
0.068664550781250 3700000
0.071411132812500 3700000
0.069274902343750 3700000
0.071716308593750 3700000
0.000000000000000 3700000
0.070251464843750 3700035
0.067932128906250 3700000
0.071594238281250 3700000
0.069458007812500 3699964
0.071166992187500 3700000
0.068664550781250 3699964
0.073608398437500 3700035
0.069641113281250 3700000
0.068176269531250 3700035
0.071716308593750 3700000
0.070739746093750 3699964
0.069396972656250 3700035
0.000000000000000 3696684
0.068786621093750 3687019
0.072692871093750 3688525
0.071411132812500 3700000
0.071350097656250 3700000
0.070617675781250 3700035
0.070617675781250 3699964
0.071289062500000 3690346
0.071899414062500 3683332
0.068237304687500 3690983
0.070922851562500 3699964
0.070556640625000 3695819
0.000000000000000 3691898
0.071411132812500 3696516
0.068420410156250 3700000
0.068847656250000 3693781
0.069152832031250 3695761
0.072387695312500 3700035
0.069396972656250 3692774
0.070678710937500 3700000
0.061950683593750 3687842
0.072204589843750 3683334
0.070007324218750 3694060
0.068847656250000 3700000
0.071716308593750 3698355
0.069763183593750 3694853
0.000000000000000 3699964
0.070373535156250 3696439
0.070983886718750 3700035
0.069519042968750 3700000
0.070922851562500 3697611
0.069824218750000 3690607
0.072021484375000 3683296
0.071166992187500 3683300
0.068115234375000 3699494
0.070617675781250 3699964
0.073669433593750 3700035
0.070739746093750 3693546
0.068725585937500 3699126
0.000000000000000 3700035
0.072021484375000 3700000
0.061828613281250 3693069
0.069335937500000 3691706
0.067810058593750 3697795
0.069763183593750 3700000
0.070983886718750 3694428
0.070983886718750 3695227
0.062133789062500 3699964
0.070434570312500 3700035
0.069702148437500 3697923
0.070068359375000 3693032
0.071289062500000 3700035
0.071105957031250 3699964
0.068969726562500 3699964
0.070251464843750 3700035
0.000000000000000 3700000
0.069946289062500 3700035
0.070678710937500 3691010
0.071655273437500 3697142
0.070983886718750 3700000
0.070068359375000 3700035
0.071960449218750 3699964
0.072509765625000 3686368
0.069641113281250 3689318
0.072570800781250 3687142
0.062744140625000 3700000
0.067749023437500 3700000
0.069824218750000 3688921
0.068054199218750 3690359
0.000000000000000 3690471
0.070190429687500 3686882
0.070495605468750 3683335
0.069946289062500 3690473
0.072021484375000 3700035
0.068054199218750 3692967
0.072265625000000 3695648
0.069030761718750 3683297
0.070190429687500 3696440
0.067932128906250 3698299
0.068725585937500 3698297
0.072692871093750 3700000
0.071105957031250 3699929
0.000000000000000 3698041
0.070617675781250 3695972
0.067932128906250 3695344
0.072082519531250 3683505
0.069396972656250 3687011
0.070495605468750 3686736
0.070068359375000 3687095
0.071228027343750 3694186
0.071411132812500 3700000
0.068359375000000 3698324
0.070007324218750 3697829
0.067626953125000 3697373
0.062500000000000 3698207
0.068481445312500 3700035
0.069824218750000 3697186
0.000000000000000 3687011
0.071777343750000 3683330
0.068542480468750 3686706
0.071533203125000 3690690
0.069824218750000 3690364
0.071472167968750 3683367
0.069396972656250 3690129
0.071716308593750 3696603
0.073242187500000 3700000
0.068603515625000 3696007
0.070129394531250 3687071
0.068481445312500 3692664
0.000000000000000 3700000
0.072021484375000 3700000
0.069274902343750 3693090
0.070800781250000 3689685
0.069824218750000 3694736
0.073181152343750 3689328
0.062255859375000 3689512
0.069274902343750 3683369
0.068359375000000 3692284
0.069641113281250 3700000
0.062927246093750 3695927
0.068481445312500 3683334
0.069763183593750 3683366
0.071472167968750 3692071
0.068054199218750 3689668
0.071655273437500 3700000
0.068176269531250 3698634
0.000000000000000 3699054
0.070068359375000 3700000
0.068420410156250 3699964
0.070983886718750 3700035
0.069580078125000 3699964
0.070251464843750 3700000
0.070373535156250 3700000
0.071594238281250 3699964
0.070800781250000 3700070
0.068237304687500 3699964
0.071533203125000 3700000
0.068969726562500 3700000
0.062561035156250 3700000
0.069519042968750 3700000
0.070312500000000 3699964
0.000000000000000 3700070
0.070495605468750 3699964
0.068969726562500 3700000
0.070739746093750 3700000
0.068603515625000 3700000
0.070312500000000 3700035
0.072021484375000 3699964
0.069885253906250 3700000
0.070495605468750 3700000
0.068725585937500 3700000
0.071960449218750 3700000
0.067443847656250 3700000
0.061828613281250 3700000
0.067504882812500 3700035
0.069824218750000 3699964
0.000000000000000 3700035
0.071166992187500 3699964
0.070556640625000 3699964
0.071105957031250 3700070
0.069091796875000 3699964
0.070922851562500 3700000
0.067993164062500 3699964
0.070983886718750 3700070
0.070190429687500 3699964
0.068908691406250 3700000
0.061828613281250 3700000
0.071777343750000 3700035
0.070678710937500 3700000
0.069580078125000 3700000
0.071594238281250 3699964
0.000000000000000 3700035
0.130920410156250 3699964
0.000000000000000 3696622
0.068969726562500 3699964
0.069396972656250 3700000
0.069396972656250 3699964
0.068176269531250 3700035
0.071777343750000 3700035
0.068420410156250 3700000
0.073425292968750 3699964
0.071044921875000 3700000
0.070251464843750 3700000
0.061828613281250 3700000
0.068115234375000 3700000
0.070312500000000 3700035
0.069396972656250 3699964
0.071533203125000 3700035
0.000000000000000 3699964
0.068786621093750 3700035
0.073486328125000 3699964
0.071350097656250 3700000
0.069824218750000 3699281
0.069946289062500 3687613
0.068359375000000 3696667
0.071289062500000 3696547
0.068664550781250 3692965
0.072814941406250 3700000
0.070678710937500 3692031
0.068725585937500 3695514
0.000000000000000 3683295
0.070922851562500 3687279
0.069396972656250 3687814
0.070312500000000 3688799
0.067932128906250 3688925
0.069152832031250 3695402
0.070373535156250 3642727
0.059143066406250 3583364
0.067626953125000 3597311
0.066101074218750 3596289
0.067687988281250 3599897
0.066223144531250 3583879
0.065002441406250 3583297
0.066650390625000 3590735
0.064941406250000 3583365
0.000000000000000 3597306
0.066406250000000 3596639
0.065795898437500 3600000
0.065612792968750 3600000
0.063049316406250 3600000
0.066955566406250 3600000
0.064819335937500 3600034
0.067504882812500 3600000
0.068664550781250 3597844
0.065002441406250 3591961
0.065185546875000 3585794
0.065185546875000 3597150
0.065490722656250 3600000
0.000000000000000 3600000
0.068420410156250 3596434
0.065124511718750 3597505
0.058715820312500 3586931
0.063903808593750 3590324
0.067504882812500 3597366
0.065246582031250 3590476
0.067077636718750 3599087
0.066345214843750 3599655
0.066040039062500 3592843
0.065795898437500 3592360
0.065246582031250 3596242
0.068481445312500 3596668
0.000000000000000 3599960
0.065063476562500 3588257
0.066101074218750 3597866
0.065002441406250 3600000
0.066040039062500 3596571
0.064453125000000 3594482
0.066223144531250 3593686
0.058105468750000 3599965
0.064758300781250 3596610
0.067932128906250 3600000
0.064636230468750 3600000
0.065612792968750 3600000
0.066650390625000 3599931
0.064392089843750 3594065
0.000000000000000 3589073
0.066894531250000 3589423
0.066467285156250 3599931
0.066833496093750 3595605
0.064453125000000 3597376
0.067871093750000 3600068
0.067138671875000 3596296
0.066345214843750 3600000
0.065185546875000 3595377
0.066711425781250 3598892
0.058166503906250 3600034
0.066650390625000 3600000
0.065856933593750 3599965
0.000000000000000 3593027
0.068603515625000 3596588
0.066223144531250 3600000
0.065673828125000 3600000
0.065917968750000 3600000
0.065368652343750 3599897
0.063903808593750 3600102
0.066955566406250 3598357
0.066467285156250 3598186
0.064514160156250 3600000
0.065979003906250 3593010
0.065185546875000 3591829
0.065673828125000 3583764
0.064208984375000 3600000
0.000000000000000 3600000
0.067687988281250 3599965
0.064392089843750 3596626
0.067016601562500 3600000
0.064697265625000 3599965
0.064086914062500 3590475
0.066589355468750 3592141
0.066833496093750 3586910
0.065612792968750 3596426
0.066040039062500 3598325
0.066772460937500 3595142
0.066467285156250 3594086
0.000000000000000 3592371
0.066040039062500 3592376
0.063720703125000 3593693
0.065795898437500 3597496
0.058532714843750 3596527
0.065185546875000 3585947
0.067199707031250 3600000
0.068725585937500 3599965
0.065734863281250 3600068
0.067504882812500 3599965
0.064331054687500 3599931
0.065063476562500 3600068
0.063964843750000 3599197
0.065368652343750 3584622
0.000000000000000 3599323
0.067687988281250 3600068
0.065063476562500 3600000
0.057983398437500 3589927
0.066711425781250 3583329
0.066223144531250 3591441
0.064636230468750 3600000
0.065917968750000 3600000
0.067321777343750 3594901
0.064208984375000 3598217
0.058105468750000 3599965
0.067504882812500 3600000
0.066467285156250 3591658
0.064025878906250 3594441
0.065795898437500 3600000
0.064331054687500 3600034
0.000000000000000 3599965
0.067443847656250 3589501
0.065612792968750 3600000
0.065124511718750 3596895
0.065979003906250 3600068
0.064575195312500 3600000
0.065734863281250 3600000
0.066223144531250 3600000
0.066650390625000 3598984
0.066650390625000 3594223
0.064453125000000 3598437
0.067871093750000 3599965
0.000000000000000 3585660
0.124206542968750 3593130
0.000000000000000 3596432
0.064331054687500 3599965
0.066284179687500 3600068
0.066467285156250 3599965
0.066162109375000 3600000
0.067871093750000 3599965
0.065734863281250 3600034
0.064208984375000 3600000
0.065429687500000 3600000
0.066223144531250 3600000
0.064575195312500 3599965
0.065063476562500 3600034
0.065734863281250 3600034
0.000000000000000 3599965
0.063476562500000 3600000
0.068847656250000 3596997
0.065002441406250 3596109
0.065429687500000 3595735
0.064941406250000 3597372
0.065979003906250 3600000
0.066467285156250 3600000
0.063842773437500 3600000
0.066589355468750 3600000
0.066772460937500 3600034
0.058532714843750 3598657
0.067321777343750 3594526
0.000000000000000 3600000
0.066833496093750 3600000
0.066650390625000 3600000
0.065734863281250 3599931
0.065368652343750 3600068
0.064819335937500 3600000
0.067077636718750 3600000
0.063842773437500 3600000
0.067993164062500 3600000
0.065612792968750 3600000
0.066040039062500 3596504
0.057128906250000 3600000
0.067626953125000 3599931
0.065917968750000 3600068
0.000000000000000 3600000
0.065185546875000 3600000
0.065917968750000 3599931
0.066833496093750 3600068
0.065979003906250 3600000
0.065124511718750 3600000
0.065002441406250 3599931
0.064575195312500 3600068
0.067077636718750 3600000
0.058105468750000 3600000
0.064514160156250 3600000
0.065307617187500 3600000
0.067077636718750 3596578
0.066833496093750 3600000
0.065490722656250 3599931
0.000000000000000 3600102
0.063659667968750 3599965
0.066833496093750 3596642
0.065795898437500 3600000
0.067138671875000 3600000
0.065246582031250 3600000
0.065124511718750 3595523
0.064453125000000 3590651
0.065124511718750 3600000
0.065368652343750 3600000
0.064453125000000 3600000
0.067016601562500 3600000
0.067932128906250 3597563
0.000000000000000 3598382
0.065185546875000 3599965
0.064453125000000 3600034
0.065002441406250 3599897
0.064514160156250 3600102
0.066101074218750 3600034
0.063842773437500 3593236
0.066223144531250 3599224
0.064392089843750 3600000
0.057922363281250 3600000
0.064453125000000 3600000
0.066650390625000 3599931
0.063476562500000 3600068
0.066040039062500 3600000
0.064392089843750 3600000
0.065917968750000 3600000
0.000000000000000 3600000
0.065979003906250 3600000
0.065368652343750 3600000
0.066772460937500 3599931
0.064819335937500 3593503
0.064819335937500 3596050
0.063293457031250 3593034
0.065979003906250 3600000
0.067810058593750 3600000
0.064025878906250 3600034
0.067443847656250 3599965
0.063903808593750 3600034
0.066894531250000 3599897
0.000000000000000 3600068
0.063049316406250 3600000
0.065612792968750 3599931
0.066284179687500 3600068
0.066650390625000 3600034
0.066345214843750 3589481
0.064758300781250 3600000
0.067199707031250 3600000
0.064392089843750 3600000
0.066467285156250 3599965
0.065917968750000 3600034
0.063842773437500 3600000
0.065368652343750 3600000
0.000000000000000 3600000
0.065917968750000 3600000
0.066955566406250 3600034
0.064208984375000 3599965
0.066589355468750 3600000
0.065429687500000 3589635
0.065063476562500 3595105
0.066833496093750 3597404
0.064697265625000 3600000
0.066650390625000 3600000
0.064880371093750 3600000
0.067199707031250 3600000
0.066589355468750 3600000
0.000000000000000 3600000
0.064086914062500 3596576
0.065856933593750 3600000
0.065551757812500 3600000
0.065124511718750 3600000
0.065307617187500 3600000
0.066101074218750 3600034
0.065917968750000 3599965
0.065307617187500 3599931
0.065124511718750 3600068
0.063964843750000 3599931
0.065246582031250 3600068
0.067993164062500 3599965
0.000000000000000 3600034
0.066284179687500 3600000
0.065917968750000 3593092
0.065795898437500 3600000
0.066589355468750 3600000
0.058105468750000 3600000
0.058044433593750 3600000
0.063903808593750 3600000
0.058166503906250 3600000
0.065856933593750 3600000
0.066772460937500 3600034
0.065002441406250 3600000
0.065856933593750 3593071
0.064819335937500 3600000
0.065612792968750 3600000
0.066894531250000 3600000
0.063415527343750 3599931
0.064636230468750 3600068
0.000000000000000 3600000
0.065246582031250 3600000
0.066955566406250 3600034
0.066345214843750 3599965
0.064514160156250 3600000
0.065551757812500 3600000
0.066040039062500 3600000
0.062988281250000 3600034
0.063537597656250 3599965
0.066833496093750 3600000
0.067504882812500 3592205
0.064147949218750 3600000
0.063964843750000 3600000
0.000000000000000 3593125
0.064636230468750 3600000
0.064453125000000 3600000
0.064941406250000 3599965
0.065673828125000 3600034
0.066650390625000 3600000
0.064331054687500 3600000
0.065734863281250 3600000
0.063415527343750 3600000
0.065124511718750 3599965
0.065551757812500 3600034
0.065124511718750 3600000
0.066101074218750 3600000
0.064697265625000 3600000
0.000000000000000 3600000
0.064758300781250 3600000
0.064941406250000 3599931
0.067199707031250 3600068
0.065063476562500 3599965
0.066040039062500 3600034
0.064514160156250 3599965
0.066040039062500 3600034
0.067321777343750 3600000
0.065673828125000 3600000
0.064880371093750 3600000
0.063903808593750 3600000
0.065979003906250 3600000
0.000000000000000 3600000
0.065063476562500 3600000
0.067565917968750 3600000
0.065307617187500 3600000
0.064453125000000 3599931
0.066650390625000 3600068
0.062988281250000 3600000
0.064941406250000 3599931
0.065734863281250 3600068
0.072692871093750 3778378
0.072265625000000 3579937
0.069824218750000 3700000
0.062255859375000 3700035
0.071960449218750 3699929
0.062622070312500 3700035
0.000000000000000 3699964
0.069946289062500 3700035
0.070251464843750 3700035
0.068786621093750 3699964
0.070617675781250 3700035
0.063049316406250 3699964
0.068847656250000 3699964
0.070068359375000 3700035
0.068481445312500 3700000
0.071838378906250 3700035
0.069763183593750 3700000
0.070190429687500 3699894
0.072998046875000 3700105
0.069885253906250 3700000
0.070495605468750 3699964
0.000000000000000 3700000
0.067932128906250 3699964
0.072814941406250 3700070
0.070800781250000 3696560
0.072509765625000 3700000
0.069519042968750 3700035
0.070007324218750 3699964
0.069824218750000 3700000
0.068420410156250 3700035
0.072265625000000 3689034
0.068725585937500 3700000
0.068664550781250 3700000
0.071472167968750 3699964
0.000000000000000 3700070
0.070190429687500 3699964
0.070983886718750 3700035
0.068298339843750 3699964
0.069274902343750 3700035
0.068237304687500 3700000
0.072143554687500 3699964
0.069946289062500 3700035
0.068176269531250 3696520
0.069824218750000 3696559
0.069946289062500 3700000
0.071350097656250 3699964
0.070678710937500 3700000
0.000000000000000 3699964
0.070251464843750 3700035
0.068542480468750 3700000
0.072387695312500 3700000
0.069763183593750 3700035
0.067810058593750 3699823
0.071105957031250 3700176
0.069702148437500 3700000
0.068786621093750 3699929
0.069641113281250 3700035
0.071166992187500 3700000
0.072998046875000 3700035
0.070495605468750 3699964
0.000000000000000 3700000
0.069519042968750 3700035
0.068298339843750 3699964
0.070312500000000 3700000
0.072692871093750 3700000
0.061828613281250 3700000
0.071044921875000 3700035
0.069946289062500 3699964
0.070861816406250 3700000
0.071716308593750 3700035
0.071533203125000 3700000
0.069580078125000 3699964
0.070251464843750 3700000
0.072937011718750 3700000
0.000000000000000 3700000
0.069274902343750 3699964
0.069213867187500 3700070
0.068359375000000 3696861
0.069702148437500 3695463
0.069641113281250 3695475
0.069824218750000 3694098
0.070800781250000 3699929
0.070007324218750 3700070
0.062927246093750 3699964
0.069458007812500 3700035
0.070190429687500 3699964
0.069213867187500 3697515
0.071594238281250 3691766
0.069824218750000 3698110
0.000000000000000 3700035
0.071044921875000 3699929
0.069824218750000 3696609
0.070434570312500 3693115
0.071533203125000 3699929
0.069946289062500 3696602
0.072265625000000 3700035
0.068176269531250 3692811
0.071166992187500 3683335
0.062377929687500 3692403
0.069396972656250 3700035
0.072631835937500 3700035
0.068603515625000 3700000
0.071166992187500 3699964
0.000000000000000 3696656
0.070861816406250 3699964
0.070007324218750 3698578
0.072265625000000 3687563
0.068054199218750 3700000
0.071411132812500 3700000
0.069641113281250 3699964
0.071777343750000 3699913
0.070678710937500 3689597
0.072753906250000 3699894
0.070434570312500 3698879
0.069824218750000 3687210
0.062011718750000 3700000
0.067077636718750 3700000
0.000000000000000 3699964
0.072204589843750 3700035
0.070251464843750 3699964
0.069885253906250 3700035
0.070251464843750 3700000
0.071289062500000 3700000
0.070373535156250 3699929
0.068725585937500 3700070
0.061889648437500 3700000
0.073059082031250 3699964
0.065185546875000 3700035
0.068237304687500 3699964
0.071472167968750 3700000
0.075378417968750 3700035
0.062438964843750 3700000
0.062072753906250 3700000
0.000000000000000 3699929
0.074645996093750 3700070
0.067932128906250 3700000
0.064941406250000 3700000
0.068786621093750 3699964
0.076293945312500 3700035
0.067382812500000 3700000
0.072021484375000 3700000
0.065063476562500 3700000
0.065368652343750 3700000
0.069152832031250 3699929
0.073303222656250 3700070
0.065307617187500 3699964
0.073242187500000 3699964
0.066284179687500 3700000
0.064636230468750 3700070
0.073242187500000 3700000
0.000000000000000 3699964
0.074645996093750 3700000
0.074218750000000 3700000
0.067321777343750 3699929
0.069213867187500 3700070
0.072326660156250 3700035
0.071166992187500 3700000
0.072082519531250 3700000
0.068481445312500 3700000
0.069519042968750 3700000
0.068847656250000 3699964
0.062683105468750 3700000
0.068054199218750 3700035
0.071166992187500 3700000
0.000000000000000 3700000
0.070678710937500 3699964
0.070678710937500 3700035
0.071533203125000 3699964
0.068298339843750 3700000
0.071289062500000 3700035
0.069580078125000 3699964
0.071472167968750 3700035
0.071960449218750 3700000
0.070190429687500 3699929
0.071533203125000 3700035
0.070190429687500 3700035
0.000000000000000 3700000
0.070373535156250 3700000
0.071838378906250 3699964
0.071594238281250 3700035
0.061950683593750 3700000
0.070861816406250 3699929
0.070617675781250 3700070
0.068542480468750 3700000
0.070861816406250 3700000
0.070495605468750 3699964
0.061950683593750 3700035
0.068298339843750 3699894
0.071960449218750 3700105
0.069580078125000 3700000
0.073120117187500 3699964
0.000000000000000 3700035
0.071289062500000 3699929
0.068847656250000 3700070
0.069519042968750 3695669
0.061950683593750 3693108
0.072814941406250 3683441
0.071105957031250 3688285
0.068725585937500 3693016
0.071228027343750 3685996
0.069946289062500 3700035
0.070373535156250 3700000
0.069641113281250 3699929
0.062377929687500 3700070
0.070617675781250 3699964
0.072937011718750 3700070
0.000000000000000 3699964
0.071472167968750 3700000
0.069274902343750 3700000
0.071594238281250 3700000
0.064758300781250 3700000
0.062805175781250 3700035
0.065246582031250 3700000
0.070190429687500 3696529
0.076538085937500 3700035
0.068298339843750 3700000
0.069519042968750 3700035
0.069396972656250 3699964
0.070617675781250 3697715
0.070068359375000 3698771
0.070861816406250 3689166
0.000000000000000 3693119
0.070495605468750 3700000
0.069763183593750 3695322
0.073303222656250 3697486
0.068542480468750 3700000
0.069702148437500 3700000
0.070312500000000 3700035
0.072265625000000 3699929
0.072998046875000 3696555
0.070861816406250 3700070
0.071228027343750 3700000
0.070617675781250 3700000
0.000000000000000 3696405
0.072814941406250 3700035
0.070556640625000 3699964
0.070800781250000 3700035
0.070190429687500 3691104
0.068176269531250 3698598
0.063171386718750 3700000
0.067749023437500 3700000
0.070129394531250 3699964
0.068298339843750 3700000
0.071594238281250 3695773
0.068115234375000 3691503
0.070556640625000 3700000
0.072021484375000 3700035
0.069702148437500 3700000
0.000000000000000 3699964
0.071166992187500 3700035
0.070190429687500 3699964
0.070251464843750 3700035
0.070312500000000 3700000
0.073730468750000 3696567
0.072143554687500 3696575
0.068908691406250 3700000
0.068908691406250 3700000
0.068359375000000 3687730
0.071960449218750 3687792
0.068237304687500 3697688
0.000000000000000 3700000
0.071838378906250 3700000
0.069641113281250 3700035
0.070495605468750 3696594
0.072509765625000 3700000
0.068664550781250 3700000
0.070495605468750 3699964
0.067932128906250 3690575
0.062927246093750 3695170
0.071716308593750 3699894
0.068786621093750 3700105
0.069396972656250 3686988
0.069335937500000 3690332
0.068786621093750 3683331
0.069458007812500 3683333
0.069274902343750 3683369
0.000000000000000 3688235
0.072326660156250 3695858
0.072082519531250 3687381
0.069152832031250 3700105
0.068054199218750 3688748
0.070007324218750 3683368
0.069152832031250 3696355
0.070739746093750 3684263
0.068847656250000 3698248
0.072570800781250 3700000
0.070129394531250 3700000
0.070068359375000 3700000
0.000000000000000 3700000
0.070129394531250 3699964
0.069519042968750 3700000
0.070861816406250 3697752
0.069274902343750 3699894
0.070190429687500 3700105
0.068481445312500 3700000
0.068481445312500 3686359
0.071899414062500 3685818
0.071228027343750 3695206
0.071655273437500 3683366
0.070007324218750 3683336
0.072143554687500 3692584
0.062500000000000 3699929
0.068237304687500 3696238
0.000000000000000 3686070
0.069702148437500 3689292
0.069335937500000 3700000
0.071228027343750 3696010
0.069763183593750 3683298
0.068298339843750 3683369
0.070251464843750 3699036
0.069519042968750 3694211
0.071411132812500 3698955
0.069641113281250 3683405
0.072753906250000 3685032
0.070922851562500 3683334
0.070190429687500 3685323
0.000000000000000 3698776
0.071472167968750 3683330
0.069580078125000 3690304
0.070739746093750 3687662
0.068725585937500 3696556
0.071777343750000 3700035
0.070556640625000 3690452
0.069580078125000 3688378
0.072814941406250 3697945
0.067932128906250 3686815
0.062744140625000 3690626
0.068603515625000 3698270
0.070739746093750 3699964
0.068481445312500 3700035
0.061889648437500 3699964
0.070739746093750 3700000
0.000000000000000 3693064
0.070556640625000 3694182
0.071289062500000 3698927
0.070617675781250 3699272
0.062561035156250 3690325
0.069030761718750 3694528
0.072082519531250 3697020
0.070251464843750 3697415
0.062744140625000 3696555
0.069946289062500 3700035
0.070190429687500 3689526
0.072631835937500 3683264
0.069702148437500 3683436
0.063781738281250 3691392
0.071594238281250 3699964
0.070373535156250 3686664
0.068725585937500 3694210
0.000000000000000 3683870
0.073059082031250 3700000
0.071533203125000 3683831
0.069152832031250 3690644
0.069091796875000 3693793
0.068908691406250 3683402
0.071228027343750 3695547
0.069274902343750 3688607
0.070312500000000 3694278
0.070983886718750 3686712
0.070861816406250 3696043
0.061828613281250 3700000
0.070068359375000 3699964
0.070251464843750 3700035
0.000000000000000 3699964
0.070190429687500 3698956
0.062561035156250 3683299
0.068176269531250 3686018
0.069702148437500 3684946
0.069946289062500 3697250
0.070312500000000 3686863
0.071777343750000 3700000
0.068725585937500 3700035
0.071594238281250 3697716
0.068481445312500 3683299
0.062927246093750 3696246
0.068237304687500 3699964
0.071716308593750 3685807
0.074462890625000 3692844
0.068908691406250 3683556
0.062561035156250 3683333
0.000000000000000 3695646
0.069580078125000 3689732
0.071533203125000 3700000
0.069885253906250 3687166
0.071289062500000 3698719
0.068847656250000 3699929
0.070190429687500 3700070
0.071411132812500 3700000
0.068969726562500 3698378
0.071350097656250 3683298
0.069641113281250 3686667
0.070251464843750 3691557
0.069641113281250 3687522
0.063659667968750 3690231
0.000000000000000 3686977
0.070922851562500 3695638
0.070800781250000 3695076
0.071960449218750 3686232
0.068603515625000 3697961
0.071472167968750 3700000
0.069763183593750 3700035
0.073059082031250 3700000
0.071411132812500 3699929
0.071044921875000 3700035
0.070434570312500 3700000
0.069641113281250 3700035
0.000000000000000 3700000
0.070739746093750 3700000
0.070373535156250 3696564
0.072448730468750 3696259
0.070983886718750 3700000
0.071838378906250 3700000
0.071716308593750 3699964
0.069213867187500 3696061
0.071960449218750 3695235
0.070129394531250 3700000
0.069335937500000 3700000
0.069396972656250 3700000
0.000000000000000 3689618
0.070312500000000 3699929
0.070190429687500 3700035
0.069213867187500 3700035
0.068786621093750 3700000
0.069274902343750 3700000
0.072631835937500 3699929
0.070739746093750 3700070
0.069702148437500 3700000
0.072143554687500 3700000
0.069763183593750 3700000
0.069458007812500 3699929
0.069091796875000 3700070
0.000000000000000 3699964
0.070312500000000 3700035
0.063049316406250 3699964
0.071044921875000 3700035
0.069519042968750 3700000
0.068115234375000 3699964
0.071960449218750 3700000
0.069946289062500 3700000
0.071960449218750 3700035
0.070861816406250 3699964
0.068054199218750 3699964
0.062194824218750 3700035
0.070434570312500 3699964
0.070312500000000 3700035
0.067687988281250 3700035
0.069885253906250 3699894
0.000000000000000 3700105
0.070495605468750 3700000
0.069885253906250 3699965
0.069824218750000 3700035
0.068054199218750 3699964
0.073242187500000 3700000
0.070251464843750 3700000
0.072082519531250 3700000
0.070007324218750 3700035
0.071044921875000 3686102
0.062072753906250 3699964
0.068847656250000 3700035
0.069885253906250 3687545
0.068054199218750 3690538
0.071533203125000 3689265
0.000000000000000 3700000
0.068298339843750 3699964
0.070983886718750 3700035
0.069396972656250 3700000
0.069824218750000 3686624
0.070617675781250 3686926
0.069274902343750 3694197
0.070922851562500 3683337
0.070190429687500 3697421
0.071594238281250 3698664
0.072875976562500 3696159
0.070373535156250 3688889
0.068359375000000 3684509
0.000000000000000 3683982
0.068603515625000 3689909
0.071105957031250 3683765
0.067687988281250 3690233
0.069396972656250 3695026
0.069824218750000 3699929
0.073852539062500 3700070
0.069274902343750 3696446
0.068725585937500 3689489
0.070068359375000 3700035
0.069946289062500 3685644
0.061950683593750 3690015
0.069274902343750 3683721
0.071716308593750 3694471
0.071228027343750 3696613
0.000000000000000 3697889
0.068664550781250 3698627
0.071166992187500 3700000
0.069030761718750 3700035
0.068725585937500 3699964
0.070739746093750 3700035
0.072692871093750 3700000
0.070861816406250 3700000
0.068054199218750 3700000
0.072265625000000 3700000
0.068847656250000 3699964
0.071594238281250 3700035
0.068969726562500 3699964
0.000000000000000 3699964
0.071044921875000 3700035
0.071044921875000 3700035
0.070007324218750 3699964
0.071105957031250 3700035
0.068725585937500 3700000
0.070983886718750 3700000
0.068054199218750 3699964
0.071594238281250 3700035
0.070312500000000 3700000
0.068725585937500 3699964
0.072143554687500 3700000
0.069641113281250 3700000
0.000000000000000 3700000
0.071533203125000 3700035
0.070739746093750 3700000
0.069274902343750 3699964
0.070922851562500 3700000
0.069091796875000 3700000
0.071411132812500 3700000
0.331115722656250 3700000
0.069702148437500 3700000
0.068481445312500 3700000
0.062561035156250 3700035
0.000000000000000 3699929
0.069763183593750 3700070
0.068542480468750 3697025
0.071594238281250 3687331
0.068725585937500 3683664
0.070922851562500 3700035
0.068481445312500 3693085
0.069458007812500 3700035
0.071411132812500 3689084
0.071716308593750 3697052
0.069946289062500 3700000
0.069580078125000 3699929
0.068603515625000 3700070
0.070190429687500 3699894
0.062500000000000 3700070
0.068115234375000 3700035
0.000000000000000 3700000
0.069824218750000 3700000
0.071044921875000 3700000
0.069030761718750 3699964
0.071289062500000 3700035
0.068542480468750 3699929
0.069702148437500 3700035
0.069641113281250 3700000
0.061828613281250 3693108
0.068969726562500 3692894
0.071350097656250 3699964
0.069519042968750 3700035
0.068969726562500 3699964
0.072692871093750 3700035
0.069519042968750 3700000
0.000000000000000 3700000
0.069641113281250 3685945
0.070007324218750 3696446
0.072143554687500 3700035
0.070129394531250 3700000
0.069702148437500 3699964
0.070495605468750 3700000
0.070617675781250 3700035
0.070190429687500 3699929
0.068969726562500 3700070
0.071105957031250 3699964
0.070312500000000 3700035
0.070190429687500 3699929
0.000000000000000 3700070
0.071411132812500 3696500
0.066955566406250 3696426
0.069946289062500 3696443
0.071411132812500 3699964
0.069519042968750 3700035
0.071411132812500 3699964
0.068176269531250 3686182
0.069702148437500 3688097
0.069946289062500 3694266
0.069396972656250 3700000
0.069396972656250 3700000
0.069885253906250 3700000
0.000000000000000 3693162
0.074401855468750 3699954
0.071350097656250 3699859
0.069396972656250 3700105
0.068481445312500 3700000
0.071533203125000 3693177
0.070495605468750 3700000
0.071411132812500 3699964
0.070251464843750 3699964
0.070068359375000 3700035
0.070739746093750 3697466
0.071166992187500 3699394
0.070434570312500 3697249
0.000000000000000 3700035
0.068359375000000 3699964
0.068847656250000 3699964
0.071777343750000 3700070
0.069030761718750 3700000
0.070007324218750 3687965
0.069641113281250 3698089
0.071044921875000 3700000
0.067749023437500 3700000
0.071228027343750 3699964
0.068176269531250 3700000
0.071044921875000 3700000
0.072753906250000 3700035
0.000000000000000 3700000
0.070007324218750 3699964
0.069519042968750 3700035
0.068908691406250 3699964
0.071411132812500 3699964
0.067443847656250 3700000
0.070495605468750 3700035
0.070678710937500 3700035
0.068176269531250 3693130
0.072204589843750 3699964
0.069946289062500 3700035
0.069824218750000 3699964
0.071166992187500 3695976
0.000000000000000 3686894
0.072937011718750 3685175
0.070678710937500 3700000
0.068725585937500 3696405
0.071716308593750 3683334
0.070434570312500 3698706
0.070800781250000 3700000
0.069091796875000 3693055
0.070190429687500 3700000
0.070312500000000 3696548
0.069824218750000 3700000
0.070617675781250 3700035
0.069152832031250 3695192
0.000000000000000 3700000
0.070678710937500 3699964
0.068481445312500 3700035
0.072143554687500 3699747
0.069152832031250 3686788
0.068847656250000 3685914
0.068603515625000 3695037
0.069641113281250 3698388
0.071716308593750 3700070
0.070678710937500 3695023
0.071838378906250 3694468
0.070739746093750 3693028
0.069824218750000 3699964
0.000000000000000 3700000
0.071166992187500 3700035
0.068603515625000 3699964
0.070190429687500 3700000
0.070373535156250 3700000
0.071472167968750 3700035
0.070373535156250 3700000
0.071411132812500 3699929
0.069641113281250 3700070
0.069763183593750 3700000
0.071960449218750 3695830
0.069580078125000 3695990
0.070617675781250 3686881
0.000000000000000 3683330
0.070617675781250 3698694
0.068481445312500 3693201
0.069824218750000 3696990
0.067993164062500 3694702
0.070556640625000 3696354
0.071716308593750 3699714
0.073059082031250 3696977
0.068420410156250 3699964
0.070678710937500 3696581
0.070861816406250 3700035
0.068481445312500 3696561
0.061889648437500 3694350
0.068603515625000 3695080
0.069946289062500 3699959
0.000000000000000 3691085
0.074462890625000 3696105
0.068603515625000 3693082
0.061767578125000 3699964
