0.067687988281250 3800000
0.070800781250000 3800000
0.069091796875000 3799891
0.069641113281250 3800144
0.070800781250000 3799963
0.068542480468750 3800000
0.069702148437500 3799963
0.068298339843750 3800036
0.068725585937500 3800000
0.070129394531250 3800000
0.000000000000000 3799891
0.071044921875000 3800108
0.072509765625000 3800000
0.068298339843750 3800000
0.069580078125000 3800000
0.067871093750000 3800000
0.070251464843750 3800000
0.070678710937500 3797645
0.070190429687500 3800037
0.070373535156250 3800036
0.069213867187500 3798246
0.071838378906250 3799397
0.000000000000000 3791296
0.068298339843750 3791992
0.069580078125000 3796564
0.068176269531250 3799963
0.070312500000000 3800000
0.071044921875000 3800036
0.068847656250000 3800000
0.070068359375000 3796579
0.067687988281250 3796576
0.071350097656250 3800000
0.069274902343750 3800036
0.069519042968750 3799963
0.069519042968750 3798021
0.000000000000000 3796845
0.130004882812500 3797567
0.000000000000000 3800000
0.070251464843750 3794537
0.070678710937500 3797110
0.067871093750000 3800000
0.071044921875000 3799963
0.071044921875000 3800036
0.069152832031250 3796594
0.069885253906250 3800036
0.069824218750000 3799963
0.071472167968750 3791200
0.068603515625000 3798409
0.070800781250000 3800108
0.000000000000000 3796938
0.069152832031250 3795956
0.068664550781250 3800000
0.071350097656250 3800000
0.066894531250000 3793350
0.069885253906250 3792754
0.066833496093750 3800000
0.070556640625000 3800000
0.068786621093750 3800000
0.071166992187500 3800000
0.070861816406250 3800000
0.070068359375000 3788742
0.071899414062500 3783369
0.000000000000000 3792894
0.069396972656250 3783330
0.071044921875000 3783337
0.069519042968750 3783329
0.069335937500000 3783335
0.069946289062500 3792847
0.068115234375000 3793115
0.069335937500000 3798764
0.069396972656250 3799963
0.070739746093750 3786052
0.068847656250000 3793380
0.068725585937500 3786233
0.069824218750000 3783965
0.000000000000000 3783370
0.070739746093750 3790372
0.069091796875000 3783330
0.069091796875000 3792231
0.070373535156250 3800000
0.069213867187500 3800000
0.061279296875000 3797427
0.071105957031250 3792249
0.070190429687500 3800000
0.072326660156250 3800000
0.069885253906250 3800000
0.070068359375000 3800000
0.000000000000000 3792541
0.072692871093750 3796222
0.067810058593750 3796646
0.069396972656250 3800036
0.068542480468750 3795633
0.071533203125000 3798326
0.068359375000000 3800000
0.068176269531250 3800000
0.061279296875000 3800000
0.070617675781250 3800000
0.071472167968750 3800000
0.068237304687500 3800000
0.068664550781250 3800000
0.070373535156250 3799963
0.067749023437500 3800036
0.068725585937500 3800000
0.000000000000000 3800000
0.069641113281250 3800000
0.071350097656250 3800000
0.067932128906250 3800000
0.069458007812500 3796802
0.068054199218750 3796582
0.070068359375000 3800000
0.070251464843750 3800000
0.069641113281250 3800000
0.070800781250000 3800000
0.068298339843750 3800000
0.070373535156250 3800000
0.069885253906250 3797721
0.000000000000000 3795770
0.068786621093750 3800072
0.068664550781250 3800036
0.068969726562500 3799963
0.070922851562500 3800000
0.067810058593750 3800000
0.071533203125000 3799927
0.067199707031250 3795131
0.071411132812500 3783336
0.068542480468750 3790814
0.068542480468750 3800000
0.070556640625000 3800000
0.068359375000000 3785437
0.000000000000000 3794152
0.070251464843750 3800000
0.069702148437500 3793710
0.069091796875000 3798414
0.068420410156250 3796472
0.071105957031250 3789435
0.072326660156250 3800072
0.069702148437500 3800000
0.061157226562500 3799963
0.068298339843750 3800036
0.071472167968750 3800000
0.067810058593750 3799963
0.070373535156250 3800036
0.067871093750000 3800000
0.062316894531250 3800000
0.070312500000000 3800000
0.000000000000000 3800000
0.068664550781250 3800000
0.070739746093750 3800000
0.068725585937500 3799963
0.071533203125000 3800036
0.070251464843750 3800000
0.070068359375000 3800036
0.069396972656250 3799962
0.070312500000000 3800036
0.070129394531250 3799963
0.068298339843750 3800000
0.000000000000000 3799927
0.071472167968750 3800072
0.068237304687500 3800000
0.071655273437500 3799963
0.069030761718750 3800036
0.068298339843750 3800000
0.069152832031250 3800000
0.069213867187500 3799963
0.070861816406250 3800036
0.068847656250000 3800000
0.071166992187500 3800000
0.070617675781250 3785971
0.068420410156250 3789173
0.061401367187500 3800000
0.068420410156250 3800000
0.061645507812500 3800000
0.069824218750000 3792905
0.000000000000000 3795779
0.069519042968750 3797865
0.067260742187500 3800036
0.061218261718750 3800000
0.068115234375000 3799963
0.071228027343750 3800000
0.068908691406250 3800000
0.069091796875000 3797224
0.061584472656250 3800000
0.067871093750000 3800000
0.071533203125000 3799433
0.070312500000000 3800000
0.069702148437500 3800000
0.070251464843750 3800000
0.068237304687500 3800000
0.071472167968750 3799963
0.000000000000000 3800036
0.067504882812500 3800000
0.068725585937500 3786110
0.068298339843750 3794197
0.069885253906250 3783334
0.067443847656250 3790032
0.072448730468750 3783989
0.070495605468750 3798241
0.069946289062500 3800036
0.069152832031250 3800000
0.068420410156250 3800000
0.070495605468750 3796559
0.071716308593750 3800000
0.000000000000000 3800000
0.070495605468750 3800000
0.069641113281250 3800000
0.068542480468750 3800000
0.068847656250000 3800036
0.067749023437500 3799963
0.069580078125000 3800000
0.069458007812500 3800000
0.068847656250000 3800000
0.072814941406250 3800000
0.068725585937500 3800000
0.070373535156250 3800000
0.069274902343750 3800000
0.000000000000000 3799963
0.070678710937500 3800036
0.071777343750000 3800000
0.067077636718750 3800000
0.070861816406250 3800000
0.068725585937500 3800036
0.069335937500000 3799963
0.069702148437500 3800000
0.061523437500000 3800000
0.066833496093750 3800000
0.070922851562500 3796636
0.069763183593750 3799963
0.069519042968750 3800000
0.071044921875000 3800000
0.000000000000000 3800000
0.067871093750000 3798855
0.068786621093750 3794275
0.069152832031250 3800000
0.069641113281250 3800000
0.071350097656250 3800000
0.067993164062500 3800000
0.072204589843750 3800000
0.067443847656250 3800000
0.067077636718750 3800000
0.067871093750000 3799963
0.069580078125000 3796574
0.072631835937500 3800000
0.067932128906250 3800000
0.000000000000000 3800000
0.070617675781250 3800000
0.068176269531250 3800000
0.072448730468750 3800036
0.068420410156250 3797829
0.070068359375000 3797425
0.069152832031250 3800000
0.067993164062500 3800000
0.061279296875000 3796012
0.068542480468750 3793821
0.069946289062500 3800036
0.067138671875000 3800000
0.072326660156250 3800000
0.069519042968750 3800000
0.061279296875000 3799963
0.068115234375000 3800036
0.000000000000000 3797443
0.069396972656250 3800000
0.070800781250000 3796595
0.068542480468750 3799963
0.070922851562500 3800036
0.069152832031250 3793117
0.069396972656250 3800000
0.067687988281250 3800000
0.069824218750000 3800000
0.069396972656250 3800000
0.068176269531250 3800000
0.071044921875000 3800000
0.068664550781250 3783919
0.000000000000000 3798759
0.071777343750000 3800000
0.069946289062500 3797684
0.070495605468750 3798752
0.068786621093750 3799891
0.069580078125000 3800000
0.070068359375000 3800072
0.069274902343750 3800000
0.071594238281250 3799497
0.069824218750000 3789476
0.061401367187500 3798889
0.068847656250000 3798335
0.068664550781250 3800036
0.071228027343750 3799963
0.000000000000000 3797893
0.067871093750000 3798671
0.071044921875000 3800000
0.067504882812500 3800000
0.063110351562500 3800000
0.068786621093750 3800000
0.069885253906250 3799963
0.071228027343750 3800000
0.069885253906250 3800036
0.061706542968750 3800036
0.069335937500000 3799963
0.070373535156250 3799963
0.069519042968750 3799963
0.073486328125000 3800108
0.068969726562500 3799963
0.000000000000000 3800000
0.067443847656250 3800000
0.069824218750000 3800000
0.068237304687500 3800000
0.061401367187500 3800000
0.070190429687500 3800000
0.070434570312500 3800000
0.071411132812500 3800000
0.071411132812500 3800000
0.069274902343750 3799963
0.068176269531250 3800036
0.068908691406250 3800000
0.068542480468750 3800036
0.062500000000000 3799963
0.069335937500000 3800000
0.071777343750000 3799927
0.000000000000000 3800072
0.071594238281250 3799927
0.069580078125000 3800072
0.067321777343750 3800000
0.071228027343750 3800000
0.071472167968750 3800000
0.068847656250000 3788767
0.072082519531250 3783330
0.068969726562500 3792224
0.070983886718750 3794495
0.070739746093750 3797214
0.000000000000000 3800000
0.069641113281250 3791467
0.071411132812500 3793190
0.071289062500000 3793174
0.068542480468750 3797406
0.069274902343750 3799139
0.071044921875000 3799963
0.069946289062500 3800000
0.067993164062500 3790660
0.069091796875000 3783336
0.071777343750000 3795403
0.067565917968750 3790926
0.070312500000000 3788848
0.000000000000000 3800000
0.067810058593750 3798286
0.071350097656250 3792712
0.069702148437500 3796592
0.068664550781250 3798919
0.067626953125000 3800036
0.070251464843750 3794604
0.070312500000000 3800036
0.068725585937500 3795154
0.068542480468750 3797620
0.068115234375000 3789745
0.068969726562500 3788932
0.070861816406250 3797894
0.000000000000000 3796597
0.071777343750000 3800000
0.070251464843750 3799729
0.070617675781250 3783334
0.070312500000000 3794578
0.069519042968750 3800000
0.070983886718750 3800000
0.071044921875000 3800000
0.067199707031250 3800000
0.062316894531250 3800000
0.066833496093750 3800000
0.069885253906250 3796111
0.067382812500000 3795031
0.070068359375000 3783334
0.068603515625000 3783330
0.000000000000000 3795401
0.069824218750000 3800036
0.069641113281250 3796364
0.069030761718750 3789449
0.071655273437500 3800000
0.067749023437500 3800036
0.069396972656250 3799963
0.067016601562500 3800000
0.072753906250000 3800000
0.070129394531250 3800036
0.068115234375000 3799963
0.071228027343750 3800000
0.000000000000000 3800000
0.132202148437500 3800000
0.000000000000000 3800036
0.067443847656250 3799963
0.069396972656250 3800000
0.070495605468750 3800000
0.071899414062500 3800000
0.069274902343750 3800000
0.067871093750000 3800000
0.069396972656250 3799891
0.069824218750000 3800108
0.061523437500000 3800000
0.066894531250000 3800000
0.069702148437500 3799963
0.069030761718750 3800036
0.070251464843750 3800000
0.000000000000000 3800000
0.073181152343750 3800000
0.067565917968750 3800000
0.068115234375000 3797143
0.070983886718750 3802858
0.064086914062500 3800000
0.061340332031250 3800036
0.070678710937500 3799963
0.070800781250000 3800000
0.072204589843750 3800000
0.064941406250000 3799963
0.071655273437500 3800000
0.072082519531250 3800036
0.066894531250000 3800000
0.064514160156250 3800000
0.069274902343750 3800000
0.063537597656250 3800000
0.067565917968750 3800000
0.067321777343750 3800000
0.000000000000000 3800000
0.067443847656250 3800000
0.072631835937500 3800000
0.068969726562500 3797348
0.070556640625000 3791013
0.065612792968750 3798602
0.065612792968750 3789062
0.065246582031250 3789939
0.065795898437500 3789802
0.073059082031250 3796778
0.064208984375000 3783332
0.064453125000000 3783296
0.070678710937500 3795093
0.068115234375000 3793158
0.062805175781250 3800000
0.068847656250000 3800000
0.070129394531250 3800000
0.070800781250000 3800000
0.000000000000000 3796953
0.068542480468750 3791677
0.070617675781250 3796605
0.069091796875000 3800000
0.070434570312500 3798402
0.068115234375000 3800000
0.071411132812500 3786191
0.071594238281250 3800000
0.068298339843750 3795428
0.067626953125000 3800000
0.067810058593750 3800000
0.070922851562500 3797580
0.070495605468750 3783333
0.000000000000000 3787006
0.070312500000000 3800000
0.071594238281250 3789550
0.071105957031250 3800000
0.061828613281250 3793973
0.068115234375000 3793581
0.070800781250000 3793918
0.067810058593750 3795334
0.073547363281250 3800000
0.068969726562500 3800000
0.068420410156250 3800000
0.068908691406250 3789943
0.067749023437500 3795870
0.000000000000000 3785105
0.071289062500000 3793664
0.070617675781250 3790438
0.068969726562500 3798699
0.070251464843750 3799609
0.068359375000000 3795415
0.069580078125000 3794133
0.070251464843750 3796172
0.071044921875000 3796549
0.069946289062500 3784454
0.071044921875000 3799381
0.068908691406250 3791756
0.067810058593750 3786858
0.000000000000000 3789135
0.070251464843750 3783329
0.069641113281250 3794440
0.070129394531250 3800000
0.069702148437500 3800000
0.071838378906250 3800000
0.075134277343750 3800000
0.069885253906250 3790138
0.069885253906250 3794964
0.069641113281250 3791638
0.070190429687500 3788663
0.061523437500000 3783330
0.000000000000000 3799707
0.068847656250000 3800000
0.065185546875000 3800000
0.067749023437500 3796506
0.071594238281250 3793946
0.071289062500000 3791685
0.069396972656250 3794369
0.070190429687500 3799927
0.070251464843750 3793997
0.072021484375000 3792018
0.069641113281250 3797563
0.068420410156250 3800036
0.069152832031250 3788910
0.061645507812500 3795870
0.069274902343750 3787259
0.000000000000000 3788266
0.070251464843750 3791891
0.068542480468750 3800000
0.071716308593750 3800000
0.070190429687500 3800000
0.069091796875000 3795737
0.069580078125000 3788908
0.068481445312500 3797638
0.070922851562500 3800000
0.069396972656250 3794209
0.071044921875000 3797831
0.070861816406250 3788805
0.000000000000000 3790716
0.070068359375000 3790334
0.061828613281250 3784804
0.068237304687500 3793184
0.061401367187500 3800000
0.070617675781250 3799963
0.071166992187500 3800036
0.069396972656250 3800000
0.070922851562500 3800000
0.070800781250000 3800000
0.070495605468750 3800000
0.071044921875000 3798077
0.068847656250000 3800000
0.068420410156250 3800000
0.071105957031250 3800000
0.000000000000000 3800000
0.069458007812500 3800000
0.072021484375000 3800000
0.068542480468750 3799927
0.068664550781250 3800072
0.067565917968750 3800000
0.070434570312500 3800000
0.073425292968750 3800000
0.069641113281250 3800000
0.070495605468750 3799963
0.072204589843750 3800036
0.000000000000000 3800000
0.070922851562500 3800036
0.068420410156250 3799963
0.068725585937500 3800000
0.071350097656250 3800000
0.069641113281250 3800000
0.069641113281250 3800000
0.067932128906250 3800000
0.067504882812500 3800000
0.061340332031250 3800036
0.069946289062500 3799963
0.069091796875000 3800000
0.069702148437500 3800000
0.069702148437500 3800000
0.069091796875000 3798633
0.069519042968750 3798885
0.000000000000000 3800036
0.068054199218750 3800000
0.061828613281250 3800000
0.069519042968750 3800000
0.061584472656250 3800000
0.068542480468750 3800000
0.072143554687500 3797889
0.070068359375000 3798638
0.068786621093750 3800000
0.069641113281250 3799963
0.069030761718750 3800036
0.071105957031250 3800000
0.069091796875000 3796636
0.061279296875000 3799963
0.066711425781250 3800000
0.070495605468750 3800000
0.070800781250000 3800000
0.000000000000000 3797617
0.068420410156250 3800000
0.070373535156250 3796591
0.067993164062500 3800000
0.072570800781250 3800000
0.070556640625000 3795507
0.071472167968750 3788176
0.071533203125000 3800000
0.070373535156250 3799963
0.070068359375000 3800000
0.071472167968750 3800036
0.069274902343750 3800000
0.000000000000000 3800000
0.071044921875000 3800000
0.068237304687500 3800000
0.071105957031250 3800000
0.068969726562500 3800000
0.070251464843750 3800000
0.069641113281250 3799963
0.061340332031250 3800036
0.072204589843750 3787025
0.069274902343750 3800000
0.071350097656250 3800000
0.069152832031250 3800000
0.070312500000000 3800000
0.000000000000000 3800036
0.072082519531250 3799963
0.068969726562500 3800000
0.071350097656250 3800000
0.068237304687500 3800036
0.070739746093750 3799963
0.069641113281250 3800000
0.069641113281250 3799927
0.068420410156250 3800072
0.071166992187500 3800000
0.072875976562500 3800000
0.000000000000000 3800000
0.069519042968750 3795600
0.071594238281250 3793526
0.069580078125000 3783368
0.061523437500000 3796185
0.067871093750000 3789541
0.070678710937500 3796666
0.069946289062500 3793076
0.070373535156250 3789551
0.061401367187500 3800000
0.069519042968750 3800000
0.071166992187500 3788558
0.070800781250000 3784379
0.070312500000000 3795959
0.067810058593750 3795529
0.000000000000000 3787002
0.071777343750000 3790007
0.070373535156250 3800000
0.068481445312500 3800000
0.071105957031250 3800000
0.068969726562500 3800000
0.068237304687500 3800036
0.070190429687500 3799963
0.070800781250000 3800000
0.071594238281250 3608523
0.071411132812500 3800000
0.070068359375000 3800000
0.000000000000000 3800000
0.068969726562500 3800000
0.061889648437500 3800000
0.068542480468750 3800000
0.069091796875000 3800000
0.068908691406250 3800036
0.070312500000000 3799963
0.070129394531250 3800000
0.067749023437500 3799927
0.070251464843750 3800072
0.068420410156250 3800000
0.070556640625000 3800000
0.071472167968750 3800036
0.069091796875000 3799963
0.000000000000000 3800000
0.070556640625000 3800000
0.071411132812500 3800000
0.070190429687500 3800000
0.069763183593750 3800000
0.071777343750000 3800000
0.069519042968750 3800036
0.070251464843750 3799963
0.069824218750000 3800000
0.071533203125000 3800000
0.071350097656250 3800000
0.000000000000000 3800000
0.071472167968750 3800000
0.067077636718750 3800000
0.070800781250000 3800000
0.069763183593750 3799891
0.068420410156250 3796727
0.070922851562500 3800000
0.069641113281250 3800000
0.071350097656250 3800000
0.068115234375000 3790892
0.071411132812500 3796839
0.069274902343750 3795323
0.071838378906250 3800000
0.000000000000000 3789310
0.067687988281250 3796487
0.061279296875000 3799390
0.070312500000000 3783331
0.071533203125000 3794538
0.070190429687500 3789405
0.069030761718750 3799630
0.071289062500000 3783334
0.070129394531250 3794658
0.071838378906250 3783352
0.068847656250000 3794566
0.070495605468750 3797161
0.070068359375000 3794626
0.000000000000000 3791325
0.068298339843750 3786411
0.071166992187500 3783330
0.068725585937500 3795608
0.062133789062500 3785068
0.068115234375000 3783335
0.069824218750000 3794557
0.070739746093750 3787104
0.067871093750000 3783336
0.070129394531250 3789870
0.067016601562500 3788908
0.068176269531250 3799414
0.067626953125000 3797277
0.071594238281250 3796322
0.070678710937500 3800000
0.000000000000000 3792694
0.067749023437500 3792981
0.068298339843750 3799963
0.068237304687500 3792707
0.070251464843750 3786857
0.066894531250000 3783331
0.070007324218750 3798640
0.069946289062500 3800072
0.061645507812500 3799963
0.070190429687500 3796986
0.070007324218750 3799963
0.069274902343750 3800036
0.069763183593750 3791376
0.072753906250000 3783334
0.068725585937500 3783333
0.000000000000000 3788574
0.071411132812500 3791552
0.070129394531250 3800000
0.068420410156250 3797333
0.069396972656250 3791832
0.070190429687500 3800000
0.061828613281250 3797007
0.068420410156250 3796006
0.061706542968750 3800000
0.069641113281250 3800000
0.070068359375000 3798018
0.069519042968750 3790201
0.070617675781250 3796597
0.071716308593750 3789437
0.068298339843750 3800000
0.000000000000000 3800000
0.069946289062500 3800000
0.068908691406250 3789539
0.071228027343750 3800036
0.069458007812500 3792667
0.068420410156250 3800000
0.070678710937500 3800000
0.070434570312500 3788826
0.069152832031250 3783300
0.069458007812500 3790907
0.070678710937500 3800000
0.069091796875000 3783754
0.069458007812500 3794659
0.000000000000000 3800000
0.069091796875000 3800000
0.069824218750000 3800000
0.069763183593750 3800000
0.071777343750000 3790101
0.071228027343750 3799648
0.072021484375000 3800000
0.069274902343750 3800000
0.071655273437500 3800000
0.070068359375000 3800036
0.069824218750000 3799963
0.000000000000000 3800000
0.071472167968750 3800000
0.071228027343750 3796873
0.062133789062500 3799963
0.071105957031250 3799963
0.072326660156250 3787389
0.070983886718750 3794743
0.071594238281250 3799963
0.073730468750000 3800000
0.067993164062500 3800000
0.070495605468750 3800000
0.069274902343750 3800000
0.061950683593750 3800000
0.067810058593750 3800000
0.000000000000000 3800000
0.071777343750000 3799963
0.068359375000000 3800036
0.070800781250000 3800000
0.072753906250000 3800000
0.070617675781250 3800000
0.069030761718750 3800000
0.069396972656250 3796716
0.065246582031250 3783298
0.071228027343750 3790788
0.071960449218750 3796880
0.071533203125000 3800000
0.068176269531250 3800000
0.000000000000000 3799963
0.071533203125000 3792236
0.070495605468750 3783370
0.070800781250000 3795746
0.070739746093750 3796610
0.064270019531250 3800000
0.072021484375000 3799963
0.070556640625000 3798376
0.069030761718750 3798258
0.067443847656250 3788934
0.063537597656250 3793976
0.068603515625000 3787402
0.061157226562500 3800000
0.066894531250000 3800036
0.070983886718750 3799963
0.074157714843750 3800000
0.068603515625000 3800000
0.000000000000000 3800000
0.069763183593750 3800000
0.069702148437500 3800000
0.072143554687500 3800000
0.067871093750000 3800000
0.069763183593750 3800000
0.071166992187500 3796206
0.069519042968750 3800036
0.070739746093750 3800000
0.070129394531250 3800000
0.061401367187500 3800000
0.070190429687500 3800000
0.061279296875000 3800000
0.070739746093750 3800000
0.070190429687500 3799891
0.000000000000000 3800108
0.072998046875000 3800000
0.068420410156250 3800000
0.062194824218750 3799963
0.066833496093750 3800036
0.069030761718750 3800000
0.068786621093750 3800000
0.072448730468750 3799963
0.067932128906250 3800036
0.069519042968750 3796693
0.069641113281250 3789352
0.070129394531250 3800036
0.061340332031250 3800000
0.069091796875000 3800000
0.061157226562500 3800000
0.069641113281250 3800000
0.070007324218750 3800000
0.071289062500000 3800000
0.069458007812500 3800000
0.000000000000000 3800000
0.070678710937500 3800000
0.067260742187500 3800000
0.072021484375000 3800000
0.068359375000000 3800000
0.069763183593750 3800000
0.070068359375000 3800000
0.068969726562500 3800000
0.070251464843750 3800000
0.068725585937500 3800036
0.069519042968750 3799963
0.069091796875000 3800000
0.071105957031250 3800000
0.000000000000000 3800000
0.069396972656250 3800000
0.070312500000000 3800000
0.069213867187500 3786068
0.069152832031250 3800000
0.072387695312500 3800000
0.070190429687500 3783961
0.069030761718750 3791626
0.067749023437500 3796160
0.070129394531250 3796875
0.070617675781250 3800000
0.067382812500000 3797488
0.071105957031250 3796588
0.068847656250000 3800000
0.061706542968750 3799963
0.000000000000000 3792880
0.068786621093750 3786101
0.069824218750000 3800036
0.067687988281250 3799963
0.070129394531250 3800036
0.071716308593750 3800000
0.069641113281250 3800000
0.070983886718750 3799963
0.068054199218750 3800036
0.063110351562500 3789502
0.068908691406250 3800000
0.069152832031250 3799159
0.068908691406250 3788949
0.072082519531250 3790860
0.070007324218750 3798069
0.000000000000000 3791010
0.068420410156250 3795408
0.069274902343750 3800036
0.068847656250000 3799963
0.062133789062500 3800036
0.070983886718750 3800000
0.069519042968750 3800000
0.069641113281250 3800000
0.067016601562500 3800000
0.070251464843750 3800000
0.068664550781250 3800036
0.070312500000000 3799963
0.070190429687500 3800036
0.062805175781250 3799963
0.067871093750000 3800000
0.070068359375000 3800000
0.000000000000000 3799963
0.069152832031250 3800036
0.069763183593750 3800000
0.071105957031250 3800000
0.069091796875000 3800036
0.070495605468750 3799963
0.071350097656250 3800000
0.071594238281250 3800036
0.070922851562500 3799927
0.066894531250000 3800036
0.069702148437500 3791552
0.069458007812500 3797303
0.000000000000000 3797333
0.070129394531250 3800000
0.067321777343750 3799963
0.070983886718750 3798634
0.070800781250000 3789314
0.070861816406250 3799963
0.068664550781250 3800072
0.067382812500000 3799180
0.069030761718750 3790403
0.069763183593750 3790533
0.071350097656250 3783333
0.071350097656250 3783331
0.069213867187500 3793289
0.000000000000000 3795062
0.070434570312500 3794874
0.069946289062500 3786980
0.069946289062500 3786477
0.070434570312500 3793828
0.068969726562500 3784035
0.069152832031250 3793655
0.070434570312500 3788832
0.069030761718750 3789980
0.067565917968750 3799020
0.071105957031250 3799963
0.072387695312500 3787787
0.000000000000000 3792959
0.130615234375000 3800000
0.000000000000000 3799963
0.069274902343750 3800036
0.069702148437500 3783828
0.069274902343750 3794456
0.069702148437500 3796890
0.069396972656250 3803076
0.068298339843750 3800000
0.072387695312500 3800000
0.069824218750000 3792686
0.068969726562500 3797051
0.069824218750000 3800000
0.071228027343750 3800000
0.000000000000000 3800000
0.069641113281250 3800000
0.070556640625000 3800000
0.069274902343750 3797911
0.068176269531250 3796552
0.071777343750000 3800036
0.068298339843750 3794919
0.070739746093750 3786646
0.069641113281250 3798285
0.069458007812500 3796735
0.070800781250000 3800036
0.067810058593750 3800000
0.071899414062500 3792774
0.000000000000000 3786635
0.070312500000000 3799963
0.062683105468750 3795239
0.069885253906250 3783334
0.071838378906250 3783335
0.069580078125000 3796147
0.068725585937500 3800000
0.072448730468750 3800000
0.068603515625000 3800000
0.068176269531250 3800000
0.066589355468750 3789554
0.072326660156250 3800000
0.070129394531250 3800000
0.000000000000000 3800000
0.070068359375000 3800000
0.068908691406250 3790110
0.068237304687500 3799130
0.061706542968750 3800000
0.070312500000000 3788910
0.070800781250000 3794236
0.068298339843750 3794652
0.072448730468750 3800000
0.069274902343750 3799963
0.068115234375000 3792977
0.071472167968750 3793116
0.071411132812500 3800000
0.071228027343750 3800000
0.000000000000000 3800000
0.069213867187500 3800000
0.068664550781250 3800000
0.070312500000000 3800000
0.069335937500000 3800000
0.071105957031250 3800000
0.068237304687500 3797068
0.069641113281250 3792153
0.071533203125000 3798694
0.071533203125000 3798405
0.069824218750000 3800036
0.068542480468750 3797292
0.000000000000000 3783334
0.070251464843750 3798280
0.069824218750000 3796254
0.061157226562500 3793024
0.067993164062500 3800000
0.069702148437500 3800000
0.068237304687500 3796169
0.069763183593750 3791016
0.070983886718750 3794376
0.069396972656250 3783335
0.071472167968750 3790529
0.072753906250000 3800000
0.070312500000000 3789505
0.069946289062500 3800000
0.000000000000000 3800000
0.068908691406250 3800000
0.061462402343750 3800000
0.071105957031250 3800000
0.070495605468750 3800000
0.068603515625000 3800000
0.070861816406250 3788972
0.070800781250000 3783301
0.069702148437500 3797061
0.068115234375000 3794214
0.069274902343750 3800000
0.069274902343750 3800000
0.071228027343750 3799927
0.000000000000000 3790660
0.071350097656250 3783333
0.070129394531250 3783335
0.068603515625000 3794569
0.062377929687500 3783330
0.067565917968750 3787916
0.069824218750000 3790063
0.067871093750000 3792541
0.069641113281250 3800000
0.070373535156250 3800000
0.068847656250000 3800000
0.072631835937500 3800000
0.068298339843750 3800000
0.070190429687500 3800000
0.068054199218750 3800000
0.000000000000000 3800000
0.069274902343750 3800000
0.071289062500000 3800000
0.068542480468750 3800000
0.061645507812500 3800000
0.070251464843750 3800000
0.070434570312500 3800000
0.067932128906250 3800000
0.071472167968750 3800000
0.068420410156250 3799240
0.069824218750000 3797092
0.069030761718750 3800000
0.070495605468750 3800036
0.070678710937500 3799963
0.000000000000000 3800000
0.068115234375000 3800036
0.069580078125000 3799963
0.067687988281250 3796592
0.071777343750000 3800000
0.069824218750000 3799963
0.070190429687500 3800036
0.069641113281250 3800000
0.069091796875000 3799927
0.071472167968750 3800072
0.067932128906250 3793312
0.071228027343750 3785849
0.061706542968750 3792041
0.068481445312500 3783298
0.000000000000000 3791245
0.070495605468750 3786682
0.069396972656250 3783333
0.070800781250000 3797042
0.067565917968750 3791116
0.061401367187500 3783334
0.067016601562500 3796911
0.072204589843750 3785385
0.069946289062500 3800000
0.068359375000000 3800000
0.061706542968750 3800000
0.068420410156250 3797471
0.070434570312500 3795825
0.070373535156250 3797264
0.070922851562500 3790416
0.069763183593750 3798722
0.000000000000000 3788709
0.070617675781250 3783335
0.070739746093750 3799879
0.068969726562500 3800000
0.069091796875000 3785333
0.070007324218750 3786650
0.070251464843750 3798258
0.069335937500000 3800000
0.070556640625000 3628519
0.070495605468750 3783336
0.070068359375000 3793074
0.069458007812500 3800000
0.000000000000000 3800000
0.069824218750000 3793150
0.072021484375000 3800000
0.070617675781250 3796414
0.067199707031250 3800000
0.068908691406250 3800000
0.061523437500000 3800000
0.068237304687500 3800000
0.068176269531250 3800000
0.070556640625000 3800000
0.070312500000000 3788910
0.072814941406250 3791381
0.071594238281250 3783916
0.068298339843750 3783334
0.000000000000000 3795642
0.070861816406250 3799963
0.070678710937500 3800000
0.070251464843750 3800000
0.068420410156250 3783879
0.070068359375000 3787354
0.071960449218750 3792485
0.071533203125000 3786259
0.069641113281250 3799963
0.069396972656250 3792817
0.070800781250000 3783300
0.000000000000000 3793841
0.070922851562500 3795806
0.068115234375000 3800072
0.069335937500000 3800036
0.068176269531250 3800000
0.070556640625000 3799963
0.069396972656250 3800000
0.069091796875000 3787009
0.068969726562500 3800036
0.070129394531250 3800000
0.071411132812500 3800000
0.068664550781250 3800000
0.070800781250000 3800000
0.000000000000000 3800000
0.070190429687500 3799963
0.069946289062500 3800036
0.071594238281250 3800000
0.070495605468750 3800000
0.062194824218750 3800000
0.069702148437500 3800000
0.069702148437500 3800000
0.067687988281250 3799927
0.069091796875000 3800072
0.068115234375000 3800000
0.070617675781250 3800000
0.062377929687500 3799927
0.069580078125000 3800000
0.068725585937500 3800036
0.070617675781250 3800036
0.061645507812500 3800000
0.067687988281250 3800000
0.000000000000000 3793475
0.070800781250000 3799568
0.071044921875000 3799880
0.071838378906250 3783351
0.061828613281250 3789356
0.070617675781250 3800000
0.068847656250000 3796602
0.070129394531250 3796593
0.071350097656250 3783895
0.068969726562500 3788022
0.070495605468750 3800000
0.070373535156250 3800000
0.000000000000000 3800000
0.069885253906250 3800000
0.071289062500000 3800000
0.068786621093750 3790273
0.070800781250000 3799379
0.068847656250000 3800000
0.070800781250000 3800000
0.070678710937500 3800000
0.069885253906250 3798248
0.071166992187500 3791165
0.069458007812500 3800000
0.070373535156250 3800000
0.000000000000000 3800000
0.070495605468750 3800000
0.069946289062500 3800000
0.069885253906250 3800000
0.068969726562500 3800000
0.068054199218750 3800000
0.068542480468750 3799963
0.070434570312500 3800036
0.067565917968750 3800036
0.070739746093750 3799963
0.070556640625000 3799963
0.069274902343750 3800072
0.070678710937500 3799963
0.000000000000000 3800000
0.069091796875000 3799783
0.071289062500000 3789868
0.067871093750000 3800000
0.069580078125000 3799287
0.068664550781250 3789487
0.070007324218750 3800036
0.070922851562500 3800000
0.069641113281250 3800000
0.070495605468750 3800000
0.069946289062500 3800000
0.069702148437500 3800000
0.069030761718750 3800000
0.000000000000000 3800000
0.068969726562500 3800000
0.071105957031250 3800000
0.069641113281250 3800000
0.069763183593750 3800000
0.070922851562500 3800000
0.068664550781250 3799963
0.062683105468750 3800036
0.070495605468750 3800000
0.070678710937500 3800000
0.068115234375000 3800000
0.070068359375000 3799927
0.070129394531250 3800072
0.000000000000000 3800000
0.070373535156250 3800000
0.070617675781250 3800036
0.068298339843750 3800000
0.062377929687500 3800000
0.068237304687500 3799927
0.069458007812500 3800036
0.070007324218750 3800000
0.071105957031250 3800000
0.072021484375000 3800000
0.069519042968750 3800000
0.070129394531250 3800036
0.066833496093750 3799963
0.070922851562500 3799963
0.067443847656250 3800036
0.000000000000000 3800000
0.069946289062500 3800000
0.067749023437500 3800000
0.068420410156250 3799891
0.071105957031250 3800108
0.068359375000000 3799963
0.068908691406250 3800036
0.069458007812500 3800000
0.071472167968750 3800000
0.068237304687500 3800000
0.070556640625000 3800000
0.069519042968750 3800000
0.068542480468750 3800000
0.000000000000000 3800000
0.072387695312500 3800000
0.067443847656250 3800000
0.068908691406250 3800000
0.067016601562500 3800000
0.071044921875000 3800000
0.061340332031250 3799963
0.070617675781250 3800036
0.073120117187500 3799927
0.069030761718750 3800072
0.062561035156250 3800000
0.070068359375000 3800000
0.069396972656250 3800000
0.069641113281250 3800000
0.070068359375000 3800000
0.000000000000000 3800000
0.069824218750000 3800000
0.068664550781250 3800000
0.069213867187500 3791052
0.070495605468750 3792632
0.071228027343750 3800000
0.068054199218750 3800000
0.071044921875000 3800000
0.068847656250000 3789918
0.069702148437500 3794741
0.070312500000000 3800000
0.069091796875000 3794118
0.000000000000000 3791562
0.070495605468750 3799963
0.071472167968750 3800036
0.061584472656250 3796139
0.068847656250000 3783367
0.067993164062500 3787612
0.068237304687500 3800000
0.069152832031250 3797592
0.070983886718750 3800036
0.070129394531250 3800000
0.069580078125000 3800000
0.071228027343750 3800000
0.069396972656250 3791837
0.069396972656250 3786527
0.067382812500000 3791400
0.000000000000000 3799750
0.068725585937500 3800000
0.071472167968750 3800000
0.068603515625000 3800000
0.070678710937500 3799963
0.069091796875000 3800036
0.070800781250000 3800000
0.070251464843750 3799963
0.070251464843750 3800036
0.071044921875000 3800000
0.069519042968750 3800000
0.072387695312500 3800000
0.000000000000000 3800000
0.069213867187500 3799963
0.068542480468750 3800036
0.069763183593750 3800000
0.069213867187500 3800000
0.070861816406250 3800036
0.070922851562500 3799963
0.071533203125000 3800000
0.067443847656250 3800000
0.070617675781250 3800000
0.070251464843750 3800000
0.071105957031250 3800000
0.000000000000000 3800000
0.070495605468750 3800000
0.069580078125000 3800000
0.069946289062500 3800000
0.069152832031250 3800000
0.071228027343750 3792689
0.069396972656250 3800000
0.061950683593750 3800000
0.067993164062500 3800036
0.072692871093750 3800000
0.070129394531250 3800000
0.068664550781250 3799927
0.071899414062500 3800036
0.067504882812500 3800000
0.000000000000000 3798773
0.068847656250000 3800000
0.067260742187500 3800000
0.062316894531250 3800036
0.069641113281250 3799963
0.061401367187500 3800000
0.072937011718750 3799891
0.069396972656250 3800108
0.063232421875000 3800000
0.070190429687500 3800000
0.071533203125000 3800000
0.067687988281250 3800000
0.070312500000000 3800000
0.071105957031250 3800000
0.070251464843750 3800036
0.069519042968750 3799963
0.000000000000000 3796817
0.069946289062500 3803184
0.062683105468750 3799927
0.069335937500000 3800072
0.071472167968750 3800000
0.072082519531250 3800000
0.069274902343750 3799963
0.069396972656250 3800036
0.068969726562500 3800000
0.070617675781250 3799927
0.069396972656250 3800036
0.062561035156250 3800036
0.069824218750000 3800000
0.070922851562500 3800000
0.000000000000000 3800000
0.069519042968750 3800000
0.070251464843750 3800036
0.070251464843750 3799963
0.066101074218750 3800000
0.068847656250000 3800000
0.069946289062500 3800000
0.064086914062500 3800000
0.071594238281250 3800000
0.070251464843750 3800000
0.072814941406250 3799963
0.070678710937500 3800036
0.064086914062500 3800000
0.066406250000000 3800000
0.071838378906250 3799963
0.000000000000000 3800036
0.071350097656250 3800000
0.070678710937500 3800000
0.066345214843750 3800000
0.071533203125000 3799963
0.067321777343750 3800036
0.073547363281250 3800000
0.065917968750000 3796771
0.064331054687500 3798007
0.070373535156250 3800108
0.066772460937500 3799962
0.069519042968750 3800000
0.062011718750000 3800000
0.066467285156250 3799963
0.069702148437500 3800036
0.000000000000000 3800000
0.071960449218750 3800000
0.064758300781250 3800000
0.068603515625000 3800000
0.071655273437500 3800000
0.069396972656250 3800000
0.071044921875000 3800000
0.069885253906250 3800000
0.068786621093750 3800000
0.071411132812500 3799963
0.071533203125000 3800036
0.071289062500000 3800000
0.068847656250000 3800000
0.000000000000000 3800000
0.068420410156250 3800000
0.070251464843750 3800000
0.071289062500000 3800000
0.069946289062500 3799927
0.070617675781250 3800072
0.068603515625000 3800000
0.070556640625000 3799943
0.071472167968750 3796626
0.061218261718750 3800000
0.067993164062500 3800000
0.070312500000000 3799963
0.069946289062500 3800036
0.069763183593750 3800000
0.000000000000000 3800000
0.071228027343750 3800000
0.067565917968750 3800000
0.070678710937500 3800000
0.071472167968750 3800000
0.070251464843750 3800000
0.068542480468750 3800000
0.070617675781250 3800000
0.070983886718750 3800000
0.067749023437500 3800000
0.070068359375000 3800000
0.068603515625000 3800000
0.000000000000000 3800000
0.071899414062500 3800000
0.068786621093750 3800000
0.071228027343750 3800000
0.069946289062500 3800036
0.067626953125000 3799963
0.061401367187500 3800000
0.069274902343750 3799963
0.070068359375000 3800036
0.072265625000000 3800000
0.070739746093750 3800000
0.061950683593750 3799773
0.070373535156250 3797599
0.069885253906250 3783818
0.069152832031250 3788202
0.000000000000000 3800000
0.068847656250000 3796580
0.069213867187500 3800000
0.063659667968750 3785351
0.064331054687500 3787054
0.064697265625000 3783300
0.063049316406250 3783330
0.061767578125000 3794681
0.071472167968750 3791309
0.068115234375000 3800000
0.072204589843750 3800000
0.069702148437500 3800000
0.070495605468750 3800000
0.068969726562500 3797686
0.072021484375000 3800072
0.069824218750000 3792770
0.069580078125000 3783330
0.000000000000000 3797870
0.072082519531250 3800000
0.068237304687500 3800000
0.069580078125000 3792584
0.068542480468750 3785014
0.069152832031250 3796942
0.069274902343750 3800000
0.069580078125000 3800000
0.072143554687500 3800000
0.066833496093750 3792939
0.069580078125000 3800000
0.069152832031250 3800000
0.070678710937500 3793453
0.063049316406250 3783332
0.067749023437500 3788153
0.000000000000000 3792411
0.070800781250000 3793398
0.069702148437500 3798270
0.061950683593750 3800000
0.069519042968750 3800000
0.069885253906250 3800000
0.067932128906250 3799049
0.061950683593750 3787107
0.072875976562500 3799963
0.070190429687500 3800000
0.061584472656250 3800000
0.068054199218750 3799927
0.062133789062500 3800072
0.068481445312500 3800000
0.070373535156250 3800000
0.070251464843750 3800036
0.068847656250000 3799927
0.071777343750000 3800036
0.068237304687500 3799927
0.061706542968750 3791222
0.000000000000000 3784322
0.070068359375000 3800036
0.072326660156250 3793137
0.069519042968750 3799891
0.070373535156250 3797098
0.067810058593750 3800000
0.071411132812500 3799963
0.062133789062500 3790648
0.068664550781250 3783332
0.068908691406250 3783337
0.067626953125000 3796961
0.068847656250000 3796562
0.068115234375000 3796289
0.069152832031250 3791492
0.067687988281250 3788883
0.000000000000000 3799963
0.069946289062500 3800036
0.070983886718750 3796571
0.068420410156250 3800000
0.069458007812500 3800000
0.067687988281250 3796524
0.070556640625000 3800036
0.070678710937500 3799927
0.071594238281250 3794877
0.070251464843750 3795649
0.068420410156250 3800000
0.061340332031250 3790123
0.066894531250000 3799536
0.068542480468750 3789301
0.068664550781250 3800000
0.000000000000000 3800000
0.072570800781250 3796619
0.072326660156250 3798749
0.070251464843750 3788589
0.069519042968750 3796519
0.071044921875000 3789450
0.062927246093750 3800072
0.069702148437500 3800000
0.069702148437500 3799879
0.070861816406250 3783423
0.070800781250000 3797511
0.071533203125000 3783294
0.000000000000000 3784691
0.069152832031250 3800000
0.070556640625000 3793015
0.070373535156250 3795755
0.070556640625000 3787351
0.069274902343750 3793261
0.068847656250000 3792833
0.069824218750000 3788871
0.069458007812500 3793159
0.068420410156250 3786430
0.068908691406250 3789608
0.069335937500000 3799963
0.069763183593750 3800036
0.000000000000000 3800000
0.070495605468750 3800000
0.071777343750000 3799963
0.069213867187500 3800036
0.069702148437500 3799891
0.069274902343750 3800108
0.069580078125000 3800000
0.071044921875000 3800000
0.067687988281250 3799623
0.070007324218750 3800108
0.070251464843750 3800000
0.069152832031250 3800000
0.068359375000000 3800000
0.000000000000000 3799891
0.070678710937500 3800108
0.070373535156250 3800000
0.066894531250000 3799963
0.071044921875000 3800072
0.067016601562500 3790357
0.062622070312500 3796289
0.069946289062500 3800000
0.070495605468750 3800000
0.067199707031250 3799963
0.069274902343750 3800036
0.062683105468750 3800000
0.069213867187500 3760032
0.071166992187500 3800000
0.068725585937500 3800000
0.071350097656250 3800000
0.000000000000000 3799963
0.071289062500000 3800036
0.068542480468750 3800000
0.071472167968750 3800000
0.138977050781250 3795639
0.067871093750000 3800000
0.070556640625000 3800072
0.069946289062500 3799963
0.070068359375000 3800000
0.071350097656250 3800000
0.069091796875000 3800036
0.069274902343750 3799963
0.069030761718750 3799963
0.071655273437500 3800036
0.067687988281250 3800000
0.070495605468750 3800000
0.000000000000000 3800000
0.068664550781250 3800000
0.067810058593750 3800000
0.062500000000000 3800000
0.070068359375000 3799963
0.070495605468750 3800036
0.068725585937500 3799963
0.071044921875000 3800036
0.068481445312500 3800036
0.069702148437500 3799963
0.068481445312500 3800000
0.069091796875000 3800036
0.062805175781250 3798724
0.069885253906250 3790440
0.069946289062500 3789766
0.068664550781250 3795594
0.000000000000000 3800108
0.069641113281250 3799963
0.070434570312500 3800000
0.067871093750000 3800000
0.068542480468750 3800036
0.067260742187500 3799963
0.070861816406250 3799963
0.067443847656250 3800000
0.068908691406250 3799963
0.068603515625000 3797194
0.069946289062500 3800000
0.062255859375000 3800000
0.067199707031250 3793081
0.068664550781250 3800036
0.069335937500000 3800000
0.071472167968750 3800000
0.067565917968750 3793040
0.000000000000000 3799963
0.071228027343750 3796878
0.071350097656250 3789523
0.067993164062500 3795426
0.061340332031250 3791572
0.070678710937500 3791652
0.070251464843750 3796590
0.067993164062500 3799855
0.070800781250000 3783719
0.067565917968750 3795222
0.071228027343750 3800000
0.061950683593750 3800000
0.069396972656250 3800000
0.072021484375000 3798605
0.000000000000000 3783298
0.073974609375000 3786352
0.071777343750000 3800000
0.068908691406250 3800000
0.072204589843750 3800000
0.072265625000000 3791273
0.068115234375000 3794205
0.071411132812500 3794561
0.069274902343750 3795900
0.071472167968750 3800000
0.069763183593750 3800000
0.000000000000000 3800000
0.068969726562500 3799963
0.071350097656250 3800036
0.071960449218750 3796587
0.068359375000000 3800000
0.067749023437500 3800000
0.069213867187500 3800000
0.070007324218750 3800000
0.068664550781250 3800000
0.069824218750000 3800000
0.068725585937500 3798453
0.068664550781250 3800000
0.069213867187500 3796600
0.000000000000000 3800000
0.071105957031250 3800000
0.071350097656250 3795523
0.067932128906250 3797196
0.061950683593750 3800000
0.071350097656250 3799963
0.072631835937500 3797640
0.070068359375000 3800000
0.068847656250000 3799963
0.071350097656250 3795574
0.069519042968750 3794964
0.070373535156250 3788039
0.068420410156250 3796601
0.070495605468750 3803401
0.000000000000000 3800000
0.068786621093750 3800000
0.070678710937500 3800000
0.068420410156250 3797447
0.071228027343750 3800000
0.070739746093750 3799927
0.068725585937500 3795927
0.061523437500000 3792967
0.067443847656250 3800036
0.073059082031250 3798137
0.068603515625000 3783333
0.069763183593750 3790801
0.070800781250000 3799963
0.067932128906250 3800000
0.061340332031250 3800000
0.000000000000000 3791298
0.068298339843750 3796636
0.070190429687500 3792305
0.070434570312500 3800036
0.070129394531250 3789410
0.072753906250000 3799454
0.069946289062500 3800000
0.069702148437500 3799963
0.068664550781250 3800036
0.062011718750000 3799963
0.070068359375000 3800036
0.061706542968750 3799963
0.070373535156250 3796528
0.071899414062500 3800000
0.000000000000000 3800000
0.072326660156250 3799963
0.067260742187500 3798469
0.070800781250000 3794687
0.068969726562500 3800000
0.069580078125000 3800000
0.067993164062500 3800000
0.069152832031250 3800036
0.070495605468750 3799963
0.068237304687500 3800000
0.071411132812500 3800000
0.067504882812500 3800000
0.061523437500000 3800036
0.069274902343750 3799963
0.070922851562500 3800000
0.068176269531250 3799963
0.000000000000000 3793694
0.069335937500000 3787526
0.071655273437500 3798039
0.067504882812500 3799963
0.072631835937500 3800000
0.069152832031250 3791718
0.070251464843750 3793963
0.069091796875000 3797604
0.061950683593750 3794206
0.070129394531250 3783298
0.069091796875000 3793177
0.070861816406250 3800000
0.070678710937500 3800000
0.000000000000000 3800000
0.070495605468750 3800000
0.069824218750000 3797229
0.070495605468750 3800000
0.070251464843750 3800000
0.072998046875000 3800000
0.070068359375000 3800000
0.069091796875000 3800000
0.069091796875000 3800036
0.069580078125000 3799963
0.062744140625000 3800000
0.070739746093750 3800000
0.069274902343750 3800000
0.000000000000000 3789771
0.069519042968750 3783331
0.071411132812500 3795536
0.069824218750000 3800000
0.068847656250000 3800000
0.070251464843750 3800036
0.070495605468750 3799963
0.070678710937500 3800000
0.071166992187500 3793685
0.067443847656250 3783331
0.061401367187500 3798592
0.069274902343750 3792711
0.068847656250000 3796278
0.069519042968750 3796624
0.000000000000000 3800000
0.071960449218750 3799963
0.069030761718750 3799963
0.070190429687500 3800072
0.072448730468750 3800000
0.067565917968750 3800000
0.070617675781250 3800000
0.069152832031250 3797875
0.062072753906250 3800000
0.070007324218750 3800000
0.068908691406250 3800000
0.069580078125000 3800000
0.070556640625000 3800000
0.000000000000000 3800000
0.069946289062500 3800000
0.068420410156250 3799963
0.069580078125000 3800036
0.071350097656250 3800000
0.069274902343750 3799927
0.070251464843750 3800072
0.068115234375000 3800000
0.061279296875000 3800000
0.070861816406250 3800000
0.070739746093750 3799963
0.070495605468750 3800036
0.068542480468750 3796563
0.070251464843750 3800000
0.000000000000000 3794966
0.068664550781250 3800036
0.070983886718750 3800000
0.069213867187500 3800000
0.068237304687500 3796605
0.069702148437500 3798407
0.070983886718750 3794535
0.069274902343750 3783331
0.068420410156250 3792965
0.070129394531250 3800000
0.068664550781250 3800000
0.070861816406250 3794046
0.069152832031250 3793324
0.000000000000000 3783333
0.071777343750000 3789876
0.072082519531250 3799963
0.069213867187500 3797282
0.069274902343750 3791660
0.068847656250000 3880126
0.078613281250000 3999961
0.080444335937500 4000114
0.077453613281250 3999961
0.076416015625000 4000000
0.077087402343750 3999961
0.000000000000000 4000038
0.078186035156250 3999923
0.075866699218750 4000038
0.077392578125000 4000038
0.078491210937500 4000000
0.077880859375000 4000000
0.075927734375000 4000000
0.074157714843750 4000000
0.078979492187500 4000000
0.075988769531250 3833262
0.069274902343750 3999961
0.078369140625000 4000000
0.080810546875000 4000038
0.078857421875000 4000000
0.000000000000000 3999961
0.077941894531250 4000038
0.079101562500000 4000000
0.077148437500000 3999961
0.077209472656250 4000038
0.078125000000000 3999961
0.077819824218750 4000000
0.078002929687500 3999961
0.077026367187500 4000076
0.077636718750000 4000000
0.075805664062500 3999923
0.076721191406250 4000076
0.000000000000000 4000000
0.078430175781250 4000000
0.076416015625000 3999961
0.077514648437500 4000038
0.076171875000000 4000000
0.075256347656250 4000000
0.076049804687500 4000000
0.075927734375000 4000000
0.076843261718750 4000000
0.078002929687500 3999961
0.078491210937500 4000038
0.074096679687500 3999961
0.077209472656250 4000038
0.000000000000000 4000000
0.074401855468750 4000000
0.076416015625000 4000000
0.073486328125000 4000000
0.077209472656250 4000000
0.068237304687500 3999961
0.076354980468750 4000038
0.076965332031250 4000000
0.072631835937500 3999961
0.078063964843750 4000038
0.074707031250000 3999923
0.076782226562500 4000076
0.075256347656250 4000000
0.073547363281250 4000000
0.068298339843750 4000000
0.072753906250000 3999961
0.000000000000000 4000039
0.077087402343750 3999923
0.073791503906250 4000076
0.076293945312500 3999961
0.076477050781250 4000000
0.076354980468750 4000038
0.077758789062500 4000000
0.075195312500000 4000000
0.078613281250000 3999961
0.074279785156250 4000038
0.074951171875000 4000000
0.074279785156250 4000000
0.077148437500000 4000000
0.000000000000000 4000000
0.078735351562500 4000000
0.075622558593750 4000000
0.076232910156250 4000000
0.075256347656250 4000000
0.078369140625000 4000000
0.074096679687500 4000000
0.075988769531250 4000000
0.075012207031250 3999961
0.075988769531250 4000038
0.076416015625000 4000000
0.000000000000000 3999961
0.077209472656250 4000038
0.077453613281250 4000000
0.074890136718750 4000000
0.079467773437500 3999961
0.077087402343750 4000038
0.074401855468750 4000000
0.076232910156250 4000000
0.074707031250000 4000000
0.077941894531250 3999961
0.074218750000000 4000000
0.076232910156250 3999961
0.075378417968750 4000076
0.000000000000000 4000000
0.075378417968750 3999961
0.079223632812500 4000038
0.072753906250000 4000000
0.077392578125000 4000000
0.077514648437500 4000000
0.075683593750000 4000000
0.074523925781250 4000000
0.076782226562500 4000000
0.077209472656250 4000000
0.076232910156250 3999961
0.077270507812500 4000038
0.000000000000000 4000000
0.077453613281250 4000000
0.073974609375000 4000000
0.077819824218750 4000000
0.075317382812500 3999961
0.076965332031250 4000038
0.074462890625000 4000000
0.066833496093750 3999961
0.075317382812500 4000038
0.077636718750000 4000000
0.075134277343750 3999960
0.074157714843750 4000038
0.076538085937500 4000000
0.075378417968750 4000000
0.000000000000000 3999961
0.075988769531250 4000000
0.071838378906250 4000038
0.076782226562500 4000000
0.079528808593750 3999961
0.077148437500000 4000000
0.075012207031250 4000038
0.076232910156250 4000000
0.074096679687500 3999961
0.075927734375000 4000038
0.075317382812500 4000000
0.077331542968750 3999923
0.074890136718750 4000000
0.000000000000000 4000076
0.076049804687500 4000000
0.074768066406250 4000000
0.076843261718750 4000000
0.075256347656250 4000000
0.077514648437500 4000000
0.079101562500000 4000000
0.075134277343750 4000000
0.074707031250000 4000000
0.074218750000000 4000000
0.075988769531250 4000000
0.074584960937500 4000000
0.000000000000000 3999961
0.078063964843750 4000038
0.075866699218750 4000000
0.073425292968750 4000000
0.067565917968750 4000000
0.075195312500000 3999961
0.077697753906250 4000038
0.075622558593750 4000000
0.076599121093750 3999923
0.075012207031250 4000038
0.078247070312500 4000038
0.077331542968750 4000000
0.075134277343750 4000000
0.000000000000000 4000000
0.077880859375000 3999923
0.075012207031250 4000076
0.076110839843750 4000000
0.077636718750000 3999961
0.076477050781250 4000038
0.077209472656250 4000000
0.075012207031250 4000000
0.077819824218750 3999961
0.075378417968750 4000038
0.067932128906250 4000000
0.073486328125000 4000000
0.076782226562500 4000000
0.075561523437500 4000000
0.074707031250000 4000000
0.000000000000000 3999961
0.076171875000000 4000038
0.076293945312500 4000000
0.077209472656250 4000000
0.076660156250000 4000000
0.067382812500000 4000000
0.076232910156250 4000000
0.073852539062500 4000000
0.076660156250000 4000000
0.067504882812500 4000000
0.075073242187500 4000000
0.076660156250000 4000000
0.077697753906250 4000000
0.074279785156250 3999961
0.000000000000000 4000038
0.078247070312500 4000000
0.078186035156250 4000000
0.075805664062500 3999961
0.075439453125000 4000038
0.077209472656250 4000000
0.067138671875000 4000000
0.077209472656250 4000000
0.077026367187500 4000000
0.077941894531250 4000000
0.078308105468750 4000000
0.075256347656250 4000000
0.000000000000000 4000000
0.076232910156250 4000000
0.076477050781250 4000000
0.077148437500000 4000000
0.076965332031250 4000000
0.074951171875000 3999961
0.075256347656250 4000038
0.076416015625000 3999923
0.067321777343750 4000076
0.075866699218750 3999885
0.075622558593750 4000114
0.078186035156250 4000000
0.078918457031250 3999961
0.000000000000000 4000038
0.077087402343750 4000000
0.077087402343750 4000000
0.074829101562500 3999961
0.075439453125000 4000039
0.077270507812500 3915339
0.075134277343750 3783334
0.061096191406250 3783332
0.069946289062500 3783330
0.071838378906250 3783333
0.069763183593750 3783335
0.061279296875000 3797369
0.067810058593750 3794842
0.070251464843750 3798254
0.068420410156250 3793033
0.000000000000000 3796393
0.070495605468750 3792861
0.069763183593750 3791851
0.067932128906250 3800000
0.071044921875000 3800000
0.069763183593750 3795533
0.069274902343750 3794589
0.068725585937500 3799601
0.069519042968750 3800000
0.071899414062500 3797322
0.069580078125000 3800000
0.068725585937500 3800036
0.068359375000000 3792943
0.000000000000000 3786002
0.071838378906250 3791834
0.068542480468750 3797001
0.069335937500000 3783335
0.069274902343750 3783332
0.069824218750000 3790638
0.070251464843750 3793187
0.068420410156250 3800000
0.061401367187500 3800000
0.067810058593750 3794339
0.069946289062500 3794624
0.073669433593750 3783335
0.069458007812500 3794555
0.071228027343750 3793912
0.000000000000000 3794630
0.067871093750000 3800000
0.071350097656250 3800000
0.068908691406250 3800000
0.070800781250000 3800000
0.072448730468750 3800000
0.070678710937500 3799963
0.070739746093750 3800036
0.068847656250000 3790390
0.069885253906250 3798909
0.067687988281250 3795976
0.070861816406250 3799963
0.000000000000000 3800036
0.069091796875000 3800000
0.071044921875000 3799963
0.070678710937500 3800036
0.071166992187500 3800000
0.069641113281250 3799963
0.069946289062500 3800036
0.070800781250000 3797927
0.070373535156250 3784452
0.071350097656250 3800000
0.070007324218750 3800000
0.000000000000000 3792625
0.068725585937500 3800000
0.068969726562500 3793161
0.072998046875000 3786922
0.069152832031250 3793992
0.070983886718750 3788940
0.066955566406250 3797927
0.072204589843750 3799963
0.071472167968750 3800072
0.070922851562500 3799963
0.069824218750000 3799575
0.067016601562500 3796317
0.000000000000000 3796597
0.069946289062500 3800000
0.068725585937500 3799927
0.069213867187500 3800000
0.068847656250000 3800072
0.070983886718750 3794501
0.072265625000000 3800036
0.070129394531250 3799963
0.069580078125000 3800036
0.066894531250000 3800000
0.061401367187500 3800000
0.068420410156250 3800000
0.070922851562500 3800000
0.069641113281250 3796345
0.000000000000000 3800000
0.134033203125000 3800000
0.000000000000000 3800000
0.067993164062500 3794629
0.070739746093750 3794450
0.067993164062500 3783330
0.061889648437500 3783337
0.069580078125000 3783330
0.069274902343750 3794519
0.068542480468750 3792198
0.074157714843750 3786838
0.071166992187500 3795961
0.066894531250000 3788912
0.070312500000000 3791117
0.070068359375000 3783330
0.069519042968750 3783335
0.000000000000000 3785302
0.067382812500000 3793939
0.070739746093750 3785921
0.070922851562500 3785923
0.070312500000000 3795988
0.071472167968750 3785394
0.069946289062500 3795602
0.070800781250000 3791574
0.070373535156250 3794639
0.072692871093750 3799717
0.069641113281250 3796947
0.068420410156250 3789570
0.000000000000000 3800000
0.071044921875000 3800000
0.067993164062500 3788906
0.061950683593750 3792299
0.068054199218750 3783371
0.071228027343750 3783331
0.069274902343750 3788811
0.071228027343750 3790659
0.070007324218750 3788341
0.068237304687500 3793073
0.069824218750000 3793642
0.068298339843750 3800000
0.071594238281250 3800000
0.000000000000000 3797620
0.070983886718750 3796363
0.070922851562500 3798337
0.069763183593750 3794935
0.069335937500000 3799963
0.068847656250000 3794836
0.068542480468750 3789184
0.070556640625000 3799963
0.068725585937500 3800036
0.069213867187500 3794191
0.061340332031250 3797009
0.070190429687500 3792715
0.068542480468750 3797672
0.067871093750000 3794624
0.069091796875000 3800000
0.000000000000000 3796886
0.070861816406250 3800036
0.068603515625000 3800000
0.061279296875000 3800000
0.069152832031250 3796629
0.067443847656250 3799963
0.071044921875000 3800000
0.068725585937500 3800000
0.070129394531250 3797126
0.070556640625000 3787895
0.069702148437500 3797924
0.070007324218750 3800000
0.070129394531250 3796694
0.070129394531250 3795326
0.069519042968750 3796839
0.000000000000000 3788815
0.067260742187500 3800036
0.069396972656250 3797301
0.071960449218750 3797965
0.069824218750000 3796203
0.069702148437500 3791444
0.067443847656250 3797463
0.069763183593750 3800000
0.070190429687500 3792836
0.069091796875000 3794178
0.070800781250000 3796896
0.067260742187500 3800000
0.070373535156250 3800000
0.000000000000000 3800000
0.070129394531250 3799927
0.070190429687500 3796572
0.068542480468750 3800072
0.068603515625000 3792774
0.073547363281250 3796011
0.070068359375000 3800000
0.070312500000000 3788463
0.067749023437500 3790232
0.062927246093750 3787612
0.068237304687500 3786875
0.071899414062500 3794531
0.069458007812500 3783333
0.000000000000000 3784224
0.072082519531250 3799963
0.071472167968750 3799325
0.070495605468750 3786302
0.068664550781250 3786820
0.068664550781250 3793071
0.071166992187500 3788893
0.071044921875000 3800000
0.067504882812500 3799661
0.070495605468750 3792529
0.068176269531250 3800000
0.061828613281250 3800000
0.068847656250000 3800000
0.068847656250000 3790095
0.067443847656250 3791682
0.061218261718750 3783334
0.067260742187500 3794154
0.000000000000000 3788911
0.072082519531250 3789365
0.069458007812500 3799569
0.069091796875000 3793015
0.070922851562500 3783333
0.067565917968750 3787889
0.070434570312500 3800000
0.068664550781250 3800000
0.073303222656250 3800000
0.069641113281250 3796339
0.066650390625000 3800000
0.071044921875000 3800000
0.067749023437500 3800000
0.000000000000000 3799963
0.070373535156250 3800072
0.067687988281250 3799963
0.069824218750000 3800000
0.070678710937500 3800000
0.070190429687500 3799963
0.068847656250000 3800000
0.068725585937500 3800036
0.070922851562500 3800000
0.069702148437500 3798553
0.072265625000000 3800036
0.071044921875000 3800000
0.000000000000000 3800000
0.067443847656250 3800000
0.069396972656250 3791910
0.071105957031250 3791120
0.068664550781250 3799963
0.070678710937500 3799963
0.069335937500000 3800036
0.069580078125000 3800000
0.070678710937500 3800000
0.069824218750000 3800000
0.070800781250000 3800000
0.071044921875000 3800000
0.210998535156250 3800000
0.067016601562500 3800000
0.000000000000000 3800000
0.069885253906250 3799963
0.071289062500000 3800036
0.068969726562500 3800000
0.068969726562500 3800000
0.069519042968750 3800000
0.070922851562500 3800000
0.067871093750000 3800000
0.072326660156250 3800000
0.067932128906250 3799963
0.070739746093750 3800036
0.072082519531250 3799963
0.067626953125000 3800036
0.061584472656250 3795061
0.000000000000000 3800000
0.068969726562500 3800000
0.072753906250000 3800000
0.068298339843750 3799927
0.070007324218750 3800036
0.070007324218750 3800036
0.070800781250000 3800000
0.062744140625000 3800000
0.068359375000000 3795406
0.069335937500000 3794632
0.068603515625000 3790417
0.070739746093750 3797561
0.068725585937500 3797238
0.068542480468750 3800000
0.068603515625000 3795634
0.000000000000000 3783403
0.067077636718750 3795356
0.062683105468750 3800000
0.068054199218750 3800000
0.069152832031250 3784757
0.068420410156250 3792767
0.068542480468750 3784725
0.069580078125000 3794070
0.069580078125000 3800000
0.072753906250000 3800000
0.072021484375000 3796824
0.063964843750000 3790617
0.069213867187500 3800000
0.061584472656250 3800036
0.072082519531250 3799963
0.064636230468750 3799963
0.000000000000000 3800036
0.073791503906250 3800000
0.072326660156250 3800000
0.067016601562500 3799963
0.065124511718750 3800036
0.069580078125000 3800000
0.074890136718750 3800000
0.066345214843750 3800000
0.067443847656250 3800000
0.068176269531250 3800000
0.061157226562500 3800036
0.069274902343750 3799963
0.071777343750000 3800000
0.063659667968750 3800000
0.067138671875000 3800000
0.066772460937500 3800000
0.066345214843750 3800000
0.069458007812500 3798954
0.065490722656250 3783299
0.066345214843750 3799935
0.000000000000000 3787833
0.070983886718750 3783331
0.072448730468750 3795065
0.061401367187500 3794324
0.068847656250000 3786846
0.068481445312500 3785883
0.071228027343750 3794158
0.069274902343750 3786647
0.070617675781250 3783366
0.070861816406250 3788922
0.069702148437500 3788866
0.061828613281250 3783367
0.068969726562500 3792669
0.069213867187500 3800000
0.069274902343750 3800036
0.000000000000000 3799963
0.069152832031250 3800000
0.069091796875000 3800000
0.072021484375000 3800000
0.072509765625000 3794191
0.068969726562500 3783369
0.061950683593750 3790615
0.067382812500000 3800000
0.069152832031250 3800000
0.069641113281250 3795792
0.070617675781250 3783334
0.070129394531250 3796549
0.070678710937500 3800000
0.000000000000000 3800000
0.070739746093750 3800000
0.067993164062500 3799963
0.070190429687500 3800036
0.067077636718750 3800000
0.069641113281250 3800000
0.072875976562500 3800036
0.067993164062500 3799963
0.069519042968750 3800000
0.068298339843750 3796696
0.071655273437500 3783295
0.068359375000000 3786510
0.071105957031250 3800000
0.061828613281250 3786324
0.067687988281250 3800036
0.000000000000000 3785955
0.069946289062500 3783333
0.069030761718750 3783296
0.069946289062500 3786029
0.067565917968750 3797426
0.061218261718750 3794702
0.067687988281250 3800000
0.069946289062500 3787154
0.072631835937500 3799120
0.069946289062500 3799963
0.070922851562500 3800036
0.071350097656250 3799963
0.072021484375000 3800036
0.000000000000000 3789470
0.133605957031250 3786139
0.000000000000000 3798515
0.064331054687500 3791950
0.065002441406250 3800000
0.064758300781250 3800036
0.126037597656250 3799963
0.000000000000000 3792875
0.067993164062500 3800036
0.070983886718750 3799963
0.067993164062500 3800000
0.071228027343750 3800000
0.068664550781250 3800000
0.071472167968750 3786408
0.070495605468750 3799391
0.068542480468750 3800000
0.061706542968750 3796496
0.067810058593750 3783333
0.068542480468750 3799102
0.067993164062500 3788455
0.070617675781250 3794105
0.000000000000000 3797659
0.071228027343750 3791990
0.067932128906250 3799963
0.071899414062500 3800036
0.070495605468750 3800000
0.070800781250000 3800000
0.068969726562500 3799927
0.070983886718750 3800072
0.072387695312500 3800000
0.068237304687500 3800000
0.070007324218750 3800000
0.068725585937500 3800000
0.000000000000000 3799963
0.069580078125000 3800036
0.067321777343750 3800000
0.071350097656250 3800000
0.069580078125000 3799963
0.069885253906250 3800036
0.070678710937500 3799963
0.067321777343750 3800036
0.071228027343750 3800000
0.069824218750000 3800000
0.068664550781250 3800000
0.070800781250000 3800000
0.069702148437500 3800000
0.000000000000000 3800000
0.070190429687500 3800000
0.070556640625000 3800000
0.072143554687500 3800000
0.070983886718750 3800000
0.071044921875000 3800000
0.071838378906250 3799963
0.069641113281250 3800036
0.070251464843750 3800000
0.069396972656250 3800000
0.071289062500000 3800000
0.000000000000000 3800000
0.068115234375000 3800000
0.070678710937500 3796964
0.061279296875000 3800000
0.071228027343750 3800000
0.069885253906250 3800000
0.070312500000000 3800000
0.069274902343750 3800000
0.069152832031250 3800000
0.071472167968750 3800000
0.069091796875000 3800000
0.069213867187500 3799927
0.071594238281250 3800072
0.067077636718750 3800000
0.000000000000000 3800000
0.068664550781250 3800000
0.067993164062500 3800000
0.068847656250000 3800000
0.071228027343750 3800000
0.071838378906250 3800000
0.069641113281250 3800000
0.069946289062500 3800000
0.070190429687500 3800000
0.067687988281250 3800000
0.070068359375000 3800000
0.069763183593750 3799963
0.069519042968750 3799963
0.061340332031250 3800072
0.067382812500000 3799963
0.000000000000000 3800036
0.072753906250000 3800000
0.068054199218750 3800000
0.061523437500000 3800000
0.068481445312500 3799963
0.070251464843750 3800036
0.069946289062500 3800000
0.068359375000000 3800000
0.070251464843750 3800000
0.068054199218750 3796539
0.070556640625000 3800000
0.069213867187500 3800000
0.070068359375000 3796316
0.069396972656250 3800036
0.067504882812500 3799927
0.000000000000000 3792119
0.069458007812500 3783332
0.067626953125000 3799667
0.071105957031250 3799963
0.069091796875000 3800072
0.069580078125000 3797396
0.069946289062500 3799040
0.070556640625000 3799116
0.069824218750000 3789050
0.068237304687500 3800000
0.070678710937500 3798182
0.067626953125000 3800000
0.061462402343750 3800000
0.070007324218750 3790936
0.000000000000000 3783407
0.070007324218750 3783226
0.070129394531250 3789448
0.070312500000000 3798981
0.061706542968750 3783300
0.068969726562500 3783369
0.070800781250000 3799350
0.070617675781250 3800000
0.072326660156250 3800000
0.071411132812500 3800000
0.070068359375000 3800000
0.070861816406250 3800036
0.067749023437500 3792735
0.000000000000000 3789654
0.070922851562500 3800000
0.068481445312500 3800000
0.071105957031250 3793579
0.071777343750000 3799260
0.068420410156250 3800000
0.068847656250000 3800000
0.067687988281250 3799963
0.071166992187500 3800036
0.069580078125000 3800000
0.071777343750000 3800000
0.071228027343750 3800000
0.000000000000000 3800000
0.067749023437500 3800000
0.070922851562500 3800000
0.070251464843750 3800000
0.071105957031250 3800000
0.068054199218750 3800000
0.068969726562500 3799963
0.070312500000000 3800036
0.071166992187500 3800000
0.069763183593750 3800000
0.070617675781250 3799963
0.070251464843750 3800036
0.000000000000000 3799963
0.071350097656250 3800036
0.072448730468750 3800000
0.068969726562500 3800000
0.067138671875000 3800000
0.071105957031250 3800000
0.069702148437500 3800000
0.071044921875000 3796561
0.069030761718750 3796620
0.071411132812500 3783295
0.071777343750000 3783370
0.000000000000000 3793770
0.069885253906250 3800000
0.071044921875000 3800000
0.068115234375000 3800000
0.070129394531250 3800000
0.071044921875000 3797458
0.067810058593750 3798852
0.071228027343750 3799927
0.069702148437500 3797656
0.070495605468750 3795538
0.066345214843750 3799500
0.069519042968750 3793535
0.070922851562500 3794246
0.000000000000000 3794829
0.070800781250000 3799963
0.070800781250000 3800000
0.068908691406250 3797957
0.068969726562500 3790745
0.068725585937500 3800000
0.069458007812500 3800000
0.070434570312500 3800000
0.069885253906250 3800000
0.069885253906250 3800000
0.071655273437500 3800000
0.071472167968750 3792211
0.000000000000000 3800000
0.068725585937500 3800000
0.067932128906250 3792874
0.070068359375000 3800036
0.070617675781250 3800000
0.070739746093750 3800036
0.069702148437500 3799963
0.069641113281250 3800000
0.070129394531250 3800036
0.061401367187500 3799963
0.068176269531250 3800000
0.070373535156250 3798747
0.067932128906250 3800000
0.070007324218750 3800000
0.069335937500000 3800000
0.000000000000000 3800000
0.070678710937500 3800000
0.070251464843750 3800000
0.070068359375000 3800000
0.061767578125000 3800000
0.070007324218750 3800000
0.067138671875000 3800000
0.071655273437500 3800000
0.068847656250000 3790371
0.070739746093750 3784535
0.069885253906250 3800000
0.069946289062500 3793076
0.070617675781250 3800000
0.000000000000000 3800000
0.069824218750000 3800000
0.070373535156250 3800000
0.068847656250000 3800000
0.070068359375000 3799963
0.069824218750000 3800037
0.070983886718750 3800000
0.071044921875000 3800036
0.068237304687500 3799963
0.070007324218750 3800036
0.069213867187500 3799963
0.068725585937500 3800000
0.069091796875000 3800036
0.000000000000000 3799963
0.069824218750000 3800036
0.072753906250000 3795652
0.067932128906250 3798046
0.069274902343750 3800000
0.067443847656250 3800000
0.068664550781250 3800000
0.068115234375000 3800000
0.070068359375000 3799963
0.072631835937500 3800036
0.070068359375000 3789580
0.061218261718750 3800000
0.069824218750000 3800000
0.069824218750000 3799963
0.000000000000000 3792255
0.068786621093750 3786170
0.070922851562500 3789621
0.069763183593750 3795633
0.072021484375000 3784188
0.069702148437500 3793735
0.067199707031250 3790564
0.062194824218750 3783333
0.068969726562500 3786841
0.072021484375000 3790447
0.067260742187500 3783406
0.068664550781250 3786407
0.071655273437500 3794993
0.068481445312500 3794680
0.000000000000000 3797669
0.070922851562500 3797283
0.069030761718750 3799330
0.070312500000000 3800000
0.069274902343750 3792676
0.069885253906250 3789675
0.070068359375000 3800000
0.069274902343750 3800000
0.062622070312500 3796393
0.069580078125000 3788895
0.069885253906250 3789129
0.066101074218750 3796885
0.070129394531250 3790583
0.068237304687500 3783298
0.070617675781250 3792974
0.000000000000000 3794352
0.069274902343750 3790563
0.067993164062500 3783331
0.071533203125000 3783337
0.068115234375000 3787893
0.069702148437500 3800036
0.068420410156250 3790033
0.071594238281250 3799347
0.069641113281250 3800000
0.067993164062500 3799963
0.069519042968750 3800036
0.068542480468750 3800000
0.061889648437500 3800000
0.067810058593750 3800000
0.071899414062500 3795116
0.000000000000000 3800000
0.071899414062500 3799963
0.069824218750000 3792551
0.070129394531250 3797402
0.067993164062500 3800000
0.071105957031250 3800000
0.067932128906250 3800000
0.070068359375000 3793743
0.070556640625000 3800000
0.069030761718750 3799963
0.061645507812500 3800036
0.066772460937500 3599215
0.062438964843750 3800072
0.069274902343750 3800000
0.071289062500000 3800000
0.000000000000000 3795380
0.070800781250000 3783334
0.069946289062500 3783331
0.069946289062500 3795620
0.069152832031250 3800000
0.069396972656250 3800000
0.067443847656250 3800000
0.070861816406250 3798493
0.068420410156250 3790324
0.069946289062500 3786967
0.070312500000000 3788386
0.069274902343750 3800036
0.070434570312500 3799963
0.000000000000000 3800000
0.068176269531250 3800036
0.070373535156250 3799963
0.068542480468750 3800000
0.071716308593750 3800000
0.070129394531250 3800000
0.069030761718750 3800000
0.070129394531250 3800000
0.069519042968750 3800000
0.070434570312500 3800000
0.068786621093750 3800000
0.070068359375000 3800000
0.068786621093750 3786089
0.000000000000000 3792920
0.069702148437500 3789619
0.070434570312500 3800036
0.068237304687500 3789381
0.068786621093750 3783336
0.070068359375000 3797515
0.070068359375000 3800000
0.067871093750000 3787612
0.070007324218750 3783296
0.069396972656250 3788719
0.069702148437500 3788395
0.069580078125000 3787175
0.067321777343750 3792925
0.000000000000000 3800000
0.070800781250000 3800000
0.070068359375000 3785343
0.071350097656250 3783263
0.069335937500000 3791054
0.067993164062500 3795176
0.070434570312500 3800000
0.068054199218750 3800000
0.069824218750000 3799963
0.067565917968750 3799963
0.069824218750000 3800072
0.071594238281250 3784170
0.068969726562500 3795427
0.000000000000000 3800036
0.072326660156250 3785579
0.067443847656250 3784258
0.071105957031250 3795142
0.067687988281250 3792767
0.071228027343750 3800000
0.070129394531250 3800000
0.068542480468750 3800000
0.071228027343750 3800000
0.068359375000000 3798219
0.069763183593750 3790714
0.068542480468750 3791838
0.071350097656250 3800000
0.000000000000000 3800000
0.069946289062500 3785291
0.068847656250000 3794263
0.069458007812500 3790402
0.067565917968750 3791275
0.070922851562500 3800000
0.070190429687500 3799009
0.071289062500000 3786840
0.068847656250000 3790554
0.070556640625000 3783337
0.071716308593750 3786855
0.070129394531250 3783261
0.061340332031250 3794130
0.068420410156250 3783335
0.000000000000000 3793674
0.070739746093750 3799963
0.070678710937500 3800072
0.068908691406250 3792430
0.068847656250000 3800036
0.070922851562500 3799927
0.062255859375000 3792891
0.068725585937500 3800000
0.069946289062500 3784248
0.068969726562500 3788002
0.072082519531250 3800000
0.071899414062500 3793725
0.068786621093750 3795496
0.000000000000000 3800000
0.070434570312500 3800000
0.068542480468750 3800000
0.070800781250000 3800000
0.070495605468750 3800000
0.068237304687500 3800000
0.068298339843750 3800000
0.069641113281250 3800036
0.071533203125000 3799963
0.069152832031250 3800036
0.069519042968750 3799963
0.071472167968750 3800000
0.000000000000000 3794891
0.071838378906250 3794268
0.069946289062500 3800000
0.070129394531250 3796606
0.071899414062500 3792622
0.070373535156250 3783333
0.070068359375000 3783296
0.071289062500000 3783330
0.066833496093750 3786210
0.070434570312500 3800036
0.068725585937500 3791116
0.070678710937500 3791393
0.068298339843750 3788945
0.000000000000000 3799963
0.068542480468750 3800000
0.071472167968750 3800036
0.067260742187500 3799963
0.061401367187500 3800000
0.067260742187500 3800000
0.061279296875000 3800000
0.069763183593750 3800000
0.062561035156250 3800000
0.066711425781250 3797800
0.070678710937500 3789586
0.069763183593750 3800000
0.072204589843750 3800000
0.069091796875000 3800000
0.069396972656250 3800000
0.070068359375000 3800000
0.069946289062500 3800000
0.000000000000000 3799963
0.068664550781250 3800036
0.070922851562500 3800000
0.068786621093750 3800000
0.070556640625000 3800000
0.070129394531250 3800000
0.068786621093750 3800000
0.068664550781250 3800000
0.069396972656250 3800000
0.070068359375000 3800000
0.072448730468750 3799963
0.070861816406250 3799963
0.000000000000000 3800072
0.069396972656250 3800000
0.070678710937500 3800000
0.067871093750000 3800000
0.068542480468750 3800000
0.069152832031250 3800000
0.070922851562500 3800000
0.070800781250000 3800000
0.067565917968750 3800000
0.071166992187500 3800000
0.068237304687500 3800000
0.072387695312500 3800000
0.068298339843750 3800000
0.000000000000000 3800000
0.071716308593750 3800000
0.069824218750000 3800000
0.068542480468750 3800000
0.070800781250000 3800000
0.067932128906250 3800000
0.069641113281250 3800000
0.067565917968750 3800000
0.071105957031250 3800000
0.061157226562500 3800000
0.068603515625000 3800000
0.069519042968750 3800000
0.068969726562500 3800000
0.070434570312500 3800000
0.068542480468750 3800000
0.000000000000000 3800000
0.069396972656250 3800000
0.070373535156250 3800000
0.070373535156250 3800000
0.062255859375000 3799963
0.066223144531250 3800036
0.061401367187500 3800000
0.071105957031250 3800000
0.071228027343750 3799963
0.068481445312500 3800072
0.068420410156250 3799963
0.070983886718750 3800000
0.066772460937500 3800000
0.070617675781250 3800000
0.067749023437500 3800000
0.071044921875000 3800000
0.000000000000000 3800000
0.070007324218750 3800000
0.070373535156250 3800000
0.070556640625000 3800000
0.068969726562500 3800000
0.070739746093750 3800000
0.069519042968750 3800000
0.061706542968750 3800000
0.071044921875000 3789421
0.070922851562500 3800000
0.068664550781250 3800000
0.071655273437500 3800000
0.070190429687500 3800000
0.000000000000000 3800000
0.069152832031250 3800000
0.070129394531250 3789642
0.068298339843750 3800000
0.070617675781250 3790883
0.069519042968750 3783331
0.071777343750000 3783334
0.068603515625000 3796937
0.069396972656250 3800000
0.068847656250000 3800036
0.067443847656250 3796581
0.061340332031250 3800000
0.068969726562500 3797155
0.070617675781250 3800072
0.070312500000000 3799927
0.000000000000000 3800072
0.129333496093750 3796567
0.000000000000000 3800000
0.067687988281250 3799963
0.072204589843750 3800036
0.070678710937500 3800000
0.072265625000000 3788895
0.068847656250000 3783332
0.072082519531250 3783332
0.068725585937500 3793830
0.070373535156250 3783330
0.071228027343750 3786926
0.069824218750000 3800000
0.000000000000000 3800000
0.070739746093750 3800000
0.072143554687500 3800000
0.067993164062500 3800036
0.071655273437500 3799963
0.071411132812500 3800000
0.070434570312500 3800000
0.067565917968750 3800000
0.070251464843750 3800000
0.061401367187500 3800000
0.061706542968750 3800000
0.070922851562500 3800000
0.069824218750000 3800000
0.069396972656250 3800000
0.000000000000000 3800000
0.071228027343750 3800000
0.069152832031250 3800000
0.067749023437500 3800000
0.071777343750000 3798565
0.071472167968750 3800000
0.068298339843750 3800000
0.071960449218750 3800036
0.069274902343750 3799963
0.069335937500000 3800000
0.070129394531250 3790723
0.070373535156250 3788242
0.000000000000000 3800000
0.072387695312500 3800000
0.068115234375000 3800000
0.070556640625000 3796557
0.069641113281250 3800072
0.071350097656250 3797287
0.068298339843750 3802678
0.069213867187500 3800000
0.071533203125000 3800000
0.068847656250000 3800036
0.070739746093750 3799539
0.067565917968750 3793281
0.070800781250000 3798050
0.000000000000000 3796419
0.068420410156250 3800000
0.070922851562500 3800000
0.069519042968750 3800000
0.070373535156250 3800000
0.062377929687500 3800000
0.067687988281250 3800000
0.068969726562500 3800000
0.068664550781250 3800000
0.069641113281250 3800000
0.069030761718750 3800000
0.068298339843750 3800000
0.069213867187500 3800000
0.068298339843750 3800000
0.070495605468750 3800000
0.000000000000000 3800036
0.068176269531250 3799963
0.069702148437500 3799927
0.069396972656250 3800108
0.062194824218750 3799963
0.070800781250000 3800000
0.070617675781250 3800000
0.070190429687500 3800000
0.068115234375000 3800000
0.071777343750000 3800000
0.066467285156250 3799963
0.072448730468750 3800036
0.069396972656250 3800000
0.069091796875000 3800000
0.000000000000000 3800000
0.070495605468750 3799927
0.068725585937500 3800072
0.070251464843750 3799963
0.067138671875000 3800036
0.072265625000000 3800000
0.071166992187500 3800000
0.068481445312500 3800000
0.069641113281250 3800000
0.071899414062500 3799963
0.071350097656250 3800036
0.068298339843750 3800000
0.000000000000000 3799963
0.072021484375000 3800036
0.069458007812500 3800000
0.070800781250000 3800000
0.068969726562500 3800000
0.067993164062500 3800000
0.071105957031250 3800000
0.070007324218750 3800000
0.070251464843750 3800000
0.069274902343750 3800000
0.068420410156250 3800000
0.069213867187500 3800000
0.070678710937500 3800000
0.000000000000000 3799927
0.072204589843750 3800108
0.067687988281250 3799963
0.069824218750000 3799963
0.061584472656250 3800036
0.067138671875000 3793088
0.069641113281250 3800000
0.068237304687500 3800000
0.069091796875000 3800000
0.068115234375000 3800000
0.069946289062500 3800000
0.071899414062500 3800000
0.068664550781250 3796411
0.071594238281250 3800000
0.067443847656250 3800000
0.000000000000000 3800000
0.069274902343750 3800000
0.067687988281250 3800000
0.069946289062500 3799963
0.069030761718750 3800036
0.069946289062500 3800000
0.069396972656250 3800000
0.068115234375000 3800000
0.073059082031250 3800000
0.068420410156250 3800000
0.069641113281250 3800000
0.068847656250000 3800000
0.071044921875000 3800000
0.000000000000000 3799963
0.071350097656250 3800036
0.069152832031250 3800036
0.071350097656250 3799963
0.068542480468750 3800000
0.070739746093750 3800036
0.072448730468750 3790086
0.069824218750000 3784499
0.070739746093750 3800072
0.067565917968750 3799963
0.061157226562500 3796595
0.068847656250000 3792375
0.070129394531250 3786855
0.067138671875000 3783332
0.000000000000000 3787528
0.070800781250000 3800000
0.070251464843750 3800000
0.067504882812500 3800000
0.061584472656250 3800000
0.068908691406250 3799963
0.069641113281250 3800036
0.067871093750000 3800000
0.070495605468750 3800000
0.069641113281250 3800000
0.072509765625000 3800000
0.070678710937500 3800000
0.068237304687500 3800000
0.061584472656250 3800000
0.069091796875000 3799592
0.063171386718750 3789636
0.069274902343750 3800000
0.000000000000000 3800036
0.069580078125000 3799963
0.071655273437500 3800000
0.069824218750000 3800000
0.070617675781250 3796602
0.069091796875000 3800000
0.069885253906250 3800000
0.069396972656250 3799963
0.071350097656250 3800036
0.070129394531250 3800000
0.067687988281250 3800000
0.070739746093750 3800000
0.000000000000000 3797478
0.068969726562500 3796105
0.071350097656250 3799124
0.069091796875000 3799927
0.070495605468750 3800036
0.069702148437500 3796592
0.069702148437500 3799963
0.069702148437500 3800036
0.068664550781250 3796542
0.072448730468750 3796517
0.068054199218750 3800000
0.070922851562500 3793059
0.000000000000000 3800000
0.069274902343750 3800000
0.067810058593750 3800000
0.068298339843750 3800000
0.070678710937500 3800000
0.069641113281250 3800000
0.069580078125000 3800000
0.069824218750000 3800000
0.069580078125000 3787469
0.069213867187500 3795921
0.070312500000000 3800036
0.067626953125000 3792592
0.069335937500000 3799963
0.071044921875000 3800000
0.000000000000000 3800000
0.070129394531250 3800000
0.072326660156250 3800000
0.068847656250000 3800000
0.069885253906250 3799927
0.069702148437500 3800072
0.069946289062500 3788260
0.070251464843750 3797296
0.070373535156250 3800000
0.071716308593750 3800000
0.070007324218750 3800000
0.000000000000000 3797803
0.068481445312500 3796576
0.067016601562500 3799924
0.061462402343750 3800072
0.070922851562500 3800000
0.069824218750000 3800000
0.068969726562500 3800000
0.069396972656250 3800000
0.071166992187500 3800000
0.069824218750000 3799544
0.069396972656250 3783332
0.070007324218750 3796110
0.070617675781250 3800000
0.000000000000000 3800036
0.073242187500000 3800000
0.067321777343750 3800000
0.070861816406250 3800000
0.069274902343750 3800000
0.071411132812500 3799963
0.069702148437500 3800072
0.068786621093750 3799963
0.071350097656250 3792115
0.068847656250000 3786513
0.071777343750000 3792393
0.070251464843750 3795496
0.069152832031250 3792517
0.000000000000000 3791309
0.067810058593750 3797985
0.073669433593750 3796379
0.073303222656250 3797399
0.070068359375000 3783391
0.071105957031250 3799927
0.070251464843750 3800072
0.070129394531250 3785437
0.068542480468750 3796980
0.070678710937500 3800000
0.000000000000000 3800000
0.072753906250000 3800000
0.070068359375000 3800000
0.061401367187500 3791141
0.068664550781250 3783297
0.069030761718750 3797787
0.068359375000000 3800000
0.072692871093750 3797308
0.072204589843750 3800000
0.070800781250000 3800000
0.069091796875000 3800000
0.070617675781250 3800000
0.068664550781250 3796549
0.068298339843750 3785894
0.000000000000000 3800072
0.071472167968750 3800000
0.071044921875000 3800036
0.072387695312500 3799963
0.069152832031250 3800000
0.067260742187500 3799963
0.061462402343750 3800036
0.070373535156250 3800000
0.068969726562500 3800000
0.068969726562500 3799963
0.069519042968750 3800036
0.069335937500000 3800000
0.070861816406250 3800000
0.070190429687500 3800000
0.000000000000000 3800000
0.067321777343750 3796530
0.068725585937500 3800000
0.071044921875000 3800000
0.068664550781250 3784810
0.069213867187500 3787223
0.067199707031250 3800000
0.070007324218750 3796590
0.069946289062500 3796587
0.069274902343750 3796315
0.068481445312500 3789541
0.061401367187500 3794502
0.072265625000000 3792243
0.067565917968750 3785650
0.067260742187500 3789384
0.069519042968750 3800000
0.000000000000000 3800036
0.069274902343750 3800000
0.071411132812500 3791788
0.070983886718750 3792401
0.069274902343750 3800000
0.067993164062500 3793607
0.070373535156250 3793425
0.068542480468750 3800036
0.068847656250000 3796561
0.069702148437500 3800000
0.070068359375000 3789494
0.070922851562500 3783405
0.068481445312500 3792524
0.000000000000000 3800000
0.068786621093750 3800036
0.067565917968750 3800000
0.071838378906250 3799963
0.067871093750000 3800000
0.069946289062500 3800000
0.068176269531250 3800000
0.068969726562500 3800000
0.062500000000000 3800000
0.067016601562500 3796473
0.068969726562500 3800036
0.068237304687500 3799963
0.069396972656250 3800036
0.070495605468750 3799458
0.069580078125000 3800000
0.000000000000000 3800000
0.071105957031250 3800000
0.067687988281250 3800000
0.073059082031250 3788937
0.068115234375000 3798224
0.069152832031250 3800000
0.069702148437500 3800000
0.069824218750000 3800000
0.072387695312500 3800000
0.067687988281250 3794021
0.070312500000000 3788309
0.068725585937500 3800000
0.070861816406250 3800000
0.000000000000000 3800000
0.068115234375000 3800000
0.068664550781250 3800036
0.070190429687500 3799963
0.069885253906250 3796626
0.070495605468750 3795003
0.069030761718750 3798088
0.069580078125000 3799963
0.068542480468750 3800036
0.072326660156250 3800000
0.069519042968750 3800000
0.068603515625000 3800000
0.000000000000000 3800000
0.071777343750000 3795066
0.068420410156250 3788398
0.065429687500000 3786327
0.067993164062500 3791482
0.070800781250000 3800000
0.075866699218750 3800000
0.063903808593750 3795315
0.076904296875000 3800000
0.072326660156250 3800000
0.069641113281250 3800000
0.064086914062500 3800036
0.070556640625000 3799963
0.061828613281250 3800000
0.066711425781250 3799963
0.067626953125000 3800036
0.000000000000000 3800000
0.127990722656250 3800000
0.000000000000000 3800000
0.067932128906250 3800000
0.075683593750000 3800000
0.063781738281250 3787138
0.069335937500000 3586419
0.069091796875000 3783333
0.067687988281250 3739791
0.077087402343750 3646349
0.062683105468750 3797952
0.069824218750000 3794884
0.068420410156250 3796576
0.067626953125000 3800000
0.071899414062500 3800000
0.000000000000000 3800000
0.070495605468750 3799963
0.070678710937500 3800036
0.069702148437500 3800000
0.068664550781250 3800000
0.069091796875000 3800000
0.062683105468750 3800000
0.068115234375000 3800000
0.069519042968750 3800000
0.066894531250000 3800000
0.073242187500000 3800000
0.069091796875000 3800000
0.069274902343750 3800036
0.070129394531250 3799963
0.070922851562500 3800000
0.062622070312500 3800000
0.000000000000000 3800000
0.070007324218750 3800000
0.071350097656250 3799927
0.069213867187500 3800108
0.069641113281250 3799963
0.068847656250000 3799963
0.070678710937500 3800072
0.072021484375000 3799963
0.068115234375000 3797052
0.071228027343750 3800000
0.069396972656250 3800000
0.068786621093750 3800000
0.061279296875000 3800000
0.000000000000000 3800000
0.071228027343750 3800000
0.070739746093750 3800000
0.069458007812500 3800000
0.071472167968750 3800000
0.069641113281250 3800000
0.069946289062500 3800000
0.069580078125000 3800000
0.068725585937500 3800000
0.069335937500000 3800000
0.068969726562500 3800000
0.072204589843750 3800000
0.000000000000000 3796591
0.071472167968750 3800000
0.068054199218750 3799963
0.069641113281250 3800036
0.069274902343750 3800000
0.070251464843750 3800000
0.071044921875000 3800000
0.072875976562500 3797381
0.061950683593750 3783335
0.070983886718750 3783332
0.063232421875000 3786857
0.069824218750000 3800000
0.070556640625000 3800000
0.067016601562500 3800000
0.065124511718750 3800000
0.062805175781250 3799308
0.000000000000000 3797995
0.073181152343750 3800000
0.074462890625000 3800000
0.069213867187500 3791183
0.070312500000000 3794822
0.278747558593750 3800000
0.071594238281250 3794195
0.067932128906250 3789050
0.070190429687500 3783329
0.068725585937500 3795403
0.000000000000000 3800036
0.069152832031250 3800036
0.067810058593750 3786850
0.071533203125000 3787639
0.070861816406250 3800000
0.068542480468750 3800000
0.069519042968750 3784845
0.068664550781250 3790360
0.061279296875000 3799018
0.068298339843750 3795279
0.069274902343750 3788908
0.069824218750000 3783334
0.068054199218750 3796439
0.062438964843750 3798437
0.068237304687500 3800000
0.070068359375000 3800000
0.067687988281250 3800000
0.061279296875000 3798731
0.000000000000000 3783298
0.071289062500000 3799984
0.070373535156250 3800036
0.070556640625000 3799963
0.067993164062500 3800000
0.073669433593750 3787335
0.069641113281250 3783297
0.069641113281250 3783262
0.068115234375000 3790613
0.069030761718750 3795234
0.071472167968750 3792443
0.067016601562500 3793484
0.069274902343750 3800000
0.000000000000000 3800000
0.129516601562500 3792985
0.000000000000000 3783330
0.071960449218750 3794559
0.069152832031250 3798016
0.069396972656250 3800036
0.071228027343750 3799963
0.071105957031250 3800000
0.067749023437500 3800000
0.070251464843750 3800000
0.070312500000000 3800000
0.070922851562500 3799927
0.069641113281250 3800072
0.069946289062500 3799963
0.000000000000000 3800036
0.069152832031250 3799963
0.067260742187500 3800036
0.070617675781250 3796808
0.067993164062500 3793403
0.070434570312500 3794059
0.068176269531250 3793757
0.068908691406250 3797641
0.070556640625000 3783466
0.067932128906250 3800000
0.069702148437500 3799963
0.067993164062500 3800036
0.070068359375000 3800000
0.068420410156250 3800000
0.000000000000000 3800000
0.070434570312500 3800000
0.070800781250000 3800000
0.068725585937500 3800000
0.071533203125000 3800000
0.068298339843750 3800000
0.069458007812500 3800000
0.067260742187500 3797498
0.072204589843750 3796044
0.069580078125000 3800000
0.067749023437500 3800000
0.071228027343750 3799963
0.069030761718750 3789627
0.000000000000000 3788454
0.070617675781250 3800000
0.069152832031250 3792447
0.068542480468750 3794056
0.070678710937500 3797607
0.069946289062500 3798251
0.069702148437500 3783332
0.067260742187500 3795797
0.070678710937500 3789986
0.067932128906250 3783295
0.070922851562500 3786876
0.071655273437500 3797269
0.068054199218750 3800000
0.000000000000000 3800000
0.067749023437500 3797890
0.069458007812500 3800000
0.068115234375000 3786149
0.067565917968750 3800000
0.070495605468750 3800000
0.068481445312500 3791143
0.071838378906250 3783300
0.069274902343750 3790666
0.067993164062500 3800000
0.068969726562500 3800000
0.070556640625000 3800000
0.068908691406250 3799963
0.000000000000000 3800036
0.067504882812500 3796592
0.070007324218750 3799963
0.070922851562500 3800036
0.068420410156250 3800000
0.070556640625000 3800000
0.068481445312500 3799963
0.070068359375000 3800036
0.070068359375000 3800000
0.070495605468750 3800000
0.069641113281250 3800000
0.069274902343750 3797268
0.069641113281250 3796934
0.000000000000000 3792119
0.068115234375000 3793648
0.069396972656250 3800000
0.068237304687500 3800036
0.070556640625000 3799963
0.072082519531250 3789637
0.068298339843750 3800000
0.061584472656250 3800000
0.070495605468750 3800000
0.071105957031250 3791967
0.068786621093750 3800000
0.070129394531250 3800072
0.071166992187500 3791504
0.067932128906250 3791008
0.000000000000000 3800036
0.072631835937500 3799963
0.070861816406250 3800000
0.069274902343750 3800000
0.069519042968750 3793562
0.071838378906250 3783366
0.069396972656250 3787861
0.068298339843750 3793352
0.069274902343750 3799760
0.069519042968750 3800000
0.071289062500000 3800000
0.068969726562500 3800000
0.000000000000000 3796484
0.069335937500000 3800036
0.069763183593750 3800000
0.069702148437500 3800000
0.069091796875000 3800000
0.068054199218750 3799963
0.071228027343750 3800036
0.069824218750000 3800000
0.070922851562500 3799963
0.073181152343750 3795430
0.068176269531250 3790818
0.069824218750000 3800000
0.000000000000000 3796031
0.132629394531250 3800072
0.000000000000000 3798601
0.069702148437500 3800000
0.070251464843750 3800000
0.067565917968750 3800000
0.072143554687500 3800000
0.069946289062500 3800000
0.068969726562500 3800036
0.070861816406250 3799963
0.071044921875000 3796531
0.070556640625000 3800036
0.069763183593750 3800000
0.069091796875000 3800000
0.000000000000000 3800036
0.069213867187500 3799963
0.069274902343750 3800000
0.069396972656250 3798052
0.070007324218750 3794516
0.071716308593750 3790410
0.072998046875000 3796593
0.068237304687500 3785711
0.069152832031250 3800000
0.068115234375000 3790124
0.072021484375000 3791449
0.000000000000000 3800036
0.071289062500000 3799963
0.071228027343750 3799963
0.070861816406250 3786869
0.070800781250000 3798819
0.061340332031250 3800000
0.068420410156250 3800000
0.068725585937500 3800000
0.067749023437500 3800000
0.068359375000000 3800000
0.061340332031250 3800000
0.061279296875000 3800000
0.069152832031250 3800000
0.070800781250000 3800000
0.070678710937500 3799963
0.061401367187500 3800036
0.070678710937500 3800000
0.068481445312500 3800000
0.069519042968750 3800000
0.069213867187500 3800000
0.000000000000000 3800000
0.070922851562500 3800036
0.071899414062500 3799927
0.069641113281250 3800036
0.061218261718750 3800000
0.070190429687500 3800000
0.068664550781250 3800000
0.069213867187500 3799963
0.069274902343750 3800036
0.071655273437500 3800000
0.069396972656250 3800000
0.069458007812500 3796817
0.068054199218750 3803184
0.068725585937500 3800000
0.000000000000000 3800000
0.070068359375000 3800000
0.069946289062500 3800000
0.068542480468750 3800000
0.069519042968750 3799963
0.071472167968750 3800036
0.068115234375000 3799020
0.070556640625000 3799963
0.068786621093750 3793181
0.070190429687500 3796972
0.067749023437500 3796451
0.070007324218750 3800000
0.069396972656250 3800000
0.000000000000000 3800000
0.069885253906250 3793328
0.071350097656250 3787023
0.069702148437500 3795926
0.069091796875000 3800000
0.069213867187500 3800000
0.069702148437500 3799963
0.069519042968750 3785063
0.067871093750000 3797491
0.071411132812500 3800036
0.067810058593750 3799963
0.070678710937500 3798530
0.068542480468750 3792384
0.000000000000000 3800000
0.068664550781250 3800000
0.072204589843750 3800000
0.069641113281250 3800000
0.072204589843750 3800000
0.067260742187500 3800000
0.069519042968750 3800000
0.067993164062500 3800000
0.071044921875000 3800000
0.069396972656250 3800000
0.066162109375000 3800000
0.069824218750000 3792982
0.069580078125000 3800000
0.000000000000000 3800000
0.071166992187500 3800000
0.067443847656250 3796323
0.070434570312500 3800072
0.069641113281250 3800000
0.070007324218750 3800000
0.070922851562500 3800000
0.068847656250000 3800000
0.070373535156250 3800000
0.067260742187500 3800000
0.070678710937500 3800000
0.068847656250000 3800000
0.067871093750000 3798199
0.000000000000000 3793920
0.070373535156250 3789338
0.069274902343750 3788532
0.070068359375000 3799529
0.069519042968750 3800000
0.071105957031250 3800000
0.069458007812500 3800000
0.070251464843750 3800000
0.071899414062500 3800000
0.070800781250000 3800000
0.061706542968750 3800036
0.071166992187500 3788360
0.071655273437500 3793968
0.000000000000000 3800000
0.072021484375000 3800000
0.068176269531250 3800000
0.069335937500000 3800000
0.068542480468750 3796555
0.069763183593750 3800036
0.066528320312500 3800000
0.071472167968750 3800000
0.071533203125000 3800000
0.069396972656250 3800000
0.069641113281250 3800000
0.068847656250000 3800000
0.070556640625000 3800000
0.000000000000000 3799963
0.128662109375000 3800036
0.000000000000000 3800000
0.067565917968750 3800000
0.070251464843750 3800000
0.070800781250000 3800000
0.068969726562500 3800000
0.068054199218750 3800000
0.067871093750000 3800000
0.068664550781250 3800036
0.070556640625000 3799891
0.069274902343750 3800036
0.071166992187500 3800000
0.067382812500000 3800036
0.062438964843750 3799927
0.067565917968750 3800036
0.069946289062500 3796251
0.000000000000000 3789655
0.068115234375000 3791011
0.068969726562500 3791652
0.070617675781250 3800036
0.071472167968750 3799891
0.071228027343750 3800072
0.068481445312500 3800036
0.070678710937500 3799963
0.069641113281250 3800000
0.071105957031250 3800000
0.067626953125000 3800000
0.072021484375000 3800036
0.000000000000000 3799963
0.072326660156250 3800000
0.066955566406250 3800000
0.069396972656250 3796797
0.067687988281250 3799795
0.061157226562500 3800000
0.068359375000000 3800000
0.068481445312500 3800000
0.069946289062500 3800000
0.069824218750000 3800000
0.072326660156250 3800000
0.067993164062500 3800000
0.069824218750000 3800000
0.067993164062500 3800036
0.069885253906250 3799963
0.000000000000000 3800000
0.071105957031250 3800000
0.068298339843750 3800000
0.071594238281250 3789259
0.070373535156250 3789833
0.061706542968750 3797799
0.069824218750000 3787543
0.061157226562500 3796946
0.067932128906250 3796168
0.070922851562500 3800000
0.069946289062500 3799963
0.070007324218750 3786312
0.069396972656250 3792936
0.068603515625000 3791464
0.070678710937500 3798133
0.069030761718750 3793245
0.000000000000000 3799504
0.071166992187500 3799963
0.071655273437500 3800036
0.070190429687500 3800000
0.069396972656250 3800000
0.068054199218750 3800000
0.071166992187500 3800000
0.069396972656250 3800000
0.071044921875000 3800000
0.069580078125000 3799963
0.068969726562500 3800000
0.070556640625000 3800036
0.000000000000000 3800000
0.070739746093750 3800036
0.071777343750000 3799963
0.069458007812500 3800000
0.070007324218750 3800000
0.070129394531250 3800000
0.070007324218750 3800000
0.069458007812500 3800000
0.069213867187500 3800000
0.061157226562500 3800000
0.071350097656250 3800000
0.071044921875000 3800000
0.071594238281250 3800000
0.000000000000000 3800036
0.068664550781250 3799963
0.069519042968750 3800000
0.068603515625000 3800000
0.069702148437500 3800000
0.069213867187500 3796601
0.070373535156250 3803401
0.071350097656250 3800000
0.067993164062500 3786807
0.069274902343750 3792263
0.068664550781250 3800000
0.070861816406250 3800000
0.068542480468750 3799927
0.000000000000000 3800072
0.069824218750000 3798983
0.069396972656250 3791256
0.067321777343750 3800000
0.072021484375000 3795180
0.069274902343750 3790895
0.070129394531250 3800000
0.067016601562500 3800000
0.069946289062500 3800000
0.073059082031250 3800000
0.068969726562500 3800000
0.068908691406250 3793440
0.000000000000000 3800000
0.068420410156250 3800036
0.071228027343750 3799927
0.069030761718750 3800036
0.069580078125000 3800036
0.071533203125000 3792656
0.070068359375000 3799636
0.071472167968750 3800000
0.067016601562500 3792281
0.071716308593750 3787516
0.068847656250000 3790339
0.070312500000000 3791815
0.000000000000000 3790478
0.069580078125000 3792879
0.066833496093750 3785931
0.071411132812500 3800000
0.068237304687500 3800000
0.062194824218750 3800000
0.069335937500000 3800000
0.069091796875000 3794920
0.068298339843750 3793837
0.070312500000000 3790120
0.070739746093750 3800000
0.070129394531250 3794736
0.070556640625000 3783406
0.068481445312500 3789495
0.070617675781250 3794661
0.000000000000000 3798369
0.069274902343750 3790319
0.070922851562500 3785761
0.068237304687500 3792191
0.069458007812500 3799401
0.070129394531250 3800000
0.070312500000000 3794494
0.069702148437500 3797967
0.067993164062500 3792396
0.062316894531250 3792787
0.069519042968750 3790961
0.068115234375000 3800036
0.071289062500000 3668690
0.071655273437500 3793019
0.000000000000000 3785642
0.071472167968750 3789880
0.069274902343750 3800036
0.071105957031250 3800000
0.069946289062500 3799891
0.069519042968750 3800072
0.070129394531250 3796540
0.066711425781250 3800000
0.070007324218750 3800036
0.070678710937500 3800000
0.069763183593750 3800000
0.070007324218750 3796597
0.000000000000000 3800000
0.069763183593750 3799963
0.070251464843750 3796600
0.068969726562500 3800000
0.070068359375000 3799927
0.070068359375000 3800072
0.072021484375000 3800000
0.062377929687500 3800000
0.066955566406250 3799927
0.070190429687500 3800072
0.067382812500000 3800036
0.070495605468750 3800000
0.071899414062500 3799963
0.068725585937500 3800036
0.000000000000000 3799963
0.072082519531250 3800000
0.067138671875000 3800000
0.061828613281250 3796627
0.069702148437500 3798284
0.071105957031250 3783914
0.067565917968750 3800000
0.070983886718750 3799963
0.072082519531250 3795194
0.070434570312500 3799963
0.070312500000000 3800036
0.069641113281250 3800000
0.061828613281250 3800000
0.068786621093750 3789613
0.071472167968750 3787482
0.067321777343750 3798360
0.000000000000000 3800000
0.071166992187500 3800000
0.070983886718750 3800000
0.068298339843750 3800000
0.068786621093750 3800000
0.068542480468750 3800000
0.061218261718750 3800000
0.067687988281250 3800000
0.069946289062500 3800000
0.069641113281250 3800000
0.072448730468750 3800036
0.061523437500000 3800000
0.068725585937500 3799963
0.069885253906250 3800000
0.069091796875000 3800000
0.000000000000000 3800000
0.071105957031250 3800000
0.070129394531250 3800036
0.071044921875000 3799963
0.072265625000000 3800000
0.068420410156250 3795285
0.070678710937500 3800000
0.067687988281250 3800000
0.069885253906250 3800000
0.067626953125000 3799963
0.061462402343750 3800036
0.069396972656250 3800000
0.073730468750000 3800000
0.071411132812500 3800000
0.000000000000000 3800000
0.069702148437500 3800000
0.062133789062500 3800000
0.068298339843750 3800000
0.070800781250000 3799927
0.068481445312500 3800072
0.070434570312500 3799963
0.070922851562500 3800036
0.068603515625000 3800036
0.071166992187500 3799963
0.067749023437500 3800000
0.070373535156250 3800000
0.070068359375000 3800036
0.069824218750000 3799963
0.000000000000000 3800000
0.069091796875000 3800000
0.070617675781250 3800000
0.070678710937500 3800000
0.069396972656250 3800000
0.070922851562500 3800000
0.067138671875000 3800000
0.070617675781250 3799927
0.069519042968750 3800072
0.067626953125000 3800000
0.070495605468750 3799927
0.069641113281250 3800072
0.000000000000000 3800000
0.070800781250000 3800000
0.067810058593750 3800000
0.069519042968750 3799963
0.069152832031250 3800036
0.071166992187500 3800000
0.069824218750000 3800000
0.070190429687500 3800000
0.069702148437500 3800000
0.067382812500000 3785337
0.070556640625000 3800000
0.070983886718750 3800000
0.069885253906250 3800000
0.000000000000000 3800000
0.069641113281250 3800036
0.072509765625000 3799962
0.068725585937500 3800000
0.067993164062500 3800000
0.071594238281250 3800000
0.069824218750000 3800000
0.070556640625000 3800000
0.069213867187500 3800000
0.068542480468750 3799927
0.067993164062500 3800072
0.069274902343750 3800000
0.000000000000000 3800000
0.071105957031250 3800036
0.069580078125000 3799963
0.067687988281250 3800000
0.069641113281250 3795830
0.070983886718750 3797025
0.071594238281250 3800000
0.067016601562500 3795042
0.068786621093750 3798147
0.071777343750000 3800000
0.069091796875000 3800000
0.069274902343750 3794114
0.066589355468750 3783330
0.068603515625000 3787452
0.000000000000000 3800000
0.067749023437500 3800036
0.070068359375000 3799963
0.071289062500000 3800000
0.067687988281250 3800000
0.071472167968750 3800000
0.069641113281250 3795945
0.061523437500000 3799697
0.068054199218750 3800000
0.070556640625000 3795227
0.068176269531250 3783369
0.073486328125000 3797194
0.068847656250000 3798592
0.070617675781250 3784122
0.000000000000000 3800000
0.070800781250000 3800000
0.068237304687500 3800000
0.071105957031250 3799963
0.068664550781250 3800036
0.070556640625000 3800000
0.072021484375000 3800000
0.068908691406250 3799927
0.069152832031250 3800072
0.068664550781250 3799927
0.061401367187500 3800072
0.068054199218750 3800000
0.070373535156250 3800000
0.070373535156250 3799963
0.000000000000000 3800036
0.070129394531250 3800000
0.071960449218750 3800000
0.070983886718750 3800000
0.070312500000000 3800000
0.068420410156250 3800000
0.070678710937500 3800000
0.070617675781250 3800000
0.068298339843750 3800036
0.068969726562500 3799963
0.067687988281250 3799927
0.069396972656250 3800072
0.067687988281250 3799963
0.000000000000000 3800036
0.071777343750000 3800000
0.071228027343750 3800000
0.070556640625000 3800000
0.068664550781250 3800000
0.070251464843750 3800000
0.069946289062500 3800036
0.067626953125000 3799963
0.062133789062500 3800000
0.067565917968750 3799036
0.069458007812500 3790464
0.068908691406250 3800000
0.070861816406250 3800000
0.071044921875000 3800000
0.000000000000000 3800000
0.067687988281250 3800000
0.070495605468750 3800000
0.071228027343750 3800000
0.071472167968750 3800000
0.069213867187500 3799891
0.068603515625000 3800108
0.070556640625000 3800000
0.069824218750000 3800000
0.070617675781250 3800000
0.070312500000000 3800000
0.068969726562500 3800000
0.000000000000000 3800000
0.068542480468750 3799963
0.069641113281250 3800000
0.061706542968750 3800036
0.068786621093750 3799927
0.068664550781250 3800072
0.069519042968750 3800000
0.070312500000000 3800000
0.072509765625000 3800000
0.070617675781250 3800000
0.071228027343750 3800000
0.069702148437500 3800000
0.069946289062500 3800000
0.068725585937500 3800000
0.000000000000000 3800000
0.130859375000000 3800000
0.000000000000000 3800000
0.068420410156250 3800000
0.070007324218750 3800000
0.070068359375000 3800000
0.070251464843750 3800036
0.070617675781250 3799963
0.069091796875000 3800000
0.070007324218750 3800036
0.067260742187500 3797643
0.070861816406250 3798577
0.070251464843750 3799963
0.069030761718750 3797574
0.000000000000000 3792207
0.068298339843750 3798642
0.071960449218750 3786011
0.070495605468750 3783332
0.068664550781250 3783336
0.070495605468750 3796951
0.068115234375000 3786366
0.070495605468750 3792150
0.067565917968750 3800000
0.071533203125000 3800000
0.069641113281250 3786808
0.069030761718750 3788930
0.069580078125000 3800000
0.000000000000000 3800000
0.068786621093750 3800000
0.070495605468750 3800000
0.067321777343750 3800000
0.070983886718750 3800036
0.072082519531250 3799963
0.069213867187500 3800000
0.068725585937500 3800000
0.067687988281250 3800000
0.072143554687500 3800000
0.069580078125000 3799963
0.070800781250000 3799071
0.070495605468750 3787072
0.000000000000000 3800000
0.070068359375000 3800000
0.069396972656250 3800000
0.070800781250000 3800000
0.070495605468750 3800000
0.067810058593750 3800000
0.071899414062500 3796595
0.070495605468750 3800000
0.069702148437500 3800000
0.069458007812500 3800000
0.070190429687500 3800000
0.000000000000000 3800000
0.070251464843750 3799855
0.068298339843750 3800144
0.070007324218750 3800000
0.069824218750000 3799963
0.069946289062500 3800036
0.069152832031250 3800000
0.069030761718750 3800000
0.070312500000000 3800000
0.069946289062500 3800000
0.068420410156250 3800000
0.069580078125000 3800036
0.068115234375000 3799963
0.000000000000000 3800000
0.070800781250000 3800000
0.068908691406250 3799963
0.061584472656250 3800036
0.069458007812500 3800000
0.068969726562500 3800000
0.070190429687500 3800000
0.070129394531250 3800000
0.069641113281250 3800000
0.068420410156250 3800000
0.071411132812500 3800000
0.070373535156250 3800000
0.071105957031250 3800000
0.068054199218750 3800000
0.000000000000000 3800036
0.069519042968750 3800000
0.071899414062500 3799963
0.068115234375000 3799891
0.071533203125000 3800144
0.067443847656250 3800000
0.069946289062500 3799963
0.069091796875000 3800000
0.072143554687500 3800000
0.069641113281250 3800000
0.067565917968750 3800000
0.072631835937500 3800000
0.069702148437500 3799963
0.000000000000000 3800036
0.069702148437500 3800000
0.069946289062500 3800000
0.072082519531250 3800000
0.061523437500000 3799963
0.069641113281250 3800000
0.070068359375000 3800036
0.071289062500000 3800000
0.071960449218750 3800000
0.068237304687500 3800000
0.068664550781250 3800000
0.068664550781250 3800000
0.069641113281250 3800036
0.000000000000000 3800000
0.071044921875000 3799963
0.068420410156250 3800000
0.070983886718750 3799963
0.066894531250000 3800036
0.072143554687500 3800000
0.070251464843750 3800000
0.067321777343750 3800000
0.069030761718750 3800000
0.070800781250000 3800000
0.072631835937500 3800000
0.069213867187500 3800000
0.070739746093750 3800000
0.061401367187500 3800000
0.000000000000000 3800000
0.069702148437500 3800000
0.071289062500000 3800000
0.068603515625000 3799963
0.069091796875000 3800036
0.068298339843750 3800000
0.071472167968750 3800000
0.069824218750000 3800000
0.070190429687500 3799963
0.070983886718750 3800036
0.071228027343750 3800000
0.069702148437500 3800000
0.000000000000000 3800000
0.069274902343750 3800000
0.071289062500000 3800000
0.070617675781250 3800000
0.071777343750000 3800000
0.069885253906250 3800000
0.068847656250000 3800000
0.070373535156250 3800000
0.070373535156250 3800000
0.070678710937500 3800000
0.068298339843750 3800000
0.068176269531250 3800000
0.000000000000000 3796599
0.069824218750000 3800000
0.069091796875000 3794455
0.069335937500000 3800000
0.070434570312500 3800000
0.071533203125000 3800000
0.072753906250000 3800000
0.068298339843750 3800000
0.071105957031250 3787868
0.067687988281250 3784048
0.070251464843750 3800000
0.069152832031250 3799571
0.000000000000000 3792335
0.071899414062500 3795218
0.071655273437500 3797687
0.070861816406250 3800000
0.070861816406250 3800036
0.069396972656250 3799963
0.069458007812500 3800036
0.070495605468750 3800000
0.069885253906250 3799963
0.062438964843750 3800000
0.071044921875000 3800000
0.069213867187500 3789282
0.070373535156250 3795285
0.061767578125000 3790370
0.000000000000000 3800000
0.069885253906250 3800000
0.069152832031250 3800000
0.071777343750000 3799910
0.067993164062500 3789729
0.062133789062500 3799963
0.069091796875000 3800036
0.061584472656250 3800000
0.069091796875000 3800036
0.068481445312500 3799963
0.068603515625000 3800000
0.071105957031250 3800000
0.070678710937500 3800036
0.070617675781250 3799963
0.061157226562500 3800000
0.069091796875000 3800036
0.072509765625000 3799891
0.000000000000000 3800072
0.069213867187500 3800000
0.069396972656250 3798905
0.068664550781250 3787190
0.071411132812500 3800000
0.071044921875000 3794363
0.069030761718750 3791664
0.071411132812500 3800036
0.068481445312500 3799963
0.069702148437500 3800000
0.073608398437500 3799963
0.071899414062500 3800036
0.000000000000000 3789724
0.066589355468750 3795797
0.067138671875000 3800000
0.072021484375000 3799927
0.070129394531250 3800072
0.071105957031250 3800000
0.074829101562500 3800036
0.061279296875000 3799963
0.069458007812500 3799963
0.065368652343750 3794235
0.066833496093750 3791931
0.069091796875000 3800036
0.072448730468750 3800000
0.067687988281250 3793847
0.068664550781250 3783334
0.064086914062500 3794803
0.064147949218750 3800000
0.000000000000000 3800000
0.072998046875000 3800000
0.069213867187500 3800036
0.065490722656250 3799963
0.072082519531250 3800000
0.070556640625000 3800000
0.071594238281250 3792359
0.073303222656250 3793338
0.068115234375000 3796355
0.069213867187500 3799022
0.061157226562500 3783333
0.064086914062500 3793301
0.069519042968750 3800000
0.067993164062500 3800000
0.000000000000000 3796407
0.072021484375000 3784356
0.070068359375000 3799833
0.070434570312500 3800000
0.068420410156250 3800000
0.068115234375000 3800000
0.069824218750000 3800000
0.069824218750000 3800000
0.072570800781250 3800036
0.069641113281250 3796422
0.067199707031250 3797613
0.069946289062500 3802388
0.070434570312500 3789797
0.000000000000000 3783334
0.068969726562500 3795337
0.069885253906250 3800000
0.072692871093750 3800000
0.068969726562500 3800000
0.061950683593750 3795324
0.070678710937500 3797398
0.070068359375000 3787202
0.061523437500000 3783331
0.068115234375000 3791754
0.062622070312500 3800036
0.069702148437500 3800000
0.061523437500000 3796501
0.066833496093750 3786175
0.070373535156250 3799969
0.072570800781250 3800000
0.068786621093750 3800000
0.070068359375000 3799963
0.000000000000000 3800036
0.068176269531250 3800000
0.070800781250000 3789625
0.067932128906250 3797987
0.069702148437500 3799046
0.068969726562500 3800000
0.069946289062500 3800000
0.070068359375000 3793602
0.067199707031250 3792677
0.069702148437500 3800036
0.069274902343750 3799963
0.071228027343750 3799963
0.070495605468750 3800036
0.000000000000000 3800000
0.069152832031250 3800000
0.070983886718750 3793507
0.063110351562500 3799224
0.070007324218750 3799963
0.072021484375000 3800036
0.061279296875000 3800000
0.069152832031250 3800000
0.061828613281250 3800000
0.065429687500000 3799963
0.064514160156250 3800036
0.064636230468750 3800000
0.071838378906250 3800000
0.063903808593750 3800036
0.068969726562500 3799963
0.061889648437500 3800000
0.067199707031250 3800000
0.072570800781250 3800000
0.068725585937500 3800000
0.069519042968750 3800000
0.070495605468750 3800000
0.067443847656250 3800000
0.062500000000000 3800000
0.000000000000000 3800000
0.071044921875000 3800000
0.070495605468750 3798913
0.067260742187500 3800000
0.070983886718750 3795596
0.071899414062500 3790334
0.069824218750000 3790520
0.070373535156250 3799927
0.068908691406250 3800072
0.071899414062500 3799927
0.069396972656250 3800072
0.069519042968750 3800000
0.000000000000000 3800000
0.069580078125000 3800000
0.068969726562500 3786821
0.069458007812500 3795549
0.069396972656250 3799963
0.068115234375000 3800000
0.069702148437500 3796602
0.061279296875000 3800000
0.069824218750000 3800036
0.070434570312500 3799963
0.068725585937500 3800000
0.070251464843750 3800000
0.070129394531250 3796664
0.068481445312500 3786034
0.000000000000000 3800000
0.071228027343750 3800000
0.068298339843750 3800036
0.071289062500000 3799963
0.069274902343750 3798199
0.067443847656250 3791160
0.069824218750000 3796551
0.073120117187500 3800000
0.069396972656250 3800000
0.070800781250000 3800000
0.070068359375000 3800000
0.070251464843750 3800000
0.000000000000000 3800000
0.070800781250000 3796588
0.070190429687500 3786989
0.069702148437500 3788993
0.071716308593750 3799963
0.072631835937500 3800036
0.070617675781250 3799963
0.070129394531250 3792163
0.069519042968750 3797363
0.072021484375000 3800036
0.067687988281250 3799963
0.000000000000000 3800000
0.072143554687500 3800000
0.069091796875000 3800000
0.068664550781250 3783763
0.070800781250000 3783295
0.068969726562500 3786546
0.069641113281250 3800036
0.068237304687500 3799927
0.071960449218750 3800072
0.071105957031250 3796727
0.070129394531250 3799679
0.069396972656250 3799963
0.067260742187500 3800036
0.000000000000000 3796586
0.070556640625000 3800000
0.070373535156250 3800000
0.071044921875000 3800000
0.071350097656250 3800000
0.069519042968750 3800000
0.068786621093750 3800000
0.069335937500000 3800000
0.069091796875000 3800000
0.068420410156250 3800000
0.071228027343750 3800000
0.071350097656250 3800000
0.000000000000000 3800000
0.069030761718750 3800000
0.071044921875000 3800000
0.070190429687500 3800000
0.069641113281250 3800036
0.068786621093750 3800000
0.069946289062500 3799963
0.071228027343750 3800000
0.071044921875000 3800000
0.069519042968750 3800000
0.067810058593750 3800036
0.070068359375000 3799963
0.000000000000000 3800036
0.073730468750000 3799963
0.069396972656250 3800000
0.070373535156250 3800000
0.071105957031250 3800000
0.072753906250000 3799963
0.069213867187500 3800036
0.070129394531250 3800000
0.069030761718750 3800000
0.067260742187500 3800000
0.070922851562500 3800000
0.068481445312500 3800000
0.000000000000000 3800000
0.069274902343750 3800000
0.069458007812500 3800000
0.072021484375000 3799963
0.070800781250000 3800036
0.067810058593750 3800000
0.070068359375000 3799963
0.069519042968750 3800000
0.062377929687500 3800036
0.069946289062500 3800000
0.061584472656250 3800000
0.069213867187500 3800000
0.072509765625000 3800000
0.070007324218750 3800000
0.068115234375000 3800000
0.000000000000000 3799963
0.070129394531250 3800036
0.067260742187500 3800000
0.072814941406250 3800000
0.068298339843750 3800000
0.070495605468750 3799891
0.071655273437500 3800072
0.067138671875000 3800036
0.061706542968750 3800000
0.068054199218750 3800000
0.069580078125000 3800000
0.067871093750000 3799963
0.072631835937500 3800036
0.067810058593750 3800000
0.000000000000000 3785184
0.070983886718750 3793218
0.071350097656250 3800000
0.069824218750000 3800000
0.071105957031250 3800000
0.068054199218750 3799963
0.071533203125000 3800036
0.070617675781250 3789109
0.069824218750000 3786054
0.069396972656250 3800000
0.070495605468750 3800000
0.070373535156250 3790192
0.000000000000000 3792381
0.129394531250000 3799420
0.000000000000000 3800000
0.070739746093750 3800000
0.071472167968750 3797997
0.068969726562500 3794008
0.068542480468750 3797525
0.068969726562500 3797126
0.068664550781250 3799428
0.070068359375000 3800036
0.067382812500000 3799245
0.072692871093750 3795049
0.069519042968750 3785754
0.068298339843750 3800000
0.069702148437500 3800000
0.000000000000000 3799963
0.069824218750000 3800036
0.068969726562500 3800000
0.069580078125000 3800000
0.071289062500000 3800036
0.071105957031250 3788274
0.070922851562500 3783225
0.069702148437500 3793661
0.068420410156250 3800036
0.069885253906250 3799963
0.070556640625000 3800036
0.069641113281250 3793740
0.000000000000000 3799963
0.069824218750000 3800036
0.068786621093750 3800000
0.069824218750000 3800000
0.068908691406250 3800036
0.069885253906250 3799270
0.070373535156250 3783408
0.072448730468750 3789495
0.071655273437500 3800036
0.067626953125000 3799963
0.071594238281250 3800036
0.068420410156250 3800000
0.000000000000000 3794623
0.070251464843750 3791301
0.069030761718750 3787060
0.070617675781250 3783331
0.070373535156250 3783332
0.070068359375000 3787924
0.071472167968750 3795590
0.068847656250000 3800000
0.071105957031250 3789594
0.071533203125000 3795093
0.068908691406250 3798868
0.062866210937500 3789992
0.067749023437500 3800036
0.000000000000000 3800000
0.071838378906250 3800000
0.068481445312500 3800000
0.070678710937500 3800000
0.068115234375000 3800000
0.071289062500000 3800000
0.069213867187500 3800000
0.068847656250000 3800000
0.072326660156250 3800000
0.069641113281250 3800000
0.069641113281250 3800000
0.067932128906250 3800000
0.061645507812500 3800000
0.071411132812500 3800000
0.000000000000000 3800000
0.068542480468750 3800000
0.069885253906250 3799963
0.069396972656250 3800036
0.061279296875000 3800000
0.067932128906250 3800000
0.071716308593750 3799234
0.068786621093750 3799927
0.071899414062500 3800036
0.071044921875000 3800000
0.068359375000000 3799963
0.070007324218750 3800036
0.067504882812500 3800000
0.062377929687500 3800000
0.071166992187500 3799963
0.000000000000000 3800036
0.071655273437500 3800000
0.070495605468750 3799963
0.068054199218750 3800000
0.070739746093750 3800036
0.069702148437500 3800000
0.072631835937500 3800000
0.068908691406250 3800000
0.063110351562500 3800000
0.070129394531250 3797070
0.067749023437500 3796733
0.069885253906250 3800000
0.068298339843750 3800000
0.072448730468750 3800000
0.000000000000000 3799963
0.069763183593750 3799697
0.072692871093750 3791490
0.073181152343750 3796493
0.070678710937500 3795629
0.068420410156250 3794558
0.068969726562500 3790331
0.070251464843750 3798861
0.070068359375000 3800000
0.071655273437500 3800000
0.069091796875000 3800000
0.000000000000000 3798962
0.068176269531250 3797456
0.069458007812500 3800000
0.070800781250000 3800000
0.071411132812500 3800000
0.070251464843750 3800000
0.070434570312500 3794363
0.062805175781250 3797929
0.067932128906250 3795230
0.068603515625000 3790258
0.068786621093750 3800000
0.070434570312500 3800000
0.071655273437500 3787811
0.000000000000000 3788037
0.071899414062500 3800036
0.071350097656250 3797498
0.068542480468750 3799074
0.071044921875000 3795618
0.068725585937500 3794952
0.070678710937500 3800000
0.067871093750000 3800000
0.071655273437500 3800000
0.069885253906250 3800000
0.068603515625000 3800000
0.070129394531250 3794426
0.069213867187500 3796121
0.061340332031250 3793786
0.067810058593750 3789357
0.061340332031250 3800000
0.068603515625000 3793789
0.000000000000000 3797219
0.070800781250000 3800072
0.070251464843750 3800000
0.068298339843750 3800036
0.070556640625000 3799927
0.068542480468750 3800036
0.073120117187500 3800000
0.067871093750000 3800000
0.071472167968750 3800000
0.071350097656250 3800000
0.068542480468750 3800000
0.000000000000000 3800000
0.071350097656250 3789687
0.070373535156250 3799963
0.071899414062500 3799963
0.066467285156250 3796343
0.072082519531250 3799446
0.069091796875000 3799963
0.070556640625000 3800000
0.070373535156250 3800036
0.069335937500000 3800000
0.064208984375000 3800000
0.068786621093750 3800000
0.071166992187500 3799963
0.000000000000000 3800036
0.069885253906250 3799963
0.071472167968750 3800036
0.068725585937500 3800000
0.070678710937500 3799963
0.068542480468750 3800000
0.068664550781250 3800000
0.071350097656250 3800036
0.069335937500000 3800000
0.069641113281250 3800000
0.061645507812500 3800000
0.067016601562500 3800000
0.073242187500000 3800000
0.069702148437500 3800000
0.061157226562500 3800000
0.069335937500000 3800000
0.000000000000000 3799963
0.070617675781250 3800036
0.071044921875000 3800000
0.069458007812500 3800000
0.071105957031250 3800000
0.068542480468750 3800000
0.071472167968750 3800036
0.069580078125000 3799963
0.070068359375000 3799963
0.069702148437500 3800036
0.069519042968750 3800036
0.000000000000000 3799963
0.071716308593750 3800000
0.068542480468750 3800000
0.070434570312500 3800000
0.070312500000000 3800000
0.072326660156250 3800000
0.070495605468750 3800000
0.068176269531250 3800000
0.069580078125000 3800000
0.069396972656250 3800000
0.070190429687500 3800036
0.071777343750000 3799963
0.068420410156250 3800000
0.000000000000000 3800000
0.068542480468750 3800000
0.069396972656250 3800000
0.069091796875000 3800000
0.067871093750000 3800000
0.070556640625000 3800036
0.072570800781250 3799963
0.068969726562500 3800000
0.062011718750000 3800000
0.068298339843750 3800000
0.069946289062500 3800000
0.070617675781250 3800000
0.062011718750000 3800036
0.068542480468750 3799963
0.061645507812500 3798351
0.068237304687500 3799963
0.069824218750000 3800036
0.000000000000000 3800000
0.071105957031250 3800000
0.068237304687500 3800000
0.070678710937500 3800000
0.071105957031250 3800000
0.070983886718750 3800000
0.068969726562500 3800000
0.070617675781250 3800000
0.061828613281250 3800000
0.069274902343750 3800000
0.069763183593750 3800000
0.069274902343750 3800000
0.067626953125000 3800000
0.069030761718750 3800000
0.000000000000000 3800000
0.069091796875000 3800000
0.072143554687500 3800000
0.067993164062500 3800000
0.072143554687500 3800000
0.068542480468750 3799963
0.061279296875000 3800036
0.067749023437500 3800036
0.070495605468750 3800000
0.070495605468750 3800000
0.070556640625000 3799963
0.069213867187500 3800000
0.069519042968750 3800036
0.070861816406250 3799927
0.000000000000000 3800036
0.067993164062500 3800000
0.071166992187500 3886948
0.074768066406250 4000000
0.067504882812500 4000000
0.078552246093750 4000000
0.077026367187500 4000000
0.079406738281250 4000000
0.074829101562500 4000000
0.078918457031250 4000000
0.076416015625000 4000000
0.076354980468750 4000000
0.078491210937500 4000000
0.000000000000000 4000000
0.074890136718750 4000000
0.077575683593750 4000000
0.075439453125000 3999961
0.077880859375000 4000038
0.076721191406250 4000000
0.077331542968750 4000000
0.077148437500000 4000000
0.074523925781250 4000000
0.077758789062500 4000000
0.074645996093750 3999961
0.079528808593750 4000000
0.075866699218750 4000038
0.000000000000000 4000000
0.078613281250000 3999961
0.077636718750000 4000038
0.078552246093750 3999961
0.077636718750000 4000038
0.077026367187500 4000000
0.078186035156250 4000000
0.074645996093750 4000000
0.078979492187500 4000000
0.076293945312500 4000000
0.075500488281250 4000000
0.076782226562500 4000000
0.000000000000000 4000000
0.079284667968750 4000000
0.076538085937500 4000000
0.076232910156250 4000000
0.077270507812500 3999961
0.076232910156250 4000000
0.079650878906250 4000038
0.077209472656250 3999923
0.075744628906250 4000038
0.075683593750000 4000038
0.076599121093750 4000000
0.078491210937500 4000000
0.078857421875000 3999961
0.000000000000000 4000000
0.077819824218750 4000038
0.078125000000000 4000000
0.076538085937500 4000000
0.078186035156250 4000000
0.074035644531250 3999961
0.066955566406250 4000038
0.076721191406250 4000000
0.078552246093750 4000000
0.077026367187500 4000000
0.074707031250000 4000000
0.077697753906250 4000000
0.074707031250000 4000000
0.000000000000000 4000000
0.078796386718750 4000000
0.079040527343750 4000000
0.074645996093750 3999961
0.067810058593750 4000038
0.074096679687500 3999961
0.076721191406250 4000038
0.151611328125000 4000000
0.077636718750000 4000000
0.076416015625000 4000000
0.077941894531250 4000000
0.074157714843750 4000000
0.078125000000000 4000000
0.073608398437500 4000000
0.077087402343750 4000000
0.000000000000000 4000000
0.074035644531250 4000000
0.076232910156250 4000000
0.075561523437500 3999923
0.078369140625000 4000076
0.066772460937500 4000000
0.073425292968750 4000000
0.067382812500000 4000000
0.073974609375000 4000000
0.077392578125000 4000000
0.074218750000000 4000000
0.078308105468750 3999961
0.076843261718750 4000039
0.077880859375000 4000000
0.066772460937500 3999961
0.074584960937500 4000038
0.068115234375000 4000000
0.074462890625000 4000000
0.074340820312500 4000000
0.000000000000000 3999961
0.076599121093750 4000000
0.078918457031250 4000038
0.078186035156250 4000000
0.073669433593750 4000000
0.076660156250000 4000000
0.076660156250000 4000000
0.075256347656250 4000000
0.075439453125000 4000000
0.078063964843750 3999961
0.075744628906250 4000038
0.074279785156250 4000000
0.000000000000000 4000000
0.078369140625000 4000000
0.077453613281250 4000000
0.076965332031250 4000000
0.079467773437500 4000000
0.075439453125000 4000000
0.076538085937500 4000000
0.076904296875000 4000000
0.076538085937500 4000000
0.074829101562500 4000000
0.077880859375000 4000000
0.000000000000000 3999961
0.076965332031250 4000038
0.075500488281250 4000000
0.076721191406250 4000000
0.077758789062500 4000000
0.078002929687500 4000000
0.077941894531250 4000000
0.077270507812500 3999961
0.078063964843750 4000038
0.073791503906250 4000000
0.076171875000000 4000000
0.000000000000000 4000000
0.075378417968750 4000000
0.077514648437500 4000000
0.077575683593750 4000000
0.076171875000000 4000000
0.076660156250000 4000000
0.075012207031250 4000000
0.075866699218750 3999961
0.073852539062500 4000038
0.074829101562500 4000000
0.077880859375000 4000000
0.077514648437500 4000000
0.066955566406250 4000000
0.076110839843750 4000000
0.000000000000000 4000000
0.075500488281250 4000000
0.073852539062500 4000000
0.066955566406250 4000000
0.075439453125000 4000000
0.075744628906250 4000000
0.073303222656250 3999961
0.079162597656250 4000000
0.076599121093750 4000038
0.073486328125000 3999961
0.077941894531250 4000038
0.073913574218750 4000000
0.077026367187500 4000000
0.075927734375000 3999961
0.000000000000000 4000038
0.075439453125000 4000000
0.076538085937500 4000000
0.073730468750000 4000000
0.068481445312500 3999961
0.074401855468750 4000038
0.076477050781250 4000000
0.073852539062500 3999961
0.077209472656250 4000038
0.078247070312500 4000000
0.077209472656250 4000000
0.075683593750000 4000000
0.073791503906250 4000000
0.000000000000000 4000000
0.079895019531250 4000000
0.076110839843750 4000000
0.075744628906250 4000000
0.077758789062500 3999961
0.075683593750000 4000038
0.077575683593750 4000000
0.074584960937500 4000000
0.075256347656250 4000000
0.075805664062500 3999961
0.078063964843750 4000038
0.074279785156250 3999923
0.077758789062500 4000076
0.000000000000000 4000000
0.077148437500000 3999961
0.075439453125000 4000000
0.076293945312500 4000038
0.075439453125000 4000000
0.076477050781250 3999961
0.075988769531250 4000038
0.075439453125000 4000000
0.076965332031250 4000000
0.074707031250000 4000000
0.075744628906250 4000000
0.075683593750000 4000000
0.067138671875000 3999961
0.075805664062500 4000038
0.000000000000000 3999961
0.078369140625000 4000000
0.066772460937500 4000038
0.076782226562500 4000000
0.077453613281250 3999961
0.077819824218750 3999961
0.076477050781250 4000076
0.075622558593750 4000038
0.077636718750000 3999961
0.075439453125000 3999960
0.073181152343750 4000038
0.078491210937500 4000000
0.000000000000000 4000000
0.075988769531250 4000000
0.075561523437500 4000000
0.073730468750000 4000000
0.075439453125000 4000000
0.076782226562500 3999961
0.075134277343750 4000038
0.076232910156250 4000000
0.075317382812500 4000000
0.074829101562500 4000000
0.077514648437500 4000000
0.076232910156250 4000000
0.075988769531250 4000000
0.074645996093750 4000000
0.000000000000000 3999961
0.076782226562500 4000038
0.075256347656250 4000000
0.075683593750000 4000000
0.075927734375000 3999961
0.075073242187500 4000000
0.078063964843750 4000000
0.074279785156250 4000038
0.075988769531250 3999961
0.074523925781250 4000000
0.076538085937500 4000038
0.073791503906250 3867843
0.000000000000000 3799963
0.071228027343750 3800036
0.071838378906250 3800000
0.070678710937500 3800000
0.061279296875000 3800000
0.068664550781250 3799963
0.070373535156250 3800036
0.067260742187500 3800000
0.070922851562500 3799963
0.071228027343750 3800036
0.068298339843750 3800000
0.068664550781250 3794762
0.068420410156250 3792960
0.072448730468750 3788893
0.000000000000000 3790591
0.067260742187500 3794542
0.069030761718750 3797318
0.069458007812500 3798213
0.070251464843750 3790869
0.072204589843750 3798661
0.067443847656250 3800000
0.069091796875000 3800000
0.067687988281250 3791244
0.070129394531250 3795654
0.067993164062500 3798174
0.070983886718750 3800000
0.070068359375000 3794930
0.068969726562500 3799060
0.000000000000000 3791966
0.072021484375000 3793635
0.067932128906250 3792434
0.068786621093750 3790511
0.068420410156250 3790849
0.072082519531250 3800000
0.070800781250000 3792860
0.068969726562500 3783333
0.068847656250000 3783336
0.067321777343750 3783333
0.062072753906250 3790254
0.067871093750000 3798937
0.070190429687500 3790032
0.070373535156250 3788869
0.000000000000000 3785894
0.070983886718750 3794595
0.069702148437500 3789677
0.067993164062500 3788910
0.069580078125000 3800000
0.067810058593750 3788267
0.070129394531250 3783368
0.067810058593750 3783334
0.070678710937500 3783261
0.070617675781250 3788971
0.069641113281250 3800000
0.068969726562500 3788869
0.068237304687500 3796808
0.068847656250000 3800000
0.000000000000000 3799434
0.069763183593750 3783333
0.071044921875000 3792377
0.070556640625000 3794209
0.068054199218750 3795918
0.069396972656250 3800000
0.068542480468750 3792765
0.070373535156250 3799963
0.068054199218750 3789211
0.071777343750000 3793824
0.071289062500000 3800036
0.071228027343750 3799963
0.000000000000000 3800000
0.069946289062500 3800036
0.068115234375000 3799190
0.069580078125000 3797870
0.069641113281250 3800000
0.069702148437500 3800000
0.069702148437500 3799963
0.068969726562500 3800036
0.069946289062500 3790263
0.069030761718750 3791982
0.069274902343750 3800000
0.069091796875000 3800000
0.070373535156250 3800000
0.000000000000000 3800000
0.069885253906250 3796556
0.070373535156250 3783298
0.068237304687500 3794558
0.069763183593750 3786904
0.069091796875000 3793847
0.068420410156250 3783335
0.070922851562500 3785456
0.068359375000000 3798680
0.067932128906250 3800000
0.061828613281250 3800000
0.067565917968750 3794894
0.070007324218750 3783372
0.068908691406250 3794555
0.071350097656250 3788949
0.000000000000000 3793292
0.071411132812500 3792480
0.069519042968750 3797178
0.071472167968750 3800000
0.068115234375000 3797777
0.062500000000000 3783334
0.068969726562500 3796787
0.072692871093750 3790880
0.069641113281250 3791331
0.070373535156250 3798314
0.069213867187500 3800000
0.068237304687500 3797220
0.069091796875000 3784656
0.067687988281250 3800000
0.000000000000000 3786060
0.071716308593750 3794403
0.069946289062500 3794565
0.070434570312500 3797045
0.068786621093750 3794155
0.066284179687500 3799877
0.070251464843750 3790731
0.068481445312500 3783369
0.070068359375000 3783298
0.068298339843750 3783367
0.062622070312500 3792114
0.061523437500000 3788393
0.072143554687500 3789501
0.061401367187500 3788242
0.069030761718750 3789654
0.070800781250000 3799786
0.070312500000000 3799927
0.000000000000000 3795448
0.071411132812500 3783335
0.068725585937500 3799042
0.067810058593750 3791915
0.073425292968750 3794599
0.067626953125000 3783332
0.068725585937500 3794611
0.069641113281250 3793048
0.072082519531250 3788910
0.068847656250000 3790474
0.069519042968750 3798436
0.070800781250000 3800000
0.000000000000000 3788875
0.068298339843750 3790477
0.070922851562500 3797814
0.067565917968750 3789372
0.069274902343750 3789599
0.067504882812500 3793062
0.069091796875000 3798976
0.069824218750000 3800036
0.068725585937500 3799963
0.073669433593750 3791643
0.067871093750000 3796357
0.071411132812500 3798518
0.070068359375000 3786250
0.000000000000000 3790282
0.069152832031250 3800036
0.069152832031250 3791956
0.072509765625000 3786470
0.070556640625000 3800000
0.070495605468750 3800000
0.071289062500000 3800000
0.070617675781250 3799963
0.071533203125000 3799963
0.069396972656250 3800036
0.069519042968750 3800036
0.068969726562500 3800000
0.000000000000000 3800000
0.070373535156250 3795386
0.070495605468750 3800000
0.069274902343750 3794563
0.069641113281250 3800000
0.073791503906250 3796600
0.069824218750000 3800000
0.071960449218750 3799727
0.067382812500000 3800000
0.069946289062500 3795423
0.070251464843750 3800036
0.000000000000000 3799927
0.069641113281250 3800072
0.070617675781250 3795333
0.067260742187500 3794677
0.072082519531250 3793003
0.068481445312500 3799366
0.068725585937500 3800000
0.069763183593750 3799963
0.070251464843750 3800036
0.063232421875000 3793131
0.067687988281250 3799340
0.068847656250000 3784479
0.069580078125000 3785254
0.070678710937500 3800000
0.069213867187500 3785751
0.000000000000000 3798545
0.069396972656250 3792745
0.070129394531250 3797647
0.068603515625000 3800000
0.069396972656250 3800000
0.068542480468750 3800000
0.069091796875000 3800000
0.068298339843750 3790891
0.069763183593750 3796738
0.070800781250000 3791401
0.067810058593750 3783367
0.069274902343750 3792043
0.068420410156250 3785968
0.000000000000000 3791151
0.069885253906250 3794149
0.067687988281250 3797580
0.072143554687500 3783334
0.068298339843750 3786860
0.072326660156250 3796197
0.069946289062500 3793408
0.070678710937500 3798503
0.068908691406250 3783368
0.067565917968750 3784630
0.061584472656250 3798077
0.068298339843750 3787602
0.069885253906250 3790040
0.071899414062500 3787819
0.000000000000000 3783406
0.068481445312500 3783331
0.070739746093750 3783298
0.069824218750000 3783811
0.070556640625000 3800000
0.069274902343750 3800000
0.072204589843750 3800000
0.068725585937500 3800000
0.067321777343750 3800000
0.070129394531250 3800000
0.069885253906250 3800000
0.063110351562500 3800000
0.069091796875000 3800000
0.066040039062500 3800000
0.069458007812500 3800000
0.061706542968750 3800000
0.000000000000000 3800000
0.072875976562500 3799963
0.070983886718750 3800036
0.061401367187500 3800036
0.073242187500000 3799963
0.069458007812500 3800000
0.065917968750000 3800000
0.066772460937500 3800000
0.074096679687500 3799963
0.070068359375000 3800036
0.070373535156250 3799963
0.065795898437500 3800036
0.063964843750000 3800000
0.064575195312500 3797433
0.073974609375000 3791305
0.066162109375000 3790821
0.062866210937500 3796815
0.000000000000000 3785541
0.073791503906250 3795301
0.072387695312500 3786591
0.074829101562500 3795572
0.061706542968750 3791592
0.067993164062500 3784390
0.067810058593750 3783330
0.063476562500000 3797382
0.063476562500000 3789613
0.067993164062500 3800000
0.069152832031250 3800000
0.069824218750000 3800000
0.062316894531250 3800000
0.070373535156250 3785511
0.069763183593750 3800000
0.061584472656250 3800036
0.070068359375000 3800000
0.070739746093750 3799963
0.000000000000000 3800000
0.069274902343750 3800036
0.070922851562500 3795199
0.068847656250000 3791708
0.070434570312500 3783370
0.067382812500000 3784170
0.070434570312500 3793811
0.068542480468750 3783335
0.069091796875000 3783333
0.071289062500000 3783785
0.069702148437500 3798090
0.070190429687500 3798547
0.068176269531250 3799963
0.000000000000000 3797461
0.072448730468750 3800000
0.067810058593750 3799963
0.069946289062500 3783623
0.070922851562500 3788229
0.070068359375000 3783584
0.071044921875000 3783260
0.068908691406250 3799761
0.069091796875000 3800000
0.067443847656250 3800000
0.072509765625000 3796992
0.067993164062500 3799029
0.068115234375000 3800000
0.000000000000000 3797273
0.068908691406250 3800000
0.069030761718750 3800000
0.070922851562500 3800000
0.067749023437500 3797231
0.070373535156250 3792908
0.070495605468750 3800000
0.069702148437500 3800000
0.069702148437500 3800000
0.068298339843750 3800000
0.068969726562500 3800000
0.068725585937500 3799927
0.061645507812500 3800072
0.070922851562500 3795155
0.000000000000000 3798106
0.070617675781250 3799215
0.062500000000000 3785412
0.069335937500000 3784524
0.070922851562500 3800036
0.069641113281250 3800000
0.072021484375000 3800000
0.061828613281250 3800000
0.066833496093750 3800000
0.065185546875000 3790752
0.072448730468750 3783329
0.070373535156250 3797926
0.069641113281250 3784627
0.069213867187500 3791566
0.067810058593750 3800000
0.069641113281250 3800000
0.000000000000000 3800000
0.130737304687500 3797502
0.000000000000000 3784749
0.069763183593750 3796575
0.068847656250000 3800000
0.069396972656250 3800000
0.070251464843750 3800036
0.070739746093750 3799963
0.068908691406250 3800000
0.070617675781250 3799963
0.071655273437500 3791580
0.069519042968750 3794631
0.069580078125000 3799963
0.068725585937500 3790688
0.000000000000000 3783299
0.069824218750000 3783369
0.070068359375000 3787631
0.069824218750000 3789822
0.070983886718750 3788045
0.067932128906250 3790571
0.069946289062500 3800000
0.068969726562500 3800000
0.069274902343750 3795496
0.068420410156250 3796985
0.068786621093750 3797710
0.071594238281250 3800000
0.069519042968750 3800000
0.000000000000000 3800000
0.071105957031250 3797347
0.067504882812500 3792282
0.070434570312500 3789057
0.069335937500000 3792352
0.068420410156250 3800000
0.071411132812500 3790498
0.069946289062500 3800000
0.061462402343750 3787554
0.069824218750000 3800000
0.071899414062500 3800000
0.069824218750000 3800000
0.070739746093750 3800000
0.068542480468750 3800000
0.000000000000000 3799927
0.070129394531250 3800072
0.070129394531250 3799963
0.069641113281250 3800036
0.071044921875000 3800000
0.068359375000000 3800000
0.069458007812500 3800000
0.069396972656250 3796715
0.070373535156250 3786121
0.061157226562500 3800000
0.068664550781250 3800000
0.069946289062500 3800000
0.068359375000000 3800000
0.070129394531250 3800000
0.066955566406250 3788932
0.000000000000000 3791434
0.072204589843750 3797477
0.069091796875000 3800000
0.069396972656250 3800000
0.071899414062500 3800000
0.067687988281250 3789615
0.070739746093750 3800000
0.068420410156250 3800000
0.070617675781250 3800000
0.071472167968750 3799963
0.067749023437500 3800036
0.070007324218750 3797562
0.000000000000000 3788358
0.068420410156250 3800000
0.061706542968750 3800000
0.069396972656250 3795174
0.068420410156250 3790804
0.068054199218750 3800000
0.070678710937500 3793170
0.061157226562500 3799159
0.265686035156250 3796423
0.068542480468750 3797825
0.069274902343750 3800000
0.069885253906250 3800000
0.071289062500000 3800000
0.070678710937500 3800000
0.070068359375000 3800036
0.069519042968750 3799963
0.068603515625000 3800000
0.073120117187500 3800000
0.069396972656250 3800000
0.069946289062500 3799912
0.000000000000000 3798138
0.069396972656250 3800000
0.068237304687500 3800000
0.070251464843750 3800000
0.068420410156250 3800000
0.069152832031250 3800000
0.069763183593750 3800000
0.071228027343750 3800036
0.071777343750000 3799927
0.067443847656250 3800036
0.068176269531250 3784332
0.069396972656250 3794797
0.070800781250000 3800000
0.000000000000000 3797063
0.067871093750000 3798762
0.071838378906250 3793421
0.071105957031250 3800000
0.068359375000000 3799927
0.069824218750000 3800072
0.072021484375000 3800000
0.069396972656250 3795980
0.068786621093750 3791164
0.062683105468750 3796100
0.067382812500000 3792768
0.072021484375000 3800000
0.069396972656250 3798996
0.070129394531250 3797989
0.000000000000000 3798084
0.068969726562500 3799213
0.068969726562500 3789622
0.069641113281250 3797741
0.067626953125000 3791324
0.072326660156250 3783329
0.069091796875000 3783337
0.068237304687500 3783329
0.069824218750000 3786834
0.069885253906250 3790494
0.068725585937500 3791479
0.067443847656250 3795910
0.070495605468750 3791203
0.000000000000000 3797834
0.069030761718750 3791038
0.069824218750000 3797989
0.068969726562500 3783336
0.067382812500000 3785154
0.068847656250000 3798360
0.069641113281250 3799963
0.070251464843750 3800000
0.070251464843750 3800000
0.067443847656250 3800036
0.072204589843750 3799963
0.069519042968750 3800000
0.068847656250000 3792855
0.068542480468750 3790214
0.000000000000000 3799963
0.069274902343750 3800000
0.071472167968750 3793124
0.067993164062500 3791721
0.071166992187500 3788812
0.067565917968750 3795910
0.068908691406250 3800000
0.071716308593750 3800000
0.068481445312500 3797172
0.069519042968750 3797220
0.068115234375000 3800000
0.072326660156250 3789518
0.068115234375000 3785496
0.000000000000000 3784918
0.070190429687500 3800000
0.067687988281250 3789680
0.069152832031250 3799784
0.071960449218750 3800036
0.067871093750000 3799963
0.070007324218750 3798260
0.068115234375000 3800000
0.073303222656250 3789002
0.068542480468750 3800000
0.069396972656250 3796236
0.069458007812500 3795293
0.068664550781250 3795773
0.062500000000000 3783332
0.000000000000000 3783335
0.069396972656250 3791646
0.069946289062500 3785452
0.068420410156250 3793854
0.068603515625000 3787903
0.068664550781250 3800000
0.072875976562500 3800036
0.069641113281250 3799963
0.068115234375000 3800000
0.071594238281250 3800036
0.069763183593750 3792186
0.061828613281250 3787085
0.068054199218750 3798181
0.068481445312500 3799037
0.071044921875000 3800036
0.000000000000000 3796838
0.069335937500000 3788833
0.069091796875000 3788775
0.069091796875000 3797054
0.072631835937500 3800036
0.066833496093750 3797766
0.069213867187500 3792976
0.071044921875000 3792671
0.069641113281250 3800000
0.069885253906250 3795828
0.069519042968750 3783369
0.070495605468750 3795020
0.068237304687500 3787074
0.000000000000000 3790947
0.071838378906250 3793581
0.070922851562500 3799015
0.068664550781250 3795455
0.070678710937500 3796515
0.068847656250000 3793092
0.070922851562500 3791183
0.067993164062500 3800036
0.069335937500000 3796075
0.069763183593750 3800000
0.069091796875000 3784281
0.069885253906250 3794058
0.067993164062500 3784686
0.000000000000000 3800643
0.069091796875000 3796547
0.068176269531250 3800000
0.070312500000000 3796952
0.070251464843750 3796654
0.069274902343750 3788893
0.069580078125000 3799257
0.070068359375000 3800036
0.069030761718750 3799963
0.069458007812500 3800036
0.068969726562500 3786124
0.067993164062500 3799963
0.072509765625000 3800036
0.000000000000000 3800000
0.068542480468750 3800000
0.069885253906250 3800000
0.071044921875000 3800000
0.069274902343750 3800000
0.068542480468750 3794429
0.067321777343750 3783370
0.069885253906250 3797187
0.070129394531250 3800000
0.069580078125000 3798619
0.070129394531250 3790903
0.067260742187500 3788912
0.000000000000000 3792638
0.070434570312500 3794579
0.069335937500000 3783331
0.070678710937500 3794555
0.068969726562500 3783335
0.068542480468750 3787674
0.069824218750000 3790379
0.069763183593750 3800036
0.070922851562500 3784656
0.067932128906250 3783442
0.070556640625000 3790091
0.070495605468750 3788979
0.066345214843750 3793436
0.000000000000000 3790625
0.071350097656250 3793629
0.069641113281250 3798063
0.071899414062500 3783333
0.069946289062500 3794732
0.069946289062500 3783334
0.069641113281250 3792626
0.067443847656250 3794079
0.072326660156250 3793882
0.069274902343750 3783298
0.070617675781250 3796108
0.068237304687500 3792848
0.069458007812500 3786045
0.000000000000000 3783295
0.069702148437500 3783370
0.068725585937500 3788115
0.069458007812500 3789775
0.069519042968750 3799913
0.070922851562500 3789232
0.068359375000000 3799963
0.070434570312500 3800000
0.068603515625000 3799963
0.070617675781250 3800036
0.072204589843750 3800000
0.069885253906250 3800000
0.000000000000000 3800000
0.072204589843750 3800000
0.067382812500000 3800000
0.070495605468750 3799927
0.069641113281250 3800072
0.068481445312500 3799963
0.071350097656250 3800036
0.071166992187500 3800000
0.071594238281250 3800000
0.070312500000000 3800000
0.068298339843750 3800000
0.068420410156250 3784318
0.068725585937500 3783262
0.000000000000000 3783403
0.070800781250000 3786289
0.069702148437500 3790435
0.071228027343750 3791214
0.066711425781250 3799963
0.071472167968750 3797414
0.069458007812500 3799139
0.068908691406250 3800036
0.068969726562500 3800000
0.070373535156250 3800000
0.071228027343750 3800000
0.067687988281250 3800000
0.000000000000000 3797550
0.072143554687500 3783332
0.070373535156250 3791055
0.068725585937500 3798142
0.069641113281250 3799156
0.067626953125000 3800000
0.070251464843750 3800000
0.070495605468750 3800000
0.071960449218750 3792913
0.061828613281250 3790111
0.067016601562500 3799963
0.069030761718750 3794397
0.068359375000000 3783333
0.070922851562500 3784120
0.069091796875000 3790050
0.000000000000000 3790128
0.069580078125000 3787329
0.072753906250000 3795226
0.067321777343750 3796760
0.069152832031250 3788274
0.068298339843750 3800000
0.068847656250000 3788368
0.070495605468750 3792703
0.069335937500000 3794822
0.071105957031250 3795726
0.068298339843750 3800036
0.070312500000000 3799963
0.069702148437500 3647021
0.000000000000000 3799963
0.071350097656250 3800000
0.068786621093750 3800000
0.073303222656250 3799963
0.072448730468750 3800036
0.067871093750000 3800036
0.070190429687500 3795195
0.070922851562500 3783336
0.062683105468750 3788033
0.069396972656250 3620494
0.062805175781250 3800072
0.068481445312500 3800000
0.071899414062500 3800000
0.070495605468750 3800000
0.000000000000000 3800000
0.070495605468750 3798715
0.061523437500000 3790417
0.070190429687500 3800000
0.063415527343750 3795515
0.068542480468750 3792861
0.069824218750000 3800000
0.069702148437500 3800000
0.070373535156250 3800000
0.062377929687500 3800000
0.069641113281250 3800000
0.071960449218750 3800000
0.068115234375000 3800000
0.071044921875000 3800036
0.068847656250000 3799963
0.069274902343750 3791162
0.000000000000000 3790950
0.069519042968750 3790363
0.067810058593750 3793816
0.071655273437500 3788780
0.069030761718750 3800000
0.070800781250000 3796565
0.068359375000000 3796213
0.072509765625000 3797824
0.069030761718750 3793970
0.069152832031250 3787046
0.068481445312500 3785470
0.070495605468750 3792438
0.070800781250000 3791513
0.000000000000000 3790821
0.067932128906250 3798369
0.069641113281250 3786392
0.068908691406250 3794076
0.070068359375000 3800000
0.070556640625000 3799420
0.067504882812500 3797470
0.070556640625000 3788933
0.068298339843750 3793331
0.068481445312500 3792482
0.070068359375000 3783368
0.067993164062500 3794549
0.069274902343750 3789767
0.069702148437500 3788006
0.000000000000000 3783406
0.069152832031250 3795191
0.070251464843750 3794706
0.069641113281250 3783334
0.070556640625000 3789287
0.071350097656250 3798300
0.068725585937500 3796556
0.067871093750000 3799963
0.069152832031250 3798001
0.061767578125000 3798433
0.070983886718750 3790121
0.068664550781250 3794051
0.071411132812500 3800000
0.000000000000000 3800000
0.072570800781250 3800000
0.070434570312500 3800000
0.069702148437500 3800000
0.068542480468750 3800000
0.069274902343750 3800000
0.071716308593750 3800000
0.069152832031250 3800000
0.071228027343750 3800000
0.069519042968750 3800000
0.068420410156250 3800000
0.070617675781250 3800000
0.000000000000000 3800000
0.068969726562500 3800000
0.070617675781250 3799963
0.067993164062500 3800036
0.071960449218750 3800000
0.067993164062500 3800000
0.069946289062500 3799963
0.067321777343750 3800036
0.070983886718750 3800000
0.074707031250000 3800000
0.067321777343750 3800000
0.070068359375000 3800000
0.069030761718750 3798399
0.061828613281250 3800000
0.068054199218750 3800000
0.000000000000000 3800000
0.067932128906250 3800000
0.068237304687500 3796590
0.069641113281250 3786908
0.072998046875000 3784833
0.068176269531250 3796588
0.069335937500000 3800000
0.068237304687500 3798065
0.070068359375000 3800000
0.068298339843750 3800000
0.068969726562500 3786221
0.069763183593750 3785877
0.069580078125000 3800036
0.000000000000000 3800000
0.070495605468750 3800000
0.068115234375000 3797378
0.070922851562500 3788120
0.069641113281250 3799405
0.071105957031250 3783300
0.070312500000000 3789109
0.070434570312500 3800000
0.071228027343750 3800000
0.067871093750000 3799963
0.072021484375000 3800036
0.068237304687500 3800000
0.061828613281250 3800000
0.072021484375000 3798732
0.000000000000000 3800000
0.070129394531250 3800000
0.071594238281250 3799963
0.069702148437500 3800036
0.068908691406250 3799963
0.068054199218750 3786093
0.070983886718750 3798694
0.070983886718750 3798531
0.070129394531250 3793255
0.070617675781250 3799891
0.072509765625000 3800072
0.061767578125000 3800000
0.067687988281250 3800000
0.000000000000000 3800000
0.069519042968750 3800000
0.068542480468750 3800000
0.069824218750000 3800000
0.070617675781250 3800000
0.068176269531250 3800036
0.071777343750000 3788950
0.069641113281250 3800000
0.069213867187500 3800000
0.069152832031250 3800000
0.070678710937500 3800000
0.069519042968750 3800000
0.000000000000000 3799927
0.070739746093750 3800072
0.071716308593750 3793362
0.068420410156250 3796395
0.070068359375000 3783301
0.073486328125000 3794591
0.066955566406250 3783333
0.069580078125000 3797247
0.070312500000000 3786947
0.070373535156250 3798821
0.072082519531250 3800000
0.061340332031250 3800000
0.068237304687500 3800000
0.068542480468750 3789642
0.000000000000000 3796422
0.071228027343750 3783296
0.068847656250000 3788989
0.069519042968750 3800000
0.068420410156250 3789191
0.071166992187500 3794542
0.068359375000000 3788002
0.069946289062500 3792860
0.068908691406250 3789421
0.066955566406250 3800000
0.071289062500000 3800000
0.069396972656250 3788640
0.070556640625000 3795366
0.000000000000000 3800000
0.066894531250000 3796559
0.069396972656250 3788944
0.071350097656250 3797195
0.067993164062500 3786654
0.068725585937500 3793370
0.070922851562500 3795653
0.061645507812500 3786345
0.070678710937500 3793427
0.061279296875000 3800036
0.068298339843750 3800000
0.069702148437500 3800000
0.071350097656250 3800000
0.068298339843750 3800000
0.071105957031250 3800000
0.069274902343750 3800000
0.000000000000000 3785183
0.070739746093750 3789867
0.069885253906250 3800000
0.070739746093750 3800000
0.071777343750000 3800000
0.067993164062500 3795796
0.069824218750000 3788419
0.066833496093750 3795911
0.068603515625000 3796900
0.068237304687500 3800000
0.069091796875000 3800000
0.072448730468750 3800000
0.067993164062500 3800000
0.000000000000000 3796372
0.069274902343750 3786869
0.068298339843750 3798113
0.062683105468750 3800000
0.069885253906250 3800000
0.070373535156250 3797811
0.067749023437500 3797336
0.070373535156250 3783332
0.071289062500000 3797522
0.067565917968750 3794504
0.071594238281250 3788863
0.067687988281250 3791733
0.071105957031250 3795714
0.069641113281250 3785283
0.069946289062500 3796918
0.000000000000000 3800000
0.069091796875000 3799963
0.068969726562500 3800036
0.061462402343750 3800000
0.067626953125000 3799963
0.069641113281250 3800036
0.068176269531250 3800000
0.071533203125000 3800000
0.069580078125000 3800000
0.069702148437500 3800000
0.072204589843750 3799963
0.068298339843750 3800036
0.070922851562500 3800000
0.070312500000000 3800000
0.000000000000000 3800036
0.069519042968750 3799963
0.070495605468750 3800000
0.069091796875000 3799927
0.070068359375000 3800072
0.069824218750000 3800000
0.068786621093750 3800000
0.067993164062500 3800000
0.071777343750000 3800000
0.070800781250000 3797928
0.068542480468750 3800036
0.069519042968750 3796636
0.067993164062500 3783370
0.000000000000000 3783296
0.070922851562500 3783366
0.069396972656250 3783335
0.069030761718750 3799790
0.069213867187500 3789257
0.068237304687500 3794523
0.069641113281250 3795654
0.067626953125000 3795745
0.061523437500000 3786371
0.070251464843750 3798387
0.069641113281250 3800000
0.068298339843750 3795867
0.070312500000000 3797261
0.068359375000000 3800000
0.069519042968750 3800000
0.000000000000000 3800000
0.071350097656250 3800000
0.069458007812500 3799927
0.072448730468750 3800072
0.068542480468750 3800000
0.070068359375000 3800000
0.069702148437500 3796888
0.067443847656250 3800000
0.071655273437500 3800000
0.069458007812500 3800000
0.069274902343750 3800000
0.069885253906250 3799963
0.000000000000000 3800000
0.069702148437500 3800036
0.073364257812500 3800000
0.067321777343750 3800000
0.070556640625000 3800036
0.069091796875000 3800000
0.069763183593750 3799963
0.069580078125000 3800000
0.071228027343750 3800000
0.070861816406250 3800000
0.067993164062500 3800000
0.070678710937500 3800000
0.069396972656250 3800000
0.000000000000000 3800000
0.072082519531250 3799963
0.070617675781250 3800072
0.070922851562500 3799963
0.070922851562500 3800000
0.067749023437500 3800000
0.069152832031250 3800000
0.068115234375000 3800000
0.069519042968750 3800000
0.068542480468750 3799963
0.070678710937500 3800036
0.069091796875000 3800036
0.000000000000000 3800000
0.129638671875000 3799963
0.000000000000000 3800036
0.067749023437500 3799891
0.070678710937500 3800072
0.068359375000000 3800000
0.071594238281250 3800000
0.071411132812500 3800000
0.070861816406250 3800000
0.070373535156250 3800000
0.067871093750000 3800000
0.070678710937500 3800000
0.069824218750000 3800000
0.070861816406250 3800000
0.000000000000000 3800000
0.068847656250000 3800000
0.070373535156250 3800000
0.069641113281250 3800000
0.069396972656250 3800000
0.069091796875000 3800000
0.068420410156250 3800000
0.070495605468750 3800000
0.070190429687500 3797865
0.069885253906250 3802135
0.071228027343750 3800000
0.070495605468750 3800000
0.000000000000000 3799963
0.071228027343750 3800036
0.066894531250000 3800000
0.069213867187500 3800036
0.071655273437500 3799963
0.067260742187500 3800000
0.072631835937500 3800000
0.070312500000000 3800000
0.068542480468750 3800000
0.069519042968750 3800000
0.069702148437500 3800000
0.070068359375000 3800000
0.068664550781250 3800000
0.000000000000000 3800000
0.070068359375000 3800000
0.069885253906250 3800000
0.069702148437500 3800000
0.067810058593750 3800000
0.069824218750000 3800000
0.073425292968750 3799963
0.068542480468750 3800036
0.069885253906250 3800000
0.068786621093750 3800000
0.071105957031250 3796602
0.071105957031250 3789663
0.000000000000000 3800000
0.069946289062500 3799963
0.069641113281250 3800036
0.070617675781250 3799963
0.061523437500000 3797808
0.067077636718750 3800000
0.070129394531250 3800000
0.068298339843750 3800000
0.069824218750000 3800000
0.072021484375000 3800000
0.069091796875000 3800000
0.069519042968750 3800000
0.069519042968750 3799963
0.062377929687500 3796594
0.068054199218750 3800036
0.000000000000000 3800000
0.071655273437500 3800000
0.069702148437500 3800000
0.070373535156250 3799963
0.061828613281250 3800000
0.070007324218750 3800036
0.071166992187500 3800000
0.066589355468750 3800000
0.072509765625000 3800000
0.069824218750000 3800000
0.068481445312500 3800000
0.069030761718750 3800000
0.067077636718750 3799963
0.061950683593750 3800036
0.070251464843750 3800000
0.068908691406250 3800000
0.068603515625000 3800000
0.000000000000000 3799963
0.070251464843750 3800036
0.068664550781250 3800000
0.071105957031250 3800000
0.068969726562500 3800000
0.067443847656250 3800000
0.061157226562500 3800000
0.070129394531250 3800000
0.069641113281250 3800000
0.067687988281250 3800036
0.069335937500000 3799963
0.070251464843750 3800000
0.070800781250000 3800000
0.070129394531250 3800000
0.067321777343750 3799963
0.000000000000000 3800036
0.070800781250000 3794905
0.066711425781250 3792767
0.070678710937500 3788070
0.069763183593750 3796456
0.069519042968750 3793027
0.061706542968750 3783296
0.069396972656250 3784824
0.070739746093750 3784820
0.068908691406250 3783299
0.072265625000000 3799699
0.068481445312500 3798742
0.068664550781250 3795400
0.069458007812500 3787988
0.000000000000000 3783334
0.070800781250000 3798556
0.061401367187500 3800000
0.068786621093750 3800000
0.069641113281250 3800000
0.068176269531250 3797057
0.068847656250000 3800000
0.061279296875000 3800000
0.069641113281250 3800000
0.072143554687500 3800000
0.069824218750000 3800000
0.074279785156250 3788739
0.070251464843750 3799048
0.069335937500000 3799927
0.068969726562500 3800072
0.000000000000000 3800000
0.068420410156250 3800000
0.072998046875000 3800000
0.068359375000000 3800000
0.070495605468750 3800000
0.069641113281250 3800000
0.063232421875000 3800000
0.069152832031250 3800000
0.068420410156250 3800000
0.071899414062500 3800000
0.069152832031250 3799963
0.071105957031250 3800036
0.070068359375000 3799963
0.000000000000000 3800036
0.069702148437500 3800036
0.068054199218750 3799963
0.072143554687500 3800000
0.070434570312500 3800000
0.067993164062500 3800000
0.069519042968750 3799963
0.069213867187500 3800036
0.061706542968750 3800000
0.069641113281250 3800000
0.070678710937500 3800000
0.067810058593750 3800000
0.071655273437500 3799963
0.069213867187500 3800036
0.068786621093750 3800000
0.000000000000000 3800000
0.069824218750000 3800036
0.067504882812500 3799963
0.072692871093750 3800000
0.067871093750000 3800000
0.070129394531250 3799963
0.070556640625000 3800036
0.067016601562500 3800000
0.070922851562500 3800000
0.068969726562500 3799963
0.071777343750000 3800036
0.067749023437500 3800000
0.000000000000000 3792993
0.072204589843750 3800036
0.068237304687500 3799963
0.068664550781250 3800036
0.069580078125000 3800000
0.069946289062500 3800000
0.070373535156250 3800000
0.070800781250000 3797446
0.071289062500000 3799148
0.071838378906250 3800000
0.066467285156250 3800000
0.071044921875000 3799330
0.068298339843750 3800000
0.000000000000000 3800000
0.068786621093750 3800000
0.070617675781250 3800000
0.070495605468750 3800000
0.071350097656250 3790379
0.069091796875000 3787372
0.070495605468750 3800000
0.067016601562500 3796422
0.069519042968750 3800000
0.069885253906250 3793163
0.071777343750000 3800000
0.070861816406250 3800000
0.067993164062500 3800000
0.000000000000000 3784426
0.070739746093750 3795202
0.068359375000000 3799688
0.072875976562500 3800000
0.067565917968750 3800000
0.070495605468750 3800036
0.069274902343750 3799963
0.068237304687500 3800000
0.071777343750000 3799963
0.067871093750000 3800036
0.068847656250000 3800000
0.067626953125000 3800000
0.000000000000000 3800000
0.072448730468750 3800000
0.069824218750000 3797929
0.068115234375000 3783335
0.071899414062500 3788690
0.068298339843750 3800036
0.071289062500000 3800000
0.067871093750000 3800000
0.072021484375000 3800000
0.070251464843750 3800000
0.069213867187500 3800000
0.070129394531250 3799963
0.000000000000000 3800036
0.067810058593750 3800000
0.069458007812500 3799963
0.068298339843750 3800036
0.072265625000000 3799115
0.070190429687500 3790539
0.068969726562500 3800000
0.068786621093750 3795079
0.069885253906250 3798035
0.070739746093750 3800000
0.068725585937500 3796544
0.066833496093750 3800000
0.070739746093750 3800000
0.000000000000000 3799927
0.069091796875000 3800072
0.070678710937500 3800000
0.067687988281250 3800000
0.072204589843750 3800036
0.075622558593750 3799963
0.069519042968750 3800000
0.064880371093750 3800000
0.067260742187500 3786879
0.074218750000000 3788469
0.070800781250000 3800000
0.069458007812500 3796556
0.067871093750000 3787244
0.062927246093750 3794631
0.000000000000000 3799248
0.069274902343750 3783295
0.070251464843750 3789634
0.067138671875000 3791084
0.063049316406250 3795738
0.062805175781250 3783366
0.073608398437500 3785881
0.071411132812500 3799963
0.062744140625000 3800000
0.069152832031250 3800000
0.071044921875000 3796589
0.068786621093750 3800000
0.064941406250000 3800000
0.067443847656250 3800000
0.061828613281250 3800000
0.069824218750000 3800000
0.061828613281250 3791690
0.069519042968750 3790345
0.070983886718750 3800000
0.000000000000000 3797779
0.072204589843750 3786819
0.068298339843750 3789580
0.069702148437500 3800000
0.068237304687500 3793916
0.070922851562500 3795510
0.071228027343750 3783336
0.070373535156250 3783330
0.070129394531250 3796619
0.069152832031250 3793483
0.071105957031250 3787980
0.067993164062500 3785720
0.070068359375000 3785950
0.000000000000000 3796201
0.068237304687500 3800000
0.071105957031250 3800000
0.072204589843750 3800036
0.067810058593750 3799216
0.070312500000000 3783336
0.070068359375000 3783330
0.072204589843750 3794524
0.071105957031250 3783334
0.069274902343750 3791415
0.069946289062500 3786870
0.067993164062500 3783334
0.000000000000000 3797315
0.069580078125000 3789677
0.069641113281250 3800072
0.071044921875000 3796828
0.068847656250000 3800000
0.071105957031250 3800000
0.072082519531250 3800000
0.070190429687500 3796434
0.069824218750000 3783333
0.071105957031250 3783334
0.070800781250000 3791489
0.000000000000000 3800000
0.068603515625000 3800000
0.071044921875000 3800000
0.069519042968750 3796403
0.069702148437500 3799927
0.071777343750000 3800072
0.070129394531250 3786928
0.071655273437500 3798817
0.070251464843750 3800000
0.071716308593750 3800000
0.068664550781250 3800000
0.000000000000000 3800000
0.072570800781250 3796975
0.066894531250000 3789007
0.062561035156250 3800000
0.065307617187500 3800036
0.067871093750000 3800000
0.062377929687500 3800000
0.069580078125000 3791633
0.071289062500000 3787561
0.072509765625000 3800036
0.068237304687500 3799963
0.070068359375000 3800000
0.068176269531250 3799963
0.070861816406250 3800036
0.069641113281250 3800000
0.069458007812500 3785444
0.000000000000000 3798575
0.072082519531250 3788468
0.069335937500000 3783334
0.070007324218750 3793631
0.070800781250000 3800000
0.072387695312500 3799171
0.068664550781250 3790243
0.069335937500000 3800000
0.070739746093750 3800000
0.068786621093750 3800000
0.069641113281250 3799927
0.069274902343750 3800072
0.000000000000000 3800000
0.071838378906250 3800000
0.069641113281250 3799963
0.067932128906250 3800036
0.069702148437500 3800000
0.069824218750000 3792761
0.070068359375000 3783330
0.067199707031250 3795919
0.069580078125000 3796549
0.070922851562500 3791081
0.068603515625000 3800000
0.070373535156250 3800036
0.069396972656250 3799963
0.070251464843750 3799603
0.000000000000000 3793370
0.069641113281250 3800036
0.069702148437500 3800036
0.069274902343750 3799963
0.068664550781250 3799963
0.069946289062500 3800000
0.069213867187500 3797018
0.071716308593750 3797403
0.071044921875000 3783295
0.073425292968750 3784063
0.070678710937500 3800000
0.000000000000000 3790405
0.068725585937500 3788699
0.069580078125000 3792929
0.067565917968750 3800036
0.074157714843750 3800000
0.067626953125000 3800000
0.069824218750000 3800000
0.069396972656250 3800000
0.070129394531250 3800000
0.069335937500000 3800000
0.069030761718750 3799963
0.070983886718750 3800000
0.069213867187500 3800000
0.000000000000000 3800036
0.073059082031250 3800000
0.070617675781250 3797271
0.067749023437500 3799044
0.068542480468750 3784942
0.068725585937500 3797631
0.062072753906250 3800000
0.069702148437500 3800000
0.071044921875000 3800036
0.070495605468750 3799927
0.067871093750000 3800000
0.069946289062500 3798897
0.067565917968750 3794184
0.069396972656250 3800000
0.068725585937500 3800000
0.000000000000000 3800000
0.069641113281250 3800000
0.070800781250000 3793131
0.068542480468750 3800000
0.070373535156250 3800000
0.070495605468750 3796924
0.070495605468750 3800000
0.065979003906250 3800000
0.069946289062500 3800000
0.072021484375000 3800000
0.069091796875000 3800000
0.069091796875000 3799927
0.067687988281250 3800072
0.000000000000000 3800000
0.069580078125000 3800000
0.070617675781250 3800000
0.070678710937500 3800000
0.067687988281250 3800036
0.069885253906250 3800000
0.061157226562500 3799963
0.069702148437500 3793968
0.070495605468750 3788422
0.068054199218750 3800000
0.061584472656250 3800000
0.068420410156250 3800000
0.070129394531250 3800000
0.069702148437500 3800000
0.070373535156250 3800000
0.000000000000000 3783931
0.071044921875000 3795085
0.069396972656250 3800036
0.069519042968750 3799963
0.068115234375000 3799963
0.070922851562500 3740202
0.069824218750000 3800000
0.071044921875000 3800000
0.071350097656250 3800000
0.071044921875000 3800000
0.061279296875000 3800000
0.068603515625000 3799963
0.071350097656250 3800000
0.066894531250000 3800036
0.000000000000000 3798515
0.071472167968750 3800000
0.070434570312500 3800000
0.068054199218750 3800036
0.069519042968750 3799963
0.069763183593750 3800036
0.069885253906250 3789460
0.070068359375000 3800036
0.071044921875000 3799963
0.061401367187500 3799891
0.069030761718750 3800108
0.070007324218750 3800000
0.068420410156250 3800000
0.070678710937500 3800000
0.066955566406250 3800000
0.000000000000000 3800000
0.069702148437500 3800036
0.066284179687500 3799963
0.069702148437500 3800000
0.069396972656250 3800000
0.067871093750000 3800000
0.061157226562500 3800000
0.068969726562500 3800000
0.068725585937500 3800000
0.068176269531250 3799963
0.072021484375000 3800036
0.070251464843750 3800000
0.068115234375000 3800000
0.068420410156250 3800000
0.069213867187500 3799963
0.000000000000000 3800036
0.072509765625000 3799963
0.070495605468750 3800036
0.071105957031250 3800000
0.070861816406250 3800000
0.069519042968750 3799963
0.061645507812500 3800036
0.068115234375000 3800000
0.069946289062500 3799963
0.068176269531250 3799963
0.062133789062500 3800072
0.070190429687500 3800000
0.069091796875000 3800000
0.070678710937500 3800000
0.069641113281250 3800036
0.000000000000000 3799963
0.070739746093750 3800000
0.066467285156250 3799927
0.069885253906250 3800072
0.068664550781250 3800000
0.070495605468750 3800000
0.071105957031250 3800000
0.068603515625000 3800000
0.069824218750000 3800000
0.068847656250000 3800036
0.061950683593750 3799927
0.069030761718750 3789619
0.070068359375000 3796621
0.069946289062500 3800000
0.000000000000000 3800000
0.074279785156250 3800000
0.069213867187500 3783832
0.068115234375000 3783333
0.071228027343750 3798064
0.067993164062500 3800000
0.070129394531250 3787497
0.068115234375000 3795463
0.070068359375000 3800000
0.071655273437500 3786091
0.068542480468750 3785768
0.069763183593750 3787998
0.067871093750000 3797748
0.069213867187500 3800000
0.000000000000000 3800000
0.069763183593750 3800000
0.061950683593750 3786056
0.072448730468750 3783297
0.069763183593750 3795803
0.068969726562500 3800000
0.071044921875000 3796715
0.069702148437500 3788578
0.068664550781250 3800000
0.071228027343750 3794374
0.070495605468750 3790539
0.070068359375000 3791269
0.068176269531250 3800000
0.000000000000000 3800000
0.069763183593750 3800000
0.068908691406250 3798753
0.070007324218750 3800036
0.070129394531250 3790122
0.069274902343750 3792154
0.067260742187500 3800000
0.069946289062500 3800000
0.070129394531250 3800000
0.070251464843750 3800000
0.068115234375000 3800000
0.069152832031250 3800000
0.071166992187500 3800000
0.068725585937500 3799963
0.000000000000000 3800000
0.068908691406250 3800036
0.072326660156250 3800000
0.069641113281250 3800000
0.072021484375000 3796745
0.069152832031250 3803221
0.071228027343750 3800036
0.067993164062500 3800036
0.071777343750000 3799963
0.068298339843750 3800000
0.068481445312500 3800000
0.068359375000000 3800000
0.000000000000000 3800000
0.069335937500000 3800000
0.072448730468750 3800000
0.069824218750000 3800000
0.069152832031250 3800000
0.067749023437500 3800000
0.072509765625000 3800000
0.068664550781250 3800000
0.068969726562500 3799963
0.071166992187500 3800036
0.067993164062500 3800000
0.061462402343750 3800000
0.070251464843750 3800000
0.067932128906250 3800000
0.000000000000000 3800000
0.069152832031250 3800000
0.071289062500000 3800000
0.069824218750000 3800000
0.070800781250000 3800000
0.070556640625000 3799927
0.067565917968750 3800072
0.071228027343750 3786860
0.069458007812500 3799261
0.070068359375000 3796559
0.067687988281250 3796583
0.072265625000000 3800000
0.000000000000000 3800000
0.071655273437500 3788353
0.067810058593750 3799963
0.069030761718750 3793173
0.067199707031250 3799927
0.073730468750000 3788616
0.068542480468750 3786763
0.070556640625000 3800000
0.068664550781250 3797753
0.069274902343750 3799963
0.069213867187500 3800036
0.067504882812500 3798587
0.070861816406250 3793418
0.000000000000000 3795025
0.069702148437500 3783335
0.070190429687500 3795249
0.069152832031250 3790259
0.068603515625000 3783370
0.069885253906250 3783330
0.071105957031250 3793021
0.071044921875000 3800000
0.067199707031250 3800000
0.072631835937500 3790329
0.069396972656250 3789314
0.071533203125000 3790721
0.000000000000000 3786852
0.071166992187500 3787097
0.068969726562500 3792842
0.070495605468750 3791572
0.073608398437500 3786618
0.068237304687500 3791535
0.070617675781250 3800072
0.066772460937500 3799963
0.062561035156250 3800000
0.069580078125000 3791879
0.071105957031250 3794655
0.068664550781250 3783367
0.069885253906250 3784863
0.000000000000000 3793107
0.071533203125000 3796372
0.068786621093750 3792945
0.070922851562500 3800000
0.069274902343750 3800000
0.070312500000000 3793958
0.069030761718750 3790352
0.070556640625000 3783368
0.071594238281250 3797475
0.068969726562500 3800000
0.070739746093750 3800000
0.069091796875000 3800000
0.069641113281250 3800000
0.000000000000000 3788911
0.067749023437500 3800000
0.070007324218750 3789761
0.069641113281250 3794425
0.069030761718750 3799745
0.068847656250000 3794810
0.068969726562500 3794607
0.069946289062500 3796580
0.066894531250000 3794914
0.069641113281250 3794561
0.070190429687500 3791502
0.067687988281250 3800036
0.071289062500000 3789540
0.067687988281250 3791328
0.000000000000000 3791346
0.069824218750000 3800000
0.067138671875000 3800000
0.071594238281250 3800000
0.070129394531250 3793110
0.069763183593750 3800000
0.069763183593750 3799963
0.067504882812500 3800036
0.071411132812500 3800000
0.067932128906250 3796456
0.069458007812500 3794087
0.071472167968750 3788028
0.000000000000000 3800000
0.071472167968750 3800036
0.070800781250000 3799927
0.066894531250000 3800036
0.070251464843750 3800000
0.066589355468750 3800000
0.072265625000000 3800000
0.070556640625000 3800000
0.067321777343750 3800036
0.069824218750000 3799963
0.069274902343750 3800000
0.069335937500000 3800000
0.071594238281250 3800000
0.000000000000000 3789732
0.069824218750000 3799891
0.070617675781250 3800144
0.070983886718750 3799963
0.070922851562500 3800000
0.068420410156250 3800000
0.071472167968750 3800000
0.068542480468750 3785477
0.067871093750000 3794590
0.071655273437500 3783333
0.069213867187500 3782127
0.069946289062500 3791645
0.000000000000000 3800000
0.070800781250000 3800000
0.069702148437500 3788063
0.070800781250000 3785937
0.070251464843750 3785858
0.061645507812500 3800000
0.068969726562500 3799891
0.070922851562500 3800108
0.066894531250000 3800000
0.070495605468750 3798458
0.069152832031250 3794611
0.062377929687500 3800000
0.070800781250000 3793754
0.070983886718750 3783367
0.071655273437500 3787680
0.067504882812500 3799963
0.000000000000000 3800036
0.070495605468750 3787409
0.068237304687500 3791536
0.069702148437500 3800000
0.069519042968750 3800000
0.070373535156250 3800000
0.068420410156250 3800000
0.070068359375000 3800036
0.061340332031250 3797606
0.071533203125000 3788444
0.061462402343750 3800036
0.068847656250000 3799963
0.072204589843750 3800036
0.070373535156250 3792422
0.000000000000000 3797229
0.071838378906250 3796244
0.071105957031250 3800036
0.067932128906250 3799963
0.069091796875000 3800000
0.068298339843750 3799963
0.070800781250000 3800036
0.068725585937500 3800000
0.070190429687500 3800000
0.072509765625000 3800000
0.068664550781250 3800000
0.068115234375000 3800036
0.067687988281250 3799927
0.000000000000000 3800036
0.069824218750000 3789637
0.069702148437500 3800000
0.069396972656250 3800000
0.069702148437500 3800000
0.071350097656250 3792863
0.062011718750000 3783294
0.067871093750000 3783369
0.069335937500000 3795933
0.067016601562500 3800000
0.071472167968750 3800000
0.072814941406250 3800000
0.068176269531250 3800000
0.072082519531250 3800000
0.000000000000000 3800000
0.069152832031250 3792834
0.071716308593750 3796619
0.069030761718750 3800000
0.071899414062500 3800000
0.069519042968750 3800000
0.068115234375000 3800000
0.070251464843750 3800000
0.067810058593750 3799963
0.068420410156250 3800036
0.067565917968750 3800000
0.068542480468750 3800000
0.070373535156250 3793077
0.067687988281250 3799963
0.000000000000000 3800036
0.070495605468750 3800000
0.072021484375000 3800000
0.063537597656250 3800000
0.066833496093750 3800000
0.070678710937500 3800000
0.068969726562500 3800000
0.071472167968750 3800000
0.070617675781250 3800000
0.068786621093750 3800000
0.069396972656250 3800000
0.070312500000000 3800000
0.061279296875000 3799927
0.067443847656250 3800072
0.067565917968750 3800000
0.000000000000000 3800000
0.071472167968750 3800000
0.070373535156250 3800000
0.070922851562500 3800000
0.067626953125000 3800000
0.072509765625000 3800000
0.070251464843750 3800000
0.062561035156250 3799963
0.069824218750000 3800036
0.068298339843750 3800000
0.069641113281250 3800000
0.069458007812500 3800000
0.069519042968750 3800000
0.068298339843750 3800000
0.000000000000000 3800000
0.069335937500000 3800000
0.068481445312500 3800000
0.073852539062500 3800000
0.070617675781250 3800000
0.068542480468750 3800000
0.069763183593750 3800000
0.071594238281250 3800000
0.069763183593750 3800000
0.071350097656250 3800000
0.068542480468750 3800000
0.070983886718750 3800000
0.061828613281250 3800000
0.000000000000000 3800000
0.070678710937500 3800000
0.067810058593750 3800000
0.071472167968750 3800000
0.070617675781250 3800000
0.069152832031250 3800000
0.070922851562500 3800000
0.070373535156250 3800000
0.070800781250000 3800000
0.069519042968750 3800000
0.068542480468750 3800000
0.068908691406250 3800000
0.000000000000000 3800000
0.070068359375000 3800000
0.069824218750000 3800036
0.068176269531250 3800000
0.070678710937500 3799963
0.069702148437500 3800036
0.071044921875000 3799963
0.061157226562500 3800000
0.070495605468750 3800000
0.070068359375000 3800000
0.069030761718750 3800000
0.070983886718750 3799963
0.068176269531250 3800036
0.070556640625000 3800036
0.000000000000000 3799963
0.069030761718750 3800000
0.070922851562500 3799963
0.071716308593750 3800036
0.068664550781250 3800000
0.068969726562500 3800000
0.067687988281250 3800000
0.070678710937500 3800000
0.070678710937500 3800000
0.069946289062500 3800000
0.069274902343750 3800036
0.071594238281250 3799963
0.000000000000000 3800000
0.070800781250000 3800000
0.068359375000000 3800000
0.071777343750000 3800000
0.068664550781250 3800000
0.070129394531250 3799963
0.068969726562500 3800036
0.067260742187500 3800000
0.071166992187500 3800000
0.070068359375000 3800000
0.061279296875000 3800000
0.069946289062500 3800000
0.071350097656250 3800000
0.072082519531250 3800000
0.000000000000000 3800000
0.069946289062500 3800000
0.069152832031250 3800000
0.068420410156250 3800000
0.071228027343750 3800000
0.068847656250000 3800000
0.069763183593750 3800000
0.070068359375000 3800000
0.069885253906250 3800000
0.070678710937500 3800000
0.072265625000000 3799963
0.070739746093750 3800036
0.000000000000000 3800000
0.067687988281250 3800000
0.070129394531250 3800000
0.071228027343750 3800000
0.069274902343750 3799963
0.069702148437500 3800000
0.070434570312500 3800036
0.070983886718750 3800000
0.068542480468750 3800000
0.069946289062500 3800036
0.069519042968750 3799963
0.068725585937500 3800000
0.000000000000000 3800000
0.071105957031250 3800000
0.070922851562500 3800000
0.070373535156250 3800000
0.069091796875000 3800036
0.070922851562500 3799963
0.071899414062500 3800000
0.068542480468750 3800000
0.068542480468750 3800036
0.068603515625000 3799963
0.070007324218750 3800000
0.068603515625000 3800036
0.000000000000000 3799963
0.070617675781250 3800000
0.070495605468750 3800000
0.068298339843750 3799963
0.070251464843750 3800036
0.068786621093750 3800000
0.068298339843750 3800000
0.068969726562500 3800000
0.069396972656250 3800000
0.070678710937500 3800000
0.068786621093750 3799963
0.069091796875000 3800036
0.068542480468750 3800000
0.070373535156250 3800000
0.000000000000000 3800000
0.069519042968750 3800000
0.070495605468750 3800000
0.069091796875000 3799963
0.067443847656250 3800000
0.070739746093750 3800036
0.071716308593750 3800000
0.069519042968750 3800000
0.067993164062500 3800000
0.073181152343750 3800000
0.070800781250000 3800000
0.070068359375000 3800000
0.000000000000000 3800000
0.070007324218750 3800000
0.069091796875000 3800000
0.069335937500000 3800000
0.069396972656250 3800000
0.070800781250000 3800000
0.069946289062500 3800000
0.068603515625000 3800000
0.068969726562500 3800000
0.069885253906250 3800000
0.068847656250000 3799963
0.068725585937500 3800036
0.069763183593750 3800000
0.000000000000000 3800000
0.071289062500000 3800000
0.069274902343750 3800000
0.068237304687500 3800000
0.072021484375000 3800000
0.069274902343750 3800000
0.070007324218750 3800036
0.069702148437500 3799963
0.070190429687500 3800000
0.069519042968750 3800000
0.068969726562500 3800000
0.069091796875000 3800000
0.068786621093750 3800000
0.000000000000000 3800000
0.068725585937500 3799963
0.070068359375000 3800036
0.068542480468750 3800000
0.068969726562500 3800000
0.071594238281250 3800000
0.068237304687500 3799927
0.069885253906250 3800072
0.067687988281250 3800000
0.061706542968750 3800000
0.071350097656250 3800000
0.072692871093750 3800036
0.068969726562500 3799963
0.068603515625000 3800000
0.000000000000000 3800000
0.072021484375000 3800000
0.066833496093750 3800000
0.070129394531250 3800000
0.068725585937500 3800000
0.070495605468750 3800036
0.063354492187500 3799963
0.067810058593750 3800000
0.072204589843750 3800036
0.068054199218750 3799963
0.071533203125000 3800036
0.068542480468750 3799963
0.061157226562500 3800000
0.070373535156250 3800000
0.070983886718750 3800000
0.061157226562500 3800000
0.068725585937500 3800000
0.000000000000000 3800000
0.071166992187500 3800000
0.069274902343750 3800000
0.068969726562500 3800000
0.069091796875000 3799963
0.069213867187500 3800036
0.069152832031250 3800000
0.071044921875000 3800000
0.070495605468750 3799963
0.068298339843750 3800036
0.070373535156250 3800000
0.070556640625000 3799963
0.000000000000000 3800036
0.132873535156250 3800036
0.000000000000000 3799963
0.067443847656250 3799927
0.070190429687500 3800108
0.069213867187500 3799963
0.061218261718750 3800000
0.069213867187500 3800000
0.068847656250000 3799963
0.068969726562500 3800000
0.070556640625000 3800036
0.071472167968750 3800000
0.068237304687500 3800000
0.068664550781250 3800000
0.068054199218750 3800000
0.071289062500000 3800036
0.067565917968750 3799963
0.000000000000000 3800000
0.070129394531250 3800000
0.071411132812500 3800000
0.068176269531250 3800000
0.070678710937500 3800000
0.066894531250000 3800000
0.069824218750000 3800000
0.068359375000000 3800000
0.071350097656250 3800000
0.069641113281250 3799963
0.072021484375000 3800036
0.070190429687500 3800000
0.000000000000000 3800000
0.068420410156250 3799963
0.073913574218750 3800036
0.068420410156250 3799963
0.071533203125000 3800036
0.069824218750000 3800000
0.070434570312500 3800000
0.069519042968750 3800000
0.069274902343750 3800000
0.061218261718750 3800000
0.068969726562500 3800036
0.070922851562500 3799963
0.070068359375000 3800000
0.000000000000000 3800000
0.070678710937500 3800000
0.068969726562500 3800000
0.070922851562500 3799963
0.070556640625000 3800036
0.069152832031250 3800000
0.069152832031250 3800000
0.070434570312500 3800000
0.071044921875000 3800000
0.069824218750000 3800000
0.068298339843750 3800000
0.070007324218750 3800000
0.067810058593750 3800000
0.000000000000000 3800000
0.070190429687500 3800000
0.070373535156250 3800000
0.068969726562500 3800000
0.069885253906250 3800000
0.069702148437500 3800000
0.070190429687500 3800000
0.067443847656250 3800000
0.070678710937500 3800000
0.071655273437500 3800000
0.068542480468750 3800000
0.071777343750000 3799963
0.000000000000000 3800036
0.069763183593750 3800000
0.069519042968750 3800000
0.069641113281250 3800000
0.070007324218750 3800000
0.071655273437500 3800000
0.069396972656250 3800000
0.061218261718750 3800000
0.070922851562500 3800000
0.209594726562500 3800000
0.072204589843750 3800000
0.067810058593750 3800000
0.069519042968750 3800000
0.070373535156250 3800000
0.062133789062500 3800000
0.070556640625000 3800000
0.071960449218750 3800000
0.000000000000000 3800000
0.068420410156250 3800000
0.072570800781250 3800000
0.071289062500000 3800000
0.069702148437500 3800000
0.061828613281250 3800000
0.067993164062500 3800000
0.061645507812500 3800000
0.068115234375000 3800036
0.070068359375000 3799963
0.072021484375000 3799963
0.068420410156250 3800036
0.071044921875000 3800000
0.067443847656250 3800000
0.069641113281250 3799927
0.000000000000000 3800072
0.071044921875000 3800000
0.061950683593750 3800000
0.068908691406250 3800000
0.072204589843750 3799927
0.069152832031250 3800072
0.068786621093750 3800000
0.072570800781250 3799963
0.068481445312500 3800036
0.071105957031250 3800000
0.069458007812500 3800000
0.072021484375000 3800000
0.070251464843750 3800000
0.000000000000000 3800000
0.068847656250000 3800000
0.068664550781250 3800000
0.067687988281250 3799963
0.071777343750000 3799963
0.071044921875000 3800072
0.069335937500000 3800000
0.070922851562500 3799927
0.070495605468750 3800036
0.067993164062500 3800000
0.067993164062500 3800000
0.069946289062500 3800036
0.068420410156250 3800000
0.061767578125000 3800000
0.069885253906250 3800000
0.000000000000000 3800000
0.068237304687500 3800000
0.069885253906250 3800000
0.068298339843750 3800000
0.061401367187500 3800000
0.067443847656250 3799963
0.068847656250000 3800036
0.067871093750000 3799963
0.072998046875000 3800036
0.071350097656250 3800000
0.068542480468750 3800000
0.069519042968750 3800000
0.069641113281250 3800000
0.070434570312500 3800000
0.068115234375000 3800000
0.000000000000000 3800000
0.070495605468750 3800000
0.070983886718750 3800000
0.071228027343750 3800000
0.070251464843750 3800000
0.068664550781250 3799927
0.072204589843750 3800036
0.067260742187500 3800036
0.072204589843750 3800000
0.071533203125000 3799963
0.070251464843750 3800036
0.000000000000000 3800036
0.070800781250000 3799963
0.070678710937500 3800000
0.069580078125000 3800000
0.069763183593750 3800036
0.068115234375000 3799963
0.069763183593750 3800000
0.070251464843750 3800000
0.069763183593750 3800000
0.067504882812500 3799963
0.070251464843750 3800036
0.072631835937500 3800000
0.000000000000000 3800000
0.068969726562500 3800000
0.071166992187500 3799963
0.070861816406250 3800036
0.062255859375000 3800000
0.069213867187500 3800000
0.068542480468750 3800000
0.070190429687500 3800000
0.071716308593750 3800000
0.061706542968750 3800000
0.068359375000000 3800000
0.068359375000000 3800000
0.067871093750000 3800000
0.070617675781250 3800000
0.069396972656250 3800000
0.000000000000000 3800000
0.072814941406250 3800000
0.071777343750000 3800000
0.068176269531250 3800000
0.070739746093750 3800000
0.068420410156250 3800000
0.070190429687500 3800000
0.067321777343750 3800000
0.069946289062500 3800000
0.070861816406250 3800000
0.068054199218750 3800000
0.068969726562500 3800000
0.067993164062500 3799927
0.000000000000000 3800072
0.071594238281250 3800036
0.068969726562500 3798921
0.071350097656250 3797598
0.071166992187500 3799727
0.069885253906250 3800000
0.070373535156250 3800000
0.069641113281250 3800000
0.070922851562500 3800000
0.070617675781250 3800000
0.061523437500000 3800000
0.070068359375000 3800000
0.071228027343750 3800000
0.000000000000000 3800000
0.070800781250000 3800000
0.066711425781250 3800000
0.069213867187500 3800000
0.069580078125000 3800000
0.063903808593750 3800000
0.067871093750000 3800000
0.064941406250000 3800000
0.076171875000000 3800000
0.069152832031250 3799963
0.067565917968750 3800036
0.068054199218750 3800000
0.072509765625000 3800000
0.069152832031250 3800000
0.068359375000000 3800000
0.000000000000000 3800000
0.068969726562500 3800000
0.062255859375000 3800036
0.065856933593750 3799963
0.072448730468750 3800000
0.068542480468750 3800000
0.062744140625000 3800000
0.063232421875000 3800000
0.073303222656250 3800000
0.067443847656250 3800000
0.078674316406250 3800000
0.068969726562500 3800000
0.070495605468750 3800000
0.069946289062500 3800000
0.062927246093750 3800000
0.068420410156250 3800000
0.000000000000000 3800000
0.071533203125000 3800000
0.070617675781250 3800000
0.070800781250000 3800000
0.070373535156250 3800000
0.069091796875000 3800000
0.069213867187500 3800000
0.070251464843750 3800000
0.069274902343750 3800000
0.068908691406250 3800000
0.070190429687500 3800000
0.071289062500000 3799963
0.000000000000000 3800036
0.068115234375000 3800036
0.069702148437500 3799927
0.068664550781250 3800036
0.070739746093750 3800000
0.071899414062500 3800000
0.069396972656250 3799927
0.070129394531250 3800072
0.069946289062500 3800000
0.069641113281250 3800036
0.070068359375000 3799963
0.069824218750000 3800000
0.000000000000000 3800000
0.070556640625000 3800000
0.067443847656250 3800000
0.069396972656250 3799963
0.068542480468750 3800036
0.069580078125000 3800000
0.068908691406250 3800000
0.068664550781250 3800000
0.073181152343750 3800000
0.068115234375000 3800000
0.070190429687500 3793439
0.071044921875000 3794384
0.070312500000000 3798298
0.068176269531250 3799963
0.000000000000000 3800000
0.068603515625000 3800000
0.070739746093750 3800000
0.067687988281250 3799963
0.070434570312500 3800036
0.067443847656250 3783673
0.071472167968750 3792035
0.067932128906250 3799927
0.069824218750000 3793216
0.073547363281250 3796361
0.069519042968750 3800000
0.062072753906250 3800000
0.068359375000000 3800000
0.070251464843750 3800036
0.000000000000000 3799963
0.072631835937500 3800000
0.064331054687500 3800000
0.062255859375000 3789648
0.065490722656250 3799963
0.061828613281250 3800036
0.061645507812500 3797034
0.071777343750000 3783333
0.070556640625000 3787883
0.068908691406250 3799963
0.069091796875000 3800036
0.070495605468750 3799963
0.061523437500000 3800036
0.069885253906250 3799963
0.067749023437500 3800072
0.071166992187500 3799963
0.071350097656250 3800036
0.069580078125000 3799963
0.069458007812500 3800000
0.000000000000000 3799963
0.068603515625000 3800036
0.071228027343750 3800000
0.061462402343750 3800000
0.070373535156250 3800000
0.072082519531250 3800000
0.069274902343750 3800000
0.070251464843750 3799963
0.070007324218750 3800036
0.070495605468750 3800000
0.067077636718750 3800000
0.069824218750000 3800000
0.073181152343750 3800036
0.000000000000000 3800000
0.068847656250000 3799963
0.071105957031250 3800000
0.070007324218750 3800000
0.071350097656250 3800000
0.067810058593750 3800000
0.072265625000000 3799963
0.069091796875000 3800036
0.068969726562500 3800000
0.070190429687500 3800000
0.068420410156250 3800000
0.068725585937500 3800000
0.067932128906250 3800000
0.000000000000000 3800000
0.072998046875000 3800000
0.068847656250000 3800036
0.068969726562500 3799927
0.071289062500000 3800036
0.070800781250000 3800000
0.069763183593750 3800000
0.070251464843750 3800000
0.070068359375000 3800000
0.071105957031250 3800000
0.068603515625000 3800000
0.000000000000000 3800000
0.071350097656250 3800000
0.070068359375000 3800000
0.069885253906250 3800000
0.071105957031250 3786135
0.069152832031250 3792842
0.070373535156250 3800000
0.069030761718750 3800000
0.068542480468750 3799451
0.070251464843750 3793587
0.061462402343750 3800000
0.069641113281250 3800000
0.070251464843750 3800000
0.000000000000000 3800000
0.072875976562500 3800000
0.068847656250000 3800000
0.070800781250000 3800000
0.067871093750000 3800000
0.069396972656250 3800000
0.069824218750000 3800000
0.069458007812500 3800000
0.070068359375000 3800000
0.068542480468750 3800000
0.072631835937500 3800000
0.067810058593750 3799963
0.070800781250000 3789701
0.067443847656250 3797083
0.000000000000000 3800000
0.071472167968750 3786930
0.061401367187500 3788539
0.068237304687500 3799963
0.071899414062500 3800000
0.070373535156250 3800000
0.069824218750000 3799963
0.071166992187500 3800036
0.061584472656250 3800000
0.069458007812500 3800000
0.061279296875000 3800000
0.071044921875000 3800000
0.068542480468750 3800000
0.071289062500000 3799963
0.069274902343750 3800036
0.070556640625000 3800000
0.000000000000000 3800000
0.071105957031250 3800000
0.071716308593750 3800000
0.067749023437500 3799963
0.070495605468750 3800036
0.069824218750000 3800000
0.067749023437500 3800000
0.072631835937500 3799963
0.069091796875000 3800036
0.071533203125000 3800000
0.070556640625000 3800000
0.000000000000000 3793747
0.068908691406250 3799408
0.068969726562500 3799782
0.068542480468750 3789677
0.071594238281250 3800000
0.067871093750000 3800000
0.070678710937500 3800000
0.068237304687500 3800000
0.068969726562500 3800000
0.061706542968750 3800000
0.068908691406250 3800000
0.071044921875000 3800000
0.069091796875000 3800000
0.071472167968750 3800000
0.000000000000000 3800000
0.071655273437500 3800000
0.068664550781250 3800000
0.068847656250000 3800000
0.069824218750000 3800000
0.069946289062500 3800000
0.069335937500000 3800000
0.070739746093750 3800000
0.072082519531250 3798917
0.069641113281250 3797766
0.069763183593750 3800000
0.068847656250000 3800000
0.070007324218750 3800000
0.000000000000000 3800000
0.069885253906250 3796997
0.071472167968750 3800000
0.071899414062500 3796589
0.067749023437500 3798334
0.069702148437500 3799963
0.071533203125000 3800036
0.069519042968750 3800000
0.068481445312500 3799927
0.072143554687500 3800072
0.068298339843750 3800000
0.070373535156250 3800000
0.000000000000000 3800000
0.070678710937500 3800000
0.067565917968750 3800000
0.070373535156250 3800000
0.062561035156250 3800000
0.070312500000000 3800000
0.070190429687500 3796601
0.068969726562500 3800000
0.069641113281250 3788340
0.068969726562500 3790665
0.069152832031250 3800000
0.067871093750000 3789635
0.069824218750000 3800000
0.072814941406250 3796767
0.000000000000000 3786902
0.069702148437500 3795573
0.068725585937500 3800036
0.067260742187500 3789604
0.069824218750000 3800072
0.070068359375000 3795173
0.068725585937500 3797885
0.069213867187500 3800036
0.061523437500000 3800000
0.071350097656250 3799963
0.070373535156250 3792762
0.069335937500000 3793254
0.067443847656250 3800000
0.070190429687500 3800000
0.069396972656250 3800000
0.061462402343750 3796769
0.000000000000000 3796065
0.072082519531250 3795092
0.068664550781250 3794348
0.070251464843750 3800000
0.068725585937500 3800000
0.070922851562500 3800000
0.070068359375000 3800000
0.068359375000000 3798159
0.072082519531250 3800036
0.068237304687500 3800000
0.069213867187500 3800000
0.067871093750000 3800000
0.072509765625000 3800000
0.000000000000000 3800000
0.068359375000000 3800000
0.071350097656250 3800000
0.069030761718750 3790381
0.069213867187500 3791740
0.068969726562500 3800000
0.068969726562500 3800000
0.070617675781250 3800000
0.067321777343750 3792080
0.061706542968750 3783332
0.067687988281250 3795829
0.070800781250000 3800000
0.073242187500000 3800000
0.068237304687500 3800000
0.000000000000000 3800000
0.071105957031250 3800000
0.068969726562500 3800000
0.070861816406250 3800000
0.067810058593750 3800000
0.069641113281250 3799963
0.070068359375000 3800036
0.067565917968750 3800000
0.069519042968750 3800000
0.068664550781250 3799963
0.070007324218750 3800036
0.071228027343750 3784718
0.061645507812500 3783330
0.067016601562500 3796677
0.070434570312500 3799963
0.000000000000000 3799614
0.069091796875000 3797011
0.068359375000000 3800000
0.070678710937500 3800000
0.068603515625000 3800000
0.062133789062500 3800000
0.068603515625000 3800036
0.073181152343750 3799927
0.070800781250000 3800036
0.067565917968750 3800036
0.070251464843750 3799963
0.069458007812500 3799963
0.068969726562500 3800036
0.068969726562500 3796378
0.000000000000000 3800000
0.071044921875000 3800000
0.069824218750000 3800000
0.070190429687500 3800000
0.068115234375000 3800000
0.068847656250000 3800000
0.070312500000000 3800000
0.068481445312500 3797229
0.069885253906250 3790590
0.072204589843750 3800036
0.071472167968750 3799963
0.071105957031250 3800037
0.000000000000000 3799963
0.068054199218750 3800000
0.069702148437500 3800000
0.067016601562500 3800000
0.062011718750000 3800000
0.068115234375000 3800000
0.071838378906250 3800000
0.069091796875000 3792825
0.069213867187500 3800000
0.069824218750000 3796366
0.067260742187500 3800000
0.069152832031250 3800036
0.066711425781250 3793023
0.070129394531250 3783330
0.070800781250000 3783334
0.000000000000000 3787448
0.070617675781250 3800036
0.071166992187500 3800036
0.070129394531250 3800000
0.068786621093750 3799963
0.067260742187500 3790795
0.069519042968750 3798781
0.069091796875000 3800000
0.071838378906250 3799963
0.070739746093750 3800036
0.068908691406250 3800000
0.068664550781250 3800000
0.068908691406250 3800000
0.000000000000000 3799963
0.070678710937500 3800000
0.069580078125000 3800036
0.067687988281250 3800000
0.071350097656250 3799963
0.061706542968750 3800036
0.070678710937500 3800036
0.068298339843750 3799963
0.069274902343750 3800000
0.067993164062500 3797657
0.071350097656250 3795168
0.061157226562500 3796387
0.070434570312500 3783330
0.071655273437500 3784903
0.069091796875000 3799963
0.069946289062500 3800036
0.000000000000000 3800000
0.068664550781250 3800000
0.070678710937500 3800000
0.069091796875000 3800000
0.069519042968750 3800000
0.069885253906250 3800000
0.068603515625000 3800000
0.069152832031250 3789468
0.071289062500000 3796679
0.071166992187500 3800000
0.070800781250000 3796597
0.067443847656250 3800000
0.069396972656250 3797627
0.000000000000000 3795440
0.071533203125000 3800072
0.070190429687500 3800000
0.067810058593750 3799963
0.070068359375000 3797086
0.071777343750000 3797569
0.068786621093750 3800000
0.070617675781250 3791233
0.068725585937500 3789817
0.070922851562500 3793129
0.070129394531250 3789486
0.069824218750000 3792932
0.000000000000000 3800000
0.070068359375000 3800000
0.066833496093750 3800000
0.070129394531250 3799963
0.071350097656250 3800036
0.072509765625000 3800000
0.068359375000000 3791767
0.070556640625000 3783358
0.070739746093750 3800036
0.069641113281250 3799963
0.070312500000000 3800000
0.069519042968750 3800000
0.000000000000000 3799963
0.071411132812500 3800036
0.069396972656250 3800000
0.067321777343750 3800000
0.070495605468750 3800000
0.069274902343750 3800000
0.070800781250000 3800036
0.067810058593750 3799927
0.070800781250000 3800036
0.068054199218750 3800000
0.062438964843750 3800036
0.072326660156250 3799963
0.067260742187500 3800000
0.071533203125000 3800000
0.000000000000000 3799963
0.067749023437500 3796974
0.073425292968750 3786522
0.071105957031250 3797478
0.072937011718750 3797698
0.070556640625000 3797090
0.070678710937500 3794556
0.069885253906250 3791655
0.068847656250000 3789095
0.069152832031250 3792125
0.070007324218750 3791848
0.000000000000000 3800036
0.071044921875000 3795799
0.071594238281250 3788640
0.067260742187500 3800000
0.070434570312500 3800000
0.067993164062500 3796595
0.069641113281250 3798254
0.068664550781250 3800000
0.071899414062500 3796571
0.071105957031250 3799963
0.066955566406250 3800036
0.070434570312500 3800000
0.067260742187500 3799891
0.000000000000000 3800108
0.069946289062500 3800000
0.069580078125000 3800000
0.072204589843750 3799480
0.069702148437500 3792595
0.067749023437500 3795074
0.070922851562500 3790911
0.069519042968750 3800000
0.070739746093750 3800000
0.071044921875000 3800000
0.067687988281250 3799963
0.070434570312500 3800036
0.069152832031250 3800000
0.000000000000000 3796602
0.068847656250000 3792156
0.068298339843750 3796685
0.068542480468750 3791285
0.061401367187500 3794937
0.068725585937500 3800036
0.073120117187500 3800000
0.068847656250000 3800000
0.061462402343750 3799927
0.066894531250000 3800072
0.071655273437500 3800000
0.068542480468750 3800000
0.069396972656250 3800000
0.069152832031250 3800000
0.068786621093750 3800000
0.070800781250000 3800000
0.000000000000000 3800000
0.069030761718750 3799927
0.072631835937500 3800072
0.068237304687500 3800000
0.067993164062500 3799963
0.070251464843750 3800036
0.069458007812500 3800000
0.062622070312500 3800000
0.067443847656250 3800000
0.071594238281250 3799963
0.069152832031250 3800036
0.072448730468750 3800000
0.069702148437500 3800000
0.069702148437500 3800000
0.000000000000000 3800000
0.069152832031250 3800000
0.068420410156250 3800000
0.061706542968750 3800000
0.069458007812500 3796186
0.069763183593750 3800000
0.068664550781250 3800000
0.073181152343750 3800000
0.069091796875000 3800000
0.070922851562500 3799962
0.070312500000000 3800036
0.069458007812500 3800000
0.061340332031250 3800000
0.070800781250000 3800036
0.000000000000000 3799963
0.071777343750000 3800000
0.069946289062500 3800000
0.071716308593750 3800000
0.069458007812500 3800000
0.070434570312500 3800000
0.070373535156250 3800000
0.067443847656250 3800000
0.061584472656250 3800000
0.068725585937500 3800000
0.070129394531250 3800000
0.072570800781250 3800000
0.069702148437500 3800000
0.069824218750000 3800000
0.000000000000000 3800000
0.130187988281250 3800000
0.000000000000000 3896190
0.074707031250000 3999961
0.069580078125000 4000076
0.076293945312500 4000000
0.079223632812500 4000000
0.077087402343750 4000000
0.075317382812500 3999961
0.077880859375000 4000038
0.075866699218750 4000000
0.078002929687500 4000000
0.076416015625000 4000000
0.067504882812500 3999923
0.075988769531250 4000076
0.067443847656250 4000000
0.079467773437500 3999961
0.077880859375000 3999961
0.000000000000000 4000076
0.076660156250000 4000000
0.075317382812500 3999961
0.076232910156250 4000038
0.077087402343750 3999923
0.069396972656250 4000038
0.073303222656250 4000038
0.078552246093750 3999961
0.078796386718750 4000038
0.074401855468750 4000000
0.077392578125000 4000000
0.075988769531250 4000000
0.075317382812500 4000000
0.077697753906250 4000000
0.000000000000000 4000000
0.075988769531250 4000000
0.077026367187500 4000000
0.072875976562500 3999961
0.076293945312500 4000038
0.076721191406250 4000000
0.075988769531250 4000000
0.077819824218750 4000000
0.076110839843750 3999961
0.078002929687500 4000000
0.077575683593750 4000000
0.074401855468750 4000038
0.000000000000000 4000000
0.073974609375000 4000000
0.074279785156250 4000000
0.075988769531250 4000000
0.077026367187500 4000000
0.077209472656250 4000000
0.075256347656250 3999961
0.076293945312500 4000000
0.076599121093750 4000038
0.074951171875000 3999961
0.077270507812500 4000000
0.076477050781250 4000000
0.000000000000000 4000038
0.078063964843750 4000000
0.076965332031250 4000000
0.076232910156250 4000000
0.074279785156250 4000000
0.075805664062500 4000000
0.079467773437500 4000000
0.075683593750000 4000000
0.075683593750000 4000000
0.075439453125000 4000000
0.076599121093750 3999961
0.076477050781250 4000038
0.000000000000000 4000000
0.076416015625000 4000000
0.078796386718750 4000000
0.077026367187500 4000000
0.075988769531250 4000000
0.075378417968750 3999961
0.075683593750000 4000038
0.073608398437500 4000000
0.078125000000000 4000000
0.067687988281250 4000000
0.074279785156250 4000000
0.076965332031250 4000000
0.073913574218750 4000000
0.068237304687500 4000000
0.074707031250000 3999961
0.000000000000000 4000038
0.078063964843750 4000000
0.075439453125000 3999923
0.075317382812500 4000076
0.077087402343750 3999961
0.075256347656250 4000038
0.067993164062500 4000000
0.075683593750000 4000000
0.076721191406250 4000000
0.077941894531250 4000000
0.077819824218750 3999961
0.076538085937500 4000000
0.074340820312500 4000038
0.000000000000000 4000000
0.077026367187500 4000000
0.074768066406250 3999961
0.077026367187500 4000039
0.074218750000000 4000000
0.076660156250000 3999885
0.078735351562500 4000076
0.074279785156250 4000038
0.076354980468750 4000000
0.075256347656250 3999961
0.077880859375000 4000038
0.073852539062500 4000000
0.000000000000000 3999961
0.077087402343750 4000038
0.078674316406250 4000000
0.078002929687500 4000000
0.076965332031250 4000000
0.074401855468750 3999961
0.076904296875000 4000038
0.073852539062500 4000000
0.078063964843750 4000000
0.076904296875000 4000000
0.076110839843750 4000000
0.000000000000000 3999960
0.076538085937500 4000000
0.074707031250000 4000038
0.077819824218750 4000000
0.074279785156250 4000000
0.076538085937500 4000000
0.077758789062500 4000000
0.074951171875000 4000000
0.075805664062500 3999961
0.074157714843750 4000038
0.076965332031250 4000000
0.075256347656250 4000000
0.066833496093750 4000000
0.076965332031250 4000000
0.073913574218750 4000000
0.000000000000000 3999961
0.077026367187500 4000038
0.076843261718750 4000000
0.076660156250000 3999961
0.075561523437500 4000038
0.066711425781250 4000000
0.074768066406250 4000038
0.066955566406250 3999961
0.077941894531250 3999961
0.074279785156250 4000038
0.076110839843750 4000000
0.076538085937500 4000000
0.074401855468750 4000000
0.075256347656250 3999961
0.075317382812500 4000038
0.000000000000000 3999961
0.077758789062500 4000038
0.075439453125000 4000000
0.067382812500000 4000000
0.074218750000000 4000000
0.075988769531250 4000000
0.075927734375000 4000000
0.076965332031250 4000000
0.076477050781250 4000000
0.076782226562500 4000000
0.075561523437500 4000000
0.075683593750000 4000000
0.075561523437500 4000000
0.077392578125000 4000000
0.000000000000000 3999961
0.077880859375000 4000038
0.074890136718750 4000000
0.078308105468750 3999923
0.076049804687500 4000076
0.074096679687500 4000000
0.075195312500000 4000000
0.076660156250000 4000000
0.075866699218750 3999923
0.075866699218750 4000076
0.076477050781250 4000000
0.076538085937500 4000000
0.075256347656250 4000000
0.000000000000000 4000000
0.075134277343750 4000000
0.074523925781250 4000000
0.078125000000000 3999961
0.076110839843750 4000038
0.077697753906250 4000000
0.077270507812500 4000000
0.075744628906250 4000000
0.074951171875000 3999961
0.075439453125000 4000038
0.077575683593750 4000000
0.077026367187500 4000000
0.000000000000000 4000000
0.076599121093750 3999961
0.076538085937500 4000038
0.075744628906250 4000000
0.076843261718750 3999961
0.076293945312500 4000038
0.077392578125000 4000000
0.079711914062500 4000000
0.077514648437500 4000000
0.076416015625000 4000000
0.073730468750000 4000000
0.000000000000000 4000000
0.076171875000000 3999961
0.074707031250000 4000038
0.076965332031250 3999961
0.076171875000000 4000038
0.077697753906250 4000000
0.075866699218750 4000000
0.074401855468750 3999961
0.072570800781250 3791260
0.071350097656250 3783297
0.061950683593750 3798336
0.070312500000000 3800000
0.071533203125000 3800000
0.061828613281250 3792995
0.067993164062500 3792837
0.061523437500000 3791454
0.067810058593750 3800000
0.000000000000000 3799927
0.068420410156250 3800072
0.069946289062500 3800000
0.070800781250000 3800000
0.068176269531250 3800000
0.071838378906250 3800000
0.069946289062500 3800000
0.068237304687500 3800000
0.071105957031250 3800000
0.068786621093750 3787723
0.068664550781250 3800000
0.068298339843750 3788907
0.061767578125000 3800000
0.069885253906250 3794505
0.000000000000000 3793671
0.069152832031250 3788909
0.069030761718750 3792461
0.069458007812500 3797318
0.070495605468750 3800000
0.066833496093750 3800000
0.070556640625000 3797866
0.068603515625000 3799592
0.071655273437500 3783370
0.069946289062500 3783752
0.069458007812500 3800000
0.069946289062500 3792344
0.069885253906250 3786873
0.000000000000000 3791846
0.070739746093750 3800000
0.070861816406250 3797481
0.067993164062500 3796890
0.069213867187500 3795805
0.073120117187500 3783331
0.068359375000000 3783336
0.068725585937500 3783330
0.069458007812500 3797969
0.069396972656250 3800000
0.069458007812500 3784155
0.070007324218750 3784601
0.000000000000000 3800000
0.071777343750000 3800000
0.069763183593750 3796509
0.069946289062500 3799963
0.068054199218750 3799963
0.072326660156250 3800036
0.068969726562500 3800000
0.070739746093750 3800000
0.070068359375000 3800000
0.071289062500000 3800000
0.067199707031250 3800000
0.071228027343750 3800000
0.000000000000000 3800000
0.072570800781250 3800000
0.068847656250000 3800000
0.068969726562500 3800000
0.068481445312500 3797394
0.069946289062500 3799509
0.068664550781250 3800000
0.070434570312500 3800000
0.071228027343750 3800000
0.068176269531250 3793683
0.069885253906250 3800000
0.068176269531250 3800036
0.071777343750000 3800000
0.000000000000000 3799963
0.068115234375000 3800000
0.070129394531250 3788756
0.072021484375000 3799963
0.067565917968750 3797723
0.068847656250000 3799963
0.068359375000000 3800036
0.070556640625000 3796821
0.068542480468750 3799221
0.069091796875000 3797515
0.070678710937500 3799344
0.068420410156250 3783330
0.070556640625000 3786848
0.069458007812500 3790381
0.000000000000000 3783292
0.069702148437500 3798877
0.067932128906250 3788752
0.062255859375000 3783331
0.069885253906250 3793921
0.069763183593750 3799286
0.069091796875000 3795807
0.068481445312500 3787932
0.061401367187500 3800000
0.068481445312500 3788184
0.070922851562500 3794101
0.068298339843750 3798341
0.071899414062500 3788438
0.069824218750000 3795485
0.069702148437500 3799679
0.000000000000000 3789268
0.070251464843750 3795127
0.069396972656250 3786331
0.071044921875000 3796168
0.067810058593750 3800000
0.068298339843750 3800000
0.068786621093750 3800000
0.072326660156250 3800000
0.069274902343750 3800000
0.068664550781250 3800000
0.069946289062500 3800000
0.069213867187500 3800000
0.071166992187500 3799963
0.000000000000000 3800036
0.067260742187500 3800000
0.071594238281250 3800000
0.072082519531250 3800000
0.069641113281250 3792690
0.070434570312500 3799583
0.068542480468750 3799963
0.070495605468750 3800036
0.069824218750000 3800000
0.069213867187500 3800000
0.069824218750000 3800000
0.068115234375000 3800000
0.000000000000000 3800000
0.070129394531250 3800000
0.070251464843750 3799927
0.069396972656250 3800036
0.071838378906250 3800036
0.070251464843750 3799963
0.070129394531250 3800036
0.068725585937500 3800000
0.069396972656250 3800000
0.068115234375000 3800000
0.069091796875000 3800000
0.072265625000000 3800000
0.067810058593750 3800036
0.000000000000000 3799963
0.070373535156250 3800036
0.069702148437500 3799963
0.069396972656250 3800000
0.069824218750000 3800000
0.071105957031250 3800000
0.071594238281250 3800000
0.068847656250000 3800000
0.070068359375000 3800000
0.069335937500000 3800000
0.061279296875000 3800000
0.069946289062500 3800036
0.070068359375000 3800000
0.000000000000000 3799963
0.070373535156250 3800036
0.069824218750000 3799963
0.068847656250000 3800000
0.068481445312500 3800000
0.061828613281250 3800000
0.068420410156250 3796563
0.069946289062500 3800000
0.069213867187500 3800000
0.069091796875000 3800000
0.071594238281250 3800000
0.067932128906250 3791599
0.061218261718750 3787783
0.068847656250000 3800000
0.073303222656250 3800000
0.068420410156250 3800000
0.068969726562500 3799963
0.000000000000000 3800036
0.069091796875000 3800000
0.062438964843750 3792827
0.068969726562500 3798150
0.070068359375000 3800000
0.070129394531250 3800000
0.068664550781250 3800000
0.070251464843750 3800000
0.070312500000000 3800000
0.072082519531250 3800000
0.069824218750000 3800000
0.067993164062500 3800000
0.072326660156250 3800000
0.000000000000000 3800000
0.129821777343750 3800000
0.000000000000000 3800036
0.066528320312500 3799963
0.068481445312500 3796746
0.070678710937500 3800000
0.071228027343750 3800000
0.070495605468750 3800000
0.069152832031250 3800036
0.063293457031250 3799963
0.067382812500000 3800000
0.069152832031250 3800000
0.068542480468750 3800000
0.071594238281250 3800000
0.072326660156250 3800000
0.067687988281250 3800000
0.000000000000000 3800000
0.071105957031250 3800000
0.070495605468750 3800000
0.069274902343750 3800000
0.068847656250000 3800000
0.072570800781250 3800000
0.069458007812500 3800000
0.069030761718750 3799963
0.061279296875000 3800036
0.070556640625000 3800000
0.069274902343750 3800000
0.069396972656250 3800000
0.071166992187500 3800000
0.000000000000000 3800000
0.071166992187500 3800000
0.067810058593750 3800000
0.070556640625000 3800000
0.070251464843750 3800000
0.070495605468750 3800000
0.068725585937500 3800000
0.069030761718750 3799963
0.071472167968750 3800036
0.069641113281250 3800000
0.069274902343750 3798842
0.069091796875000 3800000
0.069946289062500 3800000
0.064941406250000 3799963
0.000000000000000 3796363
0.069580078125000 3793660
0.069824218750000 3793175
0.061950683593750 3800000
0.066711425781250 3788915
0.075439453125000 3788737
0.061584472656250 3783366
0.069702148437500 3789342
0.067871093750000 3788512
0.064941406250000 3787032
0.072143554687500 3800000
0.071655273437500 3799963
0.068054199218750 3800036
0.071228027343750 3800036
0.061950683593750 3799927
0.065551757812500 3798688
0.204040527343750 3797574
0.062255859375000 3800000
0.062255859375000 3800000
0.067260742187500 3800000
0.073547363281250 3785978
0.070922851562500 3783298
0.071777343750000 3783368
0.067016601562500 3797715
0.067321777343750 3794427
0.067687988281250 3800000
0.069274902343750 3800000
0.072753906250000 3800000
0.000000000000000 3791209
0.069641113281250 3790563
0.068786621093750 3786154
0.067810058593750 3799927
0.070922851562500 3800108
0.068298339843750 3799963
0.069519042968750 3800000
0.068786621093750 3800000
0.070434570312500 3800036
0.071044921875000 3799963
0.068298339843750 3800036
0.070678710937500 3799963
0.070434570312500 3800000
0.062255859375000 3800000
0.000000000000000 3800000
0.069213867187500 3800000
0.071289062500000 3800000
0.069641113281250 3800000
0.068359375000000 3800000
0.071228027343750 3800000
0.068115234375000 3800000
0.071472167968750 3800000
0.068908691406250 3800000
0.061645507812500 3800000
0.071472167968750 3800000
0.068542480468750 3800000
0.061828613281250 3800000
0.069274902343750 3800000
0.072082519531250 3800000
0.000000000000000 3800000
0.067871093750000 3800000
0.069702148437500 3799963
0.070495605468750 3800036
0.073303222656250 3800000
0.070678710937500 3800000
0.070007324218750 3800000
0.068176269531250 3800000
0.068969726562500 3800000
0.061950683593750 3800000
0.071960449218750 3800036
0.070495605468750 3800000
0.071716308593750 3799963
0.000000000000000 3800000
0.071533203125000 3800000
0.071350097656250 3800000
0.061645507812500 3800000
0.062194824218750 3800000
0.070129394531250 3800000
0.061767578125000 3800000
0.068664550781250 3796638
0.072448730468750 3800000
0.071350097656250 3796828
0.065856933593750 3793950
0.064270019531250 3795891
0.063110351562500 3800000
0.071228027343750 3793969
0.071594238281250 3796504
0.069946289062500 3799963
0.071777343750000 3800000
0.069519042968750 3800036
0.000000000000000 3800000
0.069396972656250 3792063
0.069946289062500 3783531
0.070922851562500 3793626
0.067810058593750 3792044
0.068359375000000 3798347
0.071228027343750 3800000
0.072326660156250 3800000
0.069641113281250 3799963
0.068542480468750 3792485
0.061157226562500 3783295
0.069091796875000 3799844
0.071044921875000 3799963
0.068298339843750 3800036
0.000000000000000 3800000
0.069824218750000 3791061
0.070861816406250 3798555
0.072082519531250 3789239
0.069824218750000 3789899
0.067871093750000 3800000
0.069519042968750 3800000
0.068237304687500 3800000
0.061706542968750 3792759
0.069824218750000 3786833
0.067138671875000 3788074
0.071044921875000 3800000
0.068847656250000 3799963
0.069152832031250 3800036
0.068786621093750 3799927
0.000000000000000 3792105
0.069885253906250 3796886
0.070007324218750 3794249
0.068664550781250 3793837
0.069946289062500 3794552
0.069641113281250 3800000
0.069885253906250 3800000
0.070617675781250 3800000
0.071105957031250 3799927
0.072021484375000 3800072
0.069030761718750 3797243
0.070129394531250 3798948
0.000000000000000 3793044
0.071716308593750 3800000
0.070678710937500 3795293
0.068359375000000 3624857
0.070495605468750 3800000
0.061584472656250 3800000
0.071655273437500 3800000
0.069152832031250 3800000
0.070373535156250 3800000
0.070373535156250 3796580
0.070068359375000 3800000
0.068969726562500 3800000
0.070617675781250 3783407
0.000000000000000 3795155
0.067016601562500 3800000
0.062927246093750 3789250
0.066955566406250 3783300
0.072326660156250 3794622
0.070129394531250 3800000
0.072326660156250 3789525
0.070922851562500 3783333
0.071594238281250 3790806
0.070678710937500 3793089
0.068786621093750 3800000
0.062377929687500 3800000
0.070434570312500 3799789
0.068847656250000 3783332
0.069030761718750 3799212
0.000000000000000 3800036
0.070251464843750 3799963
0.071472167968750 3800000
0.066955566406250 3800000
0.069335937500000 3800000
0.068237304687500 3800000
0.061340332031250 3800000
0.068786621093750 3800000
0.068969726562500 3800000
0.069702148437500 3800000
0.070617675781250 3800000
0.062133789062500 3799963
0.068786621093750 3800036
0.069274902343750 3799927
0.069030761718750 3800072
0.070617675781250 3800000
0.000000000000000 3800000
0.068176269531250 3800036
0.068786621093750 3799963
0.071044921875000 3800000
0.068176269531250 3800000
0.070007324218750 3800000
0.068664550781250 3791074
0.069396972656250 3783298
0.069396972656250 3794430
0.070983886718750 3800036
0.072631835937500 3792805
0.069519042968750 3800000
0.069519042968750 3800000
0.000000000000000 3800000
0.067138671875000 3800036
0.071044921875000 3799963
0.067871093750000 3800000
0.069213867187500 3800000
0.070800781250000 3800000
0.071228027343750 3800000
0.069213867187500 3800000
0.070129394531250 3800000
0.070068359375000 3800036
0.070373535156250 3799963
0.061584472656250 3800000
0.067077636718750 3800000
0.070129394531250 3799963
0.000000000000000 3800036
0.071228027343750 3799927
0.068847656250000 3800072
0.070129394531250 3800000
0.069335937500000 3800000
0.068908691406250 3800000
0.068664550781250 3799727
0.061584472656250 3800000
0.072631835937500 3800000
0.067993164062500 3800000
0.070251464843750 3800000
0.071533203125000 3800000
0.069824218750000 3800000
0.067749023437500 3800000
0.000000000000000 3800000
0.068847656250000 3800000
0.072021484375000 3799963
0.069396972656250 3799963
0.071472167968750 3800072
0.069213867187500 3800000
0.070251464843750 3800000
0.068847656250000 3799963
0.063110351562500 3800000
0.067626953125000 3792806
0.068664550781250 3796896
0.070373535156250 3796541
0.069580078125000 3799963
0.070922851562500 3800000
0.000000000000000 3800000
0.069519042968750 3800000
0.068176269531250 3799690
0.070434570312500 3796919
0.071044921875000 3800036
0.069824218750000 3788254
0.069702148437500 3793789
0.070068359375000 3789815
0.069824218750000 3800000
0.068847656250000 3784597
0.068542480468750 3794314
0.070800781250000 3800036
0.069091796875000 3799963
0.000000000000000 3800036
0.069091796875000 3800000
0.070068359375000 3793320
0.069213867187500 3783331
0.070617675781250 3788517
0.069519042968750 3800000
0.071228027343750 3798040
0.069946289062500 3800000
0.070861816406250 3791893
0.069458007812500 3797747
0.070556640625000 3799963
0.068359375000000 3799963
0.000000000000000 3789602
0.068847656250000 3793131
0.071044921875000 3800000
0.070678710937500 3800000
0.068298339843750 3800000
0.069763183593750 3800036
0.070251464843750 3799963
0.073608398437500 3800000
0.070922851562500 3800000
0.070251464843750 3800000
0.069396972656250 3800000
0.067626953125000 3800000
0.061279296875000 3800000
0.069396972656250 3800000
0.000000000000000 3800000
0.069763183593750 3799963
0.070678710937500 3800000
0.061401367187500 3800036
0.070556640625000 3798733
0.068542480468750 3788498
0.068542480468750 3783329
0.069335937500000 3783333
0.070007324218750 3795282
0.069396972656250 3800000
0.070251464843750 3800000
0.071166992187500 3800000
0.068420410156250 3797773
0.071350097656250 3799340
0.000000000000000 3785821
0.068115234375000 3792579
0.069824218750000 3788412
0.067932128906250 3792359
0.072021484375000 3783367
0.072326660156250 3785144
0.067626953125000 3796383
0.068237304687500 3800000
0.068481445312500 3794117
0.071350097656250 3799557
0.067687988281250 3800000
0.070007324218750 3800000
0.067810058593750 3799319
0.000000000000000 3798091
0.072143554687500 3800000
0.069824218750000 3800000
0.068664550781250 3799963
0.069274902343750 3800036
0.068786621093750 3791576
0.070800781250000 3783330
0.070190429687500 3794562
0.069946289062500 3783334
0.071472167968750 3783333
0.069519042968750 3783330
0.069763183593750 3783334
0.000000000000000 3789046
0.067016601562500 3797368
0.070800781250000 3797355
0.071533203125000 3800000
0.070068359375000 3800000
0.072082519531250 3800000
0.066894531250000 3797331
0.070068359375000 3800000
0.061523437500000 3794793
0.070373535156250 3783370
0.066833496093750 3796367
0.071472167968750 3800000
0.069580078125000 3800000
0.069396972656250 3800000
0.000000000000000 3799963
0.068420410156250 3797902
0.068298339843750 3802135
0.068664550781250 3799882
0.068298339843750 3786315
0.071105957031250 3800000
0.073181152343750 3800000
0.068969726562500 3800000
0.070373535156250 3800000
0.070068359375000 3800000
0.069885253906250 3800000
0.070068359375000 3800000
0.000000000000000 3800000
0.071838378906250 3800000
0.071899414062500 3800000
0.067810058593750 3799963
0.071228027343750 3800036
0.067871093750000 3800000
0.068664550781250 3800000
0.069274902343750 3799963
0.061157226562500 3800036
0.072570800781250 3800000
0.067871093750000 3800000
0.071105957031250 3800000
0.067871093750000 3800000
0.071289062500000 3800000
0.000000000000000 3800000
0.067932128906250 3799963
0.070373535156250 3800036
0.061523437500000 3800000
0.070678710937500 3800036
0.071350097656250 3799963
0.068054199218750 3800000
0.071472167968750 3800000
0.069091796875000 3800000
0.068664550781250 3800000
0.066589355468750 3800000
0.070495605468750 3800000
0.072875976562500 3800036
0.067565917968750 3799963
0.000000000000000 3800000
0.069519042968750 3800000
0.069396972656250 3800000
0.071899414062500 3800000
0.070678710937500 3800000
0.071350097656250 3799963
0.069824218750000 3800036
0.069458007812500 3800000
0.072387695312500 3800000
0.069946289062500 3800000
0.071350097656250 3800000
0.000000000000000 3800000
0.070251464843750 3800000
0.070678710937500 3800000
0.069396972656250 3800000
0.068420410156250 3800000
0.070617675781250 3800036
0.069702148437500 3799963
0.072753906250000 3800000
0.070129394531250 3800000
0.068298339843750 3800000
0.071228027343750 3800000
0.070068359375000 3800000
0.000000000000000 3800000
0.067626953125000 3800000
0.070434570312500 3800000
0.068298339843750 3799963
0.071166992187500 3800036
0.069213867187500 3800000
0.069396972656250 3800000
0.069152832031250 3800000
0.070129394531250 3800000
0.061401367187500 3800000
0.071228027343750 3800000
0.069824218750000 3800000
0.072326660156250 3800000
0.069396972656250 3800000
0.000000000000000 3800000
0.068542480468750 3800000
0.069702148437500 3800000
0.067993164062500 3800000
0.070678710937500 3800000
0.071228027343750 3800000
0.070617675781250 3800000
0.070495605468750 3800000
0.068786621093750 3800000
0.070983886718750 3800036
0.069396972656250 3799963
0.068420410156250 3800000
0.000000000000000 3800000
0.070922851562500 3800000
0.068664550781250 3800000
0.062133789062500 3800000
0.071533203125000 3799963
0.071533203125000 3800036
0.068664550781250 3800000
0.068847656250000 3800000
0.069396972656250 3797938
0.062011718750000 3669293
0.071350097656250 3800000
0.069641113281250 3800000
0.061828613281250 3800000
0.071899414062500 3800000
0.070617675781250 3800000
0.069091796875000 3799963
0.000000000000000 3800072
0.070861816406250 3799963
0.071594238281250 3800000
0.068115234375000 3800000
0.070007324218750 3800000
0.068176269531250 3800000
0.070495605468750 3800000
0.068664550781250 3800000
0.070251464843750 3800000
0.069519042968750 3796580
0.068908691406250 3800036
0.070678710937500 3800000
0.069824218750000 3800000
0.000000000000000 3800000
0.070739746093750 3800000
0.068664550781250 3800000
0.069824218750000 3800000
0.070922851562500 3800000
0.070556640625000 3800036
0.071105957031250 3800000
0.069396972656250 3799963
0.072509765625000 3800000
0.067871093750000 3800000
0.067199707031250 3797659
0.071472167968750 3795582
0.000000000000000 3800000
0.071166992187500 3800000
0.069213867187500 3800000
0.068420410156250 3800000
0.069152832031250 3800000
0.070922851562500 3800000
0.070373535156250 3800000
0.070556640625000 3800000
0.066833496093750 3800000
0.071105957031250 3800036
0.068908691406250 3799963
0.069152832031250 3800000
0.067565917968750 3800000
0.000000000000000 3800000
0.070922851562500 3800000
0.070129394531250 3800000
0.069458007812500 3800036
0.068176269531250 3799963
0.070556640625000 3799963
0.068725585937500 3800036
0.069641113281250 3800000
0.069519042968750 3799963
0.068969726562500 3800036
0.071350097656250 3800000
0.068420410156250 3800000
0.069824218750000 3800000
0.061157226562500 3800000
0.000000000000000 3800000
0.070312500000000 3800000
0.071289062500000 3800000
0.061523437500000 3800000
0.068786621093750 3800000
0.070922851562500 3800000
0.067199707031250 3800000
0.069274902343750 3800000
0.068847656250000 3800000
0.069824218750000 3800000
0.067321777343750 3799927
0.067687988281250 3800072
0.070922851562500 3800000
0.073730468750000 3800000
0.067871093750000 3800036
0.000000000000000 3799963
0.068664550781250 3800000
0.070678710937500 3799963
0.069396972656250 3800036
0.072326660156250 3800000
0.071594238281250 3800036
0.069091796875000 3799963
0.061279296875000 3800000
0.067871093750000 3800000
0.070983886718750 3800036
0.070007324218750 3799963
0.069396972656250 3800000
0.069519042968750 3800000
0.070251464843750 3798976
0.000000000000000 3793129
0.069091796875000 3796516
0.070434570312500 3800000
0.071105957031250 3800000
0.069946289062500 3800000
0.069091796875000 3800000
0.069946289062500 3800000
0.069824218750000 3800000
0.070556640625000 3795604
0.069274902343750 3796377
0.061523437500000 3783335
0.068115234375000 3783330
0.071899414062500 3793652
0.000000000000000 3786929
0.070373535156250 3791141
0.070190429687500 3790849
0.069396972656250 3793220
0.068115234375000 3797624
0.061157226562500 3800000
0.068786621093750 3800000
0.069946289062500 3789531
0.069885253906250 3789169
0.070739746093750 3789686
0.068176269531250 3800000
0.070800781250000 3800000
0.061401367187500 3800000
0.069274902343750 3796590
0.069702148437500 3800000
0.069946289062500 3800000
0.000000000000000 3800000
0.069824218750000 3799927
0.069641113281250 3787288
0.070800781250000 3792647
0.071533203125000 3798496
0.067932128906250 3790831
0.070251464843750 3800000
0.068237304687500 3800000
0.062011718750000 3799963
0.069702148437500 3800036
0.068969726562500 3800000
0.068420410156250 3800000
0.072021484375000 3799963
0.061279296875000 3800036
0.068298339843750 3800000
0.069946289062500 3787779
0.000000000000000 3794410
0.066772460937500 3800072
0.068847656250000 3800000
0.068969726562500 3800036
0.070129394531250 3799963
0.071472167968750 3800000
0.067810058593750 3800000
0.071655273437500 3791023
0.069274902343750 3795037
0.069702148437500 3800000
0.068481445312500 3799963
0.070617675781250 3794710
0.071350097656250 3793591
0.000000000000000 3794874
0.069335937500000 3800000
0.068969726562500 3800000
0.069702148437500 3800000
0.062438964843750 3800000
0.067565917968750 3796897
0.069091796875000 3793846
0.070861816406250 3791405
0.072143554687500 3792930
0.068725585937500 3800108
0.068847656250000 3799963
0.069396972656250 3800000
0.069152832031250 3799963
0.070678710937500 3800036
0.000000000000000 3800000
0.067932128906250 3800000
0.070495605468750 3800000
0.069152832031250 3800000
0.069213867187500 3797920
0.069335937500000 3795233
0.068664550781250 3800000
0.068298339843750 3800000
0.068420410156250 3800000
0.070312500000000 3800000
0.072021484375000 3800036
0.068786621093750 3793839
0.070068359375000 3797152
0.070373535156250 3800000
0.000000000000000 3786976
0.069824218750000 3797341
0.067138671875000 3800000
0.067932128906250 3800000
0.073486328125000 3800000
0.069702148437500 3800000
0.070312500000000 3800000
0.068054199218750 3800000
0.069824218750000 3800000
0.071472167968750 3786076
0.070617675781250 3785631
0.061279296875000 3795142
0.071350097656250 3794515
0.000000000000000 3796575
0.068603515625000 3796596
0.070617675781250 3798262
0.069580078125000 3798344
0.067932128906250 3800000
0.068786621093750 3800000
0.069396972656250 3792817
0.069519042968750 3798567
0.069213867187500 3790340
0.068115234375000 3783334
0.069824218750000 3783333
0.069580078125000 3790327
0.069152832031250 3790889
0.069580078125000 3800000
0.000000000000000 3800000
0.069335937500000 3800000
0.070678710937500 3800000
0.067810058593750 3800000
0.070068359375000 3800000
0.069396972656250 3800000
0.069702148437500 3800000
0.068847656250000 3800000
0.070007324218750 3796817
0.069885253906250 3798838
0.068725585937500 3797451
0.072326660156250 3800000
0.067504882812500 3800000
0.000000000000000 3800000
0.069091796875000 3800000
0.069458007812500 3800000
0.072326660156250 3800000
0.070861816406250 3800000
0.069396972656250 3800000
0.061584472656250 3800000
0.068786621093750 3800000
0.061157226562500 3800000
0.069152832031250 3800000
0.067993164062500 3797464
0.070373535156250 3784733
0.071777343750000 3800000
0.071838378906250 3800000
0.068725585937500 3797980
0.000000000000000 3783332
0.069274902343750 3783334
0.068420410156250 3799895
0.071105957031250 3796599
0.072937011718750 3800000
0.067687988281250 3800000
0.069580078125000 3800000
0.067932128906250 3800000
0.070678710937500 3800000
0.067443847656250 3800000
0.072021484375000 3800000
0.067871093750000 3799963
0.071533203125000 3800036
0.061340332031250 3800000
0.067810058593750 3800036
0.000000000000000 3799963
0.068847656250000 3800000
0.067993164062500 3800000
0.070190429687500 3800000
0.069580078125000 3800000
0.069824218750000 3793117
0.071777343750000 3799855
0.067749023437500 3783797
0.061157226562500 3783334
0.068420410156250 3791338
0.070129394531250 3800000
0.070068359375000 3796584
0.061889648437500 3799963
0.067993164062500 3800036
0.061340332031250 3792884
0.065612792968750 3791294
0.070678710937500 3787338
0.071044921875000 3800000
0.000000000000000 3800000
0.069458007812500 3800000
0.070373535156250 3800000
0.068115234375000 3800000
0.069274902343750 3800000
0.071105957031250 3800000
0.072998046875000 3800000
0.068176269531250 3796972
0.067749023437500 3799425
0.070007324218750 3793695
0.067199707031250 3800000
0.071105957031250 3798404
0.068054199218750 3791249
0.000000000000000 3799963
0.070312500000000 3800000
0.070068359375000 3800000
0.068969726562500 3800000
0.066894531250000 3800000
0.068237304687500 3800000
0.070678710937500 3795260
0.068176269531250 3786938
0.069519042968750 3800000
0.070617675781250 3800000
0.069152832031250 3798917
0.072143554687500 3783334
0.068542480468750 3796651
0.061279296875000 3794446
0.069396972656250 3798142
0.000000000000000 3789615
0.070617675781250 3799871
0.068237304687500 3800000
0.070129394531250 3793093
0.071899414062500 3800036
0.067565917968750 3797399
0.071655273437500 3800000
0.068237304687500 3800000
0.069946289062500 3800000
0.066772460937500 3800000
0.072937011718750 3800000
0.070556640625000 3800000
0.067626953125000 3800000
0.000000000000000 3800000
0.071777343750000 3800000
0.068359375000000 3800000
0.069946289062500 3800000
0.067260742187500 3800000
0.070129394531250 3800000
0.071044921875000 3800000
0.070373535156250 3796934
0.069641113281250 3799551
0.069702148437500 3798556
0.069274902343750 3790740
0.070190429687500 3789356
0.000000000000000 3800000
0.070617675781250 3800000
0.069152832031250 3800000
0.068237304687500 3799963
0.071228027343750 3793149
0.069702148437500 3794222
0.069946289062500 3799996
0.069335937500000 3793499
0.068542480468750 3783919
0.070922851562500 3798105
0.069152832031250 3799963
0.070129394531250 3800036
0.070617675781250 3793561
0.000000000000000 3795659
0.071655273437500 3790374
0.073120117187500 3795750
0.067993164062500 3800000
0.070739746093750 3800000
0.067260742187500 3797328
0.070129394531250 3799963
0.070922851562500 3800000
0.070129394531250 3800036
0.067626953125000 3799963
0.070251464843750 3794790
0.071166992187500 3783330
0.000000000000000 3797310
0.069396972656250 3800000
0.061218261718750 3800000
0.068725585937500 3800000
0.069824218750000 3799963
0.070922851562500 3800036
0.071472167968750 3799963
0.071228027343750 3800036
0.067504882812500 3800000
0.070495605468750 3800000
0.070800781250000 3800000
0.068786621093750 3800000
0.069335937500000 3799386
0.000000000000000 3797185
0.071594238281250 3800000
0.071655273437500 3800000
0.069274902343750 3799963
0.071533203125000 3800000
0.069030761718750 3800036
0.071105957031250 3799927
0.068115234375000 3800036
0.071838378906250 3800036
0.068603515625000 3800000
0.071228027343750 3800000
0.070129394531250 3800000
0.000000000000000 3790816
0.067687988281250 3795110
0.070678710937500 3799963
0.068481445312500 3800036
0.061767578125000 3800000
0.069885253906250 3799963
0.069702148437500 3800036
0.069885253906250 3800000
0.068237304687500 3800000
0.069946289062500 3800000
0.069519042968750 3796059
0.068542480468750 3799963
0.071411132812500 3796544
0.069580078125000 3796418
0.069763183593750 3800000
0.000000000000000 3784018
0.068420410156250 3790614
0.069641113281250 3793970
0.069152832031250 3800036
0.071044921875000 3800000
0.071899414062500 3800000
0.069885253906250 3796534
0.070373535156250 3800036
0.071655273437500 3800036
0.067932128906250 3799963
0.068176269531250 3800036
0.072387695312500 3800000
0.000000000000000 3800000
0.068237304687500 3800000
0.069335937500000 3800000
0.069824218750000 3800000
0.069702148437500 3800000
0.069274902343750 3800000
0.070495605468750 3800000
0.071594238281250 3800000
0.061828613281250 3800037
0.068847656250000 3799963
0.071472167968750 3800000
0.069458007812500 3797171
0.069763183593750 3793818
0.000000000000000 3788695
0.068969726562500 3799927
0.070617675781250 3800072
0.070678710937500 3797262
0.069091796875000 3799326
0.069946289062500 3800000
0.069458007812500 3800000
0.068969726562500 3800036
0.061218261718750 3799963
0.070129394531250 3800000
0.069274902343750 3800000
0.070922851562500 3800000
0.069946289062500 3800000
0.069641113281250 3799963
0.000000000000000 3800036
0.072387695312500 3799963
0.070373535156250 3800036
0.071533203125000 3800000
0.061645507812500 3800000
0.071289062500000 3800000
0.061523437500000 3800000
0.068115234375000 3799963
0.070678710937500 3800036
0.069396972656250 3786093
0.070495605468750 3799855
0.067382812500000 3800144
0.068603515625000 3800000
0.073486328125000 3800000
0.069946289062500 3800000
0.000000000000000 3800000
0.068298339843750 3800000
0.067687988281250 3800000
0.071289062500000 3800000
0.069885253906250 3800000
0.068359375000000 3800000
0.068298339843750 3800000
0.070007324218750 3800000
0.069824218750000 3800000
0.070678710937500 3800000
0.068298339843750 3800000
0.069335937500000 3800000
0.072326660156250 3800000
0.000000000000000 3800000
0.071655273437500 3799963
0.066833496093750 3800036
0.069885253906250 3800000
0.067626953125000 3800000
0.069519042968750 3800000
0.067749023437500 3800000
0.071594238281250 3800000
0.067810058593750 3800000
0.071472167968750 3800000
0.070495605468750 3799963
0.069641113281250 3800036
0.069396972656250 3799963
0.000000000000000 3800036
0.130310058593750 3800000
0.000000000000000 3800000
0.068115234375000 3800000
0.070800781250000 3800000
0.070312500000000 3800000
0.070617675781250 3799927
0.070983886718750 3800072
0.070678710937500 3800000
0.061157226562500 3800000
0.068603515625000 3800000
0.071289062500000 3800000
0.070373535156250 3800000
0.067138671875000 3800000
0.069091796875000 3800000
0.000000000000000 3800000
0.070678710937500 3800000
0.069396972656250 3800000
0.070251464843750 3800000
0.069946289062500 3800000
0.068054199218750 3800000
0.071777343750000 3800000
0.071044921875000 3800000
0.068115234375000 3800036
0.069396972656250 3799963
0.069702148437500 3800000
0.068359375000000 3799963
0.068603515625000 3792843
0.000000000000000 3800000
0.071350097656250 3800000
0.070922851562500 3800000
0.068664550781250 3800000
0.069213867187500 3800000
0.070251464843750 3800000
0.070617675781250 3800000
0.073181152343750 3800000
0.070373535156250 3800000
0.069030761718750 3800000
0.070556640625000 3800000
0.000000000000000 3799963
0.071166992187500 3800036
0.069641113281250 3799963
0.070007324218750 3800036
0.069641113281250 3799927
0.068298339843750 3800072
0.061523437500000 3796582
0.068786621093750 3800000
0.069824218750000 3799963
0.068969726562500 3800036
0.069580078125000 3799963
0.069213867187500 3793334
0.070922851562500 3791920
0.068969726562500 3796161
0.069152832031250 3800000
0.000000000000000 3800000
0.071228027343750 3800000
0.068725585937500 3800000
0.068786621093750 3800000
0.067871093750000 3799963
0.070251464843750 3800000
0.071289062500000 3800036
0.069458007812500 3799927
0.070861816406250 3800072
0.068969726562500 3800000
0.070434570312500 3800000
0.070129394531250 3800000
0.000000000000000 3800000
0.069763183593750 3800000
0.062805175781250 3800000
0.067810058593750 3800000
0.068176269531250 3800000
0.069396972656250 3800000
0.071350097656250 3793109
0.069763183593750 3800000
0.061340332031250 3800000
0.073608398437500 3800000
0.075073242187500 3800000
0.068298339843750 3800000
0.064941406250000 3794067
0.069824218750000 3786836
0.071716308593750 3798303
0.000000000000000 3800000
0.067871093750000 3800000
0.069580078125000 3800000
0.068542480468750 3800000
0.064941406250000 3800000
0.067504882812500 3800036
0.061462402343750 3799963
0.065612792968750 3800000
0.066894531250000 3800000
0.069091796875000 3800000
0.064758300781250 3800000
0.069091796875000 3800000
0.064941406250000 3794767
0.069946289062500 3803293
0.071899414062500 3800036
0.071166992187500 3800000
0.062255859375000 3800000
0.071899414062500 3800000
0.068420410156250 3799963
0.069946289062500 3800000
0.000000000000000 3800036
0.069885253906250 3800000
0.071228027343750 3800000
0.061828613281250 3800000
0.067504882812500 3800000
0.069702148437500 3800000
0.067932128906250 3800000
0.071105957031250 3800000
0.068969726562500 3800000
0.069946289062500 3800000
0.070007324218750 3800000
0.067993164062500 3800000
0.071472167968750 3800000
0.070068359375000 3800000
0.067687988281250 3800000
0.000000000000000 3799963
0.066955566406250 3800000
0.070312500000000 3800000
0.072021484375000 3800036
0.069458007812500 3800000
0.071899414062500 3800000
0.069274902343750 3800000
0.061706542968750 3800000
0.067871093750000 3800000
0.070617675781250 3800000
0.067749023437500 3800036
0.071166992187500 3799963
0.071777343750000 3799927
0.000000000000000 3800072
0.069030761718750 3800000
0.071044921875000 3800000
0.069091796875000 3800000
0.062072753906250 3799963
0.067443847656250 3800036
0.070312500000000 3799963
0.071105957031250 3800036
0.068786621093750 3800000
0.070922851562500 3800000
0.069641113281250 3800000
0.069091796875000 3799087
0.070617675781250 3797517
0.070617675781250 3800000
0.000000000000000 3800000
0.069824218750000 3800036
0.071350097656250 3799963
0.062927246093750 3799963
0.069824218750000 3800036
0.072082519531250 3792275
0.061157226562500 3783333
0.071105957031250 3796555
0.072509765625000 3799927
0.074218750000000 3800072
0.065246582031250 3800000
0.064636230468750 3800000
0.064331054687500 3800000
0.063964843750000 3800000
0.062988281250000 3800000
0.067993164062500 3800000
0.070800781250000 3800000
0.068237304687500 3800000
0.000000000000000 3800000
0.071289062500000 3800000
0.071960449218750 3800000
0.067138671875000 3800000
0.071350097656250 3799963
0.068847656250000 3800000
0.071594238281250 3796437
0.066040039062500 3799963
0.072692871093750 3800036
0.069519042968750 3800000
0.067504882812500 3800000
0.061157226562500 3799927
0.067993164062500 3797148
0.071289062500000 3789056
0.069091796875000 3800000
0.000000000000000 3800000
0.070678710937500 3799963
0.071594238281250 3800036
0.067749023437500 3800000
0.070373535156250 3800000
0.067321777343750 3800036
0.061401367187500 3799963
0.070495605468750 3800000
0.071166992187500 3800000
0.068969726562500 3800000
0.072998046875000 3800000
0.071594238281250 3800000
0.069274902343750 3800000
0.000000000000000 3800000
0.069702148437500 3800000
0.068359375000000 3800000
0.069641113281250 3800000
0.068969726562500 3800000
0.071899414062500 3800036
0.071228027343750 3799963
0.068420410156250 3800000
0.070068359375000 3800000
0.069396972656250 3800000
0.061645507812500 3800000
0.069458007812500 3800000
0.062255859375000 3800000
0.072021484375000 3800000
0.067993164062500 3800000
0.000000000000000 3800000
0.070434570312500 3800000
0.071960449218750 3800000
0.070800781250000 3799963
0.069396972656250 3800036
0.069396972656250 3800000
0.073303222656250 3800000
0.069091796875000 3800000
0.069274902343750 3797375
0.068115234375000 3795732
0.071899414062500 3800000
0.070678710937500 3799963
0.000000000000000 3800036
0.069396972656250 3800000
0.069335937500000 3785325
0.066406250000000 3790327
0.070251464843750 3800000
0.069824218750000 3800000
0.061706542968750 3800036
0.067871093750000 3796371
0.061157226562500 3783334
0.070800781250000 3783330
0.071655273437500 3798098
0.070861816406250 3800000
0.071472167968750 3796964
0.062561035156250 3796596
0.062133789062500 3792154
0.069091796875000 3794073
0.068725585937500 3800000
0.070068359375000 3800000
0.068054199218750 3800000
0.000000000000000 3800000
0.071411132812500 3800000
0.069824218750000 3800000
0.067260742187500 3800000
0.070251464843750 3800000
0.069091796875000 3800000
0.066772460937500 3800000
0.069213867187500 3800000
0.069396972656250 3800000
0.071472167968750 3800000
0.070068359375000 3799963
0.070373535156250 3800036
0.069274902343750 3800000
0.000000000000000 3800000
0.068725585937500 3800000
0.069396972656250 3800000
0.069641113281250 3800000
0.069152832031250 3800000
0.067810058593750 3800000
0.091186523437500 3792943
0.000000000000000 3798487
0.089660644531250 3787327
0.092956542968750 3800000
0.000000000000000 3794373
0.089965820312500 3783367
0.083618164062500 3790184
0.072387695312500 3800000
0.071228027343750 3799927
0.069702148437500 3800108
0.070007324218750 3800000
0.000000000000000 3792597
0.072021484375000 3788716
0.069702148437500 3800000
0.071228027343750 3800000
0.067993164062500 3800000
0.072875976562500 3800000
0.071166992187500 3799963
0.069213867187500 3800036
0.071594238281250 3800000
0.071472167968750 3799236
0.071044921875000 3790881
0.000000000000000 3800000
0.071350097656250 3800000
0.069396972656250 3800000
0.071044921875000 3800000
0.067932128906250 3800000
0.070678710937500 3800000
0.069763183593750 3799963
0.070373535156250 3800000
0.062316894531250 3800036
0.067871093750000 3800000
0.068603515625000 3800000
0.068847656250000 3800000
0.071228027343750 3800000
0.069946289062500 3800000
0.061645507812500 3800000
0.067749023437500 3800000
0.000000000000000 3800000
0.130065917968750 3800000
0.000000000000000 3799963
0.071594238281250 3800036
0.070434570312500 3800000
0.066955566406250 3799963
0.069213867187500 3800036
0.068969726562500 3800000
0.061706542968750 3800000
0.067565917968750 3800000
0.070861816406250 3800036
0.070434570312500 3799963
0.069396972656250 3800000
0.070007324218750 3800000
0.068664550781250 3800000
0.071960449218750 3800000
0.000000000000000 3800000
0.069274902343750 3800000
0.071533203125000 3800000
0.070129394531250 3800000
0.070007324218750 3799963
0.069030761718750 3800036
0.070068359375000 3799927
0.069885253906250 3800108
0.067260742187500 3799963
0.061157226562500 3800036
0.068725585937500 3799963
0.062377929687500 3800000
0.070861816406250 3800036
0.069091796875000 3797829
0.070739746093750 3802135
0.068847656250000 3799963
0.000000000000000 3800036
0.069946289062500 3800000
0.068481445312500 3800000
0.068969726562500 3800000
0.072753906250000 3800000
0.068115234375000 3800000
0.069030761718750 3800000
0.068115234375000 3800000
0.067321777343750 3800000
0.069396972656250 3799963
0.069152832031250 3799963
0.069519042968750 3800072
0.067382812500000 3800000
0.072021484375000 3800000
0.000000000000000 3800000
0.067993164062500 3799963
0.068603515625000 3800036
0.067871093750000 3800000
0.068542480468750 3800000
0.071960449218750 3800000
0.071228027343750 3800000
0.071899414062500 3800000
0.066528320312500 3800000
0.071044921875000 3800000
0.071899414062500 3800000
0.070251464843750 3800000
0.000000000000000 3800000
0.071105957031250 3800000
0.068237304687500 3800000
0.070983886718750 3800000
0.066955566406250 3800000
0.071289062500000 3800000
0.067077636718750 3800000
0.061584472656250 3800000
0.069213867187500 3800000
0.070251464843750 3800000
0.069702148437500 3800000
0.067993164062500 3799927
0.072875976562500 3800072
0.067687988281250 3800000
0.000000000000000 3800000
0.070678710937500 3800000
0.070190429687500 3800000
0.071105957031250 3800000
0.070007324218750 3800000
0.067260742187500 3800036
0.069641113281250 3799963
0.070800781250000 3800000
0.070678710937500 3800000
0.070007324218750 3800000
0.068847656250000 3800000
0.070373535156250 3800000
0.000000000000000 3800000
0.070251464843750 3800000
0.068481445312500 3800000
0.069580078125000 3797938
0.069030761718750 3802062
0.068603515625000 3800000
0.070068359375000 3800000
0.069274902343750 3800000
0.069824218750000 3800000
0.068054199218750 3800000
0.070068359375000 3800000
0.071044921875000 3800000
0.068176269531250 3800000
0.070129394531250 3800000
0.000000000000000 3800000
0.069396972656250 3800000
0.068542480468750 3800036
0.071350097656250 3799963
0.069946289062500 3800000
0.061523437500000 3800000
0.069885253906250 3800000
0.070495605468750 3800000
0.071716308593750 3800000
0.070312500000000 3800000
0.069335937500000 3800000
0.070617675781250 3800000
0.061279296875000 3800000
0.068908691406250 3800000
0.000000000000000 3800000
0.070617675781250 3800000
0.069396972656250 3800000
0.070190429687500 3800000
0.140930175781250 3800000
0.069030761718750 3800000
0.000000000000000 3800000
0.070068359375000 3800000
0.068420410156250 3800000
0.069824218750000 3800000
0.069458007812500 3800000
0.069335937500000 3800000
0.071472167968750 3800000
0.071044921875000 3799963
0.067993164062500 3800036
0.071533203125000 3800000
0.068176269531250 3800000
0.070556640625000 3800000
0.000000000000000 3800000
0.070495605468750 3800000
0.068176269531250 3800000
0.072204589843750 3800036
0.068115234375000 3799963
0.070434570312500 3800000
0.069519042968750 3800000
0.072082519531250 3800000
0.071350097656250 3800000
0.067626953125000 3800000
0.071472167968750 3800000
0.068420410156250 3800000
0.000000000000000 3799963
0.070983886718750 3800036
0.071350097656250 3800000
0.070800781250000 3800000
0.070678710937500 3800000
0.061157226562500 3800000
0.069824218750000 3800000
0.069702148437500 3800000
0.070312500000000 3800000
0.070129394531250 3799963
0.071472167968750 3800072
0.072021484375000 3799963
0.068237304687500 3800000
0.000000000000000 3800000
0.069641113281250 3800000
0.068847656250000 3800000
0.068542480468750 3800000
0.069702148437500 3800000
0.070983886718750 3800000
0.069641113281250 3800000
0.069641113281250 3799963
0.069641113281250 3800036
0.067321777343750 3800000
0.068542480468750 3799963
0.070373535156250 3800036
0.069824218750000 3800000
0.068664550781250 3800000
0.000000000000000 3800000
0.068847656250000 3800000
0.069946289062500 3800000
0.068786621093750 3800000
0.061584472656250 3799963
0.067810058593750 3800036
0.070251464843750 3800000
0.072448730468750 3800000
0.069274902343750 3800000
0.071105957031250 3800000
0.069396972656250 3800000
0.069519042968750 3799963
0.071044921875000 3800036
0.069519042968750 3800000
0.000000000000000 3800000
0.071960449218750 3800000
0.068420410156250 3800000
0.070617675781250 3800000
0.068725585937500 3800000
0.071166992187500 3800000
0.068298339843750 3800000
0.068542480468750 3800000
0.070922851562500 3800000
0.067993164062500 3800000
0.069152832031250 3799963
0.067443847656250 3800036
0.070312500000000 3800000
0.000000000000000 3800000
0.068847656250000 3800000
0.069763183593750 3800000
0.067260742187500 3800000
0.062561035156250 3800000
0.072448730468750 3800000
0.067443847656250 3800000
0.071105957031250 3800000
0.070312500000000 3800000
0.070434570312500 3800000
0.068542480468750 3800000
0.069824218750000 3800000
0.069519042968750 3800036
0.068054199218750 3799963
0.000000000000000 3800036
0.069946289062500 3799891
0.067565917968750 3800072
0.068725585937500 3800000
0.069641113281250 3800000
0.061767578125000 3799963
0.068542480468750 3800036
0.069885253906250 3800000
0.068664550781250 3800000
0.068237304687500 3800000
0.070312500000000 3800000
0.067382812500000 3800000
0.069091796875000 3799963
0.068359375000000 3800036
0.071960449218750 3799963
0.070007324218750 3800036
0.000000000000000 3800000
0.068786621093750 3800000
0.069213867187500 3800000
0.068237304687500 3800000
0.070800781250000 3800000
0.067932128906250 3799963
0.069213867187500 3800036
0.073852539062500 3800000
0.069641113281250 3800000
0.069396972656250 3800000
0.067382812500000 3800000
0.068725585937500 3800000
0.069091796875000 3751099
0.062561035156250 3800000
0.069885253906250 3800000
0.000000000000000 3800000
0.072875976562500 3799963
0.071105957031250 3800036
0.070556640625000 3800000
0.069030761718750 3800000
0.068603515625000 3800000
0.070251464843750 3800000
0.070495605468750 3800000
0.070495605468750 3800000
0.068908691406250 3800000
0.068542480468750 3799963
0.070678710937500 3799963
0.000000000000000 3800072
0.070434570312500 3800000
0.070800781250000 3800000
0.069763183593750 3800000
0.070190429687500 3800000
0.069641113281250 3800000
0.070373535156250 3800000
0.069519042968750 3800036
0.067810058593750 3799963
0.070739746093750 3799963
0.071594238281250 3800036
0.000000000000000 3799963
0.070251464843750 3800036
0.069274902343750 3800000
0.068298339843750 3800000
0.071411132812500 3800000
0.070800781250000 3800000
0.068603515625000 3800000
0.069274902343750 3800000
0.068359375000000 3799963
0.071044921875000 3800036
0.067932128906250 3800036
0.068908691406250 3799927
0.067138671875000 3800036
0.071166992187500 3800000
0.000000000000000 3800000
0.071716308593750 3800000
0.067993164062500 3799963
0.069519042968750 3799963
0.068664550781250 3800072
0.061401367187500 3800000
0.068359375000000 3800000
0.069641113281250 3800000
0.068176269531250 3800000
0.069152832031250 3800000
0.072082519531250 3800000
0.067321777343750 3800000
0.068420410156250 3800000
0.067687988281250 3800000
0.071533203125000 3800000
0.000000000000000 3800000
0.069091796875000 3800000
0.070190429687500 3800000
0.069274902343750 3800000
0.067687988281250 3800000
0.071166992187500 3800000
0.068664550781250 3799963
0.071044921875000 3800036
0.068969726562500 3800000
0.062377929687500 3800000
0.067443847656250 3800000
0.070495605468750 3800000
0.070068359375000 3800000
0.068664550781250 3800000
0.061706542968750 3800000
0.068359375000000 3800000
0.061218261718750 3800000
0.069702148437500 3800000
0.000000000000000 3800000
0.070373535156250 3800036
0.068908691406250 3799963
0.071472167968750 3800000
0.069274902343750 3800000
0.066955566406250 3800000
0.062927246093750 3800000
0.068908691406250 3800000
0.071166992187500 3800000
0.068908691406250 3800000
0.071472167968750 3798225
0.073059082031250 3798357
0.069458007812500 3800000
0.000000000000000 3800000
0.069274902343750 3800000
0.068725585937500 3799927
0.070617675781250 3800072
0.070068359375000 3800000
0.070312500000000 3800000
0.069702148437500 3800000
0.069763183593750 3800000
0.070678710937500 3800000
0.068664550781250 3800000
0.070373535156250 3800000
0.068176269531250 3800000
0.062255859375000 3800000
0.069396972656250 3800000
0.000000000000000 3800000
0.069946289062500 3800000
0.070983886718750 3800000
0.068115234375000 3800000
0.061828613281250 3800000
0.068786621093750 3799963
0.069824218750000 3798524
0.068237304687500 3787703
0.072631835937500 3799963
0.271179199218750 3800000
0.062622070312500 3800000
0.000000000000000 3800000
0.068481445312500 3800000
0.068176269531250 3800036
0.068359375000000 3799963
0.070129394531250 3800000
0.071655273437500 3800000
0.070251464843750 3800000
0.069152832031250 3799963
0.069396972656250 3800036
0.062744140625000 3800000
0.069824218750000 3800000
0.061279296875000 3800000
0.069091796875000 3800000
0.070251464843750 3787685
0.069946289062500 3794993
0.068481445312500 3800000
0.000000000000000 3800000
0.069763183593750 3796608
0.068298339843750 3800000
0.070007324218750 3800000
0.067138671875000 3800000
0.070190429687500 3800000
0.072570800781250 3796597
0.068176269531250 3800000
0.071899414062500 3797318
0.070068359375000 3799264
0.069152832031250 3784855
0.069580078125000 3797589
0.000000000000000 3799963
0.070861816406250 3799963
0.071350097656250 3800072
0.069274902343750 3800000
0.072143554687500 3800000
0.066589355468750 3800000
0.071105957031250 3800000
0.069641113281250 3800000
0.069946289062500 3800000
0.070373535156250 3800000
0.069396972656250 3800000
0.071044921875000 3800000
0.068054199218750 3800000
0.000000000000000 3799963
0.069396972656250 3800036
0.069641113281250 3799963
0.061218261718750 3800036
0.069824218750000 3800000
0.068481445312500 3800000
0.071228027343750 3800000
0.071105957031250 3800000
0.070373535156250 3800000
0.070495605468750 3800000
0.069091796875000 3800036
0.071350097656250 3799963
0.069946289062500 3800000
0.000000000000000 3800000
0.072021484375000 3796600
0.070007324218750 3803402
0.070556640625000 3800000
0.069458007812500 3800000
0.061279296875000 3800000
0.069763183593750 3800000
0.068725585937500 3800000
0.071228027343750 3800000
0.069702148437500 3800000
0.069885253906250 3800000
0.067321777343750 3799963
0.070373535156250 3800036
0.072082519531250 3800000
0.000000000000000 3800000
0.068237304687500 3800000
0.069396972656250 3800000
0.068725585937500 3800000
0.071899414062500 3800000
0.069824218750000 3789399
0.071777343750000 3796257
0.069335937500000 3792370
0.068786621093750 3795781
0.061462402343750 3800000
0.067993164062500 3800036
0.070312500000000 3799963
0.069702148437500 3800000
0.068725585937500 3799963
0.000000000000000 3789660
0.069824218750000 3800000
0.070129394531250 3800000
0.069396972656250 3800000
0.069091796875000 3800000
0.070068359375000 3800000
0.069580078125000 3796482
0.071899414062500 3800000
0.067016601562500 3800000
0.072082519531250 3800000
0.061828613281250 3800000
0.070678710937500 3799927
0.071044921875000 3796673
0.068115234375000 3800000
0.000000000000000 3800000
0.069702148437500 3799927
0.068664550781250 3800000
0.069091796875000 3800072
0.070495605468750 3800000
0.069030761718750 3797912
0.071472167968750 3798657
0.067504882812500 3799963
0.069885253906250 3800036
0.067749023437500 3800000
0.071350097656250 3793125
0.071350097656250 3799963
0.070373535156250 3800000
0.000000000000000 3800000
0.070068359375000 3799963
0.069519042968750 3800000
0.070556640625000 3800036
0.068237304687500 3799963
0.069824218750000 3800000
0.070068359375000 3800036
0.070617675781250 3800000
0.062133789062500 3800036
0.068969726562500 3799963
0.070861816406250 3800000
0.067138671875000 3800000
0.070922851562500 3800000
0.068176269531250 3800000
0.000000000000000 3800000
0.070251464843750 3800000
0.070007324218750 3800000
0.068725585937500 3800036
0.069641113281250 3799963
0.067321777343750 3800000
0.070190429687500 3800000
0.068664550781250 3800000
0.069824218750000 3800000
0.061279296875000 3800036
0.066772460937500 3799963
0.069824218750000 3800000
0.070922851562500 3800036
0.071350097656250 3799963
0.000000000000000 3800000
0.071594238281250 3799963
0.070800781250000 3800072
0.072143554687500 3799963
0.071105957031250 3800000
0.061340332031250 3792906
0.067749023437500 3800000
0.069885253906250 3800000
0.069885253906250 3800000
0.061828613281250 3796564
0.068359375000000 3799963
0.069519042968750 3800036
0.070800781250000 3794824
0.070129394531250 3783366
0.068420410156250 3790230
0.068420410156250 3800000
0.000000000000000 3800000
0.069335937500000 3800000
0.070251464843750 3800000
0.070373535156250 3800000
0.069396972656250 3792581
0.068542480468750 3786271
0.061401367187500 3783370
0.062438964843750 3798247
0.069458007812500 3800000
0.069152832031250 3800000
0.070251464843750 3800000
0.068542480468750 3800000
0.070434570312500 3800036
0.069702148437500 3797935
0.067932128906250 3798614
0.070800781250000 3800000
0.000000000000000 3800000
0.069641113281250 3797954
0.069091796875000 3798554
0.068786621093750 3800000
0.071228027343750 3800000
0.069274902343750 3800000
0.068847656250000 3800000
0.069763183593750 3800036
0.067871093750000 3799963
0.069763183593750 3800000
0.069519042968750 3800000
0.069702148437500 3800000
0.070800781250000 3800000
0.000000000000000 3800000
0.067321777343750 3800000
0.070373535156250 3800036
0.070129394531250 3799963
0.070068359375000 3800000
0.066589355468750 3800000
0.069641113281250 3797613
0.071655273437500 3791146
0.068237304687500 3789080
0.069396972656250 3799917
0.068603515625000 3800000
0.070617675781250 3800000
0.070434570312500 3800000
0.000000000000000 3800000
0.069641113281250 3800000
0.071472167968750 3796574
0.068847656250000 3799927
0.071228027343750 3800072
0.069519042968750 3800000
0.069946289062500 3795643
0.067138671875000 3797438
0.069641113281250 3799963
0.070739746093750 3800036
0.068908691406250 3800000
0.070556640625000 3800000
0.069152832031250 3800000
0.000000000000000 3800000
0.071655273437500 3799963
0.067321777343750 3800036
0.069274902343750 3800000
0.068054199218750 3799927
0.069396972656250 3800072
0.071594238281250 3799963
0.068542480468750 3800036
0.069824218750000 3800000
0.069396972656250 3800000
0.069946289062500 3800000
0.069335937500000 3799963
0.000000000000000 3800036
0.070495605468750 3800000
0.070251464843750 3800000
0.068298339843750 3800000
0.070007324218750 3800000
0.068298339843750 3800000
0.068847656250000 3800000
0.068420410156250 3800000
0.070800781250000 3799963
0.070373535156250 3800036
0.068359375000000 3800000
0.070068359375000 3800000
0.068054199218750 3800000
0.070190429687500 3800000
0.000000000000000 3800000
0.068603515625000 3800000
0.069091796875000 3800000
0.070800781250000 3799963
0.070251464843750 3800036
0.069458007812500 3800000
0.069152832031250 3800000
0.068176269531250 3800000
0.068176269531250 3800036
0.070739746093750 3799963
0.069030761718750 3800000
0.069519042968750 3800000
0.072082519531250 3800000
0.000000000000000 3800000
0.071594238281250 3800000
0.068420410156250 3800000
0.068176269531250 3800036
0.070373535156250 3799963
0.061706542968750 3799963
0.061157226562500 3800036
0.071472167968750 3800000
0.070251464843750 3800000
0.067504882812500 3800000
0.070251464843750 3799963
0.069641113281250 3800036
0.069519042968750 3800000
0.068542480468750 3800000
0.070678710937500 3800000
0.068115234375000 3800000
0.000000000000000 3796598
0.069519042968750 3800000
0.069458007812500 3800000
0.070739746093750 3799963
0.069580078125000 3800036
0.071228027343750 3800000
0.071655273437500 3800000
0.069091796875000 3791476
0.070800781250000 3794633
0.070434570312500 3799963
0.069946289062500 3800000
0.000000000000000 3800036
0.069763183593750 3799963
0.071289062500000 3790105
0.063354492187500 3793491
0.067626953125000 3800036
0.069580078125000 3800000
0.068237304687500 3800000
0.070739746093750 3798613
0.069396972656250 3790823
0.071350097656250 3799963
0.069580078125000 3800000
0.069396972656250 3800000
0.070068359375000 3800000
0.068359375000000 3800000
0.068420410156250 3800000
0.000000000000000 3800000
0.068054199218750 3800036
0.069458007812500 3799963
0.071777343750000 3800000
0.068176269531250 3800000
0.070312500000000 3800000
0.067993164062500 3800000
0.071960449218750 3800000
0.068420410156250 3791711
0.070068359375000 3790843
0.072204589843750 3794072
0.068847656250000 3783300
0.000000000000000 3791069
0.070983886718750 3799963
0.067749023437500 3796447
0.068542480468750 3799963
0.068359375000000 3800000
0.070495605468750 3800036
0.068725585937500 3800000
0.070129394531250 3799963
0.071228027343750 3800000
0.068237304687500 3800000
0.070617675781250 3800000
0.068298339843750 3800036
0.061218261718750 3799963
0.069274902343750 3800000
0.071533203125000 3800000
0.000000000000000 3800000
0.070434570312500 3800000
0.068298339843750 3800000
0.070129394531250 3800000
0.067810058593750 3800000
0.062072753906250 3800000
0.068786621093750 3800000
0.070373535156250 3800000
0.070190429687500 3800000
0.070007324218750 3800000
0.068603515625000 3799963
0.069641113281250 3798277
0.069641113281250 3789396
0.069091796875000 3800000
0.000000000000000 3796410
0.071533203125000 3786044
0.071105957031250 3800000
0.068786621093750 3789394
0.069152832031250 3790227
0.069580078125000 3793380
0.070983886718750 3800000
0.067565917968750 3796060
0.068725585937500 3792894
0.070251464843750 3788608
0.071594238281250 3784740
0.069702148437500 3800000
0.067871093750000 3797311
0.000000000000000 3799170
0.071777343750000 3799963
0.070678710937500 3800000
0.070922851562500 3793001
0.070922851562500 3800000
0.068969726562500 3800000
0.069152832031250 3799963
0.069152832031250 3800036
0.071899414062500 3800000
0.068115234375000 3795577
0.070007324218750 3794157
0.000000000000000 3800000
0.072509765625000 3800000
0.070495605468750 3800000
0.069641113281250 3800000
0.068359375000000 3800000
0.070251464843750 3800000
0.069396972656250 3800000
0.070251464843750 3796574
0.070922851562500 3800000
0.066833496093750 3786703
0.070800781250000 3789148
0.068420410156250 3796694
0.069152832031250 3800000
0.000000000000000 3800000
0.068481445312500 3789370
0.070434570312500 3789823
0.072448730468750 3799963
0.068115234375000 3800072
0.070190429687500 3799963
0.068725585937500 3797077
0.062438964843750 3783330
0.067016601562500 3798247
0.065368652343750 3800036
0.069213867187500 3799963
0.070739746093750 3619418
0.062622070312500 3800000
0.071655273437500 3800000
0.061645507812500 3787829
0.061523437500000 3794492
0.068847656250000 3800000
0.067321777343750 3800000
0.067138671875000 3800000
0.071411132812500 3800000
0.000000000000000 3796545
0.069274902343750 3800000
0.074096679687500 3800000
0.066162109375000 3800000
0.061889648437500 3800000
0.064392089843750 3800000
0.071350097656250 3800000
0.067321777343750 3800000
0.062988281250000 3800000
0.073669433593750 3800000
0.071655273437500 3800000
0.073913574218750 3791021
0.062927246093750 3794779
0.070251464843750 3800036
0.070922851562500 3799963
0.000000000000000 3800072
0.072082519531250 3800000
0.063842773437500 3800000
0.070800781250000 3800000
0.072082519531250 3800000
0.069885253906250 3800000
0.070251464843750 3796890
0.069519042968750 3787010
0.070251464843750 3790631
0.069396972656250 3800036
0.070861816406250 3800000
0.072570800781250 3800000
0.068115234375000 3800000
0.000000000000000 3800000
0.070678710937500 3800000
0.068237304687500 3800000
0.070373535156250 3800000
0.067993164062500 3790664
0.071228027343750 3783336
0.070922851562500 3797943
0.068298339843750 3800000
0.061706542968750 3800000
0.070068359375000 3800000
0.069213867187500 3800000
0.068420410156250 3800000
0.061523437500000 3799963
0.068908691406250 3800036
0.069946289062500 3800000
0.000000000000000 3800000
0.070678710937500 3800000
0.067260742187500 3800000
0.069763183593750 3800000
0.068725585937500 3800000
0.068054199218750 3800000
0.070861816406250 3800000
0.071899414062500 3800000
0.068176269531250 3800000
0.071350097656250 3800000
0.071166992187500 3800000
0.069274902343750 3800000
0.072082519531250 3800000
0.000000000000000 3800000
0.068603515625000 3800000
0.071044921875000 3796371
0.070434570312500 3789728
0.069152832031250 3799430
0.071350097656250 3800000
0.068542480468750 3800000
0.071289062500000 3797480
0.068054199218750 3784043
0.062988281250000 3793943
0.071044921875000 3796795
0.068908691406250 3800000
0.070739746093750 3800000
0.000000000000000 3800000
0.069458007812500 3800036
0.071716308593750 3800000
0.063659667968750 3799927
0.064819335937500 3800072
0.063659667968750 3799963
0.064941406250000 3800000
0.061706542968750 3800000
0.072387695312500 3800000
0.069824218750000 3800036
0.069702148437500 3799339
0.070617675781250 3783335
0.070251464843750 3789184
0.070617675781250 3800000
0.068237304687500 3799963
0.071716308593750 3797416
0.069885253906250 3783261
0.000000000000000 3794917
0.069763183593750 3796486
0.061584472656250 3789634
0.067810058593750 3800000
0.061950683593750 3800000
0.069702148437500 3789710
0.071899414062500 3796192
0.070373535156250 3800072
0.069396972656250 3799963
0.069824218750000 3800000
0.067565917968750 3799963
0.061218261718750 3800036
0.068298339843750 3799963
0.061706542968750 3800000
