0.070983886718750 3800000
0.070007324218750 3800000
0.062988281250000 3800036
0.060668945312500 3799963
0.069763183593750 3799963
0.063293457031250 3800000
0.076782226562500 3800072
0.061340332031250 3800000
0.071716308593750 3800000
0.069702148437500 3800000
0.059814453125000 3800000
0.077880859375000 3800000
0.000000000000000 3799927
0.073242187500000 3800072
0.059265136718750 3800000
0.070983886718750 3800000
0.068664550781250 3800000
0.067504882812500 3800000
0.065002441406250 3800000
0.066467285156250 3800000
0.072448730468750 3799927
0.067932128906250 3800072
0.059204101562500 3800000
0.073669433593750 3800000
0.074157714843750 3800000
0.062377929687500 3800000
0.070068359375000 3800000
0.070068359375000 3799963
0.000000000000000 3800036
0.071472167968750 3800000
0.120056152343750 3800000
0.000000000000000 3800000
0.070617675781250 3799963
0.074829101562500 3800036
0.067810058593750 3800000
0.058715820312500 3800000
0.059204101562500 3800000
0.072326660156250 3800000
0.069763183593750 3800000
0.069763183593750 3800000
0.072387695312500 3800000
0.072753906250000 3800000
0.061157226562500 3800000
0.068237304687500 3800000
0.072570800781250 3800036
0.071777343750000 3799927
0.000000000000000 3799927
0.072204589843750 3800072
0.067993164062500 3800036
0.067993164062500 3799963
0.063232421875000 3800036
0.070800781250000 3800000
0.070556640625000 3800000
0.059020996093750 3799927
0.069030761718750 3800072
0.073425292968750 3800000
0.070739746093750 3799927
0.069641113281250 3800036
0.067199707031250 3800036
0.062622070312500 3800000
0.072631835937500 3795217
0.060913085937500 3783801
0.000000000000000 3800000
0.066955566406250 3799927
0.071716308593750 3800072
0.062927246093750 3799963
0.066345214843750 3800036
0.071166992187500 3799963
0.072204589843750 3800000
0.071533203125000 3800036
0.068725585937500 3799927
0.074401855468750 3800072
0.070556640625000 3799963
0.067687988281250 3800036
0.061706542968750 3800000
0.071899414062500 3800000
0.000000000000000 3799927
0.070800781250000 3800036
0.067993164062500 3800036
0.060180664062500 3800036
0.074035644531250 3799927
0.071899414062500 3800036
0.059265136718750 3800000
0.067382812500000 3800000
0.061523437500000 3800000
0.068847656250000 3800000
0.063598632812500 3799891
0.066162109375000 3800108
0.063659667968750 3800000
0.064453125000000 3800000
0.062744140625000 3800036
0.062377929687500 3799963
0.062194824218750 3800000
0.066284179687500 3800000
0.065246582031250 3800000
0.068969726562500 3800000
0.069580078125000 3800000
0.073486328125000 3800000
0.068481445312500 3800000
0.000000000000000 3800000
0.071716308593750 3800000
0.072875976562500 3799963
0.072998046875000 3800036
0.069335937500000 3800000
0.071533203125000 3799963
0.073242187500000 3800036
0.066711425781250 3800000
0.067749023437500 3800000
0.076721191406250 3800000
0.000000000000000 3800000
0.068969726562500 3800000
0.070617675781250 3799927
0.070739746093750 3800072
0.073974609375000 3800000
0.070373535156250 3800000
0.066528320312500 3800000
0.073303222656250 3799963
0.073486328125000 3800000
0.061218261718750 3800036
0.065551757812500 3800000
0.072875976562500 3799927
0.000000000000000 3800072
0.073242187500000 3800000
0.071105957031250 3800000
0.069091796875000 3800000
0.067016601562500 3800000
0.061706542968750 3799963
0.069702148437500 3799963
0.062683105468750 3800000
0.069213867187500 3800072
0.067749023437500 3800000
0.071594238281250 3800000
0.074035644531250 3800036
0.072326660156250 3799963
0.067871093750000 3799963
0.000000000000000 3800036
0.068969726562500 3799963
0.070068359375000 3800036
0.061950683593750 3800000
0.070007324218750 3800000
0.072021484375000 3799963
0.061828613281250 3800036
0.065917968750000 3800000
0.062500000000000 3800000
0.070373535156250 3799963
0.059631347656250 3800036
0.065856933593750 3800000
0.063049316406250 3799963
0.072875976562500 3799963
0.072204589843750 3800072
0.067993164062500 3800000
0.066589355468750 3800000
0.061340332031250 3800000
0.071228027343750 3800036
0.069091796875000 3799963
0.000000000000000 3800000
0.126892089843750 3800036
0.000000000000000 3799963
0.072875976562500 3800000
0.072082519531250 3800000
0.070678710937500 3800000
0.058654785156250 3799891
0.067443847656250 3800108
0.071533203125000 3800000
0.070922851562500 3800000
0.059204101562500 3800000
0.069824218750000 3800000
0.073669433593750 3800000
0.072387695312500 3799963
0.061401367187500 3800036
0.065979003906250 3800000
0.061889648437500 3800000
0.072204589843750 3799891
0.000000000000000 3800072
0.071960449218750 3800036
0.068481445312500 3800000
0.061889648437500 3800000
0.071411132812500 3799927
0.067382812500000 3800072
0.070678710937500 3800000
0.071777343750000 3799963
0.070861816406250 3800000
0.068420410156250 3800000
0.069519042968750 3800000
0.073242187500000 3800000
0.000000000000000 3800000
0.071411132812500 3799963
0.070373535156250 3800072
0.071044921875000 3800000
0.071228027343750 3799963
0.067626953125000 3800036
0.064086914062500 3800000
0.072448730468750 3800000
0.069702148437500 3800036
0.067504882812500 3799170
0.059204101562500 3797240
0.071777343750000 3800000
0.069213867187500 3799963
0.068786621093750 3800036
0.000000000000000 3800036
0.071960449218750 3799963
0.063659667968750 3800036
0.070800781250000 3799927
0.067687988281250 3800036
0.061706542968750 3800000
0.073059082031250 3800000
0.072448730468750 3800036
0.069335937500000 3799963
0.067077636718750 3799963
0.061584472656250 3795141
0.073242187500000 3797879
0.070373535156250 3799963
0.068115234375000 3800036
0.070617675781250 3800000
0.000000000000000 3800000
0.072937011718750 3800000
0.068176269531250 3800000
0.069213867187500 3800000
0.070129394531250 3800000
0.073120117187500 3800000
0.070495605468750 3799927
0.068481445312500 3800072
0.068298339843750 3800000
0.068847656250000 3800000
0.064025878906250 3799963
0.068542480468750 3800000
0.060485839843750 3800036
0.069152832031250 3800000
0.062011718750000 3799927
0.060546875000000 3800072
0.063049316406250 3799927
0.069274902343750 3800072
0.000000000000000 3800000
0.069213867187500 3800000
0.070556640625000 3800000
0.061401367187500 3800000
0.073120117187500 3799927
0.071838378906250 3800072
0.062438964843750 3800000
0.068847656250000 3800000
0.068786621093750 3799927
0.070251464843750 3800072
0.070007324218750 3800000
0.068359375000000 3800000
0.071350097656250 3800000
0.063537597656250 3799927
0.068420410156250 3800072
0.059875488281250 3800000
0.000000000000000 3800000
0.136535644531250 3800000
0.000000000000000 3800000
0.066101074218750 3800000
0.062438964843750 3800000
0.070312500000000 3800000
0.059143066406250 3800000
0.068298339843750 3800000
0.068908691406250 3800000
0.075012207031250 3800000
0.070800781250000 3800000
0.068542480468750 3800000
0.061401367187500 3799927
0.070495605468750 3800072
0.072937011718750 3800000
0.071289062500000 3800000
0.067749023437500 3800000
0.000000000000000 3799963
0.067626953125000 3800036
0.073547363281250 3800000
0.069641113281250 3800000
0.062622070312500 3800000
0.068115234375000 3800000
0.070922851562500 3800000
0.073486328125000 3800000
0.068481445312500 3800000
0.068908691406250 3799963
0.071716308593750 3800036
0.070434570312500 3800000
0.000000000000000 3800000
0.068908691406250 3800000
0.069641113281250 3800036
0.073303222656250 3800000
0.070068359375000 3792944
0.058715820312500 3800000
0.071105957031250 3800000
0.070495605468750 3799963
0.071105957031250 3800036
0.070007324218750 3800000
0.069152832031250 3800000
0.070678710937500 3800000
0.000000000000000 3800000
0.072448730468750 3800000
0.067749023437500 3800000
0.069763183593750 3800000
0.063537597656250 3800000
0.070739746093750 3800000
0.069091796875000 3800000
0.067138671875000 3800000
0.063598632812500 3796016
0.071533203125000 3800000
0.070617675781250 3800036
0.071166992187500 3800000
0.062927246093750 3800000
0.061706542968750 3800000
0.068725585937500 3800000
0.066467285156250 3800000
0.071228027343750 3800000
0.000000000000000 3800000
0.070861816406250 3800000
0.069091796875000 3800000
0.068542480468750 3800000
0.070800781250000 3800000
0.071716308593750 3799927
0.062927246093750 3800036
0.066406250000000 3800036
0.059082031250000 3799855
0.070983886718750 3800144
0.073730468750000 3800000
0.072692871093750 3800000
0.065979003906250 3800000
0.061035156250000 3800000
0.072875976562500 3800000
0.063415527343750 3800000
0.067321777343750 3799963
0.000000000000000 3800036
0.071472167968750 3800000
0.066833496093750 3799963
0.062866210937500 3800036
0.061279296875000 3800000
0.068481445312500 3800000
0.063842773437500 3800000
0.070312500000000 3800000
0.073425292968750 3800000
0.069580078125000 3800000
0.068359375000000 3800000
0.072937011718750 3800000
0.070800781250000 3800000
0.062927246093750 3800000
0.072692871093750 3800000
0.000000000000000 3800000
0.071594238281250 3800000
0.067382812500000 3800000
0.069274902343750 3800000
0.071044921875000 3800000
0.072143554687500 3799963
0.070007324218750 3799963
0.066467285156250 3800072
0.059814453125000 3800000
0.070373535156250 3799963
0.073547363281250 3800036
0.068969726562500 3799963
0.061218261718750 3800036
0.067199707031250 3800000
0.000000000000000 3800000
0.072875976562500 3800036
0.073303222656250 3799963
0.067687988281250 3800000
0.061523437500000 3800000
0.070251464843750 3800000
0.061218261718750 3800036
0.070373535156250 3799963
0.072082519531250 3800000
0.073791503906250 3800000
0.069946289062500 3800000
0.060485839843750 3799927
0.066345214843750 3800072
0.062805175781250 3800000
0.071594238281250 3800000
0.070434570312500 3799963
0.066528320312500 3800000
0.000000000000000 3800036
0.072570800781250 3800000
0.062500000000000 3799927
0.066162109375000 3800036
0.062194824218750 3799963
0.071411132812500 3800072
0.059997558593750 3800000
0.070373535156250 3800000
0.073364257812500 3800000
0.071166992187500 3800000
0.068603515625000 3800000
0.061462402343750 3800000
0.071838378906250 3800000
0.072387695312500 3800000
0.067932128906250 3800000
0.067871093750000 3799927
0.000000000000000 3800072
0.070373535156250 3800000
0.074584960937500 3800000
0.071472167968750 3800000
0.067260742187500 3800000
0.063232421875000 3800000
0.070068359375000 3800000
0.068298339843750 3800000
0.069824218750000 3800000
0.063598632812500 3800000
0.071105957031250 3799927
0.060363769531250 3800108
0.068847656250000 3799963
0.069335937500000 3799963
0.063171386718750 3800036
0.068359375000000 3800000
0.068969726562500 3800000
0.000000000000000 3800036
0.072082519531250 3799963
0.062438964843750 3800000
0.067871093750000 3800000
0.061828613281250 3800000
0.073425292968750 3799927
0.066772460937500 3800072
0.062561035156250 3800000
0.071411132812500 3800000
0.071899414062500 3800000
0.067443847656250 3800000
0.077087402343750 3800000
0.072204589843750 3800000
0.065063476562500 3799963
0.000000000000000 3800036
0.072509765625000 3800000
0.072570800781250 3798170
0.070983886718750 3798994
0.066345214843750 3800000
0.070312500000000 3800000
0.072692871093750 3800000
0.070739746093750 3800000
0.066650390625000 3800000
0.067993164062500 3800000
0.071838378906250 3800000
0.000000000000000 3799891
0.071899414062500 3796114
0.067993164062500 3800000
0.072387695312500 3800000
0.069702148437500 3800000
0.061096191406250 3800000
0.069030761718750 3800000
0.072326660156250 3800000
0.072631835937500 3800000
0.070800781250000 3799927
0.070312500000000 3800072
0.063659667968750 3800036
0.070800781250000 3799963
0.068054199218750 3799963
0.000000000000000 3800036
0.068237304687500 3800000
0.072509765625000 3800000
0.069213867187500 3800000
0.073242187500000 3800000
0.068481445312500 3800000
0.066406250000000 3800000
0.070312500000000 3800000
0.073974609375000 3800000
0.072937011718750 3800000
0.000000000000000 3800000
0.065429687500000 3800000
0.072265625000000 3800000
0.071960449218750 3800000
0.059326171875000 3800000
0.067260742187500 3800000
0.071960449218750 3800000
0.062255859375000 3800000
0.069030761718750 3800000
0.062316894531250 3800000
0.070556640625000 3799963
0.062072753906250 3800036
0.067871093750000 3800000
0.068054199218750 3799927
0.070739746093750 3800072
0.063232421875000 3800000
0.068115234375000 3800000
0.069152832031250 3800000
0.071899414062500 3800000
0.000000000000000 3800000
0.071838378906250 3800000
0.070190429687500 3800000
0.068176269531250 3799963
0.061706542968750 3799963
0.072387695312500 3800072
0.070190429687500 3800000
0.059020996093750 3800000
0.071716308593750 3800000
0.070861816406250 3800000
0.066467285156250 3800036
0.071350097656250 3799963
0.072448730468750 3800036
0.000000000000000 3799927
0.071105957031250 3800036
0.069396972656250 3800000
0.071533203125000 3800000
0.074279785156250 3800000
0.070434570312500 3800000
0.067321777343750 3799963
0.068664550781250 3800036
0.062927246093750 3800000
0.061828613281250 3800000
0.059082031250000 3800000
0.070312500000000 3800000
0.070312500000000 3800000
0.061828613281250 3800000
0.067626953125000 3800000
0.062622070312500 3800000
0.071350097656250 3800000
0.070068359375000 3799963
0.066467285156250 3800036
0.000000000000000 3800000
0.074096679687500 3800000
0.071289062500000 3800000
0.068054199218750 3800000
0.062622070312500 3799963
0.070190429687500 3800036
0.066650390625000 3800000
0.071960449218750 3800000
0.072875976562500 3800000
0.062622070312500 3800000
0.066955566406250 3800000
0.069824218750000 3800036
0.070800781250000 3799963
0.059875488281250 3799963
0.000000000000000 3800036
0.070617675781250 3800000
0.073974609375000 3800000
0.073364257812500 3799963
0.069274902343750 3800036
0.063293457031250 3799963
0.070312500000000 3800036
0.061950683593750 3800000
0.070922851562500 3799927
0.060363769531250 3800072
0.069091796875000 3799963
0.072814941406250 3800036
0.071472167968750 3799927
0.067382812500000 3800072
0.061157226562500 3800000
0.069519042968750 3799963
0.061950683593750 3800072
0.068481445312500 3792616
0.000000000000000 3799963
0.069885253906250 3800000
0.071105957031250 3799963
0.063903808593750 3800072
0.071166992187500 3800000
0.067443847656250 3799963
0.062011718750000 3800036
0.073852539062500 3799963
0.072509765625000 3800036
0.066467285156250 3800000
0.071533203125000 3799927
0.072998046875000 3800072
0.068054199218750 3800000
0.000000000000000 3800000
0.071044921875000 3800000
0.072875976562500 3800000
0.062072753906250 3800000
0.066467285156250 3800000
0.068847656250000 3800000
0.072509765625000 3800000
0.074401855468750 3800000
0.061523437500000 3799963
0.065551757812500 3800036
0.068298339843750 3800000
0.072387695312500 3800000
0.062438964843750 3799927
0.066223144531250 3800108
0.061584472656250 3799963
0.073974609375000 3800000
0.069274902343750 3800000
0.061096191406250 3800000
0.000000000000000 3800000
0.129821777343750 3800000
0.000000000000000 3799963
0.069580078125000 3800072
0.068786621093750 3799927
0.070617675781250 3800036
0.074829101562500 3800000
0.070800781250000 3800000
0.067687988281250 3800000
0.060913085937500 3800000
0.070373535156250 3800000
0.062988281250000 3799891
0.066101074218750 3800108
0.059448242187500 3800036
0.062133789062500 3799927
0.060729980468750 3800036
0.071228027343750 3799963
0.062744140625000 3800036
0.068908691406250 3796582
0.071044921875000 3800000
0.073486328125000 3799963
0.000000000000000 3800036
0.068786621093750 3800000
0.068847656250000 3800000
0.059570312500000 3800000
0.071105957031250 3800000
0.070617675781250 3800000
0.069274902343750 3800000
0.072937011718750 3799927
0.071716308593750 3800072
0.070434570312500 3800000
0.067321777343750 3799963
0.071716308593750 3800036
0.000000000000000 3799927
0.072937011718750 3800072
0.065368652343750 3800000
0.071838378906250 3800036
0.071411132812500 3799963
0.061035156250000 3800000
0.067016601562500 3800000
0.072448730468750 3800000
0.070007324218750 3800000
0.059387207031250 3800000
0.061462402343750 3800000
0.074951171875000 3800000
0.072326660156250 3799963
0.068054199218750 3800000
0.059997558593750 3800036
0.068298339843750 3800000
0.071777343750000 3800000
0.000000000000000 3800000
0.070068359375000 3799927
0.070312500000000 3800072
0.064208984375000 3800000
0.069763183593750 3800000
0.067626953125000 3800000
0.071594238281250 3800036
0.072692871093750 3799963
0.069824218750000 3800000
0.068786621093750 3799927
0.068969726562500 3800072
0.070373535156250 3800000
0.000000000000000 3800000
0.073547363281250 3800000
0.069641113281250 3800000
0.069030761718750 3800000
0.068847656250000 3800000
0.070190429687500 3799963
0.073974609375000 3800036
0.067932128906250 3800000
0.071411132812500 3799927
0.073669433593750 3800072
0.059753417968750 3800000
0.068786621093750 3800000
0.000000000000000 3799963
0.070983886718750 3800000
0.074340820312500 3800036
0.070678710937500 3799963
0.059204101562500 3800036
0.068115234375000 3800000
0.073608398437500 3799963
0.071350097656250 3800036
0.066650390625000 3800000
0.071960449218750 3799927
0.072814941406250 3800072
0.067138671875000 3800000
0.062133789062500 3800000
0.000000000000000 3799927
0.073547363281250 3800108
0.069458007812500 3799963
0.066589355468750 3800000
0.072875976562500 3800000
0.074401855468750 3800000
0.069580078125000 3800000
0.066650390625000 3800000
0.073303222656250 3799963
0.061462402343750 3800036
0.067077636718750 3800000
0.069458007812500 3800036
0.072875976562500 3799963
0.064147949218750 3800000
0.000000000000000 3800000
0.067749023437500 3800000
0.061523437500000 3800036
0.069519042968750 3800000
0.059387207031250 3799963
0.073181152343750 3800000
0.070495605468750 3799927
0.070373535156250 3800072
0.067443847656250 3800000
0.062194824218750 3793079
0.072998046875000 3800000
0.071594238281250 3800000
0.068237304687500 3800000
0.072021484375000 3799963
0.062561035156250 3800036
0.066833496093750 3800000
0.062011718750000 3800000
0.071350097656250 3800000
0.000000000000000 3799927
0.071533203125000 3800072
0.059265136718750 3800000
0.072692871093750 3800000
0.071655273437500 3800036
0.066162109375000 3799963
0.062683105468750 3800000
0.070922851562500 3800000
0.067810058593750 3800000
0.071166992187500 3800000
0.070312500000000 3800000
0.068481445312500 3799963
0.071105957031250 3800072
0.063537597656250 3799963
0.070495605468750 3799927
0.060607910156250 3800072
0.000000000000000 3799891
0.070800781250000 3800108
0.071716308593750 3800000
0.066528320312500 3800000
0.070739746093750 3800000
0.073974609375000 3800000
0.067321777343750 3799963
0.070434570312500 3799963
0.071228027343750 3800072
0.063842773437500 3800000
0.068969726562500 3800036
0.067810058593750 3799963
0.000000000000000 3800000
0.073669433593750 3799927
0.070312500000000 3800072
0.061523437500000 3799963
0.065551757812500 3800000
0.072204589843750 3800036
0.070861816406250 3800000
0.059387207031250 3800000
0.071655273437500 3798242
0.071228027343750 3787160
0.059570312500000 3799963
0.072875976562500 3800036
0.062500000000000 3800000
0.066406250000000 3800000
0.071838378906250 3800000
0.071411132812500 3800000
0.061645507812500 3800000
0.066650390625000 3800000
0.062805175781250 3800000
0.000000000000000 3800000
0.074462890625000 3800000
0.067993164062500 3800000
0.059875488281250 3800000
0.069885253906250 3800036
0.061218261718750 3799927
0.067260742187500 3800036
0.062377929687500 3799927
0.070556640625000 3800072
0.060729980468750 3800000
0.065795898437500 3800000
0.070800781250000 3800000
0.072509765625000 3799963
0.070495605468750 3800036
0.074035644531250 3800000
0.068481445312500 3800000
0.059265136718750 3800000
0.067810058593750 3798043
0.062683105468750 3798073
0.070861816406250 3800108
0.069335937500000 3799963
0.000000000000000 3800000
0.070068359375000 3800000
0.071350097656250 3800000
0.070251464843750 3800000
0.067565917968750 3800000
0.061401367187500 3800000
0.072265625000000 3799963
0.072021484375000 3788168
0.069885253906250 3786001
0.070373535156250 3799927
0.064270019531250 3800072
0.068359375000000 3799963
0.066711425781250 3800036
0.066833496093750 3799891
0.000000000000000 3800108
0.071350097656250 3800000
0.063293457031250 3800000
0.070922851562500 3799963
0.059814453125000 3800036
0.070129394531250 3799963
0.062683105468750 3800036
0.068298339843750 3800000
0.067016601562500 3800000
0.061645507812500 3799963
0.073791503906250 3800036
0.070312500000000 3800000
0.068176269531250 3799963
0.069763183593750 3800000
0.072814941406250 3800000
0.070983886718750 3800036
0.060180664062500 3800000
0.066894531250000 3799927
0.000000000000000 3800072
0.072326660156250 3800000
0.073181152343750 3799963
0.071350097656250 3800036
0.067749023437500 3800000
0.072509765625000 3800000
0.070556640625000 3800000
0.070495605468750 3800000
0.073364257812500 3800000
0.068908691406250 3800036
0.067321777343750 3799963
0.000000000000000 3799927
0.070373535156250 3800072
0.064697265625000 3800000
0.068786621093750 3800000
0.067932128906250 3800000
0.071777343750000 3800000
0.072998046875000 3800000
0.059143066406250 3800000
0.065795898437500 3800000
0.071166992187500 3800000
0.072875976562500 3800000
0.070068359375000 3799927
0.068359375000000 3800036
0.071838378906250 3800036
0.000000000000000 3800000
0.074157714843750 3799963
0.069274902343750 3800036
0.068115234375000 3800000
0.071899414062500 3800000
0.060852050781250 3800000
0.065063476562500 3800000
0.061889648437500 3798758
0.071228027343750 3787307
0.073913574218750 3800000
0.059082031250000 3800000
0.066772460937500 3800000
0.062011718750000 3800036
0.070739746093750 3799963
0.059082031250000 3800000
0.069458007812500 3800000
0.062927246093750 3800000
0.068115234375000 3800000
0.062194824218750 3800000
0.070495605468750 3800000
0.071411132812500 3800000
0.000000000000000 3800000
0.069763183593750 3799927
0.066650390625000 3800072
0.068603515625000 3800000
0.072448730468750 3800000
0.062744140625000 3800000
0.059143066406250 3799891
0.067565917968750 3800072
0.070556640625000 3800036
0.071716308593750 3799963
0.068725585937500 3800036
0.071777343750000 3800000
0.072448730468750 3800000
0.068664550781250 3800000
0.058837890625000 3800000
0.071166992187500 3800000
0.061401367187500 3800000
0.067382812500000 3799927
0.000000000000000 3800072
0.070617675781250 3799963
0.064392089843750 3800036
0.071472167968750 3800000
0.068603515625000 3800000
0.069213867187500 3799927
0.071533203125000 3800072
0.070190429687500 3800000
0.068420410156250 3796526
0.071044921875000 3799963
0.071838378906250 3800000
0.069519042968750 3800000
0.000000000000000 3800000
0.066040039062500 3799963
0.070922851562500 3800036
0.073547363281250 3800000
0.069030761718750 3800000
0.068603515625000 3799927
0.072692871093750 3800072
0.072753906250000 3800000
0.070556640625000 3800000
0.060119628906250 3799963
0.068420410156250 3799963
0.072143554687500 3800072
0.062255859375000 3800000
0.066223144531250 3800000
0.062988281250000 3800000
0.068908691406250 3800000
0.059265136718750 3799963
0.000000000000000 3799963
0.070983886718750 3800072
0.064270019531250 3800000
0.067749023437500 3800000
0.072387695312500 3799927
0.072937011718750 3800072
0.068237304687500 3800000
0.067016601562500 3799927
0.070495605468750 3800072
0.072570800781250 3800000
0.073303222656250 3799927
0.059997558593750 3800072
0.068298339843750 3790931
0.000000000000000 3783334
0.133789062500000 3797219
0.000000000000000 3799963
0.068115234375000 3800000
0.069152832031250 3800000
0.071655273437500 3800000
0.073547363281250 3800000
0.071289062500000 3800000
0.069946289062500 3800000
0.072692871093750 3799927
0.069030761718750 3800072
0.070556640625000 3800000
0.000000000000000 3800000
0.071166992187500 3800000
0.071044921875000 3800000
0.071044921875000 3800000
0.069946289062500 3800000
0.058654785156250 3799963
0.072265625000000 3800036
0.070251464843750 3799891
0.073059082031250 3800144
0.071472167968750 3799963
0.068542480468750 3799927
0.069824218750000 3800072
0.000000000000000 3799963
0.072021484375000 3799963
0.067138671875000 3800072
0.059570312500000 3800000
0.073486328125000 3799963
0.072143554687500 3800000
0.067016601562500 3800000
0.071899414062500 3799963
0.063049316406250 3800036
0.068664550781250 3799963
0.067504882812500 3800072
0.073120117187500 3800000
0.071533203125000 3800000
0.070434570312500 3800000
0.000000000000000 3800000
0.071228027343750 3800000
0.070495605468750 3800036
0.066833496093750 3800000
0.063964843750000 3800000
0.074768066406250 3799963
0.068359375000000 3800000
0.069946289062500 3800000
0.071716308593750 3800000
0.062072753906250 3800000
0.067321777343750 3800000
0.063232421875000 3800000
0.068786621093750 3799927
0.063964843750000 3800072
0.070617675781250 3800000
0.069641113281250 3800000
0.000000000000000 3800036
0.071960449218750 3799963
0.065551757812500 3797819
0.063232421875000 3792182
0.069641113281250 3799963
0.070861816406250 3800036
0.066223144531250 3800036
0.062988281250000 3799963
0.074584960937500 3800000
0.066284179687500 3800000
0.068969726562500 3800000
0.071044921875000 3800000
0.065673828125000 3800000
0.064331054687500 3800000
0.059082031250000 3800000
0.067565917968750 3799963
0.063232421875000 3800000
0.077392578125000 3800036
0.000000000000000 3800000
0.070800781250000 3800000
0.076660156250000 3800000
0.069824218750000 3800000
0.064575195312500 3800000
0.068359375000000 3800000
0.065124511718750 3800000
0.065917968750000 3800000
0.064392089843750 3800000
0.068847656250000 3799927
0.073608398437500 3800036
0.070373535156250 3800072
0.070617675781250 3799963
0.000000000000000 3800000
0.064697265625000 3800000
0.071960449218750 3799927
0.066162109375000 3800072
0.067749023437500 3800000
0.071228027343750 3800000
0.063598632812500 3799891
0.069641113281250 3800108
0.068847656250000 3800000
0.066772460937500 3799927
0.064880371093750 3800072
0.072937011718750 3799963
0.068298339843750 3790417
0.068786621093750 3799146
0.068847656250000 3800036
0.063476562500000 3799963
0.000000000000000 3800000
0.070434570312500 3799927
0.068176269531250 3800000
0.071899414062500 3800000
0.071777343750000 3800072
0.061645507812500 3799963
0.065734863281250 3800036
0.071044921875000 3800000
0.070983886718750 3800000
0.059448242187500 3800000
0.067260742187500 3800000
0.071044921875000 3800000
0.073303222656250 3800000
0.069396972656250 3800000
0.060668945312500 3800000
0.070556640625000 3800000
0.000000000000000 3800000
0.071960449218750 3800000
0.065429687500000 3800000
0.062072753906250 3800036
0.072021484375000 3799963
0.071166992187500 3800000
0.071228027343750 3799927
0.062561035156250 3800072
0.067749023437500 3799963
0.070983886718750 3797332
0.071411132812500 3799296
0.066406250000000 3800000
0.062500000000000 3800000
0.074462890625000 3800000
0.066772460937500 3800000
0.062438964843750 3800000
0.000000000000000 3800036
0.072753906250000 3799891
0.058837890625000 3800072
0.070068359375000 3800000
0.073730468750000 3800000
0.071166992187500 3800000
0.059875488281250 3799927
0.065307617187500 3800072
0.070190429687500 3800000
0.072021484375000 3800000
0.061950683593750 3800000
0.062500000000000 3800000
0.065429687500000 3800000
0.062744140625000 3800000
0.070800781250000 3796567
0.065368652343750 3800000
0.068176269531250 3800000
0.074340820312500 3800000
0.066223144531250 3800000
0.064453125000000 3800000
0.000000000000000 3800000
0.070678710937500 3800000
0.072631835937500 3800000
0.062133789062500 3800000
0.067871093750000 3799963
0.058715820312500 3800036
0.074279785156250 3796451
0.070129394531250 3800144
0.060363769531250 3800000
0.069946289062500 3800000
0.063659667968750 3800000
0.067749023437500 3800036
0.072509765625000 3799963
0.070251464843750 3799963
0.069824218750000 3800036
0.063232421875000 3800000
0.071655273437500 3800000
0.000000000000000 3800000
0.067382812500000 3800000
0.072448730468750 3800000
0.063232421875000 3800000
0.066223144531250 3800000
0.072326660156250 3800000
0.072265625000000 3800000
0.067260742187500 3799963
0.062927246093750 3800072
0.068725585937500 3799963
0.061645507812500 3800000
0.068298339843750 3800000
0.070434570312500 3800000
0.070922851562500 3800000
0.070556640625000 3799927
0.070007324218750 3800072
0.000000000000000 3800000
0.067871093750000 3800000
0.064819335937500 3800000
0.070129394531250 3800000
0.067993164062500 3800000
0.071594238281250 3799963
0.071533203125000 3800036
0.070800781250000 3800000
0.067077636718750 3799927
0.071838378906250 3800072
0.067443847656250 3800000
0.059265136718750 3800000
0.071166992187500 3799855
0.073913574218750 3800144
0.000000000000000 3800000
0.072387695312500 3800000
0.059326171875000 3800000
0.070678710937500 3799963
0.070312500000000 3799963
0.069274902343750 3800072
0.069580078125000 3799927
0.074462890625000 3800072
0.071533203125000 3799963
0.071533203125000 3800072
0.072204589843750 3799927
0.000000000000000 3800036
0.067871093750000 3800000
0.067443847656250 3800000
0.069152832031250 3800036
0.063842773437500 3799963
0.073669433593750 3800036
0.070312500000000 3799963
0.062927246093750 3800036
0.068664550781250 3800000
0.069946289062500 3799891
0.072998046875000 3800072
0.071533203125000 3800000
0.068908691406250 3800000
0.064819335937500 3800000
0.060363769531250 3800000
0.064086914062500 3799963
0.071105957031250 3800036
0.000000000000000 3800000
0.067993164062500 3800000
0.062133789062500 3799855
0.075134277343750 3795247
0.070739746093750 3798015
0.068542480468750 3800000
0.071960449218750 3800000
0.071166992187500 3800000
0.066711425781250 3800000
0.070434570312500 3800000
0.070739746093750 3800000
0.060852050781250 3800000
0.068115234375000 3800000
0.000000000000000 3800000
0.072570800781250 3794898
0.072448730468750 3793886
0.066467285156250 3800000
0.070617675781250 3800000
0.073425292968750 3799963
0.071166992187500 3800036
0.070007324218750 3800000
0.066650390625000 3800000
0.064819335937500 3800000
0.070251464843750 3800036
0.070861816406250 3799963
0.000000000000000 3800000
0.068298339843750 3794076
0.072265625000000 3791983
0.072326660156250 3799963
0.066711425781250 3800036
0.062316894531250 3799963
0.071228027343750 3800036
0.059020996093750 3800000
0.071228027343750 3800000
0.072692871093750 3800000
0.068847656250000 3800000
0.066711425781250 3800000
0.063171386718750 3799963
0.071411132812500 3797847
0.061096191406250 3798736
0.066711425781250 3799891
0.063659667968750 3800108
0.068237304687500 3800000
0.059143066406250 3800000
0.068542480468750 3800000
0.000000000000000 3790446
0.071289062500000 3799208
0.073730468750000 3799963
0.068969726562500 3800036
0.068115234375000 3799963
0.069885253906250 3800072
0.074829101562500 3799963
0.066284179687500 3800000
0.072204589843750 3800000
0.068420410156250 3800000
0.069396972656250 3799963
0.062011718750000 3800036
0.067443847656250 3800000
0.000000000000000 3800000
0.073059082031250 3800000
0.071289062500000 3799963
0.059387207031250 3800036
0.071044921875000 3800000
0.072998046875000 3800000
0.069152832031250 3800000
0.066650390625000 3799963
0.062072753906250 3800036
0.072265625000000 3800000
0.067626953125000 3800000
0.067687988281250 3800000
0.069702148437500 3800000
0.072814941406250 3795214
0.000000000000000 3797889
0.072265625000000 3800000
0.069885253906250 3792825
0.066833496093750 3800036
0.062255859375000 3799855
0.070129394531250 3800144
0.059326171875000 3800000
0.064697265625000 3800000
0.062927246093750 3800000
0.073486328125000 3800000
0.073364257812500 3799963
0.067504882812500 3800036
0.066650390625000 3800000
0.062438964843750 3800000
0.071166992187500 3800000
0.070129394531250 3799927
0.065979003906250 3800072
0.000000000000000 3799963
0.136901855468750 3799963
0.000000000000000 3800072
0.068969726562500 3800000
0.061828613281250 3800000
0.070190429687500 3800000
0.059570312500000 3799855
0.070373535156250 3800144
0.074340820312500 3799927
0.067871093750000 3800072
0.068298339843750 3800000
0.074279785156250 3800000
0.069335937500000 3800036
0.067810058593750 3799963
0.070678710937500 3799927
0.063720703125000 3800072
0.069396972656250 3800000
0.059143066406250 3799927
0.000000000000000 3800072
0.073791503906250 3799963
0.072021484375000 3800000
0.072265625000000 3800000
0.066345214843750 3800072
0.062744140625000 3799963
0.070007324218750 3800000
0.061462402343750 3800000
0.071289062500000 3800000
0.061462402343750 3799927
0.069152832031250 3800072
0.071289062500000 3800000
0.063842773437500 3800000
0.067626953125000 3799927
0.068542480468750 3800072
0.069152832031250 3800000
0.000000000000000 3799927
0.074462890625000 3800072
0.070617675781250 3800000
0.070129394531250 3800000
0.074218750000000 3800000
0.068603515625000 3800000
0.059814453125000 3800000
0.071166992187500 3799927
0.070373535156250 3800072
0.068603515625000 3800000
0.062927246093750 3799927
0.073120117187500 3800072
0.070068359375000 3800000
0.059997558593750 3800000
0.066528320312500 3799963
0.063903808593750 3800036
0.000000000000000 3800000
0.072082519531250 3800000
0.071533203125000 3800000
0.070373535156250 3799927
0.067626953125000 3800036
0.062072753906250 3799963
0.071716308593750 3800000
0.062622070312500 3800036
0.068054199218750 3794519
0.069274902343750 3790790
0.069030761718750 3797478
0.073059082031250 3800036
0.070800781250000 3799891
0.067810058593750 3799164
0.000000000000000 3793985
0.071777343750000 3800000
0.071411132812500 3800000
0.069580078125000 3800000
0.066040039062500 3800000
0.064514160156250 3799963
0.074645996093750 3800036
0.065917968750000 3800000
0.068176269531250 3800000
0.062316894531250 3800000
0.072998046875000 3799891
0.070190429687500 3796726
0.059020996093750 3799963
0.065612792968750 3800000
0.072692871093750 3800036
0.000000000000000 3799963
0.072265625000000 3800000
0.069213867187500 3800000
0.061035156250000 3800000
0.072021484375000 3800000
0.071350097656250 3800036
0.067993164062500 3799963
0.069030761718750 3799963
0.070800781250000 3800036
0.072753906250000 3800000
0.070922851562500 3800000
0.066650390625000 3799963
0.072937011718750 3800000
0.000000000000000 3800036
0.077453613281250 3799963
0.068298339843750 3800036
0.068359375000000 3800000
0.069519042968750 3800000
0.060363769531250 3800036
0.070861816406250 3799963
0.069763183593750 3800000
0.073730468750000 3800000
0.070129394531250 3800000
0.059326171875000 3800000
0.070495605468750 3800000
0.070190429687500 3799891
0.059082031250000 3800036
0.070434570312500 3800000
0.000000000000000 3800072
0.072692871093750 3799927
0.070556640625000 3800072
0.069702148437500 3800000
0.069641113281250 3799963
0.062683105468750 3800036
0.060241699218750 3800000
0.061889648437500 3800000
0.070678710937500 3800000
0.067443847656250 3789032
0.061767578125000 3800000
0.070373535156250 3799927
0.069824218750000 3800000
0.061462402343750 3800072
0.069763183593750 3800000
0.072998046875000 3800000
0.072265625000000 3800000
0.000000000000000 3799963
0.130249023437500 3800036
0.000000000000000 3800000
0.072265625000000 3800000
0.068481445312500 3800000
0.071594238281250 3800000
0.070434570312500 3799963
0.071838378906250 3800036
0.073181152343750 3800000
0.067810058593750 3800000
0.070068359375000 3800000
0.073913574218750 3800000
0.000000000000000 3800036
0.069824218750000 3799963
0.067932128906250 3800000
0.071228027343750 3800000
0.071105957031250 3800000
0.063964843750000 3800000
0.068908691406250 3799963
0.068908691406250 3800036
0.072265625000000 3800000
0.073669433593750 3800000
0.071594238281250 3800000
0.067199707031250 3800000
0.000000000000000 3800000
0.069396972656250 3800000
0.073547363281250 3799963
0.061706542968750 3800036
0.068786621093750 3800000
0.072143554687500 3799963
0.073059082031250 3800036
0.070556640625000 3800000
0.059082031250000 3800000
0.069641113281250 3800000
0.072509765625000 3800000
0.059082031250000 3800000
0.072692871093750 3800000
0.073425292968750 3799963
0.000000000000000 3800036
0.070739746093750 3799963
0.069030761718750 3800036
0.067810058593750 3800000
0.064025878906250 3800000
0.059204101562500 3800036
0.072631835937500 3799927
0.061523437500000 3800036
0.069702148437500 3800000
0.072204589843750 3800000
0.071411132812500 3823922
0.076965332031250 4000038
0.080383300781250 3999961
0.080505371093750 4000038
0.077819824218750 3999961
0.000000000000000 4000038
0.076354980468750 3999961
0.068969726562500 4000038
0.078369140625000 4000000
0.068725585937500 4000000
0.074829101562500 4000000
0.078552246093750 3999885
0.076904296875000 4000076
0.068603515625000 4000000
0.076965332031250 4000000
0.076477050781250 4000038
0.075988769531250 4000000
0.075866699218750 4000000
0.069213867187500 4000000
0.076965332031250 4000000
0.077270507812500 4000000
0.079956054687500 4000000
0.079528808593750 4000000
0.000000000000000 4000000
0.078796386718750 3999961
0.076416015625000 4000038
0.076843261718750 4000000
0.076232910156250 4000039
0.078125000000000 3999961
0.078979492187500 4000000
0.075622558593750 4000000
0.077453613281250 4000000
0.077697753906250 3999961
0.076416015625000 4000000
0.075866699218750 4000038
0.077148437500000 3999961
0.000000000000000 4000038
0.076660156250000 3999961
0.080261230468750 4000038
0.076171875000000 4000000
0.074707031250000 4000000
0.077575683593750 4000000
0.078979492187500 3999885
0.078979492187500 4000114
0.076538085937500 4000000
0.076538085937500 4000000
0.076599121093750 4000000
0.077575683593750 4000000
0.075683593750000 4000000
0.000000000000000 4000000
0.077819824218750 3999923
0.076354980468750 4000076
0.076416015625000 4000000
0.077880859375000 4000000
0.079284667968750 4000000
0.077026367187500 4000000
0.077880859375000 4000000
0.078247070312500 4000000
0.077087402343750 4000000
0.073913574218750 4000000
0.077758789062500 4000000
0.000000000000000 3999923
0.080810546875000 4000076
0.075622558593750 4000000
0.077758789062500 3999961
0.074768066406250 4000038
0.077453613281250 4000000
0.078002929687500 4000000
0.079895019531250 4000000
0.077880859375000 4000000
0.076049804687500 3999923
0.067932128906250 4000076
0.075988769531250 4000000
0.068115234375000 4000000
0.074829101562500 4000000
0.068359375000000 4000000
0.077026367187500 4000000
0.076232910156250 4000000
0.076782226562500 3999961
0.000000000000000 4000000
0.078979492187500 4000038
0.078063964843750 4000000
0.076049804687500 4000000
0.078063964843750 3999885
0.075134277343750 4000114
0.079040527343750 3999961
0.079528808593750 3999961
0.076293945312500 4000076
0.076965332031250 4000000
0.075622558593750 3999961
0.081237792968750 4000038
0.075561523437500 4000000
0.000000000000000 4000000
0.076660156250000 4000000
0.079589843750000 4000000
0.077453613281250 4000038
0.068420410156250 3999961
0.074523925781250 4000000
0.078552246093750 3999961
0.076293945312500 4000038
0.077819824218750 4000000
0.076721191406250 4000000
0.077148437500000 4000000
0.076416015625000 3999961
0.076538085937500 4000000
0.079833984375000 4000039
0.000000000000000 3999885
0.076477050781250 4000076
0.077941894531250 3999961
0.074462890625000 4000076
0.078002929687500 4000000
0.078308105468750 4000000
0.075134277343750 3999961
0.076232910156250 4000038
0.076904296875000 4000000
0.078857421875000 3999923
0.076477050781250 4000076
0.076904296875000 4000000
0.078430175781250 3999961
0.000000000000000 4000000
0.074951171875000 4000038
0.078063964843750 4000000
0.077453613281250 4000000
0.078613281250000 3999923
0.075378417968750 4000038
0.080627441406250 4000000
0.077392578125000 4000038
0.077697753906250 4000000
0.079162597656250 3999961
0.075988769531250 4000038
0.079284667968750 4000000
0.075012207031250 4000000
0.000000000000000 4000000
0.078979492187500 4000000
0.077209472656250 4000000
0.077392578125000 4000000
0.076782226562500 4000000
0.076049804687500 4000000
0.068725585937500 4000000
0.075561523437500 3999961
0.068176269531250 4000000
0.075134277343750 4000000
0.078369140625000 4000038
0.080383300781250 3999961
0.076171875000000 4000039
0.080078125000000 4000000
0.075927734375000 4000000
0.000000000000000 3999961
0.078979492187500 4000038
0.077636718750000 4000000
0.079467773437500 4000000
0.078552246093750 3999961
0.075622558593750 4000000
0.077636718750000 4000038
0.076782226562500 4000000
0.076171875000000 4000000
0.074951171875000 4000000
0.075866699218750 3870530
0.072204589843750 3800000
0.000000000000000 3800000
0.073913574218750 3800000
0.071899414062500 3800000
0.072265625000000 3800000
0.074035644531250 3797757
0.074401855468750 3802243
0.071716308593750 3800000
0.071289062500000 3800000
0.071594238281250 3799891
0.070922851562500 3800108
0.072448730468750 3800000
0.072875976562500 3799927
0.000000000000000 3800072
0.070800781250000 3800000
0.072937011718750 3800000
0.073364257812500 3799963
0.073608398437500 3800036
0.072448730468750 3800000
0.070251464843750 3800000
0.072509765625000 3799963
0.071655273437500 3800072
0.072448730468750 3799927
0.073120117187500 3800036
0.070129394531250 3800000
0.000000000000000 3800000
0.074096679687500 3800000
0.071289062500000 3800036
0.074035644531250 3799963
0.071533203125000 3800000
0.073730468750000 3800000
0.064147949218750 3800000
0.071533203125000 3800000
0.070800781250000 3792353
0.071838378906250 3797055
0.063171386718750 3800000
0.071716308593750 3800000
0.063598632812500 3800000
0.070495605468750 3798781
0.147155761718750 3795816
0.069946289062500 3800000
0.073669433593750 3799963
0.069030761718750 3799954
0.000000000000000 3796684
0.074645996093750 3800000
0.070678710937500 3789683
0.073486328125000 3793973
0.070373535156250 3783334
0.073120117187500 3791801
0.072143554687500 3799458
0.070373535156250 3788851
0.073791503906250 3800000
0.070312500000000 3799927
0.073669433593750 3800072
0.073913574218750 3800000
0.070129394531250 3797888
0.000000000000000 3798547
0.073730468750000 3800000
0.069580078125000 3800000
0.072631835937500 3800000
0.072509765625000 3799927
0.072753906250000 3799963
0.072753906250000 3800108
0.071228027343750 3800000
0.073242187500000 3800000
0.072021484375000 3800000
0.071899414062500 3800000
0.072326660156250 3789653
0.066772460937500 3800000
0.000000000000000 3800000
0.071716308593750 3800000
0.070190429687500 3799963
0.072509765625000 3800036
0.073059082031250 3800000
0.072692871093750 3800000
0.069946289062500 3800000
0.072387695312500 3799963
0.073974609375000 3800000
0.072692871093750 3800036
0.070922851562500 3800000
0.069763183593750 3800000
0.000000000000000 3796715
0.072814941406250 3796306
0.074157714843750 3800072
0.072143554687500 3799963
0.073242187500000 3800036
0.071105957031250 3800000
0.063598632812500 3800000
0.072082519531250 3797493
0.072082519531250 3800000
0.070983886718750 3800000
0.073242187500000 3800000
0.072814941406250 3787277
0.072387695312500 3797266
0.071228027343750 3783382
0.000000000000000 3788615
0.070312500000000 3799927
0.072814941406250 3800036
0.070983886718750 3800072
0.064086914062500 3799963
0.069274902343750 3800000
0.073120117187500 3800000
0.071777343750000 3800000
0.074584960937500 3800000
0.074157714843750 3800000
0.070190429687500 3800000
0.072143554687500 3800000
0.072509765625000 3800000
0.072937011718750 3800000
0.000000000000000 3800000
0.071594238281250 3800000
0.133239746093750 3799963
0.000000000000000 3800072
0.073852539062500 3799963
0.071899414062500 3799963
0.069519042968750 3796601
0.072570800781250 3803401
0.075622558593750 3800036
0.071594238281250 3800000
0.071716308593750 3800000
0.070678710937500 3800000
0.071166992187500 3800036
0.071350097656250 3799963
0.071899414062500 3800000
0.070068359375000 3789800
0.000000000000000 3799367
0.075378417968750 3800072
0.073059082031250 3799963
0.072448730468750 3800036
0.072875976562500 3800000
0.070800781250000 3800000
0.070068359375000 3796587
0.075012207031250 3800000
0.071838378906250 3799963
0.074157714843750 3800036
0.072509765625000 3799407
0.063720703125000 3790179
0.000000000000000 3795076
0.072753906250000 3791915
0.071838378906250 3793121
0.073425292968750 3800000
0.073242187500000 3799963
0.072875976562500 3796623
0.069946289062500 3800000
0.062988281250000 3797537
0.070861816406250 3787276
0.075500488281250 3783330
0.070373535156250 3795933
0.071472167968750 3785342
0.072631835937500 3799963
0.072143554687500 3800036
0.000000000000000 3800000
0.075256347656250 3800000
0.072265625000000 3800000
0.071533203125000 3790645
0.070068359375000 3800036
0.073974609375000 3800036
0.072204589843750 3799927
0.070312500000000 3800072
0.070739746093750 3799963
0.071960449218750 3800036
0.074707031250000 3799927
0.072814941406250 3800108
0.000000000000000 3799963
0.073120117187500 3800000
0.072753906250000 3800000
0.070556640625000 3800000
0.072509765625000 3799927
0.072021484375000 3800108
0.073547363281250 3799927
0.073242187500000 3800036
0.075012207031250 3799927
0.072692871093750 3797974
0.070068359375000 3802099
0.072082519531250 3800036
0.000000000000000 3799891
0.134643554687500 3799927
0.000000000000000 3800144
0.071838378906250 3800036
0.075500488281250 3799963
0.072387695312500 3800000
0.071411132812500 3800000
0.072387695312500 3800000
0.071105957031250 3799963
0.072570800781250 3796645
0.070922851562500 3799891
0.072937011718750 3800108
0.072631835937500 3797765
0.070922851562500 3800000
0.000000000000000 3800000
0.072387695312500 3800000
0.073486328125000 3799963
0.071594238281250 3800037
0.072875976562500 3799963
0.071716308593750 3800036
0.075805664062500 3800000
0.072326660156250 3799963
0.073913574218750 3800036
0.071899414062500 3800000
0.071105957031250 3799927
0.000000000000000 3800072
0.074035644531250 3800036
0.072448730468750 3799963
0.073913574218750 3800036
0.070678710937500 3799963
0.073974609375000 3800000
0.070861816406250 3800000
0.072692871093750 3800000
0.076660156250000 3800000
0.070312500000000 3800000
0.073059082031250 3799891
0.069641113281250 3800108
0.000000000000000 3793369
0.069885253906250 3799635
0.072875976562500 3800000
0.073608398437500 3799963
0.072204589843750 3797010
0.070983886718750 3794273
0.072937011718750 3783331
0.072570800781250 3786692
0.071533203125000 3800072
0.070678710937500 3784285
0.070434570312500 3794671
0.074096679687500 3800000
0.073425292968750 3799855
0.000000000000000 3789490
0.071228027343750 3800000
0.072814941406250 3800000
0.072937011718750 3800000
0.072692871093750 3800000
0.063781738281250 3800000
0.070007324218750 3799963
0.074523925781250 3800036
0.071044921875000 3799927
0.071838378906250 3800072
0.072082519531250 3796532
0.070922851562500 3795739
0.071533203125000 3799493
0.070739746093750 3797082
0.000000000000000 3800000
0.074157714843750 3796590
0.073425292968750 3796983
0.068725585937500 3796917
0.070800781250000 3790904
0.071350097656250 3795368
0.073852539062500 3799819
0.070800781250000 3800036
0.072143554687500 3800108
0.073364257812500 3800000
0.072204589843750 3799963
0.072509765625000 3800036
0.070434570312500 3796624
0.000000000000000 3800000
0.072753906250000 3800000
0.073486328125000 3799963
0.074157714843750 3797537
0.071594238281250 3800036
0.069885253906250 3800000
0.072570800781250 3800000
0.072631835937500 3800000
0.071289062500000 3800000
0.070861816406250 3800000
0.072753906250000 3800000
0.072021484375000 3800000
0.000000000000000 3800000
0.070373535156250 3800000
0.072448730468750 3800036
0.070922851562500 3799891
0.071044921875000 3800036
0.072326660156250 3800036
0.071899414062500 3800000
0.071655273437500 3800000
0.070434570312500 3800000
0.071899414062500 3800000
0.070434570312500 3799963
0.073730468750000 3800036
0.072082519531250 3800000
0.000000000000000 3800000
0.071044921875000 3800000
0.074462890625000 3800000
0.069580078125000 3800000
0.063171386718750 3799927
0.069763183593750 3800072
0.064453125000000 3800000
0.069641113281250 3800000
0.071777343750000 3800000
0.072326660156250 3800000
0.071899414062500 3799927
0.075805664062500 3800072
0.070495605468750 3800000
0.071716308593750 3799927
0.068969726562500 3800072
0.072937011718750 3800000
0.000000000000000 3800000
0.071166992187500 3800000
0.072631835937500 3800000
0.074645996093750 3800000
0.071594238281250 3799963
0.063415527343750 3800036
0.070556640625000 3797237
0.064331054687500 3793894
0.070556640625000 3783333
0.070922851562500 3787757
0.071777343750000 3800000
0.072021484375000 3800000
0.071105957031250 3785749
0.072265625000000 3800036
0.075012207031250 3789998
0.000000000000000 3796309
0.072753906250000 3800000
0.071350097656250 3796988
0.070495605468750 3790970
0.072570800781250 3788387
0.072875976562500 3799195
0.071472167968750 3793818
0.072082519531250 3800072
0.072265625000000 3786128
0.072570800781250 3800000
0.069335937500000 3800000
0.071899414062500 3800000
0.071105957031250 3800000
0.000000000000000 3799927
0.070800781250000 3800072
0.063537597656250 3800000
0.071350097656250 3800000
0.072998046875000 3799963
0.071716308593750 3800036
0.072265625000000 3800000
0.072326660156250 3799963
0.071533203125000 3800036
0.070068359375000 3800000
0.070495605468750 3800000
0.073852539062500 3800000
0.071166992187500 3799963
0.071411132812500 3800036
0.000000000000000 3800000
0.072509765625000 3800000
0.070983886718750 3800000
0.073364257812500 3800000
0.072204589843750 3799927
0.070129394531250 3800000
0.073303222656250 3799963
0.073120117187500 3800072
0.073974609375000 3800036
0.072387695312500 3799891
0.071044921875000 3800108
0.062744140625000 3800000
0.072143554687500 3800000
0.068908691406250 3795117
0.063720703125000 3783895
0.072937011718750 3800000
0.000000000000000 3800000
0.072998046875000 3799963
0.072204589843750 3799927
0.072692871093750 3800072
0.074157714843750 3800036
0.072509765625000 3800000
0.073547363281250 3800000
0.071777343750000 3800000
0.063903808593750 3799927
0.073242187500000 3800072
0.072570800781250 3800000
0.072753906250000 3800036
0.071777343750000 3799963
0.000000000000000 3800000
0.072143554687500 3800000
0.070800781250000 3800000
0.073181152343750 3799927
0.074462890625000 3800072
0.063049316406250 3800000
0.064880371093750 3799963
0.071105957031250 3800036
0.072326660156250 3799927
0.073547363281250 3800072
0.063964843750000 3800000
0.075927734375000 3800000
0.063964843750000 3799891
0.067749023437500 3796017
0.068298339843750 3800000
0.070312500000000 3799891
0.077880859375000 3800108
0.070983886718750 3799963
0.000000000000000 3800000
0.068603515625000 3800036
0.131713867187500 3800000
0.000000000000000 3799891
0.070312500000000 3800144
0.073303222656250 3799891
0.065612792968750 3800072
0.068054199218750 3800000
0.074645996093750 3718911
0.073791503906250 3790284
0.077148437500000 3786822
0.067871093750000 3783403
0.069946289062500 3794873
0.073486328125000 3800000
0.073547363281250 3785179
0.073303222656250 3783367
0.000000000000000 3790676
0.071594238281250 3800000
0.071411132812500 3799963
0.064880371093750 3800036
0.070434570312500 3799280
0.071533203125000 3800000
0.071777343750000 3800000
0.071044921875000 3800000
0.072021484375000 3800000
0.070617675781250 3799927
0.071228027343750 3800036
0.069396972656250 3800036
0.072082519531250 3800000
0.070861816406250 3800000
0.074645996093750 3800000
0.000000000000000 3800036
0.073059082031250 3799963
0.074035644531250 3799963
0.071350097656250 3800036
0.074035644531250 3800000
0.091613769531250 3800000
0.000000000000000 3800000
0.093994140625000 3800000
0.090454101562500 3800000
0.000000000000000 3800000
0.094177246093750 3800000
0.075561523437500 3799963
0.063049316406250 3800036
0.074829101562500 3799927
0.072570800781250 3800072
0.072998046875000 3800000
0.073486328125000 3799927
0.072265625000000 3800036
0.073120117187500 3800036
0.073730468750000 3799927
0.000000000000000 3800072
0.072204589843750 3800000
0.063720703125000 3799963
0.071044921875000 3798315
0.074340820312500 3798286
0.070739746093750 3799963
0.073791503906250 3794104
0.073852539062500 3788582
0.070129394531250 3800000
0.074096679687500 3800000
0.070068359375000 3799927
0.074523925781250 3800072
0.074218750000000 3800000
0.000000000000000 3800036
0.072509765625000 3799963
0.075744628906250 3795329
0.072204589843750 3794731
0.072143554687500 3783555
0.074279785156250 3785377
0.076904296875000 3800000
0.063781738281250 3799963
0.069091796875000 3800036
0.065307617187500 3800000
0.066162109375000 3800000
0.072998046875000 3800000
0.071960449218750 3800000
0.073608398437500 3800000
0.000000000000000 3800000
0.072326660156250 3799963
0.072875976562500 3800036
0.070434570312500 3800000
0.074218750000000 3800000
0.073730468750000 3800000
0.072875976562500 3800000
0.071166992187500 3800000
0.070739746093750 3800000
0.073425292968750 3799963
0.071838378906250 3800036
0.072448730468750 3799963
0.000000000000000 3800036
0.071105957031250 3800000
0.071960449218750 3800000
0.061340332031250 3800000
0.067871093750000 3800000
0.062438964843750 3800000
0.072570800781250 3799963
0.059997558593750 3800036
0.065979003906250 3800000
0.075256347656250 3800000
0.071044921875000 3800000
0.058654785156250 3800000
0.069335937500000 3800000
0.069580078125000 3800000
0.059631347656250 3800000
0.071838378906250 3800000
0.063659667968750 3800000
0.070983886718750 3800000
0.068664550781250 3800000
0.062438964843750 3800000
0.073486328125000 3800000
0.060668945312500 3797429
0.000000000000000 3788785
0.067443847656250 3799891
0.073181152343750 3800108
0.070434570312500 3800000
0.060974121093750 3796592
0.065856933593750 3800000
0.073608398437500 3800000
0.073669433593750 3800000
0.068054199218750 3800036
0.059997558593750 3799963
0.071655273437500 3800000
0.071594238281250 3800000
0.068969726562500 3800000
0.059631347656250 3800036
0.074340820312500 3799927
0.000000000000000 3800036
0.069763183593750 3799927
0.068908691406250 3799963
0.071350097656250 3800108
0.063720703125000 3799963
0.069763183593750 3799963
0.059387207031250 3796469
0.067260742187500 3800000
0.062744140625000 3799963
0.074279785156250 3800036
0.069030761718750 3799963
0.068115234375000 3800036
0.071166992187500 3800000
0.074645996093750 3799927
0.069580078125000 3800036
0.000000000000000 3799891
0.070007324218750 3800144
0.071533203125000 3800000
0.070007324218750 3800000
0.061096191406250 3800000
0.070861816406250 3800000
0.071777343750000 3799963
0.066040039062500 3800036
0.060424804687500 3800000
0.074096679687500 3800000
0.070861816406250 3800000
0.067932128906250 3792511
0.073791503906250 3789771
0.000000000000000 3800000
0.073669433593750 3800000
0.069946289062500 3793247
0.058837890625000 3795886
0.069152832031250 3800000
0.072753906250000 3800000
0.073059082031250 3799963
0.068481445312500 3799927
0.069885253906250 3800108
0.073303222656250 3800000
0.070556640625000 3800000
0.059020996093750 3800000
0.067443847656250 3796278
0.000000000000000 3796671
0.072753906250000 3798141
0.070983886718750 3797360
0.068603515625000 3797530
0.067565917968750 3790226
0.071899414062500 3784750
0.073364257812500 3800000
0.067993164062500 3799927
0.062500000000000 3800072
0.072570800781250 3800000
0.071166992187500 3800000
0.065246582031250 3800000
0.072631835937500 3800000
0.000000000000000 3799963
0.073669433593750 3789873
0.069763183593750 3796224
0.059204101562500 3800000
0.066894531250000 3789215
0.071533203125000 3793272
0.073364257812500 3800000
0.062805175781250 3800036
0.059326171875000 3799963
0.059570312500000 3800000
0.070678710937500 3800000
0.061767578125000 3799927
0.058593750000000 3800072
0.072937011718750 3797032
0.071716308593750 3799543
0.066772460937500 3800000
0.069213867187500 3800000
0.073974609375000 3796409
0.068481445312500 3799963
0.000000000000000 3800036
0.069946289062500 3799963
0.071899414062500 3800036
0.071533203125000 3800000
0.065856933593750 3800000
0.061889648437500 3800000
0.071044921875000 3800000
0.071655273437500 3799963
0.059082031250000 3800036
0.072509765625000 3800000
0.072387695312500 3800000
0.129028320312500 3799987
0.134643554687500 3800000
0.000000000000000 3800036
0.067260742187500 3800000
0.069396972656250 3800000
0.075073242187500 3800000
0.072448730468750 3800000
0.072387695312500 3800000
0.068237304687500 3800000
0.060302734375000 3800000
0.066406250000000 3800000
0.072021484375000 3800000
0.074523925781250 3800000
0.068359375000000 3800036
0.059143066406250 3799963
0.000000000000000 3799580
0.129394531250000 3793095
0.000000000000000 3799963
0.071777343750000 3800036
0.071228027343750 3800000
0.068115234375000 3800000
0.067810058593750 3800000
0.072692871093750 3800000
0.071655273437500 3800000
0.062744140625000 3800000
0.066467285156250 3798527
0.072204589843750 3790854
0.068847656250000 3800036
0.060424804687500 3796584
0.069030761718750 3799963
0.072692871093750 3800036
0.000000000000000 3800000
0.070495605468750 3800000
0.071228027343750 3799927
0.062561035156250 3800072
0.066162109375000 3800000
0.071166992187500 3800000
0.071899414062500 3794391
0.063659667968750 3790381
0.069519042968750 3783294
0.069396972656250 3783405
0.072082519531250 3783335
0.068298339843750 3797265
0.062744140625000 3800000
0.070068359375000 3800000
0.000000000000000 3800000
0.072204589843750 3800000
0.071777343750000 3800000
0.066711425781250 3794936
0.072631835937500 3798196
0.069702148437500 3800000
0.067871093750000 3799927
0.071838378906250 3800036
0.063720703125000 3800036
0.066162109375000 3800000
0.059509277343750 3800000
0.071716308593750 3799963
0.072265625000000 3800036
0.066650390625000 3800000
0.067260742187500 3800000
0.000000000000000 3800000
0.072143554687500 3800000
0.071044921875000 3800000
0.063110351562500 3799963
0.070495605468750 3799963
0.069946289062500 3800072
0.071044921875000 3800000
0.059020996093750 3800000
0.069885253906250 3799963
0.072570800781250 3799963
0.071289062500000 3800036
0.068176269531250 3800036
0.061462402343750 3800000
0.072204589843750 3800036
0.000000000000000 3799963
0.070617675781250 3800000
0.067871093750000 3800000
0.071655273437500 3800000
0.072998046875000 3799927
0.072326660156250 3800072
0.070190429687500 3800000
0.061767578125000 3800000
0.058593750000000 3799963
0.072692871093750 3799963
0.070800781250000 3800072
0.062072753906250 3800000
0.069152832031250 3800000
0.073608398437500 3800000
0.000000000000000 3799855
0.071594238281250 3800144
0.067443847656250 3800000
0.069274902343750 3800000
0.073364257812500 3800000
0.062316894531250 3799891
0.065551757812500 3800108
0.070922851562500 3800000
0.060729980468750 3799277
0.072692871093750 3783259
0.071289062500000 3800018
0.067810058593750 3788261
0.071228027343750 3783297
0.072082519531250 3796352
0.068725585937500 3800036
0.000000000000000 3800000
0.069641113281250 3800000
0.061828613281250 3796608
0.062194824218750 3799963
0.068725585937500 3799963
0.070800781250000 3800000
0.073181152343750 3800036
0.069763183593750 3800000
0.069519042968750 3799927
0.072265625000000 3800072
0.069152832031250 3800036
0.067382812500000 3799927
0.062194824218750 3800000
0.071472167968750 3800036
0.070251464843750 3800000
0.000000000000000 3799963
0.065307617187500 3800036
0.071594238281250 3800000
0.073852539062500 3800000
0.068786621093750 3800000
0.062500000000000 3800000
0.070739746093750 3800000
0.060791015625000 3800000
0.070068359375000 3800000
0.073486328125000 3800000
0.068725585937500 3800000
0.067443847656250 3800000
0.074340820312500 3800000
0.000000000000000 3800000
0.068725585937500 3800000
0.070007324218750 3799963
0.071838378906250 3799963
0.067443847656250 3800072
0.068908691406250 3800000
0.069091796875000 3800000
0.073181152343750 3800000
0.069702148437500 3800000
0.059753417968750 3800000
0.070434570312500 3800000
0.063842773437500 3800000
0.070739746093750 3800000
0.059326171875000 3800036
0.068603515625000 3799963
0.070861816406250 3800000
0.000000000000000 3800000
0.073120117187500 3800000
0.070068359375000 3800000
0.060485839843750 3800000
0.066528320312500 3800000
0.061584472656250 3800000
0.071472167968750 3800000
0.070129394531250 3799963
0.069335937500000 3799927
0.071166992187500 3800108
0.073364257812500 3800000
0.068603515625000 3799927
0.064208984375000 3800072
0.070373535156250 3800000
0.059143066406250 3799963
0.067626953125000 3800072
0.063354492187500 3799891
0.000000000000000 3800000
0.073181152343750 3800036
0.067687988281250 3800036
0.072143554687500 3800000
0.070983886718750 3800000
0.069213867187500 3799963
0.069396972656250 3800036
0.064025878906250 3800000
0.070678710937500 3800000
0.058593750000000 3800000
0.063598632812500 3799927
0.071472167968750 3800072
0.062011718750000 3800000
0.066711425781250 3800000
0.061706542968750 3800000
0.071350097656250 3800000
0.060546875000000 3800000
0.066650390625000 3800036
0.073974609375000 3799963
0.000000000000000 3800000
0.072143554687500 3800000
0.068908691406250 3800000
0.062316894531250 3800000
0.067077636718750 3800000
0.062744140625000 3800000
0.070739746093750 3799963
0.058898925781250 3800000
0.071228027343750 3800036
0.074035644531250 3800000
0.073547363281250 3800000
0.066467285156250 3800000
0.061950683593750 3800036
0.071350097656250 3799963
0.069763183593750 3799963
0.058532714843750 3800036
0.072753906250000 3800000
0.068603515625000 3799891
0.000000000000000 3800108
0.072509765625000 3800000
0.063964843750000 3800000
0.071228027343750 3799493
0.068115234375000 3797036
0.067382812500000 3800036
0.071594238281250 3800000
0.072631835937500 3800000
0.072387695312500 3799963
0.058837890625000 3800036
0.066711425781250 3800000
0.070983886718750 3800000
0.070983886718750 3800000
0.070617675781250 3799963
0.067932128906250 3791994
0.000000000000000 3800000
0.069274902343750 3799927
0.062561035156250 3800072
0.071105957031250 3800000
0.059692382812500 3800000
0.068603515625000 3800000
0.071350097656250 3794518
0.071777343750000 3795049
0.069458007812500 3799963
0.066955566406250 3800036
0.072692871093750 3797913
0.073181152343750 3788045
0.070922851562500 3799963
0.000000000000000 3800000
0.069885253906250 3799963
0.065612792968750 3800072
0.061279296875000 3797226
0.071899414062500 3799323
0.069274902343750 3788517
0.059753417968750 3797427
0.068054199218750 3799963
0.062500000000000 3798898
0.072937011718750 3800000
0.072204589843750 3800000
0.067199707031250 3795611
0.062683105468750 3786117
0.071044921875000 3796706
0.069946289062500 3799963
0.071716308593750 3792456
0.069763183593750 3796877
0.062377929687500 3800000
0.000000000000000 3800000
0.066589355468750 3800000
0.062500000000000 3800000
0.073059082031250 3800000
0.061889648437500 3800000
0.068908691406250 3800000
0.068115234375000 3795818
0.062683105468750 3783407
0.072082519531250 3783334
0.063354492187500 3788895
0.068725585937500 3800000
0.066955566406250 3800000
0.072998046875000 3796474
0.061706542968750 3799963
0.070251464843750 3800036
0.071594238281250 3799963
0.070007324218750 3800036
0.066101074218750 3799321
0.062255859375000 3786861
0.000000000000000 3799927
0.133422851562500 3792952
0.000000000000000 3799927
0.068847656250000 3800072
0.072265625000000 3793937
0.075927734375000 3783404
0.069274902343750 3799662
0.067138671875000 3800000
0.071105957031250 3800000
0.062438964843750 3800000
0.065856933593750 3800000
0.073242187500000 3800000
0.072814941406250 3793027
0.000000000000000 3787770
0.130432128906250 3797962
0.000000000000000 3796613
0.065734863281250 3794660
0.062683105468750 3784512
0.071899414062500 3800000
0.071533203125000 3800000
0.067810058593750 3800000
0.063171386718750 3800000
0.071899414062500 3800000
0.069091796875000 3800000
0.061462402343750 3800000
0.066833496093750 3800000
0.072326660156250 3799963
0.071960449218750 3800036
0.061828613281250 3800000
0.067932128906250 3800000
0.062194824218750 3800000
0.072570800781250 3800000
0.071044921875000 3799644
0.000000000000000 3790844
0.067565917968750 3800000
0.068542480468750 3800000
0.061950683593750 3800000
0.070434570312500 3800000
0.072082519531250 3799963
0.068237304687500 3800036
0.068969726562500 3800000
0.073303222656250 3800000
0.072204589843750 3800000
0.061462402343750 3800000
0.068603515625000 3800000
0.067321777343750 3800000
0.069030761718750 3799963
0.064086914062500 3800036
0.000000000000000 3800000
0.068908691406250 3800000
0.066528320312500 3800000
0.072448730468750 3800000
0.071044921875000 3799963
0.070739746093750 3800036
0.068176269531250 3800000
0.071472167968750 3800000
0.063964843750000 3800000
0.070129394531250 3800000
0.058654785156250 3799963
0.066101074218750 3800036
0.071228027343750 3800000
0.069763183593750 3800000
0.060241699218750 3800000
0.069641113281250 3800000
0.063049316406250 3799963
0.067626953125000 3800036
0.000000000000000 3800000
0.068054199218750 3800000
0.064208984375000 3800000
0.070373535156250 3800000
0.060546875000000 3800000
0.065734863281250 3799963
0.064575195312500 3800036
0.072509765625000 3800000
0.069274902343750 3800000
0.071594238281250 3800000
0.073303222656250 3799398
0.070617675781250 3798622
0.068786621093750 3792648
0.071044921875000 3800000
0.000000000000000 3800000
0.072387695312500 3800000
0.072814941406250 3800000
0.069458007812500 3800000
0.070312500000000 3800000
0.072265625000000 3799963
0.071594238281250 3789326
0.068054199218750 3800036
0.071289062500000 3790181
0.074340820312500 3797653
0.000000000000000 3799245
0.068603515625000 3797277
0.067993164062500 3800072
0.072204589843750 3800000
0.069458007812500 3800036
0.058837890625000 3796764
0.073913574218750 3793101
0.073791503906250 3799963
0.070373535156250 3796633
0.066223144531250 3800000
0.067871093750000 3800000
0.072509765625000 3796207
0.000000000000000 3800000
0.070068359375000 3800000
0.072021484375000 3800000
0.069885253906250 3800000
0.059692382812500 3800000
0.068847656250000 3800000
0.073791503906250 3800000
0.072387695312500 3800000
0.059753417968750 3800000
0.068542480468750 3799963
0.072509765625000 3799963
0.063293457031250 3800072
0.069213867187500 3800000
0.059875488281250 3795961
0.065795898437500 3783406
0.071228027343750 3783331
0.069946289062500 3798971
0.059448242187500 3800036
0.071594238281250 3800000
0.000000000000000 3800000
0.073974609375000 3800000
0.070678710937500 3799963
0.069213867187500 3800036
0.072753906250000 3800000
0.068603515625000 3789971
0.058654785156250 3799439
0.070007324218750 3799963
0.073364257812500 3800000
0.071105957031250 3800000
0.067810058593750 3800000
0.062072753906250 3800000
0.071472167968750 3800000
0.061767578125000 3800000
0.066040039062500 3800000
0.064270019531250 3800000
0.000000000000000 3799963
0.070678710937500 3800000
0.069152832031250 3800036
0.062133789062500 3799891
0.069946289062500 3799715
0.059997558593750 3783334
0.072204589843750 3792509
0.069274902343750 3800000
0.067871093750000 3795285
0.072265625000000 3800000
0.071472167968750 3800000
0.072509765625000 3800000
0.060302734375000 3792544
0.067749023437500 3800036
0.072387695312500 3799963
0.000000000000000 3800036
0.070556640625000 3799963
0.060607910156250 3795094
0.067749023437500 3794045
0.071350097656250 3783439
0.072570800781250 3794182
0.070373535156250 3800036
0.059082031250000 3800000
0.071533203125000 3800000
0.070373535156250 3800000
0.070190429687500 3799927
0.071289062500000 3792790
0.061645507812500 3800036
0.058654785156250 3796495
0.070861816406250 3800000
0.070434570312500 3799963
0.061462402343750 3800036
0.067260742187500 3800000
0.061767578125000 3800000
0.073425292968750 3800000
0.000000000000000 3800000
0.070007324218750 3800000
0.059143066406250 3799927
0.071594238281250 3800072
0.069091796875000 3800036
0.060302734375000 3799963
0.071472167968750 3800000
0.073120117187500 3800000
0.073364257812500 3800000
0.068237304687500 3800000
0.068176269531250 3799963
0.061035156250000 3800036
0.073425292968750 3800036
0.068298339843750 3799963
0.000000000000000 3800000
0.069030761718750 3800000
0.073059082031250 3800000
0.069824218750000 3800000
0.059875488281250 3799927
0.071350097656250 3800108
0.069396972656250 3799963
0.063415527343750 3800000
0.068237304687500 3800000
0.067565917968750 3799963
0.070922851562500 3800036
0.072448730468750 3799891
0.069274902343750 3800108
0.059509277343750 3791343
0.073303222656250 3794012
0.061096191406250 3800036
0.000000000000000 3800000
0.070007324218750 3800000
0.070251464843750 3800000
0.072631835937500 3800000
0.066528320312500 3799891
0.061279296875000 3800108
0.073059082031250 3789415
0.068847656250000 3788971
0.069213867187500 3800000
0.070129394531250 3799963
0.064025878906250 3800036
0.065490722656250 3800000
0.068237304687500 3800000
0.073059082031250 3800000
0.072265625000000 3800000
0.062072753906250 3799963
0.000000000000000 3800036
0.070068359375000 3799963
0.072631835937500 3800000
0.069885253906250 3800036
0.059753417968750 3799963
0.069091796875000 3800036
0.072204589843750 3800000
0.070129394531250 3800000
0.067932128906250 3800000
0.069580078125000 3799963
0.070434570312500 3800036
0.072021484375000 3800000
0.000000000000000 3800000
0.131286621093750 3800000
0.000000000000000 3800000
0.071716308593750 3800000
0.070800781250000 3800000
0.068847656250000 3799963
0.070007324218750 3799963
0.061523437500000 3800036
0.065795898437500 3799963
0.072448730468750 3800072
0.070007324218750 3800000
0.066894531250000 3800000
0.074035644531250 3800000
0.072937011718750 3799963
0.000000000000000 3800036
0.070068359375000 3800000
0.066833496093750 3800000
0.063659667968750 3800000
0.068725585937500 3800036
0.072326660156250 3799963
0.072143554687500 3800000
0.067382812500000 3800000
0.072448730468750 3800000
0.072265625000000 3800000
0.059326171875000 3799963
0.065429687500000 3800036
0.063537597656250 3800000
0.072265625000000 3800000
0.062377929687500 3800000
0.069458007812500 3800000
0.000000000000000 3800036
0.067871093750000 3799963
0.072143554687500 3800036
0.073547363281250 3799927
0.068481445312500 3800036
0.067138671875000 3800000
0.072326660156250 3799927
0.071655273437500 3800072
0.067382812500000 3800000
0.072448730468750 3800000
0.073669433593750 3800000
0.000000000000000 3799963
0.068664550781250 3800000
0.067321777343750 3800036
0.072082519531250 3800000
0.063476562500000 3800000
0.066955566406250 3800000
0.062438964843750 3800000
0.070007324218750 3800000
0.058898925781250 3800000
0.073120117187500 3800000
0.072875976562500 3800000
0.070922851562500 3800000
0.060363769531250 3800000
0.069335937500000 3800000
0.073730468750000 3800000
0.070678710937500 3800000
0.000000000000000 3800036
0.070556640625000 3799963
0.070861816406250 3800000
0.058532714843750 3799927
0.071960449218750 3800036
0.073059082031250 3800036
0.067626953125000 3800000
0.073120117187500 3800000
0.072143554687500 3800000
0.060302734375000 3800000
0.067810058593750 3799963
0.072021484375000 3800036
0.064331054687500 3800000
0.066772460937500 3799927
0.000000000000000 3800108
0.068542480468750 3799963
0.072570800781250 3800000
0.073791503906250 3800000
0.069580078125000 3800000
0.066833496093750 3800000
0.074279785156250 3800000
0.072204589843750 3800000
0.070434570312500 3799891
0.067565917968750 3800108
0.070861816406250 3800000
0.000000000000000 3800000
0.071533203125000 3800000
0.071289062500000 3800000
0.067382812500000 3800000
0.068847656250000 3800000
0.072753906250000 3800000
0.069335937500000 3800036
0.067626953125000 3799891
0.074523925781250 3800072
0.072448730468750 3800000
0.070983886718750 3800036
0.000000000000000 3799963
0.067565917968750 3800000
0.070007324218750 3800000
0.071594238281250 3800000
0.069030761718750 3800000
0.072387695312500 3800000
0.070312500000000 3800000
0.069824218750000 3800000
0.070556640625000 3799963
0.070739746093750 3800036
0.000000000000000 3800000
0.069274902343750 3800000
0.071899414062500 3799927
0.073059082031250 3800072
0.068420410156250 3800000
0.059509277343750 3799963
0.071044921875000 3800036
0.068298339843750 3800000
0.067077636718750 3800036
0.061340332031250 3799963
0.075805664062500 3800000
0.070312500000000 3800000
0.071716308593750 3800000
0.069885253906250 3800000
0.058654785156250 3799891
0.069458007812500 3800108
0.000000000000000 3799963
0.071289062500000 3800036
0.062194824218750 3799927
0.067077636718750 3800072
0.063293457031250 3797916
0.071594238281250 3798683
0.071289062500000 3799963
0.067077636718750 3800072
0.063110351562500 3799963
0.071228027343750 3800000
0.069885253906250 3800000
0.069641113281250 3800000
0.070983886718750 3800000
0.072448730468750 3799963
0.065673828125000 3800000
0.000000000000000 3800036
0.071105957031250 3799927
0.071044921875000 3800072
0.060546875000000 3800000
0.072998046875000 3799963
0.069091796875000 3800036
0.069274902343750 3799927
0.069885253906250 3800036
0.063171386718750 3800036
0.070922851562500 3800000
0.069030761718750 3800000
0.067687988281250 3800000
0.071655273437500 3800000
0.000000000000000 3799927
0.072082519531250 3800072
0.068176269531250 3800000
0.069213867187500 3799927
0.071838378906250 3800072
0.073364257812500 3800000
0.070129394531250 3800000
0.066467285156250 3800000
0.062988281250000 3800000
0.068847656250000 3800000
0.059326171875000 3800000
0.070373535156250 3800000
0.074523925781250 3800000
0.068237304687500 3800000
0.059692382812500 3800000
0.000000000000000 3799963
0.072937011718750 3800000
0.071472167968750 3800036
0.069213867187500 3799927
0.070617675781250 3800072
0.075073242187500 3800000
0.068603515625000 3800000
0.059631347656250 3799963
0.070434570312500 3800036
0.072875976562500 3800000
0.071105957031250 3800000
0.065490722656250 3799927
0.058837890625000 3800072
0.071594238281250 3800000
0.000000000000000 3800000
0.073852539062500 3800000
0.070190429687500 3799963
0.066223144531250 3800036
0.061950683593750 3799927
0.068908691406250 3800072
0.068115234375000 3800000
0.068420410156250 3800000
0.074096679687500 3800036
0.070678710937500 3799963
0.059204101562500 3799963
0.068115234375000 3800072
0.072265625000000 3799963
0.061462402343750 3800000
0.067077636718750 3799963
0.072998046875000 3800036
0.000000000000000 3800000
0.071594238281250 3800000
0.069885253906250 3800000
0.071533203125000 3800000
0.071655273437500 3800000
0.073059082031250 3800000
0.070434570312500 3800000
0.068969726562500 3800000
0.072937011718750 3800000
0.073120117187500 3800000
0.000000000000000 3800000
0.071838378906250 3800000
0.066589355468750 3800000
0.060302734375000 3800000
0.066589355468750 3800036
0.062622070312500 3799963
0.071411132812500 3799963
0.072570800781250 3800000
0.069702148437500 3800036
0.073547363281250 3799963
0.062316894531250 3799963
0.066528320312500 3800036
0.063476562500000 3800036
0.070068359375000 3800000
0.066894531250000 3800000
0.069274902343750 3800000
0.000000000000000 3800000
0.074035644531250 3800000
0.062377929687500 3800000
0.068603515625000 3800000
0.060668945312500 3800000
0.071533203125000 3800000
0.062927246093750 3799891
0.067321777343750 3800108
0.062377929687500 3800000
0.070129394531250 3799927
0.067810058593750 3800036
0.070556640625000 3800036
0.072021484375000 3800036
0.072692871093750 3799963
0.068847656250000 3800000
0.065185546875000 3800000
0.075866699218750 3799891
0.000000000000000 3800108
0.073974609375000 3800000
0.066955566406250 3800000
0.065002441406250 3800000
0.071777343750000 3800000
0.062988281250000 3800000
0.065795898437500 3800000
0.066223144531250 3799963
0.065856933593750 3800000
0.063964843750000 3800036
0.067443847656250 3800000
0.075500488281250 3800000
0.064147949218750 3800000
0.065490722656250 3800036
0.070434570312500 3799963
0.065612792968750 3800000
0.067382812500000 3800000
0.061828613281250 3799927
0.065490722656250 3800072
0.000000000000000 3800000
0.070922851562500 3800000
0.064758300781250 3799927
0.065246582031250 3800000
0.059570312500000 3800072
0.065979003906250 3800000
0.067993164062500 3800036
0.069030761718750 3799963
0.073608398437500 3800000
0.060974121093750 3800000
0.058837890625000 3800000
0.070190429687500 3800000
0.074340820312500 3800000
0.070434570312500 3800000
0.067138671875000 3800000
0.073303222656250 3800000
0.069580078125000 3800000
0.000000000000000 3800000
0.131896972656250 3799855
0.000000000000000 3800072
0.071472167968750 3800072
0.059265136718750 3800000
0.069519042968750 3800000
0.072021484375000 3800000
0.065368652343750 3799963
0.061950683593750 3800036
0.070434570312500 3799963
0.059875488281250 3800036
0.060119628906250 3799891
0.074279785156250 3800108
0.069641113281250 3800000
0.059570312500000 3800000
0.072387695312500 3799963
0.071899414062500 3800036
0.059692382812500 3800036
0.066223144531250 3799963
0.071166992187500 3800000
0.071655273437500 3800000
0.060058593750000 3800000
0.071716308593750 3800000
0.000000000000000 3800000
0.075561523437500 3800000
0.061401367187500 3800000
0.067382812500000 3800036
0.067932128906250 3799927
0.069152832031250 3800036
0.072692871093750 3800036
0.072021484375000 3799963
0.069458007812500 3799927
0.058715820312500 3800036
0.071105957031250 3800036
0.064331054687500 3800036
0.063293457031250 3799963
0.058471679687500 3800000
0.071166992187500 3800000
0.073730468750000 3800000
0.071655273437500 3799963
0.059875488281250 3800036
0.000000000000000 3799891
0.075317382812500 3800072
0.063110351562500 3800072
0.065734863281250 3799963
0.060607910156250 3800000
0.064758300781250 3800000
0.072631835937500 3799927
0.062316894531250 3800072
0.068359375000000 3800000
0.059020996093750 3800000
0.069030761718750 3800000
0.073425292968750 3799963
0.069396972656250 3800036
0.073059082031250 3800000
0.062744140625000 3799927
0.067260742187500 3800072
0.071289062500000 3800000
0.067871093750000 3799927
0.063903808593750 3800036
0.000000000000000 3799963
0.070983886718750 3800072
0.070800781250000 3800000
0.071044921875000 3799963
0.273132324218750 3800008
0.068664550781250 3799963
0.061889648437500 3800036
0.074401855468750 3800000
0.068542480468750 3800000
0.070800781250000 3799963
0.066650390625000 3800036
0.073425292968750 3800000
0.000000000000000 3800000
0.072631835937500 3800000
0.066711425781250 3799963
0.068969726562500 3800036
0.071472167968750 3800000
0.073913574218750 3800000
0.068664550781250 3800000
0.066833496093750 3800000
0.073425292968750 3799927
0.070922851562500 3800072
0.071228027343750 3800000
0.000000000000000 3798109
0.065612792968750 3795026
0.072631835937500 3799963
0.063049316406250 3800036
0.071228027343750 3800000
0.067810058593750 3800000
0.071472167968750 3800000
0.061218261718750 3800000
0.068786621093750 3800000
0.071838378906250 3800000
0.072753906250000 3799963
0.069213867187500 3799963
0.059814453125000 3800072
0.060974121093750 3800000
0.073303222656250 3800000
0.069519042968750 3800000
0.059326171875000 3800000
0.000000000000000 3800000
0.134033203125000 3796504
0.000000000000000 3800072
0.067321777343750 3799963
0.070373535156250 3800036
0.070495605468750 3800000
0.063232421875000 3796580
0.068420410156250 3800000
0.070861816406250 3800000
0.061096191406250 3800000
0.072692871093750 3800000
0.068603515625000 3800000
0.070617675781250 3800036
0.060913085937500 3799963
0.071166992187500 3800000
0.061584472656250 3800000
0.070495605468750 3800000
0.071716308593750 3800000
0.000000000000000 3800000
0.071594238281250 3799927
0.067077636718750 3800072
0.062744140625000 3800000
0.070495605468750 3800000
0.062866210937500 3800000
0.067443847656250 3800000
0.059509277343750 3800000
0.071777343750000 3800000
0.071960449218750 3800000
0.069763183593750 3800000
0.059509277343750 3800000
0.068237304687500 3800000
0.069519042968750 3799963
0.062377929687500 3800036
0.067993164062500 3800000
0.060607910156250 3800000
0.072875976562500 3800000
0.071105957031250 3800000
0.070068359375000 3800000
0.000000000000000 3800000
0.066162109375000 3799891
0.064270019531250 3800108
0.072998046875000 3800000
0.071594238281250 3800000
0.067016601562500 3800000
0.069274902343750 3799963
0.072326660156250 3800036
0.071044921875000 3799963
0.072021484375000 3800036
0.067749023437500 3800000
0.072753906250000 3800000
0.000000000000000 3800000
0.071411132812500 3800000
0.072570800781250 3799963
0.072082519531250 3800000
0.067077636718750 3800036
0.071960449218750 3800000
0.070373535156250 3800000
0.058715820312500 3799963
0.074462890625000 3800036
0.072021484375000 3800000
0.071960449218750 3800000
0.000000000000000 3800000
0.068298339843750 3800000
0.068237304687500 3799963
0.070312500000000 3800036
0.073852539062500 3800000
0.071105957031250 3799927
0.068115234375000 3800072
0.059326171875000 3800000
0.070007324218750 3800000
0.069091796875000 3800000
0.072326660156250 3800000
0.072265625000000 3800000
0.058959960937500 3800000
0.070617675781250 3800000
0.060485839843750 3800000
0.066528320312500 3800000
0.063232421875000 3800000
0.063598632812500 3799963
0.000000000000000 3800036
0.071716308593750 3800000
0.066223144531250 3800000
0.069702148437500 3800000
0.060180664062500 3800000
0.061035156250000 3800000
0.071594238281250 3800036
0.070678710937500 3799927
0.073181152343750 3797165
0.071228027343750 3799379
0.070251464843750 3797045
0.065673828125000 3800000
0.073425292968750 3796897
0.062988281250000 3794439
0.069152832031250 3800036
0.000000000000000 3800036
0.067260742187500 3799963
0.070617675781250 3800036
0.070251464843750 3799963
0.070983886718750 3800000
0.062072753906250 3800000
0.071289062500000 3799963
0.063720703125000 3800036
0.060180664062500 3800000
0.066589355468750 3800000
0.070861816406250 3799963
0.071105957031250 3796655
0.069335937500000 3800000
0.071777343750000 3800000
0.074584960937500 3800000
0.000000000000000 3800000
0.071289062500000 3800000
0.067382812500000 3800000
0.072998046875000 3800000
0.069274902343750 3800036
0.071533203125000 3799927
0.068359375000000 3800072
0.070922851562500 3800000
0.065551757812500 3799963
0.069519042968750 3800000
0.066467285156250 3800036
0.066162109375000 3799927
0.062866210937500 3800036
0.063049316406250 3794015
0.060363769531250 3799071
0.066650390625000 3800036
0.072631835937500 3799963
0.062500000000000 3800000
0.000000000000000 3800000
0.072326660156250 3800000
0.058837890625000 3800000
0.069580078125000 3800000
0.073059082031250 3800000
0.060791015625000 3800000
0.067993164062500 3799963
0.069946289062500 3800036
0.069519042968750 3800000
0.073364257812500 3799963
0.072143554687500 3800036
0.059570312500000 3800000
0.066650390625000 3800036
0.072143554687500 3799963
0.072509765625000 3800000
0.069885253906250 3800000
0.000000000000000 3800000
0.069274902343750 3799963
0.072509765625000 3799963
0.063110351562500 3800072
0.067626953125000 3800000
0.070678710937500 3800000
0.068786621093750 3799963
0.062072753906250 3800000
0.070434570312500 3800036
0.067687988281250 3799927
0.069091796875000 3800072
0.071716308593750 3800000
0.064941406250000 3800000
0.069030761718750 3799891
0.067810058593750 3800072
0.000000000000000 3800000
0.069274902343750 3800036
0.074279785156250 3800000
0.072937011718750 3800000
0.067993164062500 3800000
0.070007324218750 3800000
0.072937011718750 3800000
0.063232421875000 3800000
0.067138671875000 3800000
0.067993164062500 3800000
0.071411132812500 3800000
0.071166992187500 3800000
0.060485839843750 3800000
0.000000000000000 3800000
0.129394531250000 3800000
0.000000000000000 3800000
0.073913574218750 3800036
0.069702148437500 3799963
0.067871093750000 3799891
0.072570800781250 3800108
0.073486328125000 3800000
0.068664550781250 3799963
0.070007324218750 3800036
0.072021484375000 3800000
0.072998046875000 3800000
0.000000000000000 3800000
0.130065917968750 3800000
0.000000000000000 3800000
0.069274902343750 3800000
0.071899414062500 3799963
0.068359375000000 3800036
0.067321777343750 3800000
0.062255859375000 3800000
0.072021484375000 3800000
0.062866210937500 3800000
0.068237304687500 3800000
0.061157226562500 3799855
0.072814941406250 3800144
0.071166992187500 3799927
0.059143066406250 3800000
0.066162109375000 3800072
0.064636230468750 3799963
0.068298339843750 3800036
0.062011718750000 3800000
0.072204589843750 3799927
0.060852050781250 3800072
0.075195312500000 3800036
0.000000000000000 3800000
0.069335937500000 3799963
0.069030761718750 3799891
0.070373535156250 3800108
0.063598632812500 3796555
0.070190429687500 3800000
0.068786621093750 3799988
0.073303222656250 3796608
0.069152832031250 3800036
0.060302734375000 3799963
0.070983886718750 3800036
0.072692871093750 3800000
0.068969726562500 3800000
0.000000000000000 3800000
0.067504882812500 3800000
0.072570800781250 3800000
0.071655273437500 3799963
0.072082519531250 3800036
0.068054199218750 3792869
0.069458007812500 3800000
0.068725585937500 3800000
0.074279785156250 3800000
0.071350097656250 3800000
0.068176269531250 3800000
0.000000000000000 3800000
0.072509765625000 3793638
0.072143554687500 3792511
0.067382812500000 3800000
0.068237304687500 3799834
0.072570800781250 3794316
0.071899414062500 3792564
0.069152832031250 3785262
0.059936523437500 3797364
0.068420410156250 3793072
0.072326660156250 3800000
0.070800781250000 3788932
0.069274902343750 3783301
0.063476562500000 3788983
0.000000000000000 3800000
0.070068359375000 3799963
0.066833496093750 3800000
0.072082519531250 3800036
0.070983886718750 3800000
0.069091796875000 3800000
0.073547363281250 3800000
0.069091796875000 3797686
0.069885253906250 3788273
0.064758300781250 3800000
0.067382812500000 3800000
0.069030761718750 3800036
0.000000000000000 3796567
0.070983886718750 3786741
0.073303222656250 3799125
0.062805175781250 3799963
0.068298339843750 3800036
0.068481445312500 3799963
0.069824218750000 3800036
0.074829101562500 3800000
0.070495605468750 3800000
0.069335937500000 3800000
0.072265625000000 3800000
0.000000000000000 3799927
0.072631835937500 3800108
0.072692871093750 3799891
0.068237304687500 3800072
0.070434570312500 3800000
0.071777343750000 3800000
0.062133789062500 3792645
0.071105957031250 3800000
0.070190429687500 3800000
0.067749023437500 3800000
0.068115234375000 3800000
0.069702148437500 3799963
0.000000000000000 3800072
0.074462890625000 3799963
0.071350097656250 3800000
0.067016601562500 3800000
0.067199707031250 3800000
0.061462402343750 3800036
0.072021484375000 3799963
0.071899414062500 3800000
0.067199707031250 3800000
0.071899414062500 3800000
0.073059082031250 3800000
0.066589355468750 3800000
0.070495605468750 3800000
0.000000000000000 3800000
0.073181152343750 3799927
0.069335937500000 3800072
0.059326171875000 3800000
0.071716308593750 3799963
0.073791503906250 3800036
0.067382812500000 3800000
0.068237304687500 3800000
0.067504882812500 3800000
0.071228027343750 3800000
0.076049804687500 3800000
0.069885253906250 3800000
0.000000000000000 3800000
0.069335937500000 3800000
0.066345214843750 3800000
0.063476562500000 3800000
0.073120117187500 3799963
0.072570800781250 3799963
0.069091796875000 3800072
0.067504882812500 3800000
0.062622070312500 3787481
0.070556640625000 3794942
0.058959960937500 3799927
0.071166992187500 3800072
0.060974121093750 3800000
0.066284179687500 3800000
0.070922851562500 3800000
0.068298339843750 3800000
0.062072753906250 3800000
0.076049804687500 3800036
0.000000000000000 3799963
0.069091796875000 3800000
0.067932128906250 3800000
0.068115234375000 3800000
0.065551757812500 3800000
0.069213867187500 3800000
0.059753417968750 3800036
0.066772460937500 3799963
0.063049316406250 3800000
0.070678710937500 3799963
0.072021484375000 3800036
0.072448730468750 3800000
0.066467285156250 3800000
0.072631835937500 3799963
0.072082519531250 3799963
0.000000000000000 3800072
0.070434570312500 3799927
0.062072753906250 3800108
0.069702148437500 3799963
0.063049316406250 3800000
0.069580078125000 3800000
0.069152832031250 3800000
0.071166992187500 3800000
0.074096679687500 3800036
0.069824218750000 3799963
0.068054199218750 3800000
0.072204589843750 3800000
0.069458007812500 3800000
0.000000000000000 3799963
0.074645996093750 3800036
0.072753906250000 3800000
0.067626953125000 3800000
0.073425292968750 3799927
0.072326660156250 3800072
0.072570800781250 3800000
0.065979003906250 3800000
0.070678710937500 3800000
0.072814941406250 3800000
0.000000000000000 3799927
0.127197265625000 3800072
0.000000000000000 3800036
0.073059082031250 3799963
0.070251464843750 3800000
0.058471679687500 3800000
0.062011718750000 3800000
0.069152832031250 3800000
0.058532714843750 3800000
0.070068359375000 3800000
0.063598632812500 3799927
0.071716308593750 3800072
0.066040039062500 3800000
0.071716308593750 3799963
0.071533203125000 3800036
0.069030761718750 3800000
0.071472167968750 3799963
0.062744140625000 3793066
0.071594238281250 3800000
0.069152832031250 3799963
0.000000000000000 3800000
0.074523925781250 3799963
0.069335937500000 3800036
0.059448242187500 3800000
0.060974121093750 3800000
0.073608398437500 3796484
0.071105957031250 3800072
0.059570312500000 3800000
0.070312500000000 3797298
0.071411132812500 3800036
0.062377929687500 3799963
0.065734863281250 3800000
0.071777343750000 3800000
0.071716308593750 3796583
0.060546875000000 3799963
0.066406250000000 3800072
0.062316894531250 3800000
0.072814941406250 3800000
0.070434570312500 3800000
0.059143066406250 3800000
0.000000000000000 3800000
0.068237304687500 3800000
0.071411132812500 3800000
0.071838378906250 3800000
0.072448730468750 3799963
0.069030761718750 3800036
0.067382812500000 3800000
0.062133789062500 3800000
0.072143554687500 3799963
0.070312500000000 3800072
0.070129394531250 3799963
0.061645507812500 3800036
0.065856933593750 3799963
0.064270019531250 3800000
0.072692871093750 3800000
0.000000000000000 3800000
0.067504882812500 3800000
0.072753906250000 3800000
0.072387695312500 3800000
0.069763183593750 3799963
0.058776855468750 3800036
0.067871093750000 3800000
0.074035644531250 3800000
0.072387695312500 3799927
0.060485839843750 3800072
0.067993164062500 3800000
0.070617675781250 3800000
0.067504882812500 3799927
0.072937011718750 3800072
0.000000000000000 3800000
0.072021484375000 3800000
0.071899414062500 3800000
0.059265136718750 3800000
0.069213867187500 3800000
0.061950683593750 3800000
0.069213867187500 3800000
0.060241699218750 3800000
0.061950683593750 3800000
0.072631835937500 3800036
0.070861816406250 3799963
0.067932128906250 3800000
0.069091796875000 3799927
0.071716308593750 3800036
0.073303222656250 3800036
0.067810058593750 3800000
0.000000000000000 3800000
0.068115234375000 3800000
0.073547363281250 3800000
0.072998046875000 3800000
0.071228027343750 3800000
0.067871093750000 3800000
0.061523437500000 3800000
0.071105957031250 3800000
0.059020996093750 3800000
0.070922851562500 3800000
0.069763183593750 3800000
0.059204101562500 3800000
0.061645507812500 3800000
0.075134277343750 3800000
0.067077636718750 3800000
0.058410644531250 3800000
0.074157714843750 3799963
0.061584472656250 3800036
0.067810058593750 3800000
0.062133789062500 3800000
0.070190429687500 3799963
0.061340332031250 3800036
0.000000000000000 3800000
0.067382812500000 3799927
0.072692871093750 3800000
0.071655273437500 3800072
0.070251464843750 3800000
0.071594238281250 3799963
0.066894531250000 3799963
0.068359375000000 3800072
0.069946289062500 3800000
0.072998046875000 3800000
0.071533203125000 3800036
0.067504882812500 3799963
0.060241699218750 3800000
0.062316894531250 3800000
0.000000000000000 3799891
0.072570800781250 3800144
0.067626953125000 3799963
0.070190429687500 3799963
0.071472167968750 3800036
0.068908691406250 3800000
0.067504882812500 3800000
0.071838378906250 3800036
0.070922851562500 3799963
0.071960449218750 3800000
0.060363769531250 3800000
0.069763183593750 3800000
0.070678710937500 3800000
0.062072753906250 3799963
0.000000000000000 3800036
0.067993164062500 3800000
0.071105957031250 3800000
0.073242187500000 3800000
0.070983886718750 3799963
0.068481445312500 3800036
0.071166992187500 3800000
0.072570800781250 3800000
0.066955566406250 3800000
0.068542480468750 3800000
0.072387695312500 3800000
0.000000000000000 3799927
0.073608398437500 3800072
0.070373535156250 3800000
0.067138671875000 3799963
0.060302734375000 3800036
0.069763183593750 3799927
0.071899414062500 3800036
0.067138671875000 3800036
0.061889648437500 3800000
0.072570800781250 3800000
0.067932128906250 3800000
0.068603515625000 3790011
0.071289062500000 3799596
0.065185546875000 3800000
0.070556640625000 3800000
0.000000000000000 3800000
0.068176269531250 3800000
0.071777343750000 3800000
0.063049316406250 3800000
0.068969726562500 3800000
0.070434570312500 3800000
0.073364257812500 3800000
0.066772460937500 3799927
0.066711425781250 3800072
0.070129394531250 3799963
0.061462402343750 3800036
0.069274902343750 3799963
0.072814941406250 3798193
0.073425292968750 3783332
0.000000000000000 3783335
0.068847656250000 3799482
0.067749023437500 3800000
0.069702148437500 3800000
0.064270019531250 3799963
0.071228027343750 3800036
0.069030761718750 3800000
0.072021484375000 3799963
0.071166992187500 3800036
0.070800781250000 3800036
0.067565917968750 3799963
0.071777343750000 3800000
0.000000000000000 3800000
0.075317382812500 3800000
0.069030761718750 3800000
0.068359375000000 3796584
0.070129394531250 3799927
0.073120117187500 3800108
0.071838378906250 3799963
0.066406250000000 3795133
0.072631835937500 3797618
0.071105957031250 3800000
0.063842773437500 3800000
0.000000000000000 3796594
0.068237304687500 3800000
0.067504882812500 3800000
0.071838378906250 3800000
0.072570800781250 3797112
0.061035156250000 3800000
0.058898925781250 3800000
0.071777343750000 3800000
0.072204589843750 3800036
0.070495605468750 3799963
0.068786621093750 3797215
0.073669433593750 3795652
0.069580078125000 3800000
0.066223144531250 3797327
0.000000000000000 3799169
0.071594238281250 3791863
0.072814941406250 3797831
0.070373535156250 3800036
0.067382812500000 3800000
0.063171386718750 3800036
0.073059082031250 3799891
0.067138671875000 3800072
0.058959960937500 3800000
0.070068359375000 3800000
0.063232421875000 3799963
0.067199707031250 3800036
0.060913085937500 3800000
0.069641113281250 3800000
0.059265136718750 3796411
0.070251464843750 3789647
0.073547363281250 3800000
0.072448730468750 3800000
0.066406250000000 3800000
0.000000000000000 3800000
0.068420410156250 3796871
0.071411132812500 3783331
0.072570800781250 3798759
0.071594238281250 3800036
0.061706542968750 3800000
0.073913574218750 3799963
0.070373535156250 3800000
0.059020996093750 3800036
0.066589355468750 3800000
0.062927246093750 3792908
0.069702148437500 3799963
0.069641113281250 3800036
0.071838378906250 3800036
0.000000000000000 3800000
0.130187988281250 3792928
0.000000000000000 3784220
0.070251464843750 3794681
0.071594238281250 3799963
0.068542480468750 3800036
0.059509277343750 3800000
0.066101074218750 3800000
0.061889648437500 3796529
0.073486328125000 3800000
0.072998046875000 3800000
0.068603515625000 3800000
0.071228027343750 3800000
0.071716308593750 3800036
0.069824218750000 3799963
0.061889648437500 3800036
0.072692871093750 3799927
0.061401367187500 3800036
0.000000000000000 3799927
0.069641113281250 3800072
0.069824218750000 3800000
0.069763183593750 3800000
0.069885253906250 3799927
0.069274902343750 3793953
0.062866210937500 3798858
0.061462402343750 3800072
0.067687988281250 3800000
0.074096679687500 3799963
0.072998046875000 3788346
0.069885253906250 3783333
0.071472167968750 3797095
0.070861816406250 3800000
0.059387207031250 3800000
0.000000000000000 3800000
0.067016601562500 3800000
0.062988281250000 3799927
0.072082519531250 3800072
0.069702148437500 3798211
0.067687988281250 3795305
0.069580078125000 3800072
0.063964843750000 3799963
0.070129394531250 3800000
0.058715820312500 3799963
0.070312500000000 3800036
0.060668945312500 3800000
0.067932128906250 3800000
0.069030761718750 3800000
0.073242187500000 3800000
0.071105957031250 3800000
0.061401367187500 3800000
0.069885253906250 3800000
0.061157226562500 3790916
0.069152832031250 3788100
0.000000000000000 3800036
0.074096679687500 3800000
0.060058593750000 3800000
0.069702148437500 3800000
0.073486328125000 3800000
0.068542480468750 3795634
0.060852050781250 3790519
0.067810058593750 3800000
0.062194824218750 3799963
0.070251464843750 3800036
0.072265625000000 3800000
0.069458007812500 3783755
0.070800781250000 3794762
0.074707031250000 3799855
0.069274902343750 3800144
0.061462402343750 3793239
0.000000000000000 3800000
0.070678710937500 3792906
0.071472167968750 3799927
0.067443847656250 3800072
0.070373535156250 3800036
0.074768066406250 3799963
0.068603515625000 3800000
0.068542480468750 3799963
0.072326660156250 3800036
0.062805175781250 3800000
0.070739746093750 3800000
0.059020996093750 3800000
0.070922851562500 3800000
0.000000000000000 3800000
0.070190429687500 3800000
0.062255859375000 3800000
0.070007324218750 3799963
0.063232421875000 3800036
0.070190429687500 3800000
0.059204101562500 3800000
0.069152832031250 3799963
0.070373535156250 3800072
0.071594238281250 3799927
0.069091796875000 3800000
0.058654785156250 3800036
0.072265625000000 3799963
0.072387695312500 3800036
0.073059082031250 3800000
0.066589355468750 3793013
0.070495605468750 3800000
0.000000000000000 3800036
0.070861816406250 3799963
0.067932128906250 3800000
0.070922851562500 3799963
0.063110351562500 3800036
0.070434570312500 3800000
0.071716308593750 3800000
0.072387695312500 3799963
0.068725585937500 3800036
0.072204589843750 3800000
0.070678710937500 3800000
0.000000000000000 3799963
0.070922851562500 3800036
0.061950683593750 3800000
0.069824218750000 3799963
0.067565917968750 3800036
0.070800781250000 3800000
0.072937011718750 3800000
0.070373535156250 3800000
0.066772460937500 3799927
0.072143554687500 3799963
0.070129394531250 3800108
0.068298339843750 3799963
0.072021484375000 3800036
0.061645507812500 3800000
0.000000000000000 3799963
0.067199707031250 3800072
0.072326660156250 3799927
0.076110839843750 3800036
0.069824218750000 3800000
0.067993164062500 3799927
0.070251464843750 3800072
0.073547363281250 3800000
0.070251464843750 3800000
0.059631347656250 3800000
0.069946289062500 3800000
0.071594238281250 3799963
0.063049316406250 3800072
0.000000000000000 3796570
0.067565917968750 3795444
0.058715820312500 3794143
0.069274902343750 3800000
0.072387695312500 3800000
0.070495605468750 3799927
0.069702148437500 3800072
0.073425292968750 3799963
0.070434570312500 3800072
0.059265136718750 3799855
0.069274902343750 3800108
0.072814941406250 3800000
0.068176269531250 3800000
0.069091796875000 3800000
0.062377929687500 3800000
0.000000000000000 3799963
0.072021484375000 3800036
0.071166992187500 3800000
0.065734863281250 3800000
0.063781738281250 3800000
0.068786621093750 3799927
0.066223144531250 3800072
0.070129394531250 3799927
0.063659667968750 3800072
0.073181152343750 3799963
0.066467285156250 3800000
0.062988281250000 3800036
0.072875976562500 3800000
0.071899414062500 3800000
0.067016601562500 3800000
0.072448730468750 3800000
0.000000000000000 3800000
0.070007324218750 3799963
0.066040039062500 3800036
0.062866210937500 3800000
0.071166992187500 3800000
0.071228027343750 3800000
0.067077636718750 3799963
0.073303222656250 3799963
0.071411132812500 3800072
0.067565917968750 3799963
0.070922851562500 3800036
0.070861816406250 3799963
0.063659667968750 3800036
0.068603515625000 3799963
0.000000000000000 3800036
0.067932128906250 3800000
0.073547363281250 3800000
0.073120117187500 3800000
0.061706542968750 3800000
0.067993164062500 3800036
0.070983886718750 3799963
0.074157714843750 3800000
0.071777343750000 3799963
0.068786621093750 3800036
0.070251464843750 3800000
0.000000000000000 3800000
0.071350097656250 3799891
0.059082031250000 3800144
0.068420410156250 3799963
0.070373535156250 3800000
0.074768066406250 3799927
0.073364257812500 3800072
0.067443847656250 3800000
0.069763183593750 3800000
0.071655273437500 3800000
0.058898925781250 3800000
0.060668945312500 3800000
0.071594238281250 3799963
0.063964843750000 3800036
0.075744628906250 3800000
0.000000000000000 3799963
0.068359375000000 3800036
0.066528320312500 3799963
0.069274902343750 3800036
0.070190429687500 3800000
0.061645507812500 3799963
0.063293457031250 3800036
0.058837890625000 3800000
0.064575195312500 3800000
0.075927734375000 3800000
0.074890136718750 3800000
0.068298339843750 3800000
0.063781738281250 3800000
0.061767578125000 3800036
0.065063476562500 3799891
0.069396972656250 3800072
0.063781738281250 3800000
0.071350097656250 3800000
0.063720703125000 3800000
0.070129394531250 3799927
0.065490722656250 3800072
0.058654785156250 3796444
0.071044921875000 3799963
0.000000000000000 3800000
0.072570800781250 3800000
0.068237304687500 3800000
0.060668945312500 3800000
0.066955566406250 3800000
0.072143554687500 3800000
0.071533203125000 3800000
0.073059082031250 3799927
0.062072753906250 3800072
0.067932128906250 3800000
0.071533203125000 3800000
0.072265625000000 3800000
0.060363769531250 3799963
0.067016601562500 3800036
0.061645507812500 3800000
0.075073242187500 3800000
0.000000000000000 3800000
0.127380371093750 3799963
0.000000000000000 3800036
0.072448730468750 3800000
0.072937011718750 3800000
0.069641113281250 3800000
0.070068359375000 3800000
0.068603515625000 3800000
0.071289062500000 3800000
0.071899414062500 3800000
0.070068359375000 3800000
0.059753417968750 3799963
0.065185546875000 3800000
0.062072753906250 3800036
0.072387695312500 3800000
0.071838378906250 3800000
0.000000000000000 3800000
0.070434570312500 3800000
0.066040039062500 3800000
0.061096191406250 3800000
0.072631835937500 3800000
0.065856933593750 3800000
0.067810058593750 3800036
0.066406250000000 3799963
0.071228027343750 3799891
0.071411132812500 3800108
0.059387207031250 3800000
0.067077636718750 3800000
0.071350097656250 3800000
0.070190429687500 3800000
0.062500000000000 3800000
0.070922851562500 3799927
0.000000000000000 3800108
0.073669433593750 3799963
0.070495605468750 3800000
0.067199707031250 3800000
0.064880371093750 3800000
0.063537597656250 3800000
0.062988281250000 3800000
0.066833496093750 3800000
0.064880371093750 3800000
0.063293457031250 3800000
0.063476562500000 3800000
0.072082519531250 3799963
0.067993164062500 3800036
0.062438964843750 3800000
0.072204589843750 3799927
0.068542480468750 3800072
0.072570800781250 3800000
0.070983886718750 3800000
0.000000000000000 3800000
0.068481445312500 3800000
0.072692871093750 3800000
0.072448730468750 3800000
0.068481445312500 3800000
0.059387207031250 3800000
0.071166992187500 3800000
0.071289062500000 3800000
0.068542480468750 3800000
0.072753906250000 3797182
0.074584960937500 3790329
0.067321777343750 3791797
0.069396972656250 3800000
0.000000000000000 3800000
0.070251464843750 3800000
0.061462402343750 3800000
0.070617675781250 3800000
0.071838378906250 3800000
0.069641113281250 3800000
0.068908691406250 3800000
0.063598632812500 3799963
0.070739746093750 3800036
0.067871093750000 3800000
0.070922851562500 3800000
0.065917968750000 3800000
0.068176269531250 3800000
0.069519042968750 3800000
0.000000000000000 3800000
0.072265625000000 3799963
0.069824218750000 3800036
0.061828613281250 3800000
0.071838378906250 3800000
0.070434570312500 3799927
0.067993164062500 3800072
0.059326171875000 3800000
0.071899414062500 3800036
0.073791503906250 3795965
0.070739746093750 3800000
0.066284179687500 3800000
0.062072753906250 3800036
0.070678710937500 3799963
0.058593750000000 3799927
0.070434570312500 3800072
0.063049316406250 3789652
0.071289062500000 3799963
0.000000000000000 3800036
0.068908691406250 3800000
0.072753906250000 3800000
0.071533203125000 3800000
0.068725585937500 3800000
0.072631835937500 3799963
0.074035644531250 3800072
0.072082519531250 3799963
0.067932128906250 3800000
0.069152832031250 3800000
0.000000000000000 3800000
0.071777343750000 3800036
0.072387695312500 3799963
0.071044921875000 3800036
0.066223144531250 3799963
0.072998046875000 3800000
0.071228027343750 3800000
0.070434570312500 3800036
0.066345214843750 3799963
0.071044921875000 3800000
0.071960449218750 3800000
0.000000000000000 3799963
0.072570800781250 3800036
0.061950683593750 3800000
0.069030761718750 3800000
0.072387695312500 3799927
0.069396972656250 3798831
0.069091796875000 3797826
0.063049316406250 3800000
0.068786621093750 3800000
0.061950683593750 3795996
0.067016601562500 3785127
0.064025878906250 3796317
0.071350097656250 3800000
0.073364257812500 3800000
0.067443847656250 3800000
0.068664550781250 3800000
0.061645507812500 3800036
0.071166992187500 3799963
0.000000000000000 3800000
0.071899414062500 3800000
0.065979003906250 3800000
0.062683105468750 3800000
0.071350097656250 3800000
0.070983886718750 3799963
0.067932128906250 3800036
0.069946289062500 3800036
0.064331054687500 3799963
0.070617675781250 3800000
0.066955566406250 3799963
0.066345214843750 3799963
0.063842773437500 3800072
0.072265625000000 3800000
0.070678710937500 3800000
0.000000000000000 3800000
0.069702148437500 3800000
0.069274902343750 3796884
0.065002441406250 3792724
0.070434570312500 3800036
0.067932128906250 3800000
0.072448730468750 3800036
0.062805175781250 3800000
0.069152832031250 3799963
0.070129394531250 3799927
0.071594238281250 3800072
0.068237304687500 3799963
0.062072753906250 3799963
0.071472167968750 3800072
0.072998046875000 3800000
0.000000000000000 3800000
0.067260742187500 3800000
0.071350097656250 3800000
0.064147949218750 3800000
0.070678710937500 3800000
0.058898925781250 3800000
0.066101074218750 3800000
0.064147949218750 3800000
0.071533203125000 3800000
0.060668945312500 3800000
0.066650390625000 3800000
0.071960449218750 3800000
0.074829101562500 3800000
0.069091796875000 3800000
0.059997558593750 3800000
0.070190429687500 3800036
0.063659667968750 3800000
0.068298339843750 3799963
0.073486328125000 3800000
0.000000000000000 3800000
0.068847656250000 3800000
0.067565917968750 3799927
0.073364257812500 3800072
0.071289062500000 3800000
0.068542480468750 3800000
0.065612792968750 3800036
0.062988281250000 3799963
0.071899414062500 3800000
0.069213867187500 3800000
0.074035644531250 3800000
0.071899414062500 3800000
0.059570312500000 3800000
0.000000000000000 3800000
0.071777343750000 3800000
0.071533203125000 3800000
0.058898925781250 3799963
0.071533203125000 3800000
0.072998046875000 3800000
0.069580078125000 3800036
0.069641113281250 3800000
0.070617675781250 3800000
0.062988281250000 3799963
0.068420410156250 3799963
0.068298339843750 3800072
0.074401855468750 3800000
0.000000000000000 3800000
0.073486328125000 3800000
0.069885253906250 3799963
0.065856933593750 3800036
0.072204589843750 3800000
0.072692871093750 3800000
0.061950683593750 3800000
0.067138671875000 3800000
0.070312500000000 3799927
0.061218261718750 3800072
0.071899414062500 3800000
0.071411132812500 3800036
0.067138671875000 3799963
0.071228027343750 3800000
0.000000000000000 3800000
0.070007324218750 3799927
0.060241699218750 3800000
0.072143554687500 3800072
0.069885253906250 3800000
0.072692871093750 3800000
0.068908691406250 3800000
0.070983886718750 3800000
0.070983886718750 3800000
0.058471679687500 3800000
0.073486328125000 3799927
0.070434570312500 3800072
0.067626953125000 3799963
0.000000000000000 3800036
0.134399414062500 3800000
0.000000000000000 3800000
0.069946289062500 3799963
0.072631835937500 3800072
0.072082519531250 3799963
0.068115234375000 3800000
0.067626953125000 3800000
0.060546875000000 3800000
0.073364257812500 3800000
0.069091796875000 3800036
0.060119628906250 3799963
0.068847656250000 3800000
0.072814941406250 3800000
0.072509765625000 3800000
0.067443847656250 3800000
0.059570312500000 3800000
0.062377929687500 3800036
0.000000000000000 3799963
0.071533203125000 3800000
0.069763183593750 3800000
0.059082031250000 3799963
0.073669433593750 3800036
0.063720703125000 3800000
0.070983886718750 3800000
0.064819335937500 3800000
0.069030761718750 3800000
0.072387695312500 3800000
0.071105957031250 3799963
0.070373535156250 3800036
0.058898925781250 3800000
0.072326660156250 3800000
0.069213867187500 3799963
0.068176269531250 3800036
0.000000000000000 3800000
0.071105957031250 3799963
0.071105957031250 3800000
0.069396972656250 3800036
0.068298339843750 3800000
0.074035644531250 3800000
0.071166992187500 3800000
0.060729980468750 3800000
0.071228027343750 3800000
0.072570800781250 3799963
0.067626953125000 3800036
0.059143066406250 3800000
0.061462402343750 3800000
0.072143554687500 3800000
0.070922851562500 3800036
0.000000000000000 3796449
0.067626953125000 3793169
0.072631835937500 3799963
0.069946289062500 3800036
0.060852050781250 3799963
0.067504882812500 3800036
0.061889648437500 3800000
0.073303222656250 3800000
0.067810058593750 3800000
0.072692871093750 3799927
0.072082519531250 3800072
0.068176269531250 3800000
0.067382812500000 3789351
0.072021484375000 3800036
0.000000000000000 3800000
0.072204589843750 3800000
0.071960449218750 3800000
0.059020996093750 3800000
0.070312500000000 3800000
0.073364257812500 3800000
0.069763183593750 3799963
0.058837890625000 3800036
0.072387695312500 3799927
0.070983886718750 3800072
0.073791503906250 3799963
0.068176269531250 3800036
0.058959960937500 3800000
0.072814941406250 3800000
0.071350097656250 3799963
0.000000000000000 3800036
0.069213867187500 3800000
0.068603515625000 3800000
0.073425292968750 3800000
0.070922851562500 3799927
0.069458007812500 3800072
0.071960449218750 3800000
0.062316894531250 3800000
0.066406250000000 3800000
0.070129394531250 3800000
0.074035644531250 3800000
0.000000000000000 3800000
0.070922851562500 3800000
0.069335937500000 3800000
0.071716308593750 3800000
0.062683105468750 3800000
0.069274902343750 3800000
0.060607910156250 3800000
0.070495605468750 3800000
0.069030761718750 3800000
0.072998046875000 3800000
0.072937011718750 3799963
0.058898925781250 3800036
0.066284179687500 3800000
0.073669433593750 3800000
0.069030761718750 3800000
0.000000000000000 3800000
0.072509765625000 3800000
0.072326660156250 3799963
0.069519042968750 3800036
0.070373535156250 3800000
0.072265625000000 3800000
0.072204589843750 3799963
0.072998046875000 3800036
0.069152832031250 3800000
0.059753417968750 3800000
0.068603515625000 3800000
0.071533203125000 3800036
0.000000000000000 3799927
0.070495605468750 3800072
0.071716308593750 3799963
0.070678710937500 3800000
0.069824218750000 3796194
0.072753906250000 3796498
0.070739746093750 3800036
0.058898925781250 3799963
0.071289062500000 3800000
0.070495605468750 3799963
0.072509765625000 3800036
0.000000000000000 3800000
0.069458007812500 3800000
0.072814941406250 3800000
0.070190429687500 3799927
0.071533203125000 3800072
0.066772460937500 3800000
0.070068359375000 3800000
0.070678710937500 3800000
0.070251464843750 3800000
0.059509277343750 3800000
0.070922851562500 3800000
0.063781738281250 3800000
0.070068359375000 3800000
0.067871093750000 3797057
0.000000000000000 3800000
0.128479003906250 3800000
0.000000000000000 3800000
0.074890136718750 3800000
0.068603515625000 3800000
0.067810058593750 3799963
0.069274902343750 3800000
0.061279296875000 3800036
0.071533203125000 3800036
0.062927246093750 3799963
0.066955566406250 3800000
0.068481445312500 3800000
0.073669433593750 3800000
0.069335937500000 3799963
0.070007324218750 3799927
0.066955566406250 3800108
0.064331054687500 3800000
0.071472167968750 3799963
0.000000000000000 3800036
0.071838378906250 3800000
0.059509277343750 3800000
0.071960449218750 3799927
0.062438964843750 3800072
0.068420410156250 3800036
0.070251464843750 3799963
0.071105957031250 3800000
0.062866210937500 3800036
0.065917968750000 3799963
0.072387695312500 3800000
0.074401855468750 3799927
0.069396972656250 3800072
0.060424804687500 3800000
0.068847656250000 3800000
0.064270019531250 3800000
0.072509765625000 3864000
0.000000000000000 3900037
0.074096679687500 3899925
0.073425292968750 3900074
0.071716308593750 3899925
0.072021484375000 3900037
0.073181152343750 3900000
0.075073242187500 3900000
0.071166992187500 3900000
0.073425292968750 3900037
0.073913574218750 3900000
0.073059082031250 3900000
0.073181152343750 3900000
0.000000000000000 3899962
0.071044921875000 3900037
0.073547363281250 3900000
0.073547363281250 3900000
0.073181152343750 3900000
0.073059082031250 3900000
0.071838378906250 3900000
0.072204589843750 3899925
0.072631835937500 3900037
0.075744628906250 3900037
0.072143554687500 3900000
0.072814941406250 3900000
0.072204589843750 3900000
0.000000000000000 3900000
0.072998046875000 3900000
0.072631835937500 3899962
0.072509765625000 3900000
0.073120117187500 3900037
0.073913574218750 3900000
0.071777343750000 3900000
0.074157714843750 3899962
0.071533203125000 3900000
0.073059082031250 3900000
0.071228027343750 3900037
0.073913574218750 3900000
0.000000000000000 3899962
0.071228027343750 3900037
0.072448730468750 3899962
0.073364257812500 3900037
0.070739746093750 3900000
0.072570800781250 3899962
0.072753906250000 3900000
0.072082519531250 3900000
0.073608398437500 3900037
0.073364257812500 3900000
0.074035644531250 3900000
0.070373535156250 3900000
0.074218750000000 3900000
0.071289062500000 3899962
0.000000000000000 3900000
0.072204589843750 3900038
0.070800781250000 3900000
0.073059082031250 3900000
0.072998046875000 3900000
0.073364257812500 3900000
0.073486328125000 3899962
0.072265625000000 3900000
0.074768066406250 3900037
0.071350097656250 3899962
0.071350097656250 3900037
0.071472167968750 3899962
0.000000000000000 3899962
0.140625000000000 3900074
0.000000000000000 3899925
0.071228027343750 3900074
0.072204589843750 3899962
0.070129394531250 3900037
0.064147949218750 3900000
0.072631835937500 3899962
0.072021484375000 3900037
0.070800781250000 3899962
0.074462890625000 3900000
0.073486328125000 3900000
0.070800781250000 3899962
0.073120117187500 3900037
0.071105957031250 3900037
0.073791503906250 3900000
0.070251464843750 3900000
0.000000000000000 3900000
0.072998046875000 3900000
0.074401855468750 3899962
0.071899414062500 3900000
0.064758300781250 3900000
0.071777343750000 3900037
0.072753906250000 3900000
0.070007324218750 3900000
0.074523925781250 3899962
0.073059082031250 3899962
0.071533203125000 3900037
0.072814941406250 3900000
0.071166992187500 3900037
0.075622558593750 3900000
0.000000000000000 3899962
0.072814941406250 3900037
0.072021484375000 3899925
0.066894531250000 3900037
0.075256347656250 3900000
0.073181152343750 3900000
0.065124511718750 3900037
0.064880371093750 3899962
0.064636230468750 3900000
0.077941894531250 3900000
0.073364257812500 3900037
0.069335937500000 3899888
0.066955566406250 3900074
0.073974609375000 3900037
0.068725585937500 3899962
0.070922851562500 3900000
0.070983886718750 3900000
0.067016601562500 3900000
0.064514160156250 3900000
0.071777343750000 3899962
0.078308105468750 3900074
0.068481445312500 3900000
0.073242187500000 3899962
0.000000000000000 3900000
0.073791503906250 3900037
0.069091796875000 3899962
0.076965332031250 3900000
0.076538085937500 3900000
0.072631835937500 3900000
0.074340820312500 3900000
0.070739746093750 3900000
0.071105957031250 3900037
0.071350097656250 3899962
0.074951171875000 3900000
0.070739746093750 3900000
0.071960449218750 3900000
0.000000000000000 3900038
0.073486328125000 3900000
0.073547363281250 3899962
0.070434570312500 3900000
0.076965332031250 3900000
0.288574218750000 3899983
0.071350097656250 3900111
0.076232910156250 3900000
0.073242187500000 3899962
0.074218750000000 3900000
0.071655273437500 3899962
0.063720703125000 3900074
0.072753906250000 3899962
0.073120117187500 3900000
0.073547363281250 3900037
0.072082519531250 3899962
0.073181152343750 3900000
0.000000000000000 3900037
0.072082519531250 3899962
0.072082519531250 3899925
0.071533203125000 3900074
0.072998046875000 3900000
0.069824218750000 3900000
0.074279785156250 3899962
0.074707031250000 3900037
0.072631835937500 3900037
0.074645996093750 3900000
0.072265625000000 3899925
0.072570800781250 3900037
0.072937011718750 3900037
0.000000000000000 3899962
0.072753906250000 3900000
0.070861816406250 3900000
0.074096679687500 3900037
0.074768066406250 3900000
0.070617675781250 3900000
0.073120117187500 3900000
0.070129394531250 3900000
0.064514160156250 3900000
0.072631835937500 3899962
0.064086914062500 3900037
0.074340820312500 3900000
0.072692871093750 3900000
0.065124511718750 3899925
0.071655273437500 3900037
0.075317382812500 3899962
0.066589355468750 3900037
0.066650390625000 3900037
0.070312500000000 3900000
0.066406250000000 3899962
0.065429687500000 3900000
0.072387695312500 3900000
0.073181152343750 3900000
0.000000000000000 3900037
0.073852539062500 3899962
0.071533203125000 3900000
0.072692871093750 3900037
0.073486328125000 3900000
0.072387695312500 3900000
0.072692871093750 3900000
0.071105957031250 3899962
0.073974609375000 3900000
0.074218750000000 3900037
0.071960449218750 3791667
0.075927734375000 3900000
0.000000000000000 3900000
0.071838378906250 3900037
0.064086914062500 3900000
0.075500488281250 3899962
0.075256347656250 3900000
0.072692871093750 3900037
0.072753906250000 3899962
0.075988769531250 3900000
0.070800781250000 3900000
0.074157714843750 3900000
0.072570800781250 3900000
0.074890136718750 3900000
0.074462890625000 3900000
0.000000000000000 3900000
0.071350097656250 3900000
0.072387695312500 3900037
0.073181152343750 3900000
0.073913574218750 3899925
0.070739746093750 3900074
0.074401855468750 3899962
0.072937011718750 3900000
0.072021484375000 3900000
0.075012207031250 3900000
0.071838378906250 3900037
0.072204589843750 3899962
0.072082519531250 3900037
0.000000000000000 3900000
0.073852539062500 3899962
0.071716308593750 3900037
0.072143554687500 3899962
0.072875976562500 3900037
0.070312500000000 3900000
0.073303222656250 3900000
0.071838378906250 3900000
0.071716308593750 3900000
0.073547363281250 3900000
0.073120117187500 3899962
0.072204589843750 3900038
0.071655273437500 3900000
0.000000000000000 3900000
0.072875976562500 3899962
0.071166992187500 3899888
0.075195312500000 3900111
0.074035644531250 3900000
0.071105957031250 3900037
0.072753906250000 3899962
0.074707031250000 3900037
0.071105957031250 3899962
0.071228027343750 3900000
0.072509765625000 3900000
0.074157714843750 3900000
0.072387695312500 3900000
0.000000000000000 3900000
0.071960449218750 3900000
0.071655273437500 3900000
0.071838378906250 3900000
0.071899414062500 3900000
0.071777343750000 3900000
0.072448730468750 3900000
0.072998046875000 3900000
0.072204589843750 3899962
0.074523925781250 3900037
0.072570800781250 3900000
0.071716308593750 3900000
0.072875976562500 3900000
0.074340820312500 3900037
0.000000000000000 3899962
0.074401855468750 3900037
0.073242187500000 3899962
0.070617675781250 3900000
0.073120117187500 3900000
0.073242187500000 3900037
0.075012207031250 3900000
0.072814941406250 3733211
0.076354980468750 3900000
0.066772460937500 3900000
0.074157714843750 3900037
0.075500488281250 3899962
0.073852539062500 3900000
0.075500488281250 3900000
0.000000000000000 3900000
0.074340820312500 3900037
0.072387695312500 3900000
0.075012207031250 3899962
0.072692871093750 3900000
0.076904296875000 3846689
0.072265625000000 3900000
0.066772460937500 3900000
0.072937011718750 3900000
0.075744628906250 3900000
0.077392578125000 3900000
0.075622558593750 3900000
0.074523925781250 3900037
0.000000000000000 3899962
0.073608398437500 3900000
0.075317382812500 3900000
0.073242187500000 3900000
0.074951171875000 3900000
0.075744628906250 3900037
0.073059082031250 3899888
0.077331542968750 3900074
0.072448730468750 3900000
0.074584960937500 3900000
0.073486328125000 3900037
0.000000000000000 3900000
0.075012207031250 3899962
0.073913574218750 3899962
0.073669433593750 3900037
0.074462890625000 3900000
0.074340820312500 3900000
0.073364257812500 3900037
0.070617675781250 3899962
0.072998046875000 3900000
0.064575195312500 3900000
0.072998046875000 3900000
0.064147949218750 3900000
0.072448730468750 3900000
0.073059082031250 3900000
0.063781738281250 3900037
0.064025878906250 3899962
0.074096679687500 3900000
0.070190429687500 3900000
0.073242187500000 3900037
0.065185546875000 3899962
0.000000000000000 3900000
0.073486328125000 3900000
0.070739746093750 3900037
0.073364257812500 3899962
0.071838378906250 3900037
0.063903808593750 3899962
0.074218750000000 3900000
0.074401855468750 3900000
0.071472167968750 3899925
0.076782226562500 3900111
0.072692871093750 3899962
0.072875976562500 3900037
0.073608398437500 3900000
0.070495605468750 3899962
0.000000000000000 3900000
0.074890136718750 3900000
0.074584960937500 3900037
0.071838378906250 3899962
0.073425292968750 3900037
0.072631835937500 3899962
0.071350097656250 3900000
0.070861816406250 3900000
0.076293945312500 3900000
0.072021484375000 3900000
0.071228027343750 3900000
0.073974609375000 3900037
0.071350097656250 3899851
0.000000000000000 3900111
0.072082519531250 3900000
0.075622558593750 3900000
0.074523925781250 3900037
0.072692871093750 3899962
0.071166992187500 3900037
0.074035644531250 3899962
0.073059082031250 3900037
0.071594238281250 3900000
0.072570800781250 3899962
0.073364257812500 3900037
0.000000000000000 3899962
0.074768066406250 3900000
0.074279785156250 3900000
0.073242187500000 3900037
0.071044921875000 3899962
0.071105957031250 3900037
0.072143554687500 3899962
0.073913574218750 3899962
0.074340820312500 3900037
0.069641113281250 3900000
0.073608398437500 3900037
0.070251464843750 3899962
0.073059082031250 3900000
0.000000000000000 3899962
0.071899414062500 3900037
0.072387695312500 3900037
0.075683593750000 3900000
0.072753906250000 3900000
0.072875976562500 3899962
0.070983886718750 3900000
0.073059082031250 3900037
0.069885253906250 3899962
0.072570800781250 3899888
0.074096679687500 3900111
0.071228027343750 3899962
0.075317382812500 3900037
0.069763183593750 3900037
0.000000000000000 3900000
0.074462890625000 3900000
0.071289062500000 3900000
0.073974609375000 3900000
0.073120117187500 3899925
0.070373535156250 3900037
0.073059082031250 3900037
0.072753906250000 3899925
0.073608398437500 3900074
0.070739746093750 3899962
0.071716308593750 3900000
0.073120117187500 3900000
0.000000000000000 3900000
0.074523925781250 3900037
0.073059082031250 3899962
0.074096679687500 3899925
0.073669433593750 3900074
0.071350097656250 3900000
0.064514160156250 3900000
0.071960449218750 3900037
0.075622558593750 3899962
0.072082519531250 3900000
0.072265625000000 3900000
0.074096679687500 3900037
0.069030761718750 3899962
0.064392089843750 3900000
0.071105957031250 3900037
0.000000000000000 3900000
0.074401855468750 3899962
0.074218750000000 3900037
0.071777343750000 3900000
0.073913574218750 3900000
0.074157714843750 3899962
0.075195312500000 3900037
0.071350097656250 3899962
0.074707031250000 3900000
0.072692871093750 3900037
0.073181152343750 3899962
0.071533203125000 3900037
0.000000000000000 3900000
0.070617675781250 3899961
0.073120117187500 3900000
0.071105957031250 3900037
0.074768066406250 3900000
0.073791503906250 3899962
0.072387695312500 3900000
0.072998046875000 3900000
0.072692871093750 3900037
0.072509765625000 3899962
0.073059082031250 3900000
0.074340820312500 3900000
0.000000000000000 3900000
0.073303222656250 3900000
0.071044921875000 3900037
0.072448730468750 3899962
0.072082519531250 3899962
0.073181152343750 3900037
0.074157714843750 3900000
0.072692871093750 3900037
0.072204589843750 3899888
0.073059082031250 3900074
0.073547363281250 3900037
0.074279785156250 3900000
0.000000000000000 3900000
0.071472167968750 3900000
0.070983886718750 3899962
0.074401855468750 3900000
0.072326660156250 3899962
0.071166992187500 3900074
0.073120117187500 3899962
0.070800781250000 3900000
0.064514160156250 3900000
0.070983886718750 3900037
0.072692871093750 3899962
0.071105957031250 3900000
0.072692871093750 3900000
0.075439453125000 3899962
0.071350097656250 3900037
0.000000000000000 3900000
0.072631835937500 3899922
0.069335937500000 3900111
0.074218750000000 3899925
0.070007324218750 3900037
0.073913574218750 3900037
0.072204589843750 3900000
0.071044921875000 3900000
0.073791503906250 3899888
0.071350097656250 3900111
0.071777343750000 3900000
0.073425292968750 3899962
0.064086914062500 3900000
0.073791503906250 3900037
0.000000000000000 3899925
0.074890136718750 3900037
0.074157714843750 3900000
0.071411132812500 3900037
0.073913574218750 3900000
0.071105957031250 3899925
0.072570800781250 3900074
0.075195312500000 3899962
0.073242187500000 3900000
0.071899414062500 3900000
0.070068359375000 3900000
0.072082519531250 3900037
0.072387695312500 3900000
0.000000000000000 3900000
0.072937011718750 3900000
0.073181152343750 3899962
0.071350097656250 3900037
0.072814941406250 3899962
0.072265625000000 3900037
0.073120117187500 3900000
0.070373535156250 3900000
0.073242187500000 3899962
0.074279785156250 3900037
0.072692871093750 3899962
0.071472167968750 3900000
0.072021484375000 3900000
0.000000000000000 3900037
0.072448730468750 3899962
0.071228027343750 3900037
0.072021484375000 3900000
0.071289062500000 3900000
0.072631835937500 3900000
0.072570800781250 3899962
0.073303222656250 3900000
0.072692871093750 3900037
0.071838378906250 3899962
0.072265625000000 3900000
0.071838378906250 3900037
0.072937011718750 3900000
0.070739746093750 3900000
0.070678710937500 3899962
0.000000000000000 3900037
0.074035644531250 3900000
0.074157714843750 3900000
0.071838378906250 3899925
0.070373535156250 3900037
0.072753906250000 3900000
0.073852539062500 3900037
0.070190429687500 3900000
0.074218750000000 3899962
0.070251464843750 3900000
0.074035644531250 3900037
0.071411132812500 3899962
0.072326660156250 3900000
0.000000000000000 3900000
0.075012207031250 3900037
0.070739746093750 3899962
0.072448730468750 3900037
0.072692871093750 3900000
0.073669433593750 3899962
0.070068359375000 3900000
0.073608398437500 3900037
0.074340820312500 3899962
0.071594238281250 3900037
0.071472167968750 3900000
0.070129394531250 3899888
0.000000000000000 3900074
0.074768066406250 3900000
0.072082519531250 3900037
0.072631835937500 3899962
0.071960449218750 3900000
0.071472167968750 3900037
0.073974609375000 3900000
0.070495605468750 3899888
0.073059082031250 3900074
0.071044921875000 3900000
0.075012207031250 3900037
0.073303222656250 3899962
0.070617675781250 3900000
0.072265625000000 3900000
0.000000000000000 3900000
0.070739746093750 3900000
0.073913574218750 3900000
0.071594238281250 3900000
0.071472167968750 3899925
0.072448730468750 3900074
0.074401855468750 3900000
0.071960449218750 3900000
0.071960449218750 3900037
0.071899414062500 3900000
0.071166992187500 3900000
0.073974609375000 3900000
0.071411132812500 3900000
0.000000000000000 3899962
0.075439453125000 3900000
0.072753906250000 3899962
0.073303222656250 3900037
0.072509765625000 3900000
0.071105957031250 3900037
0.071594238281250 3899962
0.070129394531250 3899962
0.075500488281250 3900037
0.072937011718750 3836020
0.072570800781250 3900077
0.073059082031250 3900000
0.000000000000000 3900000
0.073913574218750 3900037
0.072448730468750 3899962
0.074584960937500 3900037
0.075256347656250 3900000
0.072631835937500 3900000
0.072814941406250 3899962
0.072814941406250 3900000
0.069946289062500 3900000
0.072937011718750 3900000
0.072570800781250 3900000
0.074218750000000 3900037
0.000000000000000 3900000
0.073913574218750 3899962
0.070739746093750 3900000
0.072326660156250 3900000
0.073547363281250 3900000
0.073547363281250 3900037
0.074157714843750 3900000
0.070861816406250 3899925
0.074340820312500 3900037
0.070861816406250 3900000
0.073669433593750 3900000
0.071228027343750 3900037
0.073791503906250 3899925
0.000000000000000 3900037
0.074157714843750 3900000
0.072631835937500 3900037
0.072326660156250 3899962
0.072326660156250 3899962
0.063781738281250 3900037
0.070434570312500 3900037
0.072937011718750 3899962
0.072875976562500 3900000
0.072448730468750 3900037
0.074401855468750 3899962
0.071350097656250 3900000
0.073852539062500 3900000
0.072631835937500 3900000
0.000000000000000 3900000
0.073547363281250 3900000
0.071899414062500 3900000
0.073181152343750 3900000
0.071899414062500 3900037
0.070861816406250 3899925
0.065124511718750 3900074
0.073059082031250 3899962
0.074340820312500 3900000
0.073181152343750 3900000
0.073913574218750 3900000
0.072021484375000 3900000
0.072753906250000 3900000
0.072814941406250 3900037
0.000000000000000 3899962
0.072570800781250 3900000
0.064147949218750 3900037
0.071716308593750 3899962
0.073852539062500 3900037
0.071105957031250 3899962
0.074157714843750 3900000
0.074218750000000 3900037
0.071105957031250 3899962
0.071960449218750 3900000
0.071166992187500 3900037
0.074096679687500 3899962
0.071594238281250 3900000
0.073547363281250 3900037
0.000000000000000 3899962
0.071166992187500 3900000
0.072814941406250 3900037
0.072204589843750 3899962
0.071350097656250 3900000
0.071960449218750 3900000
0.073303222656250 3900037
0.064270019531250 3900000
0.075866699218750 3899962
0.070617675781250 3900000
0.071411132812500 3899925
0.072814941406250 3900111
0.071899414062500 3899962
0.070373535156250 3900037
0.064880371093750 3900000
0.072387695312500 3899962
0.063903808593750 3899962
0.072570800781250 3900074
0.000000000000000 3900000
0.073181152343750 3899962
0.073425292968750 3900037
0.073303222656250 3830272
0.068847656250000 3789530
0.067016601562500 3786924
0.071777343750000 3799233
0.075073242187500 3800000
0.071289062500000 3796476
0.069641113281250 3800072
0.067687988281250 3800000
0.000000000000000 3800000
0.072692871093750 3790606
0.068786621093750 3799038
0.061950683593750 3800000
0.071594238281250 3800000
0.069335937500000 3800000
0.071105957031250 3800000
0.072509765625000 3786020
0.062988281250000 3796985
0.066467285156250 3799282
0.061950683593750 3800000
0.069763183593750 3800000
0.068786621093750 3799963
0.072937011718750 3800036
0.072875976562500 3800000
0.000000000000000 3799927
0.071960449218750 3800072
0.058654785156250 3800000
0.067199707031250 3800000
0.071777343750000 3800000
0.063415527343750 3800000
0.072631835937500 3800000
0.066406250000000 3800000
0.060852050781250 3799963
0.073364257812500 3800036
0.069763183593750 3800000
0.059326171875000 3800000
0.068542480468750 3800000
0.070678710937500 3800000
0.071838378906250 3800000
0.070373535156250 3795030
0.000000000000000 3798075
0.072082519531250 3800000
0.074279785156250 3799963
0.066528320312500 3800036
0.058898925781250 3800000
0.070617675781250 3800000
0.072387695312500 3800000
0.068420410156250 3800000
0.066833496093750 3800000
0.062255859375000 3800000
0.073364257812500 3800000
0.062622070312500 3800000
0.068176269531250 3800000
0.067321777343750 3800000
0.071899414062500 3800000
0.062744140625000 3800000
0.069274902343750 3800000
0.000000000000000 3800000
0.069885253906250 3799963
0.071472167968750 3800036
0.068481445312500 3799927
0.061584472656250 3800072
0.070922851562500 3799963
0.071472167968750 3799963
0.071655273437500 3800072
0.065612792968750 3800000
0.061462402343750 3786175
0.071655273437500 3783335
0.075500488281250 3791852
0.068908691406250 3799963
0.000000000000000 3800036
0.068176269531250 3799963
0.073669433593750 3800036
0.071289062500000 3798016
0.060302734375000 3800000
0.066894531250000 3800000
0.070983886718750 3800036
0.070495605468750 3800000
0.069213867187500 3799963
0.073852539062500 3800036
0.061767578125000 3799963
0.067932128906250 3800036
0.062561035156250 3800000
0.074096679687500 3800000
0.069335937500000 3799963
0.000000000000000 3799963
0.068542480468750 3800072
0.071411132812500 3800000
0.073181152343750 3800000
0.071655273437500 3800000
0.065917968750000 3799963
0.062744140625000 3800072
0.072082519531250 3799963
0.061950683593750 3800036
0.068115234375000 3799963
0.067871093750000 3800000
0.073120117187500 3800036
0.070922851562500 3799963
0.060791015625000 3800036
0.066894531250000 3799963
0.000000000000000 3800036
0.073303222656250 3799963
0.070007324218750 3800000
0.058715820312500 3800000
0.071411132812500 3800000
0.060546875000000 3800000
0.068176269531250 3800036
0.071960449218750 3799963
0.063842773437500 3800000
0.071838378906250 3800000
0.059082031250000 3799963
0.066406250000000 3800036
0.071533203125000 3800000
0.071289062500000 3799927
0.069885253906250 3800072
0.068725585937500 3800000
0.067504882812500 3800000
0.064697265625000 3800000
0.060791015625000 3799927
0.000000000000000 3800072
0.069030761718750 3800000
0.069580078125000 3799963
0.072875976562500 3800036
0.070678710937500 3800036
0.067138671875000 3799963
0.074157714843750 3800000
0.060485839843750 3800000
0.059082031250000 3800000
0.071105957031250 3800000
0.073852539062500 3800000
0.069641113281250 3800000
0.059936523437500 3800000
0.072143554687500 3800000
0.070495605468750 3799927
0.000000000000000 3800072
0.068420410156250 3800000
0.071777343750000 3800000
0.074645996093750 3800000
0.067687988281250 3800000
0.068115234375000 3800000
0.069641113281250 3800000
0.071594238281250 3800000
0.062072753906250 3800000
0.068786621093750 3799963
0.060974121093750 3800036
0.069396972656250 3800000
0.070007324218750 3799963
0.070922851562500 3800036
0.000000000000000 3800000
0.073608398437500 3800000
0.071899414062500 3800000
0.068176269531250 3800000
0.073486328125000 3800000
0.072082519531250 3799891
0.071594238281250 3800108
0.067749023437500 3800036
0.070495605468750 3799963
0.073730468750000 3800000
0.000000000000000 3799963
0.069641113281250 3800036
0.067993164062500 3799963
0.068298339843750 3800036
0.063415527343750 3800000
0.073425292968750 3800000
0.068603515625000 3800000
0.058837890625000 3800000
0.072387695312500 3800000
0.070739746093750 3800000
0.068603515625000 3800000
0.070068359375000 3800000
0.073303222656250 3800000
0.000000000000000 3800000
0.067871093750000 3800000
0.071899414062500 3799855
0.069641113281250 3800144
0.067504882812500 3800000
0.061706542968750 3800000
0.074218750000000 3797612
0.069091796875000 3802388
0.070007324218750 3799963
0.070007324218750 3800036
0.071105957031250 3800000
0.073242187500000 3800036
0.064819335937500 3800000
0.000000000000000 3799963
0.070983886718750 3800000
0.075988769531250 3799927
0.072021484375000 3800072
0.060424804687500 3800000
0.066528320312500 3800000
0.063354492187500 3800000
0.070495605468750 3800000
0.060607910156250 3800000
0.067565917968750 3800000
0.072692871093750 3800000
0.074890136718750 3796590
0.070739746093750 3799927
0.067199707031250 3800072
0.000000000000000 3800000
0.070678710937500 3800000
0.074707031250000 3800000
0.072265625000000 3799927
0.066894531250000 3800072
0.072875976562500 3800000
0.071044921875000 3799927
0.072570800781250 3800072
0.065490722656250 3800000
0.069091796875000 3799963
0.000000000000000 3800036
0.068969726562500 3800000
0.073852539062500 3800000
0.061401367187500 3800000
0.066528320312500 3800000
0.062011718750000 3799963
0.069030761718750 3800036
0.060302734375000 3800000
0.070983886718750 3800000
0.072937011718750 3800000
0.072021484375000 3800000
0.068542480468750 3800000
0.068298339843750 3800000
0.071411132812500 3800000
0.063232421875000 3800000
0.066406250000000 3800000
0.062561035156250 3800000
0.072387695312500 3800000
0.061279296875000 3800000
0.069519042968750 3800000
0.000000000000000 3800000
0.070068359375000 3800000
0.072326660156250 3800000
0.069213867187500 3788229
0.072631835937500 3794428
0.070373535156250 3800000
0.059082031250000 3799927
0.074584960937500 3800037
0.068115234375000 3800036
0.058593750000000 3800036
0.059570312500000 3799963
0.072631835937500 3800000
0.069213867187500 3800000
0.062011718750000 3799963
0.072265625000000 3800036
0.063049316406250 3800036
0.068298339843750 3799927
0.000000000000000 3800072
0.068054199218750 3799891
0.069152832031250 3800072
0.071960449218750 3800000
0.062194824218750 3800000
0.069519042968750 3799963
0.067871093750000 3800036
0.070922851562500 3800036
0.072937011718750 3799963
0.070251464843750 3800000
0.066528320312500 3799963
0.058837890625000 3800036
0.070007324218750 3800036
0.075744628906250 3799963
0.000000000000000 3800036
0.068664550781250 3799963
0.069702148437500 3799963
0.068054199218750 3800036
0.070007324218750 3800000
0.072998046875000 3800000
0.070678710937500 3800036
0.059570312500000 3799963
0.068542480468750 3800036
0.062011718750000 3799963
0.069946289062500 3800000
0.058959960937500 3800000
0.074340820312500 3800000
0.071289062500000 3799963
0.059082031250000 3800036
0.072326660156250 3800000
0.000000000000000 3800000
0.070922851562500 3800000
0.072998046875000 3800000
0.062438964843750 3800000
0.069458007812500 3800000
0.070129394531250 3800000
0.069213867187500 3800000
0.062072753906250 3798618
0.061462402343750 3797857
0.067749023437500 3800072
0.072937011718750 3800000
0.070983886718750 3800036
0.058837890625000 3799963
0.071777343750000 3800000
0.073730468750000 3800000
0.070800781250000 3800000
0.000000000000000 3799927
0.070373535156250 3800072
0.068115234375000 3800000
0.071105957031250 3800000
0.073120117187500 3799963
0.072753906250000 3800036
0.058898925781250 3800000
0.068481445312500 3800000
0.070068359375000 3800000
0.071289062500000 3800000
0.071899414062500 3799963
0.062683105468750 3800000
0.068176269531250 3800036
0.000000000000000 3800000
0.072021484375000 3800000
0.072448730468750 3799927
0.067871093750000 3800108
0.073303222656250 3799963
0.071289062500000 3800000
0.068969726562500 3800000
0.074157714843750 3800000
0.070007324218750 3800000
0.059204101562500 3800000
0.067321777343750 3800000
0.071594238281250 3800000
0.061645507812500 3800000
0.070800781250000 3800036
0.000000000000000 3800000
0.069946289062500 3799927
0.068786621093750 3800036
0.061523437500000 3800000
0.073059082031250 3800000
0.061950683593750 3800000
0.067504882812500 3796583
0.060363769531250 3800000
0.068237304687500 3800000
0.071350097656250 3800000
0.070617675781250 3800000
0.060913085937500 3800036
0.071044921875000 3799963
0.073425292968750 3800000
0.070190429687500 3800000
0.066650390625000 3799927
0.000000000000000 3800072
0.070983886718750 3800000
0.072326660156250 3800000
0.071350097656250 3800000
0.059326171875000 3800000
0.066894531250000 3800000
0.074645996093750 3799927
0.070373535156250 3800072
0.072326660156250 3799963
0.066162109375000 3800036
0.069030761718750 3799963
0.072692871093750 3800036
0.000000000000000 3800000
0.135925292968750 3800000
0.000000000000000 3800000
0.068725585937500 3800000
0.060485839843750 3800000
0.067016601562500 3800000
0.072326660156250 3800000
0.074645996093750 3800000
0.071960449218750 3800000
0.069702148437500 3800000
0.067382812500000 3800000
0.064086914062500 3800000
0.069091796875000 3800000
0.059020996093750 3800000
0.071838378906250 3800000
0.070129394531250 3800000
0.000000000000000 3800000
0.069580078125000 3800000
0.070434570312500 3800000
0.064636230468750 3800000
0.067260742187500 3799927
0.072509765625000 3800108
0.070800781250000 3799963
0.062438964843750 3799963
0.070373535156250 3800036
0.068115234375000 3800000
0.069152832031250 3799963
0.070251464843750 3800036
0.062255859375000 3800000
0.067993164062500 3800000
0.072448730468750 3800000
0.000000000000000 3800000
0.073242187500000 3800000
0.060668945312500 3800000
0.067749023437500 3799927
0.070129394531250 3800072
0.071472167968750 3800000
0.068481445312500 3800000
0.063293457031250 3800000
0.071960449218750 3799963
0.069458007812500 3800036
0.071533203125000 3800000
0.071228027343750 3800000
0.072692871093750 3800000
0.000000000000000 3799963
0.067382812500000 3800036
0.067260742187500 3800000
0.074096679687500 3800036
0.071899414062500 3799927
0.072143554687500 3800036
0.066772460937500 3800000
0.062011718750000 3800000
0.063354492187500 3800000
0.059020996093750 3800000
0.067260742187500 3800000
0.072021484375000 3799963
0.070312500000000 3800036
0.061828613281250 3800000
0.075805664062500 3800000
0.069213867187500 3800000
0.058593750000000 3800000
0.070617675781250 3800000
0.000000000000000 3800000
0.072204589843750 3800000
0.070251464843750 3800000
0.068603515625000 3800000
0.069091796875000 3800000
0.060852050781250 3800000
0.072998046875000 3800000
0.071472167968750 3800000
0.069030761718750 3800000
0.070617675781250 3800000
0.073364257812500 3800000
0.000000000000000 3800036
0.074035644531250 3799963
0.068115234375000 3800000
0.070190429687500 3800000
0.068664550781250 3800000
0.072998046875000 3799963
0.070312500000000 3800036
0.068359375000000 3800000
0.061706542968750 3800000
0.072998046875000 3799963
0.071166992187500 3800036
0.066711425781250 3799927
0.068176269531250 3800072
0.000000000000000 3800000
0.071166992187500 3800000
0.061279296875000 3799963
0.074157714843750 3800036
0.070983886718750 3800000
0.059326171875000 3799963
0.070617675781250 3800036
0.072998046875000 3799891
0.066711425781250 3800108
0.073486328125000 3800000
0.071350097656250 3799522
0.067565917968750 3783333
0.061340332031250 3789357
0.072814941406250 3800000
0.063232421875000 3800000
0.066955566406250 3800000
0.059997558593750 3800000
0.000000000000000 3799927
0.066894531250000 3800072
0.072143554687500 3800000
0.074829101562500 3800000
0.068420410156250 3800000
0.067871093750000 3800000
0.070556640625000 3800000
0.064636230468750 3800000
0.068237304687500 3800000
0.066345214843750 3800000
0.072570800781250 3800000
0.073120117187500 3800000
0.062805175781250 3800036
0.066833496093750 3799963
0.000000000000000 3800000
0.072875976562500 3800000
0.069946289062500 3800000
0.067321777343750 3800000
0.071594238281250 3800000
0.072082519531250 3800000
0.062805175781250 3800000
0.067260742187500 3799963
0.059997558593750 3800036
0.070800781250000 3800000
0.073242187500000 3800000
0.068115234375000 3800000
0.069335937500000 3800000
0.070312500000000 3799891
0.000000000000000 3800108
0.067993164062500 3800000
0.062683105468750 3800000
0.069824218750000 3800000
0.068237304687500 3799927
0.071289062500000 3800072
0.072814941406250 3800000
0.071533203125000 3800000
0.072387695312500 3799963
0.069152832031250 3800036
0.066284179687500 3800000
0.070495605468750 3800000
0.000000000000000 3800000
0.073303222656250 3800000
0.063415527343750 3800000
0.070678710937500 3800000
0.070800781250000 3800000
0.070983886718750 3800000
0.067382812500000 3800000
0.073425292968750 3800000
0.071105957031250 3800000
0.070129394531250 3800000
0.066406250000000 3799963
0.068603515625000 3799963
0.061096191406250 3800072
0.071105957031250 3800000
0.000000000000000 3800000
0.071228027343750 3800000
0.069396972656250 3800000
0.068908691406250 3800000
0.071350097656250 3800000
0.071472167968750 3800036
0.058959960937500 3799963
0.067443847656250 3800000
0.061950683593750 3800000
0.071533203125000 3799963
0.070861816406250 3800000
0.066650390625000 3800000
0.074890136718750 3800000
0.000000000000000 3800072
0.071899414062500 3800000
0.065185546875000 3799963
0.071472167968750 3799927
0.071044921875000 3800072
0.067260742187500 3800000
0.071777343750000 3800000
0.074279785156250 3800000
0.062744140625000 3800000
0.067077636718750 3800000
0.059020996093750 3800000
0.067932128906250 3800000
0.071533203125000 3800000
0.073486328125000 3800000
0.069641113281250 3800000
0.000000000000000 3800000
0.068298339843750 3800000
0.071960449218750 3800000
0.062011718750000 3800000
0.067016601562500 3800000
0.072631835937500 3800000
0.068847656250000 3800000
0.074523925781250 3799963
0.060791015625000 3800036
0.068664550781250 3800000
0.073547363281250 3800000
0.068847656250000 3800036
0.062561035156250 3799963
0.070312500000000 3800000
0.000000000000000 3800000
0.071411132812500 3800000
0.069702148437500 3800000
0.065246582031250 3800000
0.062988281250000 3800000
0.072570800781250 3799963
0.071899414062500 3799963
0.067749023437500 3800072
0.062500000000000 3800036
0.071228027343750 3799963
0.069519042968750 3800000
0.068359375000000 3800000
0.070373535156250 3800000
0.064331054687500 3800000
0.068725585937500 3800000
0.000000000000000 3799927
0.069091796875000 3800072
0.071105957031250 3800000
0.063415527343750 3800000
0.071411132812500 3800000
0.066894531250000 3800036
0.072570800781250 3799891
0.069580078125000 3800072
0.062011718750000 3800000
0.068115234375000 3800000
0.062194824218750 3800000
0.069946289062500 3800036
0.061401367187500 3799963
0.069091796875000 3800000
0.058898925781250 3800000
0.072692871093750 3800000
0.070617675781250 3799927
0.070129394531250 3799963
0.000000000000000 3800108
0.070129394531250 3800000
0.071533203125000 3800000
0.069580078125000 3800000
0.061828613281250 3800000
0.067260742187500 3800000
0.072937011718750 3800000
0.071105957031250 3800000
0.069580078125000 3800000
0.059265136718750 3800000
0.068664550781250 3800000
0.061889648437500 3800000
0.059082031250000 3800000
0.071044921875000 3800000
0.074951171875000 3800000
0.070800781250000 3800000
0.066833496093750 3800000
0.000000000000000 3799891
0.071228027343750 3800108
0.064941406250000 3800000
0.069274902343750 3800000
0.059143066406250 3800000
0.066406250000000 3800000
0.061584472656250 3800000
0.075866699218750 3800000
0.069702148437500 3800000
0.068603515625000 3800000
0.066223144531250 3800000
0.073486328125000 3800000
0.072570800781250 3800000
0.070556640625000 3800000
0.070190429687500 3796293
0.000000000000000 3800000
0.066894531250000 3799963
0.060791015625000 3800072
0.071655273437500 3800000
0.070495605468750 3800000
0.065612792968750 3799963
0.074157714843750 3800036
0.073913574218750 3800000
0.066589355468750 3800000
0.071472167968750 3799963
0.071594238281250 3800036
0.063842773437500 3800000
0.065551757812500 3799891
0.070922851562500 3800108
0.000000000000000 3800000
0.072998046875000 3799963
0.060974121093750 3800000
0.072814941406250 3800036
0.068176269531250 3800036
0.067871093750000 3799963
0.070861816406250 3800000
0.063537597656250 3799963
0.067749023437500 3800036
0.059448242187500 3800000
0.073364257812500 3800000
0.071472167968750 3800000
0.069580078125000 3800000
0.071350097656250 3800000
0.000000000000000 3800000
0.072692871093750 3800000
0.069580078125000 3800000
0.059692382812500 3800000
0.074401855468750 3800036
0.068237304687500 3799963
0.071655273437500 3796494
0.070007324218750 3800000
0.068298339843750 3800000
0.071472167968750 3800000
0.072875976562500 3800000
0.067565917968750 3800000
0.058776855468750 3800000
0.073547363281250 3800000
0.000000000000000 3800000
0.071777343750000 3800000
0.060729980468750 3800000
0.070800781250000 3800000
0.069946289062500 3800000
0.074401855468750 3800000
0.070617675781250 3800000
0.068420410156250 3800000
0.061889648437500 3800000
0.064453125000000 3800000
0.067565917968750 3800000
0.068176269531250 3800000
0.071594238281250 3800000
0.072753906250000 3800000
0.000000000000000 3800000
0.067687988281250 3800000
0.071044921875000 3800000
0.062377929687500 3800000
0.067504882812500 3800000
0.072265625000000 3800000
0.072021484375000 3800000
0.072387695312500 3799963
0.060058593750000 3800000
0.067871093750000 3800036
0.072326660156250 3800000
0.068664550781250 3800000
0.070434570312500 3800000
0.060974121093750 3800000
0.067260742187500 3800036
0.000000000000000 3799963
0.073730468750000 3800000
0.070983886718750 3800000
0.062438964843750 3800000
0.058776855468750 3799927
0.073242187500000 3800072
0.069763183593750 3800000
0.060058593750000 3800000
0.059020996093750 3800000
0.072265625000000 3800000
0.067626953125000 3800000
0.071838378906250 3799963
0.071289062500000 3800036
0.069702148437500 3800000
0.062683105468750 3800000
0.067260742187500 3800000
0.070495605468750 3800000
0.070617675781250 3800000
0.000000000000000 3800000
0.069580078125000 3800000
0.072387695312500 3800000
0.070190429687500 3800000
0.072265625000000 3800000
0.067504882812500 3800036
0.072937011718750 3799963
0.072631835937500 3800000
0.070129394531250 3799963
0.068969726562500 3800000
0.000000000000000 3800000
0.131835937500000 3800036
0.000000000000000 3800036
0.066223144531250 3799963
0.070983886718750 3800000
0.071411132812500 3800000
0.072570800781250 3800000
0.068481445312500 3800000
0.070495605468750 3800000
0.073059082031250 3800000
0.068298339843750 3793054
0.067932128906250 3800000
0.072143554687500 3800036
0.000000000000000 3799963
0.074645996093750 3800000
0.069580078125000 3799927
0.067443847656250 3800072
0.060363769531250 3800000
0.072570800781250 3800000
0.070068359375000 3800000
0.068969726562500 3800000
0.068786621093750 3800000
0.075195312500000 3800000
0.071411132812500 3799891
0.066589355468750 3800108
0.066101074218750 3800000
0.000000000000000 3800000
0.067871093750000 3800000
0.072998046875000 3800036
0.072326660156250 3800000
0.063354492187500 3799963
0.067199707031250 3800000
0.071716308593750 3800000
0.071472167968750 3799927
0.059570312500000 3800072
0.067443847656250 3800000
0.074096679687500 3800000
0.062683105468750 3800000
0.070617675781250 3800000
0.059509277343750 3800000
0.066101074218750 3799963
0.062255859375000 3800036
0.073425292968750 3800000
0.060180664062500 3800000
0.067382812500000 3800000
0.000000000000000 3800000
0.071228027343750 3800000
0.074279785156250 3800000
0.069763183593750 3800000
0.069030761718750 3800036
0.071899414062500 3799963
0.061401367187500 3800000
0.059326171875000 3800000
0.070068359375000 3800000
0.072265625000000 3799963
0.070922851562500 3800036
0.066101074218750 3800000
0.071777343750000 3800000
0.000000000000000 3799963
0.072265625000000 3800000
0.069274902343750 3800036
0.068054199218750 3800000
0.074829101562500 3800000
0.070556640625000 3800000
0.068359375000000 3800000
0.071228027343750 3800000
0.074951171875000 3792920
0.068359375000000 3799825
0.069030761718750 3800000
0.000000000000000 3800000
0.072143554687500 3800000
0.070007324218750 3800000
0.060913085937500 3799927
0.069946289062500 3800072
0.072998046875000 3799963
0.069274902343750 3800036
0.059448242187500 3800000
0.065612792968750 3800000
0.061218261718750 3799963
0.072631835937500 3800036
0.071777343750000 3800000
0.059143066406250 3800000
0.066711425781250 3800000
0.067871093750000 3800000
0.069335937500000 3800000
0.073486328125000 3800000
0.000000000000000 3800000
0.073181152343750 3799927
0.067993164062500 3800072
0.070739746093750 3800000
0.071594238281250 3800000
0.062011718750000 3800000
0.069458007812500 3800000
0.068420410156250 3800000
0.073181152343750 3800000
0.072387695312500 3800000
0.071289062500000 3800000
0.066406250000000 3800000
0.000000000000000 3800000
0.069885253906250 3800000
0.070800781250000 3800000
0.063842773437500 3800000
0.066467285156250 3800000
0.061950683593750 3800000
0.073852539062500 3800036
0.068603515625000 3800000
0.062805175781250 3799963
0.071350097656250 3800000
0.070678710937500 3800000
0.065002441406250 3800036
0.063171386718750 3799963
0.071228027343750 3800000
0.070495605468750 3800000
0.068969726562500 3800000
0.061950683593750 3800000
0.065979003906250 3800000
0.070678710937500 3799963
0.059143066406250 3799927
0.062561035156250 3800108
0.061096191406250 3800000
0.058837890625000 3799963
0.063110351562500 3800036
0.070739746093750 3800000
0.069458007812500 3800000
0.000000000000000 3799963
0.067260742187500 3800036
0.076049804687500 3800000
0.070190429687500 3800000
0.066406250000000 3800000
0.070800781250000 3799963
0.065063476562500 3799963
0.066345214843750 3800072
0.074157714843750 3799891
0.067443847656250 3800108
0.073486328125000 3800000
0.071166992187500 3800000
0.000000000000000 3800000
0.065551757812500 3800000
0.068542480468750 3800000
0.063659667968750 3799927
0.069702148437500 3800072
0.071411132812500 3800036
0.068359375000000 3799963
0.072204589843750 3800000
0.062438964843750 3800000
0.070007324218750 3800000
0.067382812500000 3800000
0.072631835937500 3800000
0.071960449218750 3800000
0.000000000000000 3800036
0.070312500000000 3799891
0.068115234375000 3800072
0.070495605468750 3800000
0.070495605468750 3800000
0.069519042968750 3800036
0.070983886718750 3799927
0.066833496093750 3800036
0.072570800781250 3800000
0.072387695312500 3796601
0.069702148437500 3800036
0.000000000000000 3799963
0.065917968750000 3800000
0.073303222656250 3800000
0.071350097656250 3800000
0.069152832031250 3800000
0.069458007812500 3800000
0.071472167968750 3799963
0.072021484375000 3800036
0.072387695312500 3800000
0.071289062500000 3800000
0.059326171875000 3800000
0.067321777343750 3800000
0.061523437500000 3800000
0.074829101562500 3799963
0.062500000000000 3800000
0.000000000000000 3800036
0.068359375000000 3800000
0.068542480468750 3800000
0.072326660156250 3799927
0.062438964843750 3800072
0.059448242187500 3800000
0.066894531250000 3800036
0.070495605468750 3799963
0.071899414062500 3800000
0.061157226562500 3800000
0.067504882812500 3800000
0.072326660156250 3800036
0.073425292968750 3799963
0.061035156250000 3800036
0.072204589843750 3799927
0.068786621093750 3800000
0.058837890625000 3799963
0.066833496093750 3800072
0.063293457031250 3800000
0.000000000000000 3800000
0.073913574218750 3794250
0.071655273437500 3798594
0.070922851562500 3800000
0.066223144531250 3800000
0.065673828125000 3800000
0.061218261718750 3800000
0.064575195312500 3800000
0.064575195312500 3800000
0.062866210937500 3800000
0.066345214843750 3800000
0.066894531250000 3800000
0.070556640625000 3800000
0.075622558593750 3800000
0.062438964843750 3800000
0.066589355468750 3800000
0.071350097656250 3800000
0.070129394531250 3800000
0.000000000000000 3800000
0.071838378906250 3800000
0.065429687500000 3800000
0.062500000000000 3800000
0.069458007812500 3800000
0.058715820312500 3799963
0.062438964843750 3800036
0.074157714843750 3800000
0.061889648437500 3799963
0.067382812500000 3800036
0.067993164062500 3800000
0.069580078125000 3800000
0.074096679687500 3800000
0.066589355468750 3800000
0.068481445312500 3800000
0.062622070312500 3800036
0.068969726562500 3799963
0.071411132812500 3800000
0.070190429687500 3800000
0.062744140625000 3800000
0.000000000000000 3800000
0.070129394531250 3800000
0.061523437500000 3799963
0.069458007812500 3800036
0.069213867187500 3800000
0.063720703125000 3800000
0.068969726562500 3800000
0.059265136718750 3800000
0.071228027343750 3799963
0.061218261718750 3800036
0.068298339843750 3799963
0.061889648437500 3800036
0.071472167968750 3800000
0.070251464843750 3800000
0.072570800781250 3799927
0.070190429687500 3800072
0.068054199218750 3800000
0.071105957031250 3800000
0.000000000000000 3800000
0.070190429687500 3800000
0.070739746093750 3799963
0.058898925781250 3800036
0.069152832031250 3800000
0.073242187500000 3799963
0.070678710937500 3800036
0.067626953125000 3800000
0.062500000000000 3800000
0.071472167968750 3800000
0.066467285156250 3800000
0.061523437500000 3800000
0.073547363281250 3800000
0.070861816406250 3800000
0.067077636718750 3800000
0.000000000000000 3800000
0.133972167968750 3800000
0.000000000000000 3800000
0.071044921875000 3796576
0.067871093750000 3800000
0.061157226562500 3800000
0.071899414062500 3800000
0.070434570312500 3800000
0.060363769531250 3800000
0.072387695312500 3800036
0.069641113281250 3799963
0.068176269531250 3799927
0.073608398437500 3800072
0.072631835937500 3800000
0.069030761718750 3800000
0.060729980468750 3800000
0.000000000000000 3800000
0.070190429687500 3800000
0.071594238281250 3800000
0.068237304687500 3800000
0.066467285156250 3799963
0.071899414062500 3796275
0.071838378906250 3803763
0.070800781250000 3800000
0.071350097656250 3800000
0.059509277343750 3800000
0.070556640625000 3800000
0.072387695312500 3800000
0.069030761718750 3800000
0.059143066406250 3800000
0.000000000000000 3800000
0.075439453125000 3799963
0.071899414062500 3800036
0.058837890625000 3800000
0.069152832031250 3800000
0.063781738281250 3800000
0.065307617187500 3800000
0.062500000000000 3800000
0.071411132812500 3800000
0.070373535156250 3800000
0.070678710937500 3799927
0.071289062500000 3800072
0.072265625000000 3800000
0.069458007812500 3799891
0.059020996093750 3800108
0.070556640625000 3800000
0.000000000000000 3800000
0.071044921875000 3799963
0.070129394531250 3800000
0.060058593750000 3800072
0.062927246093750 3799891
0.071838378906250 3800108
0.071289062500000 3799963
0.065979003906250 3800000
0.073181152343750 3800000
0.069458007812500 3799891
0.058959960937500 3800108
0.073364257812500 3800000
0.069763183593750 3800000
0.060485839843750 3799963
0.071105957031250 3800036
0.071655273437500 3800000
0.069763183593750 3800000
0.000000000000000 3800000
0.068908691406250 3800000
0.061767578125000 3800000
0.072326660156250 3800000
0.070678710937500 3800000
0.070312500000000 3799963
0.058776855468750 3800036
0.069152832031250 3800000
0.071166992187500 3800000
0.060729980468750 3800036
0.068054199218750 3799963
0.070434570312500 3800000
0.073303222656250 3800000
0.062072753906250 3800000
0.068176269531250 3799963
0.074951171875000 3799963
0.000000000000000 3800072
0.070190429687500 3800000
0.070251464843750 3800000
0.066223144531250 3800000
0.071166992187500 3800036
0.074096679687500 3799963
0.068115234375000 3799963
0.059448242187500 3800072
0.071899414062500 3799963
0.063903808593750 3800000
0.068664550781250 3800000
0.058837890625000 3800036
0.071228027343750 3799963
0.071838378906250 3800000
0.058959960937500 3800000
0.070129394531250 3799963
0.071228027343750 3800036
0.000000000000000 3799963
0.068176269531250 3800036
0.074035644531250 3800000
0.069885253906250 3800000
0.070861816406250 3800000
0.059997558593750 3797888
0.067504882812500 3800072
0.063415527343750 3799963
0.071777343750000 3800000
0.069274902343750 3800000
0.066955566406250 3800000
0.075134277343750 3800036
0.066284179687500 3799963
0.062744140625000 3800000
0.073242187500000 3800000
0.000000000000000 3800000
0.070312500000000 3800000
0.060913085937500 3799927
0.070678710937500 3800072
0.072692871093750 3800000
0.069152832031250 3800000
0.072692871093750 3799963
0.063232421875000 3800036
0.070129394531250 3800000
0.059020996093750 3800000
0.070617675781250 3800000
0.062561035156250 3800000
0.065917968750000 3800000
0.072021484375000 3800000
0.072326660156250 3800000
0.071289062500000 3800000
0.060424804687500 3800000
0.000000000000000 3800000
0.066589355468750 3800000
0.062072753906250 3799198
0.069458007812500 3797412
0.059570312500000 3800036
0.069519042968750 3799891
0.072570800781250 3800072
0.067810058593750 3800000
0.069274902343750 3800000
0.206909179687500 3797098
0.068298339843750 3800000
0.073791503906250 3800000
0.070983886718750 3799963
0.072021484375000 3800036
0.065856933593750 3800000
0.069885253906250 3800000
0.072692871093750 3800000
0.069519042968750 3800000
0.068176269531250 3799927
0.070739746093750 3800072
0.063964843750000 3800000
0.071228027343750 3800000
0.000000000000000 3800000
0.066711425781250 3799963
0.062438964843750 3800036
0.071655273437500 3800000
0.070556640625000 3799963
0.067443847656250 3800036
0.067749023437500 3796020
0.073425292968750 3800036
0.063232421875000 3800000
0.059753417968750 3800000
0.066833496093750 3800036
0.073608398437500 3799963
0.071472167968750 3800000
0.060729980468750 3796595
0.067077636718750 3800000
0.069030761718750 3799963
0.072387695312500 3800000
0.062438964843750 3800036
0.058715820312500 3800000
0.000000000000000 3800000
0.071411132812500 3793062
0.071716308593750 3800000
0.071533203125000 3800000
0.073181152343750 3800000
0.067932128906250 3800036
0.071105957031250 3799963
0.074035644531250 3800000
0.071105957031250 3800000
0.067810058593750 3800000
0.000000000000000 3800000
0.071472167968750 3799963
0.069030761718750 3800000
0.068603515625000 3800036
0.070373535156250 3800000
0.063537597656250 3800000
0.070251464843750 3800036
0.058898925781250 3799927
0.069946289062500 3800000
0.061401367187500 3800036
0.070190429687500 3799963
0.062561035156250 3800036
0.058898925781250 3800000
0.059570312500000 3800000
0.069396972656250 3796626
0.074462890625000 3799963
0.072021484375000 3800000
0.068481445312500 3800000
0.068847656250000 3799927
0.066528320312500 3800072
0.000000000000000 3799963
0.072998046875000 3800036
0.069946289062500 3800000
0.071655273437500 3800000
0.068603515625000 3800000
0.067749023437500 3799963
0.072631835937500 3800036
0.071533203125000 3800000
0.066711425781250 3800000
0.073425292968750 3800000
0.071777343750000 3800000
0.000000000000000 3789939
0.070861816406250 3799414
0.067504882812500 3799963
0.062194824218750 3800036
0.067260742187500 3800036
0.072814941406250 3799963
0.073608398437500 3800036
0.067260742187500 3800000
0.072143554687500 3800000
0.067565917968750 3799963
0.062194824218750 3800000
0.069885253906250 3800036
0.072692871093750 3800000
0.000000000000000 3800036
0.072631835937500 3787907
0.068481445312500 3800000
0.058715820312500 3800000
0.071838378906250 3800000
0.069763183593750 3800000
0.066162109375000 3800000
0.070190429687500 3800000
0.072204589843750 3800000
0.071289062500000 3800000
0.059204101562500 3800000
0.070739746093750 3799891
0.074157714843750 3800108
0.069702148437500 3800000
0.059204101562500 3799963
0.067382812500000 3800036
0.000000000000000 3800000
0.070617675781250 3800000
0.074951171875000 3800000
0.068176269531250 3800000
0.059020996093750 3799927
0.070922851562500 3800072
0.060363769531250 3800000
0.071411132812500 3800000
0.061889648437500 3799963
0.066223144531250 3800036
0.070678710937500 3800000
0.075073242187500 3800000
0.070495605468750 3800000
0.060302734375000 3800000
0.067871093750000 3800036
0.062927246093750 3799963
0.072875976562500 3799963
0.060668945312500 3800036
0.067932128906250 3800000
0.000000000000000 3800000
0.071105957031250 3800000
0.072998046875000 3800000
0.070129394531250 3800000
0.068725585937500 3800000
0.069519042968750 3800000
0.072448730468750 3800000
0.069580078125000 3800000
0.061157226562500 3800000
0.072143554687500 3800000
0.070312500000000 3800000
0.060302734375000 3800000
0.067810058593750 3800036
0.072082519531250 3799963
0.000000000000000 3800000
0.070739746093750 3799927
0.061340332031250 3800072
0.069030761718750 3799963
0.071166992187500 3800072
0.072937011718750 3799963
0.068664550781250 3800000
0.060119628906250 3800000
0.070739746093750 3800000
0.072631835937500 3800000
0.068481445312500 3800000
0.067749023437500 3800000
0.061645507812500 3799963
0.071105957031250 3800036
0.061035156250000 3799927
0.071166992187500 3800072
0.000000000000000 3800000
0.071411132812500 3800036
0.066284179687500 3799963
0.071472167968750 3800000
0.069702148437500 3800000
0.059020996093750 3799927
0.062316894531250 3800072
0.071655273437500 3800000
0.071594238281250 3800000
0.070373535156250 3799927
0.059020996093750 3800072
0.072509765625000 3800000
0.072387695312500 3800000
0.069274902343750 3800000
0.058898925781250 3800000
0.074279785156250 3800000
0.072387695312500 3800000
0.061096191406250 3800000
0.000000000000000 3800000
0.065673828125000 3800000
0.068176269531250 3799963
0.072937011718750 3800036
0.072387695312500 3800000
0.060424804687500 3800000
0.069946289062500 3800000
0.063232421875000 3800000
0.071899414062500 3800000
0.070251464843750 3800000
0.067382812500000 3800000
0.070434570312500 3800000
0.073364257812500 3799963
0.000000000000000 3800036
0.071594238281250 3800000
0.068603515625000 3800000
0.070434570312500 3800000
0.071044921875000 3800000
0.058715820312500 3800000
0.066772460937500 3800000
0.069396972656250 3800000
0.072326660156250 3799927
0.070251464843750 3800072
0.067687988281250 3800000
0.071594238281250 3799963
0.072143554687500 3800036
0.063415527343750 3800000
0.067687988281250 3799927
0.000000000000000 3800036
0.067810058593750 3800036
0.073425292968750 3800000
0.069702148437500 3800000
0.063476562500000 3800000
0.068054199218750 3799963
0.061767578125000 3800036
0.068298339843750 3800000
0.072143554687500 3799963
0.069580078125000 3799963
0.059265136718750 3800108
0.072204589843750 3799963
0.069274902343750 3800000
0.060729980468750 3799963
0.070190429687500 3800036
0.072326660156250 3800000
0.000000000000000 3800000
0.070129394531250 3800036
0.068786621093750 3799963
0.073059082031250 3799963
0.070495605468750 3800036
0.068054199218750 3800000
0.068054199218750 3800000
0.064819335937500 3800000
0.069396972656250 3800000
0.068542480468750 3800000
0.072570800781250 3799963
0.072265625000000 3800036
0.000000000000000 3800000
0.071166992187500 3800000
0.066711425781250 3800000
0.072509765625000 3800000
0.072265625000000 3799962
0.071228027343750 3800000
0.059143066406250 3800036
0.071044921875000 3799963
0.072509765625000 3800036
0.058959960937500 3800000
0.071289062500000 3800000
0.070007324218750 3800036
0.061828613281250 3799963
0.069030761718750 3800000
0.059387207031250 3799927
0.071350097656250 3800072
0.000000000000000 3800000
0.069030761718750 3800000
0.068542480468750 3800036
0.072692871093750 3799927
0.073486328125000 3800036
0.072021484375000 3800000
0.059143066406250 3800000
0.067810058593750 3800000
0.061218261718750 3800000
0.073974609375000 3800000
0.067810058593750 3800036
0.068237304687500 3799963
0.073669433593750 3800036
0.000000000000000 3799963
0.075134277343750 3800036
0.071472167968750 3799963
0.067810058593750 3799963
0.067932128906250 3800036
0.072875976562500 3800000
0.073486328125000 3800000
0.069396972656250 3800000
0.068786621093750 3800000
0.063720703125000 3800000
0.069702148437500 3800000
0.068054199218750 3800000
0.000000000000000 3800036
0.133483886718750 3799891
0.061706542968750 3800072
0.000000000000000 3800036
0.067932128906250 3799963
0.070373535156250 3800000
0.061950683593750 3799963
0.059204101562500 3800036
0.068908691406250 3800000
0.073547363281250 3800036
0.070129394531250 3799963
0.067932128906250 3800036
0.059387207031250 3799963
0.072387695312500 3800000
0.072143554687500 3800036
0.060668945312500 3799963
0.069274902343750 3800000
0.063354492187500 3800000
0.071838378906250 3800000
0.066711425781250 3800036
0.072143554687500 3799963
0.000000000000000 3800000
0.072204589843750 3799927
0.071105957031250 3800072
0.066772460937500 3800000
0.073242187500000 3800000
0.073425292968750 3800000
0.067382812500000 3800000
0.068725585937500 3800000
0.069702148437500 3800000
0.073791503906250 3800000
0.000000000000000 3800000
0.074035644531250 3800000
0.065979003906250 3800000
0.068359375000000 3799963
0.068908691406250 3800036
0.065673828125000 3800000
0.069335937500000 3800000
0.059692382812500 3800000
0.067932128906250 3800000
0.074096679687500 3800000
0.063476562500000 3800036
0.068786621093750 3799963
0.070312500000000 3800000
0.071594238281250 3800000
0.072387695312500 3799927
0.000000000000000 3800072
0.067504882812500 3800000
0.070861816406250 3800000
0.061096191406250 3800000
0.066223144531250 3800000
0.062194824218750 3800000
0.071472167968750 3800000
0.070373535156250 3800000
0.058837890625000 3800000
0.069519042968750 3800036
0.071594238281250 3799963
0.071777343750000 3800000
0.071350097656250 3800000
0.071350097656250 3800000
0.059204101562500 3800000
0.065856933593750 3800000
0.071899414062500 3800000
0.000000000000000 3800000
0.132507324218750 3800000
0.000000000000000 3800000
0.067138671875000 3800000
0.060607910156250 3799891
0.073974609375000 3800108
0.068542480468750 3800000
0.061767578125000 3800000
0.066894531250000 3799927
0.070922851562500 3800108
0.071838378906250 3799963
0.063476562500000 3800000
0.067443847656250 3800000
0.072265625000000 3800000
0.073364257812500 3800000
0.068481445312500 3800036
0.069702148437500 3799963
0.000000000000000 3800000
0.070495605468750 3800000
0.070556640625000 3800000
0.069885253906250 3800000
0.070800781250000 3799927
0.061279296875000 3800072
0.067993164062500 3800000
0.071228027343750 3800000
0.070861816406250 3800000
0.063110351562500 3800000
0.068115234375000 3800000
0.071960449218750 3800000
0.062011718750000 3800036
0.067626953125000 3799963
0.062438964843750 3800000
0.070129394531250 3800000
0.000000000000000 3799963
0.070495605468750 3800036
0.068481445312500 3800036
0.064697265625000 3799927
0.070129394531250 3800036
0.068237304687500 3799927
0.062194824218750 3800072
0.074523925781250 3799963
0.071350097656250 3800000
0.067565917968750 3800036
0.068603515625000 3800000
0.070922851562500 3800000
0.062683105468750 3800000
0.059265136718750 3800000
0.058898925781250 3799963
0.070983886718750 3800072
0.073120117187500 3799963
0.062316894531250 3800000
0.066650390625000 3800000
0.000000000000000 3800036
0.071350097656250 3799963
0.070861816406250 3800000
0.070495605468750 3799891
0.068664550781250 3800108
0.071533203125000 3800000
0.072448730468750 3800000
0.067993164062500 3800000
0.061157226562500 3800000
0.070007324218750 3800000
0.070800781250000 3800000
0.069091796875000 3800000
0.000000000000000 3800036
0.073791503906250 3799963
0.070068359375000 3800000
0.066101074218750 3800000
0.071411132812500 3800000
0.070312500000000 3800000
0.062561035156250 3799927
0.069885253906250 3800072
0.059448242187500 3800000
0.070678710937500 3799963
0.062011718750000 3800072
0.070861816406250 3799891
0.068725585937500 3800036
0.072814941406250 3800036
0.067626953125000 3800000
0.059448242187500 3800000
0.070800781250000 3800000
0.000000000000000 3800000
0.072570800781250 3800000
0.060974121093750 3799963
0.069396972656250 3800036
0.072265625000000 3800000
0.069519042968750 3800036
0.062561035156250 3799927
0.068420410156250 3800036
0.062988281250000 3800000
0.068420410156250 3799963
0.068115234375000 3800036
0.072265625000000 3800000
0.070861816406250 3799927
0.062072753906250 3800072
0.066406250000000 3800000
0.071777343750000 3799963
0.071350097656250 3800000
0.000000000000000 3800036
0.071472167968750 3799927
0.069396972656250 3800072
0.072753906250000 3800000
0.061279296875000 3800036
0.065734863281250 3799963
0.073364257812500 3799927
0.070800781250000 3800072
0.067565917968750 3800000
0.067321777343750 3800000
0.061889648437500 3800000
0.072937011718750 3800000
0.070007324218750 3799927
0.059997558593750 3800072
0.068176269531250 3800000
0.063232421875000 3800000
0.069335937500000 3800000
0.000000000000000 3800000
0.067687988281250 3800000
0.072998046875000 3800000
0.071960449218750 3800000
0.059997558593750 3800000
0.069763183593750 3800000
0.073364257812500 3800000
0.070922851562500 3800000
0.060485839843750 3799963
0.064941406250000 3800036
0.071838378906250 3800000
0.072509765625000 3800000
0.071533203125000 3800000
0.059387207031250 3800000
0.000000000000000 3800000
0.071960449218750 3800000
0.073425292968750 3800000
0.069091796875000 3800000
0.059509277343750 3800000
0.068481445312500 3800000
0.070678710937500 3800000
0.072204589843750 3800000
0.068115234375000 3800000
0.060180664062500 3800000
0.061523437500000 3799891
0.075439453125000 3800144
0.069213867187500 3799855
0.060058593750000 3800144
0.066406250000000 3799963
0.071838378906250 3799927
0.071350097656250 3800072
0.000000000000000 3799927
0.066894531250000 3800072
0.067199707031250 3799963
0.072753906250000 3800000
0.072143554687500 3800036
0.071472167968750 3799927
0.058959960937500 3800072
0.072814941406250 3800000
0.069519042968750 3800000
0.070861816406250 3800000
0.068664550781250 3800036
0.061828613281250 3799963
0.070190429687500 3800000
0.061157226562500 3800000
0.068725585937500 3800036
0.000000000000000 3799963
0.071594238281250 3800000
0.072692871093750 3800000
0.069396972656250 3800000
0.067749023437500 3800000
0.070434570312500 3800000
0.064819335937500 3800000
0.071899414062500 3800000
0.067810058593750 3800000
0.072143554687500 3800000
0.073486328125000 3800000
0.069458007812500 3800000
0.000000000000000 3800000
0.065795898437500 3800000
0.075012207031250 3800000
0.071899414062500 3800000
0.069213867187500 3800000
0.069274902343750 3800000
0.070190429687500 3800036
0.073120117187500 3799963
0.070739746093750 3800000
0.067443847656250 3800000
0.061096191406250 3800000
0.071533203125000 3799927
0.000000000000000 3800072
0.130859375000000 3800000
0.000000000000000 3800000
0.066894531250000 3800000
0.070739746093750 3800000
0.063781738281250 3799963
0.061828613281250 3800036
0.067321777343750 3800000
0.068054199218750 3800000
0.071166992187500 3800000
0.073852539062500 3800036
0.069519042968750 3799891
0.059875488281250 3800036
0.069213867187500 3800036
0.073242187500000 3800000
0.072509765625000 3800000
0.065551757812500 3800000
0.000000000000000 3800000
0.074035644531250 3800000
0.068786621093750 3800000
0.058776855468750 3799891
0.070800781250000 3800108
0.075012207031250 3800036
0.069030761718750 3800000
0.067260742187500 3799963
0.061584472656250 3799963
0.072753906250000 3800000
0.071411132812500 3800036
0.067016601562500 3800000
0.071899414062500 3800000
0.000000000000000 3799963
0.073608398437500 3800000
0.066284179687500 3800036
0.061279296875000 3800000
0.072509765625000 3799891
0.063476562500000 3800108
0.066772460937500 3800036
0.067321777343750 3799927
0.071655273437500 3800036
0.072631835937500 3799963
0.070739746093750 3800036
0.067749023437500 3800000
0.060668945312500 3800000
0.071289062500000 3800000
0.063171386718750 3800000
0.068725585937500 3800000
0.072509765625000 3800000
0.000000000000000 3800036
0.069641113281250 3800000
0.068359375000000 3800000
0.061767578125000 3799963
0.069763183593750 3800000
0.062011718750000 3799963
0.068176269531250 3800000
0.060363769531250 3800036
0.070556640625000 3800000
0.071105957031250 3800000
0.070495605468750 3800000
0.071533203125000 3800036
0.058715820312500 3799963
0.068542480468750 3800000
0.073059082031250 3799927
0.068542480468750 3800072
0.060729980468750 3799927
0.070983886718750 3800072
0.000000000000000 3799963
0.071716308593750 3800036
0.070129394531250 3800000
0.071105957031250 3800000
0.070495605468750 3800000
0.066711425781250 3800000
0.070251464843750 3800000
0.072326660156250 3800000
0.062927246093750 3800000
0.070495605468750 3800000
0.070922851562500 3800000
0.069458007812500 3799927
0.069274902343750 3800036
0.062744140625000 3800036
0.000000000000000 3800000
0.068847656250000 3800000
0.068420410156250 3800000
0.071166992187500 3799963
0.062072753906250 3800036
0.069763183593750 3800036
0.069946289062500 3799963
0.069946289062500 3800000
0.071228027343750 3800000
0.059692382812500 3800000
0.070434570312500 3800000
0.072387695312500 3800000
0.073486328125000 3800000
0.059692382812500 3800000
0.069885253906250 3800000
0.000000000000000 3800000
0.071289062500000 3799927
0.067138671875000 3800000
0.070068359375000 3800072
0.073181152343750 3800000
0.072143554687500 3800000
0.067565917968750 3800000
0.062072753906250 3800000
0.071960449218750 3800000
0.061157226562500 3800000
0.064880371093750 3800036
0.061523437500000 3799963
0.061645507812500 3800000
0.060852050781250 3800000
0.069458007812500 3800000
0.072387695312500 3800000
0.071472167968750 3799963
0.068603515625000 3800036
0.000000000000000 3800000
0.073364257812500 3800000
0.071289062500000 3799963
0.068359375000000 3800036
0.066406250000000 3800000
0.063537597656250 3800000
0.072753906250000 3800000
0.068054199218750 3800000
0.068603515625000 3799963
0.069213867187500 3799963
0.073608398437500 3799963
0.070556640625000 3800108
0.067016601562500 3800000
0.000000000000000 3800000
0.072692871093750 3800036
0.062011718750000 3799963
0.067993164062500 3800000
0.072265625000000 3800000
0.072387695312500 3800000
0.058715820312500 3800000
0.062072753906250 3800000
0.073181152343750 3800000
0.070495605468750 3800000
0.068725585937500 3800000
0.071899414062500 3800000
0.072387695312500 3800000
0.065490722656250 3800000
0.000000000000000 3799891
0.072387695312500 3800108
0.071594238281250 3800000
0.063110351562500 3800000
0.059509277343750 3800036
0.071228027343750 3799927
0.063293457031250 3800036
0.067871093750000 3799963
0.069396972656250 3799963
0.072998046875000 3800072
0.067749023437500 3800000
0.074890136718750 3800000
0.063354492187500 3800000
0.071105957031250 3799963
0.073852539062500 3800036
0.000000000000000 3800000
0.071105957031250 3800000
0.064208984375000 3800000
0.069885253906250 3800000
0.064392089843750 3800000
0.069030761718750 3800000
0.065734863281250 3799927
0.068176269531250 3800072
0.075317382812500 3800000
0.069885253906250 3800000
0.059020996093750 3799927
0.063171386718750 3800036
0.066528320312500 3800000
0.070617675781250 3800036
0.067138671875000 3800036
0.072753906250000 3799963
0.062133789062500 3792849
0.065124511718750 3800000
0.000000000000000 3800000
0.070495605468750 3800000
0.071044921875000 3800000
0.059082031250000 3800000
0.072998046875000 3800000
0.071655273437500 3800000
0.064941406250000 3800000
0.061950683593750 3799963
0.070251464843750 3800036
0.061279296875000 3800000
0.068298339843750 3800036
0.073181152343750 3799891
0.068969726562500 3800072
0.058654785156250 3800036
0.074401855468750 3799963
0.072204589843750 3800000
0.060546875000000 3800000
0.067871093750000 3800000
0.000000000000000 3800036
0.071105957031250 3799963
0.071960449218750 3800000
0.069458007812500 3799891
0.069213867187500 3800108
0.073303222656250 3800000
0.069396972656250 3800036
0.066833496093750 3799963
0.062377929687500 3800000
0.073974609375000 3800000
0.071899414062500 3800000
0.069824218750000 3800000
0.000000000000000 3799963
0.071838378906250 3800036
0.072143554687500 3800000
0.069885253906250 3800000
0.067749023437500 3800000
0.070800781250000 3799963
0.073547363281250 3800036
0.075195312500000 3800036
0.067077636718750 3799963
0.069396972656250 3800000
0.000000000000000 3800000
0.069763183593750 3800000
0.073242187500000 3800000
0.071411132812500 3800000
0.068786621093750 3800000
0.062561035156250 3800000
0.072448730468750 3789321
0.059570312500000 3800108
0.068847656250000 3800000
0.073608398437500 3800000
0.070373535156250 3800000
0.059936523437500 3800000
0.070556640625000 3799891
0.070068359375000 3800108
0.063842773437500 3796536
0.000000000000000 3800036
0.069641113281250 3799963
0.062805175781250 3800000
0.073242187500000 3800036
0.063476562500000 3800000
0.061828613281250 3799963
0.061950683593750 3800036
0.065002441406250 3799963
0.073669433593750 3799891
0.060913085937500 3800180
0.068115234375000 3799963
0.073364257812500 3799927
0.072265625000000 3800072
0.062683105468750 3799927
0.065856933593750 3800036
0.067565917968750 3800000
0.072448730468750 3799963
0.071899414062500 3800072
0.060485839843750 3800000
0.066223144531250 3799963
0.000000000000000 3800036
0.073608398437500 3800000
0.071411132812500 3800000
0.068786621093750 3800000
0.072509765625000 3800000
0.071777343750000 3800000
0.071777343750000 3800000
0.065795898437500 3800000
0.070495605468750 3795897
0.073608398437500 3800000
0.060485839843750 3800000
0.066223144531250 3800000
0.000000000000000 3800000
0.071716308593750 3799927
0.072448730468750 3800000
0.070373535156250 3800072
0.068908691406250 3800000
0.067993164062500 3800000
0.070739746093750 3800000
0.074951171875000 3800000
0.070556640625000 3799963
0.067199707031250 3800036
0.066589355468750 3789555
0.062133789062500 3800072
0.068420410156250 3800000
0.060607910156250 3800000
0.058898925781250 3800000
0.071960449218750 3799927
0.000000000000000 3800036
0.069152832031250 3800072
0.068359375000000 3799963
0.073303222656250 3799891
0.069335937500000 3800072
0.070861816406250 3800036
0.069458007812500 3799963
0.072387695312500 3800036
0.072509765625000 3799963
0.068725585937500 3800036
0.070007324218750 3800000
0.000000000000000 3799963
0.072021484375000 3800036
0.069885253906250 3800000
0.067687988281250 3800000
0.073974609375000 3800000
0.071960449218750 3800000
0.062927246093750 3799927
0.068054199218750 3800072
0.071777343750000 3800000
0.072448730468750 3799963
0.066589355468750 3800000
0.000000000000000 3800000
0.074401855468750 3800036
0.069152832031250 3799963
0.067077636718750 3800036
0.073974609375000 3799963
0.070983886718750 3800036
0.070190429687500 3800000
0.069152832031250 3800000
0.071960449218750 3800000
0.062561035156250 3799927
0.065979003906250 3800072
0.061889648437500 3800000
0.071533203125000 3800000
0.061706542968750 3799963
0.067504882812500 3800072
0.070617675781250 3799963
0.000000000000000 3800000
0.073974609375000 3800000
0.070678710937500 3800000
0.059326171875000 3800000
0.069519042968750 3800000
0.071533203125000 3800000
0.070800781250000 3800000
0.068664550781250 3800000
0.060241699218750 3799927
0.072937011718750 3800072
0.062683105468750 3800000
0.068603515625000 3800000
0.058715820312500 3800000
0.073303222656250 3800000
0.072631835937500 3800000
0.000000000000000 3799963
0.067260742187500 3800036
0.070861816406250 3800000
0.062866210937500 3800000
0.070068359375000 3800000
0.070739746093750 3800000
0.070373535156250 3800000
0.071350097656250 3800000
0.067626953125000 3799927
0.067993164062500 3800072
0.071105957031250 3800000
0.072753906250000 3799963
0.069030761718750 3800036
0.060424804687500 3800000
0.000000000000000 3800036
0.073913574218750 3799927
0.069946289062500 3800036
0.059020996093750 3800000
0.071228027343750 3799891
0.060791015625000 3800108
0.067199707031250 3800000
0.062744140625000 3800000
0.074279785156250 3800000
0.067749023437500 3800000
0.058837890625000 3800000
0.070739746093750 3800000
0.074279785156250 3800000
0.068725585937500 3800000
0.058715820312500 3800000
0.072631835937500 3800000
0.071594238281250 3800000
0.058959960937500 3800000
0.069335937500000 3800036
0.071289062500000 3799963
0.000000000000000 3799927
0.070068359375000 3800072
0.068847656250000 3799927
0.071411132812500 3800036
0.072814941406250 3800036
0.070678710937500 3800000
0.068359375000000 3800000
0.060852050781250 3800000
0.071655273437500 3800000
0.060241699218750 3800000
0.071044921875000 3799963
0.071838378906250 3800000
0.058715820312500 3800036
0.072021484375000 3800000
0.000000000000000 3800000
0.073242187500000 3800000
0.068725585937500 3800000
0.059692382812500 3800000
0.070556640625000 3799891
0.062927246093750 3800108
0.069824218750000 3799963
0.059509277343750 3800036
0.066467285156250 3800000
0.074218750000000 3799927
0.063842773437500 3800072
0.066772460937500 3800000
0.069946289062500 3800000
0.071777343750000 3800000
0.071716308593750 3800036
0.067504882812500 3799963
0.068847656250000 3800000
0.063903808593750 3799963
0.000000000000000 3800036
0.071960449218750 3800000
0.069702148437500 3799891
0.067443847656250 3800108
0.063720703125000 3800036
0.072937011718750 3799963
0.069030761718750 3800000
0.069519042968750 3800000
0.072937011718750 3800000
0.064147949218750 3800000
0.067504882812500 3799963
0.059753417968750 3800036
0.066223144531250 3799891
0.070495605468750 3800144
0.073486328125000 3799963
0.070312500000000 3800000
0.000000000000000 3799963
0.069274902343750 3800036
0.071228027343750 3800000
0.064697265625000 3800000
0.068664550781250 3800000
0.060302734375000 3800000
0.068664550781250 3799963
0.071716308593750 3800036
0.064086914062500 3800036
0.068969726562500 3799963
0.069458007812500 3800000
0.071777343750000 3799963
0.062194824218750 3800036
0.066894531250000 3800000
0.068481445312500 3800000
0.070739746093750 3800000
0.000000000000000 3800036
0.072570800781250 3799963
0.072326660156250 3800000
0.065856933593750 3800000
0.072814941406250 3800000
0.072692871093750 3800000
0.062316894531250 3800000
0.066284179687500 3800000
0.071960449218750 3800000
0.074340820312500 3799963
0.060485839843750 3800036
0.059082031250000 3800000
0.062316894531250 3800000
0.069702148437500 3800000
0.066650390625000 3799927
0.073486328125000 3800108
0.000000000000000 3799963
0.068725585937500 3800000
0.071228027343750 3799927
0.070007324218750 3800072
0.070190429687500 3800000
0.062011718750000 3800000
0.069458007812500 3800000
0.059326171875000 3800000
0.072998046875000 3800000
0.061645507812500 3799927
0.071594238281250 3799916
0.060791015625000 3785822
0.066589355468750 3800000
0.061828613281250 3799927
0.074340820312500 3800072
0.069335937500000 3800036
0.067749023437500 3799963
0.070739746093750 3800000
0.000000000000000 3800000
0.076049804687500 3800000
0.069396972656250 3800000
0.069702148437500 3800000
0.063049316406250 3799891
0.070983886718750 3800072
0.070617675781250 3800036
0.067077636718750 3800000
0.073303222656250 3800000
0.072082519531250 3799963
0.070556640625000 3799891
0.061889648437500 3800180
0.067871093750000 3799963
0.000000000000000 3800000
0.071105957031250 3800000
0.069396972656250 3800000
0.060729980468750 3800000
0.070983886718750 3800000
0.061279296875000 3799963
0.069091796875000 3800036
0.061584472656250 3800000
0.073974609375000 3800000
0.070800781250000 3800000
0.068115234375000 3799927
0.066162109375000 3800072
0.061645507812500 3800000
0.069335937500000 3800000
0.068603515625000 3800000
0.069946289062500 3799963
0.000000000000000 3800036
0.072509765625000 3800000
0.073181152343750 3800000
0.068542480468750 3800000
0.064880371093750 3799963
0.071655273437500 3800036
0.064880371093750 3800000
0.070251464843750 3800036
0.058959960937500 3799963
0.069458007812500 3799963
0.070312500000000 3799963
0.063476562500000 3800072
0.068847656250000 3800000
0.066772460937500 3800000
0.070861816406250 3800000
0.063659667968750 3800000
0.068786621093750 3800000
0.059875488281250 3800000
0.070007324218750 3799963
0.000000000000000 3800036
0.070861816406250 3799927
0.063293457031250 3800072
0.068481445312500 3799927
0.059020996093750 3800072
0.069946289062500 3800000
0.073181152343750 3800000
0.073486328125000 3799963
0.059448242187500 3800036
0.068115234375000 3800000
0.068542480468750 3800000
0.063476562500000 3799927
0.069702148437500 3800036
0.067565917968750 3800036
0.071166992187500 3800000
0.071472167968750 3800000
0.068298339843750 3800000
0.000000000000000 3800000
0.068847656250000 3800000
0.062622070312500 3799963
0.072753906250000 3800036
0.061828613281250 3799963
0.069030761718750 3800000
0.072021484375000 3800036
0.068969726562500 3799891
0.059082031250000 3800144
0.061401367187500 3799855
0.072387695312500 3800108
0.068725585937500 3800000
0.071289062500000 3800000
0.062744140625000 3800036
0.068603515625000 3799927
0.072998046875000 3800072
0.066955566406250 3799927
0.060302734375000 3800036
0.062927246093750 3800000
0.072814941406250 3800000
0.000000000000000 3800000
0.071105957031250 3800000
0.068359375000000 3800000
0.071533203125000 3800000
0.073425292968750 3800036
0.068298339843750 3799891
0.067443847656250 3800072
0.072021484375000 3800000
0.063903808593750 3800000
0.066955566406250 3799927
0.061950683593750 3800072
0.068847656250000 3800000
0.074340820312500 3799891
0.068603515625000 3800108
0.000000000000000 3800000
0.066772460937500 3800000
0.072143554687500 3800000
0.070312500000000 3800000
0.070556640625000 3800000
0.068054199218750 3800000
0.072387695312500 3800000
0.069885253906250 3799963
0.073364257812500 3800036
0.069091796875000 3800000
0.070556640625000 3800000
0.000000000000000 3800000
0.071105957031250 3800000
0.069152832031250 3800000
0.070190429687500 3800000
0.069519042968750 3799855
0.072387695312500 3800144
0.070495605468750 3799963
0.068847656250000 3800036
0.068237304687500 3800000
0.061828613281250 3800000
0.069885253906250 3800000
0.068725585937500 3800000
0.060668945312500 3799927
0.069458007812500 3800036
0.000000000000000 3800000
0.071716308593750 3800000
0.071716308593750 3799963
0.062622070312500 3799963
0.068481445312500 3911598
0.076110839843750 4000038
0.079284667968750 4000000
0.079345703125000 3999961
0.079162597656250 4000000
0.079345703125000 4000000
0.077026367187500 4000038
0.078613281250000 4000000
0.000000000000000 4000000
0.078491210937500 4000000
0.076293945312500 3999961
0.079345703125000 3999923
0.077636718750000 4000038
0.077026367187500 4000076
0.077026367187500 4000000
0.076721191406250 4000000
0.075744628906250 3999961
0.077026367187500 4000038
0.078552246093750 3999961
0.076843261718750 4000038
0.078430175781250 4000000
0.000000000000000 4000000
0.076049804687500 4000000
0.076660156250000 3999961
0.078186035156250 4000038
0.077514648437500 3999961
0.077392578125000 4000038
0.075683593750000 3999961
0.068603515625000 4000038
0.076354980468750 4000000
0.076477050781250 4000000
0.075134277343750 4000000
0.078063964843750 4000000
0.068054199218750 3999961
0.077087402343750 4000000
0.077331542968750 4000000
0.077026367187500 4000038
0.000000000000000 4000000
0.077880859375000 4000000
0.076660156250000 3999961
0.078247070312500 4000038
0.074707031250000 3996764
0.075500488281250 4003200
0.077758789062500 4000000
0.078979492187500 3999923
0.076416015625000 4000076
0.077819824218750 4000000
0.077026367187500 4000000
0.076599121093750 4000038
0.079711914062500 4000000
0.000000000000000 4000000
0.078125000000000 3999961
0.075134277343750 4000038
0.069030761718750 4000000
0.076538085937500 4000000
0.076477050781250 3999961
0.077697753906250 4000038
0.078308105468750 4000000
0.077087402343750 4000000
0.077514648437500 4000000
0.077331542968750 3999923
0.075622558593750 4000079
0.077453613281250 4000000
0.079223632812500 4000000
0.000000000000000 3999923
0.077148437500000 4000038
0.077209472656250 4000038
0.078674316406250 3999961
0.076904296875000 4000038
0.074218750000000 4000000
0.079956054687500 3999961
0.074951171875000 4000000
0.080688476562500 4000038
0.076904296875000 3999923
0.078979492187500 3999961
0.079650878906250 4000114
0.000000000000000 3999961
0.079528808593750 4000038
0.077636718750000 3999923
0.077331542968750 4000076
0.078735351562500 3999961
0.076354980468750 4000038
0.080261230468750 4000000
0.077209472656250 4000000
0.076354980468750 4000000
0.068603515625000 3999923
0.078002929687500 4000076
0.078918457031250 4000000
0.077514648437500 3999961
0.000000000000000 4000038
0.078002929687500 4000000
0.077331542968750 4000000
0.077514648437500 4000000
0.076171875000000 3999961
0.077514648437500 4000038
0.076660156250000 3999961
0.068115234375000 4000038
0.076660156250000 4000000
0.077636718750000 4000000
0.077880859375000 4000000
0.068176269531250 3999960
0.076965332031250 4000038
0.074707031250000 3999885
0.078369140625000 4000114
0.078125000000000 4000000
0.000000000000000 3999961
0.076110839843750 4000038
0.080627441406250 4000000
0.077636718750000 4000000
0.075683593750000 4000000
0.076660156250000 4000000
0.077941894531250 4000000
0.077880859375000 3999961
0.075439453125000 4000038
0.076904296875000 4000038
0.080566406250000 3999961
0.078308105468750 4000000
0.000000000000000 4000000
0.077453613281250 3999885
0.075134277343750 4000076
0.078613281250000 4000000
0.076965332031250 3999961
0.076721191406250 4000076
0.078369140625000 4000000
0.077331542968750 4000000
0.075988769531250 4000000
0.080017089843750 4000000
0.075866699218750 4000000
0.077331542968750 3999961
0.078308105468750 4000038
0.000000000000000 4000000
0.078857421875000 3999961
0.075439453125000 4000038
0.077331542968750 4000000
0.076477050781250 4000000
0.077575683593750 4000000
0.078063964843750 4000000
0.079101562500000 4000000
0.077819824218750 4000038
0.077392578125000 3999962
0.077758789062500 4000000
0.076538085937500 4000000
0.000000000000000 4000000
0.078247070312500 3999961
0.077331542968750 4000038
0.080200195312500 3999923
0.078369140625000 4000076
0.067932128906250 4000000
0.081115722656250 4000000
0.076232910156250 3999923
0.078674316406250 4000038
0.075012207031250 4000038
0.068237304687500 4000000
0.075927734375000 3999961
0.077331542968750 4000000
0.069091796875000 4000038
0.074218750000000 4000000
0.068664550781250 3899750
0.072937011718750 3790351
0.063537597656250 3786857
0.073059082031250 3799117
0.000000000000000 3800000
0.073669433593750 3800036
0.069763183593750 3795803
0.073852539062500 3794409
0.073608398437500 3799081
0.070617675781250 3800000
0.071960449218750 3800000
0.071350097656250 3799927
0.144104003906250 3800031
0.071411132812500 3799927
0.071899414062500 3800108
0.070861816406250 3799891
0.073364257812500 3800000
0.069763183593750 3800000
0.070678710937500 3800072
0.071777343750000 3799963
0.000000000000000 3800036
0.072753906250000 3799963
0.073120117187500 3800036
0.071960449218750 3800000
0.070861816406250 3800000
0.072082519531250 3799963
0.072326660156250 3789570
0.069458007812500 3800108
0.071655273437500 3799927
0.074096679687500 3800108
0.069946289062500 3799963
0.071960449218750 3799963
0.069885253906250 3800072
0.070434570312500 3799927
0.071960449218750 3800036
0.000000000000000 3796410
0.073669433593750 3783372
0.076354980468750 3788598
0.070678710937500 3800000
0.069335937500000 3800000
0.072631835937500 3800000
0.072814941406250 3799927
0.073364257812500 3800072
0.071716308593750 3800000
0.070556640625000 3794089
0.073730468750000 3798991
0.071289062500000 3798371
0.000000000000000 3789572
0.070434570312500 3800072
0.071289062500000 3799963
0.070556640625000 3800036
0.072631835937500 3800000
0.071960449218750 3800000
0.073242187500000 3800000
0.071289062500000 3800000
0.073791503906250 3799963
0.072875976562500 3796600
0.071533203125000 3796541
0.073364257812500 3800000
0.000000000000000 3800000
0.072387695312500 3800000
0.073120117187500 3800000
0.071533203125000 3796690
0.070617675781250 3799335
0.071044921875000 3800072
0.071655273437500 3800000
0.072021484375000 3800000
0.068664550781250 3799927
0.073425292968750 3792593
0.072265625000000 3794583
0.072021484375000 3741323
0.072204589843750 3800000
0.000000000000000 3796542
0.072143554687500 3795101
0.073120117187500 3795356
0.075256347656250 3799963
0.069458007812500 3800036
0.072387695312500 3800000
0.070312500000000 3789560
0.071838378906250 3800000
0.070556640625000 3793080
0.071105957031250 3798499
0.073974609375000 3798534
0.070312500000000 3799756
0.063293457031250 3796875
0.070373535156250 3800000
0.000000000000000 3800000
0.071533203125000 3800000
0.070251464843750 3799963
0.072265625000000 3800036
0.072998046875000 3800000
0.072509765625000 3799963
0.073730468750000 3799963
0.069702148437500 3800072
0.073242187500000 3789066
0.071716308593750 3793194
0.071594238281250 3800000
0.069396972656250 3800000
0.070068359375000 3799963
0.071777343750000 3800036
0.000000000000000 3800000
0.068908691406250 3800000
0.070739746093750 3799963
0.068420410156250 3800036
0.063354492187500 3800000
0.073364257812500 3800000
0.072753906250000 3800000
0.068542480468750 3800000
0.072387695312500 3800000
0.073181152343750 3800000
0.069458007812500 3800036
0.072265625000000 3799927
0.069885253906250 3800036
0.071716308593750 3800000
0.069396972656250 3800000
0.073120117187500 3800000
0.000000000000000 3800000
0.072265625000000 3799963
0.069763183593750 3800036
0.071716308593750 3800036
0.071166992187500 3800000
0.070800781250000 3799927
0.070190429687500 3800036
0.072265625000000 3800000
0.073730468750000 3799963
0.071594238281250 3788104
0.071044921875000 3800072
0.070556640625000 3787447
0.071044921875000 3798533
0.000000000000000 3800000
0.070251464843750 3800072
0.072998046875000 3799963
0.070251464843750 3800036
0.074951171875000 3799963
0.071716308593750 3794759
0.071594238281250 3799234
0.072143554687500 3800000
0.071777343750000 3800000
0.072143554687500 3800000
0.074157714843750 3799891
0.070129394531250 3800108
0.070312500000000 3800000
0.000000000000000 3800000
0.072021484375000 3800000
0.072937011718750 3800000
0.070556640625000 3800000
0.072509765625000 3800000
0.072692871093750 3800000
0.071289062500000 3800000
0.074218750000000 3800000
0.071166992187500 3800000
0.071716308593750 3791176
0.072937011718750 3783367
0.000000000000000 3783333
0.073364257812500 3799889
0.073669433593750 3787944
0.071411132812500 3794311
0.073059082031250 3800000
0.071716308593750 3800000
0.073059082031250 3800000
0.070556640625000 3800000
0.074584960937500 3800000
0.072509765625000 3800000
0.070861816406250 3800000
0.071350097656250 3800000
0.000000000000000 3800000
0.071594238281250 3790330
0.072509765625000 3791714
0.070800781250000 3796590
0.072326660156250 3800000
0.071044921875000 3800000
0.069335937500000 3800000
0.062988281250000 3800000
0.069580078125000 3800000
0.070068359375000 3800000
0.070861816406250 3800000
0.072021484375000 3799927
0.071838378906250 3800072
0.072875976562500 3799963
0.000000000000000 3800036
0.073791503906250 3800000
0.070068359375000 3800000
0.072326660156250 3799963
0.071594238281250 3800036
0.072387695312500 3800000
0.070373535156250 3800000
0.071289062500000 3800000
0.072875976562500 3800000
0.070739746093750 3800000
0.072692871093750 3799927
0.070617675781250 3799927
0.063842773437500 3800144
0.070556640625000 3792906
0.071655273437500 3799963
0.000000000000000 3800000
0.074707031250000 3800000
0.070800781250000 3796348
0.072631835937500 3793247
0.070739746093750 3796374
0.070800781250000 3797991
0.069824218750000 3800000
0.073486328125000 3799927
0.073425292968750 3800072
0.069030761718750 3788343
0.073303222656250 3800072
0.070190429687500 3793043
0.073852539062500 3800000
0.069885253906250 3800000
0.000000000000000 3799963
0.070251464843750 3800036
0.070556640625000 3800000
0.075012207031250 3800000
0.072692871093750 3799927
0.071105957031250 3800036
0.073974609375000 3800000
0.069946289062500 3800000
0.074707031250000 3800000
0.072204589843750 3800036
0.069824218750000 3800036
0.070434570312500 3799963
0.070922851562500 3792509
0.000000000000000 3800000
0.072326660156250 3796143
0.070556640625000 3800000
0.063720703125000 3800000
0.070251464843750 3799891
0.065124511718750 3800108
0.074523925781250 3800000
0.070495605468750 3790627
0.071960449218750 3794556
0.071716308593750 3797769
0.074035644531250 3800108
0.068786621093750 3800000
0.073120117187500 3799927
0.071289062500000 3800072
0.070861816406250 3787528
0.000000000000000 3783332
0.073608398437500 3785482
0.069702148437500 3795063
0.073913574218750 3800144
0.071594238281250 3786273
0.072265625000000 3799880
0.074462890625000 3795131
0.070617675781250 3783334
0.071716308593750 3797428
0.071044921875000 3795587
0.071166992187500 3788738
0.070861816406250 3787447
0.063659667968750 3797510
0.071655273437500 3798702
0.000000000000000 3783335
0.073669433593750 3783331
0.071472167968750 3783335
0.070434570312500 3788519
0.073303222656250 3800036
0.073791503906250 3800000
0.072265625000000 3799963
0.069824218750000 3787315
0.075256347656250 3798552
0.073242187500000 3800000
0.071960449218750 3800000
0.070800781250000 3800000
0.070007324218750 3797757
0.000000000000000 3790140
0.073181152343750 3797193
0.077026367187500 3783262
0.072387695312500 3791489
0.072387695312500 3800000
0.072570800781250 3800000
0.071166992187500 3800000
0.074035644531250 3793096
0.073547363281250 3799963
0.072204589843750 3796565
0.070495605468750 3800072
0.064025878906250 3800000
0.000000000000000 3796490
0.133544921875000 3800000
0.000000000000000 3800000
0.071105957031250 3799927
0.073120117187500 3799875
0.071838378906250 3783330
0.072509765625000 3785140
0.073425292968750 3800000
0.071838378906250 3800000
0.074645996093750 3788861
0.069946289062500 3792767
0.072143554687500 3785400
0.071411132812500 3793626
0.072509765625000 3800000
0.000000000000000 3799963
0.073730468750000 3800072
0.069152832031250 3800000
0.075134277343750 3800000
0.070495605468750 3800036
0.073425292968750 3799963
0.070373535156250 3800000
0.070373535156250 3800000
0.073547363281250 3800000
0.070922851562500 3796392
0.073425292968750 3800000
0.072204589843750 3800000
0.070922851562500 3800000
0.070251464843750 3800000
0.000000000000000 3799963
0.074768066406250 3800036
0.073669433593750 3800036
0.069641113281250 3799963
0.072998046875000 3800000
0.072265625000000 3800000
0.073425292968750 3800000
0.072143554687500 3796984
0.071289062500000 3795859
0.074645996093750 3800036
0.072875976562500 3799963
0.000000000000000 3799369
0.071960449218750 3800000
0.070983886718750 3799963
0.074523925781250 3800036
0.069946289062500 3800000
0.071899414062500 3800000
0.070495605468750 3800000
0.070678710937500 3799963
0.071960449218750 3800036
0.072387695312500 3800000
0.071838378906250 3800000
0.071411132812500 3800000
0.072265625000000 3792418
0.000000000000000 3797981
0.073669433593750 3794755
0.073791503906250 3800000
0.070983886718750 3790357
0.070129394531250 3788269
0.073547363281250 3795098
0.073059082031250 3795523
0.073547363281250 3800072
0.074157714843750 3799963
0.071105957031250 3800000
0.070495605468750 3800000
0.063659667968750 3799927
0.073669433593750 3798941
0.069030761718750 3800000
0.000000000000000 3796416
0.072143554687500 3800108
0.073303222656250 3796027
0.074035644531250 3793825
0.072570800781250 3794393
0.071655273437500 3795799
0.071594238281250 3798685
0.071533203125000 3797914
0.062255859375000 3800000
0.069030761718750 3799891
0.068786621093750 3789001
0.074645996093750 3799963
0.070922851562500 3796422
0.065124511718750 3798311
0.074584960937500 3793314
0.075622558593750 3786853
0.000000000000000 3800036
0.076721191406250 3800036
0.072570800781250 3800000
0.071044921875000 3800000
0.069885253906250 3797655
0.065124511718750 3795578
0.068786621093750 3797811
0.070190429687500 3783334
0.068847656250000 3783331
0.063903808593750 3783334
0.068176269531250 3790424
0.075134277343750 3792492
0.067626953125000 3793759
0.064147949218750 3786959
0.074829101562500 3794495
0.063903808593750 3790535
0.071594238281250 3791405
0.075988769531250 3797208
0.070861816406250 3794412
0.000000000000000 3788105
0.072998046875000 3799927
0.073730468750000 3800072
0.064941406250000 3793907
0.072937011718750 3795699
0.072082519531250 3800000
0.073181152343750 3792835
0.070129394531250 3789675
0.068786621093750 3794956
0.073852539062500 3791339
0.071777343750000 3798012
0.073669433593750 3799963
0.073120117187500 3800000
0.069763183593750 3796099
0.000000000000000 3783372
0.071838378906250 3792576
0.069885253906250 3798631
0.071044921875000 3793267
0.070861816406250 3795079
0.070861816406250 3799891
0.073669433593750 3788271
0.070739746093750 3797709
0.071777343750000 3800000
0.073486328125000 3793089
0.072204589843750 3800036
0.070129394531250 3800000
0.071105957031250 3800000
0.000000000000000 3800000
0.072814941406250 3800000
0.069458007812500 3799963
0.072021484375000 3793117
0.072875976562500 3787187
0.073364257812500 3783329
0.070556640625000 3783334
0.072692871093750 3794593
0.072631835937500 3791359
0.071044921875000 3785573
0.071350097656250 3793067
0.069824218750000 3793131
0.073425292968750 3796605
0.000000000000000 3798622
0.070495605468750 3783576
0.073791503906250 3800144
0.073059082031250 3799963
0.072631835937500 3800000
0.071594238281250 3800000
0.071472167968750 3790972
0.071899414062500 3795273
0.070251464843750 3799891
0.064392089843750 3792571
0.072509765625000 3800000
0.072082519531250 3792541
0.073730468750000 3783329
0.000000000000000 3795994
0.071044921875000 3793106
0.065246582031250 3798841
0.070007324218750 3798513
0.073242187500000 3800000
0.078186035156250 3800036
0.064086914062500 3800000
0.065429687500000 3799905
0.063842773437500 3798730
0.067077636718750 3799927
0.072448730468750 3800072
0.073608398437500 3799927
0.070434570312500 3800072
0.072509765625000 3800000
0.071838378906250 3800000
0.066223144531250 3800000
0.071228027343750 3800000
0.070678710937500 3792574
0.071105957031250 3796911
0.000000000000000 3790132
0.070739746093750 3795269
0.073242187500000 3796025
0.069641113281250 3793523
0.071166992187500 3800000
0.073059082031250 3799845
0.072082519531250 3790317
0.074035644531250 3798411
0.072509765625000 3799963
0.072509765625000 3800036
0.068725585937500 3799927
0.064575195312500 3800072
0.073364257812500 3800000
0.000000000000000 3797856
0.136169433593750 3800036
0.000000000000000 3800036
0.071594238281250 3789528
0.068237304687500 3789317
0.069824218750000 3796652
0.072326660156250 3787559
0.072387695312500 3791045
0.071899414062500 3796591
0.071594238281250 3800036
0.071289062500000 3799963
0.071533203125000 3800000
0.070312500000000 3788861
0.072448730468750 3792890
0.070861816406250 3798373
0.000000000000000 3793415
0.072082519531250 3793940
0.073791503906250 3799963
0.070617675781250 3789242
0.067504882812500 3799963
0.070434570312500 3800072
0.073181152343750 3800000
0.070190429687500 3800000
0.069396972656250 3787043
0.069152832031250 3798631
0.000000000000000 3800036
0.071228027343750 3800036
0.072814941406250 3800000
0.068847656250000 3800000
0.067382812500000 3800000
0.074157714843750 3800000
0.069152832031250 3800000
0.060668945312500 3800000
0.071716308593750 3800000
0.072021484375000 3800000
0.068969726562500 3800000
0.068237304687500 3800000
0.067565917968750 3800000
0.000000000000000 3799963
0.070556640625000 3800036
0.072814941406250 3800000
0.070495605468750 3800000
0.062133789062500 3800000
0.067626953125000 3799927
0.071105957031250 3800036
0.073120117187500 3800036
0.069641113281250 3800000
0.066528320312500 3800000
0.071594238281250 3800000
0.074768066406250 3800000
0.000000000000000 3789662
0.127990722656250 3791906
0.000000000000000 3800000
0.067871093750000 3792619
0.061828613281250 3791645
0.072204589843750 3784756
0.059020996093750 3797239
0.061950683593750 3799377
0.071044921875000 3800000
0.061401367187500 3800000
0.068237304687500 3800000
0.059509277343750 3789591
0.069396972656250 3792111
0.071411132812500 3797569
0.071594238281250 3800000
0.073547363281250 3800000
0.069335937500000 3800000
0.070495605468750 3800000
0.070007324218750 3800000
0.000000000000000 3800000
0.134887695312500 3800000
0.058776855468750 3799963
0.000000000000000 3800036
0.068542480468750 3799963
0.071472167968750 3800036
0.070922851562500 3799963
0.061462402343750 3800036
0.071777343750000 3799927
0.071044921875000 3800072
0.067077636718750 3800000
0.062194824218750 3800000
0.073242187500000 3800000
0.071350097656250 3800000
0.069152832031250 3799927
0.071655273437500 3800036
0.062438964843750 3800036
0.000000000000000 3800000
0.068115234375000 3800000
0.071838378906250 3799963
0.073364257812500 3800000
0.059631347656250 3800036
0.067504882812500 3800000
0.070373535156250 3800000
0.063415527343750 3799927
0.070800781250000 3800036
0.060791015625000 3800036
0.067016601562500 3798848
0.062255859375000 3799927
0.071044921875000 3793047
0.061401367187500 3800000
0.058654785156250 3800000
0.066955566406250 3800000
0.073120117187500 3800000
0.070983886718750 3799963
0.072570800781250 3800036
0.067504882812500 3800000
0.000000000000000 3799927
0.070617675781250 3800000
0.063110351562500 3800072
0.070922851562500 3800000
0.072448730468750 3800000
0.066833496093750 3799963
0.071166992187500 3800036
0.069152832031250 3800036
0.071838378906250 3799963
0.067810058593750 3800000
0.072326660156250 3799725
0.072753906250000 3789804
0.000000000000000 3800000
0.070312500000000 3793816
0.063476562500000 3786091
0.067626953125000 3800000
0.070434570312500 3800000
0.068908691406250 3800000
0.063293457031250 3800000
0.071228027343750 3800000
0.067443847656250 3800000
0.062133789062500 3800000
0.071838378906250 3800000
0.072265625000000 3800000
0.067016601562500 3800000
0.072082519531250 3799963
0.000000000000000 3800036
0.073974609375000 3800000
0.070800781250000 3800000
0.069458007812500 3800000
0.070068359375000 3800000
0.072021484375000 3799963
0.068420410156250 3800036
0.058959960937500 3800000
0.068664550781250 3799927
0.071655273437500 3800072
0.070312500000000 3791554
0.062438964843750 3786540
0.058715820312500 3800000
0.067016601562500 3798888
0.071838378906250 3790683
0.069458007812500 3783336
0.063232421875000 3799306
0.200073242187500 3799978
0.071166992187500 3800072
0.061096191406250 3796636
0.068359375000000 3796384
0.073913574218750 3799927
0.000000000000000 3800072
0.131408691406250 3800000
0.000000000000000 3796593
0.069946289062500 3798991
0.068847656250000 3783334
0.071594238281250 3792877
0.071960449218750 3794874
0.062438964843750 3783334
0.066894531250000 3796762
0.074584960937500 3800000
0.070495605468750 3800000
0.061401367187500 3800036
0.071044921875000 3799963
0.071655273437500 3799963
0.000000000000000 3800036
0.072265625000000 3799927
0.067321777343750 3800072
0.073303222656250 3800000
0.074340820312500 3800000
0.068115234375000 3799963
0.067810058593750 3800000
0.072387695312500 3800036
0.062744140625000 3800000
0.066467285156250 3799963
0.071472167968750 3800036
0.071716308593750 3800000
0.000000000000000 3800000
0.067932128906250 3800000
0.072631835937500 3796557
0.071716308593750 3799963
0.069091796875000 3800036
0.058532714843750 3800000
0.060607910156250 3800000
0.072326660156250 3799963
0.072204589843750 3800036
0.070617675781250 3800000
0.069763183593750 3800000
0.072692871093750 3800000
0.062072753906250 3800036
0.059692382812500 3799963
0.068298339843750 3800000
0.071838378906250 3800000
0.072937011718750 3800000
0.000000000000000 3799927
0.071350097656250 3800072
0.058532714843750 3799963
0.068969726562500 3800036
0.071166992187500 3800000
0.071350097656250 3800000
0.070739746093750 3800036
0.068969726562500 3799963
0.074707031250000 3799891
0.072937011718750 3800108
0.067871093750000 3800000
0.000000000000000 3800036
0.072448730468750 3799963
0.069458007812500 3800000
0.071655273437500 3799963
0.067077636718750 3800036
0.070678710937500 3800000
0.064758300781250 3800000
0.071044921875000 3799963
0.059020996093750 3800000
0.067443847656250 3800000
0.073913574218750 3800036
0.071350097656250 3800000
0.069152832031250 3800000
0.063293457031250 3793123
0.069458007812500 3800000
0.000000000000000 3800000
0.067810058593750 3800000
0.069580078125000 3800000
0.073669433593750 3800000
0.069152832031250 3800000
0.072692871093750 3800000
0.073181152343750 3800000
0.070190429687500 3800000
0.058959960937500 3799963
0.065795898437500 3800036
0.062377929687500 3800000
0.071838378906250 3800000
0.062805175781250 3800000
0.067871093750000 3800000
0.068664550781250 3799927
0.063476562500000 3800108
0.000000000000000 3799963
0.071472167968750 3800000
0.069274902343750 3799927
0.068115234375000 3800108
0.059387207031250 3799963
0.069702148437500 3800000
0.070739746093750 3799963
0.058410644531250 3800036
0.070983886718750 3800000
0.062744140625000 3800000
0.067993164062500 3796877
0.071044921875000 3799699
0.072265625000000 3800000
0.061706542968750 3796826
0.067932128906250 3785268
0.072509765625000 3800036
0.071105957031250 3799963
0.070983886718750 3800000
0.059631347656250 3800000
0.000000000000000 3796337
0.130859375000000 3800036
0.000000000000000 3800000
0.066772460937500 3800000
0.073486328125000 3800000
0.070007324218750 3800000
0.071472167968750 3799927
0.069702148437500 3800072
0.065307617187500 3800000
0.063049316406250 3799963
0.069396972656250 3800036
0.072082519531250 3800036
0.070129394531250 3799963
0.071533203125000 3799855
0.000000000000000 3800144
0.072021484375000 3800000
0.071594238281250 3800000
0.068237304687500 3799963
0.070251464843750 3800036
0.071533203125000 3800000
0.065856933593750 3800000
0.073181152343750 3800036
0.072021484375000 3799963
0.070007324218750 3800036
0.000000000000000 3799963
0.068786621093750 3799927
0.070617675781250 3800072
0.072509765625000 3800000
0.069458007812500 3800000
0.060180664062500 3800000
0.072998046875000 3800000
0.071533203125000 3800000
0.069396972656250 3800000
0.059997558593750 3800000
0.067810058593750 3799753
0.071350097656250 3798769
0.063171386718750 3800036
0.069274902343750 3800000
0.059631347656250 3800000
0.074035644531250 3800000
0.071044921875000 3800000
0.000000000000000 3800000
0.067016601562500 3800000
0.126159667968750 3800000
0.000000000000000 3797045
0.068237304687500 3783334
0.060607910156250 3798871
0.066284179687500 3800000
0.062683105468750 3788930
0.070617675781250 3799963
0.072204589843750 3800036
0.070007324218750 3800000
0.068054199218750 3800000
0.064392089843750 3800000
0.071411132812500 3800000
0.062438964843750 3800000
0.067871093750000 3799963
0.072082519531250 3800036
0.071472167968750 3799963
0.072082519531250 3800036
0.000000000000000 3800000
0.073181152343750 3800000
0.068603515625000 3799963
0.060546875000000 3800072
0.066406250000000 3799891
0.061706542968750 3800072
0.071960449218750 3800000
0.071350097656250 3800000
0.068237304687500 3800000
0.070922851562500 3800000
0.072326660156250 3800036
0.068420410156250 3799963
0.070312500000000 3800000
0.000000000000000 3800000
0.072875976562500 3800036
0.071228027343750 3799963
0.071472167968750 3800000
0.059143066406250 3800000
0.070800781250000 3800000
0.072692871093750 3800000
0.068908691406250 3800000
0.073059082031250 3799963
0.072692871093750 3800036
0.072753906250000 3800036
0.067810058593750 3800000
0.000000000000000 3799963
0.068298339843750 3800000
0.070922851562500 3799927
0.072387695312500 3800036
0.069641113281250 3800036
0.069824218750000 3793843
0.064575195312500 3791019
0.069946289062500 3800000
0.068115234375000 3793052
0.067749023437500 3789644
0.073547363281250 3800000
0.061523437500000 3800000
0.058654785156250 3800000
0.071289062500000 3799963
0.070373535156250 3800036
0.000000000000000 3800000
0.074707031250000 3800000
0.066406250000000 3800000
0.068420410156250 3796964
0.073303222656250 3785299
0.068847656250000 3800000
0.060729980468750 3800000
0.067199707031250 3800000
0.071411132812500 3798793
0.069152832031250 3794289
0.069335937500000 3800036
0.073059082031250 3799963
0.000000000000000 3800000
0.070556640625000 3800000
0.072143554687500 3800036
0.068847656250000 3799963
0.059936523437500 3800000
0.071716308593750 3799963
0.073974609375000 3800036
0.069763183593750 3800000
0.058898925781250 3799891
0.072631835937500 3800108
0.068908691406250 3800000
0.070373535156250 3800000
0.070251464843750 3800000
0.062133789062500 3800000
0.069580078125000 3800000
0.059082031250000 3800000
0.000000000000000 3799963
0.073547363281250 3800036
0.072998046875000 3800000
0.069519042968750 3800000
0.066772460937500 3800000
0.071594238281250 3799927
0.071899414062500 3800072
0.061462402343750 3800000
0.066223144531250 3800000
0.072143554687500 3800000
0.068603515625000 3800000
0.070739746093750 3799963
0.070007324218750 3800036
0.000000000000000 3800036
0.066772460937500 3799963
0.072448730468750 3800000
0.073364257812500 3799963
0.070556640625000 3800072
0.068176269531250 3799963
0.070678710937500 3799927
0.072448730468750 3800072
0.072570800781250 3800000
0.068664550781250 3800000
0.000000000000000 3800000
0.071899414062500 3800000
0.070190429687500 3800000
0.067993164062500 3800036
0.069946289062500 3799963
0.070190429687500 3799963
0.070800781250000 3800036
0.059631347656250 3799924
0.062744140625000 3800072
0.070556640625000 3799963
0.059814453125000 3800036
0.071594238281250 3799963
0.072814941406250 3800036
0.059692382812500 3800000
0.070922851562500 3800000
0.070861816406250 3800000
0.062438964843750 3799927
0.000000000000000 3800072
0.070678710937500 3800000
0.067382812500000 3799963
0.071166992187500 3800036
0.071838378906250 3799963
0.071472167968750 3800072
0.071105957031250 3799963
0.072509765625000 3800000
0.069030761718750 3799963
0.069580078125000 3800036
0.073059082031250 3800000
0.000000000000000 3800000
0.068176269531250 3799963
0.068786621093750 3800036
0.070434570312500 3800036
0.073730468750000 3799963
0.062316894531250 3800000
0.067199707031250 3799963
0.069091796875000 3800036
0.071838378906250 3800000
0.060913085937500 3799963
0.066650390625000 3800036
0.072082519531250 3800000
0.074157714843750 3800000
0.067565917968750 3800000
0.058715820312500 3800000
0.000000000000000 3800000
0.132385253906250 3799963
0.000000000000000 3800036
0.067687988281250 3800000
0.071960449218750 3800000
0.072937011718750 3800000
0.071228027343750 3800000
0.068115234375000 3800000
0.069335937500000 3799927
0.073059082031250 3800072
0.066772460937500 3800000
0.070983886718750 3800000
0.073364257812500 3800000
0.060607910156250 3800000
0.059143066406250 3800000
0.000000000000000 3800000
0.071838378906250 3800000
0.070739746093750 3799963
0.071533203125000 3800036
0.069824218750000 3800000
0.073242187500000 3800000
0.071899414062500 3800000
0.069030761718750 3800000
0.071655273437500 3799963
0.073425292968750 3800036
0.000000000000000 3799963
0.068908691406250 3800036
0.069458007812500 3800000
0.073791503906250 3800000
0.069519042968750 3800000
0.061340332031250 3800000
0.070312500000000 3799963
0.058776855468750 3800036
0.071166992187500 3800000
0.072814941406250 3799963
0.067260742187500 3800036
0.070617675781250 3800000
0.071777343750000 3800000
0.071350097656250 3800000
0.000000000000000 3800000
0.069641113281250 3800000
0.067016601562500 3800000
0.072204589843750 3800000
0.062500000000000 3800000
0.058776855468750 3800000
0.071716308593750 3800000
0.071533203125000 3800000
0.070861816406250 3800000
0.067443847656250 3800000
0.070922851562500 3797618
0.071228027343750 3788400
0.069274902343750 3800000
0.058593750000000 3800000
0.071594238281250 3800036
0.000000000000000 3800000
0.071472167968750 3800000
0.070190429687500 3799891
0.063415527343750 3800072
0.070434570312500 3800000
0.058471679687500 3800000
0.066406250000000 3800000
0.062316894531250 3800000
0.070556640625000 3800000
0.062377929687500 3799963
0.069458007812500 3800036
0.068359375000000 3800000
0.074035644531250 3800000
0.061401367187500 3800000
0.066955566406250 3800000
0.069152832031250 3800000
0.072998046875000 3800000
0.071533203125000 3800036
0.068054199218750 3799963
0.000000000000000 3800000
0.071899414062500 3800000
0.068847656250000 3800000
0.059082031250000 3799963
0.073425292968750 3800036
0.071166992187500 3796854
0.069946289062500 3803148
0.071777343750000 3800000
0.063903808593750 3800000
0.068542480468750 3799963
0.058715820312500 3800036
0.071777343750000 3800000
0.072265625000000 3799927
0.069335937500000 3800036
0.000000000000000 3800036
0.069396972656250 3800000
0.073120117187500 3800000
0.061035156250000 3800036
0.059631347656250 3799891
0.069274902343750 3800072
0.060546875000000 3800036
0.066467285156250 3799963
0.072937011718750 3800036
0.071838378906250 3799963
0.071289062500000 3800000
0.068176269531250 3800000
0.069152832031250 3800000
0.063354492187500 3800000
0.068847656250000 3800000
0.068298339843750 3800036
0.072631835937500 3799963
0.000000000000000 3799927
0.069702148437500 3800072
0.069763183593750 3800000
0.071105957031250 3800000
0.071777343750000 3800000
0.069519042968750 3800036
0.058593750000000 3799963
0.072875976562500 3800000
0.061462402343750 3800000
0.066955566406250 3800000
0.061340332031250 3800000
0.074157714843750 3800000
0.069519042968750 3800000
0.067077636718750 3800000
0.069946289062500 3800000
0.000000000000000 3800000
0.072143554687500 3800036
0.071777343750000 3799927
0.059448242187500 3800036
0.067687988281250 3800000
0.072326660156250 3800036
0.073364257812500 3799963
0.069946289062500 3800000
0.068420410156250 3800000
0.072448730468750 3800000
0.062988281250000 3800000
0.068664550781250 3800000
0.058776855468750 3800000
0.070983886718750 3800000
0.070739746093750 3800000
0.000000000000000 3800000
0.070861816406250 3799963
0.066467285156250 3800000
0.069152832031250 3800036
0.073059082031250 3800000
0.072448730468750 3800000
0.060485839843750 3800000
0.066406250000000 3800000
0.071594238281250 3800000
0.060729980468750 3799927
0.059814453125000 3800072
0.069519042968750 3800000
0.073547363281250 3800000
0.070983886718750 3799963
0.067504882812500 3800036
0.070434570312500 3800000
0.000000000000000 3800000
0.071105957031250 3800000
0.062561035156250 3800000
0.064880371093750 3800000
0.073547363281250 3800000
0.067871093750000 3800000
0.071594238281250 3799927
0.071899414062500 3800072
0.068542480468750 3800000
0.073791503906250 3800036
0.068176269531250 3799927
0.070373535156250 3800036
0.070312500000000 3800000
0.059753417968750 3800000
0.000000000000000 3800000
0.073608398437500 3800000
0.069274902343750 3800000
0.069519042968750 3799927
0.070861816406250 3800072
0.062744140625000 3800000
0.067810058593750 3799963
0.072143554687500 3800036
0.071899414062500 3800000
0.069030761718750 3800000
0.073181152343750 3800000
0.000000000000000 3799963
0.069702148437500 3800036
0.071411132812500 3800000
0.070251464843750 3799963
0.059326171875000 3800036
0.072509765625000 3800000
0.071411132812500 3800000
0.066711425781250 3800000
0.069335937500000 3800000
0.073120117187500 3799963
0.071411132812500 3800036
0.069152832031250 3800000
0.058959960937500 3800000
0.068359375000000 3800000
0.062377929687500 3800000
0.071777343750000 3800000
0.062255859375000 3799963
0.067626953125000 3800036
0.000000000000000 3800000
0.068847656250000 3800000
0.070434570312500 3800000
0.072753906250000 3800000
0.073791503906250 3800000
0.068786621093750 3800000
0.071777343750000 3799963
0.072753906250000 3800036
0.071716308593750 3800000
0.058837890625000 3800000
0.068725585937500 3800000
0.000000000000000 3799963
0.072570800781250 3800036
0.070190429687500 3799927
0.059265136718750 3800072
0.071777343750000 3799963
0.073425292968750 3800036
0.071105957031250 3800000
0.067504882812500 3800000
0.069396972656250 3800036
0.070068359375000 3799963
0.063598632812500 3800000
0.068908691406250 3800000
0.067504882812500 3800000
0.000000000000000 3799927
0.135314941406250 3800072
0.000000000000000 3800000
0.065185546875000 3800000
0.071777343750000 3800000
0.063293457031250 3800000
0.070068359375000 3800000
0.058532714843750 3800000
0.069885253906250 3800000
0.072082519531250 3800000
0.071350097656250 3800000
0.058837890625000 3800000
0.065124511718750 3800000
0.062194824218750 3800000
0.073547363281250 3799963
0.070800781250000 3800036
0.068115234375000 3800000
0.072326660156250 3800000
0.061035156250000 3800000
0.069213867187500 3800000
0.000000000000000 3800036
0.071777343750000 3800000
0.074768066406250 3796261
0.069885253906250 3799963
0.059509277343750 3800036
0.065979003906250 3800036
0.070678710937500 3799963
0.072143554687500 3800000
0.059143066406250 3800000
0.067504882812500 3800000
0.072265625000000 3800000
0.075500488281250 3800000
0.069458007812500 3800000
0.061096191406250 3800000
0.065917968750000 3800000
0.061035156250000 3800000
0.072875976562500 3799963
0.000000000000000 3800036
0.128417968750000 3800000
0.000000000000000 3800000
0.069824218750000 3800000
0.073608398437500 3800000
0.071350097656250 3800000
0.059997558593750 3800000
0.072021484375000 3800000
0.063476562500000 3800000
0.067504882812500 3800000
0.061035156250000 3800000
0.072814941406250 3800036
0.071289062500000 3799963
0.068420410156250 3800000
0.071960449218750 3800000
0.072814941406250 3799963
0.000000000000000 3800036
0.067932128906250 3800000
0.072387695312500 3799963
0.071289062500000 3800036
0.067443847656250 3800000
0.064025878906250 3800000
0.068786621093750 3800000
0.071594238281250 3800000
0.068237304687500 3800000
0.063598632812500 3800000
0.072204589843750 3800000
0.061523437500000 3795950
0.067565917968750 3800036
0.068847656250000 3800000
0.061523437500000 3800000
0.071594238281250 3800000
0.000000000000000 3799963
0.072265625000000 3800036
0.066772460937500 3800000
0.070068359375000 3800000
0.072631835937500 3800000
0.063110351562500 3800000
0.068481445312500 3800000
0.071777343750000 3800000
0.063842773437500 3800000
0.068725585937500 3800000
0.067626953125000 3799927
0.070373535156250 3800072
0.073120117187500 3800000
0.000000000000000 3800036
0.071289062500000 3799963
0.067626953125000 3800000
0.071289062500000 3800000
0.070434570312500 3799963
0.072509765625000 3800036
0.069213867187500 3800000
0.060974121093750 3800000
0.068847656250000 3799963
0.073608398437500 3800036
0.072143554687500 3800000
0.068786621093750 3800000
0.058715820312500 3800000
0.071838378906250 3800000
0.064147949218750 3800000
0.000000000000000 3800000
0.070739746093750 3800000
0.068481445312500 3799963
0.065979003906250 3800036
0.072753906250000 3800000
0.063476562500000 3800000
0.067749023437500 3800000
0.070861816406250 3799891
0.070129394531250 3800108
0.059387207031250 3800000
0.073669433593750 3799927
0.069030761718750 3800072
0.071228027343750 3800000
0.071594238281250 3800000
0.000000000000000 3800000
0.129028320312500 3789579
0.000000000000000 3800000
0.066406250000000 3800000
0.071350097656250 3800000
0.074401855468750 3800000
0.060668945312500 3800000
0.066528320312500 3800000
0.070129394531250 3799927
0.074279785156250 3747989
0.058837890625000 3800036
0.071472167968750 3800000
0.061218261718750 3800072
0.068603515625000 3799927
0.070617675781250 3800036
0.070434570312500 3800036
0.071655273437500 3800000
0.000000000000000 3800000
0.069763183593750 3800000
0.067626953125000 3800036
0.059875488281250 3799963
0.069702148437500 3800000
0.073425292968750 3800000
0.072143554687500 3800000
0.069702148437500 3800000
0.067932128906250 3800000
0.070983886718750 3800000
0.069458007812500 3800000
0.067504882812500 3800000
0.063354492187500 3800000
0.074279785156250 3800000
0.000000000000000 3800000
0.068725585937500 3799927
0.069519042968750 3800072
0.073547363281250 3800000
0.061889648437500 3800000
0.066467285156250 3800000
0.072204589843750 3800000
0.063598632812500 3800000
0.070068359375000 3799963
0.059570312500000 3800036
0.068542480468750 3799963
0.071899414062500 3800036
0.070251464843750 3800000
0.058837890625000 3800000
0.069946289062500 3800000
0.074890136718750 3800000
0.000000000000000 3800000
0.072082519531250 3800000
0.059020996093750 3799963
0.072814941406250 3799963
0.068908691406250 3800072
0.059387207031250 3800000
0.072082519531250 3800000
0.062255859375000 3799927
0.067626953125000 3800072
0.059387207031250 3800000
0.074035644531250 3800000
0.069274902343750 3800000
0.062500000000000 3800000
0.066711425781250 3799963
0.059387207031250 3800036
0.068420410156250 3800000
0.062316894531250 3800000
0.059997558593750 3800000
0.069091796875000 3800000
0.065979003906250 3800000
0.068176269531250 3799963
0.070739746093750 3800036
0.060424804687500 3800000
0.072143554687500 3800000
0.068664550781250 3800000
0.068542480468750 3800000
0.064575195312500 3800000
0.059143066406250 3800000
0.000000000000000 3800000
0.074096679687500 3800000
0.066223144531250 3800000
0.070068359375000 3800000
0.068115234375000 3800000
0.069030761718750 3800000
0.070190429687500 3800000
0.071289062500000 3800000
0.075622558593750 3800036
0.068725585937500 3799963
0.063842773437500 3800000
0.071960449218750 3799927
0.062133789062500 3800072
0.059570312500000 3800000
0.067993164062500 3800000
0.000000000000000 3799963
0.070922851562500 3800036
0.073547363281250 3800000
0.070861816406250 3799927
0.069030761718750 3800072
0.069274902343750 3799891
0.071228027343750 3800108
0.074096679687500 3800036
0.068115234375000 3799963
0.067687988281250 3800000
0.000000000000000 3800000
0.071838378906250 3800036
0.073242187500000 3799963
0.069274902343750 3800000
0.066223144531250 3799891
0.062622070312500 3800108
0.073059082031250 3799963
0.061035156250000 3800036
0.066772460937500 3800000
0.062927246093750 3800000
0.070922851562500 3800000
0.067504882812500 3800000
0.063293457031250 3800000
0.070678710937500 3799963
0.069030761718750 3799963
0.069458007812500 3800072
0.063903808593750 3799963
0.070129394531250 3800036
0.058898925781250 3800000
0.069641113281250 3800000
0.061462402343750 3800000
0.059692382812500 3800000
0.068420410156250 3800000
0.000000000000000 3800000
0.075805664062500 3799963
0.068664550781250 3800000
0.066650390625000 3799963
0.071350097656250 3800072
0.071594238281250 3800036
0.072326660156250 3800000
0.068481445312500 3799963
0.061645507812500 3800000
0.071716308593750 3800000
0.071777343750000 3800036
0.059570312500000 3799963
0.060058593750000 3800000
0.061645507812500 3800036
0.064575195312500 3800000
0.069213867187500 3799963
0.060058593750000 3800000
0.067199707031250 3800000
0.071960449218750 3800000
0.000000000000000 3800000
0.066650390625000 3800000
0.067443847656250 3800000
0.067016601562500 3800000
0.062683105468750 3800000
0.061523437500000 3800000
0.066650390625000 3800000
0.071289062500000 3800000
0.072021484375000 3800036
0.061462402343750 3799963
0.068420410156250 3800000
0.072143554687500 3800036
0.070495605468750 3799891
0.071960449218750 3800072
0.071899414062500 3800000
0.066955566406250 3800000
0.062072753906250 3800000
0.070800781250000 3800000
0.062438964843750 3800036
0.000000000000000 3799963
0.067382812500000 3800000
0.067016601562500 3796339
0.071411132812500 3800000
0.075012207031250 3800000
0.071228027343750 3800000
0.066955566406250 3800000
0.068237304687500 3800000
0.064575195312500 3800000
0.063293457031250 3800000
0.071289062500000 3800000
0.066101074218750 3800000
0.070373535156250 3800000
0.072143554687500 3799927
0.062622070312500 3800108
0.000000000000000 3799927
0.067932128906250 3800036
0.067565917968750 3799963
0.071350097656250 3800036
0.072998046875000 3800036
0.071411132812500 3799963
0.068847656250000 3800000
0.069458007812500 3800000
0.071533203125000 3800000
0.068359375000000 3800000
0.072570800781250 3800000
0.000000000000000 3800000
0.072082519531250 3800000
0.066772460937500 3800000
0.073425292968750 3800000
0.072875976562500 3800000
0.070190429687500 3800000
0.067626953125000 3800000
0.063415527343750 3800000
0.071960449218750 3800000
0.069396972656250 3800000
0.070678710937500 3800000
0.060241699218750 3800000
0.062377929687500 3800000
0.061767578125000 3800000
0.067565917968750 3800000
0.069519042968750 3800000
0.063476562500000 3800000
0.070068359375000 3800000
0.059570312500000 3800000
0.000000000000000 3799927
0.070678710937500 3800072
0.063110351562500 3800000
0.067443847656250 3800000
0.069519042968750 3800036
0.071533203125000 3799963
0.068725585937500 3800000
0.071716308593750 3799927
0.062805175781250 3800072
0.071411132812500 3800000
0.067504882812500 3800000
0.071472167968750 3800000
0.072509765625000 3800000
0.060791015625000 3800000
0.068359375000000 3800000
0.000000000000000 3800036
0.070251464843750 3799963
0.073730468750000 3799927
0.070678710937500 3800072
0.067504882812500 3800000
0.069641113281250 3800000
0.073974609375000 3800000
0.070739746093750 3800000
0.067810058593750 3800000
0.071289062500000 3800000
0.069335937500000 3799963
0.060363769531250 3800036
0.000000000000000 3800000
0.134887695312500 3800000
0.000000000000000 3800000
0.069946289062500 3800000
0.067443847656250 3800000
0.062561035156250 3800000
0.072143554687500 3799963
0.068786621093750 3800036
0.067077636718750 3800000
0.072509765625000 3800000
0.070678710937500 3800000
0.070800781250000 3800000
0.071777343750000 3799963
0.067443847656250 3800036
0.061462402343750 3800000
0.000000000000000 3800000
0.071289062500000 3799963
0.073242187500000 3800036
0.069946289062500 3799927
0.068054199218750 3800072
0.073913574218750 3800000
0.070983886718750 3800036
0.070739746093750 3799963
0.065185546875000 3800000
0.062927246093750 3800000
0.067504882812500 3800000
0.060363769531250 3800000
0.074645996093750 3800000
0.061462402343750 3800000
0.059204101562500 3800000
0.070617675781250 3800000
0.072265625000000 3799963
0.000000000000000 3800036
0.067504882812500 3800000
0.062316894531250 3800000
0.070922851562500 3800000
0.070922851562500 3800000
0.069274902343750 3800000
0.070800781250000 3800000
0.062011718750000 3799963
0.065979003906250 3800036
0.074157714843750 3800000
0.070495605468750 3799927
0.059936523437500 3800072
0.066040039062500 3800000
0.072937011718750 3800000
0.062011718750000 3800000
0.066040039062500 3800000
0.062988281250000 3800036
0.071960449218750 3800000
0.000000000000000 3799963
0.071166992187500 3799927
0.069519042968750 3800072
0.068664550781250 3799963
0.071960449218750 3800036
0.071655273437500 3800036
0.070800781250000 3799963
0.065795898437500 3800000
0.070373535156250 3800036
0.070190429687500 3800000
0.069946289062500 3799963
0.000000000000000 3800000
0.130859375000000 3800000
0.000000000000000 3800000
0.072326660156250 3800000
0.069946289062500 3799963
0.059875488281250 3800036
0.066894531250000 3800000
0.070922851562500 3800000
0.073242187500000 3799927
0.073425292968750 3800072
0.059143066406250 3799963
0.067993164062500 3800000
0.070617675781250 3800000
0.071899414062500 3800036
0.063110351562500 3800000
0.067260742187500 3800000
0.059814453125000 3800036
0.071350097656250 3799963
0.062683105468750 3800000
0.068847656250000 3799963
0.000000000000000 3800036
0.071105957031250 3800000
0.071105957031250 3800000
0.070556640625000 3800000
0.067321777343750 3799963
0.070739746093750 3799963
0.072875976562500 3800072
0.071899414062500 3800000
0.067260742187500 3800000
0.061401367187500 3800000
0.073913574218750 3800000
0.070251464843750 3800000
0.000000000000000 3800036
0.067138671875000 3799927
0.072326660156250 3800036
0.064208984375000 3800000
0.071777343750000 3800000
0.067993164062500 3800036
0.070007324218750 3799963
0.071838378906250 3800000
0.060546875000000 3800000
0.067932128906250 3800000
0.071289062500000 3800000
0.069335937500000 3799927
0.068420410156250 3800072
0.061828613281250 3799927
0.071228027343750 3800072
0.000000000000000 3800000
0.070983886718750 3800000
0.058593750000000 3800000
0.071289062500000 3800000
0.070068359375000 3799927
0.072753906250000 3800072
0.071105957031250 3800000
0.059631347656250 3800000
0.071411132812500 3800000
0.071350097656250 3800000
0.067871093750000 3800036
0.062133789062500 3799963
0.073181152343750 3800000
0.071594238281250 3800000
0.067993164062500 3799927
0.000000000000000 3800072
0.067871093750000 3800036
0.063354492187500 3799963
0.071655273437500 3799963
0.066223144531250 3800036
0.069946289062500 3800000
0.073364257812500 3800036
0.063293457031250 3799963
0.068237304687500 3800000
0.058898925781250 3799963
0.070861816406250 3800036
0.072265625000000 3800000
0.066406250000000 3800000
0.070556640625000 3800000
0.073425292968750 3800000
0.000000000000000 3800000
0.070556640625000 3800000
0.059509277343750 3800000
0.066162109375000 3800000
0.062683105468750 3800000
0.070983886718750 3800000
0.071472167968750 3800000
0.068359375000000 3799963
0.061584472656250 3800036
0.068176269531250 3800000
0.061523437500000 3800000
0.069152832031250 3800000
0.063354492187500 3800000
0.062988281250000 3800000
0.068420410156250 3800000
0.067382812500000 3800000
0.062622070312500 3800000
0.072814941406250 3800000
0.069396972656250 3799963
0.071838378906250 3800036
0.071472167968750 3800000
0.000000000000000 3800000
0.072570800781250 3794319
0.069763183593750 3795040
0.067626953125000 3800036
0.071655273437500 3800000
0.072326660156250 3799927
0.062133789062500 3800072
0.069274902343750 3799963
0.066162109375000 3800000
0.071105957031250 3800036
0.072387695312500 3800000
0.071289062500000 3800000
0.000000000000000 3800000
0.128051757812500 3796574
0.000000000000000 3800036
0.075500488281250 3800000
0.070251464843750 3800000
0.059509277343750 3800000
0.066650390625000 3800000
0.073242187500000 3800000
0.072753906250000 3800000
0.061950683593750 3800000
0.067565917968750 3800000
0.069580078125000 3799963
0.061584472656250 3800036
0.072814941406250 3800000
0.072021484375000 3800000
0.067199707031250 3800000
0.066894531250000 3800000
0.062438964843750 3800000
0.000000000000000 3800000
0.074035644531250 3799963
0.072631835937500 3800036
0.066406250000000 3800000
0.063964843750000 3800000
0.069580078125000 3800000
0.069091796875000 3800000
0.069091796875000 3799963
0.072204589843750 3800036
0.071594238281250 3799927
0.070800781250000 3800072
0.000000000000000 3800000
0.072387695312500 3800000
0.068664550781250 3800000
0.059753417968750 3800000
0.068786621093750 3800000
0.064025878906250 3800000
0.071044921875000 3800000
0.059692382812500 3800000
0.070190429687500 3799963
0.061950683593750 3800036
0.074035644531250 3800000
0.071228027343750 3800000
0.058715820312500 3799891
0.068176269531250 3800108
0.071289062500000 3800000
0.070251464843750 3800000
0.069274902343750 3800000
0.059082031250000 3800000
0.071472167968750 3799927
0.000000000000000 3800072
0.073486328125000 3800000
0.067932128906250 3800036
0.067932128906250 3800000
0.070007324218750 3799963
0.073974609375000 3800000
0.071838378906250 3799927
0.067443847656250 3800108
0.063842773437500 3799963
0.071655273437500 3800000
0.070251464843750 3800000
0.067565917968750 3800036
0.000000000000000 3799963
0.074462890625000 3800036
0.062072753906250 3799855
0.066162109375000 3800108
0.071655273437500 3800000
0.061401367187500 3800000
0.058776855468750 3800036
0.070800781250000 3799963
0.070983886718750 3800000
0.066650390625000 3800000
0.071350097656250 3800000
0.211242675781250 3800000
0.070312500000000 3800000
0.063293457031250 3799963
0.070190429687500 3800072
0.058837890625000 3799963
0.069580078125000 3800000
0.070556640625000 3800000
0.063354492187500 3800000
0.071777343750000 3800000
0.069824218750000 3800000
0.067565917968750 3800000
0.063110351562500 3800000
0.071838378906250 3800000
0.068115234375000 3800000
0.068542480468750 3799963
0.069641113281250 3800072
0.000000000000000 3799963
0.074035644531250 3800000
0.072082519531250 3800000
0.067687988281250 3800000
0.068054199218750 3800000
0.064147949218750 3800000
0.073852539062500 3800036
0.070129394531250 3799963
0.059875488281250 3800000
0.070739746093750 3800000
0.062255859375000 3800036
0.068725585937500 3799963
0.062438964843750 3800000
0.069091796875000 3800036
0.059753417968750 3799963
0.069213867187500 3800000
0.073486328125000 3800000
0.070495605468750 3800000
0.000000000000000 3800000
0.068481445312500 3800000
0.063964843750000 3800000
0.071838378906250 3799927
0.071960449218750 3800072
0.068420410156250 3800000
0.061157226562500 3800000
0.076477050781250 3800000
0.066711425781250 3800000
0.067382812500000 3800000
0.069396972656250 3800000
0.061401367187500 3800000
0.070800781250000 3800000
0.060607910156250 3800000
0.071105957031250 3800000
0.000000000000000 3800036
0.071350097656250 3799963
0.071166992187500 3800000
0.069824218750000 3800000
0.067443847656250 3800000
0.065795898437500 3800000
0.062438964843750 3800000
0.070373535156250 3800000
0.070739746093750 3800036
0.069152832031250 3799963
0.073242187500000 3800000
0.072265625000000 3800000
0.060607910156250 3800000
0.067932128906250 3800000
0.070556640625000 3799963
0.000000000000000 3800036
0.071777343750000 3800000
0.071716308593750 3800000
0.069274902343750 3800000
0.068969726562500 3800000
0.062500000000000 3800000
0.074829101562500 3800000
0.069213867187500 3800036
0.059082031250000 3799963
0.071289062500000 3800000
0.064270019531250 3799963
0.071228027343750 3800000
0.063720703125000 3800000
0.072326660156250 3799963
0.070922851562500 3800072
0.060852050781250 3800000
0.000000000000000 3800000
0.069213867187500 3800000
0.071777343750000 3800000
0.071166992187500 3800000
0.068481445312500 3800000
0.062500000000000 3800000
0.068481445312500 3800000
0.062500000000000 3800000
0.069152832031250 3800000
0.067932128906250 3800000
0.069824218750000 3800000
0.072143554687500 3800000
0.062316894531250 3799927
0.068969726562500 3800072
0.063293457031250 3800000
0.070800781250000 3800000
0.000000000000000 3800000
0.069885253906250 3800000
0.070739746093750 3800000
0.061889648437500 3800000
0.066467285156250 3800000
0.072753906250000 3800036
0.072998046875000 3799963
0.069946289062500 3800000
0.060729980468750 3800000
0.066894531250000 3800000
0.070373535156250 3800000
0.072204589843750 3800000
0.072875976562500 3800000
0.068237304687500 3800000
0.000000000000000 3800000
0.069091796875000 3800000
0.073730468750000 3800036
0.067749023437500 3799963
0.058898925781250 3800000
0.061584472656250 3800000
0.072570800781250 3800000
0.068664550781250 3800000
0.059753417968750 3800000
0.069519042968750 3800036
0.070068359375000 3799963
0.072692871093750 3800000
0.068115234375000 3800000
0.060424804687500 3800000
0.070068359375000 3800000
0.074096679687500 3800000
0.072753906250000 3800000
0.000000000000000 3800000
0.066833496093750 3799963
0.061584472656250 3800036
0.073242187500000 3800000
0.069335937500000 3800000
0.068054199218750 3800000
0.059020996093750 3800000
0.070617675781250 3799963
0.074584960937500 3800036
0.069274902343750 3800000
0.059143066406250 3799963
0.069580078125000 3800036
0.070739746093750 3800000
0.070983886718750 3800000
0.066955566406250 3800000
0.061401367187500 3800000
0.070678710937500 3800000
0.000000000000000 3800000
0.072753906250000 3800000
0.071655273437500 3800000
0.060729980468750 3800000
0.068115234375000 3800000
0.071472167968750 3800000
0.073059082031250 3800000
0.069274902343750 3800000
0.060119628906250 3800000
0.069824218750000 3800036
0.070068359375000 3799891
0.072692871093750 3800072
0.062255859375000 3799963
0.068420410156250 3800036
0.070495605468750 3800000
0.000000000000000 3800000
0.073425292968750 3800000
0.070800781250000 3800000
0.059875488281250 3800000
0.068969726562500 3800000
0.069641113281250 3800000
0.073364257812500 3799963
0.069274902343750 3800036
0.059143066406250 3800000
0.067871093750000 3800000
0.071716308593750 3799963
0.071655273437500 3800036
0.072143554687500 3800000
0.000000000000000 3799963
0.067321777343750 3800036
0.073120117187500 3800000
0.074584960937500 3800000
0.071289062500000 3800036
0.067932128906250 3800000
0.068725585937500 3799963
0.072326660156250 3799927
0.074340820312500 3800072
0.068603515625000 3800000
0.058898925781250 3799927
0.069274902343750 3800072
0.000000000000000 3800000
0.070373535156250 3800000
0.062683105468750 3800000
0.067138671875000 3800036
0.071289062500000 3799927
0.068908691406250 3800036
0.061645507812500 3799927
0.071960449218750 3800072
0.071533203125000 3800036
0.059387207031250 3799963
0.068176269531250 3800000
0.063842773437500 3800000
0.065917968750000 3800000
0.070251464843750 3800000
0.072753906250000 3800000
0.069946289062500 3800000
0.070739746093750 3799963
0.000000000000000 3800000
0.071289062500000 3800036
0.071899414062500 3799963
0.069946289062500 3800036
0.059326171875000 3800000
0.071044921875000 3800000
0.072082519531250 3800036
0.069152832031250 3799963
0.068542480468750 3800000
0.062988281250000 3800000
0.072753906250000 3800000
0.068725585937500 3800036
0.065307617187500 3799963
0.063537597656250 3799963
0.071777343750000 3800036
0.000000000000000 3799963
0.070251464843750 3800036
0.070678710937500 3800000
0.072326660156250 3800000
0.062683105468750 3799963
0.066467285156250 3800000
0.068054199218750 3800072
0.070800781250000 3799891
0.073730468750000 3800072
0.069335937500000 3800000
0.067199707031250 3800000
0.071472167968750 3800000
0.000000000000000 3800000
0.132629394531250 3800000
0.000000000000000 3800000
0.067138671875000 3800000
0.071472167968750 3800036
0.074096679687500 3799963
0.060913085937500 3800000
0.067871093750000 3800000
0.068908691406250 3800000
0.073181152343750 3800000
0.067810058593750 3800000
0.059020996093750 3800000
0.071289062500000 3800000
0.073059082031250 3800000
0.072937011718750 3800000
0.059448242187500 3799963
0.000000000000000 3800036
0.071838378906250 3800000
0.069458007812500 3800000
0.072143554687500 3800000
0.065856933593750 3800000
0.073913574218750 3800000
0.074401855468750 3800000
0.070495605468750 3799963
0.069030761718750 3800036
0.067016601562500 3800000
0.061218261718750 3800000
0.071044921875000 3800000
0.070922851562500 3800000
0.000000000000000 3800000
0.069152832031250 3800000
0.069763183593750 3800036
0.072082519531250 3799963
0.070983886718750 3800000
0.068725585937500 3800000
0.071289062500000 3799963
0.072753906250000 3800000
0.069335937500000 3800036
0.069152832031250 3800000
0.000000000000000 3800000
0.073730468750000 3800000
0.065795898437500 3799963
0.072021484375000 3800036
0.073486328125000 3800000
0.069458007812500 3800000
0.061035156250000 3799963
0.071044921875000 3800036
0.072753906250000 3800000
0.067749023437500 3800000
0.059326171875000 3800000
0.067016601562500 3799963
0.074035644531250 3800036
0.070617675781250 3800000
0.000000000000000 3799927
0.067199707031250 3800072
0.061950683593750 3800000
0.072998046875000 3800000
0.062011718750000 3800000
0.068542480468750 3800000
0.069885253906250 3800000
0.071533203125000 3800000
0.071960449218750 3800000
0.067565917968750 3800000
0.069946289062500 3800000
0.063110351562500 3800000
0.070861816406250 3800000
0.060241699218750 3800000
0.067077636718750 3800000
0.073730468750000 3800036
0.000000000000000 3799963
0.072998046875000 3800000
0.066040039062500 3800000
0.068969726562500 3800036
0.073364257812500 3799963
0.062805175781250 3800000
0.064270019531250 3800000
0.062194824218750 3800036
0.071777343750000 3799963
0.073974609375000 3800000
0.059753417968750 3800000
0.065917968750000 3800036
0.062194824218750 3799963
0.072082519531250 3800000
0.070068359375000 3799963
0.068786621093750 3800036
0.072387695312500 3800000
0.060913085937500 3800000
0.000000000000000 3800000
0.067260742187500 3800000
0.062683105468750 3800000
0.071166992187500 3800000
0.062866210937500 3800000
0.066345214843750 3800036
0.068786621093750 3799963
0.068481445312500 3800000
0.074157714843750 3800000
0.070678710937500 3800000
0.067443847656250 3800000
0.072570800781250 3799927
0.070373535156250 3800072
0.061340332031250 3800000
0.066345214843750 3800000
0.063171386718750 3800000
0.073364257812500 3800000
0.063232421875000 3800000
0.000000000000000 3800000
0.072448730468750 3799963
0.067504882812500 3800036
0.059082031250000 3800000
0.070007324218750 3799963
0.072631835937500 3800036
0.070617675781250 3800000
0.060424804687500 3800000
0.069274902343750 3799927
0.068725585937500 3800072
0.073303222656250 3799963
0.071838378906250 3800036
0.059204101562500 3800000
0.066650390625000 3800000
0.072082519531250 3800000
0.000000000000000 3800000
0.135925292968750 3800000
0.000000000000000 3799927
0.067321777343750 3800072
0.069274902343750 3800000
0.070007324218750 3800000
0.071411132812500 3800000
0.072509765625000 3800000
0.068481445312500 3800000
0.068664550781250 3800000
0.072998046875000 3800000
0.074584960937500 3800000
0.000000000000000 3800000
0.069519042968750 3800000
0.068969726562500 3800000
0.072937011718750 3800000
0.071166992187500 3800000
0.070007324218750 3800000
0.070922851562500 3800000
0.067932128906250 3800000
0.072387695312500 3799963
0.069519042968750 3800036
0.068115234375000 3800000
0.000000000000000 3800000
0.070007324218750 3799927
0.072021484375000 3800000
0.062316894531250 3800072
0.070068359375000 3800000
0.072326660156250 3800000
0.071228027343750 3799963
0.069274902343750 3800036
0.060546875000000 3800000
0.069274902343750 3800000
0.065551757812500 3799963
0.071350097656250 3800036
0.064941406250000 3800000
0.072570800781250 3800000
0.059692382812500 3800000
0.068725585937500 3800000
0.000000000000000 3800000
0.071044921875000 3800036
0.074890136718750 3799963
0.068847656250000 3800000
0.069458007812500 3799963
0.068542480468750 3800036
0.063415527343750 3800000
0.067993164062500 3800000
0.062805175781250 3800000
0.071594238281250 3800000
0.068359375000000 3800000
0.062561035156250 3800000
0.071533203125000 3800000
0.060058593750000 3800000
0.067687988281250 3800000
0.071655273437500 3800000
0.000000000000000 3800000
0.132202148437500 3800000
0.000000000000000 3800000
0.070007324218750 3800000
0.073303222656250 3800000
0.063049316406250 3800000
0.065734863281250 3800000
0.063171386718750 3800000
0.070190429687500 3800000
0.069519042968750 3800000
0.066589355468750 3800000
0.061889648437500 3799963
0.071228027343750 3800036
0.069641113281250 3800000
0.074340820312500 3800000
0.069946289062500 3800000
0.059020996093750 3800000
0.070129394531250 3800000
0.063842773437500 3800000
0.070434570312500 3800000
0.000000000000000 3800000
0.068359375000000 3800000
0.068725585937500 3800000
0.063049316406250 3800000
0.069030761718750 3800000
0.066406250000000 3800000
0.071166992187500 3800000
0.071289062500000 3800000
0.061523437500000 3799891
0.068298339843750 3800108
0.071960449218750 3800036
0.074829101562500 3799963
0.072143554687500 3799963
0.060180664062500 3800036
0.068298339843750 3800000
0.000000000000000 3799927
0.068725585937500 3800072
0.065002441406250 3800036
0.062927246093750 3799963
0.072143554687500 3800000
0.061889648437500 3799963
0.069946289062500 3800036
0.068969726562500 3800000
0.070861816406250 3800000
0.070495605468750 3800000
0.067504882812500 3800036
0.070190429687500 3799963
0.071899414062500 3800000
0.062377929687500 3800000
0.070007324218750 3800000
0.060974121093750 3800000
0.070678710937500 3799963
0.000000000000000 3799963
0.070373535156250 3800072
0.068603515625000 3800000
0.071960449218750 3800000
0.068176269531250 3799963
0.059143066406250 3800036
0.062072753906250 3800000
0.062072753906250 3800000
0.069091796875000 3800000
0.072448730468750 3800000
0.074279785156250 3800000
0.069335937500000 3799963
0.067993164062500 3800036
0.071166992187500 3800000
0.000000000000000 3800000
0.131713867187500 3800000
0.000000000000000 3800000
0.069396972656250 3800000
0.075012207031250 3800000
0.070678710937500 3800000
0.059020996093750 3799927
0.065124511718750 3800072
0.061584472656250 3800000
0.072692871093750 3799927
0.060852050781250 3800072
0.069091796875000 3800000
0.072875976562500 3799963
0.072937011718750 3800036
0.070190429687500 3800000
0.058593750000000 3800000
0.071228027343750 3800000
0.074035644531250 3800000
0.000000000000000 3800000
0.068969726562500 3799927
0.067993164062500 3800072
0.073242187500000 3799927
0.070800781250000 3800072
0.069335937500000 3800000
0.066406250000000 3800000
0.071838378906250 3800000
0.064453125000000 3800000
0.069885253906250 3800000
0.059692382812500 3800000
0.065246582031250 3800036
0.074890136718750 3799963
0.072937011718750 3800036
0.000000000000000 3799963
0.069335937500000 3800000
0.067871093750000 3800000
0.069580078125000 3800000
0.073608398437500 3800000
0.069152832031250 3800000
0.066101074218750 3800000
0.071655273437500 3800000
0.064025878906250 3800000
0.072631835937500 3800000
0.066955566406250 3800000
0.062805175781250 3800000
0.070251464843750 3800000
0.061279296875000 3800000
0.070983886718750 3800000
0.061279296875000 3800000
0.000000000000000 3800000
0.129821777343750 3800000
0.000000000000000 3800000
0.072570800781250 3799963
0.072204589843750 3800000
0.061340332031250 3799963
0.064697265625000 3800072
0.064025878906250 3799963
0.071716308593750 3800000
0.060302734375000 3800036
0.070922851562500 3800000
0.061157226562500 3800000
0.069458007812500 3799963
0.065673828125000 3800036
0.063232421875000 3800000
0.062438964843750 3800000
0.070129394531250 3800000
0.063476562500000 3800000
0.065368652343750 3800000
0.072265625000000 3800000
0.058532714843750 3799963
0.066528320312500 3800000
0.067871093750000 3800036
0.068237304687500 3800000
0.062072753906250 3800000
0.066711425781250 3799963
0.072509765625000 3800036
0.000000000000000 3800000
0.071411132812500 3800000
0.060852050781250 3800000
0.062988281250000 3800000
0.073669433593750 3800000
0.070800781250000 3800036
0.062622070312500 3799963
0.060424804687500 3799963
0.072265625000000 3800036
0.060729980468750 3800000
0.065917968750000 3800000
0.070678710937500 3799963
0.062072753906250 3800036
0.070495605468750 3800000
0.066101074218750 3800000
0.070373535156250 3799963
0.073364257812500 3800036
0.069458007812500 3799927
0.059326171875000 3800072
0.070312500000000 3800000
0.000000000000000 3800036
0.070922851562500 3799963
0.071960449218750 3800000
0.070129394531250 3800000
0.061279296875000 3800000
0.067260742187500 3800000
0.071655273437500 3800000
0.072998046875000 3800000
0.071289062500000 3800000
0.071044921875000 3800000
0.067321777343750 3800000
0.061523437500000 3800000
0.071777343750000 3800000
0.062194824218750 3800000
0.068481445312500 3800000
0.000000000000000 3800036
0.067443847656250 3799963
0.071105957031250 3800000
0.070922851562500 3800000
0.069641113281250 3799963
0.066650390625000 3800036
0.072021484375000 3800036
0.069946289062500 3799963
0.060058593750000 3800000
0.072265625000000 3800000
0.070678710937500 3800000
0.070068359375000 3800000
0.067260742187500 3800000
0.062011718750000 3800000
0.000000000000000 3800000
0.068908691406250 3800000
0.070617675781250 3799927
0.072448730468750 3800072
0.062561035156250 3800000
0.068969726562500 3800000
0.070617675781250 3799927
0.069335937500000 3800036
0.072387695312500 3800036
0.062133789062500 3800000
0.065185546875000 3800000
0.071105957031250 3800036
0.072082519531250 3799963
0.062561035156250 3800000
0.061218261718750 3800000
0.069458007812500 3800000
0.000000000000000 3799963
0.073059082031250 3800072
0.069824218750000 3800000
0.061828613281250 3799963
0.070495605468750 3800000
0.072082519531250 3800000
0.065979003906250 3800000
0.065063476562500 3800000
0.069641113281250 3800000
0.070739746093750 3800000
0.073608398437500 3800000
0.070251464843750 3800000
0.061157226562500 3800000
0.069335937500000 3800000
0.070068359375000 3800000
0.000000000000000 3800000
0.070922851562500 3800000
0.070495605468750 3800000
0.067871093750000 3800000
0.068481445312500 3800000
0.073242187500000 3800000
0.068847656250000 3800000
0.071044921875000 3800000
0.062316894531250 3800000
0.059020996093750 3800036
0.068359375000000 3799963
0.070800781250000 3800000
0.072875976562500 3800000
0.069396972656250 3800036
0.000000000000000 3799963
0.070556640625000 3799963
0.069885253906250 3800036
0.061462402343750 3800000
0.069885253906250 3800000
0.066650390625000 3800000
0.074401855468750 3800000
0.071166992187500 3800036
0.071289062500000 3799963
0.059570312500000 3800000
0.072448730468750 3800000
0.062011718750000 3800036
0.059020996093750 3799963
0.071472167968750 3799927
0.071350097656250 3800072
0.068908691406250 3799927
0.000000000000000 3800036
0.069519042968750 3800036
0.074890136718750 3800000
0.071960449218750 3800000
0.067687988281250 3799963
0.070007324218750 3800036
0.062805175781250 3799963
0.061096191406250 3800036
0.067077636718750 3799963
0.061828613281250 3800036
0.070495605468750 3800000
0.072998046875000 3800000
0.068603515625000 3800000
0.069702148437500 3800000
0.072326660156250 3800000
0.000000000000000 3800036
0.068542480468750 3799963
0.062683105468750 3800000
0.069519042968750 3800000
0.062255859375000 3800000
0.061828613281250 3800000
0.069702148437500 3800000
0.072875976562500 3800000
0.070007324218750 3800036
0.060913085937500 3799963
0.059814453125000 3641776
0.071289062500000 3800000
0.071350097656250 3800000
0.071105957031250 3800000
0.069335937500000 3800000
0.064025878906250 3800000
0.072998046875000 3800000
0.068603515625000 3800000
0.000000000000000 3799963
0.070556640625000 3799963
0.071289062500000 3800036
0.060058593750000 3800036
0.075012207031250 3800000
0.068664550781250 3800000
0.067443847656250 3800000
0.072204589843750 3799927
0.064758300781250 3800072
0.069763183593750 3800000
0.068786621093750 3800000
0.073669433593750 3800000
0.072875976562500 3800036
0.061950683593750 3799963
0.000000000000000 3800000
0.067993164062500 3800000
0.058715820312500 3800000
0.073059082031250 3799963
0.073730468750000 3800036
0.069946289062500 3800000
0.069091796875000 3800000
0.072998046875000 3800000
0.068725585937500 3799927
0.060913085937500 3800072
0.066894531250000 3800000
0.066833496093750 3800036
0.074768066406250 3799963
0.000000000000000 3800000
0.072204589843750 3800000
0.070251464843750 3800000
0.067077636718750 3800000
0.063110351562500 3800000
0.072753906250000 3800000
0.070251464843750 3799927
0.068603515625000 3800036
0.069946289062500 3799963
0.063598632812500 3800072
0.070922851562500 3800000
0.070373535156250 3800000
0.070861816406250 3800000
0.000000000000000 3800000
0.072326660156250 3800000
0.068298339843750 3800000
0.068908691406250 3800000
0.062744140625000 3799927
0.070434570312500 3800072
0.059753417968750 3799927
0.070800781250000 3800072
0.070495605468750 3800000
0.070800781250000 3800000
0.063903808593750 3800000
0.067932128906250 3800000
0.067016601562500 3800000
0.070800781250000 3800000
0.068359375000000 3800000
0.061767578125000 3800000
0.066467285156250 3800000
0.071838378906250 3800036
0.000000000000000 3799963
0.071960449218750 3800000
0.069824218750000 3799963
0.068664550781250 3800000
0.068725585937500 3800036
0.073120117187500 3800000
0.069641113281250 3800000
0.059570312500000 3800000
0.066406250000000 3800000
0.072143554687500 3799963
0.071289062500000 3800036
0.072448730468750 3800000
0.000000000000000 3799963
0.072570800781250 3800036
0.070556640625000 3800000
0.071105957031250 3800000
0.066650390625000 3800000
0.061828613281250 3800000
0.070861816406250 3799963
0.059570312500000 3800036
0.069763183593750 3800000
0.073303222656250 3799963
0.071533203125000 3800036
0.067993164062500 3800000
0.066833496093750 3800000
0.071838378906250 3799963
0.000000000000000 3800036
0.073364257812500 3800000
0.070251464843750 3799963
0.068725585937500 3800072
0.061767578125000 3799963
0.072692871093750 3800000
0.069641113281250 3800000
0.067810058593750 3800000
0.061401367187500 3800000
0.073059082031250 3800000
0.070190429687500 3799891
0.067626953125000 3800108
0.072387695312500 3799963
0.000000000000000 3800036
0.071838378906250 3800000
0.069824218750000 3799963
0.059020996093750 3800000
0.067871093750000 3800036
0.071166992187500 3800000
0.072326660156250 3800000
0.068420410156250 3800000
0.061096191406250 3800000
0.072326660156250 3800000
0.070434570312500 3800000
0.074645996093750 3800000
0.070556640625000 3800000
0.071472167968750 3799963
0.000000000000000 3800036
0.067321777343750 3800000
0.066711425781250 3800000
0.062316894531250 3800000
0.072937011718750 3800000
0.060791015625000 3799963
0.066833496093750 3800036
0.073608398437500 3800000
0.070312500000000 3799927
0.068420410156250 3800072
0.070556640625000 3800036
0.070495605468750 3799963
0.068481445312500 3800000
0.065673828125000 3800000
0.062194824218750 3800036
0.070129394531250 3799963
0.062500000000000 3800000
0.067810058593750 3800000
0.000000000000000 3800000
0.067993164062500 3799963
0.069396972656250 3800036
0.071472167968750 3800000
0.070678710937500 3800036
0.066650390625000 3799963
0.072692871093750 3800000
0.070617675781250 3800000
0.061218261718750 3800000
0.067138671875000 3800000
0.070678710937500 3800000
0.071105957031250 3800000
0.000000000000000 3800000
0.071533203125000 3800000
0.073059082031250 3800000
0.070434570312500 3800000
0.071594238281250 3800036
0.067687988281250 3799963
0.059020996093750 3800036
0.069213867187500 3799963
0.073181152343750 3800000
0.071166992187500 3800036
0.066833496093750 3799963
0.073242187500000 3799963
0.069580078125000 3800036
0.000000000000000 3799927
0.069458007812500 3800072
0.070800781250000 3800000
0.063354492187500 3800000
0.069885253906250 3800000
0.072326660156250 3800000
0.061462402343750 3799963
0.065368652343750 3800036
0.073425292968750 3800000
0.068237304687500 3800000
0.058532714843750 3800000
0.070312500000000 3800036
0.062561035156250 3799963
0.070556640625000 3800000
0.072082519531250 3800000
0.060607910156250 3800000
0.066894531250000 3800000
0.063171386718750 3799963
0.070861816406250 3800000
0.000000000000000 3800000
0.129150390625000 3800036
0.000000000000000 3799963
0.073974609375000 3800036
0.070739746093750 3800000
0.061584472656250 3799963
0.072937011718750 3800036
0.069946289062500 3800000
0.060485839843750 3800000
0.066833496093750 3800000
0.061218261718750 3800000
0.072570800781250 3800000
0.071411132812500 3800000
0.059814453125000 3800000
0.062500000000000 3800000
0.071166992187500 3800000
0.065856933593750 3800036
0.064819335937500 3799963
0.072570800781250 3800000
0.072509765625000 3800000
0.000000000000000 3800036
0.067443847656250 3799963
0.071105957031250 3800000
0.061035156250000 3800000
0.062377929687500 3800000
0.071228027343750 3800000
0.067565917968750 3800036
0.074951171875000 3799963
0.071594238281250 3799927
0.069946289062500 3800072
0.065979003906250 3799963
0.072387695312500 3800036
0.062683105468750 3800000
0.067810058593750 3800000
0.071899414062500 3800000
0.000000000000000 3800036
0.070800781250000 3799963
0.071411132812500 3800036
0.067321777343750 3799963
0.072326660156250 3800000
0.069641113281250 3800036
0.070983886718750 3799927
0.073852539062500 3800036
0.070251464843750 3800000
0.067260742187500 3800000
0.000000000000000 3800000
0.070556640625000 3799963
0.072998046875000 3800036
0.062255859375000 3800000
0.066284179687500 3800000
0.070312500000000 3799927
0.072082519531250 3800072
0.070739746093750 3799963
0.069458007812500 3800036
0.070373535156250 3800000
0.063354492187500 3800000
0.070007324218750 3800000
0.059204101562500 3799963
0.071594238281250 3799963
0.069519042968750 3800108
0.000000000000000 3799927
0.130004882812500 3800036
0.000000000000000 3800000
0.072387695312500 3800000
0.069091796875000 3800000
0.061767578125000 3800000
0.060852050781250 3800000
0.068420410156250 3800000
0.070678710937500 3800000
0.072937011718750 3800000
0.069335937500000 3800036
0.060974121093750 3800000
0.069763183593750 3800000
0.069946289062500 3799963
0.073486328125000 3800036
0.071838378906250 3799963
0.068725585937500 3800000
0.000000000000000 3800000
0.067077636718750 3800000
0.061279296875000 3800036
0.071655273437500 3799927
0.064392089843750 3800036
0.068725585937500 3800000
0.065490722656250 3800000
0.061828613281250 3796553
0.073730468750000 3796531
0.071289062500000 3799963
0.059326171875000 3799963
0.066284179687500 3800072
0.071960449218750 3800000
0.062316894531250 3800000
0.068115234375000 3800000
0.069580078125000 3799963
0.072998046875000 3800036
0.070190429687500 3799927
0.000000000000000 3800072
0.068237304687500 3800000
0.072509765625000 3800000
0.070800781250000 3800000
0.061218261718750 3800000
0.065856933593750 3800000
0.062866210937500 3800036
0.071960449218750 3799927
0.071044921875000 3800036
0.068420410156250 3800000
0.061279296875000 3800000
0.070861816406250 3796595
0.071960449218750 3800000
0.069274902343750 3790768
0.068603515625000 3792205
0.000000000000000 3800000
0.070068359375000 3800000
0.070007324218750 3800000
0.072021484375000 3800000
0.069641113281250 3800000
0.061889648437500 3800000
0.072326660156250 3800000
0.067993164062500 3800000
0.059265136718750 3799963
0.071105957031250 3800036
0.072387695312500 3800000
0.070617675781250 3800000
0.067932128906250 3800000
0.073791503906250 3800000
0.000000000000000 3800000
0.070739746093750 3800000
