0.072814941406250 3800000
0.073303222656250 3799891
0.070312500000000 3800108
0.070190429687500 3800036
0.069458007812500 3799963
0.075317382812500 3800000
0.071411132812500 3800036
0.059448242187500 3799927
0.067199707031250 3800036
0.060241699218750 3796408
0.000000000000000 3794383
0.068481445312500 3796289
0.072631835937500 3800000
0.070678710937500 3800000
0.071716308593750 3800000
0.059448242187500 3800000
0.067871093750000 3800000
0.066894531250000 3800000
0.072631835937500 3800000
0.072387695312500 3800036
0.059509277343750 3799963
0.069458007812500 3800000
0.073669433593750 3800000
0.072143554687500 3799963
0.060729980468750 3800036
0.065673828125000 3800000
0.000000000000000 3800000
0.073486328125000 3800000
0.068237304687500 3799927
0.060791015625000 3800036
0.066894531250000 3799927
0.073852539062500 3800000
0.071350097656250 3800108
0.067749023437500 3800000
0.060668945312500 3799963
0.071655273437500 3800036
0.072143554687500 3800000
0.059875488281250 3800000
0.069519042968750 3800000
0.062072753906250 3799855
0.070983886718750 3800144
0.071105957031250 3800000
0.000000000000000 3800000
0.070129394531250 3800000
0.062255859375000 3800000
0.068969726562500 3800000
0.072875976562500 3800000
0.070617675781250 3800000
0.068542480468750 3800000
0.060852050781250 3800000
0.076110839843750 3799963
0.073791503906250 3793372
0.069213867187500 3799963
0.060668945312500 3800072
0.068542480468750 3800000
0.068664550781250 3799927
0.000000000000000 3799963
0.071777343750000 3800108
0.073974609375000 3799891
0.071166992187500 3800036
0.068847656250000 3800072
0.068664550781250 3800000
0.067810058593750 3799891
0.063232421875000 3800036
0.068664550781250 3800072
0.059448242187500 3795353
0.073669433593750 3790305
0.070861816406250 3799927
0.059020996093750 3800072
0.071289062500000 3795775
0.070129394531250 3789264
0.000000000000000 3785546
0.067077636718750 3800108
0.074035644531250 3800000
0.072814941406250 3800000
0.068664550781250 3800000
0.063293457031250 3800000
0.070190429687500 3792061
0.061279296875000 3796536
0.070739746093750 3800000
0.071044921875000 3800036
0.066406250000000 3799963
0.070251464843750 3800000
0.063720703125000 3800000
0.072326660156250 3800036
0.000000000000000 3799855
0.071228027343750 3800144
0.067321777343750 3799963
0.062561035156250 3799927
0.071594238281250 3800000
0.069519042968750 3800072
0.072692871093750 3800000
0.070129394531250 3795022
0.059997558593750 3783298
0.072753906250000 3787131
0.071960449218750 3783404
0.066528320312500 3787363
0.061889648437500 3786884
0.072143554687500 3796138
0.070373535156250 3800000
0.000000000000000 3799963
0.068481445312500 3800036
0.070983886718750 3800000
0.070495605468750 3800000
0.067565917968750 3799927
0.072204589843750 3800072
0.072448730468750 3799927
0.067626953125000 3799963
0.070800781250000 3800108
0.073852539062500 3800036
0.063110351562500 3799891
0.069824218750000 3800072
0.000000000000000 3799963
0.068786621093750 3795822
0.069763183593750 3796377
0.071716308593750 3799963
0.068725585937500 3800036
0.060302734375000 3799891
0.067687988281250 3800108
0.072082519531250 3800000
0.062316894531250 3800000
0.070007324218750 3800000
0.062377929687500 3800000
0.072082519531250 3800000
0.067993164062500 3800000
0.073974609375000 3791406
0.070007324218750 3794385
0.000000000000000 3800000
0.067871093750000 3800000
0.071655273437500 3798781
0.073181152343750 3797811
0.068847656250000 3799963
0.071289062500000 3800036
0.072082519531250 3800000
0.070861816406250 3785434
0.068786621093750 3786601
0.071838378906250 3800072
0.000000000000000 3800000
0.069213867187500 3800000
0.072937011718750 3799963
0.069946289062500 3797955
0.070373535156250 3799963
0.072021484375000 3800000
0.074096679687500 3799927
0.059692382812500 3800072
0.069580078125000 3799927
0.062255859375000 3800072
0.072204589843750 3799963
0.069274902343750 3799927
0.067565917968750 3800000
0.063476562500000 3800036
0.000000000000000 3800036
0.130798339843750 3799963
0.000000000000000 3800036
0.069396972656250 3800036
0.070922851562500 3799891
0.063537597656250 3800072
0.069152832031250 3800036
0.068359375000000 3799927
0.072448730468750 3800108
0.063598632812500 3799963
0.067626953125000 3796587
0.069641113281250 3792727
0.072387695312500 3785602
0.069580078125000 3800072
0.068969726562500 3800000
0.000000000000000 3800000
0.071289062500000 3800000
0.072326660156250 3800000
0.070251464843750 3800000
0.062988281250000 3800000
0.074035644531250 3800000
0.067199707031250 3799963
0.072021484375000 3799963
0.073120117187500 3800072
0.070556640625000 3796490
0.069641113281250 3800000
0.067565917968750 3799963
0.000000000000000 3800036
0.073120117187500 3800000
0.060974121093750 3800000
0.069152832031250 3800000
0.070190429687500 3800000
0.062133789062500 3800036
0.065612792968750 3799963
0.064086914062500 3800000
0.073608398437500 3800036
0.068481445312500 3799963
0.070434570312500 3800000
0.062744140625000 3800000
0.061401367187500 3800000
0.068359375000000 3800000
0.062683105468750 3800000
0.069641113281250 3800000
0.060729980468750 3800000
0.071777343750000 3800036
0.062866210937500 3799963
0.068298339843750 3800036
0.070861816406250 3799891
0.064208984375000 3800072
0.068542480468750 3799963
0.000000000000000 3800036
0.070434570312500 3800000
0.070861816406250 3800000
0.064147949218750 3800000
0.070251464843750 3800000
0.068298339843750 3800000
0.070983886718750 3800000
0.070312500000000 3800000
0.060180664062500 3800000
0.073059082031250 3799963
0.072998046875000 3800036
0.070068359375000 3800000
0.000000000000000 3800000
0.069641113281250 3799963
0.071105957031250 3800036
0.068908691406250 3799963
0.068847656250000 3800036
0.074584960937500 3800000
0.062683105468750 3800000
0.069274902343750 3800000
0.065917968750000 3799963
0.063049316406250 3800036
0.072387695312500 3800000
0.068664550781250 3795319
0.067993164062500 3797739
0.061279296875000 3796624
0.073913574218750 3800000
0.000000000000000 3800000
0.132080078125000 3800000
0.000000000000000 3799927
0.066650390625000 3796667
0.073303222656250 3800000
0.072570800781250 3800000
0.059753417968750 3800000
0.068054199218750 3800000
0.062927246093750 3799099
0.068237304687500 3783334
0.059448242187500 3794137
0.070861816406250 3783759
0.073181152343750 3792210
0.069152832031250 3796221
0.067749023437500 3794987
0.072875976562500 3796147
0.069702148437500 3793084
0.000000000000000 3783336
0.071105957031250 3792035
0.070373535156250 3796374
0.068725585937500 3799927
0.069885253906250 3800108
0.071716308593750 3800000
0.062622070312500 3799963
0.059448242187500 3800000
0.066833496093750 3799927
0.071289062500000 3800072
0.070922851562500 3799927
0.059570312500000 3800072
0.073181152343750 3800000
0.063049316406250 3800000
0.068664550781250 3800000
0.072753906250000 3799963
0.000000000000000 3800036
0.073547363281250 3791281
0.069885253906250 3787655
0.069396972656250 3800000
0.072204589843750 3800036
0.072814941406250 3799963
0.059143066406250 3789553
0.062805175781250 3800000
0.068115234375000 3800036
0.068725585937500 3799963
0.066894531250000 3800000
0.063720703125000 3800000
0.073120117187500 3800000
0.070861816406250 3800000
0.069824218750000 3800000
0.060607910156250 3800000
0.000000000000000 3800000
0.073364257812500 3800000
0.070434570312500 3800000
0.058776855468750 3800000
0.066528320312500 3796953
0.063110351562500 3800000
0.072326660156250 3799891
0.067810058593750 3797071
0.072570800781250 3803039
0.073303222656250 3800000
0.067932128906250 3800000
0.068908691406250 3800000
0.073425292968750 3800000
0.063293457031250 3800000
0.067687988281250 3800000
0.000000000000000 3800000
0.067687988281250 3800000
0.071350097656250 3799855
0.072631835937500 3798149
0.066406250000000 3791418
0.073791503906250 3800000
0.071655273437500 3799927
0.068054199218750 3800072
0.062072753906250 3799927
0.070190429687500 3800000
0.069702148437500 3800072
0.072509765625000 3799927
0.000000000000000 3800072
0.070434570312500 3800000
0.068115234375000 3800000
0.072326660156250 3800000
0.063354492187500 3800000
0.066040039062500 3800000
0.059997558593750 3800000
0.068298339843750 3800000
0.062988281250000 3800000
0.070922851562500 3800000
0.068420410156250 3799963
0.073669433593750 3796635
0.070068359375000 3785369
0.068115234375000 3798627
0.069824218750000 3796542
0.071716308593750 3799891
0.060913085937500 3800108
0.000000000000000 3799927
0.069580078125000 3800000
0.071716308593750 3800000
0.071411132812500 3800072
0.059509277343750 3799927
0.067260742187500 3800072
0.071228027343750 3800000
0.071289062500000 3799963
0.069152832031250 3800036
0.075195312500000 3799927
0.070312500000000 3800072
0.068603515625000 3800036
0.070922851562500 3799963
0.000000000000000 3800000
0.072937011718750 3799927
0.068725585937500 3800036
0.069763183593750 3800036
0.070922851562500 3800000
0.073791503906250 3800036
0.070434570312500 3799963
0.067016601562500 3799963
0.070983886718750 3800036
0.070007324218750 3800036
0.066345214843750 3799963
0.060485839843750 3799963
0.000000000000000 3800036
0.069702148437500 3800000
0.072265625000000 3800000
0.065124511718750 3800000
0.071289062500000 3800000
0.072387695312500 3800000
0.060607910156250 3800000
0.076904296875000 3800000
0.063049316406250 3800000
0.071166992187500 3800000
0.067138671875000 3800036
0.066345214843750 3799963
0.067687988281250 3799927
0.069091796875000 3800036
0.064575195312500 3800036
0.065551757812500 3800000
0.000000000000000 3800000
0.070556640625000 3800000
0.065368652343750 3800000
0.067260742187500 3800000
0.071166992187500 3800000
0.067199707031250 3799927
0.068542480468750 3800072
0.071350097656250 3800000
0.063659667968750 3800000
0.073974609375000 3799891
0.061462402343750 3800108
0.067626953125000 3799927
0.072143554687500 3800072
0.069763183593750 3800000
0.000000000000000 3800000
0.068237304687500 3800000
0.071777343750000 3800000
0.071594238281250 3800000
0.069885253906250 3800000
0.068176269531250 3800036
0.070495605468750 3799963
0.061950683593750 3800036
0.069152832031250 3799963
0.070556640625000 3800000
0.061462402343750 3800000
0.069641113281250 3800000
0.070617675781250 3800000
0.062683105468750 3800000
0.068237304687500 3800000
0.069519042968750 3800000
0.000000000000000 3800000
0.071716308593750 3800036
0.071899414062500 3799963
0.070373535156250 3799963
0.071472167968750 3799963
0.062988281250000 3800072
0.068786621093750 3800000
0.068664550781250 3799927
0.067016601562500 3800108
0.071594238281250 3800000
0.074951171875000 3799963
0.000000000000000 3800000
0.131225585937500 3795333
0.000000000000000 3783261
0.069519042968750 3796525
0.068115234375000 3799963
0.071716308593750 3792154
0.073242187500000 3783332
0.068908691406250 3783330
0.067687988281250 3792158
0.059570312500000 3799891
0.072937011718750 3799790
0.071899414062500 3783406
0.066589355468750 3795660
0.064086914062500 3800072
0.070678710937500 3789817
0.000000000000000 3796209
0.068298339843750 3800000
0.073974609375000 3800000
0.072814941406250 3800000
0.071044921875000 3799963
0.067016601562500 3800036
0.062927246093750 3793202
0.074157714843750 3796265
0.059631347656250 3789574
0.070312500000000 3799963
0.066772460937500 3800000
0.073425292968750 3795637
0.073486328125000 3795758
0.067016601562500 3792415
0.062561035156250 3785428
0.064331054687500 3794167
0.000000000000000 3798122
0.070190429687500 3799927
0.061340332031250 3799160
0.062072753906250 3794259
0.072326660156250 3797158
0.059814453125000 3791818
0.066833496093750 3792865
0.072265625000000 3796680
0.071777343750000 3790944
0.059265136718750 3783330
0.066223144531250 3794614
0.062438964843750 3783330
0.070190429687500 3783331
0.064025878906250 3794529
0.071350097656250 3797189
0.068237304687500 3784819
0.072570800781250 3800000
0.071594238281250 3788993
0.000000000000000 3799891
0.068237304687500 3800108
0.071044921875000 3792569
0.069152832031250 3783299
0.059082031250000 3794652
0.062316894531250 3783330
0.062622070312500 3783262
0.069213867187500 3796719
0.068176269531250 3798712
0.072204589843750 3800072
0.075195312500000 3800000
0.069885253906250 3800000
0.059753417968750 3800000
0.068969726562500 3800000
0.062744140625000 3800000
0.062561035156250 3800000
0.065246582031250 3792717
0.063598632812500 3800000
0.069274902343750 3799927
0.062255859375000 3800072
0.069885253906250 3800000
0.059692382812500 3800000
0.067565917968750 3796058
0.073181152343750 3800000
0.000000000000000 3799927
0.069946289062500 3800072
0.067932128906250 3799963
0.074157714843750 3800036
0.071350097656250 3800000
0.060729980468750 3786248
0.070617675781250 3796151
0.071655273437500 3798536
0.069763183593750 3797729
0.068664550781250 3800072
0.073059082031250 3800000
0.071105957031250 3788314
0.000000000000000 3790720
0.069580078125000 3799963
0.073425292968750 3800036
0.070861816406250 3785707
0.066833496093750 3783333
0.072082519531250 3797483
0.072875976562500 3800000
0.069213867187500 3799927
0.072204589843750 3800072
0.072387695312500 3800000
0.000000000000000 3800000
0.067932128906250 3800000
0.062805175781250 3800000
0.072265625000000 3799891
0.070556640625000 3800108
0.068908691406250 3800000
0.067871093750000 3800000
0.070861816406250 3800000
0.070739746093750 3799891
0.072631835937500 3800000
0.058837890625000 3800036
0.059631347656250 3800072
0.071960449218750 3799963
0.073730468750000 3800036
0.067443847656250 3799891
0.000000000000000 3800108
0.130676269531250 3800000
0.000000000000000 3799963
0.071411132812500 3799963
0.066650390625000 3800000
0.070251464843750 3799963
0.064819335937500 3800072
0.069580078125000 3800036
0.069519042968750 3800000
0.073791503906250 3800000
0.072204589843750 3799891
0.059265136718750 3794161
0.067260742187500 3799185
0.062561035156250 3800072
0.072204589843750 3800000
0.060974121093750 3800000
0.067077636718750 3799927
0.072326660156250 3800072
0.000000000000000 3799963
0.075195312500000 3800036
0.068542480468750 3800000
0.060363769531250 3799927
0.067504882812500 3800108
0.062377929687500 3799927
0.067626953125000 3787497
0.067626953125000 3787384
0.071411132812500 3793215
0.064086914062500 3795931
0.070434570312500 3791950
0.068908691406250 3800000
0.063720703125000 3800036
0.071228027343750 3796479
0.059631347656250 3783262
0.066833496093750 3786543
0.062744140625000 3791434
0.072692871093750 3794957
0.059204101562500 3789624
0.068969726562500 3792949
0.071105957031250 3787939
0.000000000000000 3787200
0.077392578125000 3800000
0.068298339843750 3800000
0.067504882812500 3800036
0.070739746093750 3799963
0.074645996093750 3800000
0.073486328125000 3800000
0.068664550781250 3789119
0.062133789062500 3783371
0.071350097656250 3796307
0.067504882812500 3799891
0.000000000000000 3800108
0.070800781250000 3786863
0.073364257812500 3788991
0.067077636718750 3799891
0.069519042968750 3800072
0.062377929687500 3800036
0.073608398437500 3796603
0.069641113281250 3799963
0.066406250000000 3800000
0.062438964843750 3798673
0.071166992187500 3788935
0.071960449218750 3789043
0.069396972656250 3786065
0.069335937500000 3800072
0.060058593750000 3799927
0.000000000000000 3789552
0.070861816406250 3800000
0.072814941406250 3784204
0.068359375000000 3784084
0.059265136718750 3799927
0.067810058593750 3800036
0.061889648437500 3800036
0.072937011718750 3799927
0.065856933593750 3800072
0.062500000000000 3796594
0.062133789062500 3800000
0.068054199218750 3800000
0.071838378906250 3800000
0.062988281250000 3799927
0.069396972656250 3799963
0.069458007812500 3800000
0.072692871093750 3800036
0.070678710937500 3800000
0.061340332031250 3800072
0.071044921875000 3799927
0.000000000000000 3800000
0.073425292968750 3792969
0.065612792968750 3793247
0.073913574218750 3800000
0.070800781250000 3799963
0.067932128906250 3800036
0.068786621093750 3800000
0.069213867187500 3800000
0.063293457031250 3800000
0.058837890625000 3800000
0.068847656250000 3800000
0.071044921875000 3800000
0.075988769531250 3799927
0.000000000000000 3789348
0.071533203125000 3800000
0.066406250000000 3799927
0.060729980468750 3800072
0.072998046875000 3800000
0.071777343750000 3800000
0.067932128906250 3800000
0.069335937500000 3800000
0.069091796875000 3800000
0.072875976562500 3800000
0.070129394531250 3799927
0.068420410156250 3800072
0.000000000000000 3799963
0.073120117187500 3800036
0.072875976562500 3800000
0.061340332031250 3800000
0.069274902343750 3799927
0.067260742187500 3800072
0.062500000000000 3799927
0.071044921875000 3800072
0.059387207031250 3800000
0.070129394531250 3800000
0.073730468750000 3799927
0.069091796875000 3799963
0.061340332031250 3800108
0.070251464843750 3799963
0.072448730468750 3799963
0.070678710937500 3800000
0.000000000000000 3800000
0.067749023437500 3800036
0.072021484375000 3800036
0.073730468750000 3800000
0.071044921875000 3799963
0.069396972656250 3800036
0.071533203125000 3800000
0.072265625000000 3799855
0.059448242187500 3800072
0.070129394531250 3799963
0.067626953125000 3800108
0.072814941406250 3799891
0.000000000000000 3800108
0.070922851562500 3799963
0.067016601562500 3799963
0.073730468750000 3800072
0.062866210937500 3799963
0.068298339843750 3800072
0.067810058593750 3799963
0.074523925781250 3799927
0.064147949218750 3800072
0.068176269531250 3800000
0.068725585937500 3800000
0.069702148437500 3800000
0.063781738281250 3799927
0.071044921875000 3800072
0.068481445312500 3799963
0.000000000000000 3800036
0.073608398437500 3800000
0.071044921875000 3799963
0.059020996093750 3800036
0.072509765625000 3800000
0.071228027343750 3800000
0.067626953125000 3800036
0.073059082031250 3798919
0.074096679687500 3797182
0.068725585937500 3800000
0.072387695312500 3800000
0.063110351562500 3800036
0.067016601562500 3799963
0.000000000000000 3800000
0.069091796875000 3800000
0.072204589843750 3800000
0.061828613281250 3800000
0.067260742187500 3800000
0.063415527343750 3800000
0.073791503906250 3799963
0.069213867187500 3800072
0.070190429687500 3799891
0.065063476562500 3800072
0.071533203125000 3800000
0.060119628906250 3800000
0.069335937500000 3800000
0.067016601562500 3800000
0.072387695312500 3800000
0.000000000000000 3800000
0.071166992187500 3800036
0.068298339843750 3799927
0.071716308593750 3800036
0.065368652343750 3800000
0.072998046875000 3800000
0.067077636718750 3800000
0.059204101562500 3800000
0.070556640625000 3800000
0.062255859375000 3800000
0.058715820312500 3799927
0.068847656250000 3800072
0.071777343750000 3800000
0.075073242187500 3800000
0.069335937500000 3800000
0.058532714843750 3800036
0.068420410156250 3799963
0.070495605468750 3800000
0.063171386718750 3800000
0.000000000000000 3800000
0.067932128906250 3800000
0.071228027343750 3800000
0.071105957031250 3800000
0.073669433593750 3800000
0.074340820312500 3799891
0.068359375000000 3797613
0.068786621093750 3799080
0.067443847656250 3800000
0.073730468750000 3800000
0.000000000000000 3800000
0.070800781250000 3800000
0.067749023437500 3800000
0.072448730468750 3800000
0.074829101562500 3794190
0.070190429687500 3795460
0.067932128906250 3799963
0.070190429687500 3800036
0.073852539062500 3799891
0.072753906250000 3800108
0.059692382812500 3800000
0.067932128906250 3800000
0.000000000000000 3800000
0.069519042968750 3794367
0.073669433593750 3783297
0.070922851562500 3786116
0.060546875000000 3794929
0.067443847656250 3800000
0.069763183593750 3800000
0.070922851562500 3800000
0.071777343750000 3800000
0.067382812500000 3800000
0.069702148437500 3800000
0.073913574218750 3800000
0.000000000000000 3800000
0.072448730468750 3800000
0.072448730468750 3800000
0.067810058593750 3800000
0.060424804687500 3799927
0.067810058593750 3800072
0.074401855468750 3800000
0.071960449218750 3800000
0.067565917968750 3800000
0.063232421875000 3800000
0.071655273437500 3800000
0.062866210937500 3799963
0.067687988281250 3797865
0.068603515625000 3802207
0.062011718750000 3799963
0.072265625000000 3799927
0.060119628906250 3800000
0.071166992187500 3799963
0.000000000000000 3800036
0.072753906250000 3800000
0.066589355468750 3800000
0.071716308593750 3791535
0.071838378906250 3787159
0.071960449218750 3800000
0.068298339843750 3800000
0.068725585937500 3795238
0.074218750000000 3790902
0.069763183593750 3800000
0.000000000000000 3800000
0.068237304687500 3800036
0.071350097656250 3799891
0.072265625000000 3800000
0.068664550781250 3797602
0.062927246093750 3799075
0.070861816406250 3799963
0.068298339843750 3800036
0.071899414062500 3800000
0.070251464843750 3800000
0.058898925781250 3800000
0.072875976562500 3800000
0.069763183593750 3800000
0.069030761718750 3800000
0.000000000000000 3792822
0.071594238281250 3800000
0.071594238281250 3800000
0.067993164062500 3800000
0.072814941406250 3797821
0.073608398437500 3797273
0.068603515625000 3799963
0.073730468750000 3800000
0.069702148437500 3799927
0.068847656250000 3800000
0.062805175781250 3800072
0.000000000000000 3800000
0.072265625000000 3800000
0.070678710937500 3800000
0.058776855468750 3799927
0.070983886718750 3799963
0.071960449218750 3800108
0.072998046875000 3800036
0.059265136718750 3799891
0.069152832031250 3800072
0.063171386718750 3799927
0.071105957031250 3800072
0.067016601562500 3800000
0.071838378906250 3800000
0.062194824218750 3800000
0.068847656250000 3800000
0.067443847656250 3800036
0.000000000000000 3799927
0.133422851562500 3800072
0.061584472656250 3799963
0.000000000000000 3800000
0.066406250000000 3798416
0.071411132812500 3800000
0.074401855468750 3787789
0.069396972656250 3790740
0.058959960937500 3800072
0.069213867187500 3796581
0.069885253906250 3799963
0.071594238281250 3799963
0.061584472656250 3800072
0.071228027343750 3800000
0.062988281250000 3800000
0.067687988281250 3799963
0.070373535156250 3800072
0.072753906250000 3799963
0.000000000000000 3800000
0.071105957031250 3800000
0.069641113281250 3800000
0.069763183593750 3800000
0.065002441406250 3800000
0.067626953125000 3799927
0.061096191406250 3800072
0.070434570312500 3800000
0.068359375000000 3785766
0.073059082031250 3789019
0.074157714843750 3786584
0.071228027343750 3799891
0.067016601562500 3800072
0.059570312500000 3800000
0.068481445312500 3799963
0.063110351562500 3800036
0.070617675781250 3786161
0.000000000000000 3800000
0.072509765625000 3800000
0.070434570312500 3791664
0.066955566406250 3784077
0.072204589843750 3799963
0.072692871093750 3797580
0.070251464843750 3788528
0.067565917968750 3789512
0.068176269531250 3800000
0.069946289062500 3800000
0.072021484375000 3800000
0.063842773437500 3800000
0.000000000000000 3800000
0.068298339843750 3784539
0.068664550781250 3798092
0.071533203125000 3798360
0.062316894531250 3800000
0.066711425781250 3800000
0.072753906250000 3799927
0.075012207031250 3800072
0.065490722656250 3800000
0.059631347656250 3799963
0.072204589843750 3800036
0.063842773437500 3800000
0.066467285156250 3800000
0.062683105468750 3799891
0.072326660156250 3800108
0.067504882812500 3800000
0.000000000000000 3796588
0.074279785156250 3800000
0.068908691406250 3800000
0.070190429687500 3800000
0.073120117187500 3800000
0.072448730468750 3800000
0.067138671875000 3796476
0.073791503906250 3800108
0.072265625000000 3800000
0.067626953125000 3800000
0.000000000000000 3799927
0.071350097656250 3800000
0.074523925781250 3800000
0.071350097656250 3800072
0.067443847656250 3800000
0.068542480468750 3800000
0.071838378906250 3799927
0.074340820312500 3800036
0.063110351562500 3800036
0.071716308593750 3800000
0.067932128906250 3800000
0.060668945312500 3800000
0.066406250000000 3800000
0.000000000000000 3800000
0.073608398437500 3800000
0.070068359375000 3799963
0.066772460937500 3800036
0.062622070312500 3800000
0.062011718750000 3799963
0.067443847656250 3800036
0.073913574218750 3800000
0.072875976562500 3800000
0.068054199218750 3800000
0.059997558593750 3799963
0.073913574218750 3800036
0.071472167968750 3799963
0.069030761718750 3800036
0.000000000000000 3800000
0.071899414062500 3799963
0.069458007812500 3800036
0.067810058593750 3799891
0.073608398437500 3800036
0.071533203125000 3800036
0.069152832031250 3800036
0.071716308593750 3800000
0.069763183593750 3800000
0.058471679687500 3799927
0.067626953125000 3800000
0.062500000000000 3800000
0.070312500000000 3800072
0.070800781250000 3799927
0.000000000000000 3800036
0.071411132812500 3799963
0.071960449218750 3799963
0.058837890625000 3800072
0.068359375000000 3800036
0.062683105468750 3799927
0.067382812500000 3800036
0.073242187500000 3800036
0.071411132812500 3799891
0.062927246093750 3800072
0.069030761718750 3800036
0.069152832031250 3800000
0.069030761718750 3799927
0.072448730468750 3800072
0.062011718750000 3799891
0.067016601562500 3800072
0.068237304687500 3800036
0.000000000000000 3800000
0.070312500000000 3800000
0.074401855468750 3799927
0.059509277343750 3800000
0.071777343750000 3800036
0.072326660156250 3800036
0.066650390625000 3800000
0.064208984375000 3800000
0.070800781250000 3800000
0.059753417968750 3800000
0.067565917968750 3800000
0.074218750000000 3799963
0.074401855468750 3799927
0.065612792968750 3800108
0.063903808593750 3798228
0.069580078125000 3783370
0.059631347656250 3797031
0.071716308593750 3799891
0.000000000000000 3800108
0.071166992187500 3800000
0.068420410156250 3796426
0.073181152343750 3796028
0.063415527343750 3783334
0.067749023437500 3788425
0.059387207031250 3800000
0.070495605468750 3800000
0.061889648437500 3800000
0.069274902343750 3800000
0.071166992187500 3800036
0.073852539062500 3799963
0.068359375000000 3800000
0.073242187500000 3800000
0.000000000000000 3799927
0.071655273437500 3800072
0.070007324218750 3799927
0.065734863281250 3800072
0.073913574218750 3800000
0.069091796875000 3800036
0.065795898437500 3799963
0.073303222656250 3799927
0.069152832031250 3800072
0.060546875000000 3800000
0.068420410156250 3800000
0.072021484375000 3800000
0.073242187500000 3799927
0.000000000000000 3800072
0.072448730468750 3800000
0.067077636718750 3800000
0.068847656250000 3800000
0.059875488281250 3799927
0.072753906250000 3800072
0.072143554687500 3800000
0.058837890625000 3799963
0.068969726562500 3800000
0.067260742187500 3799963
0.071350097656250 3799963
0.065429687500000 3800108
0.069824218750000 3800000
0.068603515625000 3800000
0.071777343750000 3799927
0.063354492187500 3800072
0.059082031250000 3800000
0.069946289062500 3799963
0.000000000000000 3800036
0.070312500000000 3799891
0.067993164062500 3800072
0.062500000000000 3799963
0.067749023437500 3800000
0.062255859375000 3798409
0.070617675781250 3798230
0.059631347656250 3796595
0.072326660156250 3800000
0.073242187500000 3799963
0.069091796875000 3800036
0.070617675781250 3800000
0.062927246093750 3800000
0.066345214843750 3800036
0.059631347656250 3799963
0.070861816406250 3800000
0.072875976562500 3799963
0.070129394531250 3800036
0.000000000000000 3800000
0.067749023437500 3800000
0.071166992187500 3800000
0.061401367187500 3799927
0.059326171875000 3800072
0.070007324218750 3800036
0.074035644531250 3799963
0.070190429687500 3800000
0.059570312500000 3800000
0.069335937500000 3800000
0.069702148437500 3800000
0.072326660156250 3800000
0.070678710937500 3800000
0.063476562500000 3799927
0.068420410156250 3800072
0.059509277343750 3799927
0.066650390625000 3800000
0.072570800781250 3800072
0.000000000000000 3799963
0.076782226562500 3799927
0.070068359375000 3800108
0.059387207031250 3800000
0.066772460937500 3799927
0.062561035156250 3800000
0.070129394531250 3800000
0.070129394531250 3800072
0.072143554687500 3800000
0.074890136718750 3799927
0.069885253906250 3800036
0.070007324218750 3800036
0.074218750000000 3800000
0.000000000000000 3800000
0.069335937500000 3799927
0.059936523437500 3800072
0.071044921875000 3800000
0.072570800781250 3799927
0.073059082031250 3800000
0.067687988281250 3800000
0.068664550781250 3800072
0.070678710937500 3799963
0.072326660156250 3800036
0.067810058593750 3800000
0.000000000000000 3800000
0.072448730468750 3800000
0.072937011718750 3800000
0.070007324218750 3799891
0.069030761718750 3800108
0.071411132812500 3800000
0.070861816406250 3800000
0.073608398437500 3799927
0.068237304687500 3800072
0.069213867187500 3800036
0.071777343750000 3799963
0.000000000000000 3800000
0.073181152343750 3800000
0.070251464843750 3800000
0.065795898437500 3800000
0.063537597656250 3800000
0.072204589843750 3800000
0.071655273437500 3800000
0.064880371093750 3800000
0.067382812500000 3800000
0.060363769531250 3800000
0.060363769531250 3800000
0.074157714843750 3800000
0.070617675781250 3800036
0.062072753906250 3799963
0.066345214843750 3800000
0.072204589843750 3799963
0.071105957031250 3800036
0.000000000000000 3800000
0.067199707031250 3799927
0.062072753906250 3800072
0.062011718750000 3799927
0.069763183593750 3800072
0.071289062500000 3800000
0.073120117187500 3800036
0.066833496093750 3799963
0.068359375000000 3800000
0.070312500000000 3800000
0.073913574218750 3800000
0.072937011718750 3799963
0.067199707031250 3800000
0.000000000000000 3800036
0.069458007812500 3800000
0.069519042968750 3800000
0.063415527343750 3800000
0.069702148437500 3800000
0.068420410156250 3800000
0.071472167968750 3800000
0.070922851562500 3800000
0.060241699218750 3800000
0.070495605468750 3800000
0.063720703125000 3799963
0.071166992187500 3800036
0.060668945312500 3800000
0.068237304687500 3800000
0.070068359375000 3800000
0.071716308593750 3800000
0.072875976562500 3799963
0.062805175781250 3800036
0.000000000000000 3800000
0.067443847656250 3800000
0.068908691406250 3800000
0.067932128906250 3800036
0.072265625000000 3799963
0.072692871093750 3800000
0.068237304687500 3800000
0.062744140625000 3800000
0.070800781250000 3800000
0.060424804687500 3800036
0.071594238281250 3799963
0.063171386718750 3800000
0.069519042968750 3800000
0.070922851562500 3800000
0.062927246093750 3800000
0.069641113281250 3800000
0.059143066406250 3799963
0.000000000000000 3800036
0.133361816406250 3800000
0.000000000000000 3800000
0.068115234375000 3800000
0.072509765625000 3800036
0.071716308593750 3799891
0.068115234375000 3800036
0.072204589843750 3799963
0.072448730468750 3800036
0.071899414062500 3799963
0.068420410156250 3800072
0.063842773437500 3800000
0.069274902343750 3799927
0.058776855468750 3800072
0.073425292968750 3799927
0.000000000000000 3799963
0.068359375000000 3800072
0.060058593750000 3800036
0.072204589843750 3800000
0.061584472656250 3800036
0.067810058593750 3799963
0.062561035156250 3800000
0.068725585937500 3800000
0.066711425781250 3800000
0.069763183593750 3800000
0.071533203125000 3799963
0.060913085937500 3800036
0.072448730468750 3800000
0.071350097656250 3800000
0.065246582031250 3800000
0.061096191406250 3800000
0.073303222656250 3800000
0.063354492187500 3800000
0.068969726562500 3800000
0.067321777343750 3800000
0.061889648437500 3799963
0.000000000000000 3800036
0.070373535156250 3799927
0.073303222656250 3799963
0.066894531250000 3800108
0.074035644531250 3799963
0.070190429687500 3799927
0.069519042968750 3800108
0.071655273437500 3799855
0.070861816406250 3800072
0.069396972656250 3800108
0.000000000000000 3799963
0.070190429687500 3800000
0.073059082031250 3796476
0.070556640625000 3793104
0.067565917968750 3800000
0.071777343750000 3789655
0.070373535156250 3800000
0.060058593750000 3800000
0.069763183593750 3800000
0.063415527343750 3799891
0.069946289062500 3800108
0.068298339843750 3800000
0.072937011718750 3800000
0.070739746093750 3800000
0.059204101562500 3800000
0.070373535156250 3800000
0.062988281250000 3799963
0.000000000000000 3800000
0.070190429687500 3800036
0.061462402343750 3799963
0.068969726562500 3800036
0.073242187500000 3800000
0.061035156250000 3800000
0.069885253906250 3797287
0.072875976562500 3802714
0.069824218750000 3800000
0.058837890625000 3800000
0.068237304687500 3796630
0.062438964843750 3800000
0.069152832031250 3800036
0.058837890625000 3799963
0.070617675781250 3800000
0.072509765625000 3793064
0.060974121093750 3800000
0.069580078125000 3789550
0.070678710937500 3800036
0.066894531250000 3799963
0.062927246093750 3800000
0.000000000000000 3799963
0.072631835937500 3800036
0.071777343750000 3800000
0.068298339843750 3800036
0.066406250000000 3797793
0.063354492187500 3802171
0.073913574218750 3800000
0.069519042968750 3800036
0.067199707031250 3799963
0.060363769531250 3800000
0.062805175781250 3800000
0.072082519531250 3796604
0.070739746093750 3799927
0.071105957031250 3800108
0.063354492187500 3799963
0.067687988281250 3799891
0.000000000000000 3789939
0.071716308593750 3794867
0.071472167968750 3784357
0.060791015625000 3799927
0.067443847656250 3800072
0.072753906250000 3799891
0.071105957031250 3800108
0.066955566406250 3799927
0.063293457031250 3800036
0.070251464843750 3800036
0.068115234375000 3800000
0.070129394531250 3800000
0.076232910156250 3800000
0.000000000000000 3800000
0.071716308593750 3800000
0.067443847656250 3796612
0.067687988281250 3800000
0.069396972656250 3800000
0.062866210937500 3800000
0.067382812500000 3799963
0.073730468750000 3799963
0.070251464843750 3800000
0.058654785156250 3800072
0.062316894531250 3800000
0.070983886718750 3799927
0.069458007812500 3799963
0.071716308593750 3800108
0.070800781250000 3799891
0.065246582031250 3800072
0.061889648437500 3800036
0.000000000000000 3800000
0.137207031250000 3800000
0.000000000000000 3799927
0.067810058593750 3799963
0.067687988281250 3800072
0.059997558593750 3800000
0.068054199218750 3799927
0.062622070312500 3800108
0.070800781250000 3800000
0.069396972656250 3799963
0.074157714843750 3796623
0.071289062500000 3800000
0.059570312500000 3799927
0.065795898437500 3800072
0.072631835937500 3800000
0.071350097656250 3800000
0.063781738281250 3799927
0.068176269531250 3800072
0.068908691406250 3800036
0.000000000000000 3799963
0.068420410156250 3800000
0.063293457031250 3800000
0.064575195312500 3800000
0.066406250000000 3793053
0.060607910156250 3799963
0.072265625000000 3796233
0.063903808593750 3789697
0.065246582031250 3800000
0.070739746093750 3800000
0.076232910156250 3800000
0.069946289062500 3800000
0.066833496093750 3800000
0.070373535156250 3800000
0.062622070312500 3800000
0.070739746093750 3800000
0.072326660156250 3800000
0.000000000000000 3800000
0.073181152343750 3800000
0.060546875000000 3799891
0.065002441406250 3800000
0.074768066406250 3800036
0.072814941406250 3800000
0.063903808593750 3800000
0.062500000000000 3800072
0.068847656250000 3799927
0.076171875000000 3800000
0.065185546875000 3800072
0.063781738281250 3800000
0.059509277343750 3800000
0.070434570312500 3799963
0.067565917968750 3796598
0.067260742187500 3800000
0.069030761718750 3799927
0.000000000000000 3800072
0.075500488281250 3800000
0.070312500000000 3800000
0.060058593750000 3800000
0.067565917968750 3800000
0.072021484375000 3788913
0.071960449218750 3786525
0.067199707031250 3800000
0.071777343750000 3800000
0.062927246093750 3800000
0.067382812500000 3796544
0.068176269531250 3799927
0.073120117187500 3800072
0.070129394531250 3800000
0.000000000000000 3799927
0.068420410156250 3800000
0.071411132812500 3800072
0.064575195312500 3796539
0.071289062500000 3800072
0.067138671875000 3799688
0.070617675781250 3789830
0.072448730468750 3799963
0.071960449218750 3800000
0.066894531250000 3800000
0.069641113281250 3800072
0.072875976562500 3799891
0.000000000000000 3800108
0.073364257812500 3800000
0.068908691406250 3800000
0.067199707031250 3800000
0.071228027343750 3791974
0.071411132812500 3793654
0.069824218750000 3800000
0.063354492187500 3799963
0.061340332031250 3800036
0.068298339843750 3800000
0.062377929687500 3800000
0.069885253906250 3795026
0.068237304687500 3797645
0.061767578125000 3800072
0.072448730468750 3800000
0.062683105468750 3799635
0.069091796875000 3796730
0.000000000000000 3798718
0.069396972656250 3799963
0.070068359375000 3800000
0.059448242187500 3800000
0.064270019531250 3799963
0.070373535156250 3794972
0.075012207031250 3794143
0.066894531250000 3799963
0.060913085937500 3800036
0.071838378906250 3800000
0.070373535156250 3800000
0.061767578125000 3800000
0.064331054687500 3796606
0.072692871093750 3800000
0.071228027343750 3800000
0.059753417968750 3800000
0.067626953125000 3800000
0.074401855468750 3800000
0.062744140625000 3793313
0.000000000000000 3799772
0.067810058593750 3800000
0.071411132812500 3800000
0.071105957031250 3800000
0.059753417968750 3799963
0.070495605468750 3800036
0.071594238281250 3800036
0.069763183593750 3799963
0.070922851562500 3800000
0.068603515625000 3800000
0.068359375000000 3800000
0.071838378906250 3800000
0.071960449218750 3800000
0.000000000000000 3800000
0.072082519531250 3796673
0.059692382812500 3803365
0.066528320312500 3800000
0.073547363281250 3799963
0.069763183593750 3800000
0.059814453125000 3800000
0.070129394531250 3800000
0.065795898437500 3800000
0.070556640625000 3800000
0.059631347656250 3800000
0.064575195312500 3800000
0.074523925781250 3799927
0.070983886718750 3800072
0.068725585937500 3800000
0.069335937500000 3800000
0.000000000000000 3800000
0.070678710937500 3800000
0.073364257812500 3800000
0.069519042968750 3800000
0.071960449218750 3800000
0.071655273437500 3800000
0.067626953125000 3800036
0.059814453125000 3799963
0.068725585937500 3800000
0.077758789062500 3980578
0.080566406250000 4000076
0.076110839843750 3999961
0.000000000000000 4000038
0.079528808593750 4000000
0.078186035156250 4000000
0.068847656250000 4000000
0.075988769531250 3999847
0.077575683593750 4000152
0.077758789062500 3999961
0.078491210937500 4000038
0.078308105468750 3999961
0.074584960937500 4000000
0.075500488281250 4000038
0.077636718750000 3996802
0.077697753906250 4003200
0.074829101562500 4000000
0.080200195312500 4000000
0.000000000000000 4000000
0.079284667968750 4000000
0.076660156250000 4000000
0.075561523437500 4000000
0.075134277343750 4000000
0.077941894531250 3999961
0.076293945312500 4000038
0.077697753906250 4000000
0.079284667968750 4000000
0.074951171875000 4000000
0.077758789062500 4000000
0.077331542968750 3999885
0.077819824218750 4000000
0.075195312500000 4000114
0.000000000000000 4000000
0.076782226562500 4000000
0.079833984375000 4000000
0.077148437500000 4000000
0.077331542968750 3999961
0.077880859375000 3999961
0.077575683593750 4000038
0.075988769531250 3999961
0.077880859375000 4000076
0.079284667968750 3999923
0.076049804687500 4000076
0.078796386718750 3999961
0.000000000000000 3999961
0.074707031250000 4000076
0.078674316406250 4000000
0.076049804687500 3999961
0.078674316406250 4000038
0.078308105468750 4000000
0.076904296875000 4000000
0.077453613281250 4000000
0.074401855468750 4000000
0.079772949218750 4000000
0.075561523437500 4000000
0.077270507812500 4000000
0.000000000000000 4000000
0.079528808593750 3999885
0.078491210937500 4000114
0.076171875000000 4000000
0.076354980468750 3999923
0.076049804687500 4000038
0.076782226562500 3999961
0.078796386718750 4000000
0.076354980468750 4000038
0.076782226562500 4000038
0.077758789062500 4000000
0.076354980468750 4000000
0.079589843750000 4000000
0.076293945312500 3999961
0.000000000000000 3999961
0.075744628906250 4000076
0.077514648437500 4000000
0.079223632812500 4000000
0.077087402343750 4000000
0.077087402343750 4000000
0.078063964843750 4000000
0.077087402343750 3999847
0.077819824218750 4000076
0.078063964843750 4000076
0.075256347656250 4000000
0.079467773437500 4000000
0.000000000000000 4000000
0.077514648437500 3999923
0.076477050781250 4000076
0.076293945312500 4000000
0.077880859375000 4000000
0.078796386718750 4000000
0.076049804687500 3999961
0.074829101562500 4000038
0.076721191406250 4000000
0.077209472656250 4000000
0.077148437500000 3999923
0.080017089843750 4000000
0.075561523437500 4000076
0.000000000000000 3999961
0.077819824218750 4000038
0.079284667968750 3999961
0.076171875000000 4000038
0.076232910156250 4000000
0.074523925781250 3999961
0.078247070312500 4000000
0.078063964843750 4000038
0.077331542968750 4000000
0.077270507812500 4000000
0.076904296875000 4000000
0.079223632812500 3999961
0.076965332031250 4000000
0.000000000000000 4000038
0.077514648437500 3999961
0.076782226562500 4000000
0.079284667968750 4000038
0.077880859375000 4000000
0.075622558593750 3999880
0.077026367187500 4000038
0.074523925781250 4000038
0.077758789062500 4000038
0.077392578125000 4000000
0.077209472656250 4000000
0.076232910156250 4000000
0.077331542968750 3999923
0.000000000000000 4000076
0.077880859375000 4000000
0.074707031250000 4000000
0.076538085937500 4000000
0.077819824218750 4000000
0.078186035156250 3999961
0.078735351562500 4000038
0.076232910156250 4000038
0.075988769531250 3999961
0.075012207031250 4000000
0.078002929687500 3999923
0.075988769531250 3997867
0.079101562500000 4002095
0.076477050781250 4000076
0.068176269531250 4000000
0.000000000000000 4000038
0.078552246093750 4000000
0.075134277343750 4000000
0.076293945312500 3999923
0.076660156250000 4000000
0.078918457031250 4000076
0.074584960937500 4000000
0.078491210937500 3999923
0.078063964843750 4000076
0.076660156250000 3999961
0.078369140625000 4000038
0.077392578125000 4000000
0.076721191406250 4000000
0.000000000000000 3999961
0.155395507812500 4000019
0.076965332031250 4000000
0.074768066406250 3924836
0.075927734375000 3800036
0.074645996093750 3800000
0.064086914062500 3800000
0.071777343750000 3796614
0.064086914062500 3789285
0.072326660156250 3788096
0.065124511718750 3785224
0.073425292968750 3792559
0.069458007812500 3796346
0.073059082031250 3800036
0.071838378906250 3788800
0.063842773437500 3792966
0.072021484375000 3795976
0.072204589843750 3794024
0.000000000000000 3783262
0.070495605468750 3783406
0.074890136718750 3789843
0.071960449218750 3791762
0.071472167968750 3784254
0.071472167968750 3793691
0.072570800781250 3783298
0.073669433593750 3789556
0.071533203125000 3795073
0.071960449218750 3793238
0.072448730468750 3794005
0.073364257812500 3788088
0.072265625000000 3795729
0.000000000000000 3788799
0.070495605468750 3800036
0.072021484375000 3796584
0.072265625000000 3794952
0.075073242187500 3800000
0.072753906250000 3800000
0.070251464843750 3800000
0.073425292968750 3800000
0.071472167968750 3800000
0.073364257812500 3800036
0.070495605468750 3798843
0.075866699218750 3786870
0.000000000000000 3796630
0.073181152343750 3800000
0.074707031250000 3792443
0.072021484375000 3800036
0.071960449218750 3784980
0.063476562500000 3783334
0.073669433593750 3794486
0.070800781250000 3792616
0.074157714843750 3788909
0.072998046875000 3797712
0.072082519531250 3800000
0.073852539062500 3800000
0.073486328125000 3800000
0.071655273437500 3800000
0.000000000000000 3800000
0.073303222656250 3800000
0.075195312500000 3796022
0.071777343750000 3791696
0.073120117187500 3795160
0.071594238281250 3800000
0.073974609375000 3797457
0.071472167968750 3783332
0.073303222656250 3791522
0.072875976562500 3800000
0.071533203125000 3800000
0.072875976562500 3800000
0.000000000000000 3799963
0.070861816406250 3800036
0.072937011718750 3798238
0.070739746093750 3793926
0.074951171875000 3792818
0.072937011718750 3798210
0.070434570312500 3798662
0.073608398437500 3797194
0.071105957031250 3789863
0.065124511718750 3799016
0.070739746093750 3797201
0.072631835937500 3789865
0.073730468750000 3784750
0.071350097656250 3793925
0.000000000000000 3787889
0.072570800781250 3799891
0.071594238281250 3800000
0.072387695312500 3799934
0.073425292968750 3794478
0.064453125000000 3789046
0.070251464843750 3797791
0.072937011718750 3789214
0.070983886718750 3787383
0.071716308593750 3783332
0.073059082031250 3794294
0.071228027343750 3800000
0.072204589843750 3789287
0.070495605468750 3783335
0.073486328125000 3795365
0.000000000000000 3800036
0.072753906250000 3799963
0.071228027343750 3800000
0.072570800781250 3800000
0.072204589843750 3800000
0.073486328125000 3800000
0.073059082031250 3799428
0.071838378906250 3794717
0.074462890625000 3783441
0.063903808593750 3783296
0.072570800781250 3788552
0.075134277343750 3800000
0.072875976562500 3798705
0.000000000000000 3799927
0.072204589843750 3794211
0.074645996093750 3800000
0.074951171875000 3800000
0.070861816406250 3796674
0.071777343750000 3803329
0.072753906250000 3800000
0.071472167968750 3800000
0.073669433593750 3799927
0.072265625000000 3797628
0.072509765625000 3788882
0.074096679687500 3797458
0.000000000000000 3792072
0.072265625000000 3792401
0.070373535156250 3792709
0.064025878906250 3783332
0.072570800781250 3799972
0.073486328125000 3800000
0.070922851562500 3800000
0.072814941406250 3800000
0.070068359375000 3800000
0.074523925781250 3800000
0.063659667968750 3800000
0.071411132812500 3799927
0.075256347656250 3794152
0.072082519531250 3795067
0.073303222656250 3800000
0.000000000000000 3792952
0.075378417968750 3788479
0.070373535156250 3800036
0.073974609375000 3800000
0.073791503906250 3800000
0.073181152343750 3799963
0.071044921875000 3800036
0.075256347656250 3800000
0.073364257812500 3799963
0.071289062500000 3800036
0.073791503906250 3800000
0.071289062500000 3800000
0.000000000000000 3800000
0.072448730468750 3799963
0.074645996093750 3800036
0.072875976562500 3799963
0.073364257812500 3797910
0.070922851562500 3783335
0.073120117187500 3791319
0.071105957031250 3785378
0.073181152343750 3783298
0.071411132812500 3786746
0.072937011718750 3796556
0.063903808593750 3785609
0.072326660156250 3794743
0.071960449218750 3796928
0.000000000000000 3792458
0.072570800781250 3800000
0.073913574218750 3799963
0.071105957031250 3796613
0.072875976562500 3796740
0.073486328125000 3800000
0.072082519531250 3797858
0.064880371093750 3800036
0.070800781250000 3800000
0.073364257812500 3800000
0.070983886718750 3799963
0.071960449218750 3800036
0.071899414062500 3800000
0.073547363281250 3796508
0.071411132812500 3799963
0.000000000000000 3800000
0.070007324218750 3800000
0.073242187500000 3800000
0.072082519531250 3789702
0.070983886718750 3799891
0.072082519531250 3800072
0.073486328125000 3800000
0.074157714843750 3800000
0.071289062500000 3799963
0.071472167968750 3800036
0.071716308593750 3800000
0.063598632812500 3800000
0.069274902343750 3800000
0.063720703125000 3800000
0.070678710937500 3800000
0.075134277343750 3800000
0.000000000000000 3799114
0.076477050781250 3789793
0.070739746093750 3787515
0.073608398437500 3798692
0.073608398437500 3784790
0.073974609375000 3789118
0.073974609375000 3789016
0.070434570312500 3794722
0.073974609375000 3789456
0.063659667968750 3787869
0.072753906250000 3795400
0.071655273437500 3788499
0.072814941406250 3797240
0.000000000000000 3800000
0.134948730468750 3800000
0.000000000000000 3800000
0.069641113281250 3800000
0.074707031250000 3796112
0.072753906250000 3800000
0.072326660156250 3796511
0.073730468750000 3783260
0.073608398437500 3791006
0.072204589843750 3799927
0.073181152343750 3800072
0.073730468750000 3800000
0.072143554687500 3800000
0.070861816406250 3800036
0.000000000000000 3799963
0.073913574218750 3798748
0.071594238281250 3788909
0.063842773437500 3799927
0.070617675781250 3800036
0.072448730468750 3800036
0.072021484375000 3800000
0.071350097656250 3800036
0.073730468750000 3799316
0.073364257812500 3786799
0.071899414062500 3800000
0.071899414062500 3794196
0.072692871093750 3798082
0.071105957031250 3800000
0.071472167968750 3799963
0.000000000000000 3796634
0.071411132812500 3800000
0.073486328125000 3800000
0.072875976562500 3800000
0.070739746093750 3800000
0.075195312500000 3800036
0.073547363281250 3799927
0.070861816406250 3799963
0.071716308593750 3800072
0.072326660156250 3800000
0.075500488281250 3800000
0.071533203125000 3800000
0.000000000000000 3800000
0.073364257812500 3799927
0.071838378906250 3800108
0.070922851562500 3799963
0.072875976562500 3788988
0.071472167968750 3800072
0.071594238281250 3789431
0.072387695312500 3800036
0.072753906250000 3799927
0.073913574218750 3800036
0.070129394531250 3799963
0.074401855468750 3789287
0.000000000000000 3796690
0.073242187500000 3791220
0.070861816406250 3795317
0.074218750000000 3793666
0.072326660156250 3788929
0.071472167968750 3797658
0.069396972656250 3797549
0.072326660156250 3798929
0.071960449218750 3791887
0.073303222656250 3791768
0.071838378906250 3790313
0.074218750000000 3792465
0.072387695312500 3787993
0.000000000000000 3783337
0.072143554687500 3786246
0.071838378906250 3800072
0.071289062500000 3795848
0.074096679687500 3788859
0.072448730468750 3800000
0.074157714843750 3788105
0.071289062500000 3795391
0.070068359375000 3790297
0.074035644531250 3795303
0.072082519531250 3800000
0.072204589843750 3786537
0.071533203125000 3791224
0.000000000000000 3786398
0.073364257812500 3784229
0.072509765625000 3789445
0.070861816406250 3790918
0.073486328125000 3786994
0.071655273437500 3793764
0.072814941406250 3791495
0.071777343750000 3792745
0.074218750000000 3790421
0.074401855468750 3786957
0.072998046875000 3786987
0.071716308593750 3797457
0.000000000000000 3784410
0.071472167968750 3800000
0.073730468750000 3799244
0.070129394531250 3789666
0.072753906250000 3787312
0.072265625000000 3787204
0.071899414062500 3797934
0.073364257812500 3800000
0.071838378906250 3792825
0.073059082031250 3791781
0.069824218750000 3799023
0.073425292968750 3795604
0.073608398437500 3800000
0.000000000000000 3794846
0.072509765625000 3800000
0.072082519531250 3795994
0.070556640625000 3792702
0.071594238281250 3790462
0.071716308593750 3786613
0.073120117187500 3800000
0.071838378906250 3789815
0.070495605468750 3786282
0.073242187500000 3791496
0.073242187500000 3784414
0.070922851562500 3800000
0.070983886718750 3800000
0.000000000000000 3800000
0.073364257812500 3800000
0.074218750000000 3800000
0.071228027343750 3800000
0.072326660156250 3797974
0.071594238281250 3795410
0.071105957031250 3797852
0.072875976562500 3797444
0.070861816406250 3792092
0.071105957031250 3788852
0.071350097656250 3791536
0.074218750000000 3783299
0.069030761718750 3783370
0.074768066406250 3797128
0.000000000000000 3792414
0.070800781250000 3785318
0.071716308593750 3791412
0.073852539062500 3788872
0.071777343750000 3798680
0.071044921875000 3788909
0.070678710937500 3792312
0.073852539062500 3783261
0.071472167968750 3787902
0.072387695312500 3789014
0.072082519531250 3783335
0.070861816406250 3783260
0.072937011718750 3783333
0.069763183593750 3785113
0.000000000000000 3792778
0.071655273437500 3791799
0.072082519531250 3799963
0.075317382812500 3797932
0.070617675781250 3800000
0.073059082031250 3799075
0.070861816406250 3788885
0.071716308593750 3783368
0.074523925781250 3783406
0.071228027343750 3794542
0.073364257812500 3789509
0.070861816406250 3792234
0.000000000000000 3794038
0.075317382812500 3788751
0.071838378906250 3789219
0.072692871093750 3799767
0.072387695312500 3783408
0.069458007812500 3794532
0.064941406250000 3800000
0.074707031250000 3788965
0.074584960937500 3783372
0.071594238281250 3791012
0.072387695312500 3798445
0.072937011718750 3797249
0.070190429687500 3800000
0.073242187500000 3789427
0.000000000000000 3794571
0.071350097656250 3788083
0.076232910156250 3793560
0.073486328125000 3783409
0.070556640625000 3793529
0.072143554687500 3795098
0.071838378906250 3783334
0.071594238281250 3795167
0.069763183593750 3798217
0.072998046875000 3796906
0.073730468750000 3798420
0.074096679687500 3793820
0.071166992187500 3792867
0.000000000000000 3788274
0.071899414062500 3783330
0.073791503906250 3794154
0.073242187500000 3800036
0.073730468750000 3799927
0.064636230468750 3797530
0.071716308593750 3800000
0.072082519531250 3796210
0.074951171875000 3800000
0.072692871093750 3800000
0.071166992187500 3800000
0.072998046875000 3797661
0.066772460937500 3791585
0.070922851562500 3800036
0.000000000000000 3800000
0.072387695312500 3800000
0.071105957031250 3800000
0.074462890625000 3799927
0.071960449218750 3796151
0.069213867187500 3800000
0.070007324218750 3793412
0.071289062500000 3799891
0.072814941406250 3800108
0.067626953125000 3799963
0.072692871093750 3800036
0.000000000000000 3799963
0.070312500000000 3800036
0.059753417968750 3799927
0.068298339843750 3800072
0.066284179687500 3794425
0.072448730468750 3798157
0.061767578125000 3798435
0.061157226562500 3800000
0.069580078125000 3788589
0.059753417968750 3795522
0.069335937500000 3798526
0.072692871093750 3796067
0.071105957031250 3795727
0.070800781250000 3783228
0.070068359375000 3783439
0.067077636718750 3788640
0.069763183593750 3796549
0.000000000000000 3786066
0.072326660156250 3789509
0.061706542968750 3795364
0.067871093750000 3784798
0.073059082031250 3786627
0.064697265625000 3800036
0.067504882812500 3799963
0.069396972656250 3790096
0.067626953125000 3798748
0.062194824218750 3798911
0.069885253906250 3800000
0.059448242187500 3799963
0.069030761718750 3799963
0.073852539062500 3800072
0.062622070312500 3799963
0.067810058593750 3798387
0.068969726562500 3783332
0.071472167968750 3785744
0.062561035156250 3800000
0.000000000000000 3794282
0.067504882812500 3800072
0.072143554687500 3799963
0.074035644531250 3800072
0.068542480468750 3800000
0.060485839843750 3795018
0.066772460937500 3796681
0.072326660156250 3797298
0.071899414062500 3787085
0.140197753906250 3795241
0.068542480468750 3799963
0.073547363281250 3800036
0.070556640625000 3800000
0.059204101562500 3800000
0.065734863281250 3800000
0.061706542968750 3799963
0.071166992187500 3788882
0.072021484375000 3797588
0.070861816406250 3793846
0.070434570312500 3797352
0.070434570312500 3786958
0.000000000000000 3790108
0.070617675781250 3792593
0.063476562500000 3797039
0.066589355468750 3800036
0.070312500000000 3786613
0.074645996093750 3792612
0.073303222656250 3783330
0.059326171875000 3783336
0.066955566406250 3783333
0.069091796875000 3798384
0.070922851562500 3786145
0.063049316406250 3786857
0.069213867187500 3783258
0.070129394531250 3783407
0.062500000000000 3790286
0.071350097656250 3800000
0.000000000000000 3799963
0.068847656250000 3800036
0.067871093750000 3800000
0.071960449218750 3799963
0.070739746093750 3795783
0.072326660156250 3786891
0.068542480468750 3793692
0.070129394531250 3798803
0.071838378906250 3800000
0.066711425781250 3800036
0.061767578125000 3799927
0.072753906250000 3800036
0.000000000000000 3800000
0.130737304687500 3800000
0.000000000000000 3800036
0.069030761718750 3799963
0.072570800781250 3800000
0.072082519531250 3800000
0.062438964843750 3800000
0.065795898437500 3800000
0.059936523437500 3800000
0.068542480468750 3800000
0.072570800781250 3800000
0.072814941406250 3800000
0.070251464843750 3800000
0.067687988281250 3800036
0.071899414062500 3799963
0.070739746093750 3800000
0.000000000000000 3799963
0.069152832031250 3800036
0.074157714843750 3800000
0.071594238281250 3800000
0.059387207031250 3800000
0.069274902343750 3798464
0.073547363281250 3796250
0.062622070312500 3793745
0.067260742187500 3783403
0.073120117187500 3783297
0.071838378906250 3794559
0.067321777343750 3796213
0.062133789062500 3800000
0.073059082031250 3795650
0.000000000000000 3798103
0.069641113281250 3786854
0.069030761718750 3797683
0.069763183593750 3800036
0.062011718750000 3800000
0.071777343750000 3799927
0.068969726562500 3800072
0.072998046875000 3800000
0.072387695312500 3800000
0.070678710937500 3800036
0.059143066406250 3799891
0.070251464843750 3799963
0.067565917968750 3800036
0.000000000000000 3800072
0.068664550781250 3799891
0.073181152343750 3800108
0.062500000000000 3800000
0.069335937500000 3800000
0.071411132812500 3799963
0.073059082031250 3800000
0.068115234375000 3800000
0.061401367187500 3800036
0.071350097656250 3797761
0.072570800781250 3796609
0.067504882812500 3795675
0.070739746093750 3794548
0.000000000000000 3783295
0.072814941406250 3787323
0.067382812500000 3799891
0.067382812500000 3800072
0.073608398437500 3800000
0.063964843750000 3800000
0.071350097656250 3800000
0.070251464843750 3800000
0.068298339843750 3799963
0.070556640625000 3800036
0.071166992187500 3791150
0.072265625000000 3797835
0.071044921875000 3791022
0.000000000000000 3789254
0.067138671875000 3800000
0.069458007812500 3800000
0.069824218750000 3796520
0.073425292968750 3800000
0.062133789062500 3795790
0.068603515625000 3797160
0.072021484375000 3800000
0.071594238281250 3800000
0.068054199218750 3799927
0.072631835937500 3793013
0.000000000000000 3800000
0.067626953125000 3800036
0.071350097656250 3796519
0.071716308593750 3800036
0.059448242187500 3800000
0.070129394531250 3800000
0.072021484375000 3800000
0.073364257812500 3796602
0.067199707031250 3791471
0.070556640625000 3783849
0.067993164062500 3800036
0.073425292968750 3799963
0.068664550781250 3799963
0.000000000000000 3800036
0.068176269531250 3793051
0.062805175781250 3799963
0.120727539062500 3799963
0.000000000000000 3799963
0.072387695312500 3800108
0.062988281250000 3800000
0.070434570312500 3799963
0.070007324218750 3800072
0.067932128906250 3799963
0.063049316406250 3800000
0.062438964843750 3799963
0.059997558593750 3800036
0.067565917968750 3800000
0.073425292968750 3800036
0.071960449218750 3799891
0.068542480468750 3796595
0.071533203125000 3796645
0.069763183593750 3796067
0.059631347656250 3799963
0.066711425781250 3800036
0.063964843750000 3799390
0.073547363281250 3797164
0.000000000000000 3791251
0.068908691406250 3795195
0.062133789062500 3800000
0.062500000000000 3796995
0.067871093750000 3786868
0.071411132812500 3798564
0.061523437500000 3800000
0.067565917968750 3800000
0.060607910156250 3800000
0.069519042968750 3800000
0.072631835937500 3799356
0.069030761718750 3783335
0.072448730468750 3796232
0.073303222656250 3799732
0.072204589843750 3800000
0.059631347656250 3796926
0.067199707031250 3790332
0.070068359375000 3791609
0.000000000000000 3799963
0.069519042968750 3799927
0.071533203125000 3792975
0.072021484375000 3800072
0.059570312500000 3800000
0.062438964843750 3796026
0.071289062500000 3795411
0.067504882812500 3800072
0.073669433593750 3800000
0.062683105468750 3799891
0.058715820312500 3799098
0.071777343750000 3783827
0.070373535156250 3799927
0.066284179687500 3800000
0.062805175781250 3800072
0.070617675781250 3789509
0.069519042968750 3796113
0.000000000000000 3800000
0.073486328125000 3796472
0.123962402343750 3793333
0.000000000000000 3800036
0.069396972656250 3799963
0.068115234375000 3800072
0.071960449218750 3798205
0.063476562500000 3783335
0.066406250000000 3788695
0.069152832031250 3800000
0.070373535156250 3794094
0.071533203125000 3799595
0.069580078125000 3800000
0.059936523437500 3800000
0.063720703125000 3800000
0.067626953125000 3791509
0.060180664062500 3797871
0.068725585937500 3800000
0.062622070312500 3794853
0.061767578125000 3790586
0.062744140625000 3800000
0.063415527343750 3800000
0.077148437500000 3800036
0.067443847656250 3799963
0.063476562500000 3800000
0.000000000000000 3800000
0.072937011718750 3800000
0.065124511718750 3788496
0.065734863281250 3797012
0.065856933593750 3800108
0.063903808593750 3793363
0.063964843750000 3800036
0.068603515625000 3792988
0.077636718750000 3799963
0.063232421875000 3800036
0.067138671875000 3793159
0.069641113281250 3800000
0.065307617187500 3799927
0.074768066406250 3800072
0.066406250000000 3799773
0.066955566406250 3796841
0.067871093750000 3800000
0.000000000000000 3800000
0.072082519531250 3800000
0.070861816406250 3800000
0.059631347656250 3800000
0.062744140625000 3800036
0.069274902343750 3799855
0.066528320312500 3800036
0.061950683593750 3800072
0.072082519531250 3797722
0.063781738281250 3792362
0.068542480468750 3799891
0.069030761718750 3800108
0.068481445312500 3799927
0.069274902343750 3800000
0.063720703125000 3797161
0.071166992187500 3800000
0.069580078125000 3800000
0.068115234375000 3800108
0.065368652343750 3799963
0.068847656250000 3800000
0.000000000000000 3800000
0.068664550781250 3800000
0.062500000000000 3800000
0.072082519531250 3800000
0.058898925781250 3800000
0.072692871093750 3799963
0.071411132812500 3800036
0.070495605468750 3799891
0.069946289062500 3800108
0.073242187500000 3799927
0.070373535156250 3800000
0.068420410156250 3800072
0.068542480468750 3799891
0.062622070312500 3800108
0.000000000000000 3797502
0.069702148437500 3799094
0.068420410156250 3800000
0.059387207031250 3796763
0.071228027343750 3785849
0.061950683593750 3795560
0.067626953125000 3796584
0.062316894531250 3800000
0.069946289062500 3799963
0.060363769531250 3800036
0.071044921875000 3800000
0.063842773437500 3800000
0.070983886718750 3800000
0.070373535156250 3800000
0.069030761718750 3800000
0.071777343750000 3800000
0.067199707031250 3800000
0.066162109375000 3800036
0.060302734375000 3799963
0.067565917968750 3800000
0.000000000000000 3800000
0.074645996093750 3798464
0.073913574218750 3791146
0.072204589843750 3796092
0.062988281250000 3783371
0.061340332031250 3795572
0.069335937500000 3800000
0.072021484375000 3799333
0.061523437500000 3800000
0.070251464843750 3800000
0.072082519531250 3796041
0.062683105468750 3793482
0.069702148437500 3800000
0.059814453125000 3800000
0.062927246093750 3799927
0.061950683593750 3797666
0.066406250000000 3795539
0.074035644531250 3800000
0.070251464843750 3800000
0.000000000000000 3800000
0.067749023437500 3800000
0.072387695312500 3800000
0.070373535156250 3800000
0.061218261718750 3799927
0.071350097656250 3792587
0.063720703125000 3783369
0.066345214843750 3789305
0.071472167968750 3798606
0.074401855468750 3794307
0.068908691406250 3800000
0.060241699218750 3799927
0.066955566406250 3800036
0.063171386718750 3800036
0.068908691406250 3800036
0.067993164062500 3789169
0.071594238281250 3783334
0.061523437500000 3789465
0.000000000000000 3798305
0.071228027343750 3799927
0.072082519531250 3800000
0.061462402343750 3796349
0.067871093750000 3800072
0.064025878906250 3800036
0.069458007812500 3800000
0.068725585937500 3799963
0.071105957031250 3800000
0.063171386718750 3796776
0.059143066406250 3799819
0.069030761718750 3800000
0.062377929687500 3800000
0.070068359375000 3800000
0.059204101562500 3800000
0.072448730468750 3799927
0.061340332031250 3800036
0.066589355468750 3799963
0.073425292968750 3800000
0.071777343750000 3800000
0.070373535156250 3800108
0.000000000000000 3799891
0.070068359375000 3800000
0.070556640625000 3800000
0.062133789062500 3800000
0.069396972656250 3800000
0.072448730468750 3800000
0.070983886718750 3800072
0.070129394531250 3799927
0.062377929687500 3792958
0.071594238281250 3800000
0.070251464843750 3800036
0.068237304687500 3799927
0.067932128906250 3800036
0.000000000000000 3800000
0.069274902343750 3800000
0.073669433593750 3800000
0.072753906250000 3800000
0.067138671875000 3799927
0.074218750000000 3800072
0.071594238281250 3800000
0.059753417968750 3795526
0.063720703125000 3791373
0.069458007812500 3796073
0.063354492187500 3799963
0.072021484375000 3800108
0.069335937500000 3793009
0.068298339843750 3796821
0.062744140625000 3800000
0.000000000000000 3799891
0.071777343750000 3800108
0.069335937500000 3799855
0.070617675781250 3800108
0.063842773437500 3800036
0.068786621093750 3799963
0.066528320312500 3800000
0.062377929687500 3800036
0.069396972656250 3798155
0.059448242187500 3799963
0.068115234375000 3796131
0.072631835937500 3800036
0.070434570312500 3796848
0.061035156250000 3800000
0.070312500000000 3799963
0.071411132812500 3800036
0.072448730468750 3800000
0.059204101562500 3800000
0.000000000000000 3799891
0.069335937500000 3800108
0.072265625000000 3799693
0.063537597656250 3786898
0.067687988281250 3790213
0.072875976562500 3788939
0.071350097656250 3799304
0.066528320312500 3785520
0.072326660156250 3796247
0.071716308593750 3791678
0.071350097656250 3783334
0.059692382812500 3794415
0.069335937500000 3795623
0.071105957031250 3797434
0.000000000000000 3800036
0.130615234375000 3800000
0.000000000000000 3800036
0.068786621093750 3800000
0.071289062500000 3800000
0.072937011718750 3799963
0.071777343750000 3800036
0.060241699218750 3799855
0.068908691406250 3800036
0.062011718750000 3800108
0.067260742187500 3800000
0.072937011718750 3800000
0.070800781250000 3800000
0.070434570312500 3800000
0.069030761718750 3799891
0.000000000000000 3790181
0.067749023437500 3786718
0.063293457031250 3799963
0.072509765625000 3800036
0.070678710937500 3799963
0.067687988281250 3792984
0.060852050781250 3792321
0.067932128906250 3799927
0.068847656250000 3800072
0.073730468750000 3800000
0.072021484375000 3800000
0.059387207031250 3788708
0.072265625000000 3783405
0.071105957031250 3790024
0.068359375000000 3799963
0.000000000000000 3800072
0.073120117187500 3800036
0.073059082031250 3796696
0.070495605468750 3795465
0.067810058593750 3783368
0.068176269531250 3795054
0.069763183593750 3800072
0.071960449218750 3799927
0.070068359375000 3800072
0.072143554687500 3800000
0.067810058593750 3799927
0.000000000000000 3800072
0.070251464843750 3800000
0.072265625000000 3800000
0.072326660156250 3800000
0.068176269531250 3800000
0.063354492187500 3800036
0.069396972656250 3799927
0.069152832031250 3800036
0.072265625000000 3800000
0.069580078125000 3800000
0.068908691406250 3799927
0.071777343750000 3800072
0.061950683593750 3800000
0.000000000000000 3793161
0.071044921875000 3791787
0.067626953125000 3798006
0.062255859375000 3790418
0.072143554687500 3794536
0.059814453125000 3786916
0.070495605468750 3797696
0.069824218750000 3800036
0.067871093750000 3800000
0.073364257812500 3799963
0.075073242187500 3800036
0.070739746093750 3800000
0.060180664062500 3799963
0.068786621093750 3800036
0.062255859375000 3800000
0.072692871093750 3800000
0.060180664062500 3800000
0.000000000000000 3800000
0.069763183593750 3800000
0.071472167968750 3799927
0.070251464843750 3800108
0.059448242187500 3799927
0.059936523437500 3800000
0.071228027343750 3793080
0.071960449218750 3795420
0.067565917968750 3800000
0.073425292968750 3800036
0.071655273437500 3799963
0.068115234375000 3798631
0.071838378906250 3790906
0.062622070312500 3799963
0.059509277343750 3800000
0.070251464843750 3800036
0.068359375000000 3800000
0.000000000000000 3800000
0.070190429687500 3800000
0.071594238281250 3800036
0.073120117187500 3794612
0.070312500000000 3796932
0.066162109375000 3800000
0.073486328125000 3800000
0.072937011718750 3800036
0.069152832031250 3799963
0.071105957031250 3800000
0.000000000000000 3800000
0.073425292968750 3799963
0.071777343750000 3799963
0.071044921875000 3800072
0.067260742187500 3800000
0.069335937500000 3800000
0.072204589843750 3800000
0.071960449218750 3799963
0.068237304687500 3800036
0.067382812500000 3800000
0.060791015625000 3800000
0.071899414062500 3800000
0.062744140625000 3800000
0.000000000000000 3800000
0.070800781250000 3800000
0.067993164062500 3799927
0.063354492187500 3799963
0.069885253906250 3800108
0.068664550781250 3800000
0.071472167968750 3800036
0.064208984375000 3799855
0.059448242187500 3800036
0.068542480468750 3800000
0.072692871093750 3800072
0.070556640625000 3800000
0.063110351562500 3799927
0.070068359375000 3800000
0.058715820312500 3800036
0.070373535156250 3800036
0.072875976562500 3800036
0.067626953125000 3799963
0.000000000000000 3800000
0.073303222656250 3784857
0.063842773437500 3783259
0.071350097656250 3783371
0.059753417968750 3791870
0.068420410156250 3800000
0.072265625000000 3796492
0.070434570312500 3800000
0.060424804687500 3800000
0.074829101562500 3799128
0.070800781250000 3797207
0.069702148437500 3800000
0.066833496093750 3796612
0.063415527343750 3797971
0.070556640625000 3800000
0.058898925781250 3800000
0.071594238281250 3800000
0.063415527343750 3800000
0.000000000000000 3800000
0.070007324218750 3800000
0.068420410156250 3800000
0.074645996093750 3800000
0.069396972656250 3798986
0.059509277343750 3797601
0.067504882812500 3798002
0.072998046875000 3783333
0.071166992187500 3786156
0.068603515625000 3799963
0.071044921875000 3800072
0.069824218750000 3800000
0.059692382812500 3800000
0.071166992187500 3784752
0.061889648437500 3783330
0.000000000000000 3796933
0.066894531250000 3793108
0.070129394531250 3800000
0.073913574218750 3799927
0.071716308593750 3800036
0.067871093750000 3794590
0.069274902343750 3791527
0.072570800781250 3800000
0.069396972656250 3800000
0.060913085937500 3800000
0.071044921875000 3800000
0.071166992187500 3793879
0.000000000000000 3800000
0.131469726562500 3799891
0.000000000000000 3800072
0.071594238281250 3800036
0.067565917968750 3800000
0.073425292968750 3800000
0.073669433593750 3800000
0.060302734375000 3800000
0.071472167968750 3800000
0.071228027343750 3800000
0.059814453125000 3799927
0.071350097656250 3800108
0.062988281250000 3799855
0.068664550781250 3800000
0.068542480468750 3800036
0.073120117187500 3800036
0.000000000000000 3799963
0.071777343750000 3800072
0.067138671875000 3800000
0.070556640625000 3800000
0.063659667968750 3800000
0.069091796875000 3799927
0.067382812500000 3793129
0.073791503906250 3799963
0.072753906250000 3798476
0.067687988281250 3788276
0.071105957031250 3784462
0.073852539062500 3796901
0.000000000000000 3795680
0.067443847656250 3800000
0.068908691406250 3800000
0.062255859375000 3800000
0.072692871093750 3800000
0.069946289062500 3800036
0.068054199218750 3799963
0.059997558593750 3800000
0.059753417968750 3796227
0.071777343750000 3783334
0.070312500000000 3799367
0.059265136718750 3798193
0.075134277343750 3794770
0.061706542968750 3800000
0.067932128906250 3800000
0.067321777343750 3800000
0.073364257812500 3800000
0.069519042968750 3800036
0.059143066406250 3799963
0.071411132812500 3800000
0.000000000000000 3800000
0.072875976562500 3799927
0.059082031250000 3800000
0.069274902343750 3800108
0.070312500000000 3800000
0.071655273437500 3800000
0.063232421875000 3799963
0.067687988281250 3800000
0.069213867187500 3800000
0.068481445312500 3799963
0.070678710937500 3800036
0.073181152343750 3799927
0.069519042968750 3800072
0.000000000000000 3799927
0.069335937500000 3800072
0.070983886718750 3799963
0.070922851562500 3800036
0.070556640625000 3800000
0.061340332031250 3800000
0.064086914062500 3800000
0.070678710937500 3800000
0.059570312500000 3800036
0.068237304687500 3799963
0.068542480468750 3800000
0.068115234375000 3799891
0.071166992187500 3800036
0.076110839843750 3800036
0.072814941406250 3799927
0.000000000000000 3800108
0.068969726562500 3799927
0.067626953125000 3800108
0.068237304687500 3799963
0.071838378906250 3800000
0.063232421875000 3799927
0.070495605468750 3800108
0.067932128906250 3800000
0.070373535156250 3800000
0.071289062500000 3799963
0.072265625000000 3800000
0.066894531250000 3800000
0.000000000000000 3800000
0.073486328125000 3800000
0.065429687500000 3800000
0.068420410156250 3800000
0.070068359375000 3800000
0.066345214843750 3800000
0.062866210937500 3800000
0.070190429687500 3800000
0.068359375000000 3800000
0.073059082031250 3800000
0.071472167968750 3800000
0.061096191406250 3800000
0.069580078125000 3799963
0.069213867187500 3800036
0.071350097656250 3800000
0.061828613281250 3800000
0.068054199218750 3800000
0.000000000000000 3800000
0.074157714843750 3800036
0.069702148437500 3799963
0.066650390625000 3800000
0.063415527343750 3800000
0.069885253906250 3800000
0.059448242187500 3800000
0.068786621093750 3799927
0.073669433593750 3800072
0.073791503906250 3800000
0.070495605468750 3800000
0.062927246093750 3800000
0.066406250000000 3799927
0.067260742187500 3800072
0.070190429687500 3800000
0.000000000000000 3799927
0.073974609375000 3800000
0.071472167968750 3800036
0.061706542968750 3800036
0.069946289062500 3800000
0.068176269531250 3800000
0.073181152343750 3800000
0.067810058593750 3799891
0.059387207031250 3800108
0.072875976562500 3799891
0.061645507812500 3800108
0.066223144531250 3800000
0.064025878906250 3799927
0.075500488281250 3800072
0.068969726562500 3800000
0.059020996093750 3800036
0.068054199218750 3799963
0.061584472656250 3800000
0.070190429687500 3799927
0.061889648437500 3800036
0.000000000000000 3800036
0.067687988281250 3800000
0.071228027343750 3799855
0.074279785156250 3800144
0.071289062500000 3800000
0.059082031250000 3800000
0.067749023437500 3800000
0.060668945312500 3800000
0.071716308593750 3800000
0.070922851562500 3800000
0.067199707031250 3799927
0.073791503906250 3800072
0.062744140625000 3800000
0.067321777343750 3800036
0.068298339843750 3799891
0.071960449218750 3800000
0.000000000000000 3800072
0.073669433593750 3799927
0.067321777343750 3800108
0.073242187500000 3799963
0.061706542968750 3800000
0.068420410156250 3799927
0.062622070312500 3800000
0.069458007812500 3800072
0.068115234375000 3800000
0.067687988281250 3800000
0.062500000000000 3800000
0.069396972656250 3800000
0.062072753906250 3800000
0.070434570312500 3800000
0.059570312500000 3800000
0.070251464843750 3799963
0.071044921875000 3800072
0.073425292968750 3799963
0.000000000000000 3800000
0.068359375000000 3800000
0.069396972656250 3800000
0.073913574218750 3800000
0.071594238281250 3800000
0.070800781250000 3800000
0.069458007812500 3800000
0.064392089843750 3800000
0.058898925781250 3799927
0.210327148437500 3800000
0.069824218750000 3800072
0.071228027343750 3800000
0.071960449218750 3800000
0.065612792968750 3800000
0.063781738281250 3799927
0.072387695312500 3799963
0.067565917968750 3800036
0.073669433593750 3800072
0.072204589843750 3799927
0.000000000000000 3800072
0.069396972656250 3799927
0.070617675781250 3800072
0.072753906250000 3800000
0.072082519531250 3799927
0.061645507812500 3800000
0.066223144531250 3800000
0.067565917968750 3800000
0.071716308593750 3800000
0.073303222656250 3800072
0.059997558593750 3800000
0.068542480468750 3799927
0.069030761718750 3800072
0.074035644531250 3800000
0.000000000000000 3799927
0.128540039062500 3800072
0.000000000000000 3799891
0.067749023437500 3800000
0.069030761718750 3800036
0.062255859375000 3800072
0.071899414062500 3800000
0.067199707031250 3800000
0.062011718750000 3799927
0.074218750000000 3800072
0.070922851562500 3800000
0.068298339843750 3800000
0.068054199218750 3799891
0.075561523437500 3800108
0.069824218750000 3800000
0.000000000000000 3800000
0.068115234375000 3800000
0.063659667968750 3800000
0.070007324218750 3800000
0.059631347656250 3799963
0.068359375000000 3799927
0.072570800781250 3800072
0.069396972656250 3799963
0.069885253906250 3799963
0.074157714843750 3800108
0.070861816406250 3799927
0.067993164062500 3800072
0.068298339843750 3799963
0.063293457031250 3791426
0.071044921875000 3787509
0.000000000000000 3800072
0.069824218750000 3799963
0.072998046875000 3800036
0.070007324218750 3800000
0.069519042968750 3800000
0.068908691406250 3799891
0.073059082031250 3800036
0.069946289062500 3800072
0.059631347656250 3800000
0.066711425781250 3800000
0.071044921875000 3800000
0.068786621093750 3800000
0.071533203125000 3800000
0.063842773437500 3800000
0.000000000000000 3799927
0.067626953125000 3800072
0.069580078125000 3800000
0.070861816406250 3799927
0.064270019531250 3799963
0.072143554687500 3800108
0.069213867187500 3799963
0.069091796875000 3799927
0.070129394531250 3800108
0.073486328125000 3799891
0.067810058593750 3800036
0.069641113281250 3800000
0.000000000000000 3800000
0.071899414062500 3800072
0.069152832031250 3800000
0.067871093750000 3799963
0.071533203125000 3799963
0.072021484375000 3800000
0.066345214843750 3800072
0.064880371093750 3799927
0.073425292968750 3794975
0.067993164062500 3794560
0.068115234375000 3799963
0.061340332031250 3800036
0.074096679687500 3800000
0.070251464843750 3800072
0.000000000000000 3799927
0.069152832031250 3800036
0.070495605468750 3800036
0.070617675781250 3800000
0.072387695312500 3800000
0.071044921875000 3800000
0.059753417968750 3799963
0.068908691406250 3800036
0.062561035156250 3800000
0.071166992187500 3800000
0.059082031250000 3800000
0.068054199218750 3800000
0.072509765625000 3800000
0.074951171875000 3799927
0.000000000000000 3800072
0.128540039062500 3800000
0.000000000000000 3800000
0.068298339843750 3789220
0.074707031250000 3800000
0.071044921875000 3800000
0.066284179687500 3800000
0.072814941406250 3800000
0.071228027343750 3800000
0.058959960937500 3796613
0.067626953125000 3796509
0.074035644531250 3800000
0.073120117187500 3798818
0.066772460937500 3797167
0.000000000000000 3800072
0.073181152343750 3799963
0.073181152343750 3800036
0.069580078125000 3800000
0.067382812500000 3799729
0.059936523437500 3798211
0.069885253906250 3793201
0.071105957031250 3792817
0.063781738281250 3799963
0.067871093750000 3800036
0.068420410156250 3800000
0.073181152343750 3800000
0.072509765625000 3799927
0.000000000000000 3800072
0.068542480468750 3800000
0.071105957031250 3800000
0.073303222656250 3800000
0.067077636718750 3800000
0.060729980468750 3800000
0.071166992187500 3800000
0.062927246093750 3800000
0.068054199218750 3800000
0.070983886718750 3800000
0.070495605468750 3799927
0.069580078125000 3796642
0.065917968750000 3799891
0.070129394531250 3800108
0.062377929687500 3800000
0.067199707031250 3800000
0.000000000000000 3800000
0.072875976562500 3800000
0.071594238281250 3800036
0.059020996093750 3799963
0.071411132812500 3799891
0.072204589843750 3800108
0.069152832031250 3800000
0.069030761718750 3800000
0.061828613281250 3800000
0.068542480468750 3800000
0.072143554687500 3799963
0.070251464843750 3800036
0.068847656250000 3797108
0.062072753906250 3789002
0.072448730468750 3800072
0.000000000000000 3800000
0.070983886718750 3800000
0.064147949218750 3799963
0.060729980468750 3800036
0.068725585937500 3799963
0.070434570312500 3797974
0.072692871093750 3802062
0.071044921875000 3800000
0.070556640625000 3800000
0.070800781250000 3799963
0.071105957031250 3800036
0.070251464843750 3800000
0.000000000000000 3800000
0.133544921875000 3800000
0.000000000000000 3800000
0.068969726562500 3799963
0.062438964843750 3800036
0.071594238281250 3800000
0.059570312500000 3800000
0.070556640625000 3800000
0.062500000000000 3800000
0.070007324218750 3800036
0.069641113281250 3799963
0.061767578125000 3800036
0.072448730468750 3799891
0.061584472656250 3800000
0.065246582031250 3800000
0.060424804687500 3800072
0.067199707031250 3800000
0.062622070312500 3800000
0.072631835937500 3800036
0.071289062500000 3799963
0.069213867187500 3799963
0.072509765625000 3800036
0.000000000000000 3799963
0.071472167968750 3800036
0.067138671875000 3800000
0.062866210937500 3799963
0.069702148437500 3800000
0.068969726562500 3800036
0.075134277343750 3800000
0.062438964843750 3799963
0.060119628906250 3800036
0.067687988281250 3799927
0.071960449218750 3800072
0.070007324218750 3800000
0.060180664062500 3800000
0.067382812500000 3800000
0.064270019531250 3799963
0.069702148437500 3800036
0.059326171875000 3799891
0.073425292968750 3800108
0.070800781250000 3800000
0.000000000000000 3789435
0.068969726562500 3800000
0.070556640625000 3800000
0.063964843750000 3800000
0.058959960937500 3800000
0.068420410156250 3800000
0.068542480468750 3799927
0.062988281250000 3800036
0.073425292968750 3800036
0.065490722656250 3800000
0.072387695312500 3800000
0.072326660156250 3800000
0.060119628906250 3799927
0.070861816406250 3800072
0.061584472656250 3791884
0.067138671875000 3800000
0.072448730468750 3800000
0.063049316406250 3800000
0.067321777343750 3800000
0.068664550781250 3800000
0.000000000000000 3800000
0.069580078125000 3800000
0.075500488281250 3800000
0.068603515625000 3800000
0.059875488281250 3800000
0.067871093750000 3800000
0.070617675781250 3799963
0.072387695312500 3800036
0.072021484375000 3799963
0.068115234375000 3800036
0.068908691406250 3800000
0.062255859375000 3800000
0.070678710937500 3800000
0.069641113281250 3798601
0.000000000000000 3783330
0.073364257812500 3783299
0.070739746093750 3791692
0.062500000000000 3800000
0.066772460937500 3800000
0.061645507812500 3800000
0.071838378906250 3800000
0.076232910156250 3800000
0.058837890625000 3800000
0.069274902343750 3800000
0.067871093750000 3800000
0.071472167968750 3796591
0.062805175781250 3800036
0.067749023437500 3800000
0.068481445312500 3799963
0.071777343750000 3800036
0.060974121093750 3796331
0.062438964843750 3800000
0.071533203125000 3800000
0.000000000000000 3800000
0.068481445312500 3799963
0.071594238281250 3800036
0.062866210937500 3800000
0.068969726562500 3800000
0.069763183593750 3800000
0.071105957031250 3800000
0.063415527343750 3800000
0.060729980468750 3800000
0.068420410156250 3800000
0.067687988281250 3800000
0.070617675781250 3800036
0.075134277343750 3799927
0.071838378906250 3797902
0.068847656250000 3802135
0.000000000000000 3800000
0.071411132812500 3799927
0.067810058593750 3800072
0.063293457031250 3800000
0.072204589843750 3799891
0.072265625000000 3800108
0.065734863281250 3800000
0.071105957031250 3799891
0.070617675781250 3800108
0.071777343750000 3800000
0.070434570312500 3800000
0.059204101562500 3800036
0.072143554687500 3799963
0.000000000000000 3800000
0.070739746093750 3800000
0.068969726562500 3800000
0.070373535156250 3800000
0.062438964843750 3800000
0.073425292968750 3800000
0.067199707031250 3800000
0.061889648437500 3799963
0.071899414062500 3800036
0.060058593750000 3800000
0.070495605468750 3800036
0.072692871093750 3799963
0.068054199218750 3800000
0.070312500000000 3800000
0.000000000000000 3791469
0.070617675781250 3784071
0.067016601562500 3800000
0.073608398437500 3800000
0.072814941406250 3800000
0.070190429687500 3800000
0.073181152343750 3800000
0.071594238281250 3800000
0.059753417968750 3800000
0.069213867187500 3793781
0.072082519531250 3799268
0.062805175781250 3800000
0.068054199218750 3799927
0.000000000000000 3800072
0.075256347656250 3800000
0.069580078125000 3799927
0.069519042968750 3792356
0.072448730468750 3796721
0.072875976562500 3799963
0.072143554687500 3790223
0.065734863281250 3788408
0.071472167968750 3800072
0.071350097656250 3800000
0.060607910156250 3800000
0.000000000000000 3800000
0.068176269531250 3796852
0.071350097656250 3789009
0.072570800781250 3800108
0.067810058593750 3799927
0.061889648437500 3799963
0.073242187500000 3800072
0.071899414062500 3800036
0.065368652343750 3800000
0.062133789062500 3799855
0.069824218750000 3800144
0.059814453125000 3800000
0.074645996093750 3800000
0.069885253906250 3800000
0.059692382812500 3800000
0.070068359375000 3800000
0.061462402343750 3800000
0.068176269531250 3799891
0.000000000000000 3800108
0.073364257812500 3800000
0.072631835937500 3799927
0.069885253906250 3800072
0.069519042968750 3800000
0.072265625000000 3800000
0.062316894531250 3799927
0.066711425781250 3800036
0.069213867187500 3800000
0.069824218750000 3800036
0.075866699218750 3800000
0.070922851562500 3800000
0.000000000000000 3800000
0.068054199218750 3800000
0.059265136718750 3800036
0.069213867187500 3799963
0.063232421875000 3800000
0.070251464843750 3800000
0.068420410156250 3799963
0.071838378906250 3800036
0.065002441406250 3800000
0.069580078125000 3799963
0.073242187500000 3800036
0.061340332031250 3800000
0.068115234375000 3799927
0.064086914062500 3800000
0.069274902343750 3800000
0.059875488281250 3800072
0.071838378906250 3799891
0.071716308593750 3800072
0.000000000000000 3800000
0.071594238281250 3800036
0.072326660156250 3800000
0.073120117187500 3800000
0.060424804687500 3800000
0.061340332031250 3799963
0.068420410156250 3800036
0.071105957031250 3799927
0.070312500000000 3799963
0.069885253906250 3800108
0.072448730468750 3799927
0.073181152343750 3800000
0.061340332031250 3800072
0.066955566406250 3800000
0.000000000000000 3800036
0.071228027343750 3800000
0.068603515625000 3799963
0.070861816406250 3800000
0.072204589843750 3800000
0.068969726562500 3800000
0.069519042968750 3800036
0.064270019531250 3799963
0.069152832031250 3800000
0.072326660156250 3799963
0.069519042968750 3800036
0.069885253906250 3800036
0.060180664062500 3799963
0.060302734375000 3800000
0.072509765625000 3800000
0.065856933593750 3800000
0.000000000000000 3799927
0.068603515625000 3800072
0.068908691406250 3800000
0.073364257812500 3796605
0.065490722656250 3800000
0.068847656250000 3800000
0.072753906250000 3799927
0.072204589843750 3800000
0.066589355468750 3800000
0.063415527343750 3800000
0.074035644531250 3800072
0.068481445312500 3794949
0.058715820312500 3787422
0.000000000000000 3800000
0.072509765625000 3800000
0.072082519531250 3800000
0.065429687500000 3800000
0.061218261718750 3800036
0.071899414062500 3799963
0.063415527343750 3800000
0.068786621093750 3800000
0.067749023437500 3800000
0.062683105468750 3800000
0.071960449218750 3800000
0.066772460937500 3799927
0.072326660156250 3795841
0.072387695312500 3783333
0.072875976562500 3792806
0.059448242187500 3800000
0.066650390625000 3799927
0.066284179687500 3800000
0.061950683593750 3800072
0.000000000000000 3789414
0.071411132812500 3796621
0.060729980468750 3783331
0.069580078125000 3788247
0.075500488281250 3793022
0.072875976562500 3799963
0.068908691406250 3800000
0.059814453125000 3800000
0.066833496093750 3800000
0.073486328125000 3800000
0.071472167968750 3800000
0.060729980468750 3799891
0.067565917968750 3800036
0.070495605468750 3800072
0.074279785156250 3799927
0.062438964843750 3799963
0.000000000000000 3800036
0.068542480468750 3800108
0.067810058593750 3800000
0.071960449218750 3799963
0.061645507812500 3799963
0.063842773437500 3799927
0.071838378906250 3800108
0.060668945312500 3800000
0.059814453125000 3800000
0.068115234375000 3800000
0.065063476562500 3799927
0.075744628906250 3800072
0.062927246093750 3800000
0.062927246093750 3800000
0.066589355468750 3800000
0.062988281250000 3800000
0.060424804687500 3799927
0.071166992187500 3800000
0.070251464843750 3800072
0.061767578125000 3800000
0.069885253906250 3800000
0.069702148437500 3800036
0.071228027343750 3799963
0.000000000000000 3800000
0.070251464843750 3800000
0.068664550781250 3800000
0.073059082031250 3799963
0.074340820312500 3800036
0.071472167968750 3800000
0.070190429687500 3800000
0.067749023437500 3800000
0.071350097656250 3800000
0.069396972656250 3677275
0.000000000000000 3800000
0.070190429687500 3800000
0.072631835937500 3733455
0.071777343750000 3750086
0.069580078125000 3800108
0.067504882812500 3799963
0.064208984375000 3800036
0.070190429687500 3800000
0.058898925781250 3800000
0.069946289062500 3800000
0.074218750000000 3800000
0.072021484375000 3800000
0.068481445312500 3800000
0.000000000000000 3799614
0.071960449218750 3796985
0.070373535156250 3799927
0.060791015625000 3800072
0.074279785156250 3800000
0.069580078125000 3800000
0.068298339843750 3800000
0.071777343750000 3800000
0.072265625000000 3799963
0.070861816406250 3800036
0.059936523437500 3800000
0.072998046875000 3800000
0.073303222656250 3800000
0.059509277343750 3800036
0.066528320312500 3799963
0.062194824218750 3800000
0.000000000000000 3800000
0.070434570312500 3800000
0.059875488281250 3800000
0.069030761718750 3799963
0.072265625000000 3800036
0.072448730468750 3799927
0.059387207031250 3800072
0.071594238281250 3800000
0.072204589843750 3800000
0.069824218750000 3800000
0.067749023437500 3800000
0.064331054687500 3800000
0.072875976562500 3800000
0.067138671875000 3800000
0.000000000000000 3800000
0.135864257812500 3800036
0.000000000000000 3799927
0.070007324218750 3800036
0.066894531250000 3800000
0.062988281250000 3800000
0.071411132812500 3800000
0.061035156250000 3798083
0.069702148437500 3794683
0.071044921875000 3800000
0.074035644531250 3799963
0.071594238281250 3800036
0.060058593750000 3800000
0.067199707031250 3800000
0.058898925781250 3789370
0.073120117187500 3799963
0.062866210937500 3800036
0.058715820312500 3800000
0.060058593750000 3800000
0.072509765625000 3800000
0.070800781250000 3796612
0.059020996093750 3787706
0.067871093750000 3800000
0.072814941406250 3800000
0.000000000000000 3800000
0.072692871093750 3799963
0.069885253906250 3800036
0.067565917968750 3800000
0.074584960937500 3800000
0.071594238281250 3783393
0.067260742187500 3792072
0.063964843750000 3792275
0.069519042968750 3783336
0.058715820312500 3789357
0.071838378906250 3796580
0.074279785156250 3796603
0.000000000000000 3800000
0.068725585937500 3799891
0.071716308593750 3786488
0.062561035156250 3800108
0.118835449218750 3800000
0.000000000000000 3795405
0.070434570312500 3784677
0.062988281250000 3800000
0.068359375000000 3800000
0.067626953125000 3800000
0.062927246093750 3800000
0.071899414062500 3800000
0.068603515625000 3796576
0.071838378906250 3799891
0.063842773437500 3800072
0.070556640625000 3800000
0.068237304687500 3794921
0.071289062500000 3794747
0.062988281250000 3790182
0.060119628906250 3792442
0.069030761718750 3785415
0.071716308593750 3790949
0.000000000000000 3790749
0.131042480468750 3790312
0.062561035156250 3796557
0.000000000000000 3791560
0.070678710937500 3800000
0.071533203125000 3800000
0.069274902343750 3800000
0.071228027343750 3799891
0.067749023437500 3800108
0.061279296875000 3798584
0.072021484375000 3794542
0.069580078125000 3796891
0.067687988281250 3792755
0.074218750000000 3795991
0.072265625000000 3797049
0.000000000000000 3800000
0.067871093750000 3800000
0.074035644531250 3799330
0.073547363281250 3797254
0.071411132812500 3792129
0.068969726562500 3793002
0.071716308593750 3799963
0.072265625000000 3800036
0.072265625000000 3800000
0.070007324218750 3800000
0.000000000000000 3800000
0.067565917968750 3799927
0.060058593750000 3800072
0.071533203125000 3800000
0.062561035156250 3800000
0.070007324218750 3799963
0.072265625000000 3800000
0.071228027343750 3800036
0.066589355468750 3800000
0.072998046875000 3800000
0.072143554687500 3800000
0.073059082031250 3800000
0.059753417968750 3799927
0.067932128906250 3800072
0.069396972656250 3800000
0.000000000000000 3800000
0.069213867187500 3800000
0.070983886718750 3800000
0.071472167968750 3800000
0.059448242187500 3796378
0.070007324218750 3796531
0.071166992187500 3795965
0.070861816406250 3795604
0.066894531250000 3793837
0.062927246093750 3800000
0.063842773437500 3800000
0.068786621093750 3800000
0.070251464843750 3799927
0.062683105468750 3796700
0.069641113281250 3800036
0.072570800781250 3800000
0.000000000000000 3800000
0.072204589843750 3800000
0.066711425781250 3796575
0.070678710937500 3790283
0.064147949218750 3794040
0.070251464843750 3795470
0.070373535156250 3800108
0.070190429687500 3790201
0.063049316406250 3784976
0.069702148437500 3800108
0.068298339843750 3800000
0.070068359375000 3799963
0.072265625000000 3800036
0.000000000000000 3800000
0.073547363281250 3800000
0.067565917968750 3800000
0.063049316406250 3800000
0.071044921875000 3800000
0.068847656250000 3799963
0.068542480468750 3800036
0.071350097656250 3800000
0.072570800781250 3799963
0.069152832031250 3799963
0.060607910156250 3800072
0.066589355468750 3800000
0.062683105468750 3800000
0.071960449218750 3800000
0.067749023437500 3800036
0.000000000000000 3799891
0.068542480468750 3800072
0.071472167968750 3800000
0.074584960937500 3800000
0.067626953125000 3800000
0.072204589843750 3799927
0.070556640625000 3800072
0.068786621093750 3799927
0.070678710937500 3793105
0.075683593750000 3800000
0.062438964843750 3800000
0.069641113281250 3800000
0.000000000000000 3793758
0.070556640625000 3794066
0.066955566406250 3799927
0.063110351562500 3800072
0.070495605468750 3797249
0.059082031250000 3788909
0.072814941406250 3800000
0.071166992187500 3799927
0.060668945312500 3800072
0.070190429687500 3800036
0.063171386718750 3799927
0.068603515625000 3800036
0.069335937500000 3800000
0.071105957031250 3800000
0.062561035156250 3800000
0.069396972656250 3800000
0.072143554687500 3800000
0.000000000000000 3800000
0.072692871093750 3800000
0.067749023437500 3800000
0.072143554687500 3800000
0.069763183593750 3793013
0.060729980468750 3783330
0.074157714843750 3784800
0.071899414062500 3788980
0.067565917968750 3790517
0.071960449218750 3795748
0.063598632812500 3800000
0.067016601562500 3800000
0.068908691406250 3787393
0.000000000000000 3795142
0.071960449218750 3800000
0.071166992187500 3793270
0.069824218750000 3789136
0.066528320312500 3799963
0.072937011718750 3800036
0.071899414062500 3794023
0.059692382812500 3799065
0.065124511718750 3795529
0.069335937500000 3794038
0.071899414062500 3799927
0.072143554687500 3799963
0.069091796875000 3800036
0.000000000000000 3800072
0.072998046875000 3800000
0.071838378906250 3793093
0.073120117187500 3795618
0.067443847656250 3785758
0.068359375000000 3788537
0.060913085937500 3795752
0.062255859375000 3793944
0.072265625000000 3800000
0.060424804687500 3792396
0.069885253906250 3797213
0.069519042968750 3800000
0.073303222656250 3800000
0.073120117187500 3794314
0.064270019531250 3793937
0.060485839843750 3790127
0.068969726562500 3787900
0.000000000000000 3793111
0.067932128906250 3800036
0.069458007812500 3793077
0.070068359375000 3800000
0.075805664062500 3800000
0.071594238281250 3800036
0.059326171875000 3799963
0.069946289062500 3800000
0.068115234375000 3800000
0.070922851562500 3800000
0.071777343750000 3800000
0.068481445312500 3793037
0.062561035156250 3800072
0.000000000000000 3800000
0.130371093750000 3800036
0.061584472656250 3799891
0.000000000000000 3797532
0.071777343750000 3792185
0.068908691406250 3800000
0.067687988281250 3800000
0.069458007812500 3783420
0.066040039062500 3788531
0.071655273437500 3800000
0.066040039062500 3800000
0.069335937500000 3796366
0.072570800781250 3800000
0.071777343750000 3800000
0.066284179687500 3800000
0.062316894531250 3800000
0.073425292968750 3800000
0.000000000000000 3800036
0.070861816406250 3799963
0.069030761718750 3799963
0.067199707031250 3800000
0.071777343750000 3799963
0.064025878906250 3800072
0.068786621093750 3800000
0.070861816406250 3800000
0.069885253906250 3800000
0.075195312500000 3800036
0.072204589843750 3795558
0.061157226562500 3800036
0.068237304687500 3799963
0.000000000000000 3800036
0.068420410156250 3800036
0.073547363281250 3799927
0.061401367187500 3800036
0.059448242187500 3799891
0.068481445312500 3800108
0.075500488281250 3800000
0.072143554687500 3800000
0.066894531250000 3800000
0.070251464843750 3799927
0.062866210937500 3800072
0.070556640625000 3800000
0.069152832031250 3800036
0.074218750000000 3799963
0.000000000000000 3800000
0.128356933593750 3799963
0.000000000000000 3800036
0.071838378906250 3800000
0.072204589843750 3799891
0.068542480468750 3800108
0.071594238281250 3800000
0.062194824218750 3800000
0.068115234375000 3800000
0.069396972656250 3800000
0.071105957031250 3799963
0.072082519531250 3799927
0.059448242187500 3800108
0.062255859375000 3799927
0.072937011718750 3800072
0.067871093750000 3800000
0.000000000000000 3800000
0.069641113281250 3800000
0.073120117187500 3800000
0.063842773437500 3800000
0.069885253906250 3800000
0.059509277343750 3800000
0.060058593750000 3800000
0.069152832031250 3800000
0.073974609375000 3800000
0.071044921875000 3792284
0.059204101562500 3799963
0.068054199218750 3800036
0.067993164062500 3800000
0.073242187500000 3800000
0.071411132812500 3800000
0.059997558593750 3792813
0.069824218750000 3799963
0.069946289062500 3800000
0.000000000000000 3800108
0.073181152343750 3799891
0.070617675781250 3800108
0.059753417968750 3800000
0.070861816406250 3800000
0.067016601562500 3800000
0.073547363281250 3800000
0.062561035156250 3800000
0.068847656250000 3800000
0.070922851562500 3800000
0.070556640625000 3800000
0.067993164062500 3799963
0.063293457031250 3800036
0.071838378906250 3800000
0.069396972656250 3800000
0.000000000000000 3800000
0.069641113281250 3800000
0.063842773437500 3785048
0.067932128906250 3796850
0.072265625000000 3799963
0.069519042968750 3800000
0.067687988281250 3799963
0.074279785156250 3800036
0.072814941406250 3800000
0.071960449218750 3799963
0.067016601562500 3800000
0.062438964843750 3800036
0.071044921875000 3800000
0.000000000000000 3799927
0.069702148437500 3800072
0.071044921875000 3800000
0.067199707031250 3800000
0.065734863281250 3799927
0.071044921875000 3794946
0.066955566406250 3789768
0.066894531250000 3790533
0.063110351562500 3799963
0.069641113281250 3800036
0.067504882812500 3800000
0.074218750000000 3800000
0.072265625000000 3800000
0.062561035156250 3800000
0.066711425781250 3787252
0.000000000000000 3783334
0.069580078125000 3797881
0.070800781250000 3800036
0.062377929687500 3799891
0.065795898437500 3800108
0.073059082031250 3800000
0.073120117187500 3786416
0.068359375000000 3786270
0.059143066406250 3783332
0.070800781250000 3796658
0.060913085937500 3800000
0.067260742187500 3795666
0.063598632812500 3783368
0.070312500000000 3797917
0.069702148437500 3798571
0.072875976562500 3800000
0.071350097656250 3799963
0.000000000000000 3789703
0.068237304687500 3792396
0.070373535156250 3793722
0.072753906250000 3800000
0.072875976562500 3799891
0.059875488281250 3795837
0.069580078125000 3783332
0.066955566406250 3793146
0.073181152343750 3799963
0.069946289062500 3799963
0.070373535156250 3797902
0.069641113281250 3800000
0.000000000000000 3800000
0.071228027343750 3800000
0.073730468750000 3800000
0.073730468750000 3800000
0.058959960937500 3800000
0.067260742187500 3800000
0.063537597656250 3800036
0.070312500000000 3799963
0.060424804687500 3799927
0.069519042968750 3800036
0.071289062500000 3791852
0.071350097656250 3783335
0.058654785156250 3793093
0.068664550781250 3799674
0.071350097656250 3795147
0.062377929687500 3792724
0.066162109375000 3783401
0.062988281250000 3783336
0.071960449218750 3790391
0.000000000000000 3783298
0.128967285156250 3785178
0.000000000000000 3788384
0.072387695312500 3797518
0.069824218750000 3800000
0.068542480468750 3799891
0.073608398437500 3800000
0.070190429687500 3797760
0.059936523437500 3795743
0.062805175781250 3799927
0.070251464843750 3800072
0.067932128906250 3800000
0.066955566406250 3800000
0.061706542968750 3800000
0.073669433593750 3800000
0.072509765625000 3800000
0.068298339843750 3800000
0.060241699218750 3794405
0.000000000000000 3796984
0.069335937500000 3799927
0.071289062500000 3800072
0.071289062500000 3800000
0.070373535156250 3800000
0.061523437500000 3800000
0.059570312500000 3799927
0.072021484375000 3800000
0.070983886718750 3800072
0.060180664062500 3795980
0.073242187500000 3800000
0.069396972656250 3800000
0.068664550781250 3793047
0.070434570312500 3800000
0.072692871093750 3800000
0.000000000000000 3800000
0.067504882812500 3800000
0.073181152343750 3800000
0.072387695312500 3800000
0.071472167968750 3800000
0.060424804687500 3800000
0.067626953125000 3800000
0.068542480468750 3800000
0.070861816406250 3800000
0.073608398437500 3799927
0.069519042968750 3800072
0.072448730468750 3800000
0.000000000000000 3800000
0.068847656250000 3799927
0.069763183593750 3800036
0.069091796875000 3800036
0.073486328125000 3800000
0.072937011718750 3800000
0.060607910156250 3799963
0.068176269531250 3800000
0.072509765625000 3800000
0.070556640625000 3800036
0.062988281250000 3800000
0.068176269531250 3800000
0.069274902343750 3800000
0.067260742187500 3800000
0.000000000000000 3796562
0.068664550781250 3800000
0.061767578125000 3800000
0.073791503906250 3799963
0.071228027343750 3800000
0.068847656250000 3800036
0.068603515625000 3800000
0.060180664062500 3800000
0.069458007812500 3800000
0.062622070312500 3799927
0.068725585937500 3800072
0.060607910156250 3799927
0.073669433593750 3800108
0.070312500000000 3800000
0.067993164062500 3799963
0.073608398437500 3800000
0.000000000000000 3799855
0.072937011718750 3800144
0.067199707031250 3798656
0.073730468750000 3799963
0.067810058593750 3800036
0.069519042968750 3800000
0.071777343750000 3800000
0.071289062500000 3800000
0.060729980468750 3799963
0.066406250000000 3800036
0.068908691406250 3800000
0.072448730468750 3800000
0.072265625000000 3800000
0.000000000000000 3800000
0.071594238281250 3800000
0.059020996093750 3800000
0.069519042968750 3799963
0.069458007812500 3800036
0.068603515625000 3800000
0.071105957031250 3800000
0.072326660156250 3800000
0.068542480468750 3800036
0.062744140625000 3799963
0.068176269531250 3800000
0.071533203125000 3800000
0.065002441406250 3799963
0.067199707031250 3800036
0.059387207031250 3800000
0.071289062500000 3800000
0.000000000000000 3800000
0.071472167968750 3800036
0.067138671875000 3799963
0.073364257812500 3800000
0.073730468750000 3800000
0.067749023437500 3793020
0.060058593750000 3800000
0.072570800781250 3800000
0.070373535156250 3800000
0.065063476562500 3800000
0.059875488281250 3800000
0.063171386718750 3793036
0.072509765625000 3800072
0.069335937500000 3799927
0.071350097656250 3799963
0.065063476562500 3800036
0.000000000000000 3800108
0.129882812500000 3799963
0.000000000000000 3800000
0.067687988281250 3800000
0.072204589843750 3799891
0.062683105468750 3800108
0.069152832031250 3800000
0.069213867187500 3799963
0.070739746093750 3799076
0.064147949218750 3796461
0.070373535156250 3800000
0.059570312500000 3800000
0.067871093750000 3800000
0.070251464843750 3800000
0.067626953125000 3798689
0.071533203125000 3797991
0.070800781250000 3799670
0.000000000000000 3792966
0.067932128906250 3799891
0.073181152343750 3799963
0.069702148437500 3800108
0.059204101562500 3800000
0.071716308593750 3800000
0.061889648437500 3800000
0.071228027343750 3792851
0.070007324218750 3783370
0.070922851562500 3783331
0.067382812500000 3783330
0.061706542968750 3797040
0.063781738281250 3800144
0.070617675781250 3800000
0.067382812500000 3800000
0.060058593750000 3799891
0.074584960937500 3800072
0.071594238281250 3799963
0.059509277343750 3800072
0.000000000000000 3799927
0.068542480468750 3799963
0.071899414062500 3800108
0.074523925781250 3786441
0.069335937500000 3792317
0.069030761718750 3799927
0.073120117187500 3800072
0.061218261718750 3799927
0.067932128906250 3800072
0.072448730468750 3800000
0.070129394531250 3800000
0.067871093750000 3799891
0.000000000000000 3800072
0.073242187500000 3799963
0.071960449218750 3800072
0.071044921875000 3800000
0.069091796875000 3800000
0.059997558593750 3800000
0.067871093750000 3800000
0.072570800781250 3786404
0.061584472656250 3799478
0.058776855468750 3800072
0.071289062500000 3800000
0.071166992187500 3800000
0.060974121093750 3800000
0.068847656250000 3789463
0.074951171875000 3800000
0.070007324218750 3799281
0.000000000000000 3799963
0.068847656250000 3800072
0.072509765625000 3800000
0.071166992187500 3621065
0.061462402343750 3800000
0.065917968750000 3800000
0.072021484375000 3800000
0.070373535156250 3800000
0.068786621093750 3799927
0.075012207031250 3800072
0.070617675781250 3794876
0.059204101562500 3794127
0.067382812500000 3800000
0.061950683593750 3800000
0.073303222656250 3799927
0.000000000000000 3800072
0.070495605468750 3799963
0.067687988281250 3800036
0.070129394531250 3800000
0.073486328125000 3800000
0.071838378906250 3800000
0.061279296875000 3800000
0.067749023437500 3793310
0.060974121093750 3800000
0.068908691406250 3800000
0.062988281250000 3799927
0.067016601562500 3800072
0.069580078125000 3797130
0.075012207031250 3788999
0.070068359375000 3793145
0.060241699218750 3799963
0.067138671875000 3800000
0.063049316406250 3799963
0.000000000000000 3799963
0.072448730468750 3800072
0.072082519531250 3800000
0.067932128906250 3800000
0.068054199218750 3800036
0.069030761718750 3799963
0.071044921875000 3800000
0.063232421875000 3800000
0.067443847656250 3800000
0.060852050781250 3800000
0.070739746093750 3800036
0.072753906250000 3799855
0.069396972656250 3800072
0.068969726562500 3800036
0.000000000000000 3799927
0.073120117187500 3799963
0.071472167968750 3800036
0.070007324218750 3796633
0.067687988281250 3783703
0.063781738281250 3798846
0.071899414062500 3800000
0.068786621093750 3800000
0.068481445312500 3797996
0.071350097656250 3783258
0.062805175781250 3790635
0.067260742187500 3800000
0.069641113281250 3800000
0.070251464843750 3800000
0.063232421875000 3800000
0.000000000000000 3800000
0.071350097656250 3800000
0.069458007812500 3785766
0.070861816406250 3793591
0.069763183593750 3799533
0.070068359375000 3800000
0.068786621093750 3792941
0.073608398437500 3783262
0.062805175781250 3795623
0.067749023437500 3800072
0.060119628906250 3800000
0.071594238281250 3800000
0.063476562500000 3800000
0.068237304687500 3800000
0.060119628906250 3799963
0.067321777343750 3800036
0.072937011718750 3799927
0.000000000000000 3800072
0.072570800781250 3799963
0.058715820312500 3800036
0.060058593750000 3799963
0.071044921875000 3800000
0.073547363281250 3800036
0.067749023437500 3800000
0.061645507812500 3800000
0.070373535156250 3800000
0.072998046875000 3800000
0.069641113281250 3800000
0.067871093750000 3800000
0.072448730468750 3800000
0.070861816406250 3800000
0.059204101562500 3800000
0.068420410156250 3800000
0.061889648437500 3800000
0.071716308593750 3800000
0.000000000000000 3786284
0.071228027343750 3794603
0.060668945312500 3800000
0.067687988281250 3799927
0.070495605468750 3800072
0.070190429687500 3791048
0.072143554687500 3795097
0.067321777343750 3799963
0.063537597656250 3800036
0.073486328125000 3800000
0.067687988281250 3800000
0.062255859375000 3797319
0.072692871093750 3799118
0.063720703125000 3800036
0.067016601562500 3799855
0.069274902343750 3800072
0.000000000000000 3800000
0.069396972656250 3800000
0.064575195312500 3799927
0.073120117187500 3800180
0.068481445312500 3789579
0.068603515625000 3800072
0.067382812500000 3800000
0.074096679687500 3800036
0.073120117187500 3799963
0.067260742187500 3800000
0.072998046875000 3800000
0.070922851562500 3800000
0.059204101562500 3800000
0.000000000000000 3796832
0.068298339843750 3792685
0.062316894531250 3800000
0.069030761718750 3800000
0.060363769531250 3800000
0.071960449218750 3800000
0.070617675781250 3800000
0.070312500000000 3800036
0.072143554687500 3799963
0.070495605468750 3800036
0.071533203125000 3799962
0.071899414062500 3799963
0.000000000000000 3800036
0.071289062500000 3800000
0.067749023437500 3800000
0.072021484375000 3800000
0.072509765625000 3800000
0.070434570312500 3799927
0.068908691406250 3800072
0.070312500000000 3800000
0.072998046875000 3800000
0.072082519531250 3789406
0.058776855468750 3792887
0.271850585937500 3797864
0.000000000000000 3799963
0.070556640625000 3800036
0.072448730468750 3800000
0.073364257812500 3800000
0.068969726562500 3784846
0.060913085937500 3785940
0.066833496093750 3796428
0.062988281250000 3800000
0.069396972656250 3800036
0.058532714843750 3799963
0.063537597656250 3800000
0.070983886718750 3800000
0.070678710937500 3800000
0.068725585937500 3799927
0.073669433593750 3800000
0.070800781250000 3800072
0.060241699218750 3799927
0.067504882812500 3800072
0.062683105468750 3799963
0.062988281250000 3800036
0.069396972656250 3799963
0.000000000000000 3800000
0.068908691406250 3800036
0.072509765625000 3800000
0.071838378906250 3799891
0.071411132812500 3800108
0.058776855468750 3800000
0.066772460937500 3799927
0.062377929687500 3800072
0.063842773437500 3800000
0.068420410156250 3800000
0.063842773437500 3800000
0.071472167968750 3799963
0.068908691406250 3800036
0.073059082031250 3800000
0.071411132812500 3800000
0.066467285156250 3798078
0.000000000000000 3798502
0.068786621093750 3800000
0.074584960937500 3799927
0.070495605468750 3800108
0.059692382812500 3800000
0.067687988281250 3800000
0.073181152343750 3800000
0.062866210937500 3800000
0.069580078125000 3800000
0.068115234375000 3799963
0.063171386718750 3800036
0.070373535156250 3800000
0.068115234375000 3800000
0.072814941406250 3800000
0.000000000000000 3800000
0.069763183593750 3800036
0.072937011718750 3799963
0.074218750000000 3800000
0.067932128906250 3800000
0.072692871093750 3799927
0.068054199218750 3800036
0.070129394531250 3799963
0.071899414062500 3800072
0.071533203125000 3800000
0.068237304687500 3800000
0.000000000000000 3800000
0.071350097656250 3799927
0.063232421875000 3800036
0.066894531250000 3800036
0.069213867187500 3800000
0.068664550781250 3800000
0.064270019531250 3800000
0.080200195312500 3799963
0.069702148437500 3800036
0.069030761718750 3800036
0.069030761718750 3799963
0.073974609375000 3800000
0.000000000000000 3800000
0.074096679687500 3800000
0.058898925781250 3800000
0.069458007812500 3800000
0.070922851562500 3793064
0.066406250000000 3800000
0.067077636718750 3800000
0.074890136718750 3799891
0.069335937500000 3800000
0.070007324218750 3800108
0.066284179687500 3800000
0.065673828125000 3800036
0.073730468750000 3799963
0.066894531250000 3786290
0.062683105468750 3792659
0.000000000000000 3800000
0.073120117187500 3800000
0.063598632812500 3799927
0.068542480468750 3796692
0.068908691406250 3799963
0.068115234375000 3799927
0.067504882812500 3765587
0.063354492187500 3800000
0.064636230468750 3800000
0.069274902343750 3800000
0.072509765625000 3800000
0.072143554687500 3800000
0.069213867187500 3800000
0.068908691406250 3787518
0.000000000000000 3784211
0.072570800781250 3793107
0.069702148437500 3800000
0.069396972656250 3800000
0.069213867187500 3800036
0.073181152343750 3799963
0.063232421875000 3800000
0.068359375000000 3799963
0.058654785156250 3800000
0.072082519531250 3800036
0.065124511718750 3800000
0.066528320312500 3799927
0.068847656250000 3800000
0.073303222656250 3799963
0.062866210937500 3796558
0.069763183593750 3800144
0.000000000000000 3799927
0.068725585937500 3800036
0.073242187500000 3789187
0.061645507812500 3789751
0.068847656250000 3800000
0.070495605468750 3796596
0.071289062500000 3800036
0.070739746093750 3798636
0.069458007812500 3793058
0.063293457031250 3800000
0.067687988281250 3800000
0.068603515625000 3799927
0.062622070312500 3800072
0.070556640625000 3785974
0.067565917968750 3796039
0.062316894531250 3800000
0.074768066406250 3796385
0.000000000000000 3783333
0.069519042968750 3792009
0.058532714843750 3790785
0.067993164062500 3793861
0.070800781250000 3800000
0.061767578125000 3800000
0.063903808593750 3799891
0.068237304687500 3800108
0.059692382812500 3799109
0.069458007812500 3783336
0.066955566406250 3792986
0.068786621093750 3800036
0.068664550781250 3799963
0.063598632812500 3797946
0.073547363281250 3800000
0.063537597656250 3800000
0.067993164062500 3800000
0.064758300781250 3800000
0.063781738281250 3799963
0.075134277343750 3794884
0.063049316406250 3798248
0.059082031250000 3786169
0.068969726562500 3789589
0.067687988281250 3800000
0.000000000000000 3800036
0.072937011718750 3799927
0.067871093750000 3800036
0.070129394531250 3800000
0.067871093750000 3800000
0.074157714843750 3800000
0.061889648437500 3800000
0.065979003906250 3800000
0.074462890625000 3800000
0.068725585937500 3800036
0.060913085937500 3799963
0.068176269531250 3799963
0.074096679687500 3800036
0.000000000000000 3800000
0.071533203125000 3800000
0.068298339843750 3793110
0.062438964843750 3800000
0.067626953125000 3800000
0.067321777343750 3800000
0.070800781250000 3799927
0.064147949218750 3800108
0.072204589843750 3799963
0.066528320312500 3800000
0.068786621093750 3800000
0.069030761718750 3800000
0.063232421875000 3784741
0.069824218750000 3797467
0.059143066406250 3799927
0.071228027343750 3800072
0.061523437500000 3800000
0.066467285156250 3800000
0.073608398437500 3800000
0.000000000000000 3800000
0.072265625000000 3800000
0.067138671875000 3800000
0.062377929687500 3796463
0.067382812500000 3799963
0.070312500000000 3800036
0.070373535156250 3799927
0.061706542968750 3800072
0.068603515625000 3786024
0.071533203125000 3800000
0.073181152343750 3800000
0.068908691406250 3799891
0.059753417968750 3800108
0.070312500000000 3800000
0.062622070312500 3799927
0.068115234375000 3793193
0.070434570312500 3800000
0.000000000000000 3799963
0.072753906250000 3800036
0.069763183593750 3791819
0.068481445312500 3783334
0.070190429687500 3786594
0.065307617187500 3800000
0.068725585937500 3799927
0.069274902343750 3800072
0.067504882812500 3800000
0.063049316406250 3800000
0.072814941406250 3800000
0.069824218750000 3800000
0.068115234375000 3799963
0.070068359375000 3800000
0.000000000000000 3800072
0.071472167968750 3799963
0.071594238281250 3791686
0.073120117187500 3797555
0.069274902343750 3800036
0.069580078125000 3800000
0.071777343750000 3800036
0.070068359375000 3799927
0.059875488281250 3800072
0.070373535156250 3800000
0.062866210937500 3800000
0.066894531250000 3799927
0.068359375000000 3800072
0.064758300781250 3917736
0.080566406250000 4000000
0.069580078125000 4000000
0.078247070312500 3999961
0.000000000000000 4000076
0.078491210937500 4000000
0.078552246093750 4000000
0.068542480468750 4000000
0.080078125000000 4000000
0.075500488281250 4000000
0.068359375000000 4000000
0.076782226562500 3999960
0.068054199218750 4000000
0.075012207031250 4000038
0.077819824218750 4000000
0.075012207031250 4000000
0.079895019531250 4000000
0.075866699218750 4000000
0.078430175781250 4000000
0.077392578125000 3999923
0.074768066406250 4000076
0.000000000000000 4000000
0.079467773437500 4000000
0.075134277343750 3999885
0.077880859375000 4000038
0.078613281250000 4000076
0.079956054687500 4000000
0.078613281250000 4000000
0.075744628906250 4000000
0.077941894531250 4000000
0.076782226562500 4000000
0.076721191406250 3999960
0.076049804687500 4000000
0.000000000000000 4000038
0.078491210937500 3999961
0.077636718750000 4000038
0.076477050781250 4000000
0.079040527343750 3999961
0.076049804687500 4000038
0.076721191406250 4000000
0.076171875000000 3999961
0.078735351562500 4000038
0.075744628906250 4000000
0.074645996093750 4000000
0.078002929687500 4000000
0.078613281250000 4000000
0.000000000000000 4000000
0.078857421875000 4000000
0.075317382812500 4000000
0.079040527343750 4000000
0.075561523437500 4000000
0.079406738281250 3999960
0.077270507812500 3999961
0.075317382812500 4000076
0.076477050781250 4000000
0.076660156250000 3999961
0.080017089843750 4000076
0.077758789062500 3999961
0.074890136718750 4000000
0.000000000000000 4000000
0.078186035156250 4000000
0.077270507812500 3999961
0.077697753906250 3999961
0.076782226562500 4000076
0.075256347656250 4000000
0.082641601562500 4000000
0.077697753906250 4000000
0.078918457031250 4000000
0.076232910156250 4000000
0.076904296875000 3999961
0.078247070312500 3999961
0.000000000000000 4000079
0.080200195312500 3999885
0.075927734375000 4000000
0.075744628906250 4000076
0.068420410156250 4000038
0.075073242187500 3999961
0.076416015625000 4000038
0.074645996093750 3999923
0.078674316406250 4000076
0.078491210937500 3999961
0.078308105468750 4000038
0.076721191406250 4000000
0.077392578125000 4000000
0.077514648437500 3999961
0.075378417968750 3999923
0.077514648437500 4000114
0.000000000000000 3999923
0.076477050781250 4000076
0.077453613281250 3999961
0.078857421875000 3999961
0.074645996093750 4000076
0.078857421875000 4000000
0.075256347656250 4000000
0.079345703125000 4000000
0.076293945312500 3999961
0.076538085937500 4000000
0.079162597656250 4000038
0.076416015625000 3999885
0.076599121093750 4000076
0.000000000000000 4000038
0.076782226562500 4000000
0.076843261718750 4000000
0.075866699218750 4000000
0.077331542968750 4000000
0.077941894531250 4000000
0.075439453125000 4000000
0.077758789062500 4000000
0.073608398437500 4000000
0.078979492187500 4000000
0.076232910156250 4000000
0.078369140625000 3999923
0.075561523437500 4000076
0.000000000000000 4000000
0.079162597656250 3999961
0.076293945312500 4000038
0.074951171875000 4000000
0.070129394531250 4000000
0.076477050781250 4000000
0.080261230468750 4000000
0.076538085937500 4000000
0.078430175781250 4000000
0.078308105468750 4000000
0.075012207031250 4000000
0.078552246093750 4000000
0.076293945312500 4000000
0.076171875000000 4000000
0.076171875000000 4000000
0.068908691406250 3999961
0.075988769531250 4000038
0.000000000000000 3999960
0.078247070312500 4000038
0.079467773437500 4000000
0.076477050781250 3999885
0.079284667968750 4000076
0.074890136718750 3999961
0.076354980468750 4000076
0.076477050781250 4000000
0.080444335937500 3999885
0.081298828125000 4000076
0.075683593750000 4000038
0.000000000000000 4000000
0.078735351562500 4000000
0.076232910156250 4000000
0.078186035156250 4000000
0.076904296875000 4000000
0.078002929687500 4000000
0.075683593750000 4000000
0.078247070312500 4000000
0.077636718750000 4000000
0.075500488281250 4000000
0.076843261718750 4000000
0.074951171875000 3999961
0.078796386718750 3861208
0.000000000000000 3797222
0.075439453125000 3796774
0.070922851562500 3783333
0.073608398437500 3797888
0.073852539062500 3797715
0.074340820312500 3789015
0.071228027343750 3800036
0.072875976562500 3799927
0.072082519531250 3800072
0.072082519531250 3797093
0.073974609375000 3791727
0.072326660156250 3800072
0.000000000000000 3795723
0.071838378906250 3797394
0.073486328125000 3800000
0.073120117187500 3800000
0.072326660156250 3800000
0.070983886718750 3798636
0.071228027343750 3790308
0.072204589843750 3798747
0.072021484375000 3790114
0.072326660156250 3787900
0.072448730468750 3794650
0.074890136718750 3786840
0.000000000000000 3794136
0.070739746093750 3795342
0.072998046875000 3797222
0.069885253906250 3799399
0.071960449218750 3789449
0.072692871093750 3788293
0.074401855468750 3783406
0.073181152343750 3798065
0.070312500000000 3796520
0.072998046875000 3800000
0.072937011718750 3800000
0.073120117187500 3800000
0.072998046875000 3800000
0.000000000000000 3794851
0.070800781250000 3787413
0.072570800781250 3789555
0.072021484375000 3799877
0.071411132812500 3789281
0.071044921875000 3788488
0.063781738281250 3797950
0.071228027343750 3798560
0.072570800781250 3794766
0.072753906250000 3783333
0.071899414062500 3797494
0.073730468750000 3800000
0.070983886718750 3799963
0.072387695312500 3800036
0.072326660156250 3799963
0.000000000000000 3800000
0.075744628906250 3799963
0.072631835937500 3800000
0.069396972656250 3800072
0.073242187500000 3798402
0.072631835937500 3783298
0.073303222656250 3797881
0.071899414062500 3800000
0.074096679687500 3794225
0.073242187500000 3789509
0.072204589843750 3800036
0.000000000000000 3798518
0.073242187500000 3797653
0.074707031250000 3791256
0.072570800781250 3799126
0.071350097656250 3794632
0.074584960937500 3788889
0.071838378906250 3799963
0.072570800781250 3798241
0.070983886718750 3790728
0.074584960937500 3798419
0.074096679687500 3790461
0.070678710937500 3796964
0.000000000000000 3797780
0.073974609375000 3800072
0.071960449218750 3793189
0.072875976562500 3796151
0.073120117187500 3799963
0.069702148437500 3796274
0.075073242187500 3794197
0.075256347656250 3795339
0.073364257812500 3800000
0.072692871093750 3790444
0.070251464843750 3787262
0.071899414062500 3799622
0.000000000000000 3787039
0.075012207031250 3800036
0.073425292968750 3792372
0.073303222656250 3800072
0.072875976562500 3799963
0.072509765625000 3800072
0.072326660156250 3795609
0.071594238281250 3793128
0.070617675781250 3800000
0.073303222656250 3800000
0.073486328125000 3796697
0.071655273437500 3800072
0.000000000000000 3799963
0.072387695312500 3787389
0.071716308593750 3787963
0.064147949218750 3800000
0.071960449218750 3800000
0.071289062500000 3799819
0.074218750000000 3800180
0.072326660156250 3800000
0.074584960937500 3799963
0.070434570312500 3799963
0.073120117187500 3800072
0.072265625000000 3800000
0.064697265625000 3799963
0.070251464843750 3795508
0.072387695312500 3783333
0.074279785156250 3783334
0.000000000000000 3794518
0.070861816406250 3791850
0.073730468750000 3788914
0.073364257812500 3791670
0.071838378906250 3786052
0.072265625000000 3800000
0.075134277343750 3800000
0.074707031250000 3792095
0.072448730468750 3799040
0.073242187500000 3800000
0.070129394531250 3800000
0.065185546875000 3800000
0.073120117187500 3800000
0.000000000000000 3799653
0.071838378906250 3783367
0.074157714843750 3796552
0.074829101562500 3784603
0.071472167968750 3796555
0.072937011718750 3794064
0.072570800781250 3794322
0.069946289062500 3789115
0.074951171875000 3797421
0.072387695312500 3797642
0.070739746093750 3798190
0.072875976562500 3784346
0.000000000000000 3793968
0.073242187500000 3787319
0.072631835937500 3796992
0.071838378906250 3800036
0.072265625000000 3789980
0.072082519531250 3792548
0.072326660156250 3794732
0.073486328125000 3797999
0.070922851562500 3800036
0.072143554687500 3800000
0.072509765625000 3800000
0.073974609375000 3800000
0.000000000000000 3799927
0.072204589843750 3790483
0.070739746093750 3783405
0.071777343750000 3790494
0.072143554687500 3797548
0.072082519531250 3799927
0.071655273437500 3800036
0.072998046875000 3800036
0.074462890625000 3799963
0.070190429687500 3800036
0.072814941406250 3793126
0.072387695312500 3796299
0.073486328125000 3798655
0.000000000000000 3800000
0.072448730468750 3793039
0.072143554687500 3788336
0.071716308593750 3794050
0.072387695312500 3800000
0.073486328125000 3789655
0.073120117187500 3800000
0.072082519531250 3800000
0.070495605468750 3799927
0.071716308593750 3800072
0.073181152343750 3800000
0.070983886718750 3800000
0.072570800781250 3793106
0.070861816406250 3800000
0.000000000000000 3799891
0.074218750000000 3793567
0.069885253906250 3792607
0.073364257812500 3800000
0.072998046875000 3799963
0.071044921875000 3800036
0.073303222656250 3800000
0.071166992187500 3800000
0.073364257812500 3796098
0.070861816406250 3796998
0.074279785156250 3799855
0.074340820312500 3800144
0.000000000000000 3799891
0.072082519531250 3800108
0.071350097656250 3799927
0.070373535156250 3792698
0.073852539062500 3785202
0.071655273437500 3800036
0.073120117187500 3799891
0.074218750000000 3798615
0.071350097656250 3794595
0.074218750000000 3799421
0.069030761718750 3789615
0.064086914062500 3800000
0.070129394531250 3800000
0.073425292968750 3799927
0.070190429687500 3796658
0.000000000000000 3788130
0.075744628906250 3800000
0.070800781250000 3800000
0.073120117187500 3789605
0.071716308593750 3800072
0.070434570312500 3799963
0.072082519531250 3800000
0.072082519531250 3800000
0.073913574218750 3798294
0.074584960937500 3790625
0.070556640625000 3790311
0.073730468750000 3787349
0.000000000000000 3796316
0.073242187500000 3800000
0.071350097656250 3785894
0.071044921875000 3795079
0.073242187500000 3799463
0.073059082031250 3785603
0.074340820312500 3783368
0.072753906250000 3783297
0.071594238281250 3783335
0.072875976562500 3792261
0.071228027343750 3800000
0.073120117187500 3793112
0.000000000000000 3799927
0.072021484375000 3800072
0.071716308593750 3799963
0.072875976562500 3800036
0.072875976562500 3800000
0.073364257812500 3800000
0.073486328125000 3800000
0.070861816406250 3800000
0.063781738281250 3800000
0.069396972656250 3800000
0.071960449218750 3800000
0.070556640625000 3800000
0.073120117187500 3785817
0.074523925781250 3792072
0.000000000000000 3802026
0.074218750000000 3787484
0.074218750000000 3798220
0.072265625000000 3795417
0.074218750000000 3800000
0.072448730468750 3798871
0.071228027343750 3794141
0.070129394531250 3794497
0.073120117187500 3791731
0.075195312500000 3799963
0.072387695312500 3791903
0.073364257812500 3799656
0.000000000000000 3788741
0.072753906250000 3795188
0.074707031250000 3794339
0.071350097656250 3786758
0.063720703125000 3783330
0.073120117187500 3787289
0.070739746093750 3800036
0.073486328125000 3796596
0.071044921875000 3800000
0.073608398437500 3799963
0.069885253906250 3800036
0.074340820312500 3799963
0.072937011718750 3800036
0.070739746093750 3792133
0.071411132812500 3797954
0.000000000000000 3800000
0.072082519531250 3800000
0.074584960937500 3787398
0.071960449218750 3793073
0.069946289062500 3800000
0.073486328125000 3800036
0.073364257812500 3799927
0.072143554687500 3799963
0.069152832031250 3796816
0.072265625000000 3799927
0.071716308593750 3800036
0.072814941406250 3800036
0.000000000000000 3800036
0.074645996093750 3799963
0.071899414062500 3800000
0.073242187500000 3797864
0.072631835937500 3790938
0.071228027343750 3798176
0.071105957031250 3790490
0.071777343750000 3796241
0.072509765625000 3799927
0.072387695312500 3798392
0.071411132812500 3800000
0.071594238281250 3800000
0.070739746093750 3799488
0.073852539062500 3797079
0.000000000000000 3799927
0.071228027343750 3800072
0.071105957031250 3799963
0.073242187500000 3800036
0.072204589843750 3799927
0.070861816406250 3799505
0.071166992187500 3783260
0.069946289062500 3794799
0.072814941406250 3794366
0.072021484375000 3794807
0.072875976562500 3799927
0.073547363281250 3800072
0.072631835937500 3800000
0.000000000000000 3800000
0.072143554687500 3800000
0.070800781250000 3793396
0.071411132812500 3793816
0.071166992187500 3791218
0.072875976562500 3787912
0.075439453125000 3799900
0.070617675781250 3797981
0.072814941406250 3800000
0.071228027343750 3800000
0.073303222656250 3800000
0.072021484375000 3799927
0.074890136718750 3794929
0.000000000000000 3798259
0.074340820312500 3800000
0.070617675781250 3796436
0.063781738281250 3795699
0.071716308593750 3794683
0.070495605468750 3793145
0.063598632812500 3800000
0.072875976562500 3800000
0.073547363281250 3800000
0.074523925781250 3799927
0.073486328125000 3800072
0.071166992187500 3800000
0.063659667968750 3788888
0.073730468750000 3794166
0.073120117187500 3793179
0.070678710937500 3783298
0.071350097656250 3783333
0.000000000000000 3796595
0.073730468750000 3787372
0.070922851562500 3786333
0.071533203125000 3800000
0.071228027343750 3799927
0.064025878906250 3792801
0.070861816406250 3790976
0.071472167968750 3791460
0.070129394531250 3783785
0.074951171875000 3800000
0.072326660156250 3797914
0.072937011718750 3796723
0.065979003906250 3800072
0.071838378906250 3799279
0.072082519531250 3783370
0.072509765625000 3798944
0.000000000000000 3800072
0.073364257812500 3797377
0.074462890625000 3790409
0.071716308593750 3788147
0.072570800781250 3796598
0.073303222656250 3800000
0.073242187500000 3787578
0.070983886718750 3783297
0.071289062500000 3793229
0.073181152343750 3797340
0.070434570312500 3799257
0.072753906250000 3799963
0.070312500000000 3800036
0.000000000000000 3799963
0.075012207031250 3800036
0.070434570312500 3793299
0.073059082031250 3797071
0.075195312500000 3798684
0.070983886718750 3793418
0.064819335937500 3800036
0.071289062500000 3799963
0.072021484375000 3794127
0.070373535156250 3796554
0.074218750000000 3800036
0.069335937500000 3800000
0.075378417968750 3800000
0.063781738281250 3800000
0.069030761718750 3800000
0.000000000000000 3800000
0.073669433593750 3799927
0.072387695312500 3800108
0.073120117187500 3790588
0.073120117187500 3794117
0.074340820312500 3800000
0.072143554687500 3800000
0.073181152343750 3800036
0.072570800781250 3799963
0.072204589843750 3800000
0.073852539062500 3800000
0.069458007812500 3800000
0.000000000000000 3800000
0.073486328125000 3799963
0.074401855468750 3799476
0.070983886718750 3783367
0.072326660156250 3794493
0.070800781250000 3783332
0.071594238281250 3784900
0.073059082031250 3800000
0.073486328125000 3796030
0.072448730468750 3786833
0.070617675781250 3791072
0.072326660156250 3799963
0.071899414062500 3788817
0.059814453125000 3793658
0.068481445312500 3797793
0.000000000000000 3799284
0.069152832031250 3799927
0.073547363281250 3800072
0.074096679687500 3800000
0.070556640625000 3799963
0.067932128906250 3800000
0.069030761718750 3800036
0.068542480468750 3800000
0.062561035156250 3800000
0.072143554687500 3800000
0.066040039062500 3799963
0.074035644531250 3795033
0.000000000000000 3791270
0.071594238281250 3800000
0.068908691406250 3800000
0.067382812500000 3799963
0.069458007812500 3795145
0.071289062500000 3785184
0.070739746093750 3795079
0.071228027343750 3791175
0.067504882812500 3790398
0.071411132812500 3790321
0.062377929687500 3793878
0.058837890625000 3790410
0.072509765625000 3783329
0.000000000000000 3783335
0.132263183593750 3786709
0.000000000000000 3783406
0.072021484375000 3796460
0.071228027343750 3800000
0.065246582031250 3800000
0.063781738281250 3800000
0.071716308593750 3800000
0.068725585937500 3800000
0.071044921875000 3800000
0.069763183593750 3800000
0.072875976562500 3800036
0.070251464843750 3799963
0.059204101562500 3799963
0.067565917968750 3800036
0.068176269531250 3800000
0.062988281250000 3796590
0.000000000000000 3791964
0.072448730468750 3797672
0.069396972656250 3797155
0.070983886718750 3795879
0.064147949218750 3791975
0.068542480468750 3786926
0.073120117187500 3799963
0.070251464843750 3800000
0.059753417968750 3800000
0.069824218750000 3800000
0.070556640625000 3800000
0.074401855468750 3800000
0.069213867187500 3796778
0.060424804687500 3797854
0.062683105468750 3800000
0.067871093750000 3799792
0.000000000000000 3789678
0.067810058593750 3800036
0.073730468750000 3799963
0.063781738281250 3793178
0.068786621093750 3783964
0.068542480468750 3798550
0.068298339843750 3790193
0.073486328125000 3791332
0.072875976562500 3793747
0.068786621093750 3794386
0.059509277343750 3800000
0.072387695312500 3800000
0.074462890625000 3800000
0.000000000000000 3800000
0.127746582031250 3800036
0.000000000000000 3799963
0.067749023437500 3795762
0.070068359375000 3798969
0.076965332031250 3799261
0.069396972656250 3799963
0.069641113281250 3800036
0.071044921875000 3798296
0.061279296875000 3793018
0.067626953125000 3800000
0.070129394531250 3799142
0.071594238281250 3790518
0.000000000000000 3799963
0.136169433593750 3794429
0.000000000000000 3800000
0.067321777343750 3800000
0.059936523437500 3800000
0.067321777343750 3796256
0.063293457031250 3793048
0.069824218750000 3796586
0.068664550781250 3800000
0.075561523437500 3800000
0.069824218750000 3792730
0.061279296875000 3798099
0.065917968750000 3783301
0.073059082031250 3794590
0.069519042968750 3792305
0.061706542968750 3800144
0.070251464843750 3793364
0.062927246093750 3795588
0.071289062500000 3794583
0.067443847656250 3793111
0.062255859375000 3786791
0.000000000000000 3800000
0.071289062500000 3800072
0.066711425781250 3800000
0.071960449218750 3799571
0.064208984375000 3796069
0.059448242187500 3799963
0.066894531250000 3800036
0.069519042968750 3800000
0.074401855468750 3784772
0.062133789062500 3797617
0.067993164062500 3798998
0.069885253906250 3799963
0.070190429687500 3789254
0.074401855468750 3800000
0.062866210937500 3800036
0.067565917968750 3799963
0.069885253906250 3800000
0.000000000000000 3800000
0.068664550781250 3800000
0.068664550781250 3800000
0.071350097656250 3799927
0.062438964843750 3800072
0.068847656250000 3800000
0.071289062500000 3796357
0.072143554687500 3798889
0.069152832031250 3800000
0.072509765625000 3800000
0.070922851562500 3796582
0.059265136718750 3799927
0.067382812500000 3800072
0.072082519531250 3797025
0.000000000000000 3800000
0.073181152343750 3800000
0.066528320312500 3800000
0.067260742187500 3799927
0.072509765625000 3792752
0.073120117187500 3783331
0.070922851562500 3783334
0.061767578125000 3783336
0.069580078125000 3794218
0.065917968750000 3800036
0.071594238281250 3800000
0.072998046875000 3800000
0.060729980468750 3800000
0.000000000000000 3800000
0.067749023437500 3799963
0.067810058593750 3800036
0.069396972656250 3800000
0.063781738281250 3800000
0.072143554687500 3800000
0.059204101562500 3799963
0.069763183593750 3800036
0.067687988281250 3800000
0.065551757812500 3800000
0.071777343750000 3800000
0.060852050781250 3799963
0.066955566406250 3800072
0.073547363281250 3799963
0.061218261718750 3800000
0.068481445312500 3787534
0.071899414062500 3785987
0.070983886718750 3787833
0.000000000000000 3794315
0.069763183593750 3783260
0.068481445312500 3783408
0.071899414062500 3787013
0.071105957031250 3797839
0.065124511718750 3783262
0.073059082031250 3783337
0.070739746093750 3786336
0.067749023437500 3798417
0.071472167968750 3794604
0.074829101562500 3787008
0.000000000000000 3800000
0.069458007812500 3800000
0.066040039062500 3800000
0.069824218750000 3800000
0.070556640625000 3797588
0.071350097656250 3798985
0.068664550781250 3799963
0.060302734375000 3799963
0.073303222656250 3786800
0.071533203125000 3796710
0.068359375000000 3796617
0.071228027343750 3792107
0.070861816406250 3794568
0.000000000000000 3800000
0.071472167968750 3800000
0.070312500000000 3799963
0.068725585937500 3800036
0.070495605468750 3800000
0.062011718750000 3800036
0.059448242187500 3799891
0.069763183593750 3800072
0.071228027343750 3800000
0.071411132812500 3799891
0.070495605468750 3800000
0.071838378906250 3800108
0.061401367187500 3800000
0.069152832031250 3800000
0.000000000000000 3800000
0.072814941406250 3800036
0.071411132812500 3799963
0.067260742187500 3800000
0.073791503906250 3800000
0.070922851562500 3800000
0.060180664062500 3800000
0.071166992187500 3800000
0.069091796875000 3800000
0.068664550781250 3800000
0.068481445312500 3800000
0.061767578125000 3800000
0.065490722656250 3800000
0.073852539062500 3799891
0.060058593750000 3800108
0.000000000000000 3799963
0.072448730468750 3797671
0.069458007812500 3800072
0.061828613281250 3799891
0.062011718750000 3800036
0.074645996093750 3800072
0.060424804687500 3793839
0.067260742187500 3796347
0.068847656250000 3795706
0.068237304687500 3783297
0.075134277343750 3793323
0.069091796875000 3800036
0.069946289062500 3800000
0.059387207031250 3798656
0.064880371093750 3800000
0.071960449218750 3800000
0.073181152343750 3800000
0.063659667968750 3797598
0.000000000000000 3783331
0.066223144531250 3783493
0.070495605468750 3800000
0.068542480468750 3800000
0.069702148437500 3799927
0.064147949218750 3800000
0.068176269531250 3800072
0.076110839843750 3800000
0.067993164062500 3798746
0.060913085937500 3800000
0.067932128906250 3800000
0.073303222656250 3800000
0.073486328125000 3800000
0.000000000000000 3800000
0.068908691406250 3800000
0.070434570312500 3796520
0.068420410156250 3797155
0.074279785156250 3787476
0.068664550781250 3785385
0.067993164062500 3783984
0.072021484375000 3799927
0.072021484375000 3793003
0.060546875000000 3800036
0.067443847656250 3799963
0.069641113281250 3800036
0.069458007812500 3799963
0.062561035156250 3800000
0.000000000000000 3800000
0.130859375000000 3800000
0.000000000000000 3791413
0.069824218750000 3783331
0.069091796875000 3793369
0.062133789062500 3796999
0.070007324218750 3791375
0.071228027343750 3785720
0.060974121093750 3792853
0.068054199218750 3800000
0.063171386718750 3793112
0.071533203125000 3800036
0.068420410156250 3799963
0.069396972656250 3800000
0.063049316406250 3800000
0.070861816406250 3793078
0.067260742187500 3799963
0.070678710937500 3800072
0.070556640625000 3800000
0.000000000000000 3791344
0.068237304687500 3798551
0.073425292968750 3798902
0.072875976562500 3800000
0.070373535156250 3791958
0.059753417968750 3783423
0.068481445312500 3800036
0.070617675781250 3799855
0.068847656250000 3789108
0.069885253906250 3791044
0.059692382812500 3789869
0.064941406250000 3799927
0.076232910156250 3799963
0.068176269531250 3789686
0.062194824218750 3793916
0.000000000000000 3785103
0.129577636718750 3800000
0.000000000000000 3792903
0.070556640625000 3791508
0.060180664062500 3796263
0.069152832031250 3796962
0.070190429687500 3799891
0.064331054687500 3800036
0.060546875000000 3800000
0.069946289062500 3800036
0.062011718750000 3800036
0.072143554687500 3799927
0.069702148437500 3800072
0.069702148437500 3800000
0.072143554687500 3800000
0.070922851562500 3800000
0.062500000000000 3800000
0.072204589843750 3799963
0.069152832031250 3800036
0.063781738281250 3800000
0.000000000000000 3797980
0.070190429687500 3794177
0.065795898437500 3796092
0.071411132812500 3799927
0.075439453125000 3796679
0.066589355468750 3784316
0.069763183593750 3790411
0.071350097656250 3783330
0.062133789062500 3795900
0.059936523437500 3793009
0.068725585937500 3800072
0.071838378906250 3800036
0.061767578125000 3800000
0.069152832031250 3796562
0.071960449218750 3796581
0.000000000000000 3789363
0.071044921875000 3799963
0.066650390625000 3800000
0.072570800781250 3800036
0.073791503906250 3800000
0.072692871093750 3799891
0.069030761718750 3800108
0.067871093750000 3800000
0.070556640625000 3800000
0.071533203125000 3800000
0.062866210937500 3800000
0.068115234375000 3799290
0.000000000000000 3783224
0.073913574218750 3794376
0.063598632812500 3800000
0.066589355468750 3800000
0.067016601562500 3800000
0.071472167968750 3800072
0.072204589843750 3795391
0.069335937500000 3788929
0.071655273437500 3783334
0.072631835937500 3797419
0.070861816406250 3800036
0.061279296875000 3797967
0.068115234375000 3800000
0.000000000000000 3800000
0.067687988281250 3800000
0.071350097656250 3800000
0.072204589843750 3800000
0.060668945312500 3800000
0.071533203125000 3800000
0.070495605468750 3799963
0.066650390625000 3800036
0.063720703125000 3799963
0.071533203125000 3800036
0.059936523437500 3800000
0.071960449218750 3797069
0.073364257812500 3788917
0.059997558593750 3796236
0.070190429687500 3800000
0.070007324218750 3800000
0.000000000000000 3800036
0.128356933593750 3799963
0.000000000000000 3800000
0.132995605468750 3800000
0.000000000000000 3800036
0.124877929687500 3799963
0.000000000000000 3796592
0.069580078125000 3797363
0.073547363281250 3784910
0.073425292968750 3800000
0.067016601562500 3799927
0.060363769531250 3800036
0.071289062500000 3799963
0.069335937500000 3800072
0.059326171875000 3793518
0.059631347656250 3795953
0.062683105468750 3800000
0.071105957031250 3800000
0.070312500000000 3796688
0.072143554687500 3800000
0.061645507812500 3800000
0.069335937500000 3800000
0.072814941406250 3799891
0.000000000000000 3800108
0.073364257812500 3799963
0.069580078125000 3799765
0.058715820312500 3797402
0.070373535156250 3795658
0.072814941406250 3791167
0.069519042968750 3783406
0.069152832031250 3796055
0.071594238281250 3800000
0.071655273437500 3789268
0.068847656250000 3790483
0.071228027343750 3788234
0.062500000000000 3792630
0.000000000000000 3796494
0.068237304687500 3799891
0.069274902343750 3793794
0.071838378906250 3800000
0.070800781250000 3800036
0.069396972656250 3797955
0.068298339843750 3800108
0.071960449218750 3800000
0.068237304687500 3800000
0.065002441406250 3800000
0.069885253906250 3800000
0.059204101562500 3800000
0.070434570312500 3800000
0.064758300781250 3800000
0.069763183593750 3799891
0.000000000000000 3800108
0.128784179687500 3799927
0.000000000000000 3800036
0.071533203125000 3800000
0.063171386718750 3800036
0.067504882812500 3800000
0.069213867187500 3799963
0.069458007812500 3800000
0.072998046875000 3800036
0.069091796875000 3800036
0.070861816406250 3799963
0.062194824218750 3800000
0.058837890625000 3800000
0.070434570312500 3800000
0.073059082031250 3800000
0.061279296875000 3800000
0.068054199218750 3799963
0.070983886718750 3800036
0.000000000000000 3800000
0.075439453125000 3800000
0.067504882812500 3800000
0.068298339843750 3800000
0.071105957031250 3800000
0.062011718750000 3800000
0.067321777343750 3800000
0.063232421875000 3799963
0.070861816406250 3800072
0.070068359375000 3799963
0.062988281250000 3800000
0.073425292968750 3800000
0.069641113281250 3800000
0.067687988281250 3800000
0.062988281250000 3800000
0.070190429687500 3800000
0.000000000000000 3800036
0.068969726562500 3793001
0.073120117187500 3799891
0.070617675781250 3791147
0.059448242187500 3783403
0.072204589843750 3793811
0.074035644531250 3800000
0.068664550781250 3800036
0.068176269531250 3799963
0.068725585937500 3800000
0.073303222656250 3800000
0.072937011718750 3800000
0.000000000000000 3800000
0.069091796875000 3800000
0.070983886718750 3800000
0.069641113281250 3800000
0.072692871093750 3800000
0.069091796875000 3800000
0.068603515625000 3800000
0.073303222656250 3793956
0.070373535156250 3799317
0.060852050781250 3799963
0.069213867187500 3800036
0.060180664062500 3799927
0.074096679687500 3800072
0.000000000000000 3800000
0.070312500000000 3800036
0.068542480468750 3799963
0.072753906250000 3800000
0.071228027343750 3799927
0.068725585937500 3800072
0.069335937500000 3800000
0.063598632812500 3800000
0.070251464843750 3800000
0.068908691406250 3800000
0.070617675781250 3799927
0.071228027343750 3800072
0.059753417968750 3799927
0.069030761718750 3800108
0.000000000000000 3799963
0.074096679687500 3799927
0.070434570312500 3800072
0.060363769531250 3800000
0.071044921875000 3797404
0.060546875000000 3791777
0.067321777343750 3799927
0.073425292968750 3800072
0.069824218750000 3800000
0.059326171875000 3799927
0.074584960937500 3800072
0.071594238281250 3800000
0.069946289062500 3800000
0.071716308593750 3800000
0.000000000000000 3795652
0.071166992187500 3791771
0.067443847656250 3797931
0.069580078125000 3784336
0.064086914062500 3800180
0.071899414062500 3799891
0.068054199218750 3800072
0.067260742187500 3799818
0.072631835937500 3788175
0.072509765625000 3788987
0.068786621093750 3791970
0.070312500000000 3783336
0.000000000000000 3792445
0.134521484375000 3799927
0.000000000000000 3800072
0.069396972656250 3800000
0.068664550781250 3798872
0.070983886718750 3792826
0.061950683593750 3797780
0.068786621093750 3799927
0.070007324218750 3800000
0.072875976562500 3791471
0.065856933593750 3798193
0.060546875000000 3799927
0.070495605468750 3800108
0.071289062500000 3799963
0.072509765625000 3800036
0.059387207031250 3800000
0.070129394531250 3800000
0.000000000000000 3800036
0.128784179687500 3799963
0.000000000000000 3799927
0.072570800781250 3800072
0.072021484375000 3798012
0.059143066406250 3795066
0.065246582031250 3799927
0.068054199218750 3800000
0.064453125000000 3800072
0.072692871093750 3800000
0.070495605468750 3799963
0.068969726562500 3799963
0.069641113281250 3800072
0.063476562500000 3800000
0.071899414062500 3799963
0.066589355468750 3789902
0.070312500000000 3800000
0.000000000000000 3800000
0.072631835937500 3800000
0.070739746093750 3800000
0.067565917968750 3799963
0.062805175781250 3800036
0.071533203125000 3799963
0.060363769531250 3800036
0.072875976562500 3800000
0.071960449218750 3800000
0.058898925781250 3800000
0.068725585937500 3799927
0.070129394531250 3799963
0.073425292968750 3800036
0.070678710937500 3800072
0.067565917968750 3800000
0.062927246093750 3799963
0.000000000000000 3800036
0.071838378906250 3800000
0.071533203125000 3800000
0.071899414062500 3799963
0.059326171875000 3800036
0.063110351562500 3796411
0.069152832031250 3799927
0.070129394531250 3800072
0.070495605468750 3800000
0.075317382812500 3800000
0.070373535156250 3800000
0.066162109375000 3800000
0.069824218750000 3800000
0.000000000000000 3800000
0.068542480468750 3800000
0.072387695312500 3800036
0.072570800781250 3799855
0.066650390625000 3800036
0.061889648437500 3800072
0.072814941406250 3800000
0.073303222656250 3800000
0.066162109375000 3800000
0.068359375000000 3800000
0.074707031250000 3800000
0.071350097656250 3800000
0.000000000000000 3799963
0.071533203125000 3800036
0.066955566406250 3800000
0.059570312500000 3800036
0.072021484375000 3799819
0.071044921875000 3800144
0.070556640625000 3800000
0.070861816406250 3800000
0.073364257812500 3800000
0.067138671875000 3800000
0.073059082031250 3800000
0.071960449218750 3799963
0.000000000000000 3799963
0.069335937500000 3800072
0.069641113281250 3799891
0.063659667968750 3800108
0.068969726562500 3800000
0.067199707031250 3800000
0.064208984375000 3800000
0.069885253906250 3799927
0.059448242187500 3800072
0.071166992187500 3800000
0.071533203125000 3800000
0.060241699218750 3800000
0.071533203125000 3800000
0.072387695312500 3800000
0.068298339843750 3800036
0.069702148437500 3799927
0.061645507812500 3800000
0.059814453125000 3799963
0.071594238281250 3800072
0.000000000000000 3800000
0.073303222656250 3800000
0.060852050781250 3799963
0.068298339843750 3800036
0.072265625000000 3800000
0.071716308593750 3799927
0.073608398437500 3800072
0.067504882812500 3800000
0.059936523437500 3800000
0.069580078125000 3799963
0.071228027343750 3800036
0.061828613281250 3800036
0.067016601562500 3799963
0.071533203125000 3800000
0.072082519531250 3800000
0.000000000000000 3800000
0.072814941406250 3799891
0.071899414062500 3800108
0.067565917968750 3800000
0.069091796875000 3800000
0.072326660156250 3800000
0.063415527343750 3800000
0.066833496093750 3800000
0.059753417968750 3800000
0.069824218750000 3800036
0.063171386718750 3799963
0.200073242187500 3800000
0.073608398437500 3800036
0.071533203125000 3799927
0.069641113281250 3800072
0.068847656250000 3799963
0.067626953125000 3799927
0.074462890625000 3800108
0.062805175781250 3799963
0.067565917968750 3800000
0.000000000000000 3799927
0.071350097656250 3800072
0.072082519531250 3800000
0.063598632812500 3800000
0.067871093750000 3799963
0.061340332031250 3800036
0.069824218750000 3800000
0.067687988281250 3800000
0.063171386718750 3800036
0.072570800781250 3799963
0.069091796875000 3800000
0.067321777343750 3601372
0.062377929687500 3800000
0.071899414062500 3799927
0.059448242187500 3800036
0.067565917968750 3800000
0.073303222656250 3800036
0.073608398437500 3800000
0.000000000000000 3800036
0.067932128906250 3799963
0.070678710937500 3800000
0.069152832031250 3800000
0.071289062500000 3799963
0.071838378906250 3800036
0.070373535156250 3800000
0.072265625000000 3800000
0.068176269531250 3800000
0.059631347656250 3594270
0.065673828125000 3800000
0.072082519531250 3800000
0.070678710937500 3800000
0.000000000000000 3800036
0.072265625000000 3800000
0.069213867187500 3800000
0.069396972656250 3799963
0.062255859375000 3789446
0.067626953125000 3800000
0.063171386718750 3800000
0.070068359375000 3800000
0.060546875000000 3799963
0.068420410156250 3800036
0.075073242187500 3800000
0.070739746093750 3800000
0.069396972656250 3800036
0.063232421875000 3797277
0.068115234375000 3799146
0.060852050781250 3796542
0.070251464843750 3800036
0.000000000000000 3799819
0.072692871093750 3800180
0.069824218750000 3800000
0.071533203125000 3792222
0.073730468750000 3799891
0.071472167968750 3800108
0.068359375000000 3787362
0.072631835937500 3798607
0.073425292968750 3800000
0.000000000000000 3799927
0.069030761718750 3800036
0.066894531250000 3799927
0.063598632812500 3800108
0.072082519531250 3799927
0.068420410156250 3798930
0.072326660156250 3790794
0.072875976562500 3800000
0.069702148437500 3799963
0.059631347656250 3796162
0.069091796875000 3783333
0.071411132812500 3784869
0.071655273437500 3792758
0.069946289062500 3783331
0.000000000000000 3789090
0.072631835937500 3799963
0.071533203125000 3800036
0.067810058593750 3800000
0.062683105468750 3800036
0.062255859375000 3800000
0.067749023437500 3800000
0.070495605468750 3800000
0.062316894531250 3799927
0.058898925781250 3800036
0.069702148437500 3800036
0.063110351562500 3800000
0.070556640625000 3800000
0.070251464843750 3800000
0.073486328125000 3800000
0.070190429687500 3800000
0.067504882812500 3799927
0.000000000000000 3800072
0.073669433593750 3800000
0.062622070312500 3800000
0.064819335937500 3787592
0.062438964843750 3783332
0.071472167968750 3784029
0.069580078125000 3800000
0.069824218750000 3799963
0.069396972656250 3800036
0.072326660156250 3800000
0.069763183593750 3800000
0.060607910156250 3800000
0.071960449218750 3800000
0.069641113281250 3800000
0.067749023437500 3800000
0.000000000000000 3800000
0.073181152343750 3800000
0.075927734375000 3787175
0.069519042968750 3783330
0.066894531250000 3794394
0.067382812500000 3800000
0.063415527343750 3800036
0.072143554687500 3799963
0.069396972656250 3799963
0.066528320312500 3800036
0.060119628906250 3800000
0.060974121093750 3800000
0.072875976562500 3800000
0.063903808593750 3800000
0.068054199218750 3800000
0.068176269531250 3799891
0.070190429687500 3796590
0.000000000000000 3800072
0.073547363281250 3800036
0.071228027343750 3799927
0.070739746093750 3800000
0.070861816406250 3800036
0.065917968750000 3797717
0.062072753906250 3783298
0.072021484375000 3798258
0.074523925781250 3800000
0.067443847656250 3800000
0.070129394531250 3800000
0.068542480468750 3800000
0.000000000000000 3799891
0.071533203125000 3800108
0.063659667968750 3800000
0.065246582031250 3799927
0.068664550781250 3800072
0.070251464843750 3799927
0.063537597656250 3800000
0.059387207031250 3800000
0.069274902343750 3797015
0.068969726562500 3789302
0.068725585937500 3799891
0.064453125000000 3800108
0.070190429687500 3800000
0.069580078125000 3799891
0.068176269531250 3800108
0.069580078125000 3799891
0.070678710937500 3800144
0.000000000000000 3796531
0.135620117187500 3800000
0.000000000000000 3800000
0.067199707031250 3800000
0.060241699218750 3800000
0.069274902343750 3799891
0.072570800781250 3800036
0.071960449218750 3800000
0.068542480468750 3800036
0.061035156250000 3799927
0.066894531250000 3800144
0.073120117187500 3799963
0.070983886718750 3796526
0.060546875000000 3800000
0.072692871093750 3795595
0.072875976562500 3797186
0.000000000000000 3800036
0.071105957031250 3800036
0.067077636718750 3799927
0.062561035156250 3800000
0.070678710937500 3800072
0.059387207031250 3800000
0.071289062500000 3800000
0.075256347656250 3800000
0.070739746093750 3800000
0.059570312500000 3800000
0.070861816406250 3800000
0.067077636718750 3800000
0.063110351562500 3800000
0.072509765625000 3799927
0.068298339843750 3800108
0.067687988281250 3799891
0.073852539062500 3800108
0.000000000000000 3799927
0.071777343750000 3800036
0.067749023437500 3800000
0.071594238281250 3789200
0.074707031250000 3783336
0.063293457031250 3783365
0.066345214843750 3791236
0.068908691406250 3789391
0.068481445312500 3800036
0.069519042968750 3800036
0.063964843750000 3799891
0.070129394531250 3790881
0.059631347656250 3783404
0.068115234375000 3794384
0.000000000000000 3796853
0.072937011718750 3800072
0.071777343750000 3800000
0.069396972656250 3796169
0.059387207031250 3786264
0.068237304687500 3799963
0.071228027343750 3800036
0.067687988281250 3800000
0.071838378906250 3794367
0.070190429687500 3792199
0.059814453125000 3797923
0.070251464843750 3797364
0.061828613281250 3788234
0.069152832031250 3800000
0.070861816406250 3792337
0.074157714843750 3799759
0.000000000000000 3800000
0.070373535156250 3792885
0.069152832031250 3789361
0.069519042968750 3788132
0.059875488281250 3795423
0.073608398437500 3800000
0.071899414062500 3800000
0.066467285156250 3792958
0.070251464843750 3799927
0.064270019531250 3800072
0.068115234375000 3800000
0.068298339843750 3796582
0.072998046875000 3800000
0.062072753906250 3799963
0.060546875000000 3800036
0.071105957031250 3800000
0.000000000000000 3800000
0.071105957031250 3799927
0.070739746093750 3800000
0.064147949218750 3800072
0.067016601562500 3798402
0.060180664062500 3791262
0.071350097656250 3799963
0.063476562500000 3800000
0.070129394531250 3796471
0.068786621093750 3800072
0.061767578125000 3800000
0.068481445312500 3800000
0.059631347656250 3800000
0.069580078125000 3799963
0.073181152343750 3800036
0.069396972656250 3800036
0.058532714843750 3800000
0.070190429687500 3799963
0.072143554687500 3800000
0.073913574218750 3800000
0.000000000000000 3800000
0.072143554687500 3796415
0.068542480468750 3799927
0.067871093750000 3800072
0.069152832031250 3799855
0.071655273437500 3800036
0.070800781250000 3800036
0.060852050781250 3800000
0.072082519531250 3800072
0.070983886718750 3795988
0.067138671875000 3783368
0.059204101562500 3797132
0.072753906250000 3791783
0.063476562500000 3792871
0.068786621093750 3794101
0.000000000000000 3799330
0.072021484375000 3800000
0.070251464843750 3800000
0.067199707031250 3800000
0.071655273437500 3799927
0.072082519531250 3799963
0.061096191406250 3800036
0.068664550781250 3800072
0.067749023437500 3800000
0.073608398437500 3800036
0.071350097656250 3799927
0.058715820312500 3800036
0.068420410156250 3800000
0.062805175781250 3800000
0.071716308593750 3800000
0.060119628906250 3799927
0.000000000000000 3800072
0.071533203125000 3799927
0.070007324218750 3800072
0.071044921875000 3800000
0.068359375000000 3800000
0.062683105468750 3800000
0.071838378906250 3800000
0.067687988281250 3800000
0.072692871093750 3796715
0.071350097656250 3796306
0.059692382812500 3792000
0.070007324218750 3797577
0.072143554687500 3793824
0.070068359375000 3792258
0.000000000000000 3800036
0.068176269531250 3799963
0.069946289062500 3800000
0.070922851562500 3791723
0.072326660156250 3797758
0.068115234375000 3800000
0.069702148437500 3789215
0.069824218750000 3799963
0.071411132812500 3795277
0.059936523437500 3785471
0.071960449218750 3785858
0.071594238281250 3800108
0.059082031250000 3799963
0.069396972656250 3800000
0.000000000000000 3799963
0.072875976562500 3800036
0.073730468750000 3799927
0.071105957031250 3800036
0.067260742187500 3799963
0.072448730468750 3793134
0.069824218750000 3797487
0.068359375000000 3784530
0.071289062500000 3798012
0.073059082031250 3800072
0.000000000000000 3800000
0.070617675781250 3800000
0.068115234375000 3799927
0.072082519531250 3800000
0.069824218750000 3800036
0.059143066406250 3800036
0.068481445312500 3800000
0.068481445312500 3800000
0.072998046875000 3800000
0.069885253906250 3800000
0.059326171875000 3800036
0.070739746093750 3799891
0.072265625000000 3800072
0.067932128906250 3800036
0.000000000000000 3799963
0.071777343750000 3800000
0.076599121093750 3796825
0.069763183593750 3795844
0.059020996093750 3800072
0.068969726562500 3800000
0.069641113281250 3799891
0.068115234375000 3800108
0.069885253906250 3800000
0.075256347656250 3800036
0.067871093750000 3790357
0.061157226562500 3786940
0.067932128906250 3786818
0.072631835937500 3797507
0.000000000000000 3795472
0.068969726562500 3800000
0.059814453125000 3796720
0.070129394531250 3791036
0.060974121093750 3783225
0.067565917968750 3790080
0.062683105468750 3794234
0.073303222656250 3798862
0.071899414062500 3800000
0.063049316406250 3800000
0.067077636718750 3800000
0.067932128906250 3800000
0.071350097656250 3791282
0.069396972656250 3789368
0.068908691406250 3799963
0.070983886718750 3800000
0.065185546875000 3800000
0.069519042968750 3793270
0.000000000000000 3788953
0.068542480468750 3799927
0.067382812500000 3798259
0.072998046875000 3800000
0.071472167968750 3800000
0.069702148437500 3794086
0.070190429687500 3783839
0.067199707031250 3800000
0.062377929687500 3799927
0.068847656250000 3800072
0.068298339843750 3800000
0.070007324218750 3800000
0.073669433593750 3799963
0.064025878906250 3800036
0.000000000000000 3800036
0.067260742187500 3799855
0.070312500000000 3800000
0.068054199218750 3800000
0.070068359375000 3800108
0.070861816406250 3800000
0.072937011718750 3800036
0.069702148437500 3799963
0.068298339843750 3799927
0.072998046875000 3800072
0.071716308593750 3800000
0.000000000000000 3800000
0.070495605468750 3799891
0.070007324218750 3800108
0.067016601562500 3799927
0.071716308593750 3800000
0.069702148437500 3800072
0.060424804687500 3783689
0.069152832031250 3783297
0.071777343750000 3783368
0.074096679687500 3793169
0.068603515625000 3796696
0.067565917968750 3792935
0.000000000000000 3800072
0.135559082031250 3796578
0.000000000000000 3800000
0.066528320312500 3800036
0.067871093750000 3799855
0.072082519531250 3800108
0.062500000000000 3784462
0.067932128906250 3786691
0.072387695312500 3800000
0.069580078125000 3792991
0.068420410156250 3800000
0.072998046875000 3799927
0.071899414062500 3786034
0.069763183593750 3798599
0.000000000000000 3792535
0.069152832031250 3797033
0.067749023437500 3800000
0.062500000000000 3800000
0.069885253906250 3796412
0.067932128906250 3790529
0.062011718750000 3789251
0.074890136718750 3792490
0.070922851562500 3796196
0.066406250000000 3799927
0.069885253906250 3800072
0.070312500000000 3799963
0.063903808593750 3800000
0.069335937500000 3800036
0.059509277343750 3799963
0.067932128906250 3793886
0.070007324218750 3783330
0.000000000000000 3787689
0.070739746093750 3797105
0.071411132812500 3797697
0.063171386718750 3786754
0.059020996093750 3787512
0.068542480468750 3796507
0.068115234375000 3800072
0.062866210937500 3791511
0.072021484375000 3790979
0.058959960937500 3786380
0.067443847656250 3783294
0.074523925781250 3794381
0.070739746093750 3795291
0.059448242187500 3792232
0.071655273437500 3783330
0.072204589843750 3794341
0.068237304687500 3800000
0.061828613281250 3785570
0.070251464843750 3792493
0.000000000000000 3796970
0.069580078125000 3795876
0.070556640625000 3798458
0.073730468750000 3789089
0.073120117187500 3783330
0.059631347656250 3783335
0.067138671875000 3787767
0.066528320312500 3799891
0.073547363281250 3800108
0.073608398437500 3799891
0.071594238281250 3800108
0.066955566406250 3800000
0.069213867187500 3799927
0.000000000000000 3800072
0.073303222656250 3800000
0.073974609375000 3800000
0.070129394531250 3795972
0.066894531250000 3797919
0.062683105468750 3800000
0.067565917968750 3800036
0.062316894531250 3799963
0.069580078125000 3800000
0.068176269531250 3800000
0.073242187500000 3800036
0.072448730468750 3799963
0.072570800781250 3800000
0.000000000000000 3789860
0.067443847656250 3797544
0.060729980468750 3790630
0.066955566406250 3790682
0.062927246093750 3800072
0.072814941406250 3797818
0.069641113281250 3796603
0.059936523437500 3800000
0.069824218750000 3798603
0.063781738281250 3800036
0.067932128906250 3796580
0.061523437500000 3800000
0.072448730468750 3799963
0.060119628906250 3800036
0.068786621093750 3799963
0.063110351562500 3800036
0.071594238281250 3800000
0.069396972656250 3800000
0.072692871093750 3800000
0.070800781250000 3800000
0.000000000000000 3800000
0.069030761718750 3800000
0.070922851562500 3800036
0.065795898437500 3799963
0.072021484375000 3800036
0.065917968750000 3798422
0.060302734375000 3797179
0.067687988281250 3790435
0.062988281250000 3800072
0.069519042968750 3800000
0.059875488281250 3799963
0.076538085937500 3797668
0.071350097656250 3792026
0.063293457031250 3800000
0.069519042968750 3799963
0.074584960937500 3800072
0.066345214843750 3799963
0.000000000000000 3800000
0.070007324218750 3800000
0.070556640625000 3794724
0.061889648437500 3798361
0.069519042968750 3800000
0.075683593750000 3800000
0.067382812500000 3784701
0.063903808593750 3794429
0.062316894531250 3799963
0.060729980468750 3795142
0.072692871093750 3798017
0.065551757812500 3800036
0.068420410156250 3799963
0.068969726562500 3800000
0.062805175781250 3800000
0.066955566406250 3796156
0.068969726562500 3799927
0.073181152343750 3800000
0.000000000000000 3800108
0.072143554687500 3799963
0.067016601562500 3796585
0.070129394531250 3800000
0.063232421875000 3800000
0.067932128906250 3800000
0.059204101562500 3800000
0.073852539062500 3800000
0.070739746093750 3800000
0.060485839843750 3800000
0.071838378906250 3800000
0.072021484375000 3800000
0.065856933593750 3800000
0.072265625000000 3800000
0.000000000000000 3800000
0.075927734375000 3800000
0.067871093750000 3800000
0.072448730468750 3800036
0.070190429687500 3799963
0.068664550781250 3800036
0.061279296875000 3799963
0.072631835937500 3799963
0.073852539062500 3799963
0.069396972656250 3794219
0.069641113281250 3798224
0.073242187500000 3800000
0.000000000000000 3796563
0.070678710937500 3800036
0.067321777343750 3799927
0.074462890625000 3800072
0.071899414062500 3799927
0.066223144531250 3800072
0.061889648437500 3800000
0.072143554687500 3800036
0.070556640625000 3799963
0.067443847656250 3799963
0.070068359375000 3800036
0.072998046875000 3799963
0.000000000000000 3800072
0.072021484375000 3799963
0.069885253906250 3800036
0.068359375000000 3799963
0.071838378906250 3799963
0.072021484375000 3800072
0.071716308593750 3799963
0.063171386718750 3793121
0.069824218750000 3800000
0.067626953125000 3800036
0.073608398437500 3799963
0.000000000000000 3800000
0.073730468750000 3799962
0.068054199218750 3800000
0.070922851562500 3800036
0.071716308593750 3800000
0.065979003906250 3800000
0.060852050781250 3800000
0.068176269531250 3800000
0.060852050781250 3800000
0.069641113281250 3797111
0.072753906250000 3799251
0.072570800781250 3799963
0.059143066406250 3800036
0.058776855468750 3800000
0.073425292968750 3799963
0.071716308593750 3800036
0.000000000000000 3799927
0.066406250000000 3800072
0.072875976562500 3789452
0.073242187500000 3800000
0.068786621093750 3799963
0.059692382812500 3800036
0.070617675781250 3800000
0.070434570312500 3800000
0.069641113281250 3800000
0.072387695312500 3799927
0.073669433593750 3800072
0.068237304687500 3800036
0.000000000000000 3799963
0.070922851562500 3793176
0.070678710937500 3799895
0.070373535156250 3799963
0.066955566406250 3800072
0.062438964843750 3800000
0.071105957031250 3800000
0.067138671875000 3799963
0.073242187500000 3800036
0.071960449218750 3800000
0.062072753906250 3800000
0.068420410156250 3800000
0.069519042968750 3800000
0.068786621093750 3800000
0.000000000000000 3800000
0.070007324218750 3800000
0.062316894531250 3800000
0.066589355468750 3799927
0.062194824218750 3799963
0.070983886718750 3796650
0.068420410156250 3800072
0.071899414062500 3800000
0.074462890625000 3800000
0.072021484375000 3800000
0.066101074218750 3799891
0.063232421875000 3800108
0.071533203125000 3800000
0.058898925781250 3800000
0.068298339843750 3800000
0.075439453125000 3796546
0.000000000000000 3800000
0.073913574218750 3800036
0.066406250000000 3799927
0.068725585937500 3800036
0.070739746093750 3800000
0.062316894531250 3800000
0.068908691406250 3800036
0.068298339843750 3799963
0.071716308593750 3800000
0.074890136718750 3800000
0.068908691406250 3800000
0.066894531250000 3800000
0.061889648437500 3799927
0.072998046875000 3800072
0.062377929687500 3800000
0.000000000000000 3799927
0.068054199218750 3800036
0.068115234375000 3800036
0.073913574218750 3790775
0.072448730468750 3798866
0.059143066406250 3799891
0.073364257812500 3800108
0.070739746093750 3800000
0.068054199218750 3800000
0.063964843750000 3800000
0.071350097656250 3799927
0.059692382812500 3799963
0.068603515625000 3800144
0.062194824218750 3799963
0.074096679687500 3799963
0.067016601562500 3796648
0.000000000000000 3800000
0.067138671875000 3800000
0.072937011718750 3800000
0.070068359375000 3799963
0.070373535156250 3800036
0.068786621093750 3800000
0.075866699218750 3799317
0.070739746093750 3788757
0.068725585937500 3794249
0.067443847656250 3799891
0.072692871093750 3786438
0.000000000000000 3796311
0.072021484375000 3800000
0.059204101562500 3796421
0.059875488281250 3799963
0.066833496093750 3800000
0.072692871093750 3800036
0.072509765625000 3799963
0.058959960937500 3800000
0.070800781250000 3800000
0.064147949218750 3800000
0.070007324218750 3800000
0.059997558593750 3800000
0.067565917968750 3800000
0.072631835937500 3800036
0.073547363281250 3799963
0.068115234375000 3800036
0.063354492187500 3799963
0.071228027343750 3800000
0.000000000000000 3800000
0.068481445312500 3799927
0.070617675781250 3800000
0.073974609375000 3800108
0.070068359375000 3799963
0.068725585937500 3800000
0.068176269531250 3793124
0.070129394531250 3800000
0.059631347656250 3800000
0.073059082031250 3800000
0.068847656250000 3799891
0.059448242187500 3800108
0.068176269531250 3800000
0.063049316406250 3796324
0.073486328125000 3798989
0.068908691406250 3797595
0.000000000000000 3800000
0.069213867187500 3800000
0.071899414062500 3800000
0.070617675781250 3800000
0.069702148437500 3800000
0.072814941406250 3800000
0.059509277343750 3800000
0.068908691406250 3800000
0.073181152343750 3800000
0.069763183593750 3800000
0.067749023437500 3800000
0.063354492187500 3799927
0.073486328125000 3800072
0.000000000000000 3800000
0.069213867187500 3800000
0.069335937500000 3800036
0.063781738281250 3800000
0.072509765625000 3799963
0.059570312500000 3796575
0.067443847656250 3796528
0.071716308593750 3800036
0.062377929687500 3800000
0.059265136718750 3800000
0.067626953125000 3800000
0.069091796875000 3800000
0.071899414062500 3800000
0.063964843750000 3799927
0.065673828125000 3800072
0.059326171875000 3800000
0.072937011718750 3799963
0.071105957031250 3800036
0.067932128906250 3800000
0.000000000000000 3800000
0.072998046875000 3800000
0.069763183593750 3799891
0.068481445312500 3800072
0.063354492187500 3800036
0.075988769531250 3800000
0.069030761718750 3800000
0.068542480468750 3800000
0.069519042968750 3796605
0.070800781250000 3800000
0.070007324218750 3800000
0.059143066406250 3800000
0.072509765625000 3800000
0.000000000000000 3792625
0.073425292968750 3798389
0.068420410156250 3787792
0.071960449218750 3799963
0.063110351562500 3796331
0.068481445312500 3800072
0.059753417968750 3800000
0.068786621093750 3800000
0.073242187500000 3800000
0.071777343750000 3800000
0.068176269531250 3800000
0.072082519531250 3800000
0.069824218750000 3800000
0.067749023437500 3799927
0.061828613281250 3800072
0.000000000000000 3799927
0.074645996093750 3800072
0.072753906250000 3799855
0.069030761718750 3800108
0.068054199218750 3800036
0.072143554687500 3800000
0.061157226562500 3800000
0.067199707031250 3800000
0.073242187500000 3800000
0.062438964843750 3800000
0.066589355468750 3800000
0.073913574218750 3800000
0.069091796875000 3800000
0.000000000000000 3800000
0.069213867187500 3800036
0.073425292968750 3799963
0.061828613281250 3788049
0.070007324218750 3790601
0.069091796875000 3799963
0.064514160156250 3800000
0.068908691406250 3800000
0.059509277343750 3800000
0.069091796875000 3800000
0.062561035156250 3799927
0.071411132812500 3788865
0.069091796875000 3793735
0.074645996093750 3796045
0.069885253906250 3795234
0.058776855468750 3797408
0.068603515625000 3800000
0.073364257812500 3799963
0.000000000000000 3792551
0.065917968750000 3789732
0.071716308593750 3800000
0.073303222656250 3800036
0.065429687500000 3799963
0.071105957031250 3800000
0.071960449218750 3799891
0.060302734375000 3800108
0.066772460937500 3800000
0.062194824218750 3800000
0.074279785156250 3796532
0.074584960937500 3800072
0.070617675781250 3799963
0.067565917968750 3800000
0.000000000000000 3798650
0.069519042968750 3797870
0.068786621093750 3800036
0.064575195312500 3800000
0.069641113281250 3799927
0.068237304687500 3800108
0.072082519531250 3793380
0.071716308593750 3796115
0.072692871093750 3800072
0.067077636718750 3799927
0.059936523437500 3800072
0.067260742187500 3800000
0.072753906250000 3799963
0.000000000000000 3800036
0.072143554687500 3800000
0.068237304687500 3800000
0.068359375000000 3800000
0.072875976562500 3799963
0.061950683593750 3797647
0.066345214843750 3796684
0.061828613281250 3795276
0.071350097656250 3799927
0.062561035156250 3789579
0.070251464843750 3796652
0.066223144531250 3800000
0.071777343750000 3792461
0.071166992187500 3791267
0.059814453125000 3788702
0.067382812500000 3800000
0.071899414062500 3800000
0.070434570312500 3800000
0.062377929687500 3800000
0.000000000000000 3800000
0.069091796875000 3800000
0.069091796875000 3800000
0.070983886718750 3800036
0.066040039062500 3799891
0.064331054687500 3800072
0.072143554687500 3800000
0.061035156250000 3800000
0.065917968750000 3800000
0.072021484375000 3799963
0.072631835937500 3800036
0.070739746093750 3799963
0.070007324218750 3800036
0.070800781250000 3800000
0.065124511718750 3799963
0.000000000000000 3800000
0.068725585937500 3800036
0.069824218750000 3800036
0.074523925781250 3799963
0.070129394531250 3799891
0.059265136718750 3800036
0.066528320312500 3800000
0.062866210937500 3800000
0.070617675781250 3800072
0.068237304687500 3800000
0.072387695312500 3800036
0.071838378906250 3799963
0.061828613281250 3800000
0.067687988281250 3800000
0.068115234375000 3800000
0.000000000000000 3800000
0.070495605468750 3800000
0.070007324218750 3800000
0.068847656250000 3800000
0.062866210937500 3799927
0.074035644531250 3799963
0.069580078125000 3800108
0.069274902343750 3800000
0.067626953125000 3799891
0.072265625000000 3799963
0.072448730468750 3800144
0.067382812500000 3800000
0.062744140625000 3799891
0.071655273437500 3800108
0.000000000000000 3800000
0.070190429687500 3800000
0.070800781250000 3800000
0.071777343750000 3800000
0.069274902343750 3800000
0.070678710937500 3800000
0.060791015625000 3800000
0.066345214843750 3800000
0.072875976562500 3800000
0.070922851562500 3800036
0.067993164062500 3797793
0.069946289062500 3802171
0.000000000000000 3800000
0.073730468750000 3799927
0.071166992187500 3800072
0.059143066406250 3800036
0.069335937500000 3799963
0.068542480468750 3799891
0.062500000000000 3800072
0.072143554687500 3800036
0.069274902343750 3800000
0.069580078125000 3800000
0.069335937500000 3800000
0.062866210937500 3800000
0.068176269531250 3799963
0.067871093750000 3800036
0.070495605468750 3800000
0.000000000000000 3800000
0.074462890625000 3800000
0.070129394531250 3795629
0.071899414062500 3783336
0.073181152343750 3783329
0.070922851562500 3783337
0.060546875000000 3793849
0.067321777343750 3794560
0.069519042968750 3783333
0.073059082031250 3799284
0.072448730468750 3789618
0.067443847656250 3800000
0.000000000000000 3800000
0.068725585937500 3798069
0.061950683593750 3783337
0.070983886718750 3793686
0.059387207031250 3800000
0.072021484375000 3800000
0.074645996093750 3800000
0.067932128906250 3800000
0.071899414062500 3800000
0.073486328125000 3799963
0.070007324218750 3799963
0.069213867187500 3800072
0.000000000000000 3799963
0.071411132812500 3800036
0.072387695312500 3800000
0.071105957031250 3800000
0.068054199218750 3800000
0.071838378906250 3800000
0.073791503906250 3800036
0.074340820312500 3799891
0.070068359375000 3800072
0.067199707031250 3800000
0.069641113281250 3800000
0.000000000000000 3800000
0.071228027343750 3800000
0.070922851562500 3800000
0.069030761718750 3800000
0.072631835937500 3800036
0.070312500000000 3795525
0.068115234375000 3784224
0.072204589843750 3800000
0.069824218750000 3789619
0.068298339843750 3800000
0.061767578125000 3792810
0.073913574218750 3793770
0.000000000000000 3790420
0.071472167968750 3795555
0.068542480468750 3800000
0.069763183593750 3800000
0.069152832031250 3800000
0.074401855468750 3800000
0.071228027343750 3800000
0.069274902343750 3800000
0.067016601562500 3800000
0.070312500000000 3800000
0.064147949218750 3799927
0.060363769531250 3800000
0.068786621093750 3800072
0.000000000000000 3800000
0.072204589843750 3799963
0.071716308593750 3800036
0.063293457031250 3800000
0.070190429687500 3800000
0.059936523437500 3799927
0.066589355468750 3800072
0.061584472656250 3800000
0.072143554687500 3800000
0.070312500000000 3800000
0.068786621093750 3800000
0.069763183593750 3800036
0.063171386718750 3799963
0.058715820312500 3800000
0.067993164062500 3800000
0.071472167968750 3800000
0.072998046875000 3800000
0.066528320312500 3799963
0.000000000000000 3800036
0.074584960937500 3800000
0.070983886718750 3800000
0.068359375000000 3800000
0.059753417968750 3789673
0.070495605468750 3799963
0.061645507812500 3799927
0.067749023437500 3800000
0.063232421875000 3800000
0.070617675781250 3785458
0.069580078125000 3792203
0.073669433593750 3800000
0.069641113281250 3800000
0.068481445312500 3800000
0.069641113281250 3800000
0.000000000000000 3800000
0.074523925781250 3800072
0.070617675781250 3800000
0.069335937500000 3800000
0.072021484375000 3800000
0.062805175781250 3800000
0.068237304687500 3800000
0.071838378906250 3800000
0.071472167968750 3799891
0.058959960937500 3800036
0.073486328125000 3800072
0.073852539062500 3799927
0.067993164062500 3793159
0.000000000000000 3799927
0.069458007812500 3800000
0.072753906250000 3800000
0.072204589843750 3800072
0.068481445312500 3800000
0.072570800781250 3799927
0.061523437500000 3794599
0.067321777343750 3783262
0.069824218750000 3797610
0.072692871093750 3790473
0.071716308593750 3795752
0.000000000000000 3799963
0.073669433593750 3799963
0.070190429687500 3800072
0.070556640625000 3800000
0.071105957031250 3799963
0.063598632812500 3800036
0.067382812500000 3789596
0.068603515625000 3800000
0.066894531250000 3800000
0.074829101562500 3797949
0.071533203125000 3791713
0.067504882812500 3800000
0.000000000000000 3796671
0.072814941406250 3785749
0.070251464843750 3800072
0.060180664062500 3799927
0.072692871093750 3800072
0.070556640625000 3798171
0.068847656250000 3798270
0.063110351562500 3800072
0.070983886718750 3800000
0.066467285156250 3800000
0.072265625000000 3799927
0.070068359375000 3800072
0.073486328125000 3799927
0.000000000000000 3800036
0.070312500000000 3799963
0.072509765625000 3800072
0.071838378906250 3800000
0.059265136718750 3800000
0.072387695312500 3799927
0.073547363281250 3800072
0.067382812500000 3799891
0.070251464843750 3800108
0.070251464843750 3800000
0.072937011718750 3799927
0.069519042968750 3799963
0.059143066406250 3800108
0.068725585937500 3799927
0.000000000000000 3800072
0.068359375000000 3800000
0.070922851562500 3800000
0.070495605468750 3800000
0.058837890625000 3800000
0.070434570312500 3800000
0.060852050781250 3797128
0.066711425781250 3799421
0.062805175781250 3800000
0.072082519531250 3799963
0.059326171875000 3800036
0.074462890625000 3799927
0.069885253906250 3799963
0.068786621093750 3800108
0.071838378906250 3799927
0.063842773437500 3788808
0.069824218750000 3799927
0.059143066406250 3800000
0.069824218750000 3797642
0.000000000000000 3799963
0.069091796875000 3800036
0.070190429687500 3800000
0.072204589843750 3800000
0.059020996093750 3793322
0.069030761718750 3799660
0.071777343750000 3800000
0.071777343750000 3800000
0.059570312500000 3789533
0.074462890625000 3800000
0.068725585937500 3800000
0.062255859375000 3800000
0.070312500000000 3798771
0.060180664062500 3800000
0.072021484375000 3800036
0.062927246093750 3799963
0.068115234375000 3796393
0.069030761718750 3800000
0.000000000000000 3799963
0.073303222656250 3800036
0.072204589843750 3800000
0.067810058593750 3800000
0.071533203125000 3800000
0.074218750000000 3800000
0.070190429687500 3800000
0.059326171875000 3799891
0.069641113281250 3796693
0.068298339843750 3800000
0.070251464843750 3800000
0.070373535156250 3800000
0.063903808593750 3800000
0.000000000000000 3799963
0.068420410156250 3799963
0.068420410156250 3800072
0.075256347656250 3800000
0.067077636718750 3800036
0.059020996093750 3799963
0.071533203125000 3800000
0.073059082031250 3796559
0.068054199218750 3800000
0.059814453125000 3800000
0.067504882812500 3799963
0.072875976562500 3800036
0.073669433593750 3799891
0.067138671875000 3800108
0.142761230468750 3799970
0.060302734375000 3800072
0.067810058593750 3799927
0.072814941406250 3799963
0.073791503906250 3800036
0.000000000000000 3800000
0.066101074218750 3800072
0.063842773437500 3793488
0.070068359375000 3792610
0.067321777343750 3800036
0.072265625000000 3800000
0.064086914062500 3799927
0.068908691406250 3800036
0.070312500000000 3800000
0.061889648437500 3799963
0.070190429687500 3800072
0.058776855468750 3800000
0.069458007812500 3800000
0.073120117187500 3800000
0.069519042968750 3799927
0.058898925781250 3799963
0.067443847656250 3800108
0.074035644531250 3800036
0.000000000000000 3799963
0.070922851562500 3799927
0.068542480468750 3800072
0.062500000000000 3799927
0.068725585937500 3800072
0.062072753906250 3799927
0.069763183593750 3799927
0.068664550781250 3800072
0.062744140625000 3800036
0.062377929687500 3800036
0.069641113281250 3800000
0.070983886718750 3800000
0.075317382812500 3799891
0.068908691406250 3800108
0.071411132812500 3800000
0.069946289062500 3799927
0.000000000000000 3800072
0.068542480468750 3799927
0.064758300781250 3800072
0.070556640625000 3799963
0.069702148437500 3800036
0.070861816406250 3800036
0.072326660156250 3799963
0.067810058593750 3800000
0.073120117187500 3800000
0.071716308593750 3800000
0.067382812500000 3800000
0.063842773437500 3800000
0.069519042968750 3799963
0.059692382812500 3800036
0.000000000000000 3799927
0.071533203125000 3800036
0.072509765625000 3800036
0.070373535156250 3800000
0.071594238281250 3800000
0.072570800781250 3800000
0.067687988281250 3800000
0.068847656250000 3800000
0.070495605468750 3800000
0.073608398437500 3800036
0.062683105468750 3799963
0.059020996093750 3800000
0.069030761718750 3800000
0.000000000000000 3800000
0.130249023437500 3800000
0.000000000000000 3800000
0.071655273437500 3800000
0.061340332031250 3800000
0.068054199218750 3800000
0.064392089843750 3800000
0.071105957031250 3800000
0.067749023437500 3800000
0.062805175781250 3800000
0.071228027343750 3796611
0.068420410156250 3790200
0.067260742187500 3783761
0.062316894531250 3800000
0.073303222656250 3800036
0.061950683593750 3799963
0.067077636718750 3797845
0.068237304687500 3799927
0.074707031250000 3799777
0.000000000000000 3796757
0.070373535156250 3800144
0.067077636718750 3800036
0.068786621093750 3800000
0.075073242187500 3800000
0.072937011718750 3800000
0.066589355468750 3800000
0.068298339843750 3800000
0.070861816406250 3800000
0.061340332031250 3800000
0.067016601562500 3800000
0.072448730468750 3799963
0.071716308593750 3800036
0.059875488281250 3799927
0.000000000000000 3799963
0.070312500000000 3800036
0.069274902343750 3800072
0.062866210937500 3800000
0.059387207031250 3800000
0.069213867187500 3800000
0.071289062500000 3800000
0.073181152343750 3800000
0.073425292968750 3800000
0.068725585937500 3795975
0.072753906250000 3800000
0.071228027343750 3800036
0.068542480468750 3800036
0.000000000000000 3800000
0.072204589843750 3799963
0.073608398437500 3800036
0.068481445312500 3800000
0.069946289062500 3799963
0.060791015625000 3799963
0.071655273437500 3800000
0.061157226562500 3800072
0.065856933593750 3800000
0.062744140625000 3800000
0.070617675781250 3800000
0.060791015625000 3800000
0.072814941406250 3800000
0.070007324218750 3800000
0.069335937500000 3800000
0.073059082031250 3800000
0.000000000000000 3800000
0.070434570312500 3799963
0.069335937500000 3799927
0.072753906250000 3800108
0.073303222656250 3799927
0.068420410156250 3800072
0.071411132812500 3799927
0.071411132812500 3800036
0.067199707031250 3799927
0.063476562500000 3800108
0.060852050781250 3799927
0.070312500000000 3800072
0.072021484375000 3799963
0.000000000000000 3800036
0.071044921875000 3800000
0.066589355468750 3799927
0.062561035156250 3800072
0.070190429687500 3800000
0.069091796875000 3800000
0.062744140625000 3800000
0.063110351562500 3800000
0.069946289062500 3799891
0.067321777343750 3794484
0.071411132812500 3798176
0.072387695312500 3799927
0.063354492187500 3800072
0.067687988281250 3798389
0.067199707031250 3795597
0.068725585937500 3794390
0.062011718750000 3783333
0.073059082031250 3795033
0.070373535156250 3800000
0.060302734375000 3800000
0.000000000000000 3800000
0.068237304687500 3800000
0.068786621093750 3800000
0.070007324218750 3800000
0.063720703125000 3800000
0.071533203125000 3800000
0.061523437500000 3800036
0.068481445312500 3796599
0.070190429687500 3788870
0.062805175781250 3800000
0.070312500000000 3800036
0.069335937500000 3800000
0.060424804687500 3799963
0.072570800781250 3800000
0.070434570312500 3800000
0.060668945312500 3800000
0.072937011718750 3799891
0.000000000000000 3800108
0.070312500000000 3800036
0.067687988281250 3799963
0.073120117187500 3800000
0.064025878906250 3800000
0.068054199218750 3800000
0.069396972656250 3799963
0.070983886718750 3800072
0.061523437500000 3799963
0.070739746093750 3800000
0.070861816406250 3800000
0.061950683593750 3788333
0.068969726562500 3787148
0.073425292968750 3798029
0.072448730468750 3794082
0.000000000000000 3799125
0.067626953125000 3794369
0.072814941406250 3793620
0.063049316406250 3792278
0.070068359375000 3799963
0.068420410156250 3800036
0.071044921875000 3800000
0.062255859375000 3800000
0.070312500000000 3800000
0.073547363281250 3799963
0.070434570312500 3800036
0.060668945312500 3798532
0.066467285156250 3800000
0.071411132812500 3800000
0.069702148437500 3800000
0.060241699218750 3799927
0.000000000000000 3800072
0.075805664062500 3800000
0.069091796875000 3800000
0.058715820312500 3800000
0.069946289062500 3800036
0.071228027343750 3799963
0.059082031250000 3799927
0.072814941406250 3799963
0.071044921875000 3800000
0.067810058593750 3800108
0.062500000000000 3797540
0.073364257812500 3792086
0.070861816406250 3800000
0.066650390625000 3789792
0.068908691406250 3789422
0.000000000000000 3799927
0.071411132812500 3796177
0.072204589843750 3800000
0.070617675781250 3799891
0.069641113281250 3800036
0.073486328125000 3791697
0.071411132812500 3787514
0.068359375000000 3796676
0.066406250000000 3800000
0.072082519531250 3800000
0.065002441406250 3791453
0.000000000000000 3785478
0.132568359375000 3796781
0.000000000000000 3800000
0.066101074218750 3795490
0.071044921875000 3800036
0.072448730468750 3791240
0.071899414062500 3800000
0.069519042968750 3799891
0.072204589843750 3800000
0.062622070312500 3800108
0.067626953125000 3800000
0.071777343750000 3800000
0.072998046875000 3799927
0.000000000000000 3800072
0.071044921875000 3800000
0.067810058593750 3795575
0.067382812500000 3790594
0.073791503906250 3800000
0.069763183593750 3800000
0.060485839843750 3800000
0.070068359375000 3800000
0.062866210937500 3799927
0.067810058593750 3800000
0.064453125000000 3800072
0.073059082031250 3800036
0.067077636718750 3792697
0.068176269531250 3800108
0.072082519531250 3800000
0.063293457031250 3799927
0.067077636718750 3800072
0.000000000000000 3799927
0.072631835937500 3800000
0.073181152343750 3800000
0.070068359375000 3793930
0.067504882812500 3788676
0.070434570312500 3799096
0.062438964843750 3783295
0.068359375000000 3795836
0.062744140625000 3799963
0.072692871093750 3796198
0.069396972656250 3799891
0.068603515625000 3800036
0.070800781250000 3800000
0.000000000000000 3800000
0.072631835937500 3800072
0.072509765625000 3800000
0.069396972656250 3800000
0.068298339843750 3789474
0.063049316406250 3783334
0.072265625000000 3783330
0.069152832031250 3787674
0.068969726562500 3800000
0.070983886718750 3800000
0.075195312500000 3800000
0.072570800781250 3800000
0.000000000000000 3800000
0.067260742187500 3796593
0.069885253906250 3800000
0.071533203125000 3800000
0.072082519531250 3799891
0.067077636718750 3800036
0.074157714843750 3785519
0.072082519531250 3793144
0.067871093750000 3800000
0.071411132812500 3800000
0.000000000000000 3800000
0.072631835937500 3800000
0.070617675781250 3800000
0.070983886718750 3800000
0.067077636718750 3800000
0.070434570312500 3800000
0.071472167968750 3800000
0.061035156250000 3800000
0.066101074218750 3800000
0.071899414062500 3800000
0.071960449218750 3796578
0.059814453125000 3800000
0.065246582031250 3800000
0.062500000000000 3789904
0.059692382812500 3784984
0.065856933593750 3800000
0.067749023437500 3789923
0.065734863281250 3785292
0.000000000000000 3790555
0.076354980468750 3799891
0.068481445312500 3800108
0.070068359375000 3800000
0.069396972656250 3799891
0.075256347656250 3800000
0.069335937500000 3800108
0.070495605468750 3799927
0.065979003906250 3800108
0.068359375000000 3799963
0.072753906250000 3800000
0.065612792968750 3800000
0.063415527343750 3800000
0.064636230468750 3800000
0.000000000000000 3800000
0.066101074218750 3800000
0.073974609375000 3800000
0.072082519531250 3799891
0.061767578125000 3800108
0.068237304687500 3799927
0.070678710937500 3800000
0.063720703125000 3799963
0.062561035156250 3800108
0.059326171875000 3800000
0.067443847656250 3799927
0.069763183593750 3800072
0.070678710937500 3800000
0.070373535156250 3800000
0.066772460937500 3800000
0.061645507812500 3795666
0.073730468750000 3783332
0.069458007812500 3799648
0.060485839843750 3800000
0.066833496093750 3799598
0.063232421875000 3793092
0.000000000000000 3800000
0.073059082031250 3800072
0.062316894531250 3799927
0.067138671875000 3800000
0.069335937500000 3800072
0.073852539062500 3799927
0.069152832031250 3800072
0.060729980468750 3800000
0.067321777343750 3799927
0.061645507812500 3800072
0.071899414062500 3800000
0.071960449218750 3800000
0.058776855468750 3800000
0.062805175781250 3800000
0.068176269531250 3800000
0.070129394531250 3800000
0.069458007812500 3800000
0.070861816406250 3800000
0.000000000000000 3800036
0.074829101562500 3799963
0.068908691406250 3800000
0.070678710937500 3800000
0.067687988281250 3800000
0.069274902343750 3800000
0.071289062500000 3800036
0.070373535156250 3799891
0.073974609375000 3799963
0.069885253906250 3800108
0.000000000000000 3800000
0.070434570312500 3800000
0.067993164062500 3800000
0.066467285156250 3800000
0.062866210937500 3800036
0.067993164062500 3799855
0.060180664062500 3800108
0.063720703125000 3800000
0.062500000000000 3799891
0.059143066406250 3800108
0.072875976562500 3800000
0.061706542968750 3800000
0.065612792968750 3800000
0.064758300781250 3800000
0.061645507812500 3800000
0.076110839843750 3800000
0.069274902343750 3799963
0.058837890625000 3800000
0.068847656250000 3800036
0.073608398437500 3799891
0.071289062500000 3800108
0.059265136718750 3800000
0.068786621093750 3800000
0.062561035156250 3800000
0.073181152343750 3800000
0.066040039062500 3800000
0.000000000000000 3800000
0.072814941406250 3799963
0.069946289062500 3799963
0.063293457031250 3800072
0.069885253906250 3800000
0.067810058593750 3800000
0.073913574218750 3800000
0.071289062500000 3800000
0.072448730468750 3800000
0.066650390625000 3800000
0.070617675781250 3800000
0.071411132812500 3800000
0.000000000000000 3799927
0.072448730468750 3800072
0.070800781250000 3800000
0.070861816406250 3800000
0.064819335937500 3800000
0.067687988281250 3800000
0.060302734375000 3799927
0.067260742187500 3800000
0.073364257812500 3800072
0.071533203125000 3800000
0.070007324218750 3799927
0.073242187500000 3800036
0.066406250000000 3799927
0.062927246093750 3800108
0.062011718750000 3800036
0.060180664062500 3799891
0.067993164062500 3800000
0.000000000000000 3800072
0.071533203125000 3800000
0.074279785156250 3800000
0.068908691406250 3800000
0.072082519531250 3800000
0.071411132812500 3799963
0.058959960937500 3800036
0.070800781250000 3800000
0.070739746093750 3800000
0.070861816406250 3799963
0.072143554687500 3799927
0.061462402343750 3800108
0.067626953125000 3800000
0.000000000000000 3799927
0.072204589843750 3800072
0.068725585937500 3800036
0.063781738281250 3799963
0.068420410156250 3800000
0.073425292968750 3800000
0.072143554687500 3799963
0.069702148437500 3800036
0.062927246093750 3800036
0.072875976562500 3799963
0.067016601562500 3800000
0.068664550781250 3799963
0.061889648437500 3800036
0.073547363281250 3800000
0.067810058593750 3800000
0.000000000000000 3800000
0.071594238281250 3800000
0.071838378906250 3799963
0.059326171875000 3800036
0.069335937500000 3799891
0.063903808593750 3800108
0.068176269531250 3800000
0.069580078125000 3800036
0.073425292968750 3799963
0.067321777343750 3800000
0.059204101562500 3800000
0.072509765625000 3799963
0.063354492187500 3800036
0.069152832031250 3800000
0.062011718750000 3800000
0.069824218750000 3800000
0.069213867187500 3796947
0.071533203125000 3799963
0.000000000000000 3800036
0.071228027343750 3800000
0.069763183593750 3799963
0.071899414062500 3800036
0.073059082031250 3800000
0.069152832031250 3800000
0.068237304687500 3800000
0.071655273437500 3800000
0.075134277343750 3799927
0.070678710937500 3800036
0.000000000000000 3800036
0.069763183593750 3800000
0.068786621093750 3800000
0.060119628906250 3800000
0.068786621093750 3794726
0.071411132812500 3796423
0.070434570312500 3799963
0.059326171875000 3800036
0.072570800781250 3800036
0.062744140625000 3799695
0.068298339843750 3787005
0.072143554687500 3783333
0.073730468750000 3783334
0.068725585937500 3789971
0.000000000000000 3797746
0.069213867187500 3789952
0.072143554687500 3793912
0.071166992187500 3808511
0.063232421875000 4000000
0.070007324218750 3999961
0.082824707031250 4000038
0.077758789062500 3997905
0.078796386718750 4002019
0.076843261718750 3999961
0.077941894531250 4000038
0.076721191406250 4000038
0.076782226562500 4000038
0.080932617187500 4000000
0.074829101562500 4000000
0.000000000000000 3999961
0.078491210937500 4000038
0.074218750000000 3999961
0.078308105468750 4000038
0.075073242187500 3999961
0.077941894531250 3999961
0.077697753906250 4000076
0.074523925781250 4000000
0.067932128906250 4000000
0.076538085937500 4000000
0.078125000000000 4000000
0.074523925781250 4000000
0.080200195312500 4000000
0.079284667968750 4000000
0.000000000000000 4000000
0.077209472656250 4000000
0.077087402343750 4000000
0.076416015625000 3999923
0.079528808593750 4000076
0.075256347656250 4000000
0.079040527343750 3999961
0.077392578125000 4000038
0.077880859375000 4000000
0.077758789062500 4000000
0.075561523437500 4000000
0.078430175781250 4000000
0.074401855468750 3999923
0.067993164062500 4000114
0.076049804687500 3999961
0.000000000000000 4000000
0.076171875000000 3999961
0.076354980468750 4000038
0.077514648437500 4000000
0.076965332031250 4000000
0.074890136718750 4000000
0.077941894531250 4000000
0.075256347656250 4000000
0.079589843750000 4000000
0.075561523437500 4000000
0.076782226562500 4000000
0.080078125000000 4000000
0.075195312500000 4000000
0.078125000000000 4000000
0.000000000000000 3999961
0.076293945312500 4000038
0.077026367187500 4000000
0.073791503906250 4000000
0.079162597656250 4000000
0.077575683593750 3999961
0.076049804687500 4000000
0.078613281250000 3999961
0.075561523437500 4000076
0.077758789062500 4000000
0.076782226562500 4000000
0.077270507812500 4000000
0.077148437500000 4000000
0.076660156250000 4000000
0.000000000000000 4000000
0.078491210937500 4000000
0.075744628906250 4000000
0.077270507812500 4000000
0.076171875000000 3999961
0.076538085937500 4000038
0.079589843750000 4000000
0.074951171875000 4000000
0.076354980468750 4000000
0.076293945312500 4000000
0.077758789062500 4000000
0.076965332031250 4000000
0.077514648437500 4000000
0.000000000000000 4000000
0.074523925781250 4000000
0.079040527343750 3999923
0.077941894531250 4000076
0.075561523437500 4000000
0.076721191406250 4000000
0.077514648437500 3999923
0.078247070312500 4000076
0.076965332031250 4000000
0.077636718750000 4000000
0.077697753906250 4000000
0.076110839843750 4000000
0.078063964843750 4000000
0.076171875000000 3999961
0.000000000000000 4000038
0.076843261718750 4000000
0.076538085937500 3999961
0.078369140625000 4000038
0.078918457031250 3999923
0.074890136718750 4000076
0.078552246093750 3999920
0.076599121093750 4000038
0.076477050781250 4000000
0.077636718750000 4000038
0.077575683593750 4000000
0.080261230468750 4000000
0.000000000000000 4000000
0.075195312500000 4000000
0.078125000000000 3999923
0.076049804687500 4000076
0.076904296875000 4000000
0.078063964843750 4000000
0.077209472656250 4000000
0.076721191406250 3999885
0.076293945312500 4000114
0.080566406250000 3999961
0.076965332031250 4000000
0.077026367187500 4000000
0.076110839843750 4000038
0.000000000000000 3997905
0.076843261718750 4002095
0.080017089843750 4000038
0.076843261718750 3999961
0.076599121093750 3999961
0.074829101562500 4000000
0.077087402343750 4000038
0.077636718750000 4000000
0.076965332031250 3999961
0.076660156250000 4000038
0.076232910156250 4000000
0.079467773437500 4000000
0.075927734375000 4000000
0.076904296875000 4000000
0.000000000000000 4000000
0.074523925781250 4000000
0.078796386718750 4000000
0.075378417968750 4000000
0.078186035156250 3999885
0.076599121093750 4000114
0.075439453125000 4000000
0.079589843750000 4000000
0.077209472656250 4000000
0.076904296875000 3999961
0.074645996093750 3999961
0.079162597656250 3999961
0.076965332031250 4000038
0.000000000000000 4000076
0.075988769531250 3999923
0.078308105468750 4000000
0.079101562500000 4000000
0.076049804687500 4000076
0.077331542968750 4000000
0.080749511718750 3928535
0.074707031250000 3800000
0.063476562500000 3800000
0.073669433593750 3800000
0.071166992187500 3800000
0.073364257812500 3800000
0.073974609375000 3792174
0.000000000000000 3797486
0.073608398437500 3800000
0.071838378906250 3799927
0.070312500000000 3796473
0.072448730468750 3797513
0.069946289062500 3785640
0.073486328125000 3787817
0.071166992187500 3800000
0.287292480468750 3798408
0.071472167968750 3799963
0.070373535156250 3800036
0.074279785156250 3800000
0.070922851562500 3800036
0.071838378906250 3799891
0.074035644531250 3800072
0.000000000000000 3793268
0.072875976562500 3795801
0.071838378906250 3800036
0.072448730468750 3799963
0.070251464843750 3795708
0.073120117187500 3789615
0.073181152343750 3799963
0.071716308593750 3799927
0.073425292968750 3800108
0.070251464843750 3800000
0.071350097656250 3800000
0.072387695312500 3800000
0.071716308593750 3800000
0.071105957031250 3800036
0.000000000000000 3799963
0.073974609375000 3800000
0.073242187500000 3796567
0.071166992187500 3800000
0.072753906250000 3800000
0.074584960937500 3792691
0.075439453125000 3800000
0.073852539062500 3800000
0.069885253906250 3800036
0.070739746093750 3799963
0.071472167968750 3800000
0.000000000000000 3800000
0.076049804687500 3800000
0.070434570312500 3800000
0.073242187500000 3799927
0.072998046875000 3792338
0.073059082031250 3783330
0.072570800781250 3783333
0.070373535156250 3790854
0.071838378906250 3783368
0.071350097656250 3798396
0.064208984375000 3800000
0.070861816406250 3798459
0.074707031250000 3783852
0.072570800781250 3800072
0.000000000000000 3655707
0.072631835937500 3791416
0.074035644531250 3799963
0.073181152343750 3793812
0.073669433593750 3789896
0.074340820312500 3787884
0.071472167968750 3786629
0.072937011718750 3786042
0.070983886718750 3799963
0.073303222656250 3796706
0.074035644531250 3784607
0.071716308593750 3783632
0.000000000000000 3797556
0.072631835937500 3800000
0.070190429687500 3800000
0.072021484375000 3798706
0.072265625000000 3791394
0.071350097656250 3793893
0.070617675781250 3794073
0.071838378906250 3796776
0.073242187500000 3800000
0.073486328125000 3795095
0.073120117187500 3797394
0.072814941406250 3800000
0.071777343750000 3800000
0.000000000000000 3799963
0.072448730468750 3800036
0.071960449218750 3800000
0.073791503906250 3800000
0.071350097656250 3800000
0.064208984375000 3799963
0.070739746093750 3800036
0.073791503906250 3800000
0.072082519531250 3799963
0.072204589843750 3793893
0.072692871093750 3792436
0.072265625000000 3799927
0.071716308593750 3799963
0.070190429687500 3800000
0.063537597656250 3800036
0.070495605468750 3800072
0.072814941406250 3800000
0.000000000000000 3800000
0.071655273437500 3800000
0.072448730468750 3800000
0.071777343750000 3800000
0.072387695312500 3800036
0.072448730468750 3799963
0.071044921875000 3800000
0.072570800781250 3800000
0.069885253906250 3800036
0.072631835937500 3799963
0.070251464843750 3800000
0.073913574218750 3800000
0.072875976562500 3800000
0.000000000000000 3800000
0.070739746093750 3800000
0.073242187500000 3800000
0.071289062500000 3800000
0.073974609375000 3800000
0.071105957031250 3799963
0.070739746093750 3800036
0.074096679687500 3800000
0.069946289062500 3800000
0.073730468750000 3800000
0.070129394531250 3800000
0.072509765625000 3800000
0.070617675781250 3800000
0.073486328125000 3799963
0.000000000000000 3800036
0.073730468750000 3799927
0.071716308593750 3800000
0.072082519531250 3800000
0.072265625000000 3800072
0.073364257812500 3800000
0.070251464843750 3800000
0.075561523437500 3796595
0.072509765625000 3799314
0.073486328125000 3787389
0.071533203125000 3794052
0.071228027343750 3800000
0.000000000000000 3800000
0.071960449218750 3800000
0.072326660156250 3800000
0.064453125000000 3797065
0.070983886718750 3798472
0.075073242187500 3799024
0.071411132812500 3798287
0.074035644531250 3800000
0.071594238281250 3800000
0.071533203125000 3800000
0.072143554687500 3800000
0.075073242187500 3800036
0.073486328125000 3799963
0.000000000000000 3791274
0.072265625000000 3794564
0.069885253906250 3792465
0.071655273437500 3796591
0.071289062500000 3792506
0.071838378906250 3783333
0.071350097656250 3795725
0.063781738281250 3796525
0.072448730468750 3800036
0.072631835937500 3798046
0.073791503906250 3800072
0.069641113281250 3796906
0.072326660156250 3797534
0.073425292968750 3800000
0.072631835937500 3800000
0.000000000000000 3800000
0.073974609375000 3800000
0.070495605468750 3800000
0.074279785156250 3800000
0.071533203125000 3797821
0.070800781250000 3792908
0.071289062500000 3799963
0.071228027343750 3797122
0.074462890625000 3784239
0.070861816406250 3798363
0.072998046875000 3799963
0.071655273437500 3796631
0.063659667968750 3799963
0.071228027343750 3794539
0.072692871093750 3800072
0.000000000000000 3796627
0.072753906250000 3797412
0.071960449218750 3791438
0.074768066406250 3788627
0.072265625000000 3783405
0.075622558593750 3797915
0.072387695312500 3800000
0.073364257812500 3799963
0.075195312500000 3789129
0.070129394531250 3800000
0.072937011718750 3800000
0.071838378906250 3795263
0.000000000000000 3794536
0.074401855468750 3783334
0.071716308593750 3797224
0.072509765625000 3784276
0.072753906250000 3789875
0.070068359375000 3800000
0.072937011718750 3793287
0.070434570312500 3786869
0.073852539062500 3783264
0.070129394531250 3789242
0.074035644531250 3783406
0.071228027343750 3783258
0.072448730468750 3783405
0.000000000000000 3783896
0.071105957031250 3800000
0.070678710937500 3800000
0.073852539062500 3800000
0.071472167968750 3800000
0.070800781250000 3786975
0.072875976562500 3796234
0.074645996093750 3800000
0.072998046875000 3800000
0.070251464843750 3799963
0.072082519531250 3800000
0.071655273437500 3800036
0.063659667968750 3786574
0.071594238281250 3783330
0.071777343750000 3790265
0.000000000000000 3794586
0.072814941406250 3785846
0.071228027343750 3800000
0.073120117187500 3799963
0.070007324218750 3795123
0.073120117187500 3800000
0.069885253906250 3800000
0.074096679687500 3800000
0.072509765625000 3799927
0.070617675781250 3800072
0.071472167968750 3799891
0.072265625000000 3800108
0.072265625000000 3800000
0.070251464843750 3800000
0.063903808593750 3798546
0.070434570312500 3798147
0.000000000000000 3800000
0.074645996093750 3800000
0.072509765625000 3796467
0.069885253906250 3800000
0.073120117187500 3800000
0.072204589843750 3800000
0.072509765625000 3799963
0.070739746093750 3800036
0.071228027343750 3800000
0.071594238281250 3799891
0.070617675781250 3784484
0.072631835937500 3791139
0.071838378906250 3799963
0.000000000000000 3799963
0.071960449218750 3800072
0.072021484375000 3800000
0.071411132812500 3800000
0.069458007812500 3800000
0.075317382812500 3800000
0.071350097656250 3800000
0.072998046875000 3800000
0.071960449218750 3800000
0.070495605468750 3800000
0.072265625000000 3800000
0.071166992187500 3800036
0.074645996093750 3793080
0.000000000000000 3786544
0.073364257812500 3798851
0.072021484375000 3800000
0.071960449218750 3800000
0.072753906250000 3800000
0.071594238281250 3800000
0.070556640625000 3800000
0.063598632812500 3786180
0.075683593750000 3799963
0.070007324218750 3799963
0.073425292968750 3800036
0.071716308593750 3799927
0.073364257812500 3800108
0.071594238281250 3799316
0.072143554687500 3793270
0.000000000000000 3800296
0.073242187500000 3798614
0.071105957031250 3800000
0.075256347656250 3799927
0.070251464843750 3794396
0.071960449218750 3798523
0.070678710937500 3800000
0.073059082031250 3800000
0.074096679687500 3800000
0.073181152343750 3800000
0.070922851562500 3800000
0.073547363281250 3800000
0.065063476562500 3799927
0.070190429687500 3800072
0.000000000000000 3800000
0.073730468750000 3800000
0.070434570312500 3800000
0.072509765625000 3797540
0.073425292968750 3789108
0.070983886718750 3798191
0.073303222656250 3800072
0.069885253906250 3795848
0.073608398437500 3785477
0.070678710937500 3800036
0.073425292968750 3799470
0.073364257812500 3783330
0.072143554687500 3783333
0.000000000000000 3790137
0.072143554687500 3795548
0.072570800781250 3800036
0.072692871093750 3799963
0.070617675781250 3800000
0.074340820312500 3799199
0.071899414062500 3789501
0.068664550781250 3794580
0.071838378906250 3783335
0.070068359375000 3783777
0.073730468750000 3797706
0.071350097656250 3800000
0.072387695312500 3794412
0.000000000000000 3796075
0.074096679687500 3794363
0.073913574218750 3793586
0.071044921875000 3798085
0.071594238281250 3800036
0.071472167968750 3800000
0.071960449218750 3791416
0.074218750000000 3788639
0.071594238281250 3792359
0.071350097656250 3796595
0.070983886718750 3795339
0.072082519531250 3800000
0.072326660156250 3800000
0.069030761718750 3800000
0.000000000000000 3800000
0.073120117187500 3800000
0.073974609375000 3800000
0.072265625000000 3799962
0.072509765625000 3800036
0.070434570312500 3800000
0.071960449218750 3787900
0.071777343750000 3783330
0.073242187500000 3792258
0.073059082031250 3793842
0.069885253906250 3783369
0.070739746093750 3793458
0.071350097656250 3791503
0.000000000000000 3788737
0.072998046875000 3792132
0.070556640625000 3794481
0.072875976562500 3796811
0.071350097656250 3783485
0.074279785156250 3783335
0.072021484375000 3783332
0.069641113281250 3790023
0.071228027343750 3784891
0.072875976562500 3797906
0.072387695312500 3788847
0.071411132812500 3793715
0.071899414062500 3788870
0.000000000000000 3800000
0.075439453125000 3800000
0.073730468750000 3800000
0.072570800781250 3800036
0.069763183593750 3799963
0.073730468750000 3789225
0.072570800781250 3794297
0.072387695312500 3783454
0.074462890625000 3792140
0.071838378906250 3789577
0.074218750000000 3799963
0.070190429687500 3789897
0.000000000000000 3796551
0.072570800781250 3796756
0.070434570312500 3800000
0.073425292968750 3799732
0.074340820312500 3786630
0.070678710937500 3800000
0.072265625000000 3796355
0.072082519531250 3800000
0.073425292968750 3800000
0.071594238281250 3800000
0.072631835937500 3799891
0.072326660156250 3800036
0.071533203125000 3800072
0.000000000000000 3800000
0.073120117187500 3795432
0.071411132812500 3799800
0.072448730468750 3796591
0.070251464843750 3800000
0.064086914062500 3800000
0.074096679687500 3800000
0.070861816406250 3799963
0.073303222656250 3800036
0.073486328125000 3800000
0.074157714843750 3800000
0.069763183593750 3800036
0.073242187500000 3799891
0.073181152343750 3800108
0.000000000000000 3799963
0.070007324218750 3794831
0.073425292968750 3800036
0.073059082031250 3795425
0.063598632812500 3783333
0.070739746093750 3793482
0.072570800781250 3800000
0.070068359375000 3800000
0.067443847656250 3800036
0.071166992187500 3799252
0.069091796875000 3795645
0.060852050781250 3799927
0.072937011718750 3800000
0.069824218750000 3800072
0.067871093750000 3788939
0.062866210937500 3796832
0.000000000000000 3794590
0.074279785156250 3793424
0.069580078125000 3786579
0.059082031250000 3792271
0.067138671875000 3800036
0.062194824218750 3800000
0.070983886718750 3800000
0.060302734375000 3799963
0.073547363281250 3800000
0.070983886718750 3799963
0.069641113281250 3799963
0.069030761718750 3800108
0.072143554687500 3800000
0.070922851562500 3800000
0.064147949218750 3800000
0.067932128906250 3796128
0.069213867187500 3783333
0.000000000000000 3791098
0.070556640625000 3795616
0.071716308593750 3783441
0.064086914062500 3794564
0.067565917968750 3795278
0.068603515625000 3800000
0.072082519531250 3799927
0.062683105468750 3800000
0.068908691406250 3799927
0.072998046875000 3800144
0.070739746093750 3794682
0.069396972656250 3786950
0.063232421875000 3784082
0.070556640625000 3795787
0.000000000000000 3793354
0.068603515625000 3800036
0.071044921875000 3799963
0.065551757812500 3800000
0.069824218750000 3800000
0.068237304687500 3800000
0.068176269531250 3800000
0.073608398437500 3800000
0.063781738281250 3789155
0.068359375000000 3795608
0.069458007812500 3800000
0.073669433593750 3800036
0.000000000000000 3792197
0.073242187500000 3791412
0.071472167968750 3792307
0.068359375000000 3785467
0.069946289062500 3794224
0.059936523437500 3799507
0.073852539062500 3797043
0.073486328125000 3800036
0.067687988281250 3800000
0.060546875000000 3799963
0.072082519531250 3800036
0.072021484375000 3799963
0.068054199218750 3799963
0.068237304687500 3800072
0.000000000000000 3799963
0.074523925781250 3800036
0.071166992187500 3800000
0.068298339843750 3800036
0.070068359375000 3799963
0.073974609375000 3799963
0.069763183593750 3796324
0.069580078125000 3792332
0.068847656250000 3798050
0.070190429687500 3787163
0.062805175781250 3793986
0.067810058593750 3787837
0.000000000000000 3799927
0.073059082031250 3794909
0.069763183593750 3789148
0.071105957031250 3788759
0.061523437500000 3786865
0.072387695312500 3786866
0.071350097656250 3796163
0.067199707031250 3800000
0.061157226562500 3799963
0.067504882812500 3796636
0.073242187500000 3800000
0.070190429687500 3800108
0.069763183593750 3799963
0.000000000000000 3798175
0.072998046875000 3797135
0.068481445312500 3800072
0.067321777343750 3800000
0.071960449218750 3800000
0.063354492187500 3792622
0.068542480468750 3783334
0.069030761718750 3795390
0.062561035156250 3799927
0.073486328125000 3800072
0.069091796875000 3799927
0.070434570312500 3800072
0.062805175781250 3799891
0.067382812500000 3800108
0.061889648437500 3790469
0.071960449218750 3798913
0.000000000000000 3800036
0.067138671875000 3797255
0.071960449218750 3799927
0.072998046875000 3800072
0.072875976562500 3799963
0.059143066406250 3800036
0.068603515625000 3800000
0.070312500000000 3793868
0.071411132812500 3799963
0.062561035156250 3798918
0.067443847656250 3800000
0.071044921875000 3800000
0.073791503906250 3787108
0.000000000000000 3783373
0.069030761718750 3789583
0.071838378906250 3786154
0.070495605468750 3799927
0.059020996093750 3800072
0.069396972656250 3800000
0.073364257812500 3800000
0.070434570312500 3796640
0.069824218750000 3799963
0.075195312500000 3796450
0.069946289062500 3794842
0.069335937500000 3800108
0.000000000000000 3789302
0.066650390625000 3783293
0.074218750000000 3798681
0.072509765625000 3800072
0.068420410156250 3800000
0.073242187500000 3798349
0.069091796875000 3783385
0.068176269531250 3800108
0.070861816406250 3793810
0.073791503906250 3800000
0.070251464843750 3799927
0.000000000000000 3800072
0.069274902343750 3787350
0.068420410156250 3799786
0.072143554687500 3799927
0.063476562500000 3800072
0.067382812500000 3799927
0.069702148437500 3800072
0.073730468750000 3800000
0.072448730468750 3789632
0.070434570312500 3792821
0.066711425781250 3800000
0.068542480468750 3800000
0.000000000000000 3799963
0.066528320312500 3800036
0.071411132812500 3800000
0.073242187500000 3800000
0.059265136718750 3800036
0.060119628906250 3799963
0.071655273437500 3800036
0.072753906250000 3799963
0.070007324218750 3800000
0.068664550781250 3800000
0.067687988281250 3800000
0.061706542968750 3799927
0.074340820312500 3800000
0.074340820312500 3800072
0.059265136718750 3800000
0.066650390625000 3800000
0.000000000000000 3800000
0.069274902343750 3800000
0.071655273437500 3800000
0.070251464843750 3800000
0.069335937500000 3800000
0.072204589843750 3800000
0.064025878906250 3800000
0.069396972656250 3800000
0.071228027343750 3800000
0.070861816406250 3800000
0.068115234375000 3799927
0.063537597656250 3800000
0.000000000000000 3799963
0.081604003906250 3800108
0.071716308593750 3800000
0.067016601562500 3800000
0.069274902343750 3800000
0.071166992187500 3800000
0.076416015625000 3800000
0.060791015625000 3799963
0.070739746093750 3800036
0.067932128906250 3799927
0.067016601562500 3800072
0.073730468750000 3800000
0.000000000000000 3800000
0.069396972656250 3800000
0.068603515625000 3800000
0.069702148437500 3800000
0.059997558593750 3800000
0.068298339843750 3800000
0.072448730468750 3798523
0.068420410156250 3794516
0.066650390625000 3800000
0.065734863281250 3790656
0.069030761718750 3798629
0.070312500000000 3800000
0.066955566406250 3796595
0.069152832031250 3800000
0.069641113281250 3800000
0.000000000000000 3797775
0.072937011718750 3799963
0.068481445312500 3800036
0.066101074218750 3800000
0.069213867187500 3800036
0.070922851562500 3799963
0.070556640625000 3800000
0.059875488281250 3799927
0.071411132812500 3800000
0.072753906250000 3800072
0.071044921875000 3799927
0.060424804687500 3800000
0.068359375000000 3800108
0.068847656250000 3799963
0.063293457031250 3793116
0.069335937500000 3800000
0.059570312500000 3790554
0.066528320312500 3792008
0.000000000000000 3800000
0.070861816406250 3800000
0.073913574218750 3800000
0.072509765625000 3799963
0.069091796875000 3791921
0.068176269531250 3792970
0.068359375000000 3800036
0.071289062500000 3800000
0.063964843750000 3800036
0.067321777343750 3799963
0.068969726562500 3800000
0.073669433593750 3800000
0.000000000000000 3800036
0.071594238281250 3799927
0.059326171875000 3800072
0.068359375000000 3799963
0.062866210937500 3800000
0.072448730468750 3800000
0.061035156250000 3800000
0.067443847656250 3800000
0.072631835937500 3800000
0.073120117187500 3800000
0.059265136718750 3799927
0.059387207031250 3800072
0.069946289062500 3800000
0.072875976562500 3800000
0.068603515625000 3800000
0.061706542968750 3800000
0.067382812500000 3800000
0.070068359375000 3799963
0.072753906250000 3800036
0.000000000000000 3800000
0.069213867187500 3788662
0.064819335937500 3786824
0.071472167968750 3800000
0.061523437500000 3799963
0.066650390625000 3800000
0.065246582031250 3800036
0.072204589843750 3800000
0.063964843750000 3800000
0.062500000000000 3800000
0.067932128906250 3800000
0.065551757812500 3799963
0.062866210937500 3800036
0.061279296875000 3800000
0.068786621093750 3799963
0.069213867187500 3800036
0.068359375000000 3800000
0.071289062500000 3799963
0.072814941406250 3799963
0.070007324218750 3800072
0.000000000000000 3800000
0.074523925781250 3800000
0.069885253906250 3800000
0.069030761718750 3800036
0.068237304687500 3792936
0.069335937500000 3800000
0.060974121093750 3800000
0.059204101562500 3800000
0.070434570312500 3800000
0.072265625000000 3800000
0.061096191406250 3800000
0.069885253906250 3799927
0.063842773437500 3800072
0.070617675781250 3789518
0.061645507812500 3799729
0.067687988281250 3799963
0.059326171875000 3800000
0.067810058593750 3800036
0.072448730468750 3799963
0.062927246093750 3800036
0.059814453125000 3796453
0.066833496093750 3795981
0.071716308593750 3800000
0.062194824218750 3799891
0.000000000000000 3800108
0.069396972656250 3800000
0.063903808593750 3800000
0.062500000000000 3800000
0.068359375000000 3800000
0.071777343750000 3800000
0.062805175781250 3800000
0.068908691406250 3799927
0.070617675781250 3800000
0.072204589843750 3785960
0.070800781250000 3799822
0.060058593750000 3799927
0.068725585937500 3800072
0.069824218750000 3800036
0.069091796875000 3800000
0.073059082031250 3799963
0.000000000000000 3800000
0.072204589843750 3800000
0.059020996093750 3800000
0.067382812500000 3789663
0.072998046875000 3799927
0.072387695312500 3800000
0.071655273437500 3799963
0.066650390625000 3800036
0.061889648437500 3800072
0.072631835937500 3800000
0.060302734375000 3800000
0.068115234375000 3799891
0.072509765625000 3800036
0.072204589843750 3800072
0.058654785156250 3800000
0.070190429687500 3800000
0.000000000000000 3799927
0.070495605468750 3800000
0.071350097656250 3800072
0.069030761718750 3800000
0.071044921875000 3800000
0.069152832031250 3800000
0.075561523437500 3799927
0.071044921875000 3800072
0.058715820312500 3799927
0.059753417968750 3799963
0.071838378906250 3800108
0.073791503906250 3800000
0.071899414062500 3800000
0.000000000000000 3800000
0.067810058593750 3800000
0.070556640625000 3800000
0.069274902343750 3800000
0.072143554687500 3800000
0.072753906250000 3800000
0.067810058593750 3800000
0.068542480468750 3799891
0.075134277343750 3800072
0.062683105468750 3800036
0.066589355468750 3800000
0.062988281250000 3800000
0.070190429687500 3800000
0.067260742187500 3800000
0.000000000000000 3800000
0.072814941406250 3800000
0.063476562500000 3800000
0.068420410156250 3800000
0.071472167968750 3797791
0.075744628906250 3788874
0.066162109375000 3800036
0.068969726562500 3800000
0.071228027343750 3800000
0.073303222656250 3800000
0.070861816406250 3800000
0.000000000000000 3792607
0.073059082031250 3799927
0.070617675781250 3800072
0.067565917968750 3800000
0.071228027343750 3799891
0.070617675781250 3800108
0.059265136718750 3800000
0.070983886718750 3800000
0.062622070312500 3799927
0.072570800781250 3800072
0.067810058593750 3800000
0.061401367187500 3800036
0.073791503906250 3799963
0.073425292968750 3799963
0.066101074218750 3800036
0.000000000000000 3792317
0.070007324218750 3793760
0.069458007812500 3800000
0.062561035156250 3800000
0.063110351562500 3800000
0.068298339843750 3800000
0.059509277343750 3799963
0.071594238281250 3800036
0.074035644531250 3800000
0.069091796875000 3800000
0.058715820312500 3800000
0.070251464843750 3799891
0.068237304687500 3800108
0.063049316406250 3799927
0.071166992187500 3800072
0.069824218750000 3800000
0.072814941406250 3672631
0.063537597656250 3799927
0.066467285156250 3800072
0.000000000000000 3800000
0.069641113281250 3800036
0.067382812500000 3799963
0.071350097656250 3800000
0.073486328125000 3800000
0.070617675781250 3800000
0.060729980468750 3796389
0.067993164062500 3795800
0.059631347656250 3800000
0.071105957031250 3800036
0.070861816406250 3799963
0.069580078125000 3800000
0.067810058593750 3799891
0.063781738281250 3800108
0.073181152343750 3800000
0.059753417968750 3800000
0.000000000000000 3800000
0.068054199218750 3799963
0.075622558593750 3800036
0.073547363281250 3800000
0.069274902343750 3800000
0.069580078125000 3800036
0.069396972656250 3800000
0.062438964843750 3799927
0.069335937500000 3800036
0.071472167968750 3799927
0.072875976562500 3800072
0.000000000000000 3800000
0.069335937500000 3800000
0.071533203125000 3799891
0.071105957031250 3800144
0.069702148437500 3799963
0.072814941406250 3800036
0.070678710937500 3799927
0.068176269531250 3800036
0.070800781250000 3800000
0.073364257812500 3800000
0.071228027343750 3800000
0.000000000000000 3800000
0.070068359375000 3800000
0.069702148437500 3800000
0.068481445312500 3799963
0.074768066406250 3800036
0.069458007812500 3793160
0.059387207031250 3786763
0.067565917968750 3783332
0.070800781250000 3783336
0.074279785156250 3783332
0.070373535156250 3788645
0.059936523437500 3800000
0.065795898437500 3800000
0.073486328125000 3799963
0.000000000000000 3799963
0.070312500000000 3800036
0.068603515625000 3800000
0.070068359375000 3800036
0.070922851562500 3799927
0.062011718750000 3799963
0.066528320312500 3794481
0.072143554687500 3787790
0.070556640625000 3792947
0.070800781250000 3792873
0.070739746093750 3797831
0.073669433593750 3793749
0.060363769531250 3800000
0.000000000000000 3800000
0.066101074218750 3799927
0.063842773437500 3795452
0.072448730468750 3793984
0.071655273437500 3796296
0.067016601562500 3800072
0.061706542968750 3800000
0.072998046875000 3800000
0.072753906250000 3800000
0.068237304687500 3800000
0.068969726562500 3800000
0.064514160156250 3800000
0.067626953125000 3793131
0.059875488281250 3787426
0.065856933593750 3783331
0.061767578125000 3787516
0.075927734375000 3789697
0.071960449218750 3792710
0.000000000000000 3800108
0.069335937500000 3800000
0.067443847656250 3800000
0.062194824218750 3793096
0.071350097656250 3800000
0.062561035156250 3800000
0.067871093750000 3800000
0.069335937500000 3796442
0.069396972656250 3800036
0.072814941406250 3792773
0.072204589843750 3787720
0.067443847656250 3788253
0.063476562500000 3797163
0.071228027343750 3793662
0.067810058593750 3795797
0.000000000000000 3797079
0.071838378906250 3800000
0.075866699218750 3799963
0.072265625000000 3800036
0.068664550781250 3800000
0.068542480468750 3800000
0.073486328125000 3799927
0.061523437500000 3800072
0.067993164062500 3800000
0.071899414062500 3800000
0.072692871093750 3799927
0.000000000000000 3800072
0.069091796875000 3800000
0.068420410156250 3800000
0.071105957031250 3799927
0.072204589843750 3800000
0.069702148437500 3800036
0.058959960937500 3800036
0.071350097656250 3799927
0.073852539062500 3800000
0.070556640625000 3799963
0.059509277343750 3800036
0.060119628906250 3800000
0.069580078125000 3799963
0.071044921875000 3800036
0.071533203125000 3800072
0.059143066406250 3799855
0.000000000000000 3800072
0.071105957031250 3799963
0.072204589843750 3800108
0.072326660156250 3800000
0.071289062500000 3800000
0.067871093750000 3800000
0.062805175781250 3800000
0.068664550781250 3800000
0.067138671875000 3796075
0.072082519531250 3800000
0.073425292968750 3799891
0.070129394531250 3799105
0.000000000000000 3792064
0.129455566406250 3800072
0.000000000000000 3799891
0.069458007812500 3800072
0.059448242187500 3800036
0.072265625000000 3799891
0.071350097656250 3800108
0.068420410156250 3796654
0.063476562500000 3799612
0.072387695312500 3796595
0.066772460937500 3799855
0.073364257812500 3800144
0.071899414062500 3800000
0.070800781250000 3800000
0.067199707031250 3800000
0.067871093750000 3800000
0.000000000000000 3800036
0.071716308593750 3799927
0.071716308593750 3800036
0.061279296875000 3800000
0.066833496093750 3800000
0.063781738281250 3799891
0.072448730468750 3796509
0.073669433593750 3800072
0.059387207031250 3799891
0.068420410156250 3800108
0.071289062500000 3800036
0.066528320312500 3799891
0.072021484375000 3800000
0.072448730468750 3800000
0.061828613281250 3800072
0.067565917968750 3799927
0.062927246093750 3800072
0.000000000000000 3800000
0.072326660156250 3800000
0.067626953125000 3793348
0.062805175781250 3789305
0.070678710937500 3788251
0.059936523437500 3786360
0.072692871093750 3799963
0.069091796875000 3800000
0.059265136718750 3796246
0.072082519531250 3799963
0.072021484375000 3796225
0.070190429687500 3799891
0.064575195312500 3800108
0.071533203125000 3800000
0.059814453125000 3800000
0.066711425781250 3800000
0.071777343750000 3800000
0.062622070312500 3800000
0.000000000000000 3800000
0.070129394531250 3800000
0.067810058593750 3800000
0.071044921875000 3800000
0.065124511718750 3800000
0.070861816406250 3799927
0.068542480468750 3796338
0.068969726562500 3793297
0.060546875000000 3800000
0.060424804687500 3800000
0.068054199218750 3800000
0.072937011718750 3800000
0.069030761718750 3800000
0.069335937500000 3800000
0.073303222656250 3800000
0.063537597656250 3800000
0.066955566406250 3799963
0.000000000000000 3800036
0.067260742187500 3800000
0.071350097656250 3799927
0.061401367187500 3800072
0.069274902343750 3800000
0.071777343750000 3800000
0.062988281250000 3800000
0.069641113281250 3789098
0.069580078125000 3786322
0.071533203125000 3783333
0.072082519531250 3798974
0.060180664062500 3799348
0.069091796875000 3786054
0.068847656250000 3800000
0.071533203125000 3800000
0.000000000000000 3800000
0.071716308593750 3799963
0.067993164062500 3791000
0.073913574218750 3794210
0.074096679687500 3794111
0.068054199218750 3789569
0.068908691406250 3800000
0.068115234375000 3800000
0.069152832031250 3789750
0.073791503906250 3796141
0.061889648437500 3800036
0.068237304687500 3788564
0.000000000000000 3789815
0.068969726562500 3800000
0.069824218750000 3799927
0.068664550781250 3800072
0.061218261718750 3800000
0.068908691406250 3800000
0.071594238281250 3800000
0.071472167968750 3800000
0.060607910156250 3800000
0.071105957031250 3800036
0.070251464843750 3799963
0.073669433593750 3800000
0.069091796875000 3800036
0.060668945312500 3799963
0.067443847656250 3800000
0.069763183593750 3800036
0.000000000000000 3799963
0.072326660156250 3800000
0.072143554687500 3800000
0.059875488281250 3800000
0.066223144531250 3800000
0.068786621093750 3800000
0.071777343750000 3800000
0.074401855468750 3800000
0.072875976562500 3800000
0.067932128906250 3799963
0.069030761718750 3800036
0.067565917968750 3800000
0.063903808593750 3800000
0.069885253906250 3800000
0.000000000000000 3800000
0.068908691406250 3799927
0.073181152343750 3800108
0.072021484375000 3799963
0.059631347656250 3800036
0.067993164062500 3799963
0.071044921875000 3800000
0.069946289062500 3800000
0.058776855468750 3799927
0.069824218750000 3800072
0.072204589843750 3799927
0.072204589843750 3800072
0.069702148437500 3799927
0.000000000000000 3799963
0.068603515625000 3800036
0.071533203125000 3800072
0.072326660156250 3800000
0.067382812500000 3796530
0.068359375000000 3800072
0.063171386718750 3800000
0.070007324218750 3800000
0.059509277343750 3800000
0.063110351562500 3800000
0.073608398437500 3800000
0.067871093750000 3800000
0.073181152343750 3799927
0.071716308593750 3800072
0.059875488281250 3800000
0.069763183593750 3786271
0.070861816406250 3791484
0.062561035156250 3800000
0.000000000000000 3800000
0.070251464843750 3800000
0.069763183593750 3785998
0.071960449218750 3799101
0.061340332031250 3800000
0.069274902343750 3800000
0.072021484375000 3800000
0.070556640625000 3800000
0.069519042968750 3799963
0.062072753906250 3800036
0.073608398437500 3800000
0.071166992187500 3797861
0.066223144531250 3783366
0.000000000000000 3790778
0.070007324218750 3800000
0.069763183593750 3800000
0.072753906250000 3797281
0.062194824218750 3800000
0.069274902343750 3800000
0.067749023437500 3800000
0.072143554687500 3796305
0.072814941406250 3796772
0.059753417968750 3800000
0.067443847656250 3800000
0.071594238281250 3800000
0.062622070312500 3795968
0.068054199218750 3800072
0.072082519531250 3799596
0.000000000000000 3783334
0.070678710937500 3783334
0.070129394531250 3784496
0.070556640625000 3800036
0.064086914062500 3799927
0.068603515625000 3800036
0.069152832031250 3800000
0.069824218750000 3799927
0.073303222656250 3800108
0.070861816406250 3798774
0.068420410156250 3790816
0.073791503906250 3800000
0.000000000000000 3800000
0.070617675781250 3800000
0.068786621093750 3800000
0.071472167968750 3800000
0.074768066406250 3796197
0.059936523437500 3796784
0.066955566406250 3799879
0.073120117187500 3800000
0.070678710937500 3800000
0.060363769531250 3800000
0.068359375000000 3800000
0.067993164062500 3800000
0.074035644531250 3800000
0.000000000000000 3800000
0.071716308593750 3800000
0.071838378906250 3800000
0.070556640625000 3799927
0.059570312500000 3800072
0.068664550781250 3799695
0.064941406250000 3786270
0.070129394531250 3800072
0.069335937500000 3800000
0.073303222656250 3799927
0.060668945312500 3800036
0.060485839843750 3800036
0.069641113281250 3800000
0.062744140625000 3800000
0.069152832031250 3800000
0.059875488281250 3800000
0.072387695312500 3800000
0.070556640625000 3798137
0.000000000000000 3783333
0.070556640625000 3793810
0.071533203125000 3796820
0.062622070312500 3800036
0.069396972656250 3800000
0.072509765625000 3799963
0.070190429687500 3800000
0.060668945312500 3799963
0.072448730468750 3800072
0.070678710937500 3800000
0.059204101562500 3799963
0.071350097656250 3800036
0.061218261718750 3800000
0.066345214843750 3800000
0.072875976562500 3800000
0.073120117187500 3800000
0.000000000000000 3800000
0.071960449218750 3800036
0.067993164062500 3799855
0.071777343750000 3800072
0.062438964843750 3799963
0.067993164062500 3800000
0.062866210937500 3800000
0.070678710937500 3800000
0.069152832031250 3800072
0.073669433593750 3800000
0.072021484375000 3799963
0.068969726562500 3799963
0.069274902343750 3800036
0.063964843750000 3800036
0.072204589843750 3800000
0.000000000000000 3800000
0.068725585937500 3789417
0.068847656250000 3800108
0.071289062500000 3800000
0.071533203125000 3800000
0.069091796875000 3796535
0.071899414062500 3800036
0.071411132812500 3800000
0.059082031250000 3800000
0.069641113281250 3800000
0.070068359375000 3800000
0.071289062500000 3799963
0.000000000000000 3800000
0.069702148437500 3800036
0.069213867187500 3800000
0.062744140625000 3799927
0.072448730468750 3800000
0.070129394531250 3800108
0.070861816406250 3799891
0.072692871093750 3797884
0.067687988281250 3794887
0.069702148437500 3800000
0.069091796875000 3800072
0.072631835937500 3800000
0.000000000000000 3800000
0.075500488281250 3800000
0.068603515625000 3800000
0.068298339843750 3799963
0.068725585937500 3800036
0.073364257812500 3800000
0.062927246093750 3800000
0.069335937500000 3800000
0.068847656250000 3799963
0.071838378906250 3800036
0.064514160156250 3800000
0.068908691406250 3800000
0.000000000000000 3800000
0.069213867187500 3800000
0.068237304687500 3800000
0.068786621093750 3800000
0.074584960937500 3787245
0.068542480468750 3790672
0.068176269531250 3800000
0.072082519531250 3800000
0.062438964843750 3799963
0.067504882812500 3800036
0.069641113281250 3799927
0.068603515625000 3800000
0.069274902343750 3800000
0.065185546875000 3800072
0.071411132812500 3800000
0.000000000000000 3799927
0.067199707031250 3800072
0.067260742187500 3800000
0.060668945312500 3800000
0.067382812500000 3800000
0.073303222656250 3800000
0.072509765625000 3791623
0.068542480468750 3794021
0.064392089843750 3798491
0.067016601562500 3800000
0.071105957031250 3800000
0.060974121093750 3800000
0.060058593750000 3800000
0.070251464843750 3789515
0.073059082031250 3800000
0.068969726562500 3800000
0.069030761718750 3800000
0.060363769531250 3800000
0.000000000000000 3800000
0.072631835937500 3799927
0.071411132812500 3800072
0.067504882812500 3800036
0.063171386718750 3800000
0.071716308593750 3799963
0.070739746093750 3800036
0.070312500000000 3799963
0.067443847656250 3796504
0.062255859375000 3800036
0.069885253906250 3799963
0.067993164062500 3798904
0.068664550781250 3797635
0.073425292968750 3800000
0.000000000000000 3800000
0.071594238281250 3800036
0.069213867187500 3799963
0.071594238281250 3799927
0.069091796875000 3800000
0.059509277343750 3800072
0.072692871093750 3800000
0.064758300781250 3800000
0.059387207031250 3800000
0.060058593750000 3800000
0.060180664062500 3786879
0.073242187500000 3795769
0.071899414062500 3796582
0.067504882812500 3800000
0.062561035156250 3800000
0.068115234375000 3800000
0.062438964843750 3800000
0.070129394531250 3800000
0.067260742187500 3800000
0.062011718750000 3800000
0.065429687500000 3799963
0.072753906250000 3800036
0.000000000000000 3799855
0.132995605468750 3793281
0.000000000000000 3800000
0.068542480468750 3799963
0.068603515625000 3800036
0.070068359375000 3800000
0.071289062500000 3800000
0.059936523437500 3800000
0.070190429687500 3799417
0.062866210937500 3788928
0.077880859375000 3800000
0.000000000000000 3800000
0.088867187500000 3800000
0.092895507812500 3800000
0.092285156250000 3799927
0.000000000000000 3800072
0.092224121093750 3800000
0.073608398437500 3800000
0.070617675781250 3800000
0.073608398437500 3800036
0.063476562500000 3799963
0.059570312500000 3800000
0.068786621093750 3794438
0.068054199218750 3789288
0.068542480468750 3800000
0.000000000000000 3800036
0.134765625000000 3799963
0.000000000000000 3800000
0.071105957031250 3800000
0.069519042968750 3800000
0.069396972656250 3800000
0.072387695312500 3800000
0.062561035156250 3792183
0.066467285156250 3790521
0.062988281250000 3800000
0.071350097656250 3800000
0.070007324218750 3799927
0.070617675781250 3800072
0.070495605468750 3800000
0.073425292968750 3798716
0.000000000000000 3797870
0.072692871093750 3800000
0.067199707031250 3794374
0.069580078125000 3784110
0.069702148437500 3800000
0.072448730468750 3799261
0.073547363281250 3786803
0.070983886718750 3792844
0.064880371093750 3799963
0.059692382812500 3800072
0.059875488281250 3800000
0.069030761718750 3800000
0.070800781250000 3799963
0.000000000000000 3800036
0.075256347656250 3799963
0.068176269531250 3799963
0.060302734375000 3800072
0.069091796875000 3800000
0.069213867187500 3800000
0.073120117187500 3800000
0.074584960937500 3800000
0.070922851562500 3799891
0.068969726562500 3800108
0.066955566406250 3800000
0.072814941406250 3799963
0.000000000000000 3800036
0.072448730468750 3800000
0.069091796875000 3799963
0.069824218750000 3799963
0.070983886718750 3800072
0.064453125000000 3800000
0.070556640625000 3800000
0.059143066406250 3800036
0.066345214843750 3799927
0.068847656250000 3800036
0.061889648437500 3800000
0.070129394531250 3799927
0.067443847656250 3800072
0.062500000000000 3793985
0.075500488281250 3795712
0.068420410156250 3799963
0.071533203125000 3800036
0.000000000000000 3800000
0.071228027343750 3798278
0.067382812500000 3783995
0.073974609375000 3799963
0.072692871093750 3800036
0.070251464843750 3799963
0.067932128906250 3796241
0.060546875000000 3786377
0.072448730468750 3797842
0.072082519531250 3795242
0.068542480468750 3799963
0.000000000000000 3800036
0.070190429687500 3800000
0.074584960937500 3799247
0.070678710937500 3787066
0.059875488281250 3789883
0.067199707031250 3800036
0.062927246093750 3796057
0.070739746093750 3790044
0.068603515625000 3800000
0.072875976562500 3791777
0.073425292968750 3787395
0.071716308593750 3800000
0.067932128906250 3799963
0.068237304687500 3794989
0.000000000000000 3794697
0.067260742187500 3800000
0.063537597656250 3800000
0.071472167968750 3800000
0.059387207031250 3800000
0.072509765625000 3800000
0.071838378906250 3800000
0.069946289062500 3800000
0.067443847656250 3800000
0.061767578125000 3799927
0.070068359375000 3800036
0.061096191406250 3800000
0.072265625000000 3800072
0.069824218750000 3799963
0.066528320312500 3800000
0.071655273437500 3800000
0.063720703125000 3800000
0.072570800781250 3799963
0.000000000000000 3800036
0.069458007812500 3799963
0.069885253906250 3800072
0.071899414062500 3799927
0.061279296875000 3800036
0.067749023437500 3800000
0.063354492187500 3800000
0.071166992187500 3800000
0.059082031250000 3800000
0.072021484375000 3800000
0.072448730468750 3793073
0.069396972656250 3799963
0.073669433593750 3800036
0.070190429687500 3799963
0.000000000000000 3800036
0.071044921875000 3792845
0.073913574218750 3798462
0.069763183593750 3800000
0.068725585937500 3800000
0.061950683593750 3799927
0.070617675781250 3800072
0.068725585937500 3799963
0.073181152343750 3800036
0.072082519531250 3800000
0.068847656250000 3800000
0.000000000000000 3800000
0.071960449218750 3800000
0.062683105468750 3800000
0.067810058593750 3800036
0.072082519531250 3799963
0.070800781250000 3800000
0.059753417968750 3794337
0.068969726562500 3798712
0.073425292968750 3722677
0.061828613281250 3800000
0.066467285156250 3800000
0.062316894531250 3800000
0.063842773437500 3800036
0.068786621093750 3794592
0.069091796875000 3798702
0.073486328125000 3799927
0.070312500000000 3797196
0.069152832031250 3795363
0.000000000000000 3800000
0.073974609375000 3800000
0.069580078125000 3800000
0.069580078125000 3800000
0.069580078125000 3799963
0.072692871093750 3800036
0.070556640625000 3800000
0.066101074218750 3800000
0.062683105468750 3800000
0.072692871093750 3800000
0.069152832031250 3800000
0.071289062500000 3799927
0.061828613281250 3800000
0.000000000000000 3800000
0.068786621093750 3800072
0.069213867187500 3799963
0.070007324218750 3799963
0.073608398437500 3800108
0.070678710937500 3789506
0.068115234375000 3800036
0.069396972656250 3800000
0.070861816406250 3800000
0.073486328125000 3800000
0.061157226562500 3799963
0.066040039062500 3800036
0.060058593750000 3800000
0.072448730468750 3799927
0.000000000000000 3800072
0.070129394531250 3799963
0.064819335937500 3799927
0.071289062500000 3796950
0.072998046875000 3800000
0.068237304687500 3800000
0.064208984375000 3800072
0.072814941406250 3800000
0.067749023437500 3800000
0.071777343750000 3800000
0.064331054687500 3800000
0.069824218750000 3799963
0.072631835937500 3800036
0.062011718750000 3800000
0.000000000000000 3800000
0.067016601562500 3799927
0.063720703125000 3800072
0.071350097656250 3800036
0.069091796875000 3799855
0.071350097656250 3800108
0.072387695312500 3800036
0.069030761718750 3799963
0.069885253906250 3800036
0.072570800781250 3799963
0.072570800781250 3799891
0.060974121093750 3800108
0.067504882812500 3799963
0.068786621093750 3800036
0.000000000000000 3800000
0.070678710937500 3800000
0.072875976562500 3800000
0.063964843750000 3800000
0.060852050781250 3800000
0.059692382812500 3800000
0.070556640625000 3800000
0.063476562500000 3800000
0.071472167968750 3799963
0.067016601562500 3797613
0.063415527343750 3800000
0.059570312500000 3799927
0.070556640625000 3800072
0.064270019531250 3800000
0.068542480468750 3800000
0.063720703125000 3796577
0.270202636718750 3800000
0.065429687500000 3800000
0.000000000000000 3799855
0.074279785156250 3800144
0.067443847656250 3800036
0.068359375000000 3799963
0.067565917968750 3800000
0.069946289062500 3799927
0.074340820312500 3800072
0.061218261718750 3799963
0.068359375000000 3800072
0.072875976562500 3799963
0.071044921875000 3800036
0.068786621093750 3799963
0.061218261718750 3800000
0.072143554687500 3799927
0.070861816406250 3800000
0.000000000000000 3800072
0.068725585937500 3800036
0.069213867187500 3799963
0.068115234375000 3800000
0.071044921875000 3800000
0.064025878906250 3800000
0.069152832031250 3800000
0.059082031250000 3800000
0.072082519531250 3800000
0.070800781250000 3800000
0.059265136718750 3799963
0.063110351562500 3800036
0.072692871093750 3800000
0.068359375000000 3800000
0.073120117187500 3800000
0.000000000000000 3799963
0.070617675781250 3799963
0.071655273437500 3800072
0.072509765625000 3800000
0.070373535156250 3800000
0.060302734375000 3799963
0.070495605468750 3800036
0.073242187500000 3800000
0.067443847656250 3800000
0.060729980468750 3799891
0.070068359375000 3800036
0.072326660156250 3800036
0.068481445312500 3800036
0.000000000000000 3800000
0.136230468750000 3800000
0.000000000000000 3799891
0.068115234375000 3800108
0.067810058593750 3800000
0.071166992187500 3800000
0.063781738281250 3799891
0.068481445312500 3800108
0.068420410156250 3797401
0.072998046875000 3799196
0.071350097656250 3800000
0.060363769531250 3800000
0.067687988281250 3800036
0.063415527343750 3799963
0.071350097656250 3799927
0.068908691406250 3800072
0.063232421875000 3799927
0.061767578125000 3799963
0.067321777343750 3800108
0.062133789062500 3799963
0.000000000000000 3793052
0.074768066406250 3789164
0.073913574218750 3800036
0.059814453125000 3799963
0.072387695312500 3800036
0.063232421875000 3800000
0.065063476562500 3799963
0.069030761718750 3800036
0.059082031250000 3799927
0.067810058593750 3800072
0.061523437500000 3799927
0.068054199218750 3800072
0.072814941406250 3800036
0.062622070312500 3799963
0.068786621093750 3800000
0.069702148437500 3800000
0.073181152343750 3800000
0.073181152343750 3800000
0.070251464843750 3800000
0.000000000000000 3800000
0.070190429687500 3800000
0.070251464843750 3800000
0.068969726562500 3800000
0.070617675781250 3800000
0.073181152343750 3799963
0.059814453125000 3800000
0.067321777343750 3800036
0.072753906250000 3800000
0.070739746093750 3800000
0.070312500000000 3800000
0.000000000000000 3800000
0.074279785156250 3800000
0.071228027343750 3800000
0.059692382812500 3799927
0.069335937500000 3800036
0.072998046875000 3800036
0.067626953125000 3800000
0.061401367187500 3800000
0.073242187500000 3799927
0.063720703125000 3800072
0.067077636718750 3800000
0.069946289062500 3800000
0.068359375000000 3800000
0.070922851562500 3799891
0.060729980468750 3800036
0.067199707031250 3800108
0.071594238281250 3799963
0.000000000000000 3800000
0.070739746093750 3800000
0.071716308593750 3800036
0.071350097656250 3800000
0.072143554687500 3799891
0.071166992187500 3800000
0.067321777343750 3800000
0.060302734375000 3800036
0.066162109375000 3800036
0.062805175781250 3800000
0.074340820312500 3799927
0.069213867187500 3800072
0.072021484375000 3800000
0.000000000000000 3800000
0.073425292968750 3800000
0.070800781250000 3800000
0.067871093750000 3799927
0.060363769531250 3800072
0.072814941406250 3800000
0.070495605468750 3800036
0.072998046875000 3799963
0.072326660156250 3799963
0.069763183593750 3799963
0.067260742187500 3800108
0.063171386718750 3799963
0.000000000000000 3800000
0.132568359375000 3800000
0.000000000000000 3800000
0.071350097656250 3800000
0.071105957031250 3800000
0.068786621093750 3800000
0.068542480468750 3799927
0.073242187500000 3800000
0.071228027343750 3800036
0.067687988281250 3800036
0.072265625000000 3799963
0.062683105468750 3800036
0.068603515625000 3799927
0.071166992187500 3800072
0.063171386718750 3799927
0.059387207031250 3799963
0.067993164062500 3800108
0.000000000000000 3799891
0.073059082031250 3800108
0.069580078125000 3800000
0.073852539062500 3800000
0.070373535156250 3800000
0.059570312500000 3800000
0.067321777343750 3800000
0.072326660156250 3800000
0.071838378906250 3800000
0.066833496093750 3800000
0.073181152343750 3800000
0.071105957031250 3792994
0.000000000000000 3792689
0.067871093750000 3800036
0.062133789062500 3799927
0.070251464843750 3800072
0.070434570312500 3800000
0.070190429687500 3799708
0.064147949218750 3783443
0.066406250000000 3783223
0.073547363281250 3794500
0.072692871093750 3799963
0.071411132812500 3800108
0.058959960937500 3800036
0.070129394531250 3799891
0.068481445312500 3800000
0.072082519531250 3800108
0.063720703125000 3794351
0.000000000000000 3798553
0.068908691406250 3800072
0.068786621093750 3800000
0.070800781250000 3799963
0.063537597656250 3800036
0.059387207031250 3799963
0.069519042968750 3800072
0.072082519531250 3799927
0.071228027343750 3800072
0.060729980468750 3799963
0.068664550781250 3800036
0.072937011718750 3800000
0.069641113281250 3800000
0.061950683593750 3800000
0.072448730468750 3798467
0.068664550781250 3796768
0.000000000000000 3800000
0.072021484375000 3800000
0.071044921875000 3800000
0.072753906250000 3800000
0.066223144531250 3800000
0.070495605468750 3800000
0.071960449218750 3799927
0.069824218750000 3800072
0.073974609375000 3795974
0.069580078125000 3800072
0.000000000000000 3799963
0.069458007812500 3800036
0.068786621093750 3800000
0.071594238281250 3799927
0.063476562500000 3799963
0.068298339843750 3800108
0.060180664062500 3800000
0.068420410156250 3800000
0.068481445312500 3800000
0.070678710937500 3800000
0.075378417968750 3799963
0.062866210937500 3800036
0.067199707031250 3800000
0.069641113281250 3783369
0.072082519531250 3783334
0.000000000000000 3790739
0.070800781250000 3800036
0.068359375000000 3799963
0.075378417968750 3800036
0.062622070312500 3800000
0.068847656250000 3799963
0.068420410156250 3800036
0.062072753906250 3800000
0.073852539062500 3800000
0.069763183593750 3800000
0.069763183593750 3799891
0.069274902343750 3800108
0.068908691406250 3800000
0.000000000000000 3800000
0.074157714843750 3799927
0.068664550781250 3800000
0.059204101562500 3800072
0.072998046875000 3800000
0.071472167968750 3800000
0.069152832031250 3799963
0.068603515625000 3800036
0.064147949218750 3800036
0.069763183593750 3799891
0.058837890625000 3800072
0.070800781250000 3800000
0.069946289062500 3799963
0.067016601562500 3800036
0.072021484375000 3799963
0.000000000000000 3800036
0.075988769531250 3800000
0.070251464843750 3800000
0.060729980468750 3800000
0.066894531250000 3799963
0.072021484375000 3800036
0.071777343750000 3800000
0.068115234375000 3799927
0.071350097656250 3800000
0.070373535156250 3800108
0.074279785156250 3799963
0.066162109375000 3799927
0.060424804687500 3800000
0.069763183593750 3800072
0.000000000000000 3800000
0.071655273437500 3800000
0.070495605468750 3799963
0.072570800781250 3800000
0.074096679687500 3792029
0.068603515625000 3800000
0.072814941406250 3800000
0.072692871093750 3799927
0.069091796875000 3800000
0.000000000000000 3800072
0.070129394531250 3800000
0.071777343750000 3799927
0.073303222656250 3800072
0.069030761718750 3799927
0.069458007812500 3800000
0.061828613281250 3800000
0.068420410156250 3799927
0.067138671875000 3800072
0.062744140625000 3800072
0.071533203125000 3800000
0.069274902343750 3800036
0.067749023437500 3799963
0.062500000000000 3799927
0.074707031250000 3800072
0.071228027343750 3800000
0.000000000000000 3800000
0.068481445312500 3800000
0.069702148437500 3800000
0.070068359375000 3800036
0.073059082031250 3799891
0.074218750000000 3800000
0.067993164062500 3800072
0.061096191406250 3800000
0.070373535156250 3800000
0.062805175781250 3800036
0.068054199218750 3799963
0.067993164062500 3800000
0.062927246093750 3800000
0.062805175781250 3800000
0.067626953125000 3800000
0.069030761718750 3800000
0.000000000000000 3800000
0.071777343750000 3800000
0.072937011718750 3800000
0.060363769531250 3799927
0.066833496093750 3799963
0.072570800781250 3800036
0.069091796875000 3800072
0.069702148437500 3799963
0.072387695312500 3800036
0.070861816406250 3800000
0.068786621093750 3800000
0.073242187500000 3800000
0.000000000000000 3800000
0.072021484375000 3800000
0.069946289062500 3799927
0.073242187500000 3800072
0.062377929687500 3800000
0.068786621093750 3800000
0.069763183593750 3800000
0.072082519531250 3799891
0.062438964843750 3800000
0.068420410156250 3800108
0.068237304687500 3797527
0.074401855468750 3783404
0.000000000000000 3794155
0.135375976562500 3793626
0.000000000000000 3800000
0.069091796875000 3799927
0.069458007812500 3800072
0.066894531250000 3799927
0.059265136718750 3800000
0.072814941406250 3800000
0.073181152343750 3800072
0.067443847656250 3800000
0.071838378906250 3800000
0.063598632812500 3800000
0.066406250000000 3799963
0.072570800781250 3800000
0.071716308593750 3799963
0.000000000000000 3800000
0.070678710937500 3800072
0.060729980468750 3799927
0.068237304687500 3798106
0.072875976562500 3800072
0.061645507812500 3799927
0.061218261718750 3800072
0.066162109375000 3799963
0.061462402343750 3799963
0.073547363281250 3800072
0.071960449218750 3800000
0.060302734375000 3800000
0.068481445312500 3799891
0.067626953125000 3800108
0.071533203125000 3796598
0.074340820312500 3800000
0.069152832031250 3800000
0.070068359375000 3800000
0.000000000000000 3800000
0.068481445312500 3800000
0.070495605468750 3800000
0.075134277343750 3800000
0.071044921875000 3799891
0.060852050781250 3799963
0.067260742187500 3800144
0.070495605468750 3800000
0.070068359375000 3800000
0.069824218750000 3800036
0.074157714843750 3790154
0.072631835937500 3784827
0.061279296875000 3799963
0.000000000000000 3800000
0.126708984375000 3800000
0.000000000000000 3800000
0.068359375000000 3800000
0.074523925781250 3800000
0.067687988281250 3800000
0.070129394531250 3800000
0.072631835937500 3799891
0.070495605468750 3800108
0.060424804687500 3800000
0.068115234375000 3800000
0.070190429687500 3800000
0.073303222656250 3800000
0.071655273437500 3800000
0.000000000000000 3800000
0.069091796875000 3800000
0.068786621093750 3799891
0.072265625000000 3800036
0.072998046875000 3799963
0.058898925781250 3800000
0.071899414062500 3800036
0.070617675781250 3799963
0.069641113281250 3800036
0.059509277343750 3800072
0.062438964843750 3799963
0.069763183593750 3799963
0.070007324218750 3800000
0.073547363281250 3800000
0.000000000000000 3800000
0.071350097656250 3800108
0.069885253906250 3799963
0.071716308593750 3800036
0.071777343750000 3799963
0.070068359375000 3800000
0.062561035156250 3800000
0.074462890625000 3800000
0.067138671875000 3799927
0.058532714843750 3800072
0.072570800781250 3800000
0.071899414062500 3800000
0.067749023437500 3799963
0.066650390625000 3800036
0.000000000000000 3800000
0.074707031250000 3800000
0.071289062500000 3799927
0.071228027343750 3799675
0.067260742187500 3793533
0.068481445312500 3800000
0.072265625000000 3799927
0.072937011718750 3799963
0.068847656250000 3800108
0.072143554687500 3800036
0.063476562500000 3799891
0.067565917968750 3799963
0.060424804687500 3800108
0.000000000000000 3800000
0.129455566406250 3799927
0.060485839843750 3800072
0.059448242187500 3799963
0.070678710937500 3800036
0.000000000000000 3799963
0.073486328125000 3799963
0.070434570312500 3800072
0.072204589843750 3800000
0.063171386718750 3800000
0.068054199218750 3799927
0.069152832031250 3800000
0.068786621093750 3800000
0.070495605468750 3800072
0.074462890625000 3800000
0.071044921875000 3800036
0.060791015625000 3799891
0.065795898437500 3800000
0.000000000000000 3800036
0.069274902343750 3799963
0.070739746093750 3800000
0.062072753906250 3800072
0.058715820312500 3800000
0.073364257812500 3799927
0.072937011718750 3800072
0.068603515625000 3800000
0.059692382812500 3800000
0.072937011718750 3800000
0.071716308593750 3800000
0.067138671875000 3800000
0.072509765625000 3800000
0.072753906250000 3800000
0.000000000000000 3800000
0.066284179687500 3799891
0.072814941406250 3800108
0.071777343750000 3800000
0.071960449218750 3800000
0.066101074218750 3800000
0.070129394531250 3800000
0.070373535156250 3799927
0.071960449218750 3800072
0.060974121093750 3799963
0.068054199218750 3800036
0.072204589843750 3800000
0.070922851562500 3800000
0.000000000000000 3799963
0.073852539062500 3799963
0.059448242187500 3800000
0.067077636718750 3800072
0.069213867187500 3800000
0.072998046875000 3799927
0.061401367187500 3797218
0.066467285156250 3785500
0.062927246093750 3800036
0.071472167968750 3799927
0.068542480468750 3800000
0.062988281250000 3800072
0.073181152343750 3800000
0.067138671875000 3799927
0.067626953125000 3800000
0.063720703125000 3800072
0.071838378906250 3799855
0.059631347656250 3800144
0.068969726562500 3800000
0.062927246093750 3800000
0.000000000000000 3799963
0.071533203125000 3799927
0.066162109375000 3800072
0.063171386718750 3800000
0.070739746093750 3799963
0.070251464843750 3800072
0.066162109375000 3800000
0.073242187500000 3800036
0.070617675781250 3799891
0.070983886718750 3800072
0.070922851562500 3799963
0.070800781250000 3800036
0.072265625000000 3798449
0.000000000000000 3794461
0.068603515625000 3800000
0.060485839843750 3800000
0.073547363281250 3797159
0.069213867187500 3799963
0.069274902343750 3800036
0.070495605468750 3800000
0.063049316406250 3800000
0.070129394531250 3800000
0.066528320312500 3800000
0.069213867187500 3788242
0.075500488281250 3797915
0.070922851562500 3800000
0.000000000000000 3800000
0.068542480468750 3799927
0.071350097656250 3800072
0.069580078125000 3800000
0.070007324218750 3800000
0.073425292968750 3800000
0.067932128906250 3800000
0.068481445312500 3800036
0.073364257812500 3799855
0.071228027343750 3800108
0.000000000000000 3800036
0.067565917968750 3788976
0.073974609375000 3799855
0.070373535156250 3800144
0.068664550781250 3800000
0.071899414062500 3800000
0.068115234375000 3800000
0.060546875000000 3800000
0.069335937500000 3799963
0.074340820312500 3800036
0.071777343750000 3799963
0.068115234375000 3800036
0.067871093750000 3800000
0.000000000000000 3792396
0.071655273437500 3790325
0.072998046875000 3800000
0.068298339843750 3800000
0.070251464843750 3800000
0.074035644531250 3800000
0.068908691406250 3800000
0.059326171875000 3800000
0.070556640625000 3800000
0.071472167968750 3793660
0.069519042968750 3795197
0.071105957031250 3796081
0.000000000000000 3790149
0.074035644531250 3799891
0.067443847656250 3800072
0.060668945312500 3800000
0.069458007812500 3800000
0.063049316406250 3800000
0.066406250000000 3799963
0.059326171875000 3800036
0.072509765625000 3797915
0.072204589843750 3798578
0.058959960937500 3800000
0.071289062500000 3800000
0.072998046875000 3800000
0.071044921875000 3798830
0.071472167968750 3783298
0.067932128906250 3789735
0.060180664062500 3800000
0.000000000000000 3800000
0.074401855468750 3800036
0.071594238281250 3796549
0.069274902343750 3800000
0.070983886718750 3792908
0.063598632812500 3797266
0.067138671875000 3796642
0.069885253906250 3799927
0.074035644531250 3800036
0.068237304687500 3800000
0.069641113281250 3800000
0.073242187500000 3800000
0.062805175781250 3793075
0.000000000000000 3800000
0.068664550781250 3800000
0.060668945312500 3800000
0.073791503906250 3800036
0.071594238281250 3799963
0.060119628906250 3800000
0.066528320312500 3800000
0.061340332031250 3799855
0.072021484375000 3800144
0.062744140625000 3800036
0.070434570312500 3799891
0.071228027343750 3799927
0.073059082031250 3800072
0.071044921875000 3800108
0.058654785156250 3799927
0.070739746093750 3799963
0.063293457031250 3800072
0.067932128906250 3800000
0.068664550781250 3800000
0.000000000000000 3800000
0.072387695312500 3800000
0.061828613281250 3800000
0.068969726562500 3800000
0.072509765625000 3800000
0.069458007812500 3799963
0.068481445312500 3800072
0.062866210937500 3799963
0.073913574218750 3800000
0.070495605468750 3800000
0.070007324218750 3800000
0.073059082031250 3800000
0.073242187500000 3791518
0.000000000000000 3800108
0.068115234375000 3800000
0.069824218750000 3800036
0.069641113281250 3800000
0.062438964843750 3799963
0.074707031250000 3800000
0.070129394531250 3789222
0.059875488281250 3799388
0.068420410156250 3800000
0.068725585937500 3800000
0.067932128906250 3800000
0.062744140625000 3799963
0.070190429687500 3800000
0.060180664062500 3789786
0.071166992187500 3796334
0.067077636718750 3799963
0.000000000000000 3800036
0.072143554687500 3800036
0.071594238281250 3799963
0.059265136718750 3800036
0.069458007812500 3800000
0.062316894531250 3800000
0.066955566406250 3800000
0.063781738281250 3800000
0.071716308593750 3800000
0.067626953125000 3800000
0.072021484375000 3800000
0.071105957031250 3800000
0.070556640625000 3800000
0.070983886718750 3800000
0.068542480468750 3800000
0.068603515625000 3800036
0.000000000000000 3799963
0.074096679687500 3800036
0.072082519531250 3799963
0.067565917968750 3800000
0.069458007812500 3800000
0.071655273437500 3800000
0.073669433593750 3800000
0.058837890625000 3800000
0.067199707031250 3799963
0.070861816406250 3800000
0.073547363281250 3800036
0.070861816406250 3799891
0.000000000000000 3800072
0.067749023437500 3800000
0.069091796875000 3796167
0.060607910156250 3803799
0.067932128906250 3800000
0.069885253906250 3799963
0.070373535156250 3800072
0.059020996093750 3800036
0.063232421875000 3800000
0.070556640625000 3799927
0.071899414062500 3800072
0.073425292968750 3795580
0.059936523437500 3797330
0.071777343750000 3799891
0.062194824218750 3800108
0.068359375000000 3799014
0.073486328125000 3794098
0.000000000000000 3800000
0.073181152343750 3799927
0.066833496093750 3800072
0.071411132812500 3800000
0.071044921875000 3800000
0.062133789062500 3800000
0.067260742187500 3800000
0.062255859375000 3799891
0.073425292968750 3800036
0.071166992187500 3799963
0.059387207031250 3800036
0.068664550781250 3800072
0.072998046875000 3799891
0.070556640625000 3800000
0.071044921875000 3800036
0.000000000000000 3797936
0.070983886718750 3794984
0.062988281250000 3800072
0.067443847656250 3800000
0.068542480468750 3800000
0.072326660156250 3800000
0.069885253906250 3799891
0.071533203125000 3800108
0.067260742187500 3800000
0.073608398437500 3800036
0.072998046875000 3799963
0.071594238281250 3800000
0.059020996093750 3800000
0.000000000000000 3799963
0.067321777343750 3800036
0.069274902343750 3800000
0.071960449218750 3783613
0.062805175781250 3799231
0.067260742187500 3799927
0.062561035156250 3800000
0.071228027343750 3800072
0.060302734375000 3800000
0.068969726562500 3800000
0.069946289062500 3800036
0.073730468750000 3799963
0.070800781250000 3800000
0.059875488281250 3800000
0.068969726562500 3800000
0.070251464843750 3800000
0.071411132812500 3799927
0.000000000000000 3800072
0.069091796875000 3800000
0.071716308593750 3800000
0.067382812500000 3800000
0.064208984375000 3800000
0.072753906250000 3800000
0.062683105468750 3800000
0.068420410156250 3800000
0.071777343750000 3799963
0.068908691406250 3800000
0.070800781250000 3800036
0.070495605468750 3800036
0.071472167968750 3799927
0.062805175781250 3800036
0.000000000000000 3800000
0.067321777343750 3799927
0.074157714843750 3800000
0.070678710937500 3800072
0.069152832031250 3800000
0.073059082031250 3799927
0.068237304687500 3800072
0.059387207031250 3800000
0.067443847656250 3789010
0.071411132812500 3800000
0.072509765625000 3799927
0.071472167968750 3800072
0.068176269531250 3800000
0.000000000000000 3799963
0.069335937500000 3800036
0.069946289062500 3800000
0.071228027343750 3800000
0.071594238281250 3800000
0.069396972656250 3800000
0.071472167968750 3800000
0.071777343750000 3800036
0.068115234375000 3799891
0.070617675781250 3800072
0.000000000000000 3799891
0.074157714843750 3800108
0.066406250000000 3800000
0.072265625000000 3800036
0.070373535156250 3799963
0.060852050781250 3788824
0.070800781250000 3797064
0.073852539062500 3799963
0.071655273437500 3800036
0.066894531250000 3800000
0.061401367187500 3800000
0.069030761718750 3800000
0.068298339843750 3800000
0.072631835937500 3800036
0.063659667968750 3799963
0.000000000000000 3800000
0.067504882812500 3800000
0.069396972656250 3800000
0.073486328125000 3799891
0.070312500000000 3800108
0.061401367187500 3800000
0.071960449218750 3800000
0.071655273437500 3800000
0.065673828125000 3800000
0.063476562500000 3800000
0.071105957031250 3799855
0.067016601562500 3800144
0.063720703125000 3800000
0.071411132812500 3800000
0.059814453125000 3800000
0.067810058593750 3792831
0.062194824218750 3783332
0.070678710937500 3785334
0.060424804687500 3800000
0.059753417968750 3800000
0.071044921875000 3800000
0.000000000000000 3800000
0.074035644531250 3800000
0.066589355468750 3800000
0.062622070312500 3799392
0.072998046875000 3800036
0.070983886718750 3800000
0.070068359375000 3800000
0.069335937500000 3800000
0.072265625000000 3800000
0.070434570312500 3799963
0.067993164062500 3800036
0.000000000000000 3800000
0.131896972656250 3800000
0.000000000000000 3800000
0.070800781250000 3800000
0.069763183593750 3800000
0.072753906250000 3800000
0.070861816406250 3800000
0.063232421875000 3800000
0.068481445312500 3800000
0.068847656250000 3800000
0.071777343750000 3800000
0.062744140625000 3800000
0.067687988281250 3800000
0.071105957031250 3799963
0.070556640625000 3800036
0.000000000000000 3800000
0.071960449218750 3799891
0.069885253906250 3800108
0.071655273437500 3800000
0.072143554687500 3799927
0.069396972656250 3800000
0.060180664062500 3800036
0.073669433593750 3800036
0.072204589843750 3800000
0.060119628906250 3800000
0.067993164062500 3783484
0.060607910156250 3783334
0.067871093750000 3794224
0.073059082031250 3800000
0.070373535156250 3800000
0.059448242187500 3785829
0.000000000000000 3800000
0.072937011718750 3800000
0.071044921875000 3800000
0.066772460937500 3798952
0.067749023437500 3794078
0.062927246093750 3800072
0.071350097656250 3800000
0.060363769531250 3800000
0.068359375000000 3800000
0.074096679687500 3798359
0.073974609375000 3787790
0.067321777343750 3800000
0.072021484375000 3800000
0.070861816406250 3796600
0.061035156250000 3800000
0.065612792968750 3799927
0.000000000000000 3800072
0.072753906250000 3800000
0.072937011718750 3789555
0.072692871093750 3799668
0.059631347656250 3797660
0.067932128906250 3791357
0.069030761718750 3796942
0.071838378906250 3800000
0.072631835937500 3800000
0.059997558593750 3800036
0.071655273437500 3799963
0.071777343750000 3799855
0.000000000000000 3800180
0.070495605468750 3799963
0.072448730468750 3800000
0.072143554687500 3787081
0.068237304687500 3796925
0.062561035156250 3800072
0.071289062500000 3800000
0.069030761718750 3800000
0.071594238281250 3800000
0.074340820312500 3799963
0.063720703125000 3800036
0.069763183593750 3792589
0.069274902343750 3800000
0.000000000000000 3800000
0.067932128906250 3799963
0.073059082031250 3800036
0.062500000000000 3800036
0.067871093750000 3792603
0.068359375000000 3796892
0.071594238281250 3799927
0.074768066406250 3799963
0.068298339843750 3800108
0.068420410156250 3796596
0.071899414062500 3800000
0.000000000000000 3800000
0.072753906250000 3792600
0.069335937500000 3797000
0.071350097656250 3800000
0.071899414062500 3789207
0.068237304687500 3797357
0.062744140625000 3790485
0.070983886718750 3798430
0.067077636718750 3799963
0.072875976562500 3794104
0.069213867187500 3783333
0.059387207031250 3797089
0.071166992187500 3799963
0.063659667968750 3800036
0.068115234375000 3800000
0.059692382812500 3800000
0.067687988281250 3799963
0.061035156250000 3800072
0.072265625000000 3799963
0.063598632812500 3799963
0.060424804687500 3800036
0.000000000000000 3800000
0.068664550781250 3800000
0.068542480468750 3793388
0.071289062500000 3799409
0.073120117187500 3800000
0.071960449218750 3789462
0.059509277343750 3800036
0.067321777343750 3800000
0.061218261718750 3800000
0.072265625000000 3800000
0.070312500000000 3796700
0.062744140625000 3794740
0.069580078125000 3797287
0.068115234375000 3783334
0.071105957031250 3783329
0.071289062500000 3791959
0.000000000000000 3799963
0.067504882812500 3800000
0.071350097656250 3800000
0.073181152343750 3800000
0.071899414062500 3800000
0.060058593750000 3800000
0.069519042968750 3800000
0.065307617187500 3800000
0.071411132812500 3800000
0.067565917968750 3800000
0.077880859375000 3800000
0.062255859375000 3791423
0.059692382812500 3792842
0.059204101562500 3800000
0.065246582031250 3800000
0.066833496093750 3800000
0.067443847656250 3800000
0.000000000000000 3799927
0.072448730468750 3800000
0.068481445312500 3800072
0.069519042968750 3794324
0.069885253906250 3791788
0.062988281250000 3800000
0.068420410156250 3799963
0.070800781250000 3796608
0.068115234375000 3798803
0.067810058593750 3787321
0.068664550781250 3800000
0.065795898437500 3800000
0.074279785156250 3800000
0.063354492187500 3800000
0.072021484375000 3800000
0.000000000000000 3800000
0.067687988281250 3800000
0.070007324218750 3800000
0.062866210937500 3800000
0.068908691406250 3800000
0.068908691406250 3800000
0.064453125000000 3799963
0.059936523437500 3800000
0.066528320312500 3800000
0.061767578125000 3800036
0.071228027343750 3800000
0.062072753906250 3800000
0.067565917968750 3800000
0.068603515625000 3800000
0.070129394531250 3800000
0.063720703125000 3800000
0.068298339843750 3799963
0.072998046875000 3800036
0.070556640625000 3800000
0.067993164062500 3800000
0.000000000000000 3800000
0.071472167968750 3800000
0.070739746093750 3800000
0.067871093750000 3800000
0.073913574218750 3800000
0.071716308593750 3800000
0.061401367187500 3800000
0.066772460937500 3800000
0.060180664062500 3796575
0.069152832031250 3792819
0.064025878906250 3783331
0.068237304687500 3788453
0.067626953125000 3800000
0.071472167968750 3800036
0.071105957031250 3800000
0.068725585937500 3800000
0.000000000000000 3798901
0.070434570312500 3797699
0.070434570312500 3799891
0.069641113281250 3800108
0.062500000000000 3800000
0.072021484375000 3792882
0.073181152343750 3800000
0.069885253906250 3800000
0.068054199218750 3800000
0.069274902343750 3800000
0.070922851562500 3799927
0.070800781250000 3800072
0.000000000000000 3799891
0.071899414062500 3800036
0.070312500000000 3800072
0.063964843750000 3800036
0.068115234375000 3799963
0.070922851562500 3795056
0.064025878906250 3794397
0.069458007812500 3800000
0.059692382812500 3800000
0.071105957031250 3800036
0.077575683593750 3799891
0.063476562500000 3800108
0.065612792968750 3799963
0.067199707031250 3800000
0.072448730468750 3800000
0.067749023437500 3799927
0.000000000000000 3800072
0.069885253906250 3800000
0.069519042968750 3800000
0.070617675781250 3800000
0.071289062500000 3800000
0.069641113281250 3799891
0.071289062500000 3800072
0.071838378906250 3800036
0.059387207031250 3800000
0.059814453125000 3800036
0.073486328125000 3799963
0.070434570312500 3800036
0.067687988281250 3799963
0.062072753906250 3799963
0.072692871093750 3800036
0.000000000000000 3800000
0.070678710937500 3800000
0.066955566406250 3799891
0.073608398437500 3800000
0.062866210937500 3800108
0.066223144531250 3800000
0.073303222656250 3800000
0.070312500000000 3799927
0.067749023437500 3800072
0.062500000000000 3800000
0.070861816406250 3800000
0.071350097656250 3799927
0.062072753906250 3793797
0.064758300781250 3795628
0.068664550781250 3800108
0.059814453125000 3800000
0.069152832031250 3800000
0.000000000000000 3800036
0.073059082031250 3799963
0.062561035156250 3793251
0.068176269531250 3796127
0.066711425781250 3800036
0.073913574218750 3800036
0.061950683593750 3799963
0.068847656250000 3800000
0.072692871093750 3800000
0.071960449218750 3800000
0.059265136718750 3800000
0.059753417968750 3799927
0.068481445312500 3800072
0.072326660156250 3800036
0.062133789062500 3799891
0.068054199218750 3796581
0.062011718750000 3800072
0.071655273437500 3799927
0.068542480468750 3800072
0.000000000000000 3800000
0.070068359375000 3800000
0.074523925781250 3800000
0.069885253906250 3800000
0.069763183593750 3800000
0.070678710937500 3800000
0.062744140625000 3800000
0.068298339843750 3800000
0.069152832031250 3800000
0.072692871093750 3800000
0.070922851562500 3800036
0.058959960937500 3796442
0.072448730468750 3800108
0.000000000000000 3800000
0.072753906250000 3800036
0.070129394531250 3799963
0.059082031250000 3799927
0.068969726562500 3800000
0.070617675781250 3800072
0.070068359375000 3800000
0.059387207031250 3800000
0.075073242187500 3799963
0.069030761718750 3800036
0.066772460937500 3800000
0.071289062500000 3799447
0.070983886718750 3792041
