0.071044921875000 3799963
0.072082519531250 3800036
0.071777343750000 3800000
0.070739746093750 3800000
0.060852050781250 3800000
0.064331054687500 3800000
0.070617675781250 3799963
0.071289062500000 3800000
0.072448730468750 3800036
0.070251464843750 3800036
0.066589355468750 3799963
0.000000000000000 3800036
0.073181152343750 3799963
0.070800781250000 3800000
0.066833496093750 3800000
0.069885253906250 3800000
0.073730468750000 3800000
0.071044921875000 3800000
0.067565917968750 3800000
0.060729980468750 3800000
0.072692871093750 3799927
0.072021484375000 3800072
0.067810058593750 3800000
0.000000000000000 3799963
0.067749023437500 3800036
0.071960449218750 3800000
0.071716308593750 3800000
0.072998046875000 3800036
0.068298339843750 3799963
0.067871093750000 3800000
0.069091796875000 3800000
0.070800781250000 3799963
0.061584472656250 3800000
0.070495605468750 3800036
0.060974121093750 3800000
0.068054199218750 3800000
0.060668945312500 3799963
0.071899414062500 3800036
0.071105957031250 3800000
0.000000000000000 3799963
0.071472167968750 3800036
0.071716308593750 3800000
0.058227539062500 3799963
0.069274902343750 3800000
0.074157714843750 3800036
0.068298339843750 3799963
0.059143066406250 3800036
0.070739746093750 3800000
0.072387695312500 3800000
0.074218750000000 3800000
0.070922851562500 3799963
0.067443847656250 3800036
0.000000000000000 3800000
0.071411132812500 3799963
0.074707031250000 3800000
0.069274902343750 3800036
0.071350097656250 3800000
0.067565917968750 3800000
0.069824218750000 3799963
0.063171386718750 3800036
0.068298339843750 3800036
0.068664550781250 3799891
0.071655273437500 3800072
0.063720703125000 3800000
0.070617675781250 3800000
0.000000000000000 3800036
0.071289062500000 3799927
0.071594238281250 3800036
0.068908691406250 3800000
0.059753417968750 3800000
0.070800781250000 3800000
0.073486328125000 3800000
0.069519042968750 3800000
0.072326660156250 3800000
0.070739746093750 3800000
0.068237304687500 3800000
0.070373535156250 3800000
0.000000000000000 3800000
0.072509765625000 3799963
0.063049316406250 3800000
0.069335937500000 3800036
0.070617675781250 3799963
0.071655273437500 3800000
0.067993164062500 3800036
0.066955566406250 3800000
0.070495605468750 3799963
0.073486328125000 3800036
0.072265625000000 3800000
0.068725585937500 3800000
0.062011718750000 3800000
0.000000000000000 3800000
0.070495605468750 3800000
0.069091796875000 3799963
0.058715820312500 3800036
0.071777343750000 3800000
0.071289062500000 3800000
0.067138671875000 3799927
0.069946289062500 3800072
0.063232421875000 3800000
0.070617675781250 3799963
0.065429687500000 3800036
0.061645507812500 3799927
0.072326660156250 3800036
0.069213867187500 3800000
0.071472167968750 3800036
0.070800781250000 3800000
0.000000000000000 3800000
0.072326660156250 3800000
0.068176269531250 3799963
0.067565917968750 3800036
0.068481445312500 3800000
0.072509765625000 3800000
0.063232421875000 3800000
0.068603515625000 3800000
0.058654785156250 3800000
0.069702148437500 3799963
0.072753906250000 3800036
0.071166992187500 3800000
0.070739746093750 3799963
0.067077636718750 3800072
0.000000000000000 3799927
0.073791503906250 3800036
0.060974121093750 3800000
0.067138671875000 3799963
0.071166992187500 3800036
0.071594238281250 3800000
0.059082031250000 3799963
0.061706542968750 3799963
0.072265625000000 3800072
0.070495605468750 3799963
0.068542480468750 3800036
0.071594238281250 3800000
0.071166992187500 3800000
0.071350097656250 3800000
0.067260742187500 3799963
0.070373535156250 3800000
0.000000000000000 3800036
0.070800781250000 3799963
0.070190429687500 3799963
0.070983886718750 3800072
0.071289062500000 3800000
0.072204589843750 3799963
0.065429687500000 3800036
0.061950683593750 3800000
0.069274902343750 3800000
0.069824218750000 3800000
0.062316894531250 3800000
0.070678710937500 3800000
0.070190429687500 3800000
0.000000000000000 3800000
0.129577636718750 3800000
0.000000000000000 3800000
0.072387695312500 3800000
0.071044921875000 3800000
0.067810058593750 3800000
0.068969726562500 3799963
0.071777343750000 3800036
0.071655273437500 3800000
0.068603515625000 3800000
0.067321777343750 3799927
0.063171386718750 3800072
0.073608398437500 3800000
0.071472167968750 3800000
0.061401367187500 3800000
0.000000000000000 3799963
0.127807617187500 3800036
0.000000000000000 3800000
0.071533203125000 3800000
0.062988281250000 3799963
0.069763183593750 3800036
0.059692382812500 3800000
0.068664550781250 3800000
0.074218750000000 3800000
0.070678710937500 3800000
0.069152832031250 3800000
0.067993164062500 3800000
0.068359375000000 3799963
0.062683105468750 3800000
0.071594238281250 3800036
0.058288574218750 3800000
0.060363769531250 3800000
0.063415527343750 3800000
0.074523925781250 3800000
0.068115234375000 3800000
0.059020996093750 3799963
0.069580078125000 3800036
0.071228027343750 3799963
0.000000000000000 3800036
0.067382812500000 3800000
0.069519042968750 3800000
0.062927246093750 3800036
0.069519042968750 3799927
0.067810058593750 3800036
0.071411132812500 3799963
0.063110351562500 3800000
0.069213867187500 3800036
0.062194824218750 3800000
0.058044433593750 3799963
0.069763183593750 3800036
0.072204589843750 3800000
0.071472167968750 3800000
0.069091796875000 3800000
0.070800781250000 3800000
0.062561035156250 3800000
0.068969726562500 3800036
0.070434570312500 3799963
0.000000000000000 3800000
0.071594238281250 3800000
0.070922851562500 3800000
0.072570800781250 3800000
0.071594238281250 3800000
0.070983886718750 3800000
0.066345214843750 3799927
0.061218261718750 3800072
0.071044921875000 3800000
0.070251464843750 3800000
0.061767578125000 3800000
0.066955566406250 3800000
0.071655273437500 3799963
0.000000000000000 3800036
0.071166992187500 3800036
0.071533203125000 3799963
0.066894531250000 3800000
0.062194824218750 3800000
0.070312500000000 3800000
0.071533203125000 3800000
0.068359375000000 3800000
0.070068359375000 3799963
0.061706542968750 3800036
0.067321777343750 3799963
0.073852539062500 3799963
0.070556640625000 3800072
0.059631347656250 3799963
0.070373535156250 3800036
0.000000000000000 3800000
0.073303222656250 3800000
0.068847656250000 3800000
0.069030761718750 3800000
0.062927246093750 3800000
0.067565917968750 3800000
0.061401367187500 3800000
0.069885253906250 3800036
0.061523437500000 3799963
0.058349609375000 3799963
0.070495605468750 3800036
0.073425292968750 3800000
0.067871093750000 3799963
0.058776855468750 3800036
0.068725585937500 3800000
0.072875976562500 3799963
0.070129394531250 3800036
0.071289062500000 3800000
0.059875488281250 3799963
0.071350097656250 3800072
0.000000000000000 3799963
0.071716308593750 3799963
0.068359375000000 3800000
0.062133789062500 3800036
0.065734863281250 3799963
0.069824218750000 3800072
0.071960449218750 3799963
0.072509765625000 3800000
0.068420410156250 3800000
0.069641113281250 3799963
0.072204589843750 3800072
0.068298339843750 3799963
0.060607910156250 3799927
0.069213867187500 3800072
0.071655273437500 3799963
0.000000000000000 3800036
0.070312500000000 3800000
0.071044921875000 3800000
0.071655273437500 3800000
0.068542480468750 3800000
0.059082031250000 3800000
0.068542480468750 3800000
0.071899414062500 3800000
0.071166992187500 3800000
0.060119628906250 3800000
0.069396972656250 3800000
0.070495605468750 3800000
0.072143554687500 3799963
0.000000000000000 3800036
0.071044921875000 3800000
0.072509765625000 3799963
0.069641113281250 3800036
0.059448242187500 3799963
0.073303222656250 3800036
0.072021484375000 3800000
0.071166992187500 3800000
0.067871093750000 3800036
0.061096191406250 3799963
0.071472167968750 3800036
0.071228027343750 3799963
0.072265625000000 3800000
0.057556152343750 3800000
0.070251464843750 3800000
0.000000000000000 3800000
0.072692871093750 3799963
0.061096191406250 3800036
0.062744140625000 3800000
0.062500000000000 3800000
0.071166992187500 3800000
0.064086914062500 3800000
0.064941406250000 3800000
0.061889648437500 3800000
0.062072753906250 3800000
0.075134277343750 3799927
0.067443847656250 3800072
0.061950683593750 3800000
0.072204589843750 3800000
0.066406250000000 3800000
0.067077636718750 3800000
0.067687988281250 3800000
0.064514160156250 3800000
0.063781738281250 3799963
0.069824218750000 3800036
0.058349609375000 3800000
0.066772460937500 3800000
0.069824218750000 3800000
0.071228027343750 3800000
0.068847656250000 3800036
0.000000000000000 3800000
0.070983886718750 3799963
0.062744140625000 3800000
0.072631835937500 3800000
0.070434570312500 3800000
0.066406250000000 3799963
0.062011718750000 3800000
0.063537597656250 3800036
0.071716308593750 3800000
0.070312500000000 3800000
0.067260742187500 3800036
0.061523437500000 3799927
0.070678710937500 3800036
0.073303222656250 3800000
0.068176269531250 3799963
0.065979003906250 3800036
0.063476562500000 3799963
0.070678710937500 3800000
0.000000000000000 3800036
0.069274902343750 3800000
0.069641113281250 3800000
0.062744140625000 3800000
0.070007324218750 3799963
0.070190429687500 3800000
0.070373535156250 3800036
0.068298339843750 3800000
0.062988281250000 3799963
0.059265136718750 3800036
0.060729980468750 3800000
0.068847656250000 3799963
0.059753417968750 3800036
0.070800781250000 3800000
0.075134277343750 3799963
0.068115234375000 3800000
0.067443847656250 3800036
0.072875976562500 3800000
0.000000000000000 3800000
0.071533203125000 3800000
0.072143554687500 3799963
0.072692871093750 3800036
0.058288574218750 3800000
0.061218261718750 3799963
0.069763183593750 3800036
0.070190429687500 3800000
0.067443847656250 3799963
0.070617675781250 3800036
0.072631835937500 3800000
0.070678710937500 3799963
0.072326660156250 3800072
0.066894531250000 3799963
0.062377929687500 3800000
0.000000000000000 3800000
0.069091796875000 3800000
0.069030761718750 3799963
0.070495605468750 3800036
0.063720703125000 3800000
0.070373535156250 3800000
0.058593750000000 3796673
0.073364257812500 3803329
0.070434570312500 3800000
0.073364257812500 3799963
0.071411132812500 3800036
0.065795898437500 3799963
0.064880371093750 3800000
0.067260742187500 3800000
0.063415527343750 3800036
0.067993164062500 3800000
0.000000000000000 3800000
0.071899414062500 3800000
0.069885253906250 3800000
0.070007324218750 3800000
0.071044921875000 3800000
0.072021484375000 3799963
0.070617675781250 3800036
0.067504882812500 3800000
0.060852050781250 3799963
0.071472167968750 3797902
0.071777343750000 3802135
0.069152832031250 3799963
0.059204101562500 3800036
0.069091796875000 3799963
0.000000000000000 3800036
0.071899414062500 3799963
0.068908691406250 3800036
0.067077636718750 3800000
0.059570312500000 3800000
0.072143554687500 3800000
0.070129394531250 3800000
0.070007324218750 3800036
0.062561035156250 3799963
0.067565917968750 3800000
0.071594238281250 3799963
0.072265625000000 3800036
0.069213867187500 3800000
0.064941406250000 3800036
0.067382812500000 3799963
0.000000000000000 3800000
0.070922851562500 3800000
0.071228027343750 3800000
0.063171386718750 3800000
0.070312500000000 3800036
0.067138671875000 3799963
0.070068359375000 3800000
0.071960449218750 3800000
0.062133789062500 3799963
0.068542480468750 3800036
0.060791015625000 3800036
0.071105957031250 3799963
0.072143554687500 3800000
0.062927246093750 3800000
0.070129394531250 3800000
0.068481445312500 3800000
0.060485839843750 3800000
0.072937011718750 3800000
0.000000000000000 3800000
0.070678710937500 3800000
0.067565917968750 3800000
0.069641113281250 3800000
0.069519042968750 3800000
0.073242187500000 3800000
0.067749023437500 3800000
0.067871093750000 3800000
0.070251464843750 3800000
0.063232421875000 3800000
0.070739746093750 3800000
0.069274902343750 3800000
0.000000000000000 3800000
0.070312500000000 3800000
0.067199707031250 3800000
0.061767578125000 3800000
0.069763183593750 3800000
0.060119628906250 3800000
0.066162109375000 3800000
0.061828613281250 3800036
0.072143554687500 3799963
0.072143554687500 3800000
0.062072753906250 3800000
0.065490722656250 3800000
0.060668945312500 3800000
0.070129394531250 3800000
0.070495605468750 3800000
0.068298339843750 3800000
0.069702148437500 3800000
0.071228027343750 3800000
0.069702148437500 3799963
0.071228027343750 3800036
0.000000000000000 3800000
0.069519042968750 3800000
0.059448242187500 3800000
0.068420410156250 3800000
0.071594238281250 3800000
0.066467285156250 3799963
0.071411132812500 3800036
0.075073242187500 3800000
0.066406250000000 3799891
0.058776855468750 3800108
0.070739746093750 3800000
0.062866210937500 3799963
0.070556640625000 3800000
0.069152832031250 3800036
0.068420410156250 3799963
0.071777343750000 3800000
0.000000000000000 3800036
0.071289062500000 3800000
0.058288574218750 3799963
0.072448730468750 3800036
0.069641113281250 3799963
0.069763183593750 3800000
0.066406250000000 3800000
0.060302734375000 3800036
0.072570800781250 3800000
0.069213867187500 3800000
0.073181152343750 3800000
0.071289062500000 3800000
0.066162109375000 3800000
0.068725585937500 3800000
0.063354492187500 3799963
0.070190429687500 3800036
0.057983398437500 3800000
0.060119628906250 3799963
0.062744140625000 3800036
0.074401855468750 3800000
0.000000000000000 3799963
0.070007324218750 3800036
0.058288574218750 3799927
0.071228027343750 3800036
0.071228027343750 3800000
0.069213867187500 3800036
0.071716308593750 3799963
0.072387695312500 3800036
0.068237304687500 3800000
0.070129394531250 3799963
0.068603515625000 3800036
0.071777343750000 3799963
0.069641113281250 3800036
0.000000000000000 3800000
0.069396972656250 3799963
0.062011718750000 3800036
0.070800781250000 3800000
0.071289062500000 3799963
0.069213867187500 3800072
0.062683105468750 3799963
0.070068359375000 3800000
0.070373535156250 3799963
0.070800781250000 3800036
0.068054199218750 3799963
0.063171386718750 3800072
0.070739746093750 3799927
0.069946289062500 3800036
0.067382812500000 3800000
0.000000000000000 3800000
0.069274902343750 3800000
0.072082519531250 3800000
0.070922851562500 3800000
0.070556640625000 3800000
0.070129394531250 3800036
0.060974121093750 3799963
0.069580078125000 3800000
0.071228027343750 3799963
0.069030761718750 3800036
0.060852050781250 3800036
0.072631835937500 3799927
0.067504882812500 3800072
0.058471679687500 3799963
0.068908691406250 3800000
0.063964843750000 3800000
0.069885253906250 3800000
0.000000000000000 3800000
0.070922851562500 3800000
0.066833496093750 3800000
0.071838378906250 3800000
0.071899414062500 3800000
0.069335937500000 3800036
0.069763183593750 3799963
0.066467285156250 3799963
0.061157226562500 3800036
0.071716308593750 3800000
0.071594238281250 3799963
0.070373535156250 3800036
0.061462402343750 3800000
0.000000000000000 3799963
0.072082519531250 3800036
0.068237304687500 3800000
0.068664550781250 3800000
0.070495605468750 3800000
0.072753906250000 3799963
0.072937011718750 3800036
0.066955566406250 3799891
0.071777343750000 3800144
0.070007324218750 3799963
0.061096191406250 3799963
0.071105957031250 3800036
0.060668945312500 3800000
0.068542480468750 3799891
0.000000000000000 3800108
0.073242187500000 3800000
0.069152832031250 3799963
0.068847656250000 3800036
0.071899414062500 3800000
0.070312500000000 3799927
0.067749023437500 3800072
0.071289062500000 3800000
0.071777343750000 3799963
0.068908691406250 3800036
0.070739746093750 3800000
0.000000000000000 3799963
0.069396972656250 3800036
0.065856933593750 3800000
0.071228027343750 3800000
0.075195312500000 3800000
0.067871093750000 3799963
0.068054199218750 3800036
0.069763183593750 3800000
0.072998046875000 3799963
0.069824218750000 3800036
0.070373535156250 3800000
0.000000000000000 3799963
0.068908691406250 3800036
0.069763183593750 3799891
0.062805175781250 3800108
0.068298339843750 3800000
0.059936523437500 3800000
0.064880371093750 3800000
0.071838378906250 3799963
0.069763183593750 3800072
0.072143554687500 3799963
0.070922851562500 3800000
0.070129394531250 3800000
0.071594238281250 3800036
0.065246582031250 3799927
0.062255859375000 3800036
0.071289062500000 3800000
0.000000000000000 3800000
0.070556640625000 3799963
0.072082519531250 3800036
0.071350097656250 3799963
0.061401367187500 3800036
0.067260742187500 3800000
0.061767578125000 3800000
0.070678710937500 3800000
0.060668945312500 3800000
0.070007324218750 3800000
0.074279785156250 3799963
0.070007324218750 3800036
0.067626953125000 3800000
0.070434570312500 3800000
0.073181152343750 3800000
0.061401367187500 3800000
0.000000000000000 3800000
0.067321777343750 3800000
0.071655273437500 3800000
0.072631835937500 3800000
0.068481445312500 3799963
0.071289062500000 3800000
0.070861816406250 3800036
0.069396972656250 3800000
0.069335937500000 3800000
0.063903808593750 3799963
0.068420410156250 3800072
0.069396972656250 3799963
0.070068359375000 3799963
0.000000000000000 3800036
0.067382812500000 3799963
0.061767578125000 3800036
0.072265625000000 3799963
0.071228027343750 3800000
0.068237304687500 3800000
0.062072753906250 3800036
0.071960449218750 3800000
0.069702148437500 3800000
0.070678710937500 3800000
0.069335937500000 3800000
0.060913085937500 3800000
0.070312500000000 3799963
0.074462890625000 3800036
0.068298339843750 3800000
0.000000000000000 3800000
0.070739746093750 3800000
0.072509765625000 3800000
0.068969726562500 3799963
0.067321777343750 3800036
0.072814941406250 3799963
0.070861816406250 3800000
0.060241699218750 3800036
0.069335937500000 3800000
0.071838378906250 3800000
0.067382812500000 3800000
0.060791015625000 3800000
0.071472167968750 3799963
0.068786621093750 3800036
0.000000000000000 3800000
0.073974609375000 3800000
0.072631835937500 3800000
0.068786621093750 3800000
0.068664550781250 3799963
0.073181152343750 3800036
0.070556640625000 3800000
0.068664550781250 3799963
0.068847656250000 3800036
0.068847656250000 3800000
0.000000000000000 3799963
0.070983886718750 3800036
0.070556640625000 3800000
0.070922851562500 3800000
0.066223144531250 3799963
0.070434570312500 3800036
0.063110351562500 3800000
0.069458007812500 3800000
0.059997558593750 3800000
0.069824218750000 3799963
0.071960449218750 3800036
0.068786621093750 3799963
0.070068359375000 3800000
0.073425292968750 3800000
0.069030761718750 3800036
0.060485839843750 3800000
0.000000000000000 3800000
0.069763183593750 3800000
0.073669433593750 3800000
0.069335937500000 3799927
0.071289062500000 3800072
0.068420410156250 3800000
0.068298339843750 3800036
0.073059082031250 3799963
0.070190429687500 3800000
0.062194824218750 3800000
0.069213867187500 3800000
0.058044433593750 3799963
0.070129394531250 3800036
0.074462890625000 3800000
0.000000000000000 3800000
0.072265625000000 3800000
0.067810058593750 3799963
0.058776855468750 3800036
0.070007324218750 3799927
0.073303222656250 3800036
0.067687988281250 3800072
0.071472167968750 3799963
0.070861816406250 3799963
0.067749023437500 3800036
0.070312500000000 3800000
0.072753906250000 3799927
0.060668945312500 3800072
0.066406250000000 3800000
0.063049316406250 3800000
0.000000000000000 3800000
0.069702148437500 3800000
0.072509765625000 3799963
0.069763183593750 3800000
0.066650390625000 3800000
0.062255859375000 3800036
0.071166992187500 3800000
0.070800781250000 3799963
0.070556640625000 3800072
0.068908691406250 3799963
0.070739746093750 3799963
0.069641113281250 3800036
0.071350097656250 3800000
0.000000000000000 3800000
0.069519042968750 3799963
0.071838378906250 3800000
0.068969726562500 3800000
0.069274902343750 3800036
0.072814941406250 3800000
0.072204589843750 3799963
0.062744140625000 3800036
0.068603515625000 3800000
0.058349609375000 3799963
0.071228027343750 3800036
0.074645996093750 3800000
0.072143554687500 3799963
0.000000000000000 3800036
0.125366210937500 3799963
0.000000000000000 3800036
0.068298339843750 3800000
0.072814941406250 3799963
0.068603515625000 3800000
0.070678710937500 3800000
0.071716308593750 3800036
0.068542480468750 3800000
0.070007324218750 3800000
0.069824218750000 3800000
0.070373535156250 3800000
0.069885253906250 3800000
0.000000000000000 3799963
0.067626953125000 3800000
0.072448730468750 3800036
0.070983886718750 3799963
0.072082519531250 3800036
0.069580078125000 3800000
0.069885253906250 3800000
0.073852539062500 3800000
0.068481445312500 3799963
0.062805175781250 3800000
0.071472167968750 3799963
0.071655273437500 3800036
0.000000000000000 3800036
0.065795898437500 3800036
0.062988281250000 3799963
0.071716308593750 3799963
0.071838378906250 3800036
0.070190429687500 3800000
0.064941406250000 3800000
0.061828613281250 3800000
0.071350097656250 3800000
0.072509765625000 3800000
0.068786621093750 3800000
0.068908691406250 3800000
0.072509765625000 3800000
0.000000000000000 3799891
0.134399414062500 3800108
0.000000000000000 3800000
0.067810058593750 3800000
0.062438964843750 3800000
0.070556640625000 3800000
0.068969726562500 3800000
0.065124511718750 3799963
0.069885253906250 3800036
0.062683105468750 3800000
0.067993164062500 3799963
0.068115234375000 3800036
0.069335937500000 3799963
0.064025878906250 3800000
0.067687988281250 3800036
0.070373535156250 3800000
0.063537597656250 3799963
0.060913085937500 3800036
0.073425292968750 3800000
0.070983886718750 3800000
0.063110351562500 3800000
0.068603515625000 3799963
0.000000000000000 3800036
0.068481445312500 3800036
0.070983886718750 3799927
0.071166992187500 3800036
0.072998046875000 3800000
0.068542480468750 3800000
0.070251464843750 3800000
0.066650390625000 3799963
0.069274902343750 3800036
0.070556640625000 3800000
0.062866210937500 3800000
0.066894531250000 3799927
0.061767578125000 3800072
0.072387695312500 3800000
0.000000000000000 3800036
0.069030761718750 3799963
0.059265136718750 3800000
0.070861816406250 3800000
0.062622070312500 3799963
0.069641113281250 3800036
0.059875488281250 3800000
0.065673828125000 3800000
0.071228027343750 3800000
0.073425292968750 3799927
0.068054199218750 3800072
0.069274902343750 3799963
0.069824218750000 3800036
0.072021484375000 3800000
0.068054199218750 3799963
0.058471679687500 3800000
0.073181152343750 3800036
0.073120117187500 3799963
0.000000000000000 3800036
0.070617675781250 3799927
0.068725585937500 3800072
0.062744140625000 3799963
0.067749023437500 3800000
0.062011718750000 3800036
0.067016601562500 3799963
0.061767578125000 3800000
0.073303222656250 3800036
0.062194824218750 3800000
0.069519042968750 3799963
0.071899414062500 3800036
0.063903808593750 3800000
0.068237304687500 3799927
0.067871093750000 3800036
0.071289062500000 3800000
0.072021484375000 3800000
0.000000000000000 3800036
0.075195312500000 3800000
0.069091796875000 3799963
0.066894531250000 3800072
0.069396972656250 3799963
0.074157714843750 3800000
0.071472167968750 3800000
0.070434570312500 3799963
0.070007324218750 3800036
0.072448730468750 3800000
0.000000000000000 3800036
0.070373535156250 3799927
0.067810058593750 3800036
0.070251464843750 3800000
0.072875976562500 3800000
0.070678710937500 3800000
0.067565917968750 3800000
0.070800781250000 3800000
0.073181152343750 3800000
0.069885253906250 3799963
0.058959960937500 3800036
0.072082519531250 3800000
0.000000000000000 3800000
0.072204589843750 3800000
0.121215820312500 3800000
0.000000000000000 3800000
0.071899414062500 3799963
0.068603515625000 3800036
0.069824218750000 3799963
0.068298339843750 3800072
0.074340820312500 3799963
0.068237304687500 3799963
0.067077636718750 3800036
0.063049316406250 3800000
0.063354492187500 3800000
0.073974609375000 3800000
0.065124511718750 3800000
0.062622070312500 3800000
0.068908691406250 3800000
0.061462402343750 3800000
0.072875976562500 3799963
0.067504882812500 3800036
0.000000000000000 3800000
0.068359375000000 3799963
0.071044921875000 3800036
0.072326660156250 3800000
0.066650390625000 3799963
0.067810058593750 3800036
0.072387695312500 3800000
0.072143554687500 3800000
0.071716308593750 3799927
0.070251464843750 3800036
0.058410644531250 3800036
0.070678710937500 3800000
0.000000000000000 3799963
0.072509765625000 3800036
0.071350097656250 3800000
0.068481445312500 3800000
0.059692382812500 3800036
0.069580078125000 3799963
0.071777343750000 3799963
0.069458007812500 3800036
0.059326171875000 3800000
0.071472167968750 3800000
0.061279296875000 3800000
0.068542480468750 3800000
0.070312500000000 3799963
0.071228027343750 3800036
0.070434570312500 3800000
0.067810058593750 3799963
0.000000000000000 3800036
0.069824218750000 3800000
0.070312500000000 3799963
0.069335937500000 3800036
0.069458007812500 3800000
0.072875976562500 3800000
0.069458007812500 3800000
0.061767578125000 3800000
0.062561035156250 3799963
0.069702148437500 3800036
0.070556640625000 3800000
0.072326660156250 3799963
0.061279296875000 3800036
0.068359375000000 3800000
0.070129394531250 3800000
0.000000000000000 3799963
0.069824218750000 3800036
0.062500000000000 3800000
0.068542480468750 3799963
0.061401367187500 3800036
0.071960449218750 3800000
0.069946289062500 3800000
0.070678710937500 3800000
0.062866210937500 3799963
0.060607910156250 3800036
0.070617675781250 3800000
0.072692871093750 3799963
0.070312500000000 3800036
0.073364257812500 3800000
0.072814941406250 3799963
0.000000000000000 3800036
0.067382812500000 3800000
0.067504882812500 3799963
0.123168945312500 3800072
0.000000000000000 3799963
0.070739746093750 3799963
0.059997558593750 3800036
0.070739746093750 3800000
0.063232421875000 3800000
0.067749023437500 3800000
0.060424804687500 3800000
0.073242187500000 3800000
0.068725585937500 3800000
0.067382812500000 3799963
0.070312500000000 3800036
0.070983886718750 3800000
0.071655273437500 3800000
0.062011718750000 3799963
0.059265136718750 3800036
0.072143554687500 3800000
0.072509765625000 3799963
0.000000000000000 3800036
0.070190429687500 3799963
0.068115234375000 3800000
0.069396972656250 3800036
0.070739746093750 3800000
0.067443847656250 3814635
0.067077636718750 4000000
0.069335937500000 4000000
0.075744628906250 4000000
0.080627441406250 4000000
0.077880859375000 4000000
0.078186035156250 4000000
0.076110839843750 4000000
0.075622558593750 3999961
0.077575683593750 4000038
0.000000000000000 4000000
0.075500488281250 3999923
0.080261230468750 4000076
0.075439453125000 4000000
0.077209472656250 4000000
0.067932128906250 3999923
0.078308105468750 4000000
0.076538085937500 4000038
0.077270507812500 4000038
0.077148437500000 4000000
0.076599121093750 4000000
0.068054199218750 4000000
0.075256347656250 3999923
0.076721191406250 4000076
0.076416015625000 4000000
0.067626953125000 4000000
0.076232910156250 3999961
0.077819824218750 4000000
0.000000000000000 4000038
0.078308105468750 3999961
0.075561523437500 4000038
0.077758789062500 4000000
0.075195312500000 3999961
0.077087402343750 4000038
0.075561523437500 4000000
0.079589843750000 3999961
0.076721191406250 4000038
0.075988769531250 4000000
0.075500488281250 3999961
0.077331542968750 4000038
0.000000000000000 3999960
0.078430175781250 4000038
0.076171875000000 4000000
0.076904296875000 4000000
0.078430175781250 4000000
0.076721191406250 3999961
0.077148437500000 4000038
0.077026367187500 3999961
0.077575683593750 4000000
0.078186035156250 4000000
0.078735351562500 4000038
0.068420410156250 4000000
0.076232910156250 4000000
0.077636718750000 4000000
0.067749023437500 3999961
0.000000000000000 4000038
0.079223632812500 4000000
0.077758789062500 3999961
0.078002929687500 4000038
0.077209472656250 4000000
0.077331542968750 3999961
0.077697753906250 4000038
0.075134277343750 4000000
0.077453613281250 4000000
0.077697753906250 3999961
0.067932128906250 4000000
0.074462890625000 4000038
0.078125000000000 3999961
0.078552246093750 4000038
0.000000000000000 4000000
0.078491210937500 4000000
0.077331542968750 3999961
0.073303222656250 4000038
0.078369140625000 4000000
0.077880859375000 3999961
0.077331542968750 4000000
0.077575683593750 4000038
0.075378417968750 3999961
0.078674316406250 4000038
0.076354980468750 4000000
0.078552246093750 3999923
0.075988769531250 4000076
0.000000000000000 3999961
0.081726074218750 4000038
0.069396972656250 4000000
0.075561523437500 3999961
0.076293945312500 4000038
0.076538085937500 3999961
0.076782226562500 4000038
0.073974609375000 3999961
0.076171875000000 4000038
0.075500488281250 4000000
0.077270507812500 4000000
0.078857421875000 4000000
0.075744628906250 4000000
0.079040527343750 3999961
0.000000000000000 4000038
0.075866699218750 4000000
0.075988769531250 3999961
0.078796386718750 4000000
0.078125000000000 4000038
0.075561523437500 4000000
0.077148437500000 4000000
0.078308105468750 3999961
0.074829101562500 4000038
0.077575683593750 4000000
0.075805664062500 3999961
0.078735351562500 4000038
0.078247070312500 4000000
0.000000000000000 3999961
0.076721191406250 4000038
0.077514648437500 3999961
0.076965332031250 4000038
0.077392578125000 3999923
0.078247070312500 4000038
0.078491210937500 4000038
0.076721191406250 4000000
0.077819824218750 3999961
0.079467773437500 4000038
0.076782226562500 4000000
0.075866699218750 4000000
0.076171875000000 3999961
0.000000000000000 4000038
0.079833984375000 3999961
0.077697753906250 4000038
0.075927734375000 4000000
0.079528808593750 4000000
0.075927734375000 4000000
0.077331542968750 3999961
0.075866699218750 4000000
0.078613281250000 4000038
0.076599121093750 3999961
0.076538085937500 4000038
0.078674316406250 4000000
0.000000000000000 4000000
0.074584960937500 4000000
0.075744628906250 4000000
0.077331542968750 4000000
0.068298339843750 4000000
0.078857421875000 3999961
0.077148437500000 4000000
0.078491210937500 4000038
0.076110839843750 4000000
0.078063964843750 4000000
0.075866699218750 4000000
0.076843261718750 4000000
0.078186035156250 3999961
0.077087402343750 4000038
0.000000000000000 3999961
0.077331542968750 4000000
0.075988769531250 4000038
0.076538085937500 3999961
0.078491210937500 4000038
0.079162597656250 4000000
0.079772949218750 3999961
0.075561523437500 4000038
0.078186035156250 4000000
0.076171875000000 3999960
0.076904296875000 4000038
0.076293945312500 4000000
0.000000000000000 3999961
0.078857421875000 3943148
0.078430175781250 3800072
0.071899414062500 3799963
0.072204589843750 3800072
0.071166992187500 3799963
0.075317382812500 3799963
0.071594238281250 3800036
0.072814941406250 3800000
0.070617675781250 3800000
0.000000000000000 3799963
0.132019042968750 3799963
0.000000000000000 3800072
0.069641113281250 3800000
0.070495605468750 3800000
0.069274902343750 3800000
0.072143554687500 3800000
0.072387695312500 3800000
0.068298339843750 3800000
0.071411132812500 3800000
0.069824218750000 3800000
0.070922851562500 3792056
0.068481445312500 3783293
0.073852539062500 3800003
0.071594238281250 3797990
0.000000000000000 3799223
0.070068359375000 3797230
0.070678710937500 3800000
0.069091796875000 3800000
0.070739746093750 3796100
0.069396972656250 3786546
0.070800781250000 3799927
0.071350097656250 3800072
0.072753906250000 3797984
0.069946289062500 3790702
0.070068359375000 3799380
0.069763183593750 3800000
0.069946289062500 3800000
0.071166992187500 3799963
0.000000000000000 3800036
0.068786621093750 3800000
0.075500488281250 3799927
0.071105957031250 3800072
0.069885253906250 3800000
0.071044921875000 3800000
0.070495605468750 3800000
0.070800781250000 3799963
0.069519042968750 3800036
0.071228027343750 3800000
0.072387695312500 3799963
0.071472167968750 3800036
0.000000000000000 3800000
0.070800781250000 3800000
0.070068359375000 3800000
0.068908691406250 3800000
0.071228027343750 3799963
0.071777343750000 3800036
0.069885253906250 3799963
0.070678710937500 3800000
0.071472167968750 3800036
0.070434570312500 3800000
0.071716308593750 3800000
0.069763183593750 3800000
0.072509765625000 3800000
0.000000000000000 3800000
0.074157714843750 3800000
0.070129394531250 3800000
0.071105957031250 3800000
0.068969726562500 3800000
0.071899414062500 3800000
0.070312500000000 3800000
0.062438964843750 3800000
0.072753906250000 3800000
0.068603515625000 3800000
0.072265625000000 3799963
0.069763183593750 3800036
0.070800781250000 3800000
0.069763183593750 3799963
0.071716308593750 3800072
0.000000000000000 3799963
0.074096679687500 3799963
0.068969726562500 3800036
0.070312500000000 3800000
0.071472167968750 3799963
0.072387695312500 3800036
0.070861816406250 3800000
0.072509765625000 3799963
0.073547363281250 3800036
0.068786621093750 3800000
0.062927246093750 3799963
0.069396972656250 3800036
0.072082519531250 3800000
0.069519042968750 3799891
0.000000000000000 3800144
0.070495605468750 3799927
0.071166992187500 3800036
0.072875976562500 3800000
0.071716308593750 3800000
0.070556640625000 3800000
0.072021484375000 3800000
0.071350097656250 3800000
0.072265625000000 3800000
0.067749023437500 3800000
0.070861816406250 3799963
0.062744140625000 3800036
0.072082519531250 3800000
0.069335937500000 3800000
0.000000000000000 3799927
0.073303222656250 3800108
0.064636230468750 3799963
0.070129394531250 3800000
0.071594238281250 3800000
0.063781738281250 3800000
0.071960449218750 3800000
0.065124511718750 3800000
0.068237304687500 3800000
0.071960449218750 3800000
0.064697265625000 3800000
0.062744140625000 3800000
0.073547363281250 3800000
0.074218750000000 3800000
0.063171386718750 3799927
0.073181152343750 3800072
0.068603515625000 3800000
0.069641113281250 3800000
0.062438964843750 3800000
0.074096679687500 3800000
0.000000000000000 3799963
0.070739746093750 3800036
0.070251464843750 3800000
0.069213867187500 3799963
0.070129394531250 3800036
0.072021484375000 3797710
0.070312500000000 3798743
0.068725585937500 3800036
0.072082519531250 3800000
0.069213867187500 3799963
0.071105957031250 3800036
0.069763183593750 3800000
0.062377929687500 3799963
0.070983886718750 3800036
0.070800781250000 3799963
0.071472167968750 3800036
0.000000000000000 3800000
0.068420410156250 3800000
0.070678710937500 3799963
0.068847656250000 3800036
0.070739746093750 3800000
0.071472167968750 3800000
0.070129394531250 3800000
0.072875976562500 3799963
0.070922851562500 3800000
0.073181152343750 3800072
0.070312500000000 3800000
0.070495605468750 3799963
0.069091796875000 3799963
0.000000000000000 3800036
0.073669433593750 3800000
0.073181152343750 3800000
0.070373535156250 3800000
0.071105957031250 3800000
0.069458007812500 3799963
0.073608398437500 3800036
0.071838378906250 3799963
0.071350097656250 3799963
0.070922851562500 3800072
0.070190429687500 3799963
0.071472167968750 3800036
0.068969726562500 3800000
0.000000000000000 3800000
0.071350097656250 3799963
0.072937011718750 3800036
0.072387695312500 3800000
0.070434570312500 3799927
0.071166992187500 3800072
0.070922851562500 3799963
0.070129394531250 3800036
0.072631835937500 3799963
0.073425292968750 3800000
0.071838378906250 3800036
0.000000000000000 3800000
0.073120117187500 3799927
0.074096679687500 3800072
0.071594238281250 3799963
0.071777343750000 3800036
0.073547363281250 3800000
0.066467285156250 3800000
0.068359375000000 3800036
0.064880371093750 3800000
0.064880371093750 3797369
0.062622070312500 3789238
0.072143554687500 3793449
0.072937011718750 3800000
0.067626953125000 3800000
0.070617675781250 3799963
0.071228027343750 3628868
0.000000000000000 3783306
0.071777343750000 3783330
0.062805175781250 3783334
0.070434570312500 3786223
0.071105957031250 3800000
0.071044921875000 3799963
0.062561035156250 3800036
0.071899414062500 3800000
0.062622070312500 3800000
0.068603515625000 3800000
0.073974609375000 3800000
0.072204589843750 3800000
0.068298339843750 3795540
0.070922851562500 3800036
0.070556640625000 3799963
0.073547363281250 3797704
0.072631835937500 3788453
0.000000000000000 3800000
0.070495605468750 3797002
0.062438964843750 3799737
0.070007324218750 3799963
0.072143554687500 3800000
0.069396972656250 3800000
0.071472167968750 3793984
0.070068359375000 3800072
0.075317382812500 3800000
0.070800781250000 3800000
0.069763183593750 3796903
0.070312500000000 3795457
0.070190429687500 3797299
0.071716308593750 3798831
0.000000000000000 3797022
0.071594238281250 3788234
0.072998046875000 3796386
0.070129394531250 3800000
0.069946289062500 3800000
0.072753906250000 3797107
0.069274902343750 3800036
0.069641113281250 3800000
0.068969726562500 3799963
0.071960449218750 3799963
0.071777343750000 3800108
0.071044921875000 3799927
0.070129394531250 3800072
0.000000000000000 3799927
0.071960449218750 3800036
0.070678710937500 3800000
0.070251464843750 3799963
0.070678710937500 3800036
0.071350097656250 3800000
0.071228027343750 3789503
0.071472167968750 3789545
0.068847656250000 3800000
0.071350097656250 3799963
0.068847656250000 3800036
0.070434570312500 3800000
0.073242187500000 3800000
0.000000000000000 3800000
0.068115234375000 3800000
0.073425292968750 3795945
0.071716308593750 3797516
0.070556640625000 3790953
0.070678710937500 3798688
0.070434570312500 3799963
0.073181152343750 3797633
0.069396972656250 3788805
0.072631835937500 3798979
0.069091796875000 3783370
0.071960449218750 3793191
0.000000000000000 3800000
0.070556640625000 3800000
0.071228027343750 3789521
0.072753906250000 3800036
0.070373535156250 3790969
0.072875976562500 3783333
0.070373535156250 3797617
0.071960449218750 3800036
0.069091796875000 3800000
0.072082519531250 3800036
0.071655273437500 3789630
0.069396972656250 3800000
0.071411132812500 3800000
0.000000000000000 3800000
0.131530761718750 3796391
0.000000000000000 3800072
0.068603515625000 3800000
0.072326660156250 3800000
0.069763183593750 3800000
0.073303222656250 3800000
0.072631835937500 3800000
0.069091796875000 3800000
0.070983886718750 3799963
0.071899414062500 3800000
0.071716308593750 3800036
0.070983886718750 3800000
0.070373535156250 3799963
0.000000000000000 3796558
0.070312500000000 3800000
0.070312500000000 3799963
0.062500000000000 3791821
0.068603515625000 3800000
0.072143554687500 3799963
0.070983886718750 3800072
0.072143554687500 3799891
0.070373535156250 3800000
0.069030761718750 3800072
0.072204589843750 3800000
0.070312500000000 3799963
0.070922851562500 3800036
0.071472167968750 3799963
0.071044921875000 3800000
0.000000000000000 3800036
0.071777343750000 3799963
0.071105957031250 3800000
0.070861816406250 3800072
0.067810058593750 3799963
0.072387695312500 3799963
0.070190429687500 3800000
0.072143554687500 3800036
0.070983886718750 3800036
0.071228027343750 3799891
0.070007324218750 3800072
0.070556640625000 3799963
0.071960449218750 3800036
0.000000000000000 3799963
0.071472167968750 3800000
0.071105957031250 3800036
0.069763183593750 3799891
0.062438964843750 3800108
0.072265625000000 3799963
0.070007324218750 3800072
0.071411132812500 3799064
0.070800781250000 3797445
0.072021484375000 3786734
0.069396972656250 3799427
0.070312500000000 3796600
0.070983886718750 3800000
0.071899414062500 3800000
0.000000000000000 3796737
0.071105957031250 3800036
0.070129394531250 3800000
0.069213867187500 3800000
0.072143554687500 3800000
0.071044921875000 3800000
0.072021484375000 3799963
0.069885253906250 3800000
0.071166992187500 3800036
0.070678710937500 3796343
0.069335937500000 3800000
0.069091796875000 3799963
0.071594238281250 3800036
0.073669433593750 3796647
0.000000000000000 3799909
0.070129394531250 3800036
0.069763183593750 3795585
0.070861816406250 3783333
0.070007324218750 3796664
0.071228027343750 3797124
0.073181152343750 3798439
0.073791503906250 3792650
0.073303222656250 3783334
0.063842773437500 3793844
0.069458007812500 3786844
0.070007324218750 3800000
0.071044921875000 3800000
0.000000000000000 3800000
0.071166992187500 3799963
0.069274902343750 3800036
0.072204589843750 3799963
0.072326660156250 3800000
0.070434570312500 3799963
0.070617675781250 3800072
0.072875976562500 3800000
0.070068359375000 3796498
0.069885253906250 3800000
0.071716308593750 3789597
0.070007324218750 3800036
0.070922851562500 3799927
0.000000000000000 3800072
0.071655273437500 3800000
0.068481445312500 3799963
0.072143554687500 3799963
0.070556640625000 3800072
0.072937011718750 3800000
0.071044921875000 3800000
0.068725585937500 3790258
0.071716308593750 3792459
0.070617675781250 3800000
0.070922851562500 3800000
0.071105957031250 3800000
0.000000000000000 3799963
0.073242187500000 3800036
0.071716308593750 3800000
0.069946289062500 3799963
0.071838378906250 3799963
0.069519042968750 3800072
0.062927246093750 3792360
0.070983886718750 3790116
0.071411132812500 3792522
0.073547363281250 3789385
0.071899414062500 3800000
0.073059082031250 3799963
0.070800781250000 3800036
0.000000000000000 3800000
0.071777343750000 3800000
0.069152832031250 3793609
0.073303222656250 3798705
0.069946289062500 3800036
0.069458007812500 3800000
0.070861816406250 3800000
0.069641113281250 3800000
0.074096679687500 3800000
0.071228027343750 3800000
0.072021484375000 3796566
0.073425292968750 3793978
0.070617675781250 3783482
0.000000000000000 3800036
0.070495605468750 3799963
0.070861816406250 3800036
0.070678710937500 3789681
0.072448730468750 3797139
0.071044921875000 3789002
0.069519042968750 3783368
0.068725585937500 3796419
0.072753906250000 3800000
0.071044921875000 3800000
0.071350097656250 3799963
0.072326660156250 3800000
0.000000000000000 3800072
0.070556640625000 3799963
0.062683105468750 3800000
0.069030761718750 3799963
0.071960449218750 3800036
0.068908691406250 3800000
0.070800781250000 3800036
0.071166992187500 3799963
0.070495605468750 3799927
0.072387695312500 3800072
0.140563964843750 3800000
0.067932128906250 3799463
0.070739746093750 3795031
0.069946289062500 3783258
0.071350097656250 3796996
0.070190429687500 3800000
0.000000000000000 3800000
0.072509765625000 3800000
0.072265625000000 3800000
0.070922851562500 3799963
0.072021484375000 3800036
0.070312500000000 3800000
0.071777343750000 3800000
0.073059082031250 3799963
0.071166992187500 3800000
0.072021484375000 3800036
0.069763183593750 3799963
0.070678710937500 3796640
0.000000000000000 3800000
0.131286621093750 3800000
0.000000000000000 3800000
0.069641113281250 3799963
0.069580078125000 3800036
0.071533203125000 3800000
0.070678710937500 3789548
0.072875976562500 3784273
0.069091796875000 3798176
0.073303222656250 3795981
0.071472167968750 3799963
0.073608398437500 3799963
0.071594238281250 3789133
0.000000000000000 3783367
0.135864257812500 3783298
0.000000000000000 3784460
0.131408691406250 3792739
0.000000000000000 3800000
0.069274902343750 3800036
0.071716308593750 3799963
0.071960449218750 3800036
0.072143554687500 3800000
0.072387695312500 3800000
0.068115234375000 3799963
0.073059082031250 3800036
0.070190429687500 3800000
0.070800781250000 3799963
0.068725585937500 3800036
0.073059082031250 3799963
0.069946289062500 3800000
0.000000000000000 3800036
0.071166992187500 3800000
0.072265625000000 3799963
0.072143554687500 3800036
0.070129394531250 3799963
0.072021484375000 3800036
0.062744140625000 3800000
0.070922851562500 3799927
0.069824218750000 3800072
0.070312500000000 3800000
0.072692871093750 3800000
0.071472167968750 3800000
0.069519042968750 3800000
0.062377929687500 3800000
0.068420410156250 3799963
0.000000000000000 3800036
0.073791503906250 3799963
0.071289062500000 3799927
0.068725585937500 3800108
0.069213867187500 3800000
0.071716308593750 3800000
0.071044921875000 3800000
0.069641113281250 3799963
0.070251464843750 3800036
0.071777343750000 3800000
0.070800781250000 3800000
0.071777343750000 3799963
0.068969726562500 3800036
0.000000000000000 3800000
0.070556640625000 3799963
0.071105957031250 3800036
0.072509765625000 3799963
0.072753906250000 3800036
0.070251464843750 3800000
0.071594238281250 3800000
0.070068359375000 3800036
0.063049316406250 3799963
0.069641113281250 3799963
0.070434570312500 3800000
0.074523925781250 3800036
0.069946289062500 3800000
0.070739746093750 3800036
0.000000000000000 3799891
0.070373535156250 3800108
0.070800781250000 3799963
0.069946289062500 3799963
0.070556640625000 3800072
0.068054199218750 3799963
0.071838378906250 3799963
0.062438964843750 3800036
0.070068359375000 3800000
0.070007324218750 3800000
0.069580078125000 3800000
0.071044921875000 3800000
0.070617675781250 3800000
0.070678710937500 3799927
0.068908691406250 3800072
0.072387695312500 3800000
0.000000000000000 3799963
0.071594238281250 3800072
0.070495605468750 3799963
0.072021484375000 3799963
0.069885253906250 3800072
0.069824218750000 3799927
0.070739746093750 3800036
0.070556640625000 3800000
0.072387695312500 3800000
0.070617675781250 3800000
0.072631835937500 3799927
0.069702148437500 3800072
0.070800781250000 3800000
0.000000000000000 3799927
0.068847656250000 3795535
0.070129394531250 3794167
0.062561035156250 3800036
0.070922851562500 3800036
0.072143554687500 3792885
0.069580078125000 3800000
0.069885253906250 3800000
0.072509765625000 3800000
0.070617675781250 3800000
0.072387695312500 3799963
0.071350097656250 3800000
0.072387695312500 3800036
0.068664550781250 3791992
0.071289062500000 3800036
0.000000000000000 3796023
0.069396972656250 3803944
0.072265625000000 3800036
0.074462890625000 3800000
0.067504882812500 3800000
0.072692871093750 3800000
0.069641113281250 3800000
0.063598632812500 3799963
0.069519042968750 3800036
0.070678710937500 3800000
0.070678710937500 3800000
0.072204589843750 3800000
0.072509765625000 3800000
0.070190429687500 3800000
0.000000000000000 3800000
0.073913574218750 3800000
0.070312500000000 3799963
0.071166992187500 3800000
0.069396972656250 3800036
0.072082519531250 3799963
0.072509765625000 3800036
0.069152832031250 3800000
0.071716308593750 3799927
0.071411132812500 3800108
0.071166992187500 3799963
0.069824218750000 3800036
0.000000000000000 3799963
0.072143554687500 3799913
0.070068359375000 3799080
0.071044921875000 3800072
0.071105957031250 3799927
0.071228027343750 3800036
0.072509765625000 3800000
0.067687988281250 3800000
0.070922851562500 3800000
0.071594238281250 3800000
0.072143554687500 3799891
0.071044921875000 3800072
0.068664550781250 3800072
0.000000000000000 3799963
0.071960449218750 3800000
0.070312500000000 3800000
0.072265625000000 3800000
0.071838378906250 3800000
0.068420410156250 3800000
0.068847656250000 3800000
0.070373535156250 3800000
0.072814941406250 3800000
0.070617675781250 3800000
0.070922851562500 3799963
0.070861816406250 3800036
0.070983886718750 3799963
0.000000000000000 3800036
0.071044921875000 3799963
0.068359375000000 3800036
0.070922851562500 3800000
0.071777343750000 3799963
0.074340820312500 3797974
0.071838378906250 3802062
0.069274902343750 3799963
0.070007324218750 3800036
0.071716308593750 3800036
0.071350097656250 3800000
0.070617675781250 3799963
0.000000000000000 3800000
0.137084960937500 3800000
0.000000000000000 3799927
0.070373535156250 3800072
0.072631835937500 3799963
0.068908691406250 3800072
0.071838378906250 3799963
0.071044921875000 3799963
0.062316894531250 3800036
0.069030761718750 3799963
0.070129394531250 3800036
0.074401855468750 3800036
0.070434570312500 3799963
0.071166992187500 3800000
0.068420410156250 3800036
0.071777343750000 3799927
0.000000000000000 3800036
0.071289062500000 3800000
0.071350097656250 3800000
0.071960449218750 3799963
0.069763183593750 3800036
0.071166992187500 3799963
0.070922851562500 3800036
0.071472167968750 3800000
0.069030761718750 3800000
0.070678710937500 3799963
0.072631835937500 3800036
0.071044921875000 3800000
0.062500000000000 3800000
0.070617675781250 3800000
0.000000000000000 3800000
0.071228027343750 3800000
0.069763183593750 3799963
0.070129394531250 3800000
0.071716308593750 3800072
0.071716308593750 3799963
0.063720703125000 3800000
0.070922851562500 3800000
0.069824218750000 3800000
0.070556640625000 3799963
0.071716308593750 3800072
0.070007324218750 3799963
0.073120117187500 3799891
0.072753906250000 3800108
0.000000000000000 3800000
0.069335937500000 3799963
0.072326660156250 3800036
0.069458007812500 3800000
0.071533203125000 3799963
0.071533203125000 3800036
0.072021484375000 3800000
0.071716308593750 3800000
0.070312500000000 3800000
0.072509765625000 3799963
0.069152832031250 3800036
0.071350097656250 3800000
0.068969726562500 3799963
0.000000000000000 3800036
0.071289062500000 3800000
0.070678710937500 3800000
0.072509765625000 3800036
0.072448730468750 3799963
0.070617675781250 3799963
0.069335937500000 3800000
0.069702148437500 3800036
0.063232421875000 3800000
0.070922851562500 3800000
0.068603515625000 3799963
0.070678710937500 3800036
0.070190429687500 3800000
0.070556640625000 3800000
0.070495605468750 3800000
0.000000000000000 3799963
0.072021484375000 3800036
0.072265625000000 3800000
0.071899414062500 3800000
0.070373535156250 3800000
0.068969726562500 3800000
0.070251464843750 3800000
0.070922851562500 3800000
0.071105957031250 3800000
0.070922851562500 3799927
0.071655273437500 3800072
0.070434570312500 3800000
0.070190429687500 3800000
0.000000000000000 3800036
0.071105957031250 3799927
0.070129394531250 3800036
0.071044921875000 3800000
0.071044921875000 3799963
0.070922851562500 3800000
0.071594238281250 3800000
0.069702148437500 3800036
0.072021484375000 3800000
0.071838378906250 3799927
0.069763183593750 3800072
0.070434570312500 3800000
0.073547363281250 3799963
0.000000000000000 3800036
0.072143554687500 3800000
0.071350097656250 3799963
0.070434570312500 3800036
0.070495605468750 3800000
0.072631835937500 3799963
0.060668945312500 3800036
0.071350097656250 3800000
0.063415527343750 3799963
0.068603515625000 3800036
0.061828613281250 3800000
0.072143554687500 3800000
0.061950683593750 3800000
0.066223144531250 3800000
0.069335937500000 3800000
0.071899414062500 3799963
0.000000000000000 3800036
0.069152832031250 3800000
0.071655273437500 3799963
0.069152832031250 3799963
0.072021484375000 3800072
0.069580078125000 3799963
0.070922851562500 3800036
0.070129394531250 3800000
0.071655273437500 3799963
0.072326660156250 3800072
0.067749023437500 3799927
0.000000000000000 3800000
0.067626953125000 3800036
0.070922851562500 3800000
0.063720703125000 3800000
0.066223144531250 3800000
0.067932128906250 3800000
0.061523437500000 3799963
0.072265625000000 3800072
0.063842773437500 3800000
0.069458007812500 3799927
0.067016601562500 3800036
0.070800781250000 3800000
0.063232421875000 3799963
0.073181152343750 3800036
0.069396972656250 3800000
0.070434570312500 3799963
0.000000000000000 3800036
0.072509765625000 3800000
0.069274902343750 3800000
0.071044921875000 3800000
0.072143554687500 3800000
0.070373535156250 3800036
0.070739746093750 3799963
0.071105957031250 3800000
0.067138671875000 3800000
0.073852539062500 3800000
0.069641113281250 3799963
0.000000000000000 3800036
0.071105957031250 3800000
0.070495605468750 3800000
0.070739746093750 3799927
0.069580078125000 3800072
0.060546875000000 3800000
0.071105957031250 3799963
0.068603515625000 3800000
0.066955566406250 3800036
0.060974121093750 3799963
0.072326660156250 3800000
0.069641113281250 3800000
0.069580078125000 3800036
0.073120117187500 3797757
0.000000000000000 3802243
0.069458007812500 3800000
0.068298339843750 3800000
0.060913085937500 3800000
0.071533203125000 3788834
0.073303222656250 3800072
0.069091796875000 3799963
0.069335937500000 3800000
0.068603515625000 3800000
0.073059082031250 3800000
0.070617675781250 3800000
0.069519042968750 3796563
0.058471679687500 3800000
0.069580078125000 3799963
0.000000000000000 3800036
0.071350097656250 3800036
0.062622070312500 3800000
0.058105468750000 3799963
0.070068359375000 3800000
0.071655273437500 3799924
0.072753906250000 3800072
0.070190429687500 3799963
0.058044433593750 3793080
0.068298339843750 3800000
0.071533203125000 3799963
0.069091796875000 3800036
0.060241699218750 3800000
0.070739746093750 3800000
0.071899414062500 3800000
0.058593750000000 3796569
0.072570800781250 3790399
0.069641113281250 3798995
0.000000000000000 3800000
0.126525878906250 3800036
0.000000000000000 3799411
0.070373535156250 3798082
0.071411132812500 3796524
0.068420410156250 3789146
0.060363769531250 3794871
0.075195312500000 3797732
0.068481445312500 3800000
0.067382812500000 3796193
0.069824218750000 3800000
0.071655273437500 3797372
0.072570800781250 3788729
0.072448730468750 3800000
0.059631347656250 3800000
0.000000000000000 3798920
0.131896972656250 3788890
0.000000000000000 3791321
0.067871093750000 3787219
0.071350097656250 3800000
0.070800781250000 3800000
0.070800781250000 3800000
0.070251464843750 3800000
0.070068359375000 3800000
0.072692871093750 3800000
0.068603515625000 3795672
0.071533203125000 3794155
0.069580078125000 3800036
0.000000000000000 3800000
0.070800781250000 3799963
0.069152832031250 3800036
0.069641113281250 3800000
0.070007324218750 3798296
0.060424804687500 3798341
0.071044921875000 3799963
0.071105957031250 3800036
0.069702148437500 3800000
0.067321777343750 3800000
0.071105957031250 3800000
0.062744140625000 3800000
0.071838378906250 3800000
0.062500000000000 3796140
0.000000000000000 3786485
0.129943847656250 3800000
0.000000000000000 3800000
0.069946289062500 3800000
0.121215820312500 3800000
0.000000000000000 3800000
0.072082519531250 3800000
0.073242187500000 3800000
0.069030761718750 3800000
0.059753417968750 3799927
0.071105957031250 3800072
0.070312500000000 3800000
0.067443847656250 3799963
0.059570312500000 3800036
0.069580078125000 3800000
0.073730468750000 3799927
0.070556640625000 3800072
0.067016601562500 3800000
0.061523437500000 3800000
0.072082519531250 3796601
0.000000000000000 3800000
0.071655273437500 3800000
0.069335937500000 3800000
0.066711425781250 3800000
0.070617675781250 3800000
0.072143554687500 3800000
0.071044921875000 3800036
0.068115234375000 3799927
0.070312500000000 3800036
0.067810058593750 3800000
0.073303222656250 3799963
0.070983886718750 3800036
0.000000000000000 3800000
0.071655273437500 3800000
0.066650390625000 3799963
0.071044921875000 3800072
0.071411132812500 3799963
0.074035644531250 3799963
0.068054199218750 3800036
0.061767578125000 3800000
0.069519042968750 3799963
0.068481445312500 3800036
0.059265136718750 3800000
0.069519042968750 3799927
0.071350097656250 3800072
0.000000000000000 3800000
0.070739746093750 3799963
0.070373535156250 3800036
0.070129394531250 3800000
0.061401367187500 3800000
0.057739257812500 3800000
0.069702148437500 3800000
0.068542480468750 3800000
0.072082519531250 3800000
0.070312500000000 3800000
0.067932128906250 3800000
0.070556640625000 3800000
0.062927246093750 3799927
0.071777343750000 3800072
0.067321777343750 3800000
0.066833496093750 3799963
0.068725585937500 3800036
0.063049316406250 3800000
0.069274902343750 3799963
0.000000000000000 3800036
0.071228027343750 3799963
0.060668945312500 3800036
0.071350097656250 3799963
0.070495605468750 3800036
0.068176269531250 3800000
0.069091796875000 3800000
0.071716308593750 3799963
0.281127929687500 3799991
0.071594238281250 3800072
0.068786621093750 3800000
0.058105468750000 3800000
0.000000000000000 3800000
0.069335937500000 3800000
0.072021484375000 3800000
0.072998046875000 3799963
0.068359375000000 3792170
0.069519042968750 3790524
0.063171386718750 3800000
0.069030761718750 3799927
0.067626953125000 3800072
0.071655273437500 3799963
0.071411132812500 3800036
0.070739746093750 3799927
0.069702148437500 3800072
0.059082031250000 3799963
0.000000000000000 3800000
0.133483886718750 3800036
0.000000000000000 3799963
0.070983886718750 3800036
0.068115234375000 3800000
0.071350097656250 3800000
0.072143554687500 3799963
0.071228027343750 3800036
0.068298339843750 3800000
0.070922851562500 3799927
0.073791503906250 3800036
0.069763183593750 3800036
0.061462402343750 3800000
0.000000000000000 3800000
0.068054199218750 3799963
0.070434570312500 3800036
0.070434570312500 3800000
0.073852539062500 3800000
0.061096191406250 3799963
0.058227539062500 3800036
0.072265625000000 3800000
0.070434570312500 3800036
0.063171386718750 3799963
0.068969726562500 3799927
0.059082031250000 3800108
0.070861816406250 3799963
0.070434570312500 3800000
0.069885253906250 3796380
0.071105957031250 3796576
0.000000000000000 3799963
0.132446289062500 3800036
0.000000000000000 3800000
0.072814941406250 3800000
0.071411132812500 3799963
0.070983886718750 3800072
0.066406250000000 3799963
0.072265625000000 3800000
0.064270019531250 3800000
0.069519042968750 3800036
0.068298339843750 3799963
0.070190429687500 3800000
0.075134277343750 3799927
0.067687988281250 3800072
0.000000000000000 3799963
0.070922851562500 3800000
0.071105957031250 3800036
0.069458007812500 3800000
0.059082031250000 3799963
0.069458007812500 3800036
0.073425292968750 3800000
0.070251464843750 3800000
0.061950683593750 3800000
0.065124511718750 3800000
0.071228027343750 3799963
0.060852050781250 3800036
0.068664550781250 3800000
0.063476562500000 3800000
0.067687988281250 3793949
0.059143066406250 3799165
0.070251464843750 3800000
0.063476562500000 3800000
0.069824218750000 3800000
0.058105468750000 3800000
0.068481445312500 3800000
0.000000000000000 3800000
0.136352539062500 3799963
0.000000000000000 3800036
0.066894531250000 3793241
0.061523437500000 3792931
0.070007324218750 3800000
0.072448730468750 3800036
0.061828613281250 3799963
0.068786621093750 3799963
0.068237304687500 3800000
0.071899414062500 3800036
0.072204589843750 3799963
0.069213867187500 3800036
0.070678710937500 3794148
0.069946289062500 3799962
0.000000000000000 3800000
0.128356933593750 3800036
0.000000000000000 3800000
0.072875976562500 3800000
0.071228027343750 3800000
0.067260742187500 3799963
0.063110351562500 3800036
0.069335937500000 3799963
0.065734863281250 3800036
0.066711425781250 3800036
0.070434570312500 3792611
0.064392089843750 3800036
0.073974609375000 3800000
0.058593750000000 3800000
0.061279296875000 3800000
0.071105957031250 3800000
0.069335937500000 3799963
0.064575195312500 3800036
0.071350097656250 3799963
0.000000000000000 3800036
0.071533203125000 3800036
0.068542480468750 3799963
0.071594238281250 3799963
0.066406250000000 3800036
0.064086914062500 3800000
0.072326660156250 3800000
0.064086914062500 3800000
0.068969726562500 3799963
0.062927246093750 3800036
0.058410644531250 3799963
0.072387695312500 3800000
0.063964843750000 3800036
0.069824218750000 3800000
0.072570800781250 3800000
0.073364257812500 3800000
0.067687988281250 3800036
0.000000000000000 3799927
0.069396972656250 3800036
0.066284179687500 3800000
0.071594238281250 3800000
0.062622070312500 3799963
0.070495605468750 3800036
0.067504882812500 3800000
0.067871093750000 3800000
0.071960449218750 3800000
0.067993164062500 3800036
0.062072753906250 3799963
0.069702148437500 3800036
0.070495605468750 3799927
0.061096191406250 3800036
0.071716308593750 3800000
0.067077636718750 3799963
0.000000000000000 3800036
0.069335937500000 3800000
0.073181152343750 3800000
0.062866210937500 3799891
0.069946289062500 3800108
0.067443847656250 3799963
0.069213867187500 3800000
0.071716308593750 3800000
0.070251464843750 3800036
0.073486328125000 3799963
0.067077636718750 3800036
0.071777343750000 3800000
0.063781738281250 3800000
0.000000000000000 3800000
0.069152832031250 3799963
0.066589355468750 3793182
0.071289062500000 3796161
0.073608398437500 3800000
0.071472167968750 3799963
0.069641113281250 3800036
0.067993164062500 3800000
0.070678710937500 3799963
0.062988281250000 3800036
0.071350097656250 3800000
0.068054199218750 3800000
0.070007324218750 3792924
0.064208984375000 3800036
0.000000000000000 3800000
0.073181152343750 3800000
0.067260742187500 3800000
0.071594238281250 3800000
0.068054199218750 3799963
0.058288574218750 3800000
0.063110351562500 3800036
0.073730468750000 3799963
0.069580078125000 3800036
0.070800781250000 3800000
0.062866210937500 3800000
0.070434570312500 3800000
0.070800781250000 3799927
0.061279296875000 3800036
0.063781738281250 3800036
0.070068359375000 3800000
0.000000000000000 3800000
0.072448730468750 3800000
0.070007324218750 3800000
0.070434570312500 3800036
0.061645507812500 3799891
0.069396972656250 3800108
0.071472167968750 3799963
0.069213867187500 3800000
0.059387207031250 3800036
0.070922851562500 3799963
0.071411132812500 3800000
0.067932128906250 3799963
0.068664550781250 3800036
0.063659667968750 3799963
0.069335937500000 3800000
0.069519042968750 3800036
0.068359375000000 3800000
0.000000000000000 3799963
0.073486328125000 3800036
0.068725585937500 3800000
0.058593750000000 3799963
0.072937011718750 3800036
0.071899414062500 3800000
0.063537597656250 3800000
0.068115234375000 3800000
0.066955566406250 3800036
0.068237304687500 3799927
0.074035644531250 3800036
0.071166992187500 3800000
0.068481445312500 3799963
0.000000000000000 3800036
0.072448730468750 3796577
0.066467285156250 3800000
0.063049316406250 3800000
0.069335937500000 3800000
0.071716308593750 3800000
0.069091796875000 3800000
0.069824218750000 3800000
0.062377929687500 3800000
0.069824218750000 3799927
0.071533203125000 3800072
0.070434570312500 3800000
0.059631347656250 3799927
0.070190429687500 3800036
0.071411132812500 3800036
0.000000000000000 3800000
0.069580078125000 3799963
0.071777343750000 3800036
0.068908691406250 3800036
0.071716308593750 3799927
0.071777343750000 3796623
0.070678710937500 3799963
0.058166503906250 3800072
0.072204589843750 3799963
0.068908691406250 3799963
0.069702148437500 3800036
0.071960449218750 3800000
0.061279296875000 3800000
0.067382812500000 3786122
0.000000000000000 3800000
0.070007324218750 3799963
0.072387695312500 3800036
0.068908691406250 3800000
0.061218261718750 3800000
0.066467285156250 3799963
0.071289062500000 3800036
0.074096679687500 3795546
0.070190429687500 3797476
0.067443847656250 3800036
0.067749023437500 3800000
0.061340332031250 3799963
0.073059082031250 3800036
0.072814941406250 3799963
0.000000000000000 3800000
0.068542480468750 3800036
0.071166992187500 3800000
0.073791503906250 3800000
0.072143554687500 3799963
0.061035156250000 3800036
0.064208984375000 3800000
0.060668945312500 3800000
0.071960449218750 3799927
0.071228027343750 3800036
0.066711425781250 3800036
0.071472167968750 3800000
0.074523925781250 3800036
0.000000000000000 3799855
0.070007324218750 3800144
0.070434570312500 3799963
0.066162109375000 3799963
0.070983886718750 3800036
0.072570800781250 3800000
0.072692871093750 3800000
0.071899414062500 3800000
0.066101074218750 3800000
0.062255859375000 3800000
0.070434570312500 3800000
0.070190429687500 3799963
0.000000000000000 3800000
0.133666992187500 3800036
0.000000000000000 3800000
0.073242187500000 3800000
0.065673828125000 3799963
0.061157226562500 3800036
0.069946289062500 3800000
0.062866210937500 3795673
0.068298339843750 3800000
0.067932128906250 3800000
0.070251464843750 3799963
0.073181152343750 3800036
0.072387695312500 3800000
0.065917968750000 3800000
0.070495605468750 3800000
0.069519042968750 3800000
0.063598632812500 3800000
0.068054199218750 3800000
0.058959960937500 3800000
0.000000000000000 3800000
0.069396972656250 3799963
0.072143554687500 3800000
0.061096191406250 3800072
0.068481445312500 3799927
0.070922851562500 3800000
0.070800781250000 3800036
0.062133789062500 3799963
0.067504882812500 3800036
0.071166992187500 3800000
0.072387695312500 3800000
0.068908691406250 3796597
0.060363769531250 3800000
0.071594238281250 3799963
0.072448730468750 3800036
0.000000000000000 3800000
0.070800781250000 3800000
0.070434570312500 3800000
0.068115234375000 3800000
0.071044921875000 3800000
0.063110351562500 3793099
0.071716308593750 3800000
0.071228027343750 3800000
0.067016601562500 3800000
0.072631835937500 3800000
0.071594238281250 3800000
0.066467285156250 3800000
0.000000000000000 3800000
0.070251464843750 3800000
0.071899414062500 3800000
0.062744140625000 3800000
0.069641113281250 3800000
0.070861816406250 3791579
0.065917968750000 3800000
0.062133789062500 3799963
0.074401855468750 3800036
0.072875976562500 3800000
0.068847656250000 3799927
0.068664550781250 3800072
0.071350097656250 3799927
0.000000000000000 3800072
0.134948730468750 3800000
0.059509277343750 3799963
0.000000000000000 3800036
0.069702148437500 3799963
0.070800781250000 3786752
0.068481445312500 3795618
0.072753906250000 3799963
0.070861816406250 3800036
0.067077636718750 3800000
0.073425292968750 3796552
0.072082519531250 3800036
0.069946289062500 3799927
0.000000000000000 3800036
0.068847656250000 3799963
0.067443847656250 3800075
0.071716308593750 3799963
0.072753906250000 3800000
0.070312500000000 3800036
0.057983398437500 3799963
0.064331054687500 3800000
0.070312500000000 3800000
0.069641113281250 3800036
0.060241699218750 3799963
0.073730468750000 3800000
0.068908691406250 3800036
0.067871093750000 3800000
0.072631835937500 3800000
0.000000000000000 3799963
0.070617675781250 3800000
0.073669433593750 3800000
0.068969726562500 3800036
0.068725585937500 3800000
0.072021484375000 3799963
0.069824218750000 3800036
0.063598632812500 3800000
0.070068359375000 3799963
0.059570312500000 3800000
0.069335937500000 3800036
0.061828613281250 3800000
0.066528320312500 3800000
0.070617675781250 3800000
0.073364257812500 3800000
0.000000000000000 3800000
0.132324218750000 3799963
0.000000000000000 3800036
0.066223144531250 3800000
0.067993164062500 3799963
0.070007324218750 3800036
0.064270019531250 3800000
0.070312500000000 3799963
0.069458007812500 3800036
0.060302734375000 3800000
0.071838378906250 3800036
0.062866210937500 3799963
0.068176269531250 3799963
0.067382812500000 3800036
0.069458007812500 3800000
0.072204589843750 3800000
0.069885253906250 3800000
0.060485839843750 3799963
0.000000000000000 3800036
0.073364257812500 3799963
0.071350097656250 3800000
0.062438964843750 3800072
0.068359375000000 3799963
0.067260742187500 3799963
0.069885253906250 3800036
0.071838378906250 3800000
0.073730468750000 3799963
0.069396972656250 3796633
0.058532714843750 3800000
0.070007324218750 3796709
0.063537597656250 3803293
0.068420410156250 3800000
0.068481445312500 3800000
0.069274902343750 3800000
0.000000000000000 3800000
0.072814941406250 3800000
0.062805175781250 3800000
0.067016601562500 3799963
0.061767578125000 3800036
0.071044921875000 3800000
0.062744140625000 3799963
0.066650390625000 3796945
0.069824218750000 3792204
0.069458007812500 3800000
0.072448730468750 3800000
0.071777343750000 3800000
0.067382812500000 3799963
0.071105957031250 3800036
0.070922851562500 3800000
0.062744140625000 3799963
0.068237304687500 3800036
0.000000000000000 3800000
0.073181152343750 3791965
0.070922851562500 3800036
0.071289062500000 3800000
0.061218261718750 3793229
0.068786621093750 3789018
0.061340332031250 3800036
0.067138671875000 3799963
0.061096191406250 3799963
0.070617675781250 3800036
0.070495605468750 3800000
0.070129394531250 3800000
0.067382812500000 3800036
0.062622070312500 3799927
0.071044921875000 3800036
0.069335937500000 3800000
0.000000000000000 3799927
0.070739746093750 3800108
0.074218750000000 3799963
0.070129394531250 3800000
0.065612792968750 3800000
0.062561035156250 3800000
0.071105957031250 3783543
0.061157226562500 3783335
0.064819335937500 3798603
0.070861816406250 3793003
0.072204589843750 3800000
0.073364257812500 3800000
0.072204589843750 3800000
0.064819335937500 3800000
0.061340332031250 3799963
0.070800781250000 3800036
0.000000000000000 3799963
0.070739746093750 3800036
0.070556640625000 3800000
0.067749023437500 3800000
0.070373535156250 3799962
0.059936523437500 3800072
0.070312500000000 3799963
0.070861816406250 3800000
0.059753417968750 3800000
0.066650390625000 3800000
0.070800781250000 3799963
0.070434570312500 3796632
0.073425292968750 3800000
0.068969726562500 3799042
0.060546875000000 3797311
0.000000000000000 3800000
0.072021484375000 3799963
0.066528320312500 3800036
0.067382812500000 3800000
0.070251464843750 3799963
0.062561035156250 3800036
0.068847656250000 3800000
0.071960449218750 3799963
0.071777343750000 3800036
0.069458007812500 3799963
0.069274902343750 3796569
0.064819335937500 3786549
0.070739746093750 3789194
0.070556640625000 3799963
0.063476562500000 3800036
0.000000000000000 3800000
0.070251464843750 3799963
0.067016601562500 3800036
0.073730468750000 3800000
0.068359375000000 3799963
0.069702148437500 3800000
0.070373535156250 3800036
0.061584472656250 3799963
0.072265625000000 3800000
0.060302734375000 3800036
0.072021484375000 3800000
0.069152832031250 3800000
0.069519042968750 3800000
0.071838378906250 3800000
0.000000000000000 3799963
0.072937011718750 3800036
0.070983886718750 3800000
0.066040039062500 3799963
0.072570800781250 3800036
0.071777343750000 3800000
0.070739746093750 3799963
0.066833496093750 3800036
0.060668945312500 3800000
0.074645996093750 3800036
0.070983886718750 3799963
0.000000000000000 3799963
0.071044921875000 3800036
0.067321777343750 3800000
0.070251464843750 3799963
0.071411132812500 3800036
0.071105957031250 3800000
0.061706542968750 3800000
0.066650390625000 3800036
0.073242187500000 3799963
0.069396972656250 3800000
0.070983886718750 3800000
0.070495605468750 3800000
0.072387695312500 3787022
0.000000000000000 3798960
0.069824218750000 3788982
0.070312500000000 3783298
0.072387695312500 3799913
0.067504882812500 3800000
0.059082031250000 3800036
0.071105957031250 3800000
0.071594238281250 3800000
0.070495605468750 3800000
0.066284179687500 3799963
0.062438964843750 3800036
0.072082519531250 3800000
0.062683105468750 3799963
0.070495605468750 3800000
0.061950683593750 3800036
0.000000000000000 3792358
0.072631835937500 3783297
0.071044921875000 3799967
0.068664550781250 3799927
0.070373535156250 3793059
0.070251464843750 3785772
0.067565917968750 3800108
0.070373535156250 3800000
0.071533203125000 3799963
0.070739746093750 3794166
0.059936523437500 3786942
0.070861816406250 3794397
0.071044921875000 3800000
0.000000000000000 3800000
0.067260742187500 3800000
0.071472167968750 3800000
0.073181152343750 3800000
0.070068359375000 3800000
0.059082031250000 3800000
0.070922851562500 3800000
0.071838378906250 3800000
0.069763183593750 3800036
0.071228027343750 3799927
0.066955566406250 3800036
0.000000000000000 3800000
0.074035644531250 3800000
0.071716308593750 3799963
0.069396972656250 3800000
0.069091796875000 3800000
0.071289062500000 3800036
0.073364257812500 3800000
0.070495605468750 3800036
0.067016601562500 3799963
0.061157226562500 3800000
0.070983886718750 3799963
0.072082519531250 3800036
0.068847656250000 3800000
0.058349609375000 3800000
0.061279296875000 3799963
0.071594238281250 3800036
0.000000000000000 3800000
0.071166992187500 3800000
0.059326171875000 3799963
0.071472167968750 3800000
0.071960449218750 3800072
0.069641113281250 3799963
0.065368652343750 3799963
0.070617675781250 3800036
0.072265625000000 3800000
0.074218750000000 3800000
0.068054199218750 3800000
0.067382812500000 3796562
0.000000000000000 3800000
0.071472167968750 3800000
0.071044921875000 3799963
0.070190429687500 3800036
0.067810058593750 3800000
0.070190429687500 3799963
0.062683105468750 3800036
0.069396972656250 3799025
0.070434570312500 3798823
0.070373535156250 3786790
0.061218261718750 3800036
0.067382812500000 3800000
0.071838378906250 3800000
0.074035644531250 3799963
0.000000000000000 3800036
0.127136230468750 3800000
0.000000000000000 3799963
0.068054199218750 3800036
0.072753906250000 3799963
0.071472167968750 3800036
0.069152832031250 3800000
0.073120117187500 3799963
0.071166992187500 3800036
0.070190429687500 3800000
0.070251464843750 3800036
0.063110351562500 3799891
0.069274902343750 3800072
0.067626953125000 3800000
0.000000000000000 3796014
0.070800781250000 3799927
0.071960449218750 3800036
0.073913574218750 3800036
0.068237304687500 3800000
0.068237304687500 3799963
0.068847656250000 3800000
0.062500000000000 3800036
0.072875976562500 3799963
0.070800781250000 3800036
0.059631347656250 3800036
0.071105957031250 3799927
0.072753906250000 3800036
0.000000000000000 3800000
0.069946289062500 3799963
0.067382812500000 3800036
0.071960449218750 3800000
0.062255859375000 3797783
0.069946289062500 3795281
0.064880371093750 3800036
0.071594238281250 3799963
0.072204589843750 3800036
0.071533203125000 3800000
0.069580078125000 3799963
0.058898925781250 3793936
0.062927246093750 3799174
0.072082519531250 3800036
0.070800781250000 3800000
0.000000000000000 3799963
0.068725585937500 3800000
0.072570800781250 3800000
0.069396972656250 3800000
0.060852050781250 3800000
0.071350097656250 3800036
0.069213867187500 3799963
0.071105957031250 3800000
0.068969726562500 3800036
0.070251464843750 3799963
0.069396972656250 3796424
0.070068359375000 3800000
0.000000000000000 3800036
0.073364257812500 3799058
0.068298339843750 3799963
0.060241699218750 3800000
0.066406250000000 3800036
0.070434570312500 3799963
0.072204589843750 3800036
0.071166992187500 3800000
0.072448730468750 3800000
0.069885253906250 3800000
0.062438964843750 3800000
0.064941406250000 3800000
0.070617675781250 3785918
0.070678710937500 3796727
0.061828613281250 3800036
0.058471679687500 3800000
0.071289062500000 3799963
0.070617675781250 3800036
0.000000000000000 3800000
0.068603515625000 3800000
0.073181152343750 3799858
0.067871093750000 3792960
0.058654785156250 3800000
0.070190429687500 3799963
0.071472167968750 3800036
0.067932128906250 3799963
0.071533203125000 3800000
0.072021484375000 3800036
0.069824218750000 3800000
0.061401367187500 3799963
0.068664550781250 3799963
0.068847656250000 3800036
0.000000000000000 3800036
0.065917968750000 3800000
0.071350097656250 3800000
0.074462890625000 3800000
0.070434570312500 3800000
0.070556640625000 3800000
0.067321777343750 3800000
0.069702148437500 3800000
0.069641113281250 3799963
0.072814941406250 3800036
0.071166992187500 3800000
0.000000000000000 3799963
0.128051757812500 3800036
0.000000000000000 3800000
0.071716308593750 3799963
0.062683105468750 3800036
0.067199707031250 3800000
0.059631347656250 3800000
0.070495605468750 3800000
0.072814941406250 3799963
0.067993164062500 3800036
0.070434570312500 3800000
0.063415527343750 3799963
0.067077636718750 3800036
0.068237304687500 3800000
0.068786621093750 3799963
0.074523925781250 3800036
0.072998046875000 3800000
0.000000000000000 3799963
0.068115234375000 3800036
0.071472167968750 3800000
0.070983886718750 3800000
0.061523437500000 3800000
0.068054199218750 3800000
0.070861816406250 3799891
0.073364257812500 3800108
0.072875976562500 3800036
0.072509765625000 3799963
0.066284179687500 3800000
0.000000000000000 3800000
0.069152832031250 3800000
0.074157714843750 3799927
0.060424804687500 3800072
0.058349609375000 3800000
0.069396972656250 3800000
0.073181152343750 3800036
0.073547363281250 3799927
0.069396972656250 3800036
0.067749023437500 3800000
0.072326660156250 3800000
0.070190429687500 3799963
0.069946289062500 3800036
0.067443847656250 3799963
0.000000000000000 3800036
0.071411132812500 3800000
0.062500000000000 3800000
0.072143554687500 3800000
0.072570800781250 3800000
0.068603515625000 3800000
0.069091796875000 3799963
0.070861816406250 3800036
0.068542480468750 3799963
0.071105957031250 3800072
0.072998046875000 3799963
0.071289062500000 3800036
0.058105468750000 3799963
0.061096191406250 3800000
0.072448730468750 3799963
0.000000000000000 3800036
0.067016601562500 3800000
0.071716308593750 3799963
0.073425292968750 3800036
0.068176269531250 3800000
0.070861816406250 3800000
0.070129394531250 3800000
0.060302734375000 3797143
0.071289062500000 3802859
0.062744140625000 3800000
0.069091796875000 3800000
0.069458007812500 3800000
0.071533203125000 3800000
0.000000000000000 3799963
0.072265625000000 3800036
0.059814453125000 3800036
0.070800781250000 3799927
0.062438964843750 3800000
0.066955566406250 3800000
0.057861328125000 3800000
0.069213867187500 3800036
0.062927246093750 3800000
0.071350097656250 3800000
0.068969726562500 3800000
0.067626953125000 3800000
0.071044921875000 3799963
0.071655273437500 3800036
0.068542480468750 3799963
0.071228027343750 3800000
0.070922851562500 3800036
0.061584472656250 3800000
0.059326171875000 3800000
0.069274902343750 3800000
0.000000000000000 3800036
0.073059082031250 3799963
0.069519042968750 3800000
0.069885253906250 3799963
0.071166992187500 3800000
0.063049316406250 3800036
0.068420410156250 3800000
0.071105957031250 3800000
0.075317382812500 3800000
0.067626953125000 3800000
0.070800781250000 3800000
0.070861816406250 3800000
0.000000000000000 3800000
0.071228027343750 3800000
0.065673828125000 3800000
0.071228027343750 3800000
0.073791503906250 3800000
0.071105957031250 3799963
0.063354492187500 3800036
0.067504882812500 3800000
0.061523437500000 3800000
0.071228027343750 3800000
0.073425292968750 3800000
0.070190429687500 3800000
0.066650390625000 3800036
0.000000000000000 3799963
0.072631835937500 3800000
0.070129394531250 3800000
0.073364257812500 3800000
0.067199707031250 3800000
0.058776855468750 3800000
0.071533203125000 3800000
0.072875976562500 3800000
0.069213867187500 3800000
0.070007324218750 3800000
0.072265625000000 3800000
0.069152832031250 3799963
0.058532714843750 3800036
0.000000000000000 3799963
0.070739746093750 3800036
0.069580078125000 3800000
0.071960449218750 3799963
0.060058593750000 3800036
0.067016601562500 3800000
0.071411132812500 3800000
0.072204589843750 3800000
0.070617675781250 3800000
0.061584472656250 3799891
0.068847656250000 3800036
0.068969726562500 3800072
0.070739746093750 3799927
0.062255859375000 3800036
0.067504882812500 3800036
0.069519042968750 3799963
0.000000000000000 3800036
0.071777343750000 3800036
0.070312500000000 3799963
0.060485839843750 3799963
0.068664550781250 3800036
0.060424804687500 3800000
0.061279296875000 3799963
0.068664550781250 3800036
0.060546875000000 3800000
0.070983886718750 3800000
0.071960449218750 3799963
0.070922851562500 3800000
0.060607910156250 3800072
0.072875976562500 3799963
0.070800781250000 3799963
0.069763183593750 3800072
0.057739257812500 3799891
0.062194824218750 3800072
0.069702148437500 3799963
0.072265625000000 3800036
0.070190429687500 3800000
0.062011718750000 3800000
0.000000000000000 3800000
0.074584960937500 3799963
0.067382812500000 3800036
0.060668945312500 3800000
0.072570800781250 3800000
0.063842773437500 3799963
0.066345214843750 3800036
0.071044921875000 3799963
0.071777343750000 3800000
0.074768066406250 3800036
0.069091796875000 3799963
0.066528320312500 3800072
0.068969726562500 3799963
0.069763183593750 3799963
0.062744140625000 3800036
0.000000000000000 3800000
0.069396972656250 3799963
0.071411132812500 3800072
0.071838378906250 3799963
0.061279296875000 3800000
0.066711425781250 3799963
0.070678710937500 3800036
0.071960449218750 3800000
0.066955566406250 3799927
0.063903808593750 3800072
0.068359375000000 3800036
0.072448730468750 3799963
0.072631835937500 3800000
0.067993164062500 3800000
0.000000000000000 3800000
0.067138671875000 3800000
0.070495605468750 3800000
0.072814941406250 3799963
0.072631835937500 3800000
0.069580078125000 3800000
0.058349609375000 3800036
0.072143554687500 3800000
0.070556640625000 3800000
0.069396972656250 3800000
0.057739257812500 3799963
0.068847656250000 3800036
0.073364257812500 3800000
0.069030761718750 3799963
0.000000000000000 3800036
0.073608398437500 3800000
0.068359375000000 3800000
0.066040039062500 3793133
0.071350097656250 3800000
0.073913574218750 3800000
0.071044921875000 3800000
0.067626953125000 3800000
0.069641113281250 3799963
0.071655273437500 3800036
0.061523437500000 3799680
0.068115234375000 3796898
0.000000000000000 3799963
0.070312500000000 3795735
0.073730468750000 3793859
0.071166992187500 3800072
0.069519042968750 3799927
0.068725585937500 3800036
0.068969726562500 3800000
0.072692871093750 3800000
0.071228027343750 3799963
0.068786621093750 3800036
0.067321777343750 3799963
0.061218261718750 3800036
0.062866210937500 3799963
0.069519042968750 3800000
0.000000000000000 3800000
0.071533203125000 3800036
0.069641113281250 3800000
0.060180664062500 3796568
0.069152832031250 3800000
0.071289062500000 3800000
0.071166992187500 3800000
0.066589355468750 3800000
0.060668945312500 3800000
0.073120117187500 3799963
0.067749023437500 3800036
0.068359375000000 3800000
0.071411132812500 3799963
0.072753906250000 3800036
0.069885253906250 3800000
0.000000000000000 3800000
0.066650390625000 3792603
0.068725585937500 3800000
0.064819335937500 3800000
0.070312500000000 3800000
0.068908691406250 3797902
0.070495605468750 3802098
0.071289062500000 3799963
0.060852050781250 3800000
0.070739746093750 3796604
0.071411132812500 3800000
0.071533203125000 3800000
0.062805175781250 3796626
0.066833496093750 3799963
0.000000000000000 3800000
0.071533203125000 3799963
0.070739746093750 3800036
0.068542480468750 3800000
0.058410644531250 3800036
0.069091796875000 3799963
0.072265625000000 3800000
0.070617675781250 3800000
0.071655273437500 3800036
0.071166992187500 3799963
0.067138671875000 3800000
0.061035156250000 3799924
0.068847656250000 3800072
0.072021484375000 3800000
0.068969726562500 3800000
0.060119628906250 3800000
0.000000000000000 3800000
0.073608398437500 3799963
0.073059082031250 3800036
0.059753417968750 3800000
0.070251464843750 3799963
0.062438964843750 3800036
0.069702148437500 3800036
0.060424804687500 3799927
0.070068359375000 3800036
0.070434570312500 3800000
0.068725585937500 3799963
0.072387695312500 3800036
0.072021484375000 3800000
0.068481445312500 3799963
0.070312500000000 3800000
0.000000000000000 3800000
0.126525878906250 3800036
0.000000000000000 3799927
0.072021484375000 3800072
0.072021484375000 3799963
0.058166503906250 3800072
0.070739746093750 3792958
0.072631835937500 3799963
0.067382812500000 3800036
0.070922851562500 3800000
0.071960449218750 3799963
0.061096191406250 3800036
0.068786621093750 3800000
0.071411132812500 3799963
0.072509765625000 3800036
0.000000000000000 3800000
0.067749023437500 3800000
0.060852050781250 3800000
0.070251464843750 3797142
0.070434570312500 3802858
0.069335937500000 3800000
0.072692871093750 3799963
0.072021484375000 3800000
0.067932128906250 3800036
0.070556640625000 3800000
0.070800781250000 3800000
0.059875488281250 3799963
0.067016601562500 3800036
0.070373535156250 3800000
0.000000000000000 3799963
0.072937011718750 3800036
0.071838378906250 3800000
0.067626953125000 3799963
0.057434082031250 3800036
0.070495605468750 3799963
0.071166992187500 3800000
0.072387695312500 3800000
0.068298339843750 3800036
0.058593750000000 3799963
0.067382812500000 3800000
0.072753906250000 3794028
0.062744140625000 3786964
0.067687988281250 3800000
0.061096191406250 3800000
0.062255859375000 3800000
0.064514160156250 3800000
0.069519042968750 3800000
0.068969726562500 3800000
0.066040039062500 3795627
0.066589355468750 3797292
0.062927246093750 3800000
0.067382812500000 3799963
0.000000000000000 3800036
0.072998046875000 3790535
0.068542480468750 3795038
0.064575195312500 3800036
0.063903808593750 3793107
0.062500000000000 3800000
0.068237304687500 3799963
0.064758300781250 3800036
0.070007324218750 3800000
0.076721191406250 3796571
0.074890136718750 3799963
0.062500000000000 3800036
0.071777343750000 3799963
0.072143554687500 3800036
0.000000000000000 3799927
0.126892089843750 3800072
0.000000000000000 3800000
0.068969726562500 3787993
0.072570800781250 3787111
0.068603515625000 3799963
0.070434570312500 3800036
0.072998046875000 3800000
0.069641113281250 3799963
0.067504882812500 3800036
0.070068359375000 3800000
0.072692871093750 3795011
0.069152832031250 3798088
0.000000000000000 3800000
0.071289062500000 3799963
0.072082519531250 3798896
0.068176269531250 3790803
0.069091796875000 3799963
0.063049316406250 3800036
0.069885253906250 3799129
0.067565917968750 3783258
0.071350097656250 3786462
0.073120117187500 3800000
0.073425292968750 3799963
0.070251464843750 3800036
0.000000000000000 3786805
0.067260742187500 3799320
0.072143554687500 3799927
0.075988769531250 3800036
0.070129394531250 3800036
0.069946289062500 3796597
0.066711425781250 3800000
0.061584472656250 3800000
0.070129394531250 3800000
0.070312500000000 3800000
0.069152832031250 3799963
0.058532714843750 3800036
0.061218261718750 3800000
0.073608398437500 3800000
0.000000000000000 3800000
0.072814941406250 3800000
0.068481445312500 3800000
0.071472167968750 3800000
0.069396972656250 3800000
0.069885253906250 3800000
0.067749023437500 3800000
0.070800781250000 3800000
0.063293457031250 3800000
0.071228027343750 3800000
0.071838378906250 3800000
0.071105957031250 3800000
0.000000000000000 3800000
0.070068359375000 3799963
0.073425292968750 3800036
0.072570800781250 3800000
0.061462402343750 3800000
0.067016601562500 3800000
0.064025878906250 3800000
0.063110351562500 3799963
0.066589355468750 3800036
0.065246582031250 3800000
0.063537597656250 3800036
0.069885253906250 3799963
0.070129394531250 3799927
0.070678710937500 3800072
0.071777343750000 3800000
0.060607910156250 3800000
0.066528320312500 3800000
0.069396972656250 3800000
0.000000000000000 3800000
0.070373535156250 3800000
0.071228027343750 3800000
0.061828613281250 3800000
0.070495605468750 3800000
0.069152832031250 3800000
0.067504882812500 3800000
0.061889648437500 3800000
0.072021484375000 3800000
0.069763183593750 3799927
0.067382812500000 3800072
0.070983886718750 3800000
0.072875976562500 3800000
0.069396972656250 3800000
0.000000000000000 3800000
0.070617675781250 3800000
0.069946289062500 3800000
0.061889648437500 3800000
0.070556640625000 3800000
0.070678710937500 3800000
0.061462402343750 3800000
0.068542480468750 3800000
0.062072753906250 3800000
0.066467285156250 3800000
0.071289062500000 3800036
0.071899414062500 3799963
0.071411132812500 3800000
0.071411132812500 3800000
0.066284179687500 3800000
0.000000000000000 3800000
0.071105957031250 3800000
0.070312500000000 3800000
0.072814941406250 3800000
0.068786621093750 3800000
0.068115234375000 3800000
0.069946289062500 3800000
0.071838378906250 3797179
0.071655273437500 3802822
0.068725585937500 3800000
0.070678710937500 3800000
0.000000000000000 3800000
0.071289062500000 3800000
0.062500000000000 3740893
0.067626953125000 3800000
0.070007324218750 3799963
0.071838378906250 3800036
0.072021484375000 3800000
0.071350097656250 3799927
0.066833496093750 3800036
0.071533203125000 3800036
0.062561035156250 3799963
0.070617675781250 3799963
0.061523437500000 3800108
0.070556640625000 3799963
0.070983886718750 3800000
0.000000000000000 3800036
0.067077636718750 3799962
0.070556640625000 3799963
0.074462890625000 3800036
0.068054199218750 3800000
0.068664550781250 3799963
0.069946289062500 3800036
0.072326660156250 3800000
0.069946289062500 3800000
0.067504882812500 3800000
0.061462402343750 3800000
0.070312500000000 3799963
0.062927246093750 3800072
0.068359375000000 3799963
0.000000000000000 3799963
0.067321777343750 3800036
0.070678710937500 3800000
0.072692871093750 3800000
0.071289062500000 3800000
0.073608398437500 3800000
0.058349609375000 3800000
0.068603515625000 3800000
0.070434570312500 3800000
0.069946289062500 3800000
0.058288574218750 3800000
0.070861816406250 3800000
0.072204589843750 3800000
0.000000000000000 3800000
0.072570800781250 3800000
0.066284179687500 3800000
0.063110351562500 3800000
0.067504882812500 3800000
0.072692871093750 3800000
0.069274902343750 3800000
0.066528320312500 3800036
0.073608398437500 3799963
0.070617675781250 3799963
0.071044921875000 3800072
0.065979003906250 3799963
0.062011718750000 3799963
0.068725585937500 3800000
0.071105957031250 3800036
0.000000000000000 3800000
0.067993164062500 3800000
0.069885253906250 3800000
0.063842773437500 3800036
0.068481445312500 3799927
0.058654785156250 3800036
0.066345214843750 3800000
0.072326660156250 3799963
0.070007324218750 3800036
0.061523437500000 3800000
0.068908691406250 3799963
0.059570312500000 3800036
0.069213867187500 3800000
0.071960449218750 3800000
0.071777343750000 3800000
0.067565917968750 3799963
0.058715820312500 3800036
0.072204589843750 3799963
0.072509765625000 3800036
0.068969726562500 3800000
0.000000000000000 3799963
0.070556640625000 3799963
0.061828613281250 3800072
0.069091796875000 3800000
0.060363769531250 3800000
0.064331054687500 3800000
0.069885253906250 3799963
0.073547363281250 3800036
0.072753906250000 3800000
0.067260742187500 3800000
0.059326171875000 3800036
0.061645507812500 3799963
0.072265625000000 3799963
0.069030761718750 3800036
0.069213867187500 3800000
0.070983886718750 3800000
0.070556640625000 3800000
0.061523437500000 3800000
0.000000000000000 3799927
0.128662109375000 3800072
0.000000000000000 3800000
0.073669433593750 3800000
0.070007324218750 3799963
0.058776855468750 3800036
0.069519042968750 3800000
0.072143554687500 3799963
0.069580078125000 3800036
0.068603515625000 3799963
0.073791503906250 3800000
0.071655273437500 3800036
0.070983886718750 3799963
0.065673828125000 3800036
0.000000000000000 3800000
0.068908691406250 3800000
0.071533203125000 3799963
0.071777343750000 3800037
0.070678710937500 3800000
0.069152832031250 3799963
0.072814941406250 3800036
0.070800781250000 3800000
0.069458007812500 3800000
0.066955566406250 3800000
0.000000000000000 3800000
0.073974609375000 3800000
0.072448730468750 3799963
0.069702148437500 3800036
0.058776855468750 3800000
0.071472167968750 3799927
0.065673828125000 3800072
0.072753906250000 3800000
0.061096191406250 3800000
0.067871093750000 3800000
0.072265625000000 3797245
0.070373535156250 3783336
0.070739746093750 3798267
0.071838378906250 3799963
0.000000000000000 3796628
0.068481445312500 3800000
0.069458007812500 3799963
0.070434570312500 3800036
0.071044921875000 3800000
0.068542480468750 3799963
0.067504882812500 3800036
0.070434570312500 3800000
0.060791015625000 3799963
0.071533203125000 3800036
0.072631835937500 3796475
0.067199707031250 3800036
0.060729980468750 3800036
0.073486328125000 3799963
0.068237304687500 3800036
0.000000000000000 3799963
0.068725585937500 3800000
0.083374023437500 3800000
0.088806152343750 3800000
0.000000000000000 3800036
0.090026855468750 3799927
0.094604492187500 3800072
0.000000000000000 3799927
0.091674804687500 3800036
0.079589843750000 3800036
0.062927246093750 3800000
0.073425292968750 3800000
0.070312500000000 3800000
0.061767578125000 3800000
0.067077636718750 3799963
0.061828613281250 3800036
0.071960449218750 3800000
0.070739746093750 3799963
0.063110351562500 3800000
0.066589355468750 3799963
0.073425292968750 3800072
0.000000000000000 3800000
0.068725585937500 3799963
0.061157226562500 3800036
0.071166992187500 3800000
0.071289062500000 3800000
0.067932128906250 3799963
0.070739746093750 3800036
0.072082519531250 3800000
0.070678710937500 3799963
0.067871093750000 3800036
0.068664550781250 3800000
0.061828613281250 3799963
0.072509765625000 3800036
0.068115234375000 3799963
0.000000000000000 3800036
0.070434570312500 3799927
0.067260742187500 3800072
0.061889648437500 3800000
0.071228027343750 3799963
0.071350097656250 3800036
0.069824218750000 3800000
0.066894531250000 3799963
0.070190429687500 3800000
0.068725585937500 3800036
0.062500000000000 3799963
0.070190429687500 3800036
0.059936523437500 3799963
0.068237304687500 3800036
0.072570800781250 3799963
0.068481445312500 3800000
0.000000000000000 3800036
0.065795898437500 3799963
0.061523437500000 3800036
0.071166992187500 3800000
0.070495605468750 3792345
0.068054199218750 3795300
0.062438964843750 3800000
0.071289062500000 3800000
0.068664550781250 3799971
0.070007324218750 3783295
0.071594238281250 3798766
0.070190429687500 3800000
0.069458007812500 3799963
0.062255859375000 3800036
0.068054199218750 3800000
0.060668945312500 3800000
0.073364257812500 3800000
0.000000000000000 3800000
0.070434570312500 3799963
0.069702148437500 3800036
0.065795898437500 3800000
0.061462402343750 3800000
0.068847656250000 3800000
0.072021484375000 3799963
0.067993164062500 3800000
0.058654785156250 3800036
0.071777343750000 3800000
0.071472167968750 3800000
0.070922851562500 3800000
0.069824218750000 3799963
0.062072753906250 3800036
0.065307617187500 3800000
0.059814453125000 3800000
0.069641113281250 3800000
0.071777343750000 3800000
0.000000000000000 3800000
0.069763183593750 3800036
0.068847656250000 3799963
0.072814941406250 3800000
0.067993164062500 3800000
0.061950683593750 3799963
0.068298339843750 3800036
0.065979003906250 3799927
0.072509765625000 3800072
0.071655273437500 3800000
0.062683105468750 3800000
0.070434570312500 3800000
0.069091796875000 3800000
0.069030761718750 3800000
0.064392089843750 3800000
0.068664550781250 3800000
0.000000000000000 3800000
0.071838378906250 3799927
0.066711425781250 3800036
0.070739746093750 3800036
0.062683105468750 3800000
0.068908691406250 3800000
0.071411132812500 3800000
0.070129394531250 3799963
0.061950683593750 3800036
0.068176269531250 3800000
0.071166992187500 3799963
0.069519042968750 3800036
0.070129394531250 3800000
0.071777343750000 3800000
0.000000000000000 3800000
0.068969726562500 3800000
0.068054199218750 3799963
0.072753906250000 3800036
0.273132324218750 3800000
0.065368652343750 3799927
0.000000000000000 3800072
0.073242187500000 3799927
0.071044921875000 3800000
0.069519042968750 3800072
0.069458007812500 3800000
0.058532714843750 3799963
0.071044921875000 3800036
0.072753906250000 3800000
0.059997558593750 3799963
0.069458007812500 3800036
0.063049316406250 3800000
0.067382812500000 3800000
0.070312500000000 3795442
0.070739746093750 3799963
0.070861816406250 3799963
0.000000000000000 3800072
0.068481445312500 3799963
0.069396972656250 3797281
0.071105957031250 3800000
0.068237304687500 3796556
0.060791015625000 3791373
0.071960449218750 3791373
0.069213867187500 3799963
0.070617675781250 3800036
0.072692871093750 3799963
0.061523437500000 3800036
0.066284179687500 3799891
0.061340332031250 3800072
0.071960449218750 3793064
0.070739746093750 3800000
0.071472167968750 3799963
0.000000000000000 3800036
0.067260742187500 3800000
0.071594238281250 3800000
0.070983886718750 3797168
0.070190429687500 3783333
0.062866210937500 3782152
0.068481445312500 3798952
0.070678710937500 3799806
0.059753417968750 3800000
0.069885253906250 3799963
0.071289062500000 3800036
0.069519042968750 3799927
0.067810058593750 3800036
0.070495605468750 3797823
0.000000000000000 3800000
0.073120117187500 3799963
0.070922851562500 3800000
0.067993164062500 3800036
0.071472167968750 3799927
0.070495605468750 3800036
0.071960449218750 3800036
0.066223144531250 3800000
0.060913085937500 3800000
0.068786621093750 3788432
0.063049316406250 3797559
0.068908691406250 3800037
0.058959960937500 3799963
0.070617675781250 3800036
0.072448730468750 3800000
0.000000000000000 3799963
0.069152832031250 3800036
0.071655273437500 3800000
0.070495605468750 3799963
0.070312500000000 3800072
0.068542480468750 3799963
0.068481445312500 3800000
0.070251464843750 3799963
0.071899414062500 3800036
0.068847656250000 3800000
0.058349609375000 3800000
0.069519042968750 3800000
0.073852539062500 3799963
0.000000000000000 3800036
0.070800781250000 3800036
0.068359375000000 3787975
0.072631835937500 3787583
0.071411132812500 3799927
0.072326660156250 3800000
0.065734863281250 3800072
0.069580078125000 3800000
0.070129394531250 3800036
0.063049316406250 3799855
0.065063476562500 3788662
0.070800781250000 3796867
0.000000000000000 3799963
0.072021484375000 3800000
0.068359375000000 3800000
0.071655273437500 3800000
0.069458007812500 3800000
0.071166992187500 3797215
0.072998046875000 3796673
0.069641113281250 3793421
0.058776855468750 3800072
0.068847656250000 3799963
0.073181152343750 3800036
0.068908691406250 3800000
0.069458007812500 3800036
0.000000000000000 3799963
0.126342773437500 3800000
0.000000000000000 3799963
0.072875976562500 3800000
0.070312500000000 3800036
0.060119628906250 3800000
0.065063476562500 3800000
0.070434570312500 3799963
0.071777343750000 3800036
0.071228027343750 3800000
0.070251464843750 3799927
0.068420410156250 3800072
0.070739746093750 3800000
0.071594238281250 3799963
0.070312500000000 3800036
0.000000000000000 3800000
0.068969726562500 3800000
0.068420410156250 3800000
0.073242187500000 3800000
0.070068359375000 3800000
0.060180664062500 3799963
0.071472167968750 3800072
0.059753417968750 3799963
0.070434570312500 3799963
0.071960449218750 3800036
0.069213867187500 3799963
0.059509277343750 3800036
0.073364257812500 3800000
0.072692871093750 3799963
0.060485839843750 3800036
0.065429687500000 3799963
0.000000000000000 3800036
0.071838378906250 3800000
0.071166992187500 3800000
0.062866210937500 3799963
0.071044921875000 3800036
0.071166992187500 3800000
0.068115234375000 3800000
0.060852050781250 3799963
0.071472167968750 3800000
0.068481445312500 3800036
0.070617675781250 3800000
0.068725585937500 3800000
0.061096191406250 3798802
0.074279785156250 3794286
0.071716308593750 3796245
0.000000000000000 3800000
0.130493164062500 3799963
0.000000000000000 3800036
0.071411132812500 3800000
0.068420410156250 3799963
0.067077636718750 3800036
0.073547363281250 3800000
0.072570800781250 3800000
0.070007324218750 3800000
0.067871093750000 3800000
0.068420410156250 3800000
0.061523437500000 3800000
0.072387695312500 3800000
0.067993164062500 3800000
0.000000000000000 3799963
0.069824218750000 3800036
0.063781738281250 3800036
0.070434570312500 3799927
0.057678222656250 3800000
0.069946289062500 3800036
0.071716308593750 3799963
0.069091796875000 3800036
0.060729980468750 3800000
0.070922851562500 3800000
0.068054199218750 3799963
0.071655273437500 3800036
0.072021484375000 3799963
0.070617675781250 3800000
0.066284179687500 3800036
0.071350097656250 3800000
0.000000000000000 3800000
0.074523925781250 3800000
0.069580078125000 3800000
0.059265136718750 3800000
0.071411132812500 3800000
0.063598632812500 3785844
0.068786621093750 3799377
0.071166992187500 3786894
0.069030761718750 3791563
0.067138671875000 3800000
0.072204589843750 3799963
0.068847656250000 3800072
0.072570800781250 3799927
0.068725585937500 3800036
0.059814453125000 3799963
0.000000000000000 3800036
0.069335937500000 3800000
0.071166992187500 3800000
0.073181152343750 3800000
0.066955566406250 3798214
0.061035156250000 3783259
0.071472167968750 3789601
0.061340332031250 3798214
0.066955566406250 3783330
0.072937011718750 3786167
0.070129394531250 3800036
0.068542480468750 3785214
0.070678710937500 3789879
0.069824218750000 3800000
0.061035156250000 3800000
0.065124511718750 3799963
0.062316894531250 3800000
0.000000000000000 3785791
0.070129394531250 3785546
0.124206542968750 3799963
0.000000000000000 3800036
0.068969726562500 3800000
0.070434570312500 3800000
0.071411132812500 3799963
0.072753906250000 3800000
0.066284179687500 3800036
0.069885253906250 3800000
0.070922851562500 3799963
0.062072753906250 3800036
0.069396972656250 3800000
0.062866210937500 3800000
0.071411132812500 3799963
0.066894531250000 3797660
0.062988281250000 3798945
0.069641113281250 3799963
0.000000000000000 3800036
0.071838378906250 3800000
0.069458007812500 3799963
0.058288574218750 3800036
0.070678710937500 3800000
0.071411132812500 3800000
0.067382812500000 3800000
0.071899414062500 3800000
0.061889648437500 3800000
0.063903808593750 3800000
0.061340332031250 3800000
0.070678710937500 3800000
0.070434570312500 3800000
0.070373535156250 3788163
0.070678710937500 3794154
0.067626953125000 3800000
0.000000000000000 3800000
0.134155273437500 3800000
0.000000000000000 3800000
0.069030761718750 3800036
0.057983398437500 3799963
0.069702148437500 3800000
0.062988281250000 3799963
0.072753906250000 3800036
0.072387695312500 3800036
0.058288574218750 3799963
0.067749023437500 3800000
0.071899414062500 3800000
0.060852050781250 3800000
0.067504882812500 3800000
0.069396972656250 3800000
0.062194824218750 3800000
0.068481445312500 3800000
0.069274902343750 3799963
0.072509765625000 3800036
0.070922851562500 3799963
0.000000000000000 3800036
0.070922851562500 3800000
0.067565917968750 3799963
0.070678710937500 3800036
0.070190429687500 3799927
0.073120117187500 3800072
0.070495605468750 3797757
0.067504882812500 3802243
0.071716308593750 3800000
0.070190429687500 3800000
0.070739746093750 3800000
0.000000000000000 3800000
0.069641113281250 3800000
0.069946289062500 3800000
0.073303222656250 3800036
0.068054199218750 3799963
0.061950683593750 3800000
0.071350097656250 3800000
0.071533203125000 3800000
0.066955566406250 3799963
0.071838378906250 3800000
0.063537597656250 3800036
0.067504882812500 3800000
0.058471679687500 3800000
0.068725585937500 3800000
0.072570800781250 3793864
0.068420410156250 3799150
0.061828613281250 3796815
0.000000000000000 3799707
0.067993164062500 3800036
0.061279296875000 3800000
0.072143554687500 3800000
0.070556640625000 3800000
0.069702148437500 3796381
0.068176269531250 3800036
0.072265625000000 3800000
0.069030761718750 3799963
0.062561035156250 3800036
0.072326660156250 3800000
0.067321777343750 3799963
0.063171386718750 3800036
0.071166992187500 3800000
0.068481445312500 3799963
0.000000000000000 3800036
0.070983886718750 3799963
0.062866210937500 3800000
0.067626953125000 3800036
0.066467285156250 3799963
0.072021484375000 3800000
0.069458007812500 3800036
0.072265625000000 3800000
0.067504882812500 3800000
0.072326660156250 3800000
0.068725585937500 3800000
0.060241699218750 3800000
0.070556640625000 3800000
0.076782226562500 3954052
0.000000000000000 4000000
0.078735351562500 4000038
0.074096679687500 4000000
0.077636718750000 4000000
0.075805664062500 3999961
0.079650878906250 4000038
0.079223632812500 3999961
0.075073242187500 3999961
0.077087402343750 4000039
0.074951171875000 4000038
0.077758789062500 3999961
0.074096679687500 3999961
0.000000000000000 4000076
0.078918457031250 4000000
0.076904296875000 3999961
0.076660156250000 4000038
0.076232910156250 3999961
0.077209472656250 4000038
0.075378417968750 4000000
0.078308105468750 4000000
0.075866699218750 4000000
0.079406738281250 3848726
0.078125000000000 4000038
0.069702148437500 4000000
0.076965332031250 4000000
0.068237304687500 3999961
0.075805664062500 4000038
0.078552246093750 4000000
0.000000000000000 4000000
0.077941894531250 4000000
0.077392578125000 4000000
0.076293945312500 4000000
0.076904296875000 4000000
0.079650878906250 4000000
0.075195312500000 4000000
0.078613281250000 4000000
0.076049804687500 4000000
0.067932128906250 4000000
0.077026367187500 3999961
0.078125000000000 4000038
0.076416015625000 4000000
0.076660156250000 3999961
0.000000000000000 4000000
0.077941894531250 4000038
0.076965332031250 3999961
0.076293945312500 4000000
0.080749511718750 4000038
0.077697753906250 4000000
0.077331542968750 4000000
0.074707031250000 4000000
0.078430175781250 3999961
0.076171875000000 4000038
0.076660156250000 3999961
0.000000000000000 4000038
0.077941894531250 4000000
0.075561523437500 3999961
0.077392578125000 4000038
0.078613281250000 4000000
0.076110839843750 3999961
0.076049804687500 4000076
0.076232910156250 3999961
0.080444335937500 3999961
0.076293945312500 4000038
0.075500488281250 4000000
0.075378417968750 3999961
0.076843261718750 4000038
0.000000000000000 4000000
0.077392578125000 3999960
0.077453613281250 3999961
0.080200195312500 4000037
0.076782226562500 4000038
0.079284667968750 4000000
0.077209472656250 4000000
0.076599121093750 4000000
0.076477050781250 4000000
0.076354980468750 3999961
0.080505371093750 4000000
0.000000000000000 4000038
0.076538085937500 3999961
0.077331542968750 4000038
0.078979492187500 4000000
0.069091796875000 4000000
0.075866699218750 4000000
0.077209472656250 4000000
0.078857421875000 3999961
0.075012207031250 4000038
0.077392578125000 4000000
0.076965332031250 3999961
0.077148437500000 3999961
0.075012207031250 4000076
0.079895019531250 3999961
0.000000000000000 4000038
0.078430175781250 4000000
0.075256347656250 3999961
0.075683593750000 4000038
0.075134277343750 4000000
0.079711914062500 3999961
0.077331542968750 4000038
0.079040527343750 3999961
0.077758789062500 4000000
0.076538085937500 4000038
0.078002929687500 4000000
0.075805664062500 3999961
0.075988769531250 4000038
0.000000000000000 3999961
0.075927734375000 4000038
0.080139160156250 3999840
0.075988769531250 4000114
0.078979492187500 4000038
0.077331542968750 4000000
0.076232910156250 4000000
0.074890136718750 4000000
0.074584960937500 4000000
0.074890136718750 4000000
0.074951171875000 3999961
0.081542968750000 4000038
0.077819824218750 3999961
0.000000000000000 4000038
0.075805664062500 4000000
0.076477050781250 3999961
0.077331542968750 4000038
0.075866699218750 4000000
0.076049804687500 3999961
0.078857421875000 4000038
0.080627441406250 4000000
0.078430175781250 3999961
0.078369140625000 4000000
0.075866699218750 4000038
0.075378417968750 4000000
0.076904296875000 4000000
0.000000000000000 3999961
0.079223632812500 4000000
0.077514648437500 4000038
0.075988769531250 3999961
0.078735351562500 4000038
0.077087402343750 4000000
0.077636718750000 3999961
0.076416015625000 4000038
0.078613281250000 4000000
0.079162597656250 3999961
0.076293945312500 4000038
0.076965332031250 4000000
0.000000000000000 3999961
0.077026367187500 4000038
0.077087402343750 4000000
0.076904296875000 4000000
0.077514648437500 4000000
0.077270507812500 3999961
0.075927734375000 4000038
0.078552246093750 3999961
0.073913574218750 4000000
0.077331542968750 4000038
0.073791503906250 4000000
0.079589843750000 3999961
0.078918457031250 4000000
0.000000000000000 4000038
0.077026367187500 4000000
0.077880859375000 4000038
0.075622558593750 3999961
0.068176269531250 4000000
0.076232910156250 3943196
0.074890136718750 3784128
0.072448730468750 3793642
0.072143554687500 3783588
0.065368652343750 3793469
0.070922851562500 3796371
0.073242187500000 3792375
0.069946289062500 3798211
0.000000000000000 3788241
0.072387695312500 3783334
0.073120117187500 3790899
0.069702148437500 3797517
0.072631835937500 3800000
0.070068359375000 3800000
0.072448730468750 3799963
0.071166992187500 3800036
0.070861816406250 3799963
0.071533203125000 3800072
0.071472167968750 3799963
0.072509765625000 3800000
0.068420410156250 3800000
0.000000000000000 3799963
0.073669433593750 3792871
0.074035644531250 3800000
0.072509765625000 3791944
0.071166992187500 3791782
0.068786621093750 3797500
0.070190429687500 3792839
0.071105957031250 3800036
0.072509765625000 3799963
0.071411132812500 3799963
0.073242187500000 3798953
0.000000000000000 3797727
0.073608398437500 3794160
0.070556640625000 3784035
0.072448730468750 3795406
0.070251464843750 3795611
0.071594238281250 3800036
0.072326660156250 3799963
0.072021484375000 3799963
0.070129394531250 3800072
0.069458007812500 3799963
0.072875976562500 3799963
0.069030761718750 3799963
0.000000000000000 3800072
0.073120117187500 3799963
0.070739746093750 3800036
0.072387695312500 3800000
0.063842773437500 3784017
0.070312500000000 3784014
0.071594238281250 3800036
0.070007324218750 3800000
0.071350097656250 3787999
0.068908691406250 3783370
0.072509765625000 3786855
0.072143554687500 3793750
0.069763183593750 3797030
0.072143554687500 3795773
0.000000000000000 3787985
0.069641113281250 3797587
0.071960449218750 3795272
0.070495605468750 3783335
0.072021484375000 3783329
0.072265625000000 3797403
0.062744140625000 3798340
0.072021484375000 3799229
0.063476562500000 3790942
0.073242187500000 3788886
0.069458007812500 3800072
0.073181152343750 3795650
0.074523925781250 3797343
0.000000000000000 3800036
0.078125000000000 3799963
0.064025878906250 3788978
0.068847656250000 3786481
0.065124511718750 3800000
0.068237304687500 3794938
0.063720703125000 3797422
0.066101074218750 3800000
0.067932128906250 3793946
0.067749023437500 3794944
0.062988281250000 3789770
0.065673828125000 3785935
0.075195312500000 3795638
0.067260742187500 3791722
0.064025878906250 3789998
0.072937011718750 3797937
0.063415527343750 3790042
0.072082519531250 3787297
0.063049316406250 3792596
0.071411132812500 3799593
0.062438964843750 3800000
0.072021484375000 3799004
0.064819335937500 3796572
0.071533203125000 3800000
0.071105957031250 3800000
0.072021484375000 3799963
0.072265625000000 3800000
0.000000000000000 3800036
0.071960449218750 3797938
0.070495605468750 3793672
0.071044921875000 3800000
0.062438964843750 3799963
0.070861816406250 3800036
0.068847656250000 3800000
0.072509765625000 3794681
0.070068359375000 3784687
0.071533203125000 3800036
0.070556640625000 3790435
0.071716308593750 3791466
0.071960449218750 3789202
0.070007324218750 3794537
0.000000000000000 3783369
0.070800781250000 3783336
0.072143554687500 3793146
0.072387695312500 3800036
0.071716308593750 3790297
0.072875976562500 3783334
0.062377929687500 3796423
0.069274902343750 3800000
0.063232421875000 3800000
0.062561035156250 3800000
0.071044921875000 3800000
0.070007324218750 3799963
0.071899414062500 3799540
0.072509765625000 3800000
0.071838378906250 3799963
0.071350097656250 3791377
0.070007324218750 3784197
0.000000000000000 3792076
0.071472167968750 3789583
0.070434570312500 3800036
0.070068359375000 3795341
0.070373535156250 3791011
0.070800781250000 3783298
0.072265625000000 3783295
0.070434570312500 3783404
0.070373535156250 3794270
0.070800781250000 3790106
0.070922851562500 3799259
0.070800781250000 3799927
0.000000000000000 3800036
0.072204589843750 3796530
0.074096679687500 3800000
0.068969726562500 3800000
0.063110351562500 3794598
0.069274902343750 3800000
0.071716308593750 3792431
0.071350097656250 3793067
0.072021484375000 3790568
0.066894531250000 3793162
0.065979003906250 3794430
0.069213867187500 3790560
0.071044921875000 3797601
0.070861816406250 3800000
0.070434570312500 3786001
0.072937011718750 3794777
0.068664550781250 3800000
0.000000000000000 3796523
0.072753906250000 3793737
0.073730468750000 3799308
0.071044921875000 3794320
0.072448730468750 3800072
0.071350097656250 3800000
0.072631835937500 3800000
0.070129394531250 3800000
0.071350097656250 3787683
0.072204589843750 3783298
0.070007324218750 3786540
0.063903808593750 3800000
0.069030761718750 3800000
0.000000000000000 3799927
0.071899414062500 3800036
0.071594238281250 3800000
0.073486328125000 3793129
0.073059082031250 3800000
0.070007324218750 3799963
0.062438964843750 3796446
0.069763183593750 3799963
0.070434570312500 3800000
0.070983886718750 3797097
0.070556640625000 3787322
0.069396972656250 3793966
0.072814941406250 3789448
0.000000000000000 3794774
0.071472167968750 3794869
0.070434570312500 3789544
0.070434570312500 3790762
0.068176269531250 3787421
0.071716308593750 3800000
0.068176269531250 3799963
0.069580078125000 3800036
0.072875976562500 3800000
0.070434570312500 3800000
0.071105957031250 3800000
0.068725585937500 3800000
0.071960449218750 3800000
0.070800781250000 3800000
0.000000000000000 3797719
0.071044921875000 3800036
0.071289062500000 3800000
0.068054199218750 3800000
0.073303222656250 3800000
0.072937011718750 3796083
0.071838378906250 3784008
0.070373535156250 3799537
0.070190429687500 3800000
0.073425292968750 3789103
0.070434570312500 3789937
0.069519042968750 3800000
0.000000000000000 3800000
0.070373535156250 3799963
0.071044921875000 3796598
0.071594238281250 3800000
0.070251464843750 3799963
0.073303222656250 3800036
0.070922851562500 3800000
0.071350097656250 3800000
0.071289062500000 3800000
0.071166992187500 3797259
0.069641113281250 3800036
0.073059082031250 3799963
0.000000000000000 3800036
0.073181152343750 3800000
0.070495605468750 3800000
0.071655273437500 3800000
0.070129394531250 3800000
0.071533203125000 3800000
0.072509765625000 3799963
0.071105957031250 3800036
0.071166992187500 3799963
0.071899414062500 3800036
0.071594238281250 3800000
0.070190429687500 3800000
0.000000000000000 3800000
0.072143554687500 3800000
0.069763183593750 3800000
0.071716308593750 3800000
0.063476562500000 3800000
0.070678710937500 3800000
0.070373535156250 3799963
0.069519042968750 3800000
0.072143554687500 3800036
0.068420410156250 3800000
0.071228027343750 3800036
0.070251464843750 3799963
0.070129394531250 3800000
0.062622070312500 3800036
0.069030761718750 3799963
0.071716308593750 3799963
0.068664550781250 3800036
0.062438964843750 3799963
0.070556640625000 3800000
0.000000000000000 3800036
0.071105957031250 3799963
0.071166992187500 3800036
0.070251464843750 3800000
0.072387695312500 3800000
0.068298339843750 3800000
0.071533203125000 3800000
0.069519042968750 3799963
0.070251464843750 3800036
0.072875976562500 3800000
0.071594238281250 3799963
0.072387695312500 3800000
0.071228027343750 3800036
0.064514160156250 3799963
0.000000000000000 3800036
0.068786621093750 3800000
0.070678710937500 3799963
0.070068359375000 3800036
0.071350097656250 3794602
0.073120117187500 3788072
0.068969726562500 3799963
0.070251464843750 3800036
0.069335937500000 3798404
0.073852539062500 3799963
0.070129394531250 3800036
0.071533203125000 3800000
0.071228027343750 3799963
0.000000000000000 3800036
0.072509765625000 3800000
0.063354492187500 3799963
0.068908691406250 3800036
0.071716308593750 3800000
0.069763183593750 3800000
0.063537597656250 3800000
0.070739746093750 3800000
0.070434570312500 3800000
0.073547363281250 3800000
0.070007324218750 3800000
0.063842773437500 3800000
0.070190429687500 3800000
0.071044921875000 3800000
0.068847656250000 3799927
0.074279785156250 3800072
0.070129394531250 3800000
0.000000000000000 3799963
0.070312500000000 3800036
0.073364257812500 3800000
0.070556640625000 3800000
0.063537597656250 3800000
0.069519042968750 3799963
0.070007324218750 3800036
0.071044921875000 3800000
0.071105957031250 3799963
0.072998046875000 3800036
0.071105957031250 3800000
0.072998046875000 3799963
0.070312500000000 3800036
0.072265625000000 3795915
0.000000000000000 3804125
0.069763183593750 3799963
0.070739746093750 3800000
0.071716308593750 3800000
0.070007324218750 3799963
0.073547363281250 3800036
0.067382812500000 3800000
0.071899414062500 3799891
0.068786621093750 3800072
0.070861816406250 3800036
0.073852539062500 3799963
0.069519042968750 3800036
0.072143554687500 3800000
0.000000000000000 3799963
0.068603515625000 3800036
0.063232421875000 3800000
0.068725585937500 3800000
0.071716308593750 3800000
0.068725585937500 3800000
0.071594238281250 3800000
0.070800781250000 3796113
0.070312500000000 3800000
0.070556640625000 3800000
0.068298339843750 3800000
0.074645996093750 3799927
0.070007324218750 3796672
0.070678710937500 3800036
0.070617675781250 3793082
0.000000000000000 3787225
0.069458007812500 3800000
0.070922851562500 3795721
0.070312500000000 3800000
0.068786621093750 3800036
0.070129394531250 3800000
0.073608398437500 3800000
0.071228027343750 3800000
0.069519042968750 3797306
0.071289062500000 3786397
0.070007324218750 3800000
0.069763183593750 3800000
0.069335937500000 3796589
0.070983886718750 3800000
0.000000000000000 3799963
0.072448730468750 3800036
0.070007324218750 3800000
0.062438964843750 3800036
0.069030761718750 3799927
0.073608398437500 3800036
0.071838378906250 3799963
0.071899414062500 3800000
0.070922851562500 3800036
0.072631835937500 3800000
0.072143554687500 3800000
0.072509765625000 3800000
0.000000000000000 3800000
0.072265625000000 3800000
0.068908691406250 3800000
0.071044921875000 3799963
0.073242187500000 3800036
0.072021484375000 3799963
0.071228027343750 3800036
0.069091796875000 3800000
0.072387695312500 3799963
0.071594238281250 3800036
0.071594238281250 3800000
0.070861816406250 3799963
0.071838378906250 3800036
0.000000000000000 3800000
0.072631835937500 3800000
0.069335937500000 3799963
0.070556640625000 3800036
0.070251464843750 3800000
0.072265625000000 3799963
0.073547363281250 3800036
0.069641113281250 3800000
0.071594238281250 3800000
0.071044921875000 3800000
0.071044921875000 3793050
0.070739746093750 3800000
0.000000000000000 3798327
0.070007324218750 3791153
0.073852539062500 3800036
0.071411132812500 3783763
0.072021484375000 3783332
0.069885253906250 3798051
0.072326660156250 3793525
0.069152832031250 3796042
0.072387695312500 3799711
0.071838378906250 3783401
0.072082519531250 3785301
0.070739746093750 3800000
0.000000000000000 3800000
0.134094238281250 3800000
0.000000000000000 3800000
0.071594238281250 3800036
0.071044921875000 3800000
0.070007324218750 3799963
0.072204589843750 3799963
0.070129394531250 3799963
0.071044921875000 3800072
0.069519042968750 3798124
0.069091796875000 3784228
0.062805175781250 3796936
0.068847656250000 3796164
0.071899414062500 3800000
0.071594238281250 3799963
0.070556640625000 3796829
0.000000000000000 3800000
0.072998046875000 3799963
0.071960449218750 3800036
0.071716308593750 3800000
0.068298339843750 3796539
0.070434570312500 3800036
0.073547363281250 3796530
0.068908691406250 3800036
0.071166992187500 3799963
0.070922851562500 3800036
0.072998046875000 3800000
0.069580078125000 3799963
0.070861816406250 3800036
0.000000000000000 3793382
0.070312500000000 3785101
0.070312500000000 3800036
0.071777343750000 3800000
0.068054199218750 3799963
0.071044921875000 3800000
0.070800781250000 3800036
0.070983886718750 3800000
0.070617675781250 3800000
0.069335937500000 3800000
0.071960449218750 3789995
0.071228027343750 3783331
0.070922851562500 3783295
0.068420410156250 3800015
0.000000000000000 3794401
0.071838378906250 3797265
0.070739746093750 3784105
0.072937011718750 3800036
0.070800781250000 3800000
0.070678710937500 3794825
0.071044921875000 3798331
0.071472167968750 3799963
0.070190429687500 3800000
0.069702148437500 3800036
0.072509765625000 3800000
0.071716308593750 3800000
0.070007324218750 3799927
0.000000000000000 3800036
0.070373535156250 3800036
0.068298339843750 3800000
0.070434570312500 3800000
0.073425292968750 3800000
0.072265625000000 3800000
0.070251464843750 3800000
0.070129394531250 3800000
0.062988281250000 3800000
0.072143554687500 3800000
0.069885253906250 3800000
0.074707031250000 3800000
0.074340820312500 3797397
0.000000000000000 3798009
0.071594238281250 3791007
0.068115234375000 3786882
0.070190429687500 3790848
0.068603515625000 3788942
0.063537597656250 3789682
0.070007324218750 3796333
0.072814941406250 3792823
0.071228027343750 3793898
0.070007324218750 3799760
0.071533203125000 3800000
0.069519042968750 3800000
0.071350097656250 3800000
0.068786621093750 3800000
0.072387695312500 3800000
0.000000000000000 3793086
0.131347656250000 3800036
0.000000000000000 3790111
0.071594238281250 3792607
0.070678710937500 3794151
0.071533203125000 3787040
0.070068359375000 3800000
0.070922851562500 3800000
0.071716308593750 3799963
0.072509765625000 3800036
0.071289062500000 3799963
0.068054199218750 3792156
0.070861816406250 3783333
0.069335937500000 3785967
0.072509765625000 3791738
0.000000000000000 3798376
0.070007324218750 3800000
0.070922851562500 3800000
0.073852539062500 3799963
0.072448730468750 3799963
0.073547363281250 3800036
0.068298339843750 3800000
0.072143554687500 3800072
0.069091796875000 3800000
0.062927246093750 3799963
0.069213867187500 3800000
0.071899414062500 3800000
0.070434570312500 3799963
0.000000000000000 3800036
0.070800781250000 3800000
0.072448730468750 3800000
0.070129394531250 3800000
0.070678710937500 3799963
0.069702148437500 3800036
0.071838378906250 3800000
0.070129394531250 3800000
0.070922851562500 3799963
0.073669433593750 3800000
0.069641113281250 3800036
0.071105957031250 3800000
0.070434570312500 3800000
0.000000000000000 3800000
0.071655273437500 3799963
0.070495605468750 3800036
0.069641113281250 3799963
0.070495605468750 3800000
0.072631835937500 3796823
0.070434570312500 3792754
0.071166992187500 3800000
0.072509765625000 3800000
0.071044921875000 3800000
0.070312500000000 3800000
0.070007324218750 3800000
0.071044921875000 3800000
0.000000000000000 3796590
0.071289062500000 3793049
0.068908691406250 3799963
0.073242187500000 3800072
0.070373535156250 3799963
0.070983886718750 3799963
0.070861816406250 3800036
0.070007324218750 3800000
0.072265625000000 3799963
0.071228027343750 3800036
0.070800781250000 3799963
0.070129394531250 3800036
0.071289062500000 3799927
0.000000000000000 3800072
0.070251464843750 3800000
0.071838378906250 3800000
0.071044921875000 3799963
0.070251464843750 3800036
0.071533203125000 3800000
0.072875976562500 3799963
0.068298339843750 3800000
0.070800781250000 3800036
0.068054199218750 3799963
0.071289062500000 3800036
0.070861816406250 3800000
0.069824218750000 3799963
0.000000000000000 3800036
0.071472167968750 3800000
0.070312500000000 3799963
0.072387695312500 3800036
0.069519042968750 3800000
0.069580078125000 3800000
0.069152832031250 3799963
0.070434570312500 3796633
0.073547363281250 3800000
0.069641113281250 3800000
0.071350097656250 3800000
0.070190429687500 3800000
0.062561035156250 3800000
0.069580078125000 3800000
0.070739746093750 3799963
0.067321777343750 3800036
0.000000000000000 3800000
0.071044921875000 3800000
0.074584960937500 3800000
0.069702148437500 3800000
0.070800781250000 3800000
0.069824218750000 3799963
0.063720703125000 3800036
0.069641113281250 3798703
0.072387695312500 3783331
0.068481445312500 3789906
0.071960449218750 3800000
0.063171386718750 3800036
0.070556640625000 3799963
0.073120117187500 3800000
0.071594238281250 3800000
0.000000000000000 3800000
0.072143554687500 3800000
0.071228027343750 3799639
0.071289062500000 3783371
0.072509765625000 3798425
0.071105957031250 3800000
0.071350097656250 3793138
0.068725585937500 3800000
0.069030761718750 3799963
0.068786621093750 3800000
0.071289062500000 3800036
0.070983886718750 3799963
0.068908691406250 3792404
0.071838378906250 3796702
0.000000000000000 3800036
0.069946289062500 3799963
0.071777343750000 3799927
0.069641113281250 3800072
0.070556640625000 3799963
0.071228027343750 3800036
0.063354492187500 3800000
0.070556640625000 3799963
0.069091796875000 3800072
0.071105957031250 3799963
0.069335937500000 3800000
0.070556640625000 3800000
0.069213867187500 3800000
0.071960449218750 3800000
0.071838378906250 3800000
0.000000000000000 3799963
0.071716308593750 3800036
0.070556640625000 3800000
0.070800781250000 3799963
0.071350097656250 3800036
0.068481445312500 3800036
0.073852539062500 3792991
0.062377929687500 3800000
0.068969726562500 3800000
0.069396972656250 3799963
0.070312500000000 3800037
0.072021484375000 3800000
0.070190429687500 3800000
0.072265625000000 3800000
0.000000000000000 3800000
0.070495605468750 3800000
0.064514160156250 3799963
0.070678710937500 3797805
0.070556640625000 3784733
0.070556640625000 3791018
0.070678710937500 3800036
0.062683105468750 3800000
0.068054199218750 3784464
0.071899414062500 3786834
0.069030761718750 3800000
0.072631835937500 3799963
0.070800781250000 3800036
0.068359375000000 3800000
0.071655273437500 3799963
0.069396972656250 3800036
0.062683105468750 3800000
0.069335937500000 3800000
0.069885253906250 3800000
0.000000000000000 3800000
0.070922851562500 3800000
0.071960449218750 3800000
0.071594238281250 3800000
0.071411132812500 3800000
0.069946289062500 3799963
0.069946289062500 3800036
0.071899414062500 3800000
0.070495605468750 3800000
0.071350097656250 3800000
0.070495605468750 3800000
0.068847656250000 3800000
0.072265625000000 3800000
0.000000000000000 3800000
0.068481445312500 3799963
0.070678710937500 3799963
0.069274902343750 3800036
0.073181152343750 3800036
0.070007324218750 3800000
0.069519042968750 3800000
0.070983886718750 3799963
0.069091796875000 3798113
0.064208984375000 3800036
0.071960449218750 3799963
0.070800781250000 3800036
0.073425292968750 3788331
0.070922851562500 3790764
0.000000000000000 3800036
0.071472167968750 3795939
0.070373535156250 3800000
0.071777343750000 3800000
0.069335937500000 3799963
0.072631835937500 3800036
0.071350097656250 3800000
0.071838378906250 3799919
0.071044921875000 3796663
0.072021484375000 3800000
0.071655273437500 3800000
0.070068359375000 3800000
0.072082519531250 3800000
0.000000000000000 3800000
0.074401855468750 3799963
0.070373535156250 3792417
0.072021484375000 3799963
0.067993164062500 3800072
0.072387695312500 3799963
0.070861816406250 3786790
0.070861816406250 3792392
0.071289062500000 3800000
0.068664550781250 3799963
0.072509765625000 3800036
0.069213867187500 3800000
0.000000000000000 3798446
0.071533203125000 3783951
0.072204589843750 3800072
0.070068359375000 3799963
0.072692871093750 3800036
0.069396972656250 3800000
0.070129394531250 3799963
0.069213867187500 3800036
0.069702148437500 3800000
0.068847656250000 3789533
0.069885253906250 3792607
0.073364257812500 3796759
0.070556640625000 3800036
0.063354492187500 3800000
0.068115234375000 3796381
0.000000000000000 3796634
0.070922851562500 3800000
0.070373535156250 3800000
0.072631835937500 3800000
0.074218750000000 3789578
0.067626953125000 3800000
0.071350097656250 3799963
0.068054199218750 3800000
0.073791503906250 3796420
0.068237304687500 3799963
0.069274902343750 3800036
0.069091796875000 3798001
0.070190429687500 3795131
0.000000000000000 3800000
0.071533203125000 3800000
0.068359375000000 3800000
0.070678710937500 3800000
0.070617675781250 3799963
0.070312500000000 3790254
0.067687988281250 3792064
0.071105957031250 3785861
0.067871093750000 3793162
0.067016601562500 3800036
0.061462402343750 3800000
0.071411132812500 3800000
0.071838378906250 3800000
0.070922851562500 3783750
0.060485839843750 3798836
0.000000000000000 3799927
0.072570800781250 3800072
0.067749023437500 3800000
0.071350097656250 3799963
0.066833496093750 3800036
0.062316894531250 3800000
0.070007324218750 3791191
0.072021484375000 3783331
0.071899414062500 3783384
0.070129394531250 3800000
0.061462402343750 3800000
0.069519042968750 3800000
0.069458007812500 3800000
0.067810058593750 3800000
0.063171386718750 3800000
0.068786621093750 3799963
0.058349609375000 3800036
0.000000000000000 3799963
0.068786621093750 3798880
0.074890136718750 3793926
0.068786621093750 3791260
0.066650390625000 3797586
0.061462402343750 3800036
0.069763183593750 3799927
0.073425292968750 3800036
0.066955566406250 3800000
0.132080078125000 3800000
0.061035156250000 3800000
0.058349609375000 3800000
0.071960449218750 3799927
0.072509765625000 3800072
0.068725585937500 3800000
0.059020996093750 3800000
0.069946289062500 3790923
0.070861816406250 3783263
0.068847656250000 3790703
0.058654785156250 3789625
0.073181152343750 3793641
0.071166992187500 3794163
0.071105957031250 3796821
0.000000000000000 3800036
0.069946289062500 3800036
0.062072753906250 3799963
0.069580078125000 3800036
0.070251464843750 3799927
0.067016601562500 3800036
0.071472167968750 3800000
0.072937011718750 3799963
0.068542480468750 3796623
0.070617675781250 3800000
0.066833496093750 3800000
0.062011718750000 3799963
0.072448730468750 3800036
0.070556640625000 3800000
0.000000000000000 3800000
0.069152832031250 3800000
0.068237304687500 3800000
0.064086914062500 3800000
0.070800781250000 3799927
0.068237304687500 3800036
0.070617675781250 3800036
0.063781738281250 3800000
0.071960449218750 3799963
0.066772460937500 3800036
0.071350097656250 3800000
0.071960449218750 3799963
0.072692871093750 3800072
0.000000000000000 3799963
0.068786621093750 3799963
0.071289062500000 3800036
0.071105957031250 3800000
0.060974121093750 3799963
0.058898925781250 3800036
0.068359375000000 3800000
0.074218750000000 3799963
0.069152832031250 3800036
0.060668945312500 3800000
0.069763183593750 3800036
0.072509765625000 3799963
0.068115234375000 3800000
0.072265625000000 3800000
0.071838378906250 3800000
0.000000000000000 3800036
0.069519042968750 3799963
0.070007324218750 3799963
0.073364257812500 3800000
0.070068359375000 3800036
0.060729980468750 3799963
0.070007324218750 3800000
0.061218261718750 3800036
0.060302734375000 3800000
0.074523925781250 3800000
0.069030761718750 3800000
0.058227539062500 3799891
0.068359375000000 3800108
0.063049316406250 3800000
0.070739746093750 3799963
0.060974121093750 3800036
0.071166992187500 3800000
0.070190429687500 3799963
0.070739746093750 3800036
0.000000000000000 3800000
0.067382812500000 3799963
0.071228027343750 3800036
0.069702148437500 3796068
0.061035156250000 3783330
0.069763183593750 3795764
0.068603515625000 3800036
0.071411132812500 3799963
0.071228027343750 3800000
0.070190429687500 3800072
0.069885253906250 3799963
0.072082519531250 3800000
0.070373535156250 3800000
0.000000000000000 3800000
0.070678710937500 3799963
0.071777343750000 3800036
0.070312500000000 3800000
0.069458007812500 3800000
0.060607910156250 3792382
0.073120117187500 3783296
0.071533203125000 3796019
0.066711425781250 3800000
0.070922851562500 3799963
0.071105957031250 3800000
0.063354492187500 3800036
0.067382812500000 3799963
0.000000000000000 3800036
0.072265625000000 3800000
0.063232421875000 3799963
0.067810058593750 3800000
0.071777343750000 3794007
0.068237304687500 3783408
0.072448730468750 3794531
0.065795898437500 3800000
0.071105957031250 3800000
0.073242187500000 3800000
0.070495605468750 3790566
0.070190429687500 3796569
0.069213867187500 3790846
0.000000000000000 3794772
0.069396972656250 3793566
0.069702148437500 3788373
0.064941406250000 3796185
0.070983886718750 3797188
0.066528320312500 3800108
0.072082519531250 3800000
0.070556640625000 3800000
0.063537597656250 3800000
0.066833496093750 3800000
0.062500000000000 3800000
0.069641113281250 3799963
0.060913085937500 3800036
0.072265625000000 3800000
0.069702148437500 3799963
0.069152832031250 3800036
0.000000000000000 3800036
0.070556640625000 3799927
0.061340332031250 3800036
0.067565917968750 3800000
0.061401367187500 3800000
0.071655273437500 3800000
0.073181152343750 3800000
0.069091796875000 3799891
0.068664550781250 3800108
0.073547363281250 3800000
0.065856933593750 3800000
0.061767578125000 3800000
0.072814941406250 3800000
0.071228027343750 3799963
0.068603515625000 3800036
0.000000000000000 3800000
0.070373535156250 3800000
0.073242187500000 3800000
0.069458007812500 3800000
0.060729980468750 3800000
0.071777343750000 3799927
0.071105957031250 3800072
0.058410644531250 3799927
0.069458007812500 3798909
0.072265625000000 3797596
0.068786621093750 3800036
0.058715820312500 3800000
0.071838378906250 3800000
0.071166992187500 3800000
0.067871093750000 3797358
0.059143066406250 3800000
0.070556640625000 3800036
0.000000000000000 3800000
0.132507324218750 3796512
0.000000000000000 3800036
0.068847656250000 3800000
0.058776855468750 3800000
0.069274902343750 3800000
0.073852539062500 3800000
0.069274902343750 3799963
0.072448730468750 3800000
0.068542480468750 3799963
0.068603515625000 3800072
0.070861816406250 3800000
0.071289062500000 3800000
0.062194824218750 3799963
0.068176269531250 3794848
0.000000000000000 3787582
0.071228027343750 3799963
0.072204589843750 3800036
0.070129394531250 3799963
0.070251464843750 3800000
0.065307617187500 3794189
0.071350097656250 3798452
0.073120117187500 3799963
0.072937011718750 3799963
0.067626953125000 3800036
0.066040039062500 3800000
0.060974121093750 3799963
0.062622070312500 3800036
0.070373535156250 3800000
0.070495605468750 3800000
0.059387207031250 3800000
0.000000000000000 3800000
0.131347656250000 3800000
0.000000000000000 3800000
0.070129394531250 3800000
0.069641113281250 3799963
0.073669433593750 3800036
0.068969726562500 3800000
0.060668945312500 3800000
0.071105957031250 3800000
0.070922851562500 3800000
0.069763183593750 3799963
0.061523437500000 3800036
0.071960449218750 3799963
0.069519042968750 3792983
0.070068359375000 3800000
0.000000000000000 3799963
0.071899414062500 3785858
0.071105957031250 3799962
0.071044921875000 3800000
0.067199707031250 3800036
0.072448730468750 3800000
0.070800781250000 3799963
0.071166992187500 3800036
0.067260742187500 3800000
0.071533203125000 3799963
0.063537597656250 3800072
0.000000000000000 3799963
0.071289062500000 3799963
0.069335937500000 3800036
0.068847656250000 3800000
0.073364257812500 3799963
0.070617675781250 3800036
0.058715820312500 3800000
0.071166992187500 3800000
0.070129394531250 3800000
0.063781738281250 3799963
0.069885253906250 3800036
0.057983398437500 3800000
0.070495605468750 3799927
0.072326660156250 3800072
0.062561035156250 3800000
0.063598632812500 3799963
0.058959960937500 3800000
0.060363769531250 3800000
0.071594238281250 3800000
0.062194824218750 3800000
0.057983398437500 3800000
0.062072753906250 3789926
0.075744628906250 3792662
0.069458007812500 3789453
0.000000000000000 3800036
0.066711425781250 3800000
0.064636230468750 3799963
0.062927246093750 3800036
0.072387695312500 3800000
0.073242187500000 3800000
0.066894531250000 3799963
0.061279296875000 3800036
0.068847656250000 3799963
0.071166992187500 3800000
0.067626953125000 3800000
0.066101074218750 3800036
0.072937011718750 3787037
0.077453613281250 3794953
0.000000000000000 3800036
0.072143554687500 3800000
0.062622070312500 3799963
0.066467285156250 3800036
0.073913574218750 3800000
0.069641113281250 3800000
0.061645507812500 3789387
0.067749023437500 3799963
0.070190429687500 3800000
0.071899414062500 3800036
0.070007324218750 3799963
0.066833496093750 3800036
0.069824218750000 3792695
0.070190429687500 3789971
0.000000000000000 3800000
0.131835937500000 3797436
0.000000000000000 3800036
0.071289062500000 3796612
0.071166992187500 3800000
0.061706542968750 3792683
0.058410644531250 3800000
0.072326660156250 3799963
0.067687988281250 3800036
0.061828613281250 3800000
0.070007324218750 3799963
0.063171386718750 3800036
0.071289062500000 3800000
0.069946289062500 3800000
0.070007324218750 3800036
0.070129394531250 3792716
0.072937011718750 3800036
0.067749023437500 3799963
0.000000000000000 3799963
0.069946289062500 3796914
0.073486328125000 3800036
0.070678710937500 3800000
0.068908691406250 3800000
0.065368652343750 3799963
0.072143554687500 3800036
0.071960449218750 3799963
0.073425292968750 3800036
0.059936523437500 3800000
0.066955566406250 3797571
0.072021484375000 3800036
0.062683105468750 3800000
0.000000000000000 3799963
0.070678710937500 3793939
0.065551757812500 3783333
0.070739746093750 3798035
0.075683593750000 3799963
0.070983886718750 3800000
0.072265625000000 3800036
0.064575195312500 3799891
0.060058593750000 3800108
0.065124511718750 3800000
0.063476562500000 3800000
0.066894531250000 3800000
0.058715820312500 3799963
0.069519042968750 3789517
0.065124511718750 3800000
0.071533203125000 3800000
0.071044921875000 3800000
0.062255859375000 3800000
0.065979003906250 3800000
0.070434570312500 3800000
0.000000000000000 3799963
0.068725585937500 3800036
0.067382812500000 3800000
0.069030761718750 3799963
0.072204589843750 3800036
0.073669433593750 3800000
0.066467285156250 3799963
0.069824218750000 3800036
0.069702148437500 3800000
0.068359375000000 3800000
0.070617675781250 3798077
0.070068359375000 3787399
0.000000000000000 3796446
0.066589355468750 3800000
0.070861816406250 3800000
0.073364257812500 3800000
0.070007324218750 3799927
0.070556640625000 3800036
0.071044921875000 3800036
0.069519042968750 3800036
0.070617675781250 3799927
0.072143554687500 3800036
0.000000000000000 3800000
0.069702148437500 3799963
0.070800781250000 3800036
0.068237304687500 3795675
0.070007324218750 3793561
0.069702148437500 3800036
0.069885253906250 3800000
0.067810058593750 3800000
0.073669433593750 3800000
0.072082519531250 3799963
0.067260742187500 3800036
0.062011718750000 3800000
0.000000000000000 3799963
0.071777343750000 3665778
0.067260742187500 3800036
0.067932128906250 3800000
0.062988281250000 3800000
0.070007324218750 3799963
0.065856933593750 3800036
0.070800781250000 3800000
0.070922851562500 3795479
0.063842773437500 3798529
0.068298339843750 3795209
0.060729980468750 3785464
0.070129394531250 3787896
0.071472167968750 3799963
0.067077636718750 3800036
0.073608398437500 3800000
0.000000000000000 3799963
0.071899414062500 3800036
0.069091796875000 3799963
0.068847656250000 3800000
0.068359375000000 3800000
0.073364257812500 3786081
0.070007324218750 3792422
0.073059082031250 3800072
0.068298339843750 3799963
0.069519042968750 3799963
0.069213867187500 3800036
0.071105957031250 3799963
0.063598632812500 3797622
0.000000000000000 3783333
0.066833496093750 3797395
0.060913085937500 3799963
0.073730468750000 3800036
0.070678710937500 3796468
0.070800781250000 3800000
0.066589355468750 3799963
0.070556640625000 3800036
0.071350097656250 3799963
0.071350097656250 3800000
0.069885253906250 3800000
0.070617675781250 3800036
0.060302734375000 3800000
0.000000000000000 3790358
0.070800781250000 3800000
0.071044921875000 3799158
0.068298339843750 3786821
0.066284179687500 3800000
0.071777343750000 3799927
0.072265625000000 3800036
0.070312500000000 3800036
0.069702148437500 3799963
0.072326660156250 3800036
0.069763183593750 3793105
0.068420410156250 3799963
0.061584472656250 3800000
0.000000000000000 3790376
0.071716308593750 3787374
0.072082519531250 3794556
0.067321777343750 3800000
0.060363769531250 3800000
0.070800781250000 3800000
0.071166992187500 3796556
0.074462890625000 3798317
0.067932128906250 3800000
0.058715820312500 3800000
0.070190429687500 3798845
0.062866210937500 3783297
0.071044921875000 3786136
0.069335937500000 3800000
0.068725585937500 3795715
0.061401367187500 3790369
0.068908691406250 3792636
0.000000000000000 3800036
0.071105957031250 3799267
0.070922851562500 3793762
0.070678710937500 3800000
0.070739746093750 3800036
0.067565917968750 3799963
0.060729980468750 3800036
0.073608398437500 3800000
0.070495605468750 3796558
0.058532714843750 3800036
0.068969726562500 3799963
0.072753906250000 3799891
0.070678710937500 3800144
0.058532714843750 3800000
0.061157226562500 3800000
0.071533203125000 3788964
0.068298339843750 3793571
0.061157226562500 3799963
0.000000000000000 3800000
0.073791503906250 3800036
0.069946289062500 3799963
0.059143066406250 3800036
0.071533203125000 3800000
0.072265625000000 3799963
0.069335937500000 3800036
0.061645507812500 3800000
0.071166992187500 3799963
0.069458007812500 3800036
0.066955566406250 3793102
0.070800781250000 3793047
0.071472167968750 3800036
0.000000000000000 3799962
0.071716308593750 3800000
0.070190429687500 3800036
0.072204589843750 3785109
0.066772460937500 3790111
0.070739746093750 3800036
0.072387695312500 3791718
0.070556640625000 3783369
0.070556640625000 3793483
0.071350097656250 3799963
0.000000000000000 3795295
0.066711425781250 3797787
0.068908691406250 3792661
0.063354492187500 3800036
0.069519042968750 3800000
0.061035156250000 3800000
0.071472167968750 3797639
0.070617675781250 3783369
0.070007324218750 3783334
0.070068359375000 3790000
0.071350097656250 3800000
0.060241699218750 3800000
0.059143066406250 3800000
0.070434570312500 3800000
0.072326660156250 3799963
0.069458007812500 3800036
0.072082519531250 3799963
0.000000000000000 3800000
0.068298339843750 3800036
0.070251464843750 3800000
0.070129394531250 3799963
0.069824218750000 3800036
0.070617675781250 3800000
0.071899414062500 3800000
0.069580078125000 3791356
0.057800292968750 3794659
0.061584472656250 3796628
0.071533203125000 3786034
0.068237304687500 3797793
0.070129394531250 3802243
0.066955566406250 3799963
0.071350097656250 3800036
0.000000000000000 3800000
0.072143554687500 3800000
0.067993164062500 3800000
0.058288574218750 3800000
0.072326660156250 3799927
0.070495605468750 3800036
0.068176269531250 3800000
0.070983886718750 3800000
0.069824218750000 3800000
0.060913085937500 3800036
0.072998046875000 3800000
0.068176269531250 3799963
0.070861816406250 3800036
0.070800781250000 3800000
0.000000000000000 3800000
0.070495605468750 3800000
0.067138671875000 3799660
0.070251464843750 3789675
0.070678710937500 3798033
0.071350097656250 3798565
0.071166992187500 3800000
0.068359375000000 3800000
0.069946289062500 3799963
0.071533203125000 3800036
0.065612792968750 3796566
0.061584472656250 3799963
0.071960449218750 3798175
0.000000000000000 3783367
0.072204589843750 3793918
0.070617675781250 3800000
0.058898925781250 3796602
0.069274902343750 3799963
0.072082519531250 3800036
0.073730468750000 3800000
0.067504882812500 3799963
0.061096191406250 3800036
0.072021484375000 3786129
0.062316894531250 3800000
0.058776855468750 3800000
0.070495605468750 3800000
0.071472167968750 3799927
0.067871093750000 3800036
0.073242187500000 3800036
0.000000000000000 3799963
0.069091796875000 3799011
0.062988281250000 3797548
0.081665039062500 3800000
0.063415527343750 3794821
0.058288574218750 3794669
0.065368652343750 3800000
0.068969726562500 3800000
0.071228027343750 3800000
0.072814941406250 3796574
0.069030761718750 3800000
0.071105957031250 3800000
0.066406250000000 3799963
0.071105957031250 3800036
0.000000000000000 3800000
0.072387695312500 3800000
0.071960449218750 3800000
0.069458007812500 3799963
0.066467285156250 3798481
0.062438964843750 3783604
0.070495605468750 3800036
0.070373535156250 3799927
0.067199707031250 3800036
0.073059082031250 3800000
0.073974609375000 3799963
0.069702148437500 3800036
0.067626953125000 3786118
0.000000000000000 3800000
0.066833496093750 3800036
0.063781738281250 3799963
0.070800781250000 3787853
0.071044921875000 3794506
0.070373535156250 3800036
0.066528320312500 3799963
0.062561035156250 3800036
0.071533203125000 3800000
0.061035156250000 3800000
0.068237304687500 3800000
0.073425292968750 3800000
0.072631835937500 3799927
0.071472167968750 3800072
0.000000000000000 3800000
0.130065917968750 3799963
0.000000000000000 3800036
0.072204589843750 3800000
0.071472167968750 3800000
0.072204589843750 3800000
0.068603515625000 3800000
0.071472167968750 3794515
0.072448730468750 3785852
0.069030761718750 3795418
0.068725585937500 3799963
0.069946289062500 3800036
0.000000000000000 3796567
0.074157714843750 3800000
0.068115234375000 3800000
0.068908691406250 3800000
0.072631835937500 3800000
0.068298339843750 3800000
0.060485839843750 3800000
0.070129394531250 3800000
0.062011718750000 3792036
0.069335937500000 3790514
0.060729980468750 3800000
0.073303222656250 3796574
0.069458007812500 3795207
0.070617675781250 3797856
0.070251464843750 3800000
0.000000000000000 3800000
0.071838378906250 3800000
0.070068359375000 3800000
0.068847656250000 3799963
0.058593750000000 3800000
0.072204589843750 3800036
0.072265625000000 3799963
0.067321777343750 3800036
0.067077636718750 3800000
0.070678710937500 3800000
0.072265625000000 3800000
0.070312500000000 3800000
0.068176269531250 3800000
0.201660156250000 3792366
0.000000000000000 3800000
0.069763183593750 3800000
0.067749023437500 3784432
0.060974121093750 3798242
0.070495605468750 3800036
0.060913085937500 3800000
0.067077636718750 3800000
0.061462402343750 3800036
0.070495605468750 3799963
0.070800781250000 3799963
0.068847656250000 3795738
0.067565917968750 3786885
0.072692871093750 3799963
0.070861816406250 3800036
0.071350097656250 3800036
0.069824218750000 3799963
0.000000000000000 3800000
0.068725585937500 3798173
0.070251464843750 3791472
0.072570800781250 3800000
0.070251464843750 3799963
0.068725585937500 3800036
0.059265136718750 3800000
0.070556640625000 3800000
0.070861816406250 3800000
0.071289062500000 3800000
0.068542480468750 3800000
0.060058593750000 3800000
0.070861816406250 3799963
0.073181152343750 3800036
0.000000000000000 3797361
0.127502441406250 3799963
0.000000000000000 3800036
0.070007324218750 3800000
0.071105957031250 3799963
0.066955566406250 3800036
0.071899414062500 3799963
0.063110351562500 3800036
0.069152832031250 3800036
0.069335937500000 3799963
0.069580078125000 3800000
0.062805175781250 3800000
0.068786621093750 3800000
0.068298339843750 3800000
0.071350097656250 3799963
0.073059082031250 3800036
0.061645507812500 3800000
0.000000000000000 3800000
0.066284179687500 3800000
0.070983886718750 3800000
0.070251464843750 3800000
0.072265625000000 3799891
0.068603515625000 3800108
0.058715820312500 3800000
0.073120117187500 3799891
0.071716308593750 3800108
0.061645507812500 3790602
0.067565917968750 3802243
0.061035156250000 3799963
0.070983886718750 3800036
0.070190429687500 3790957
0.058410644531250 3787826
0.071411132812500 3800036
0.072875976562500 3800000
0.000000000000000 3799963
0.068908691406250 3800036
0.062011718750000 3800000
0.070800781250000 3800000
0.060913085937500 3800000
0.067504882812500 3799963
0.072082519531250 3800036
0.073120117187500 3800000
0.071899414062500 3799963
0.068298339843750 3792723
0.067138671875000 3800036
0.063842773437500 3799927
0.059936523437500 3800036
0.061035156250000 3800000
0.070495605468750 3800000
0.070007324218750 3799963
0.066223144531250 3793144
0.061889648437500 3799978
0.071411132812500 3799963
0.072021484375000 3800036
0.061340332031250 3800000
0.000000000000000 3799963
0.067138671875000 3800072
0.070190429687500 3799963
0.070312500000000 3796566
0.069458007812500 3800036
0.058410644531250 3800000
0.061523437500000 3793015
0.070007324218750 3799992
0.070922851562500 3798580
0.071044921875000 3797960
0.067382812500000 3800036
0.061767578125000 3800000
0.070678710937500 3800000
0.069641113281250 3800000
0.070922851562500 3800000
0.070251464843750 3800000
0.000000000000000 3799963
0.071533203125000 3800036
0.068603515625000 3792467
0.071899414062500 3783298
0.069213867187500 3792269
0.068359375000000 3800000
0.069641113281250 3799963
0.073486328125000 3800036
0.060424804687500 3800000
0.071289062500000 3800000
0.071960449218750 3799963
0.069030761718750 3800000
0.059326171875000 3800036
0.070068359375000 3800000
0.000000000000000 3800000
0.072631835937500 3798423
0.068908691406250 3794676
0.065673828125000 3799963
0.062072753906250 3800000
0.072509765625000 3800000
0.069152832031250 3800000
0.068969726562500 3800000
0.062683105468750 3800000
0.068786621093750 3799781
0.060668945312500 3783367
0.067321777343750 3795582
0.070861816406250 3799963
0.072875976562500 3800036
0.067199707031250 3799963
0.059692382812500 3800036
0.070190429687500 3800000
0.071289062500000 3800000
0.000000000000000 3800000
0.071838378906250 3799963
0.072143554687500 3800036
0.068725585937500 3800000
0.069396972656250 3799963
0.063354492187500 3800036
0.071289062500000 3800000
0.070678710937500 3799963
0.065612792968750 3800036
0.070800781250000 3800000
0.073547363281250 3799963
0.069030761718750 3800036
0.061157226562500 3799963
0.000000000000000 3800000
0.128601074218750 3800036
0.000000000000000 3800000
0.071533203125000 3800000
0.070190429687500 3800000
0.069030761718750 3799927
0.072570800781250 3800000
0.072875976562500 3800072
0.069335937500000 3800036
0.070739746093750 3799963
0.072692871093750 3800000
0.069519042968750 3800000
0.000000000000000 3800000
0.070007324218750 3800000
0.070190429687500 3799963
0.070312500000000 3800036
0.068420410156250 3799963
0.058654785156250 3800072
0.070617675781250 3799963
0.073486328125000 3800000
0.071228027343750 3799963
0.058349609375000 3800036
0.070251464843750 3799963
0.071166992187500 3800036
0.069152832031250 3800000
0.067810058593750 3800000
0.061645507812500 3800000
0.071838378906250 3800000
0.061279296875000 3799963
0.000000000000000 3800036
0.072021484375000 3800000
0.070373535156250 3799963
0.071594238281250 3800036
0.068176269531250 3800000
0.069946289062500 3799963
0.068969726562500 3800036
0.059448242187500 3800000
0.069152832031250 3799963
0.070800781250000 3800036
0.072937011718750 3800000
0.070739746093750 3799963
0.069091796875000 3800000
0.000000000000000 3800036
0.070129394531250 3799963
0.070678710937500 3800037
0.073242187500000 3799891
0.060913085937500 3800108
0.071166992187500 3800000
0.069030761718750 3799963
0.070495605468750 3800000
0.072509765625000 3800036
0.070190429687500 3800000
0.070251464843750 3800000
0.000000000000000 3800000
0.068786621093750 3800000
0.074035644531250 3800000
0.071228027343750 3800000
0.068115234375000 3799927
0.070434570312500 3800036
0.070434570312500 3800036
0.071655273437500 3799963
0.070861816406250 3800036
0.070922851562500 3800000
0.000000000000000 3800000
0.129516601562500 3799963
0.000000000000000 3800036
0.070007324218750 3800000
0.071350097656250 3799963
0.070312500000000 3800036
0.067626953125000 3800000
0.060974121093750 3800000
0.071472167968750 3800000
0.071105957031250 3800000
0.066528320312500 3799963
0.060180664062500 3800036
0.071411132812500 3800000
0.072631835937500 3799963
0.070983886718750 3800036
0.000000000000000 3796513
0.069885253906250 3800036
0.072143554687500 3800000
0.069274902343750 3799963
0.070373535156250 3800036
0.071044921875000 3794413
0.072814941406250 3798570
0.071533203125000 3800036
0.066345214843750 3799927
0.069763183593750 3800072
0.072570800781250 3800000
0.000000000000000 3800000
0.071411132812500 3800000
0.071228027343750 3800000
0.068359375000000 3800000
0.070800781250000 3799963
0.069458007812500 3800036
0.061218261718750 3800000
0.071533203125000 3800000
0.061279296875000 3800000
0.073242187500000 3800000
0.068664550781250 3799963
0.067626953125000 3800036
0.070861816406250 3800000
0.062866210937500 3799963
0.069824218750000 3800036
0.000000000000000 3800000
0.068359375000000 3799963
0.069152832031250 3800036
0.069335937500000 3800000
0.071899414062500 3800000
0.068725585937500 3800000
0.060119628906250 3799869
0.066589355468750 3796536
0.072509765625000 3799963
0.074035644531250 3800036
0.070434570312500 3800000
0.069763183593750 3797459
0.066345214843750 3795438
0.000000000000000 3800000
0.070861816406250 3800000
0.071228027343750 3800000
0.071166992187500 3799963
0.071655273437500 3800036
0.066345214843750 3799963
0.062622070312500 3796576
0.070922851562500 3800000
0.061767578125000 3799963
0.067138671875000 3800036
0.071228027343750 3799963
0.071228027343750 3789672
0.071289062500000 3799963
0.060852050781250 3800000
0.066772460937500 3791579
0.062316894531250 3794630
0.071044921875000 3800036
0.000000000000000 3799963
0.069763183593750 3800036
0.069274902343750 3800000
0.063781738281250 3799963
0.068298339843750 3800036
0.070983886718750 3796582
0.069885253906250 3793612
0.071350097656250 3784910
0.070251464843750 3788807
0.066772460937500 3793326
0.073059082031250 3800000
0.069580078125000 3799963
0.000000000000000 3800036
0.072631835937500 3800000
0.067993164062500 3799963
0.067687988281250 3800036
0.072692871093750 3800000
0.071350097656250 3799963
0.072509765625000 3800036
0.071411132812500 3800000
0.067077636718750 3800000
0.071228027343750 3800000
0.071960449218750 3800000
0.000000000000000 3799963
0.069213867187500 3796403
0.070678710937500 3800036
0.058227539062500 3800000
0.071105957031250 3800000
0.073059082031250 3799963
0.070434570312500 3798268
0.067626953125000 3787763
0.071533203125000 3797132
0.071655273437500 3783333
0.068298339843750 3794877
0.071044921875000 3799963
0.000000000000000 3800036
0.072021484375000 3800000
0.070312500000000 3800000
0.058288574218750 3800000
0.072082519531250 3799963
0.068847656250000 3800000
0.071960449218750 3800036
0.072021484375000 3786734
0.071350097656250 3788432
0.066406250000000 3800000
0.068725585937500 3799963
0.070312500000000 3785783
0.072570800781250 3800000
0.000000000000000 3799963
0.070861816406250 3800036
0.068725585937500 3800000
0.069702148437500 3800000
0.072570800781250 3800000
0.067199707031250 3800000
0.067077636718750 3800000
0.072204589843750 3800000
0.071044921875000 3795393
0.072448730468750 3788669
0.070251464843750 3790618
0.059753417968750 3794519
0.000000000000000 3787391
0.070373535156250 3800000
0.063903808593750 3799891
0.068481445312500 3800072
0.067932128906250 3799889
0.070678710937500 3792763
0.071044921875000 3799963
0.062561035156250 3800036
0.068054199218750 3800036
0.059753417968750 3799963
0.070495605468750 3800000
0.071472167968750 3800000
0.067077636718750 3799963
0.069763183593750 3800000
0.072021484375000 3799963
0.067871093750000 3795623
0.000000000000000 3797511
0.070434570312500 3800000
0.072692871093750 3800072
0.072204589843750 3799963
0.069030761718750 3800072
0.061279296875000 3799963
0.072753906250000 3800000
0.069519042968750 3800000
0.067810058593750 3800000
0.070373535156250 3800000
0.062683105468750 3800000
0.070983886718750 3800000
0.070983886718750 3800000
0.000000000000000 3800000
0.068786621093750 3800000
0.069824218750000 3799963
0.063049316406250 3800036
0.070495605468750 3800000
0.068359375000000 3799963
0.070861816406250 3800036
0.073364257812500 3799963
0.069519042968750 3800036
0.066040039062500 3800000
0.069824218750000 3799963
0.071289062500000 3800000
0.070617675781250 3800036
0.000000000000000 3799963
0.070983886718750 3799963
0.070617675781250 3800072
0.069030761718750 3800000
0.070373535156250 3799963
0.071960449218750 3796615
0.068176269531250 3799963
0.067504882812500 3800036
0.073181152343750 3800000
0.069335937500000 3800000
0.070068359375000 3800000
0.000000000000000 3800000
0.067138671875000 3800000
0.062072753906250 3799927
0.071533203125000 3800072
0.070129394531250 3800000
0.070007324218750 3800000
0.058898925781250 3800000
0.072692871093750 3800000
0.071044921875000 3799963
0.071289062500000 3800036
0.066345214843750 3800000
0.063171386718750 3800000
0.069030761718750 3800000
0.060729980468750 3789403
0.067138671875000 3800000
0.070678710937500 3800000
0.074340820312500 3800000
0.000000000000000 3800000
0.071594238281250 3799963
0.068969726562500 3800036
0.068603515625000 3800000
0.071960449218750 3800000
0.068786621093750 3800000
0.059020996093750 3800000
0.071289062500000 3799963
0.071044921875000 3800036
0.062316894531250 3800000
0.066894531250000 3799963
0.069641113281250 3800036
0.072326660156250 3800000
0.061096191406250 3800000
0.068298339843750 3800000
0.070983886718750 3800000
0.000000000000000 3799240
0.070434570312500 3792485
0.070434570312500 3798469
0.062988281250000 3796628
0.069396972656250 3800000
0.067871093750000 3795796
0.069519042968750 3795904
0.073120117187500 3800000
0.062438964843750 3799963
0.069580078125000 3800036
0.069580078125000 3800000
0.070739746093750 3800000
0.072143554687500 3794444
0.000000000000000 3794741
0.066955566406250 3800000
0.070251464843750 3789657
0.072509765625000 3800000
0.069458007812500 3800000
0.061035156250000 3800000
0.071411132812500 3800000
0.061462402343750 3800000
0.066833496093750 3799963
0.071777343750000 3800036
0.070068359375000 3800000
0.070129394531250 3799963
0.071960449218750 3800036
0.072265625000000 3800000
0.000000000000000 3799963
0.068603515625000 3800036
0.070129394531250 3800000
0.062927246093750 3797865
0.068969726562500 3802099
0.062622070312500 3799927
0.072753906250000 3800108
0.070129394531250 3799963
0.068603515625000 3799927
0.061645507812500 3800108
0.071166992187500 3800000
0.067260742187500 3799963
0.070678710937500 3800036
0.072753906250000 3800000
0.069641113281250 3799927
0.058654785156250 3800072
0.000000000000000 3800000
0.069641113281250 3799963
0.073181152343750 3800036
0.071411132812500 3800000
0.067626953125000 3800000
0.068481445312500 3799963
0.068664550781250 3800036
0.062683105468750 3800000
0.072631835937500 3800000
0.068420410156250 3799963
0.068176269531250 3800036
0.058471679687500 3800000
0.061889648437500 3799963
0.073974609375000 3800036
0.068969726562500 3793106
0.061340332031250 3796531
0.000000000000000 3796440
0.072509765625000 3800072
0.070434570312500 3800000
0.058593750000000 3789675
0.069824218750000 3800000
0.070434570312500 3800036
0.069213867187500 3800000
0.072570800781250 3799963
0.070434570312500 3790720
0.069824218750000 3783334
0.072448730468750 3790834
0.070922851562500 3800000
0.069213867187500 3800036
0.000000000000000 3789049
0.066284179687500 3800072
0.073669433593750 3799927
0.074096679687500 3800036
0.067932128906250 3800000
0.058654785156250 3799963
0.067504882812500 3798076
0.061279296875000 3783336
0.071899414062500 3788446
0.070983886718750 3791932
0.069946289062500 3787854
0.070739746093750 3783722
0.071777343750000 3800036
0.068237304687500 3800000
0.000000000000000 3795753
0.068115234375000 3783365
0.070495605468750 3783337
0.072204589843750 3783295
0.073730468750000 3796567
0.068115234375000 3800000
0.067626953125000 3792997
0.070190429687500 3800000
0.072509765625000 3800000
0.068664550781250 3799963
0.071350097656250 3792014
0.000000000000000 3800000
0.073364257812500 3799963
0.066528320312500 3800036
0.062683105468750 3800000
0.069580078125000 3800000
0.069396972656250 3800000
0.070922851562500 3799963
0.061645507812500 3800036
0.071289062500000 3800000
0.071472167968750 3793655
0.069824218750000 3790334
0.066894531250000 3797535
0.061828613281250 3797508
0.071350097656250 3799963
0.070922851562500 3800072
0.000000000000000 3798163
0.071289062500000 3800000
0.066711425781250 3797566
0.071899414062500 3791680
0.070983886718750 3800036
0.069335937500000 3800036
0.067077636718750 3799963
0.061279296875000 3800000
0.071289062500000 3800000
0.060546875000000 3799963
0.068969726562500 3800036
0.069458007812500 3799927
0.062927246093750 3800036
0.069091796875000 3800036
0.061218261718750 3799927
0.065795898437500 3800036
0.062500000000000 3800000
0.072509765625000 3800036
0.000000000000000 3800000
0.073486328125000 3800000
0.065246582031250 3800000
0.066040039062500 3800000
0.060974121093750 3800000
0.072326660156250 3799963
0.064941406250000 3800036
0.074951171875000 3800000
0.065002441406250 3799963
0.066955566406250 3800036
0.067443847656250 3800000
0.064270019531250 3800036
0.075012207031250 3794824
0.071533203125000 3783955
0.067077636718750 3800000
0.067871093750000 3800000
0.000000000000000 3799963
0.074096679687500 3800036
0.071960449218750 3800000
0.070312500000000 3799963
0.062500000000000 3800036
0.073181152343750 3800000
0.065551757812500 3799963
0.069152832031250 3800036
0.058044433593750 3800000
0.065002441406250 3799963
0.068664550781250 3800036
0.068054199218750 3800000
0.072326660156250 3799963
0.066589355468750 3800036
0.070617675781250 3800000
0.000000000000000 3800000
0.071716308593750 3783441
0.069580078125000 3798348
0.068786621093750 3799963
0.072265625000000 3800036
0.072204589843750 3799963
0.071655273437500 3796098
0.069519042968750 3800000
0.057983398437500 3799963
0.060852050781250 3800000
0.070312500000000 3796982
0.060913085937500 3799963
0.060424804687500 3799688
0.071716308593750 3796943
0.070434570312500 3799963
0.067321777343750 3800036
0.062683105468750 3799963
0.069702148437500 3800036
0.000000000000000 3800000
0.071960449218750 3799963
0.070556640625000 3800036
0.059448242187500 3800036
0.071838378906250 3799927
0.072937011718750 3800036
0.071838378906250 3800000
0.067260742187500 3799963
0.061157226562500 3800000
0.069396972656250 3800036
0.071838378906250 3800000
0.066406250000000 3800000
0.062500000000000 3800000
0.073852539062500 3799963
0.069091796875000 3800036
0.058654785156250 3799963
0.000000000000000 3800036
0.069274902343750 3799963
0.072143554687500 3800036
0.069030761718750 3799963
0.071594238281250 3800000
0.068969726562500 3800036
0.059082031250000 3800000
0.072326660156250 3800000
0.068359375000000 3800000
0.070983886718750 3800000
0.067810058593750 3800000
0.059936523437500 3800000
0.061035156250000 3800000
0.063171386718750 3799963
0.069946289062500 3800036
0.059387207031250 3800000
0.060180664062500 3800000
0.073547363281250 3800000
0.073852539062500 3800000
0.066528320312500 3800000
0.062194824218750 3800000
0.066772460937500 3800000
0.000000000000000 3799963
0.072387695312500 3800000
0.069702148437500 3800036
0.058959960937500 3800000
0.070861816406250 3800000
0.073730468750000 3799963
0.069152832031250 3800036
0.068603515625000 3800000
0.070800781250000 3799963
0.061706542968750 3800000
0.058349609375000 3800036
0.071655273437500 3799891
0.061401367187500 3800108
0.072326660156250 3800000
0.072448730468750 3800000
0.071411132812500 3800000
0.064941406250000 3800036
0.060668945312500 3799927
0.000000000000000 3800036
0.072570800781250 3800000
0.070190429687500 3799963
0.068481445312500 3800036
0.070861816406250 3800000
0.062561035156250 3799963
0.069030761718750 3800000
0.069641113281250 3800000
0.066711425781250 3800000
0.070007324218750 3800000
0.074157714843750 3800036
0.069335937500000 3799963
0.000000000000000 3800036
0.070983886718750 3799963
0.068847656250000 3800036
0.060180664062500 3799963
0.071960449218750 3800036
0.070678710937500 3799963
0.067932128906250 3800036
0.071228027343750 3800000
0.074340820312500 3799963
0.070617675781250 3800000
0.059020996093750 3800036
0.068176269531250 3796223
0.064208984375000 3800000
0.067565917968750 3800037
0.069519042968750 3799963
0.000000000000000 3789585
0.071228027343750 3800000
0.069885253906250 3799963
0.061889648437500 3800036
0.072326660156250 3789670
0.069946289062500 3800000
0.067993164062500 3800000
0.059448242187500 3799963
0.071350097656250 3800036
0.071960449218750 3800000
0.069213867187500 3799963
0.069946289062500 3800036
0.058837890625000 3800000
0.070312500000000 3799963
0.072021484375000 3800036
0.069885253906250 3800000
0.000000000000000 3800000
0.071350097656250 3800000
0.070556640625000 3799524
0.073852539062500 3793922
0.068664550781250 3800036
0.067138671875000 3784743
0.062805175781250 3797950
0.070373535156250 3799963
0.066955566406250 3800036
0.069763183593750 3800000
0.064086914062500 3800000
0.069335937500000 3800000
0.068420410156250 3799963
0.061828613281250 3800036
0.069702148437500 3800000
0.062194824218750 3799963
0.000000000000000 3796742
0.067565917968750 3799899
0.071472167968750 3800000
0.070190429687500 3800000
0.061523437500000 3796688
0.067382812500000 3783294
0.072204589843750 3783369
0.068115234375000 3794231
0.066345214843750 3799963
0.061096191406250 3800036
0.072570800781250 3800000
0.072509765625000 3799963
0.070007324218750 3800036
0.060485839843750 3800000
0.072204589843750 3800000
0.071044921875000 3800000
0.000000000000000 3799963
0.070922851562500 3800036
0.069519042968750 3800000
0.071899414062500 3800000
0.071350097656250 3800000
0.068969726562500 3800000
0.070556640625000 3799963
0.070983886718750 3800036
0.072692871093750 3800000
0.065124511718750 3799963
0.069458007812500 3800072
0.000000000000000 3799927
0.072265625000000 3800036
0.073120117187500 3799927
0.068481445312500 3800036
0.070251464843750 3800036
0.070495605468750 3800000
0.062133789062500 3799963
0.070190429687500 3796601
0.072814941406250 3800036
0.066406250000000 3799963
0.070312500000000 3800072
0.072021484375000 3799963
0.000000000000000 3800000
0.070190429687500 3800000
0.067260742187500 3800000
0.071411132812500 3800000
0.073120117187500 3799927
0.067565917968750 3800072
0.067871093750000 3800000
0.070983886718750 3800000
0.073730468750000 3800000
0.070678710937500 3800000
0.068908691406250 3800000
0.000000000000000 3800000
0.069702148437500 3800000
0.068786621093750 3800000
0.064147949218750 3800000
0.063720703125000 3800000
0.069396972656250 3800000
0.071716308593750 3800000
0.070739746093750 3800000
0.061096191406250 3800000
0.072814941406250 3800000
0.069763183593750 3800000
0.067138671875000 3800036
0.061096191406250 3799886
0.072326660156250 3800072
0.071594238281250 3800000
0.000000000000000 3800000
0.071350097656250 3799963
0.071777343750000 3793217
0.060913085937500 3800036
0.068847656250000 3800000
0.069885253906250 3800000
0.069702148437500 3800000
0.062744140625000 3800000
0.066589355468750 3799963
0.057617187500000 3800036
0.070251464843750 3799963
0.072265625000000 3800036
0.063476562500000 3800000
0.067810058593750 3800000
0.069335937500000 3799963
0.069091796875000 3800036
0.069396972656250 3794774
0.000000000000000 3798525
0.070373535156250 3800000
0.072998046875000 3800000
0.074645996093750 3800000
0.068481445312500 3799185
0.061340332031250 3797389
0.067810058593750 3787380
0.069519042968750 3783370
0.071350097656250 3797756
0.061218261718750 3800000
0.067077636718750 3799927
0.069702148437500 3800072
0.073181152343750 3800036
0.069335937500000 3799963
0.061340332031250 3800000
0.000000000000000 3800000
0.067810058593750 3799963
0.068725585937500 3789861
0.072448730468750 3783332
0.071594238281250 3799058
0.071472167968750 3800036
0.068054199218750 3799963
0.071350097656250 3799963
0.070861816406250 3800036
0.067443847656250 3800000
0.072387695312500 3800000
0.000000000000000 3800000
0.073059082031250 3800000
0.068115234375000 3799963
0.058715820312500 3800000
0.073425292968750 3800036
0.069152832031250 3800000
0.061340332031250 3800000
0.067504882812500 3800000
0.070678710937500 3800000
0.074157714843750 3800000
0.070556640625000 3799927
0.071105957031250 3800072
0.068054199218750 3800000
0.070861816406250 3800000
0.000000000000000 3800000
0.070922851562500 3800000
0.071411132812500 3800000
0.062011718750000 3800000
0.066284179687500 3800000
0.062927246093750 3800000
0.067382812500000 3800000
0.069824218750000 3800000
0.069580078125000 3799963
0.062988281250000 3800036
0.071533203125000 3800000
0.071166992187500 3799963
0.058837890625000 3800036
0.070556640625000 3800000
0.071289062500000 3799963
0.070068359375000 3800000
0.068786621093750 3800000
0.000000000000000 3799962
0.072387695312500 3800072
0.072021484375000 3800000
0.071899414062500 3799963
0.068908691406250 3800036
0.068542480468750 3800000
0.072448730468750 3800000
0.071838378906250 3800000
0.070373535156250 3800000
0.067810058593750 3800000
0.062438964843750 3800000
0.000000000000000 3799963
0.067932128906250 3800036
0.069763183593750 3799855
0.070617675781250 3800144
0.070312500000000 3800036
0.058532714843750 3799927
0.073181152343750 3800072
0.072998046875000 3799963
0.069213867187500 3799963
0.070678710937500 3800036
0.065612792968750 3799963
0.062438964843750 3800000
0.071838378906250 3800036
0.070312500000000 3800000
0.060668945312500 3799963
0.000000000000000 3800036
0.072875976562500 3800000
0.070800781250000 3799963
0.066284179687500 3800036
0.062194824218750 3799963
0.071228027343750 3800036
0.070800781250000 3800000
0.066650390625000 3799963
0.070739746093750 3800036
0.072143554687500 3800000
0.059936523437500 3799963
0.070007324218750 3800036
0.070434570312500 3800000
0.069702148437500 3800000
0.066528320312500 3799963
0.000000000000000 3800000
0.072326660156250 3800036
0.074218750000000 3800000
0.070434570312500 3800000
0.062561035156250 3799963
0.068176269531250 3800036
0.071716308593750 3800000
0.067321777343750 3799963
0.062988281250000 3800036
0.069641113281250 3800000
0.072448730468750 3799963
0.069030761718750 3800036
0.069885253906250 3799963
0.062622070312500 3800000
0.000000000000000 3800036
0.072082519531250 3799963
0.066772460937500 3800036
0.068054199218750 3799963
0.064575195312500 3800036
0.069396972656250 3800000
0.068054199218750 3799963
0.071105957031250 3800036
0.070434570312500 3800000
0.071105957031250 3799963
0.072082519531250 3800000
0.060791015625000 3800036
0.068603515625000 3800000
0.070922851562500 3800036
0.062622070312500 3799963
0.000000000000000 3800000
0.132202148437500 3799963
0.000000000000000 3800000
0.066589355468750 3800036
0.062011718750000 3799963
0.071594238281250 3800036
0.070861816406250 3800000
0.069213867187500 3800000
0.070251464843750 3800000
0.071411132812500 3800000
0.068725585937500 3800000
0.060974121093750 3799963
0.070983886718750 3800072
0.070861816406250 3799963
0.067504882812500 3800000
0.070556640625000 3800000
0.065795898437500 3800000
0.000000000000000 3800000
0.070312500000000 3799927
0.068725585937500 3800072
0.069519042968750 3800000
0.062438964843750 3799927
0.069335937500000 3800072
0.058776855468750 3800000
0.071899414062500 3799963
0.070251464843750 3799963
0.071533203125000 3800072
0.070678710937500 3800000
0.058227539062500 3800000
0.071044921875000 3800000
0.071533203125000 3800000
0.067687988281250 3799963
0.000000000000000 3800036
0.070983886718750 3799963
0.069763183593750 3800036
0.070312500000000 3800000
0.071655273437500 3799963
0.070556640625000 3800036
0.067687988281250 3800000
0.072204589843750 3799963
0.070434570312500 3800000
0.071105957031250 3800036
0.070129394531250 3799963
0.066955566406250 3800036
0.000000000000000 3797938
0.069274902343750 3802062
0.071777343750000 3799963
0.061889648437500 3800036
0.068664550781250 3800000
0.070556640625000 3800000
0.070983886718750 3799963
0.070495605468750 3800036
0.071899414062500 3800000
0.067565917968750 3799963
0.072692871093750 3800000
0.071655273437500 3800036
0.000000000000000 3800000
0.072998046875000 3800000
0.066955566406250 3800000
0.070373535156250 3800000
0.070617675781250 3788764
0.072204589843750 3790780
0.061096191406250 3800000
0.071228027343750 3800000
0.072998046875000 3800000
0.068359375000000 3800000
0.061645507812500 3800036
0.070129394531250 3799963
0.000000000000000 3800000
0.072509765625000 3799963
0.070434570312500 3799963
0.072448730468750 3800072
0.068664550781250 3800000
0.069763183593750 3792979
0.070190429687500 3793194
0.067016601562500 3800000
0.060607910156250 3799963
0.072387695312500 3800036
0.070312500000000 3800000
0.071105957031250 3800036
0.000000000000000 3799927
0.067443847656250 3800036
0.069458007812500 3799963
0.072570800781250 3800000
0.070434570312500 3800000
0.071044921875000 3800036
0.208801269531250 3800000
0.000000000000000 3800000
0.071777343750000 3800000
0.072326660156250 3799927
0.067260742187500 3800036
0.069702148437500 3800036
0.070312500000000 3800000
0.071472167968750 3799963
0.061584472656250 3800072
0.066833496093750 3799963
0.070251464843750 3800000
0.072082519531250 3799963
0.061706542968750 3800036
0.067260742187500 3800000
0.060424804687500 3800000
0.072814941406250 3800000
0.000000000000000 3800000
0.067687988281250 3799963
0.070312500000000 3800036
0.062500000000000 3800000
0.069213867187500 3799963
0.058471679687500 3800000
0.073303222656250 3800036
0.068847656250000 3800000
0.071105957031250 3800000
0.068664550781250 3799963
0.059143066406250 3800000
0.061645507812500 3800036
0.072753906250000 3800000
0.070800781250000 3800000
0.070983886718750 3800000
0.068481445312500 3800000
0.070251464843750 3799963
0.062255859375000 3800036
0.071777343750000 3800000
0.060729980468750 3800000
0.000000000000000 3800036
0.067626953125000 3790292
0.069396972656250 3784101
0.071228027343750 3800036
0.071228027343750 3799927
0.066467285156250 3800072
0.071044921875000 3800000
0.072631835937500 3800000
0.067382812500000 3800036
0.070678710937500 3799963
0.074096679687500 3800000
0.000000000000000 3800000
0.067626953125000 3800000
0.071228027343750 3800000
0.071838378906250 3800000
0.074645996093750 3796185
0.067565917968750 3799963
0.059082031250000 3800036
0.070556640625000 3800000
0.071411132812500 3800000
0.062133789062500 3799963
0.065734863281250 3796023
0.072143554687500 3804017
0.068664550781250 3800000
0.071044921875000 3800000
0.059753417968750 3800000
0.000000000000000 3800000
0.072509765625000 3800000
0.071838378906250 3800000
0.070251464843750 3800000
0.069335937500000 3800000
0.069396972656250 3800000
0.073669433593750 3788547
0.070617675781250 3797299
0.063415527343750 3793009
0.070068359375000 3799963
0.067565917968750 3800036
0.060363769531250 3800000
0.071594238281250 3797103
0.062072753906250 3800000
0.066833496093750 3800000
0.000000000000000 3800036
0.069763183593750 3799963
0.071899414062500 3789815
0.070739746093750 3793672
0.068420410156250 3790669
0.068237304687500 3798785
0.069763183593750 3800000
0.069519042968750 3799963
0.063476562500000 3800000
0.066528320312500 3800000
0.061828613281250 3800000
0.074829101562500 3800036
0.071472167968750 3800000
0.071594238281250 3796135
0.000000000000000 3800036
0.066284179687500 3800000
0.071716308593750 3799927
0.071228027343750 3800072
0.073303222656250 3800000
0.071777343750000 3800000
0.066528320312500 3800000
0.071411132812500 3799927
0.072021484375000 3800072
0.070739746093750 3800000
0.000000000000000 3800000
0.070068359375000 3800000
0.072143554687500 3799963
0.072204589843750 3800036
0.068298339843750 3799927
0.071472167968750 3800036
0.070434570312500 3800036
0.070129394531250 3800000
0.061645507812500 3799963
0.071411132812500 3800036
0.068481445312500 3800000
0.068481445312500 3799963
0.063110351562500 3800036
0.060119628906250 3800000
0.066894531250000 3799963
0.069763183593750 3800036
0.062683105468750 3800036
0.000000000000000 3799927
0.127319335937500 3800036
0.000000000000000 3800000
0.072082519531250 3800000
0.068969726562500 3800036
0.071655273437500 3799963
0.069763183593750 3800000
0.058959960937500 3800000
0.070495605468750 3790307
0.062622070312500 3793914
0.069824218750000 3791100
0.071044921875000 3800000
0.071838378906250 3799927
0.068725585937500 3800072
0.066955566406250 3799963
0.070861816406250 3796636
0.063659667968750 3800000
0.000000000000000 3799963
0.071289062500000 3799963
0.072387695312500 3800072
0.058593750000000 3797332
0.069396972656250 3789315
0.071350097656250 3785194
0.069091796875000 3800000
0.059509277343750 3800000
0.071472167968750 3800000
0.071411132812500 3800000
0.068847656250000 3800000
0.072753906250000 3800000
0.063659667968750 3800000
0.068542480468750 3800000
0.060180664062500 3800000
0.070373535156250 3800000
0.069519042968750 3800036
0.059020996093750 3787522
0.000000000000000 3794452
0.071044921875000 3800000
0.071899414062500 3800000
0.069946289062500 3800000
0.059265136718750 3800000
0.070434570312500 3800000
0.072814941406250 3790892
0.069885253906250 3791089
0.068298339843750 3800000
0.060729980468750 3800000
0.062988281250000 3799963
0.069824218750000 3800036
0.072875976562500 3799963
0.071533203125000 3793035
0.059692382812500 3796415
0.071655273437500 3800036
0.000000000000000 3799963
0.070495605468750 3800000
0.067871093750000 3799927
0.060791015625000 3800108
0.063659667968750 3800036
0.068603515625000 3799963
0.061096191406250 3800000
0.073913574218750 3800000
0.060180664062500 3800000
0.065917968750000 3800000
0.069641113281250 3800000
0.070495605468750 3800036
0.069274902343750 3799963
0.070373535156250 3800000
0.072143554687500 3800000
0.071716308593750 3800000
0.069213867187500 3800000
0.000000000000000 3799963
0.068054199218750 3800000
0.061401367187500 3800036
0.069824218750000 3800000
0.071044921875000 3800000
0.067993164062500 3791237
0.069641113281250 3794517
0.069030761718750 3800000
0.070556640625000 3800036
0.071350097656250 3795756
0.072448730468750 3785350
0.068481445312500 3800000
0.067932128906250 3800000
0.000000000000000 3799963
0.071533203125000 3800036
0.074218750000000 3800000
0.069396972656250 3799963
0.069396972656250 3800036
0.069580078125000 3800000
0.072021484375000 3799963
0.068847656250000 3800036
0.071838378906250 3800000
0.073913574218750 3799963
0.066040039062500 3800036
0.057861328125000 3800000
0.000000000000000 3800000
0.070556640625000 3800000
0.072631835937500 3800000
0.071289062500000 3788462
0.065002441406250 3793758
0.062072753906250 3797684
0.073669433593750 3799963
0.069152832031250 3800036
0.067443847656250 3800000
0.068054199218750 3800000
0.071594238281250 3800000
0.071472167968750 3799963
0.072265625000000 3800036
0.000000000000000 3800000
0.071289062500000 3789277
0.060180664062500 3796305
0.070739746093750 3800000
0.072204589843750 3800000
0.071166992187500 3800000
0.067016601562500 3799963
0.069946289062500 3800036
0.071350097656250 3799963
0.062927246093750 3789369
0.066955566406250 3783336
0.062866210937500 3794122
0.071716308593750 3799963
0.062988281250000 3800036
0.069030761718750 3800000
0.069091796875000 3799963
0.000000000000000 3800000
0.073059082031250 3800036
0.068847656250000 3799963
0.071655273437500 3800000
0.068359375000000 3796697
0.070068359375000 3799963
0.062927246093750 3800036
0.068725585937500 3799963
0.069946289062500 3800036
0.070068359375000 3800000
0.059631347656250 3799963
0.068054199218750 3800036
0.073059082031250 3800000
0.069580078125000 3799891
0.000000000000000 3800108
0.069946289062500 3800000
0.067199707031250 3799963
0.070190429687500 3800036
0.072387695312500 3799927
0.070678710937500 3799684
0.068054199218750 3796229
0.071472167968750 3800072
0.070129394531250 3799927
0.070068359375000 3800072
0.060241699218750 3800000
0.058959960937500 3800000
0.069702148437500 3800000
0.070312500000000 3799927
0.070739746093750 3800036
0.000000000000000 3800036
0.069702148437500 3799891
0.070556640625000 3800108
0.068725585937500 3785299
0.068786621093750 3791164
0.069091796875000 3800036
0.069641113281250 3798022
0.070495605468750 3798542
0.071289062500000 3800036
0.070312500000000 3800000
0.069030761718750 3799963
0.000000000000000 3800036
0.072814941406250 3800036
0.070312500000000 3799927
0.070373535156250 3800036
0.071716308593750 3800000
0.060058593750000 3800000
0.072326660156250 3787799
0.067749023437500 3783333
0.070678710937500 3793503
0.071289062500000 3800036
0.070434570312500 3800000
0.059997558593750 3800000
0.066162109375000 3792984
0.073364257812500 3799963
0.000000000000000 3800036
0.069885253906250 3800036
0.071350097656250 3799963
0.067443847656250 3800000
0.061157226562500 3800000
0.070800781250000 3800000
0.069763183593750 3902266
0.075439453125000 4000000
0.080200195312500 4000000
0.079467773437500 4000038
0.076232910156250 4000000
0.077026367187500 3999961
0.075317382812500 4000039
0.000000000000000 4000000
0.078918457031250 3999923
0.078918457031250 4000114
0.075927734375000 3999961
0.077026367187500 3999961
0.076354980468750 4000000
0.078430175781250 4000038
0.075622558593750 3999961
0.078186035156250 4000000
0.077819824218750 4000038
0.076354980468750 3999961
0.067443847656250 4000000
0.076965332031250 4000038
0.000000000000000 4000000
0.078674316406250 3999961
0.075439453125000 4000000
0.079345703125000 4000000
0.073669433593750 4000000
0.076171875000000 4000038
0.075256347656250 3848768
0.079223632812500 4000038
0.077575683593750 4000000
0.077819824218750 4000000
0.078674316406250 4000000
0.077514648437500 4000000
0.079711914062500 4000000
0.000000000000000 3999961
0.076354980468750 4000000
0.075683593750000 4000038
0.079528808593750 3999961
0.077697753906250 4000076
0.078552246093750 3999885
0.077636718750000 4000076
0.076660156250000 3999961
0.077941894531250 4000038
0.077575683593750 4000000
0.076843261718750 3999961
0.076477050781250 4000000
0.000000000000000 4000039
0.076904296875000 3999961
0.076171875000000 4000038
0.079040527343750 4000000
0.079528808593750 4000000
0.074401855468750 4000000
0.078735351562500 4000000
0.075622558593750 4000000
0.077636718750000 4000000
0.075317382812500 4000000
0.081481933593750 4000000
0.000000000000000 4000000
0.078552246093750 4000000
0.077453613281250 4000000
0.077758789062500 4000000
0.075500488281250 4000000
0.079162597656250 4000000
0.077087402343750 4000000
0.075683593750000 4000000
0.079101562500000 3999961
0.074768066406250 4000038
0.069091796875000 3999923
0.075866699218750 4000076
0.068847656250000 3999961
0.075134277343750 4000000
0.076110839843750 4000038
0.081054687500000 4000000
0.000000000000000 3999961
0.076232910156250 4000038
0.077697753906250 3999961
0.076354980468750 4000038
0.078430175781250 4000000
0.074951171875000 3999961
0.077148437500000 4000000
0.080078125000000 4000038
0.074768066406250 4000000
0.068420410156250 4000000
0.074707031250000 4000000
0.077026367187500 4000000
0.075195312500000 3999960
0.080566406250000 4000038
0.000000000000000 3999961
0.075134277343750 4000000
0.078552246093750 4000038
0.078735351562500 3999961
0.074218750000000 4000000
0.078491210937500 4000038
0.076354980468750 4000000
0.076843261718750 3999961
0.076904296875000 4000038
0.080627441406250 4000000
0.079162597656250 4000000
0.077392578125000 4000000
0.000000000000000 4000000
0.077575683593750 4000000
0.076232910156250 3999923
0.077941894531250 4000076
0.078186035156250 4000000
0.078369140625000 3999961
0.079284667968750 4000000
0.076171875000000 4000038
0.076477050781250 4000000
0.074707031250000 3999961
0.078674316406250 4000038
0.075012207031250 4000000
0.000000000000000 3999961
0.080871582031250 4000038
0.076904296875000 4000000
0.076171875000000 4000000
0.077636718750000 4000000
0.076293945312500 3999961
0.078247070312500 4000038
0.077209472656250 4000000
0.079528808593750 3999961
0.079956054687500 4000038
0.078735351562500 4000000
0.068542480468750 4000000
0.075500488281250 4000000
0.068359375000000 4000000
0.079284667968750 4000000
0.000000000000000 3999923
0.075988769531250 4000038
0.080078125000000 4000038
0.077819824218750 4000000
0.076293945312500 4000000
0.080871582031250 3999961
0.076110839843750 4000038
0.076416015625000 4000000
0.077392578125000 4000000
0.078613281250000 4000000
0.076599121093750 4000000
0.078369140625000 4000000
0.000000000000000 4000000
0.075622558593750 4000000
0.077209472656250 4000000
0.075622558593750 4000000
0.077026367187500 4000000
0.079528808593750 3999961
0.076965332031250 4000000
0.077819824218750 4000038
0.075073242187500 4000000
0.079223632812500 3999961
0.075744628906250 4000038
0.077819824218750 4000000
0.000000000000000 4000000
0.079467773437500 3999923
0.074218750000000 4000076
0.077575683593750 3999961
0.075378417968750 4000038
0.077392578125000 4000000
0.074157714843750 4000000
0.077880859375000 4000000
0.075500488281250 4000000
0.077819824218750 3999961
0.079833984375000 4000000
0.075744628906250 3814223
0.070739746093750 3789413
0.000000000000000 3788443
0.070678710937500 3791894
0.073547363281250 3788513
0.073547363281250 3789134
0.071166992187500 3799939
0.070922851562500 3791745
0.070922851562500 3792603
0.070739746093750 3800000
0.069274902343750 3793942
0.073669433593750 3794580
0.071289062500000 3783334
0.070251464843750 3794522
0.000000000000000 3783368
0.070617675781250 3786889
0.069702148437500 3793202
0.070556640625000 3799647
0.070434570312500 3800036
0.072753906250000 3800000
0.072692871093750 3798280
0.070129394531250 3798274
0.070007324218750 3800036
0.070190429687500 3799963
0.071716308593750 3800036
0.069396972656250 3799963
0.062805175781250 3796589
0.071533203125000 3800000
0.072326660156250 3800036
0.000000000000000 3799963
0.072875976562500 3796593
0.072937011718750 3800036
0.064208984375000 3800000
0.071105957031250 3799963
0.062561035156250 3800036
0.072631835937500 3799891
0.066467285156250 3799488
0.078125000000000 3800000
0.072937011718750 3800000
0.068847656250000 3799963
0.065246582031250 3800036
0.069335937500000 3800000
0.065429687500000 3799963
0.069152832031250 3800072
0.067932128906250 3799963
0.066528320312500 3800000
0.062683105468750 3800000
0.070007324218750 3800000
0.000000000000000 3799963
0.073303222656250 3799189
0.065185546875000 3786969
0.068115234375000 3800036
0.070312500000000 3800000
0.077270507812500 3800000
0.068603515625000 3800000
0.067382812500000 3800000
0.066467285156250 3799963
0.072387695312500 3795876
0.063293457031250 3800000
0.063598632812500 3800000
0.070983886718750 3800000
0.070983886718750 3800000
0.062805175781250 3800000
0.068542480468750 3799927
0.071777343750000 3800072
0.071655273437500 3800000
0.073303222656250 3799963
0.000000000000000 3800036
0.071899414062500 3799963
0.069763183593750 3800000
0.070922851562500 3800036
0.069641113281250 3800000
0.070129394531250 3799963
0.070190429687500 3800036
0.069641113281250 3800000
0.071411132812500 3799963
0.071289062500000 3800072
0.070678710937500 3800000
0.069641113281250 3799963
0.072265625000000 3800000
0.070861816406250 3800000
0.062438964843750 3800000
0.000000000000000 3799963
0.073059082031250 3800036
0.070678710937500 3800000
0.071716308593750 3799963
0.062316894531250 3800036
0.062744140625000 3799963
0.071289062500000 3800000
0.070556640625000 3800036
0.070434570312500 3800000
0.072021484375000 3799963
0.070678710937500 3800036
0.069030761718750 3800036
0.070434570312500 3799963
0.070556640625000 3800000
0.072326660156250 3799963
0.069335937500000 3800036
0.000000000000000 3799963
0.071533203125000 3800036
0.069396972656250 3800000
0.062683105468750 3800000
0.070556640625000 3800000
0.070129394531250 3800000
0.070434570312500 3799963
0.069641113281250 3800036
0.070129394531250 3800000
0.070190429687500 3800000
0.073791503906250 3800000
0.070800781250000 3800000
0.075256347656250 3800000
0.071838378906250 3800000
0.000000000000000 3800000
0.070922851562500 3799963
0.073425292968750 3800036
0.075744628906250 3800000
0.065551757812500 3799963
0.066345214843750 3800037
0.066894531250000 3800000
0.072143554687500 3800000
0.072509765625000 3800000
0.069946289062500 3800000
0.069335937500000 3800000
0.072143554687500 3800000
0.074645996093750 3799963
0.000000000000000 3800036
0.068786621093750 3800000
0.070251464843750 3799963
0.068176269531250 3800036
0.071411132812500 3800000
0.070495605468750 3800000
0.070678710937500 3800000
0.069824218750000 3800000
0.074157714843750 3799963
0.071594238281250 3800036
0.069335937500000 3800000
0.069885253906250 3799394
0.071105957031250 3645161
0.063110351562500 3798692
0.072387695312500 3786945
0.000000000000000 3800036
0.070800781250000 3793130
0.072387695312500 3800000
0.071105957031250 3799963
0.072875976562500 3800036
0.068847656250000 3800000
0.070251464843750 3799963
0.071228027343750 3800036
0.070861816406250 3800000
0.071960449218750 3799963
0.070922851562500 3784906
0.070434570312500 3786445
0.069824218750000 3799963
0.000000000000000 3800000
0.072509765625000 3799963
0.069213867187500 3800036
0.071899414062500 3797726
0.071228027343750 3795061
0.068786621093750 3800036
0.072387695312500 3797562
0.068298339843750 3783294
0.072021484375000 3783370
0.068908691406250 3798262
0.074096679687500 3799963
0.072692871093750 3790095
0.000000000000000 3788021
0.068908691406250 3794623
0.074096679687500 3800000
0.071289062500000 3798115
0.072692871093750 3784387
0.068847656250000 3798824
0.070556640625000 3800036
0.072265625000000 3800000
0.071166992187500 3800000
0.073486328125000 3800000
0.068481445312500 3800000
0.070007324218750 3799963
0.069885253906250 3800000
0.000000000000000 3800036
0.072448730468750 3799963
0.070129394531250 3800036
0.070739746093750 3800000
0.070129394531250 3800000
0.069946289062500 3799963
0.072509765625000 3789957
0.070434570312500 3797614
0.070617675781250 3793105
0.074645996093750 3789748
0.069091796875000 3791544
0.070800781250000 3800036
0.068847656250000 3799963
0.000000000000000 3796601
0.070495605468750 3798186
0.070068359375000 3800000
0.070007324218750 3794351
0.072692871093750 3787848
0.070983886718750 3800000
0.071044921875000 3793255
0.070007324218750 3799963
0.070129394531250 3792439
0.070007324218750 3787034
0.072387695312500 3790877
0.073242187500000 3786899
0.070556640625000 3793479
0.000000000000000 3800000
0.070251464843750 3800000
0.068176269531250 3797883
0.070495605468750 3800000
0.071472167968750 3791493
0.071777343750000 3800036
0.070373535156250 3800000
0.069885253906250 3796596
0.072509765625000 3791858
0.068481445312500 3797551
0.069885253906250 3800000
0.068969726562500 3797953
0.070617675781250 3784133
0.072631835937500 3793847
0.000000000000000 3800036
0.072021484375000 3799927
0.069091796875000 3800036
0.069030761718750 3800000
0.062561035156250 3786347
0.069885253906250 3799599
0.071594238281250 3800144
0.069213867187500 3800000
0.069396972656250 3800000
0.073242187500000 3799963
0.070190429687500 3800036
0.071777343750000 3790173
0.069458007812500 3786468
0.071166992187500 3800036
0.068908691406250 3799963
0.062500000000000 3800036
0.069396972656250 3795170
0.000000000000000 3792339
0.071899414062500 3799963
0.073852539062500 3799963
0.069824218750000 3800036
0.068847656250000 3800000
0.069396972656250 3800000
0.074584960937500 3799963
0.069213867187500 3800000
0.070251464843750 3800036
0.071044921875000 3800000
0.069702148437500 3799963
0.074218750000000 3800036
0.070068359375000 3800000
0.000000000000000 3799963
0.069763183593750 3800036
0.069641113281250 3800000
0.073303222656250 3800000
0.071838378906250 3800000
0.070312500000000 3800000
0.070983886718750 3799963
0.067932128906250 3800036
0.063293457031250 3800000
0.068664550781250 3799963
0.070983886718750 3800000
0.070983886718750 3800036
0.071594238281250 3800000
0.070373535156250 3800000
0.069213867187500 3800000
0.000000000000000 3800000
0.072509765625000 3800000
0.070556640625000 3800000
0.071594238281250 3799963
0.068725585937500 3800036
0.070251464843750 3800000
0.072937011718750 3799963
0.069213867187500 3800037
0.072631835937500 3799963
0.071166992187500 3800036
0.069335937500000 3796555
0.071350097656250 3799963
0.000000000000000 3800036
0.073181152343750 3800000
0.071105957031250 3799963
0.068054199218750 3800036
0.070800781250000 3800000
0.070434570312500 3800000
0.062683105468750 3800000
0.069763183593750 3799927
0.071166992187500 3800036
0.070922851562500 3800036
0.073425292968750 3792451
0.072326660156250 3783298
0.069030761718750 3796435
0.070373535156250 3800000
0.070800781250000 3800000
0.000000000000000 3800000
0.072509765625000 3794440
0.068847656250000 3786912
0.070739746093750 3797776
0.070373535156250 3800000
0.070800781250000 3789605
0.070312500000000 3783334
0.070251464843750 3794745
0.072204589843750 3800000
0.070556640625000 3799963
0.073181152343750 3798315
0.070800781250000 3783330
0.068847656250000 3790584
0.070068359375000 3799552
0.000000000000000 3800000
0.072570800781250 3799927
0.071044921875000 3800072
0.071044921875000 3800000
0.071655273437500 3800000
0.070800781250000 3800000
0.070251464843750 3800000
0.069396972656250 3800000
0.070739746093750 3800000
0.070434570312500 3800000
0.070678710937500 3800000
0.072509765625000 3800000
0.070556640625000 3800000
0.000000000000000 3799963
0.071655273437500 3800036
0.071411132812500 3799963
0.070434570312500 3800000
0.071350097656250 3799963
0.069763183593750 3800072
0.073730468750000 3799963
0.072265625000000 3800036
0.070800781250000 3800000
0.074218750000000 3800000
0.069946289062500 3800000
0.000000000000000 3796420
0.070434570312500 3800000
0.070495605468750 3799963
0.072021484375000 3800036
0.071472167968750 3800000
0.068054199218750 3799963
0.071166992187500 3800000
0.071411132812500 3800000
0.071105957031250 3800000
0.069885253906250 3800036
0.071105957031250 3800000
0.074401855468750 3800000
0.000000000000000 3799963
0.070190429687500 3800036
0.071228027343750 3799963
0.069458007812500 3796088
0.071472167968750 3800000
0.069885253906250 3797639
0.071350097656250 3783372
0.070373535156250 3798168
0.069030761718750 3800000
0.070800781250000 3799927
0.069396972656250 3800036
0.069641113281250 3785299
0.071044921875000 3793930
0.072753906250000 3793614
0.000000000000000 3792338
0.072265625000000 3800000
0.069885253906250 3792904
0.072143554687500 3783366
0.140869140625000 3798305
0.068786621093750 3783295
0.069641113281250 3794772
0.073181152343750 3791166
0.070251464843750 3799963
0.071228027343750 3786763
0.069091796875000 3785605
0.070983886718750 3800000
0.069213867187500 3800000
0.071533203125000 3790246
0.072631835937500 3800000
0.068603515625000 3800000
0.071472167968750 3799963
0.000000000000000 3800072
0.070800781250000 3799963
0.070861816406250 3800000
0.069213867187500 3800000
0.071105957031250 3800000
0.069030761718750 3799963
0.063720703125000 3800036
0.073181152343750 3800000
0.068542480468750 3796544
0.070861816406250 3792948
0.072387695312500 3796550
0.071838378906250 3800036
0.071472167968750 3800000
0.072814941406250 3799963
0.000000000000000 3800036
0.072509765625000 3796589
0.071838378906250 3799963
0.070373535156250 3800036
0.070922851562500 3800000
0.071777343750000 3800000
0.071105957031250 3800000
0.069946289062500 3800000
0.071044921875000 3799963
0.071411132812500 3800036
0.070922851562500 3786166
0.071228027343750 3796207
0.070312500000000 3799963
0.000000000000000 3800000
0.069641113281250 3800036
0.071533203125000 3793017
0.070983886718750 3798518
0.070129394531250 3797925
0.070495605468750 3800108
0.069885253906250 3788931
0.071594238281250 3790234
0.070617675781250 3787521
0.072814941406250 3797726
0.072387695312500 3800000
0.067749023437500 3795936
0.062377929687500 3793402
0.071411132812500 3800072
0.069824218750000 3799963
0.000000000000000 3800000
0.069396972656250 3800000
0.071350097656250 3796348
0.071289062500000 3800376
0.072631835937500 3794340
0.070434570312500 3800036
0.071105957031250 3800000
0.073974609375000 3799963
0.069213867187500 3800036
0.072021484375000 3799963
0.070129394531250 3800000
0.071044921875000 3800036
0.000000000000000 3800000
0.073242187500000 3787166
0.068969726562500 3798923
0.071350097656250 3800000
0.070556640625000 3795903
0.070922851562500 3798122
0.071960449218750 3798439
0.070678710937500 3800000
0.072509765625000 3800000
0.069580078125000 3799963
0.063415527343750 3800036
0.069091796875000 3800000
0.071350097656250 3798303
0.068725585937500 3793053
0.000000000000000 3790365
0.074096679687500 3798687
0.072998046875000 3789881
0.069458007812500 3800000
0.073059082031250 3800000
0.069641113281250 3799879
0.062622070312500 3789838
0.068847656250000 3798904
0.071044921875000 3799963
0.070678710937500 3788805
0.073669433593750 3795912
0.074096679687500 3799963
0.068847656250000 3800036
0.071716308593750 3800000
0.000000000000000 3799963
0.071777343750000 3800075
0.071777343750000 3799963
0.070556640625000 3800000
0.069458007812500 3800000
0.071960449218750 3800000
0.070129394531250 3800000
0.070312500000000 3798752
0.069091796875000 3783335
0.071044921875000 3797081
0.070983886718750 3800000
0.070800781250000 3789218
0.070678710937500 3800000
0.000000000000000 3800036
0.070129394531250 3799963
0.071960449218750 3800036
0.062866210937500 3799963
0.070190429687500 3800072
0.070312500000000 3799963
0.073059082031250 3800000
0.071716308593750 3800000
0.070922851562500 3800000
0.073425292968750 3799963
0.070495605468750 3800036
0.071044921875000 3800000
0.070617675781250 3800000
0.000000000000000 3799963
0.072387695312500 3796475
0.070007324218750 3797342
0.069519042968750 3787867
0.070007324218750 3795602
0.072937011718750 3790357
0.071044921875000 3794599
0.072570800781250 3795762
0.062561035156250 3799963
0.072631835937500 3800036
0.069213867187500 3800000
0.071777343750000 3799891
0.068725585937500 3800108
0.072143554687500 3800000
0.070556640625000 3799963
0.000000000000000 3795973
0.070922851562500 3783370
0.071228027343750 3790492
0.070434570312500 3798526
0.073303222656250 3795748
0.069396972656250 3788506
0.072143554687500 3789428
0.070434570312500 3799543
0.070190429687500 3783366
0.071289062500000 3794511
0.069885253906250 3787095
0.070556640625000 3791879
0.069580078125000 3799207
0.062866210937500 3794362
0.000000000000000 3796780
0.070922851562500 3800036
0.072814941406250 3800000
0.068969726562500 3799963
0.072509765625000 3786113
0.071105957031250 3800000
0.068420410156250 3795920
0.072387695312500 3789476
0.070739746093750 3795237
0.071166992187500 3783295
0.072937011718750 3783369
0.071350097656250 3794049
0.000000000000000 3799927
0.072143554687500 3794211
0.069396972656250 3795804
0.064086914062500 3793156
0.070922851562500 3793229
0.071594238281250 3792819
0.068908691406250 3785373
0.071594238281250 3800036
0.072387695312500 3799963
0.069396972656250 3800036
0.070678710937500 3785438
0.070434570312500 3783989
0.071289062500000 3798427
0.068542480468750 3796617
0.069885253906250 3800000
0.000000000000000 3799963
0.074157714843750 3791419
0.069335937500000 3795747
0.064819335937500 3800036
0.070861816406250 3796636
0.071838378906250 3785722
0.071533203125000 3799963
0.071228027343750 3794703
0.069641113281250 3790368
0.071044921875000 3794555
0.071044921875000 3790931
0.070434570312500 3786888
0.071044921875000 3793918
0.069519042968750 3785196
0.000000000000000 3792689
0.072753906250000 3788250
0.070495605468750 3789595
0.072448730468750 3800036
0.072448730468750 3800000
0.068725585937500 3799963
0.070678710937500 3793303
0.069213867187500 3784433
0.073242187500000 3792037
0.071044921875000 3795146
0.062133789062500 3793672
0.072448730468750 3798740
0.070678710937500 3796556
0.063110351562500 3800000
0.069641113281250 3796947
0.072387695312500 3799963
0.000000000000000 3789878
0.070861816406250 3794621
0.063720703125000 3798742
0.069091796875000 3800036
0.072937011718750 3797383
0.070556640625000 3799134
0.069763183593750 3799963
0.072570800781250 3800000
0.069091796875000 3800036
0.069824218750000 3797419
0.069885253906250 3795679
0.062500000000000 3792381
0.072509765625000 3799311
0.072021484375000 3792149
0.070434570312500 3790581
0.069580078125000 3800000
0.000000000000000 3787263
0.073120117187500 3791664
0.070312500000000 3783296
0.070800781250000 3783368
0.070129394531250 3787028
0.072143554687500 3798848
0.071044921875000 3800036
0.069030761718750 3797099
0.071228027343750 3786753
0.068969726562500 3791113
0.072021484375000 3783333
0.070556640625000 3783297
0.000000000000000 3788366
0.073852539062500 3791494
0.070312500000000 3797225
0.071044921875000 3791120
0.072387695312500 3794159
0.072509765625000 3794014
0.073059082031250 3799436
0.069213867187500 3800000
0.073059082031250 3796357
0.069580078125000 3790210
0.071105957031250 3790656
0.070617675781250 3798508
0.000000000000000 3800000
0.072265625000000 3799963
0.072265625000000 3800000
0.069213867187500 3800036
0.071960449218750 3800000
0.069091796875000 3800000
0.071289062500000 3800000
0.073425292968750 3800000
0.071044921875000 3799963
0.072631835937500 3798460
0.072875976562500 3799149
0.069763183593750 3800036
0.070556640625000 3797844
0.000000000000000 3793149
0.070678710937500 3800000
0.072387695312500 3800000
0.071960449218750 3800036
0.072753906250000 3799927
0.074401855468750 3800036
0.070800781250000 3789015
0.063354492187500 3783333
0.070556640625000 3792381
0.070129394531250 3799891
0.069763183593750 3800036
0.072082519531250 3800036
0.000000000000000 3800000
0.070739746093750 3799963
0.071838378906250 3800036
0.071960449218750 3799963
0.070190429687500 3800036
0.071289062500000 3800000
0.071228027343750 3799963
0.072509765625000 3800036
0.069519042968750 3800000
0.071228027343750 3800000
0.070190429687500 3793014
0.070739746093750 3793159
0.071289062500000 3799963
0.000000000000000 3785202
0.069824218750000 3783369
0.071655273437500 3792606
0.069580078125000 3798735
0.071838378906250 3794122
0.071411132812500 3800000
0.069213867187500 3799963
0.072998046875000 3800036
0.070434570312500 3799963
0.072875976562500 3800036
0.069213867187500 3800000
0.073120117187500 3799927
0.000000000000000 3800036
0.072387695312500 3800036
0.068908691406250 3800000
0.070800781250000 3799927
0.071350097656250 3800072
0.072570800781250 3800000
0.068481445312500 3800000
0.071350097656250 3800000
0.069946289062500 3800000
0.073059082031250 3788126
0.072265625000000 3783331
0.069580078125000 3783372
0.070312500000000 3788340
0.069335937500000 3799588
0.000000000000000 3783296
0.073181152343750 3783369
0.070556640625000 3797720
0.070434570312500 3792270
0.070922851562500 3795599
0.070922851562500 3799963
0.071411132812500 3792372
0.069824218750000 3789491
0.071472167968750 3800000
0.070678710937500 3800000
0.070922851562500 3796864
0.071350097656250 3800000
0.000000000000000 3800000
0.071228027343750 3794393
0.070190429687500 3786100
0.071472167968750 3783368
0.070251464843750 3794470
0.071533203125000 3796470
0.069091796875000 3800036
0.070922851562500 3799927
0.072448730468750 3800036
0.070678710937500 3800000
0.069213867187500 3799963
0.073242187500000 3800072
0.071533203125000 3799963
0.000000000000000 3799963
0.071472167968750 3800036
0.072204589843750 3800036
0.071228027343750 3799963
0.070617675781250 3800000
0.070922851562500 3800000
0.071716308593750 3800000
0.071350097656250 3788260
0.071044921875000 3791933
0.063232421875000 3797392
0.069763183593750 3783301
0.071655273437500 3794561
0.069335937500000 3797701
0.072326660156250 3800000
0.000000000000000 3799963
0.073181152343750 3800000
0.067993164062500 3800072
0.070190429687500 3799304
0.069213867187500 3796162
0.073120117187500 3794276
0.070617675781250 3800000
0.070434570312500 3800000
0.071838378906250 3799963
0.070800781250000 3800036
0.071960449218750 3800000
0.069519042968750 3799963
0.070617675781250 3798337
0.068237304687500 3786759
0.062500000000000 3789909
0.000000000000000 3788090
0.069519042968750 3789686
0.071777343750000 3797036
0.070251464843750 3799963
0.069458007812500 3800036
0.072875976562500 3800000
0.069458007812500 3800000
0.071044921875000 3799963
0.070251464843750 3800036
0.070007324218750 3800000
0.073059082031250 3800000
0.070678710937500 3800000
0.000000000000000 3800000
0.070678710937500 3799963
0.064575195312500 3800036
0.072448730468750 3800000
0.070434570312500 3799963
0.071166992187500 3800036
0.067687988281250 3800000
0.070800781250000 3800000
0.072753906250000 3800000
0.061706542968750 3799963
0.068847656250000 3800036
0.070800781250000 3800000
0.063415527343750 3800000
0.058349609375000 3800000
0.061950683593750 3800000
0.073730468750000 3800000
0.000000000000000 3800000
0.068542480468750 3800000
0.061340332031250 3800000
0.071105957031250 3800000
0.069641113281250 3800000
0.066772460937500 3799963
0.062438964843750 3800000
0.071289062500000 3800036
0.072143554687500 3800000
0.072082519531250 3800000
0.067199707031250 3800000
0.061950683593750 3800000
0.070739746093750 3800000
0.069152832031250 3799927
0.070068359375000 3800036
0.000000000000000 3800036
0.073669433593750 3800000
0.067993164062500 3800000
0.070556640625000 3799963
0.072631835937500 3800000
0.070861816406250 3800036
0.073608398437500 3797478
0.073547363281250 3791946
0.068847656250000 3800036
0.069824218750000 3800000
0.000000000000000 3800000
0.072082519531250 3800000
0.118408203125000 3800000
0.000000000000000 3799963
0.072143554687500 3800036
0.070678710937500 3800000
0.070739746093750 3800000
0.066345214843750 3799963
0.070678710937500 3796586
0.072204589843750 3796638
0.071716308593750 3800036
0.069335937500000 3799891
0.067138671875000 3800072
0.069091796875000 3800000
0.064086914062500 3800000
0.069885253906250 3800000
0.000000000000000 3799963
0.070800781250000 3800036
0.066589355468750 3793400
0.072143554687500 3796222
0.074157714843750 3791451
0.070007324218750 3783734
0.059082031250000 3792627
0.069641113281250 3799272
0.073730468750000 3800000
0.070556640625000 3800000
0.069641113281250 3799891
0.000000000000000 3790860
0.069702148437500 3795178
0.067810058593750 3800036
0.063598632812500 3798772
0.070678710937500 3789426
0.068786621093750 3784295
0.070312500000000 3795028
0.064392089843750 3799927
0.067016601562500 3800036
0.059020996093750 3800000
0.069030761718750 3799927
0.073730468750000 3800072
0.063720703125000 3794639
0.070922851562500 3791298
0.067321777343750 3800036
0.060974121093750 3799963
0.072814941406250 3800036
0.070739746093750 3799963
0.000000000000000 3800000
0.067382812500000 3800000
0.070678710937500 3800000
0.071228027343750 3800000
0.062622070312500 3800000
0.069702148437500 3799015
0.066406250000000 3797548
0.071044921875000 3800000
0.073974609375000 3800000
0.073059082031250 3785445
0.067687988281250 3783334
0.072509765625000 3799629
0.000000000000000 3798628
0.126342773437500 3790951
0.000000000000000 3794861
0.069702148437500 3800000
0.072265625000000 3799362
0.071777343750000 3783298
0.061340332031250 3785850
0.072814941406250 3800000
0.067260742187500 3800000
0.058044433593750 3800000
0.070251464843750 3799927
0.070922851562500 3800036
0.070068359375000 3800000
0.067993164062500 3800036
0.071594238281250 3798907
0.071411132812500 3797667
0.000000000000000 3797200
0.071960449218750 3783332
0.068786621093750 3798364
0.059143066406250 3800000
0.070373535156250 3800000
0.072326660156250 3800036
0.071777343750000 3800000
0.069519042968750 3800000
0.071594238281250 3800000
0.069030761718750 3800000
0.058532714843750 3800000
0.068847656250000 3800036
0.071044921875000 3799963
0.073120117187500 3793291
0.000000000000000 3792825
0.070617675781250 3800036
0.068115234375000 3800036
0.071105957031250 3797593
0.062683105468750 3791816
0.070922851562500 3792623
0.058532714843750 3800000
0.069152832031250 3797359
0.072998046875000 3790303
0.068176269531250 3794784
0.060852050781250 3800036
0.072875976562500 3800000
0.069824218750000 3799963
0.057922363281250 3800036
0.072753906250000 3800000
0.072021484375000 3799963
0.000000000000000 3789250
0.071289062500000 3799963
0.070068359375000 3800000
0.062988281250000 3800036
0.071350097656250 3800000
0.067993164062500 3799963
0.069030761718750 3793035
0.071044921875000 3796438
0.071716308593750 3800000
0.068115234375000 3785291
0.064147949218750 3783332
0.067993164062500 3792719
0.069152832031250 3793704
0.067871093750000 3787269
0.062255859375000 3800000
0.000000000000000 3799924
0.071472167968750 3800072
0.068603515625000 3800000
0.061767578125000 3798098
0.072265625000000 3784349
0.068847656250000 3800000
0.065917968750000 3800000
0.061340332031250 3798273
0.073669433593750 3783334
0.071289062500000 3788163
0.068542480468750 3799842
0.071044921875000 3786073
0.062500000000000 3800000
0.066284179687500 3797189
0.070129394531250 3799376
0.068847656250000 3800000
0.000000000000000 3800000
0.066284179687500 3800000
0.062561035156250 3799963
0.072387695312500 3800072
0.069519042968750 3799963
0.070434570312500 3799963
0.059326171875000 3800036
0.070007324218750 3800000
0.072875976562500 3799963
0.070129394531250 3800036
0.069274902343750 3800000
0.061645507812500 3800000
0.072265625000000 3800000
0.071655273437500 3799963
0.067443847656250 3800036
0.000000000000000 3800000
0.072753906250000 3799963
0.071411132812500 3800036
0.068481445312500 3800000
0.071533203125000 3799963
0.074035644531250 3800036
0.059753417968750 3800000
0.069030761718750 3800000
0.070678710937500 3800000
0.070251464843750 3800000
0.059082031250000 3799963
0.069702148437500 3800000
0.060607910156250 3799963
0.067565917968750 3800036
0.070861816406250 3800072
0.000000000000000 3799963
0.069763183593750 3800000
0.070434570312500 3799963
0.072326660156250 3800072
0.070739746093750 3799963
0.069946289062500 3799963
0.071777343750000 3800036
0.072387695312500 3800000
0.068969726562500 3800000
0.066406250000000 3800000
0.061950683593750 3799963
0.071105957031250 3800036
0.000000000000000 3800000
0.071350097656250 3800036
0.070983886718750 3799927
0.059936523437500 3800036
0.073181152343750 3800000
0.069335937500000 3799963
0.066040039062500 3800000
0.071533203125000 3800000
0.072509765625000 3800000
0.070556640625000 3799927
0.071044921875000 3800108
0.058959960937500 3799963
0.061523437500000 3800036
0.071777343750000 3800000
0.069335937500000 3800000
0.000000000000000 3800000
0.068908691406250 3799963
0.067749023437500 3800036
0.073730468750000 3800000
0.070739746093750 3799963
0.066528320312500 3800000
0.071655273437500 3800000
0.069213867187500 3800036
0.070434570312500 3800000
0.069580078125000 3800000
0.071105957031250 3800000
0.000000000000000 3800000
0.072998046875000 3800000
0.061096191406250 3800000
0.072143554687500 3800000
0.067504882812500 3799963
0.066711425781250 3800000
0.135620117187500 3800016
0.071594238281250 3800000
0.061645507812500 3799963
0.070129394531250 3800000
0.067626953125000 3800036
0.071716308593750 3799963
0.075378417968750 3800036
0.069641113281250 3800000
0.067810058593750 3799963
0.069519042968750 3800036
0.065368652343750 3800000
0.068420410156250 3799963
0.000000000000000 3800036
0.064758300781250 3800000
0.066772460937500 3799963
0.067077636718750 3800000
0.069152832031250 3800000
0.065124511718750 3800000
0.066223144531250 3800036
0.065551757812500 3800000
0.070800781250000 3799927
0.067687988281250 3800072
0.059814453125000 3799927
0.063842773437500 3800072
0.062805175781250 3800000
0.068725585937500 3799963
0.072265625000000 3800036
0.070312500000000 3800000
0.062377929687500 3800000
0.069763183593750 3799963
0.071716308593750 3800036
0.000000000000000 3800000
0.071716308593750 3799927
0.070434570312500 3800072
0.058166503906250 3800000
0.068542480468750 3799963
0.062805175781250 3800036
0.071716308593750 3800000
0.061462402343750 3799963
0.072021484375000 3800072
0.070373535156250 3799927
0.070678710937500 3800000
0.070129394531250 3800036
0.070922851562500 3800000
0.070312500000000 3800000
0.066833496093750 3790618
0.062316894531250 3797715
0.070861816406250 3800000
0.000000000000000 3799963
0.071289062500000 3800036
0.069885253906250 3800000
0.058166503906250 3799963
0.061401367187500 3800036
0.072937011718750 3799963
0.071472167968750 3800036
0.072570800781250 3800000
0.067443847656250 3799963
0.070739746093750 3797838
0.072387695312500 3800144
0.066284179687500 3799963
0.061889648437500 3793157
0.072265625000000 3800000
0.069335937500000 3799963
0.000000000000000 3800036
0.070495605468750 3799963
0.068237304687500 3800036
0.070922851562500 3800000
0.071228027343750 3800000
0.068725585937500 3796849
0.067138671875000 3785210
0.073608398437500 3800000
0.064758300781250 3799963
0.073303222656250 3800036
0.069946289062500 3799963
0.059204101562500 3788826
0.070739746093750 3793672
0.000000000000000 3800036
0.072387695312500 3800000
0.071350097656250 3798271
0.060791015625000 3799522
0.061950683593750 3793084
0.067504882812500 3800000
0.070556640625000 3799963
0.061889648437500 3800036
0.067321777343750 3799963
0.061218261718750 3800036
0.071472167968750 3799963
0.069763183593750 3800000
0.067016601562500 3800036
0.061218261718750 3799963
0.072509765625000 3800036
0.072021484375000 3800000
0.069274902343750 3799963
0.068786621093750 3800036
0.000000000000000 3800000
0.072692871093750 3799963
0.069213867187500 3800000
0.067993164062500 3800036
0.062072753906250 3800000
0.070739746093750 3800000
0.071838378906250 3799891
0.070983886718750 3800108
0.067504882812500 3800000
0.069335937500000 3800000
0.072937011718750 3799963
0.063476562500000 3800036
0.066284179687500 3799963
0.000000000000000 3800036
0.071289062500000 3800000
0.071838378906250 3799963
0.071166992187500 3800036
0.070251464843750 3800000
0.070434570312500 3799963
0.070678710937500 3800036
0.068176269531250 3799963
0.059326171875000 3800036
0.070678710937500 3799963
0.070922851562500 3799927
0.070678710937500 3800108
0.063293457031250 3799963
0.067504882812500 3800000
0.000000000000000 3800072
0.071960449218750 3799927
0.073181152343750 3800036
0.069702148437500 3800000
0.069763183593750 3800000
0.071411132812500 3800000
0.071716308593750 3799963
0.071105957031250 3799963
0.068603515625000 3800036
0.069946289062500 3800000
0.000000000000000 3800000
0.071105957031250 3800036
0.069519042968750 3799963
0.068176269531250 3800036
0.071899414062500 3800000
0.063354492187500 3800000
0.069335937500000 3799963
0.067993164062500 3800036
0.072204589843750 3800000
0.060607910156250 3800000
0.066711425781250 3799963
0.071350097656250 3800000
0.072753906250000 3800036
0.062438964843750 3796166
0.070678710937500 3800036
0.058227539062500 3800000
0.069458007812500 3785259
0.062500000000000 3797121
0.060424804687500 3800000
0.066528320312500 3785244
0.062011718750000 3797125
0.000000000000000 3799891
0.071899414062500 3800072
0.073669433593750 3800000
0.069824218750000 3799963
0.067871093750000 3800036
0.071105957031250 3800000
0.072875976562500 3800000
0.070251464843750 3800000
0.069213867187500 3799927
0.068542480468750 3800072
0.072265625000000 3800000
0.062438964843750 3800000
0.000000000000000 3800000
0.070068359375000 3800000
0.066833496093750 3799963
0.067626953125000 3800036
0.072326660156250 3800000
0.072326660156250 3800000
0.072387695312500 3800000
0.068603515625000 3800000
0.070861816406250 3800000
0.072998046875000 3800036
0.068725585937500 3799963
0.000000000000000 3799963
0.069946289062500 3800036
0.075073242187500 3800000
0.060180664062500 3799963
0.067443847656250 3800000
0.071228027343750 3800000
0.070495605468750 3800036
0.072509765625000 3800000
0.069396972656250 3800000
0.069458007812500 3800036
0.061828613281250 3799963
0.072082519531250 3799963
0.063293457031250 3796601
0.066223144531250 3799927
0.057983398437500 3800036
0.069946289062500 3800072
0.071411132812500 3799338
0.061035156250000 3796501
0.000000000000000 3799963
0.066345214843750 3800036
0.068969726562500 3800000
0.072692871093750 3800000
0.074340820312500 3800000
0.067626953125000 3800000
0.066162109375000 3800000
0.067993164062500 3793175
0.069946289062500 3800000
0.075256347656250 3800000
0.066955566406250 3800000
0.058593750000000 3799963
0.071960449218750 3800036
0.000000000000000 3800000
0.072814941406250 3799963
0.068847656250000 3800036
0.070922851562500 3796051
0.070312500000000 3783334
0.060363769531250 3796160
0.070251464843750 3800000
0.069641113281250 3798242
0.071289062500000 3799863
0.070739746093750 3800000
0.062133789062500 3800000
0.067260742187500 3799963
0.060974121093750 3800036
0.071289062500000 3799963
0.071594238281250 3800000
0.061523437500000 3800000
0.066162109375000 3800036
0.000000000000000 3799963
0.071472167968750 3794631
0.072448730468750 3798544
0.073425292968750 3800036
0.070129394531250 3800000
0.058288574218750 3799963
0.072143554687500 3800036
0.071594238281250 3789906
0.070007324218750 3796175
0.068115234375000 3799963
0.059936523437500 3800000
0.071105957031250 3800000
0.071350097656250 3800000
0.072021484375000 3800000
0.000000000000000 3800000
0.068542480468750 3800000
0.066894531250000 3800000
0.069458007812500 3799963
0.073486328125000 3800036
0.070800781250000 3800000
0.071533203125000 3800000
0.065734863281250 3800000
0.070922851562500 3793040
0.071777343750000 3800036
0.070617675781250 3800000
0.000000000000000 3800000
0.071655273437500 3800000
0.063903808593750 3800000
0.061523437500000 3800000
0.071838378906250 3800000
0.066772460937500 3799963
0.060974121093750 3797247
0.070922851562500 3800000
0.069091796875000 3799963
0.068176269531250 3800036
0.071289062500000 3799927
0.068542480468750 3800072
0.072692871093750 3799963
0.072509765625000 3800000
0.000000000000000 3800036
0.067138671875000 3799963
0.066711425781250 3800036
0.072509765625000 3800000
0.071899414062500 3799927
0.072021484375000 3800072
0.066650390625000 3791712
0.069396972656250 3794219
0.070678710937500 3786156
0.061218261718750 3800000
0.065979003906250 3799266
0.060546875000000 3793708
0.072021484375000 3797581
0.070129394531250 3790493
0.070617675781250 3798139
0.000000000000000 3800000
0.068481445312500 3799963
0.071289062500000 3800036
0.071594238281250 3799963
0.062683105468750 3800036
0.065734863281250 3800000
0.069213867187500 3799963
0.076232910156250 3800036
0.069091796875000 3800036
0.071411132812500 3799927
0.070129394531250 3800072
0.061645507812500 3799963
0.058227539062500 3800000
0.070983886718750 3800000
0.068298339843750 3799963
0.000000000000000 3800036
0.067504882812500 3799963
0.062622070312500 3800036
0.072326660156250 3800000
0.069641113281250 3799891
0.067687988281250 3800072
0.067565917968750 3800036
0.072082519531250 3796394
0.069580078125000 3800036
0.071228027343750 3799963
0.069763183593750 3800000
0.068176269531250 3800000
0.067871093750000 3789111
0.071655273437500 3789706
0.000000000000000 3799963
0.069458007812500 3800036
0.058654785156250 3799963
0.070434570312500 3800000
0.072265625000000 3800036
0.063232421875000 3799963
0.068664550781250 3800036
0.059204101562500 3799963
0.072814941406250 3800000
0.072448730468750 3800036
0.068603515625000 3800000
0.070068359375000 3800000
0.074035644531250 3799278
0.067443847656250 3793815
0.068054199218750 3799963
0.000000000000000 3800036
0.070007324218750 3800000
0.071960449218750 3800036
0.070007324218750 3799963
0.068786621093750 3800036
0.058471679687500 3799963
0.070373535156250 3800000
0.064208984375000 3800000
0.068359375000000 3799927
0.067382812500000 3800072
0.070373535156250 3800000
0.071105957031250 3799963
0.070373535156250 3800036
0.071533203125000 3800000
0.058715820312500 3800000
0.069213867187500 3800000
0.063354492187500 3800000
0.066894531250000 3799963
0.000000000000000 3794766
0.070800781250000 3788145
0.069335937500000 3797904
0.062988281250000 3785367
0.065185546875000 3799963
0.061157226562500 3800036
0.071105957031250 3800000
0.068481445312500 3798776
0.061218261718750 3798096
0.070617675781250 3799963
0.071472167968750 3800036
0.065917968750000 3800000
0.071044921875000 3796505
0.072326660156250 3799806
0.073120117187500 3800000
0.000000000000000 3800000
0.129333496093750 3800000
0.062683105468750 3799963
0.000000000000000 3799927
0.070007324218750 3800108
0.070495605468750 3799963
0.066650390625000 3800036
0.061462402343750 3800000
0.072753906250000 3800000
0.068725585937500 3800000
0.071289062500000 3800000
0.071899414062500 3800000
0.063415527343750 3799963
0.065307617187500 3799963
0.071777343750000 3800072
0.071044921875000 3800000
0.072143554687500 3784536
0.000000000000000 3794672
0.070556640625000 3799927
0.065979003906250 3800108
0.070739746093750 3799927
0.071105957031250 3800000
0.059814453125000 3800000
0.070617675781250 3800036
0.071228027343750 3796178
0.070495605468750 3787460
0.066345214843750 3791705
0.073120117187500 3799963
0.070922851562500 3800036
0.068542480468750 3800000
0.000000000000000 3799963
0.070251464843750 3800036
0.062744140625000 3800000
0.072875976562500 3799927
0.060241699218750 3800072
0.070739746093750 3800000
0.069030761718750 3799963
0.058532714843750 3800036
0.070556640625000 3800000
0.071960449218750 3799963
0.071044921875000 3800036
0.071350097656250 3800000
0.071472167968750 3799963
0.069946289062500 3800036
0.000000000000000 3800036
0.068969726562500 3799927
0.070373535156250 3800036
0.072692871093750 3800000
0.068908691406250 3800000
0.069946289062500 3800000
0.071289062500000 3800000
0.070190429687500 3800000
0.069702148437500 3800000
0.070800781250000 3800000
0.067810058593750 3800000
0.062377929687500 3800000
0.000000000000000 3799927
0.071655273437500 3800072
0.072570800781250 3800000
0.068420410156250 3800000
0.059387207031250 3800000
0.062011718750000 3800000
0.070190429687500 3800000
0.070678710937500 3800000
0.073364257812500 3800000
0.061584472656250 3800000
0.066345214843750 3800000
0.070495605468750 3800000
0.072326660156250 3799963
0.069763183593750 3800000
0.069824218750000 3800036
0.000000000000000 3800000
0.071533203125000 3799963
0.071228027343750 3800036
0.068603515625000 3800000
0.070617675781250 3799891
0.070495605468750 3800108
0.071472167968750 3800000
0.070373535156250 3799963
0.067382812500000 3800036
0.061645507812500 3799963
0.071044921875000 3800036
0.071777343750000 3800000
0.000000000000000 3800000
0.068237304687500 3800000
0.061950683593750 3800000
0.070800781250000 3800000
0.071166992187500 3800036
0.068847656250000 3799963
0.070129394531250 3799927
0.073364257812500 3800036
0.068481445312500 3800036
0.070373535156250 3800000
0.070373535156250 3799963
0.062805175781250 3800036
0.069763183593750 3799963
0.000000000000000 3800000
0.071166992187500 3800036
0.071777343750000 3799927
0.068298339843750 3800036
0.061157226562500 3800000
0.070922851562500 3800036
0.069030761718750 3799963
0.067077636718750 3800036
0.070190429687500 3799963
0.072448730468750 3799963
0.070922851562500 3800072
0.069030761718750 3800000
0.066833496093750 3799963
0.061645507812500 3800036
0.070678710937500 3792970
0.000000000000000 3800000
0.071838378906250 3800000
0.061889648437500 3800000
0.068786621093750 3800000
0.070434570312500 3800000
0.069213867187500 3799963
0.061096191406250 3800036
0.064880371093750 3800000
0.061645507812500 3800000
0.072631835937500 3800000
0.073425292968750 3800000
0.070312500000000 3800000
0.069519042968750 3800000
0.070617675781250 3799963
0.070007324218750 3800000
0.066528320312500 3794432
0.000000000000000 3788199
0.074157714843750 3799963
0.071838378906250 3800036
0.071838378906250 3800000
0.066040039062500 3799855
0.069213867187500 3796686
0.071960449218750 3799963
0.062072753906250 3797519
0.065368652343750 3788686
0.070861816406250 3800000
0.063659667968750 3796648
0.069580078125000 3799927
0.068115234375000 3800036
0.068481445312500 3796602
0.000000000000000 3799963
0.071960449218750 3800036
0.071228027343750 3800000
0.062194824218750 3800000
0.067199707031250 3800000
0.070312500000000 3795132
0.074584960937500 3791081
0.070007324218750 3783263
0.068908691406250 3799298
0.066894531250000 3800036
0.061401367187500 3799963
0.073791503906250 3800036
0.070373535156250 3792713
0.000000000000000 3783772
0.069885253906250 3786492
0.066528320312500 3789104
0.063598632812500 3799963
0.071716308593750 3791980
0.069335937500000 3786565
0.067138671875000 3799963
0.073425292968750 3800036
0.072509765625000 3800000
0.068298339843750 3799963
0.059265136718750 3800036
0.069030761718750 3799963
0.062561035156250 3800036
0.068176269531250 3790577
0.061340332031250 3783296
0.070983886718750 3786857
0.062805175781250 3797105
0.071411132812500 3798269
0.000000000000000 3799963
0.068298339843750 3800000
0.071228027343750 3800036
0.071655273437500 3800000
0.069885253906250 3799963
0.069824218750000 3800000
0.072753906250000 3800036
0.068786621093750 3800000
0.068786621093750 3799963
0.063537597656250 3796745
0.070129394531250 3803293
0.067626953125000 3799963
0.070373535156250 3800000
0.063659667968750 3800036
0.000000000000000 3800000
0.073608398437500 3800000
0.066650390625000 3799963
0.072082519531250 3799927
0.069213867187500 3800108
0.070983886718750 3800000
0.068664550781250 3800000
0.061706542968750 3799963
0.073181152343750 3800000
0.070434570312500 3800000
0.058349609375000 3800000
0.068481445312500 3800036
0.073608398437500 3800000
0.068542480468750 3799963
0.061157226562500 3797829
0.000000000000000 3802171
0.132080078125000 3800000
0.000000000000000 3800036
0.069946289062500 3800000
0.070495605468750 3800036
0.070922851562500 3799927
0.068115234375000 3800000
0.070800781250000 3800036
0.068908691406250 3799927
0.061645507812500 3800072
0.068115234375000 3800000
0.068725585937500 3800000
0.063598632812500 3799963
0.068298339843750 3800000
0.070678710937500 3800036
0.066345214843750 3800000
0.000000000000000 3799963
0.073120117187500 3800036
0.069763183593750 3800000
0.073364257812500 3799924
0.069885253906250 3800072
0.069030761718750 3800000
0.068603515625000 3800000
0.072204589843750 3800000
0.273803710937500 3799992
0.069519042968750 3800000
0.058288574218750 3800072
0.070434570312500 3799963
0.072570800781250 3800000
0.069030761718750 3800000
0.071594238281250 3800000
0.000000000000000 3800000
0.073242187500000 3800000
0.068420410156250 3799963
0.066467285156250 3800036
0.060729980468750 3800000
0.062927246093750 3800000
0.068847656250000 3800036
0.069763183593750 3799963
0.070861816406250 3799963
0.071228027343750 3800036
0.071960449218750 3800000
0.070861816406250 3799927
0.069946289062500 3800072
0.071044921875000 3800000
0.000000000000000 3800000
0.071472167968750 3800000
0.067321777343750 3800000
0.068359375000000 3799963
0.062194824218750 3800036
0.072875976562500 3800000
0.072143554687500 3799963
0.067871093750000 3800036
0.067382812500000 3800000
0.069946289062500 3799963
0.062805175781250 3800036
0.069641113281250 3800000
0.067138671875000 3799927
0.061767578125000 3800036
0.072570800781250 3800036
0.000000000000000 3800000
0.072692871093750 3800000
0.071472167968750 3799963
0.069885253906250 3800072
0.059509277343750 3799963
0.058837890625000 3799963
0.070617675781250 3800036
0.069824218750000 3800000
0.069946289062500 3799963
0.068420410156250 3800036
0.061889648437500 3800000
0.071655273437500 3799963
0.071594238281250 3800000
0.060180664062500 3800036
0.069396972656250 3800000
0.072204589843750 3799927
0.070373535156250 3800108
0.000000000000000 3799963
0.069885253906250 3799963
0.069091796875000 3800036
0.072387695312500 3799963
0.067504882812500 3800000
0.068298339843750 3800036
0.062072753906250 3800000
0.071777343750000 3800000
0.069946289062500 3800000
0.068725585937500 3800000
0.061828613281250 3800000
0.070068359375000 3800000
0.069763183593750 3800000
0.067932128906250 3800000
0.070861816406250 3799891
0.064147949218750 3800108
0.000000000000000 3800000
0.070129394531250 3800000
0.070129394531250 3800000
0.066345214843750 3800000
0.062744140625000 3799963
0.071716308593750 3800036
0.073425292968750 3800000
0.061584472656250 3800000
0.065368652343750 3799963
0.072998046875000 3800036
0.071289062500000 3800000
0.070434570312500 3800000
0.068664550781250 3800000
0.000000000000000 3800000
0.071594238281250 3799963
0.072448730468750 3800036
0.068298339843750 3800000
0.061889648437500 3799963
0.068542480468750 3800036
0.061340332031250 3800000
0.069885253906250 3800000
0.070739746093750 3800000
0.066894531250000 3800000
0.060424804687500 3800000
0.073547363281250 3800000
0.069458007812500 3799927
0.070739746093750 3796998
0.066894531250000 3802552
0.061462402343750 3793612
0.069641113281250 3799963
0.069885253906250 3800072
0.000000000000000 3800000
0.070861816406250 3800000
0.069946289062500 3800000
0.072509765625000 3799963
0.069152832031250 3789656
0.069519042968750 3795586
0.066223144531250 3800036
0.062500000000000 3799963
0.068908691406250 3793122
0.072143554687500 3800000
0.071533203125000 3800000
0.062011718750000 3800000
0.070556640625000 3799963
0.067749023437500 3636282
0.000000000000000 3799891
0.067810058593750 3800108
0.070861816406250 3799963
0.063598632812500 3800036
0.071166992187500 3792456
0.070800781250000 3800000
0.060485839843750 3797577
0.072265625000000 3798937
0.071472167968750 3800072
0.066833496093750 3800000
0.071289062500000 3800000
0.073181152343750 3800000
0.067932128906250 3799963
0.000000000000000 3800036
0.072326660156250 3800000
0.067260742187500 3800000
0.070190429687500 3799963
0.072082519531250 3800036
0.063232421875000 3799963
0.069519042968750 3800036
0.058105468750000 3799923
0.072570800781250 3796573
0.072448730468750 3799963
0.069030761718750 3800000
0.066528320312500 3799963
0.071044921875000 3800036
0.000000000000000 3799963
0.074707031250000 3800036
0.068481445312500 3793910
0.059570312500000 3797138
0.070312500000000 3798340
0.071777343750000 3799963
0.070190429687500 3800036
0.058898925781250 3799963
0.070129394531250 3800036
0.062622070312500 3800000
0.070678710937500 3800000
0.069519042968750 3799963
0.071838378906250 3800036
0.070251464843750 3800000
0.069580078125000 3800000
0.058349609375000 3799963
0.071228027343750 3800036
0.070861816406250 3800000
0.060058593750000 3800000
0.000000000000000 3800000
0.068969726562500 3800000
0.069946289062500 3799963
0.072326660156250 3800000
0.070861816406250 3800036
0.059814453125000 3799927
0.068847656250000 3800072
0.070556640625000 3799963
0.072265625000000 3800036
0.069519042968750 3800000
0.061706542968750 3799963
0.070007324218750 3800036
0.072082519531250 3800000
0.069458007812500 3800000
0.000000000000000 3800000
0.068420410156250 3799963
0.072204589843750 3800000
0.072143554687500 3800036
0.069519042968750 3799963
0.068908691406250 3800036
0.060791015625000 3799963
0.069580078125000 3800000
0.072326660156250 3800036
0.064208984375000 3800000
0.062805175781250 3800000
0.074218750000000 3800000
0.069702148437500 3800000
0.060485839843750 3800000
0.070495605468750 3800000
0.061950683593750 3799963
0.059204101562500 3800036
0.069091796875000 3800000
0.000000000000000 3800000
0.071411132812500 3800000
0.061096191406250 3799963
0.062194824218750 3800072
0.074035644531250 3799963
0.070983886718750 3799963
0.066833496093750 3800036
0.070617675781250 3800000
0.071655273437500 3799963
0.060058593750000 3799963
0.067565917968750 3800072
0.072204589843750 3799963
0.071105957031250 3800036
0.066589355468750 3799963
0.061096191406250 3800000
0.071533203125000 3800000
0.000000000000000 3800036
0.070434570312500 3800000
0.070983886718750 3800000
0.071777343750000 3800000
0.071166992187500 3704532
0.066894531250000 3800000
0.060913085937500 3800000
0.071044921875000 3800000
0.069458007812500 3800000
0.067932128906250 3800036
0.058166503906250 3799963
0.070922851562500 3800000
0.072143554687500 3800000
0.072326660156250 3799927
0.068725585937500 3800036
0.060729980468750 3800000
0.000000000000000 3800036
0.070861816406250 3799963
0.071350097656250 3800036
0.068542480468750 3800000
0.066894531250000 3799963
0.072753906250000 3800036
0.070983886718750 3796854
0.059997558593750 3803148
0.071166992187500 3800000
0.073242187500000 3800000
0.069152832031250 3800000
0.061096191406250 3800000
0.069335937500000 3800036
0.072448730468750 3799963
0.000000000000000 3800000
0.068542480468750 3800000
0.069458007812500 3800000
0.073364257812500 3800000
0.069458007812500 3800000
0.071472167968750 3800000
0.070922851562500 3799963
0.069824218750000 3800072
0.070373535156250 3799963
0.064880371093750 3799963
0.061950683593750 3800000
0.071411132812500 3800036
0.000000000000000 3799963
0.070678710937500 3800036
0.069763183593750 3800000
0.059326171875000 3800000
0.068603515625000 3799963
0.070495605468750 3800036
0.070312500000000 3800000
0.069335937500000 3800000
0.067321777343750 3800000
0.069641113281250 3800000
0.072570800781250 3800000
0.069580078125000 3800000
0.060974121093750 3800000
0.072082519531250 3799963
0.068786621093750 3796614
0.061767578125000 3800000
0.000000000000000 3800036
0.071166992187500 3800000
0.072265625000000 3799963
0.068847656250000 3800037
0.068969726562500 3800000
0.062744140625000 3799963
0.070861816406250 3750521
0.070373535156250 3671218
0.067077636718750 3799927
0.069763183593750 3800072
0.073852539062500 3800000
0.073364257812500 3793121
0.061340332031250 3800000
0.000000000000000 3799963
0.069396972656250 3800036
0.071899414062500 3800000
0.070312500000000 3799963
0.065673828125000 3800036
0.070373535156250 3799927
0.063720703125000 3800072
0.071044921875000 3800000
0.060546875000000 3800036
0.062744140625000 3799963
0.067687988281250 3800000
0.060058593750000 3800000
0.074157714843750 3800000
0.069885253906250 3800000
0.058532714843750 3800000
0.061584472656250 3800000
0.071411132812500 3800000
0.071838378906250 3799927
0.069396972656250 3800072
0.000000000000000 3799963
0.069824218750000 3800036
0.072753906250000 3799963
0.066345214843750 3800036
0.061706542968750 3800000
0.069030761718750 3799963
0.070800781250000 3800036
0.068420410156250 3800000
0.072143554687500 3799963
0.062683105468750 3800000
0.067443847656250 3800036
0.071777343750000 3799855
0.070861816406250 3800108
0.070068359375000 3800036
0.000000000000000 3799963
0.072814941406250 3800000
0.071411132812500 3800036
0.068603515625000 3800000
0.059082031250000 3800036
0.071777343750000 3799963
0.068420410156250 3800000
0.059448242187500 3800000
0.060485839843750 3800000
0.063903808593750 3799963
0.069091796875000 3799963
0.058654785156250 3800072
0.072753906250000 3800000
0.072692871093750 3800000
0.069702148437500 3800000
0.071411132812500 3800036
0.070617675781250 3799963
0.069458007812500 3800000
0.063476562500000 3800000
0.000000000000000 3800000
0.069396972656250 3800000
0.071655273437500 3799963
0.062500000000000 3800036
0.071350097656250 3800000
0.060974121093750 3800000
0.071228027343750 3800000
0.071655273437500 3800036
0.065917968750000 3799963
0.061401367187500 3800000
0.071533203125000 3799927
0.070007324218750 3789691
0.070739746093750 3800036
0.066650390625000 3799927
0.063232421875000 3800036
0.071350097656250 3800000
0.000000000000000 3799963
0.071838378906250 3799963
0.070312500000000 3800072
0.068359375000000 3800000
0.061523437500000 3800000
0.069946289062500 3800000
0.070129394531250 3800000
0.070251464843750 3800000
0.074035644531250 3800000
0.071228027343750 3799963
0.070373535156250 3800036
0.072204589843750 3800000
0.060607910156250 3799927
0.000000000000000 3800072
0.067138671875000 3800000
0.072082519531250 3799963
0.072753906250000 3800036
0.076049804687500 3800036
0.062500000000000 3799963
0.069519042968750 3800000
0.071166992187500 3799963
0.064392089843750 3800036
0.065612792968750 3793098
0.072021484375000 3799963
0.073547363281250 3800000
0.000000000000000 3800036
0.069519042968750 3794917
0.065185546875000 3794330
0.071411132812500 3797657
0.062255859375000 3794017
0.061462402343750 3795632
0.066711425781250 3800036
0.067993164062500 3800000
0.062255859375000 3799963
0.068786621093750 3799963
0.058715820312500 3800000
0.066345214843750 3800036
0.071350097656250 3800036
0.067993164062500 3800000
0.063781738281250 3799963
0.073364257812500 3800036
0.062011718750000 3800000
0.069152832031250 3800000
0.071105957031250 3799963
0.069152832031250 3800036
0.061950683593750 3800036
0.070373535156250 3799927
0.000000000000000 3800036
0.072998046875000 3800000
0.069458007812500 3799963
0.069763183593750 3800036
0.066955566406250 3800000
0.069335937500000 3796546
0.074035644531250 3800000
0.070007324218750 3800036
0.066650390625000 3789064
0.061889648437500 3800000
0.062500000000000 3799963
0.069335937500000 3800000
0.058593750000000 3796388
0.070007324218750 3800000
0.073059082031250 3800000
0.070312500000000 3800000
0.000000000000000 3800000
0.070129394531250 3800000
0.067749023437500 3799963
0.070617675781250 3800036
0.071289062500000 3800000
0.069213867187500 3799963
0.063537597656250 3800036
0.068786621093750 3800000
0.069396972656250 3799963
0.063171386718750 3800036
0.068115234375000 3800000
0.070800781250000 3800000
0.071533203125000 3800000
0.070190429687500 3799963
0.000000000000000 3800036
0.067504882812500 3800000
0.122375488281250 3799963
0.061889648437500 3800036
0.000000000000000 3800036
0.073608398437500 3799963
0.069641113281250 3799963
0.058898925781250 3800036
0.072082519531250 3800036
0.073852539062500 3799927
0.068786621093750 3800000
0.059387207031250 3800036
0.070800781250000 3799963
0.072570800781250 3800036
0.071350097656250 3800000
0.067504882812500 3799963
0.063171386718750 3800036
0.072937011718750 3800000
0.063232421875000 3800000
0.068542480468750 3800000
0.000000000000000 3799927
0.071777343750000 3800072
0.062866210937500 3800000
0.068542480468750 3800000
0.073669433593750 3799927
0.066223144531250 3800108
0.064086914062500 3800000
0.068176269531250 3799927
0.065124511718750 3800036
0.066040039062500 3800000
0.068664550781250 3800000
0.062438964843750 3750035
0.072143554687500 3800000
0.072448730468750 3800000
0.067932128906250 3800036
0.059814453125000 3799963
0.000000000000000 3800000
0.135009765625000 3800000
0.000000000000000 3800000
0.068237304687500 3800000
0.067382812500000 3800000
0.060852050781250 3799963
0.070739746093750 3800036
0.069885253906250 3800000
0.070129394531250 3800000
0.072875976562500 3800036
0.070800781250000 3799963
0.062194824218750 3800000
0.067565917968750 3800000
0.069519042968750 3800000
0.071350097656250 3800000
0.072265625000000 3799963
0.000000000000000 3800036
0.068481445312500 3800000
0.068298339843750 3800000
0.071105957031250 3800000
0.073242187500000 3800036
0.070373535156250 3799963
0.058898925781250 3800000
0.068725585937500 3800000
0.071838378906250 3800000
0.070800781250000 3797315
0.069641113281250 3799536
0.071899414062500 3800000
0.000000000000000 3799963
0.070739746093750 3796652
0.060668945312500 3800000
0.067321777343750 3799963
0.070983886718750 3800036
0.070068359375000 3800000
0.071105957031250 3800000
0.070800781250000 3800000
0.067443847656250 3800000
0.061767578125000 3799963
0.070434570312500 3799927
0.069946289062500 3800144
0.069152832031250 3799927
0.059326171875000 3800036
0.070312500000000 3800000
0.070861816406250 3799912
0.061401367187500 3783297
0.000000000000000 3788580
0.073608398437500 3799963
0.070434570312500 3792863
0.068420410156250 3799963
0.073608398437500 3800036
0.072509765625000 3800000
0.067932128906250 3799963
0.073181152343750 3800036
0.070983886718750 3800000
0.058898925781250 3800000
0.070739746093750 3799927
0.070922851562500 3800000
0.000000000000000 3800072
0.069580078125000 3799963
0.067016601562500 3798522
0.072448730468750 3799963
0.069519042968750 3800036
0.072937011718750 3800000
0.069458007812500 3799963
0.068908691406250 3795250
0.069274902343750 3794315
0.071838378906250 3800072
0.071166992187500 3797709
0.000000000000000 3791149
0.127014160156250 3799963
0.000000000000000 3800036
0.070251464843750 3800000
0.071655273437500 3799963
0.069519042968750 3800036
0.058410644531250 3800000
0.067871093750000 3799963
0.073364257812500 3800036
0.070495605468750 3799963
0.067565917968750 3793031
0.070495605468750 3800072
0.071228027343750 3800000
0.071350097656250 3800000
0.000000000000000 3800000
0.130004882812500 3799963
0.000000000000000 3799963
0.070495605468750 3800072
0.070983886718750 3799963
0.073364257812500 3796412
0.068542480468750 3799963
0.067932128906250 3799963
0.068725585937500 3800072
0.072937011718750 3800000
0.068420410156250 3800000
0.069458007812500 3800000
0.074462890625000 3799927
0.000000000000000 3800072
0.069335937500000 3799963
0.066955566406250 3800000
0.072021484375000 3799963
0.073608398437500 3796339
0.071594238281250 3799963
0.065490722656250 3800036
0.068969726562500 3795465
0.068237304687500 3797599
0.072204589843750 3800036
0.071838378906250 3799963
0.000000000000000 3800036
0.070556640625000 3799963
0.069763183593750 3799927
0.068847656250000 3800072
0.071289062500000 3799927
0.069946289062500 3796958
0.067932128906250 3783371
0.062438964843750 3788103
0.070312500000000 3800036
0.069091796875000 3792759
0.066101074218750 3800000
0.071472167968750 3800000
0.070922851562500 3796569
0.058776855468750 3800000
0.000000000000000 3800000
0.071594238281250 3800000
0.071411132812500 3800000
0.062133789062500 3800000
0.069702148437500 3795324
0.062683105468750 3796250
0.068969726562500 3800000
0.060363769531250 3800000
0.071411132812500 3800000
0.069702148437500 3800000
0.067504882812500 3800000
0.069335937500000 3800000
0.063293457031250 3799963
0.069396972656250 3800036
0.070190429687500 3800000
0.067626953125000 3800036
0.058288574218750 3799963
0.060791015625000 3799927
0.072021484375000 3800072
0.068420410156250 3800000
0.070007324218750 3800000
0.000000000000000 3799963
0.070617675781250 3800036
0.072326660156250 3799963
0.069641113281250 3800036
0.069396972656250 3800000
0.071777343750000 3800000
0.071960449218750 3799963
0.068176269531250 3800072
0.071105957031250 3799963
0.071411132812500 3799927
0.000000000000000 3800072
0.073303222656250 3800000
0.066833496093750 3799924
0.070739746093750 3800108
0.072448730468750 3799963
0.067504882812500 3799963
0.058471679687500 3800036
0.069152832031250 3800000
0.071655273437500 3789536
0.070434570312500 3800000
0.071289062500000 3800000
0.072692871093750 3799963
0.000000000000000 3800036
0.071899414062500 3800000
0.068725585937500 3799963
0.066101074218750 3800000
0.062683105468750 3800036
0.069641113281250 3799963
0.071350097656250 3800036
0.068786621093750 3800000
0.057739257812500 3799963
0.062927246093750 3800000
0.070495605468750 3800000
0.071044921875000 3800036
0.069152832031250 3786839
0.067199707031250 3799159
0.068237304687500 3799927
0.071289062500000 3800072
0.072509765625000 3800000
0.000000000000000 3799963
0.069824218750000 3800036
0.062561035156250 3800000
0.071960449218750 3798740
0.070373535156250 3798214
0.065612792968750 3799963
0.062133789062500 3796263
0.069824218750000 3800000
0.071105957031250 3800000
0.071533203125000 3800000
0.067871093750000 3800000
0.060974121093750 3799963
0.069946289062500 3800036
0.071228027343750 3800000
0.057617187500000 3794855
0.061218261718750 3787369
0.070861816406250 3799963
0.062133789062500 3800072
0.065551757812500 3791111
0.070800781250000 3794381
0.063049316406250 3800000
0.069580078125000 3794568
0.000000000000000 3784073
0.068359375000000 3800000
0.069580078125000 3800000
0.071228027343750 3800000
0.069641113281250 3799963
0.058166503906250 3800036
0.071655273437500 3797231
0.071594238281250 3785144
0.072326660156250 3799963
0.071105957031250 3799963
0.067138671875000 3800036
0.071716308593750 3800036
0.000000000000000 3799927
0.074645996093750 3800072
0.071533203125000 3799963
0.066894531250000 3799963
0.062622070312500 3800108
0.069030761718750 3793639
0.062622070312500 3800000
0.058410644531250 3800000
0.061096191406250 3799963
0.070068359375000 3800000
0.070556640625000 3800036
0.073852539062500 3800000
0.067199707031250 3800036
0.061828613281250 3799927
0.069335937500000 3800036
0.061828613281250 3800000
0.066589355468750 3800000
0.070861816406250 3799963
0.070129394531250 3800036
0.070495605468750 3799963
0.000000000000000 3799963
0.073303222656250 3800108
0.069152832031250 3799963
0.070556640625000 3799963
0.068542480468750 3800036
0.063293457031250 3800000
0.067993164062500 3800000
0.070007324218750 3800000
0.074279785156250 3800000
0.067443847656250 3800000
0.070800781250000 3800000
0.071777343750000 3799963
0.000000000000000 3800036
0.069030761718750 3800000
0.070434570312500 3800000
0.075195312500000 3800000
0.070251464843750 3800000
0.069885253906250 3799927
0.073059082031250 3800036
0.070068359375000 3800036
0.059631347656250 3800000
0.068115234375000 3799963
0.074218750000000 3800036
0.000000000000000 3800000
0.129943847656250 3799927
0.000000000000000 3800072
0.071960449218750 3800000
0.071044921875000 3799963
0.065795898437500 3800036
0.061157226562500 3800000
0.063293457031250 3800000
0.067077636718750 3800000
0.068054199218750 3800036
0.071533203125000 3797865
0.073303222656250 3802062
0.071228027343750 3800036
0.068115234375000 3800000
0.067199707031250 3800000
0.069091796875000 3799963
0.000000000000000 3800036
0.072753906250000 3800000
0.070800781250000 3799963
0.070678710937500 3800036
0.066711425781250 3800000
0.070739746093750 3800000
0.072631835937500 3800000
0.069763183593750 3796631
0.068542480468750 3799927
0.063537597656250 3793142
0.071716308593750 3800000
0.068237304687500 3800000
0.000000000000000 3799963
0.070312500000000 3787961
0.070556640625000 3795784
0.072875976562500 3796591
0.068786621093750 3800000
0.060852050781250 3800000
0.070007324218750 3800000
0.062683105468750 3799927
0.068054199218750 3800072
0.071289062500000 3800000
0.070556640625000 3799963
0.070739746093750 3800036
0.058105468750000 3799927
0.068115234375000 3800072
0.072509765625000 3796489
0.000000000000000 3800036
0.069458007812500 3800000
0.061645507812500 3799963
0.072570800781250 3800036
0.067871093750000 3796600
0.068603515625000 3799963
0.072387695312500 3800036
0.059814453125000 3800000
0.067138671875000 3799963
0.071472167968750 3800036
0.070556640625000 3800036
0.062927246093750 3799927
0.066894531250000 3800000
0.069702148437500 3800036
0.073303222656250 3798257
0.060974121093750 3800108
0.060668945312500 3800000
0.069885253906250 3799963
0.000000000000000 3800036
0.072143554687500 3800000
0.070129394531250 3799963
0.059631347656250 3800036
0.070434570312500 3800000
0.072814941406250 3799963
0.071228027343750 3800036
0.069091796875000 3800000
0.059509277343750 3800000
0.068237304687500 3800000
0.073425292968750 3800000
0.069274902343750 3799963
0.069213867187500 3800036
0.000000000000000 3800036
0.073791503906250 3799927
0.070007324218750 3800000
0.071777343750000 3800036
0.067871093750000 3799963
0.068054199218750 3799927
0.069396972656250 3800108
0.069519042968750 3800000
0.072509765625000 3800000
0.060363769531250 3800000
0.061828613281250 3800000
0.061889648437500 3800000
0.058288574218750 3800000
0.070800781250000 3800000
0.072875976562500 3800000
0.068237304687500 3800000
0.070617675781250 3800000
0.070922851562500 3800000
0.059997558593750 3800000
0.000000000000000 3800000
0.069274902343750 3800036
0.068603515625000 3799963
0.070007324218750 3800000
0.071228027343750 3800000
0.072143554687500 3800000
0.067504882812500 3799963
0.070800781250000 3800000
0.071533203125000 3800036
0.070434570312500 3800000
0.069885253906250 3799963
0.070678710937500 3800036
0.000000000000000 3800000
0.072082519531250 3800000
0.068359375000000 3800000
0.062072753906250 3800000
0.072082519531250 3800000
0.060791015625000 3800000
0.065856933593750 3800000
0.071105957031250 3800000
0.062377929687500 3800000
0.068969726562500 3800036
0.058776855468750 3799963
0.071105957031250 3800036
0.063110351562500 3799927
0.069213867187500 3800036
0.069152832031250 3800000
0.068298339843750 3800000
0.069091796875000 3799963
0.074584960937500 3800036
0.000000000000000 3792520
0.070190429687500 3793631
0.069274902343750 3797837
0.067871093750000 3795287
0.062316894531250 3796051
0.063720703125000 3786440
0.071838378906250 3796522
0.068115234375000 3800000
0.066894531250000 3800036
0.062316894531250 3800000
0.069702148437500 3796569
0.070983886718750 3799963
0.070678710937500 3800036
0.068481445312500 3800000
0.070495605468750 3788911
0.070617675781250 3797197
0.000000000000000 3800000
0.069152832031250 3799963
0.066406250000000 3800036
0.062744140625000 3799963
0.071533203125000 3800000
0.072753906250000 3785474
0.069519042968750 3789801
0.066589355468750 3799963
0.070190429687500 3800000
0.071044921875000 3800000
0.073730468750000 3800036
0.067871093750000 3800000
0.059631347656250 3799963
0.071960449218750 3800036
0.000000000000000 3800000
0.071716308593750 3800000
0.070678710937500 3799963
0.058166503906250 3800036
0.071105957031250 3800000
0.071166992187500 3799927
0.070861816406250 3800072
0.070556640625000 3800000
0.067687988281250 3800036
0.071838378906250 3799927
0.069458007812500 3800036
0.072814941406250 3800000
0.000000000000000 3800000
0.070434570312500 3799963
0.058105468750000 3800036
0.071899414062500 3800000
0.071044921875000 3800000
0.070922851562500 3800000
0.067687988281250 3800000
0.061584472656250 3800000
0.070434570312500 3799963
0.067077636718750 3800036
0.057617187500000 3800000
0.071411132812500 3799963
0.071777343750000 3800036
0.070800781250000 3800000
0.069396972656250 3799963
0.058715820312500 3800036
0.071411132812500 3800000
0.000000000000000 3800000
0.071838378906250 3800000
0.070617675781250 3800000
0.069885253906250 3800000
0.060974121093750 3799963
0.071777343750000 3800000
0.070617675781250 3800036
0.067687988281250 3800000
0.069824218750000 3800000
0.072814941406250 3800000
0.071960449218750 3799963
0.071594238281250 3800036
0.000000000000000 3800036
0.070495605468750 3799963
0.068237304687500 3799963
0.069091796875000 3800036
0.069030761718750 3796301
0.073547363281250 3799963
0.075134277343750 3800036
0.067504882812500 3800000
0.065490722656250 3799963
0.068603515625000 3800036
0.062194824218750 3800000
0.069458007812500 3800000
0.070251464843750 3800000
0.000000000000000 3799963
0.068847656250000 3800036
0.070312500000000 3799963
0.074523925781250 3800000
0.068054199218750 3800000
0.071166992187500 3800000
0.067382812500000 3800036
0.073120117187500 3800000
0.070983886718750 3799963
0.068969726562500 3800036
0.069335937500000 3800000
0.000000000000000 3799963
0.069519042968750 3800000
0.062744140625000 3800000
0.066528320312500 3800072
0.061828613281250 3799963
0.073486328125000 3799963
0.067382812500000 3800000
0.062194824218750 3800036
0.070251464843750 3800000
0.075073242187500 3799927
0.068847656250000 3800072
0.067077636718750 3799963
0.068664550781250 3800036
0.070739746093750 3799963
0.071533203125000 3800000
0.000000000000000 3800072
0.069824218750000 3799963
0.070800781250000 3799963
0.069458007812500 3789215
0.068969726562500 3783371
0.065368652343750 3785196
0.059631347656250 3799927
0.073486328125000 3800072
0.071289062500000 3799927
0.068786621093750 3800036
0.071838378906250 3800036
0.072570800781250 3800000
0.068237304687500 3800000
0.062255859375000 3799963
0.000000000000000 3800036
0.070678710937500 3800000
0.069519042968750 3800000
0.072631835937500 3800036
0.067504882812500 3799963
0.059997558593750 3800000
0.069641113281250 3800036
0.064880371093750 3799963
0.067260742187500 3799963
0.071228027343750 3800036
0.071777343750000 3800000
0.061828613281250 3799963
0.058471679687500 3800072
0.068237304687500 3799927
0.072265625000000 3800036
0.069763183593750 3800000
0.061218261718750 3799963
0.072143554687500 3800000
0.000000000000000 3800036
0.129394531250000 3800000
0.000000000000000 3800000
0.072326660156250 3800000
0.073913574218750 3799963
0.067138671875000 3800036
0.067321777343750 3791833
0.070373535156250 3793831
0.074523925781250 3800036
0.072143554687500 3800000
0.067687988281250 3800000
0.059143066406250 3800000
0.070434570312500 3800000
0.062805175781250 3800000
0.068603515625000 3800036
0.058105468750000 3799963
0.068054199218750 3800000
0.000000000000000 3798500
0.073486328125000 3798051
0.070678710937500 3800000
0.069396972656250 3800036
0.071838378906250 3800000
0.068786621093750 3800000
0.059143066406250 3800000
0.069763183593750 3800000
0.071716308593750 3800000
0.071777343750000 3799963
0.068847656250000 3800036
0.069763183593750 3800000
0.000000000000000 3799963
0.072326660156250 3800036
0.069091796875000 3797534
0.070007324218750 3783333
0.058349609375000 3783299
0.066894531250000 3783365
0.071350097656250 3790852
0.072448730468750 3790079
0.061828613281250 3790233
0.059387207031250 3798024
0.070129394531250 3799963
0.062683105468750 3800036
0.067871093750000 3799963
0.069763183593750 3799963
0.070251464843750 3800072
0.071899414062500 3800000
0.069458007812500 3799963
0.066467285156250 3800036
0.000000000000000 3800000
0.072387695312500 3799963
0.069030761718750 3799963
0.073242187500000 3800036
0.066101074218750 3797829
0.067749023437500 3802207
0.070983886718750 3800000
0.070373535156250 3800000
0.072387695312500 3800000
0.066589355468750 3796790
0.062500000000000 3799963
0.070190429687500 3800036
0.060180664062500 3799963
0.072326660156250 3800000
0.073181152343750 3800036
0.000000000000000 3800000
0.068237304687500 3791852
0.070922851562500 3790558
0.072143554687500 3792001
0.068786621093750 3785708
0.068481445312500 3800000
0.060913085937500 3797909
0.070251464843750 3795180
0.071166992187500 3800036
0.070068359375000 3800000
0.069763183593750 3799963
0.071594238281250 3800036
0.000000000000000 3800000
0.068298339843750 3800000
0.071289062500000 3799963
0.071655273437500 3800000
0.067932128906250 3800036
0.066711425781250 3800000
0.070312500000000 3800000
0.062683105468750 3799963
0.071289062500000 3800036
0.070556640625000 3800000
0.067199707031250 3800000
0.070434570312500 3796613
0.000000000000000 3799963
0.072753906250000 3800036
0.072753906250000 3799963
0.069030761718750 3800000
0.068725585937500 3800036
0.070678710937500 3800000
0.070312500000000 3799927
0.071594238281250 3787049
0.069885253906250 3795578
0.061096191406250 3800036
0.067138671875000 3799963
0.070068359375000 3799963
0.072631835937500 3800036
0.000000000000000 3799927
0.068664550781250 3800072
0.058898925781250 3800000
0.069458007812500 3800000
0.072082519531250 3799963
0.060913085937500 3800036
0.070861816406250 3800000
0.070861816406250 3799963
0.060668945312500 3792241
0.072265625000000 3785417
0.068725585937500 3800036
0.059631347656250 3800000
0.072082519531250 3797653
0.070434570312500 3795275
0.067810058593750 3800000
0.066467285156250 3796600
0.000000000000000 3792336
0.073730468750000 3798436
0.071350097656250 3800000
0.072143554687500 3800000
0.068847656250000 3800000
0.062622070312500 3799963
0.070678710937500 3800036
0.068359375000000 3800000
0.072448730468750 3786139
0.072509765625000 3800036
0.067626953125000 3800000
0.071044921875000 3799963
0.000000000000000 3800036
0.073547363281250 3800000
0.067077636718750 3789182
0.071899414062500 3796616
0.071655273437500 3796178
0.060241699218750 3783336
0.066650390625000 3792593
0.071472167968750 3800000
0.071777343750000 3799963
0.069641113281250 3796640
0.067993164062500 3800000
0.070434570312500 3799927
0.072143554687500 3798833
0.059997558593750 3791054
0.069641113281250 3799727
0.060852050781250 3799963
0.000000000000000 3799963
0.071105957031250 3800072
0.072326660156250 3800000
0.070922851562500 3800000
0.057556152343750 3799963
0.072448730468750 3799963
0.071655273437500 3800072
0.073242187500000 3800000
0.069396972656250 3800000
0.066101074218750 3800000
0.061035156250000 3799927
0.072387695312500 3800072
0.070190429687500 3799927
0.065795898437500 3800072
0.060791015625000 3800000
0.000000000000000 3796643
0.073486328125000 3799963
0.071960449218750 3800000
0.069335937500000 3800036
0.058776855468750 3799855
0.069763183593750 3800144
0.072509765625000 3800000
0.070007324218750 3799963
0.067871093750000 3800000
0.069519042968750 3800000
0.074340820312500 3800036
0.068725585937500 3800000
0.067016601562500 3800000
0.000000000000000 3800000
0.069763183593750 3800000
0.063476562500000 3800000
0.071289062500000 3799963
0.070495605468750 3800036
0.071411132812500 3838511
0.065429687500000 3999923
0.068481445312500 4000114
0.076904296875000 3999961
0.076782226562500 4000000
0.078430175781250 4000038
0.078491210937500 4000000
0.076416015625000 4000000
0.079040527343750 3999961
0.073974609375000 4000038
0.000000000000000 4000000
0.077026367187500 4000000
0.075866699218750 4000000
0.078308105468750 4000000
0.076599121093750 4000000
0.074462890625000 3999961
0.078186035156250 4000038
0.076171875000000 4000000
0.075866699218750 3999961
0.076538085937500 4000000
0.076660156250000 4000038
0.076293945312500 3999961
0.076232910156250 4000038
0.000000000000000 4000000
0.078674316406250 3999961
0.077209472656250 4000000
0.078430175781250 4000000
0.075561523437500 4000038
0.068054199218750 4000000
0.077209472656250 3999961
0.075500488281250 4000000
0.082946777343750 4000000
0.075561523437500 3999961
0.078002929687500 4000076
0.075195312500000 4000000
0.079528808593750 3999923
0.000000000000000 4000038
0.080200195312500 3999961
0.075805664062500 4000038
0.076721191406250 4000038
0.077331542968750 4000000
0.079040527343750 3999961
0.076171875000000 3999923
0.079284667968750 4000076
0.077392578125000 4000000
0.076599121093750 4000038
0.079833984375000 3999961
0.000000000000000 3999961
0.076232910156250 4000038
0.077758789062500 4000000
0.074096679687500 4000000
0.079040527343750 4000000
0.079040527343750 4000000
0.079345703125000 4000076
0.077087402343750 3999961
0.079772949218750 3999961
0.075622558593750 4000038
0.077636718750000 3999923
0.077941894531250 4000076
0.000000000000000 4000000
0.079589843750000 3999961
0.077880859375000 4000038
0.077453613281250 4000000
0.077453613281250 3999961
0.078308105468750 3999961
0.079406738281250 4000076
0.075561523437500 4000000
0.079956054687500 3999961
0.077087402343750 4000000
0.076477050781250 3999961
0.000000000000000 4000039
0.077697753906250 4000000
0.077331542968750 4000038
0.077575683593750 3999961
0.076354980468750 4000000
0.069458007812500 4000038
0.077026367187500 4000000
0.076721191406250 4000000
0.075134277343750 3999961
0.076904296875000 4000038
0.076599121093750 4000000
0.078369140625000 4000000
0.078979492187500 3999961
0.073913574218750 4000038
0.000000000000000 4000000
0.081054687500000 3999961
0.075317382812500 4000038
0.077270507812500 4000038
0.075195312500000 3999923
0.078857421875000 4000000
0.078063964843750 3999961
0.075317382812500 4000076
0.077148437500000 4000000
0.077453613281250 3999961
0.077819824218750 4000000
0.076110839843750 4000038
0.078979492187500 4000038
0.000000000000000 3999923
0.077270507812500 4000038
0.074951171875000 4000000
0.070007324218750 3999961
0.074951171875000 4000038
0.078613281250000 4000000
0.074340820312500 3999961
0.076965332031250 4000000
0.074645996093750 4000038
0.078857421875000 4000000
0.074951171875000 3999961
0.075439453125000 4000000
0.068603515625000 3999960
0.075744628906250 4000114
0.074707031250000 3999923
0.075927734375000 3999961
0.068542480468750 4000076
0.078552246093750 3999961
0.076721191406250 4000038
0.000000000000000 4000000
0.077575683593750 3999885
0.074829101562500 4000114
0.079345703125000 3999885
0.077941894531250 4000152
0.076477050781250 3999847
0.078247070312500 4000076
0.078125000000000 4000000
0.078857421875000 4000000
0.076721191406250 4000000
0.077087402343750 4000038
0.075988769531250 4000000
0.068725585937500 3999961
0.000000000000000 4000039
0.076477050781250 3999961
0.079040527343750 4000038
0.077636718750000 3999961
0.076171875000000 4000000
0.077758789062500 4000000
0.075927734375000 4000000
0.077087402343750 4000000
0.076293945312500 4000038
0.081237792968750 4000000
0.078308105468750 4000000
0.075256347656250 4000000
0.076232910156250 3999961
0.000000000000000 4000000
0.076171875000000 4000038
0.078186035156250 3999961
0.075561523437500 4000038
0.077087402343750 4000000
0.078186035156250 3999961
0.077026367187500 4000038
0.076171875000000 4000000
0.077636718750000 4000000
0.076904296875000 4000000
0.076843261718750 4000000
0.078308105468750 4000000
0.078735351562500 3999923
0.000000000000000 4000076
0.079528808593750 4000000
0.068908691406250 3999961
0.073120117187500 4000000
0.077636718750000 4000038
0.076171875000000 4000000
0.069458007812500 3922835
0.065795898437500 3784726
0.079528808593750 3783367
0.078002929687500 3783334
0.071105957031250 3783258
0.067016601562500 3783369
0.069519042968750 3792841
0.064208984375000 3797571
0.065795898437500 3786361
0.071228027343750 3791879
0.065246582031250 3798529
0.065429687500000 3797150
0.066223144531250 3786691
0.000000000000000 3785675
0.074462890625000 3791155
0.068115234375000 3800000
0.067810058593750 3799963
0.063476562500000 3800000
0.075256347656250 3800000
0.070800781250000 3800036
0.075256347656250 3799963
0.071350097656250 3800036
0.070129394531250 3800000
0.069335937500000 3800000
0.063049316406250 3800000
0.069885253906250 3799963
0.072875976562500 3800036
0.071350097656250 3800000
0.070922851562500 3800000
0.000000000000000 3799963
0.073120117187500 3796880
0.072021484375000 3786799
0.070922851562500 3792062
0.070129394531250 3800000
0.073791503906250 3799963
0.068542480468750 3800036
0.063659667968750 3799963
0.068725585937500 3794310
0.062500000000000 3783369
0.071838378906250 3792765
0.072753906250000 3800000
0.070312500000000 3799963
0.070861816406250 3800036
0.072631835937500 3800000
0.000000000000000 3797865
0.071594238281250 3802062
0.072570800781250 3800072
0.071228027343750 3800000
0.070861816406250 3788606
0.070983886718750 3796109
0.062805175781250 3800000
0.070617675781250 3800000
0.069519042968750 3798910
0.070129394531250 3787082
0.068786621093750 3800000
0.063232421875000 3800000
0.071655273437500 3800000
0.069702148437500 3800000
0.063842773437500 3797508
0.069335937500000 3795422
0.072753906250000 3794942
0.000000000000000 3785457
0.069885253906250 3799305
0.069885253906250 3793154
0.070556640625000 3799924
0.062561035156250 3800072
0.072875976562500 3800000
0.070373535156250 3789382
0.070434570312500 3786811
0.069091796875000 3791807
0.064819335937500 3800036
0.069396972656250 3799927
0.071960449218750 3794511
0.073425292968750 3798292
0.063842773437500 3790580
0.073913574218750 3792646
0.069091796875000 3796622
0.000000000000000 3793081
0.072509765625000 3791883
0.069885253906250 3800000
0.074707031250000 3796917
0.065246582031250 3793341
0.067687988281250 3788253
0.065612792968750 3799963
0.076049804687500 3792883
0.068725585937500 3800000
0.070556640625000 3797710
0.071533203125000 3792486
0.071105957031250 3786572
0.070922851562500 3800072
0.069396972656250 3799963
0.000000000000000 3789221
0.137268066406250 3797364
0.000000000000000 3800000
0.069519042968750 3800000
0.064270019531250 3800000
0.071838378906250 3800000
0.072692871093750 3799963
0.068298339843750 3800036
0.073364257812500 3796591
0.070251464843750 3800000
0.068359375000000 3800000
0.069458007812500 3800000
0.070251464843750 3797043
0.072937011718750 3793103
0.070922851562500 3800036
0.071105957031250 3799963
0.069824218750000 3800036
0.000000000000000 3796591
0.073852539062500 3799963
0.071289062500000 3800036
0.069213867187500 3800000
0.071472167968750 3800000
0.070556640625000 3800000
0.071105957031250 3800000
0.069091796875000 3800000
0.072082519531250 3800000
0.071594238281250 3799927
0.071716308593750 3800072
0.062500000000000 3800036
0.070495605468750 3799963
0.069458007812500 3799927
0.000000000000000 3800072
0.069274902343750 3800036
0.073059082031250 3799963
0.073181152343750 3800000
0.071228027343750 3800000
0.070800781250000 3787605
0.071777343750000 3798459
0.070800781250000 3800000
0.068725585937500 3800036
0.071594238281250 3799963
0.070007324218750 3800000
0.070129394531250 3800000
0.070190429687500 3798846
0.000000000000000 3797699
0.069152832031250 3799899
0.071533203125000 3795641
0.070434570312500 3800000
0.069885253906250 3800000
0.070861816406250 3786136
0.070251464843750 3800000
0.072387695312500 3793093
0.069396972656250 3789346
0.073425292968750 3800000
0.069519042968750 3800000
0.072448730468750 3800036
0.000000000000000 3800000
0.073181152343750 3795717
0.068420410156250 3783330
0.071166992187500 3799744
0.068664550781250 3800036
0.071716308593750 3800000
0.073120117187500 3800000
0.069519042968750 3799963
0.071716308593750 3800000
0.069702148437500 3799963
0.071838378906250 3800072
0.070312500000000 3799927
0.072143554687500 3800072
0.000000000000000 3799963
0.072692871093750 3800000
0.073547363281250 3800036
0.071228027343750 3800000
0.070556640625000 3800000
0.070129394531250 3800000
0.069641113281250 3800000
0.071533203125000 3799927
0.069030761718750 3800072
0.073059082031250 3800000
0.071716308593750 3800000
0.069702148437500 3800000
0.062805175781250 3800000
0.069458007812500 3799963
0.070373535156250 3800000
0.000000000000000 3800036
0.069519042968750 3799963
0.074096679687500 3796683
0.071166992187500 3799767
0.072448730468750 3794951
0.070373535156250 3791206
0.071594238281250 3796371
0.072509765625000 3792730
0.071044921875000 3800000
0.070861816406250 3800000
0.071105957031250 3800000
0.063049316406250 3800000
0.071960449218750 3800000
0.000000000000000 3800000
0.069641113281250 3800000
0.072631835937500 3800000
0.072509765625000 3800000
0.070251464843750 3800000
0.069824218750000 3800000
0.070434570312500 3800000
0.073303222656250 3800000
0.070617675781250 3800000
0.071838378906250 3797938
0.069030761718750 3798843
0.070434570312500 3789014
0.070739746093750 3800000
0.000000000000000 3792111
0.072326660156250 3783333
0.070922851562500 3793176
0.070983886718750 3788002
0.071655273437500 3783402
0.070983886718750 3789738
0.070007324218750 3800036
